cohort,replicate,module,phase,seed,status,error_message,unique_sampled_people,elapsed_seconds
CHARLS,1,recovery_phase,final,183001,valid,"",8135,0.0799999999999983
CHARLS,1,wealth_by_sex,final,183001,valid,"",8135,7.03
CHARLS,1,wealth_within_low_education,final,183001,valid,"",8135,3.27
CHARLS,2,recovery_phase,final,183002,valid,"",8190,0.0500000000000007
CHARLS,2,wealth_by_sex,final,183002,valid,"",8190,6.55
CHARLS,2,wealth_within_low_education,final,183002,failed,invalid standardized hazard: module=wealth_within_low_education process=death_pre origin=I0 stratum=all ses=high age=92,8190,1.47
CHARLS,3,recovery_phase,final,183003,valid,"",8211,0.0399999999999991
CHARLS,3,wealth_by_sex,final,183003,valid,"",8211,6.49
CHARLS,3,wealth_within_low_education,final,183003,valid,"",8211,3.2
CHARLS,4,recovery_phase,final,183004,valid,"",8207,0.0399999999999991
CHARLS,4,wealth_by_sex,final,183004,valid,"",8207,6.39
CHARLS,4,wealth_within_low_education,final,183004,valid,"",8207,3.33000000000001
CHARLS,5,recovery_phase,final,183005,valid,"",8136,0.0500000000000043
CHARLS,5,wealth_by_sex,final,183005,valid,"",8136,6.58
CHARLS,5,wealth_within_low_education,final,183005,valid,"",8136,3.25
CHARLS,6,recovery_phase,final,183006,valid,"",8188,0.0499999999999972
CHARLS,6,wealth_by_sex,final,183006,valid,"",8188,6.61
CHARLS,6,wealth_within_low_education,final,183006,valid,"",8188,3.27
CHARLS,7,recovery_phase,final,183007,valid,"",8161,0.0499999999999972
CHARLS,7,wealth_by_sex,final,183007,valid,"",8161,6.42
CHARLS,7,wealth_within_low_education,final,183007,valid,"",8161,3.27
CHARLS,8,recovery_phase,final,183008,valid,"",8153,0.0600000000000023
CHARLS,8,wealth_by_sex,final,183008,valid,"",8153,6.56
CHARLS,8,wealth_within_low_education,final,183008,valid,"",8153,3.15000000000001
CHARLS,9,recovery_phase,final,183009,valid,"",8137,0.0499999999999972
CHARLS,9,wealth_by_sex,final,183009,valid,"",8137,6.67
CHARLS,9,wealth_within_low_education,final,183009,valid,"",8137,3.27
CHARLS,10,recovery_phase,final,183010,valid,"",8164,0.0499999999999972
CHARLS,10,wealth_by_sex,final,183010,valid,"",8164,6.44
CHARLS,10,wealth_within_low_education,final,183010,valid,"",8164,3.05
CHARLS,11,recovery_phase,final,183011,valid,"",8140,0.0300000000000011
CHARLS,11,wealth_by_sex,final,183011,valid,"",8140,6.03
CHARLS,11,wealth_within_low_education,final,183011,valid,"",8140,2.90000000000001
CHARLS,12,recovery_phase,final,183012,valid,"",8163,0.0400000000000063
CHARLS,12,wealth_by_sex,final,183012,valid,"",8163,5.83
CHARLS,12,wealth_within_low_education,final,183012,valid,"",8163,3.14
CHARLS,13,recovery_phase,final,183013,valid,"",8149,0.0500000000000114
CHARLS,13,wealth_by_sex,final,183013,valid,"",8149,5.71999999999999
CHARLS,13,wealth_within_low_education,final,183013,valid,"",8149,2.94
CHARLS,14,recovery_phase,final,183014,valid,"",8091,0.0500000000000114
CHARLS,14,wealth_by_sex,final,183014,valid,"",8091,5.04999999999998
CHARLS,14,wealth_within_low_education,final,183014,valid,"",8091,2.61000000000001
CHARLS,15,recovery_phase,final,183015,valid,"",8172,0.0300000000000011
CHARLS,15,wealth_by_sex,final,183015,valid,"",8172,5.04999999999998
CHARLS,15,wealth_within_low_education,final,183015,valid,"",8172,2.53999999999999
CHARLS,16,recovery_phase,final,183016,valid,"",8153,0.0500000000000114
CHARLS,16,wealth_by_sex,final,183016,valid,"",8153,5.12000000000001
CHARLS,16,wealth_within_low_education,final,183016,valid,"",8153,2.59
CHARLS,17,recovery_phase,final,183017,valid,"",8169,0.049999999999983
CHARLS,17,wealth_by_sex,final,183017,valid,"",8169,5.13
CHARLS,17,wealth_within_low_education,final,183017,valid,"",8169,2.50999999999999
CHARLS,18,recovery_phase,final,183018,valid,"",8171,0.039999999999992
CHARLS,18,wealth_by_sex,final,183018,valid,"",8171,5.13999999999999
CHARLS,18,wealth_within_low_education,final,183018,valid,"",8171,2.56
CHARLS,19,recovery_phase,final,183019,valid,"",8126,0.049999999999983
CHARLS,19,wealth_by_sex,final,183019,failed,invalid standardized hazard: module=wealth_by_sex process=death_pre origin=I0 stratum=male ses=high age=90,8126,2.20000000000002
CHARLS,19,wealth_within_low_education,final,183019,failed,invalid standardized hazard: module=wealth_within_low_education process=death_pre origin=I0 stratum=all ses=high age=92,8126,1.10000000000002
CHARLS,20,recovery_phase,final,183020,valid,"",8241,0.0500000000000114
CHARLS,20,wealth_by_sex,final,183020,valid,"",8241,5.24000000000001
CHARLS,20,wealth_within_low_education,final,183020,valid,"",8241,2.64999999999998
CHARLS,21,recovery_phase,final,183021,valid,"",8178,0.049999999999983
CHARLS,21,wealth_by_sex,final,183021,valid,"",8178,5.07999999999998
CHARLS,21,wealth_within_low_education,final,183021,valid,"",8178,2.52000000000001
CHARLS,22,recovery_phase,final,183022,valid,"",8205,0.0500000000000114
CHARLS,22,wealth_by_sex,final,183022,valid,"",8205,5.08000000000001
CHARLS,22,wealth_within_low_education,final,183022,valid,"",8205,2.58000000000001
CHARLS,23,recovery_phase,final,183023,valid,"",8124,0.0400000000000205
CHARLS,23,wealth_by_sex,final,183023,valid,"",8124,5.26999999999998
CHARLS,23,wealth_within_low_education,final,183023,valid,"",8124,2.60999999999999
CHARLS,24,recovery_phase,final,183024,valid,"",8215,0.039999999999992
CHARLS,24,wealth_by_sex,final,183024,valid,"",8215,5
CHARLS,24,wealth_within_low_education,final,183024,valid,"",8215,2.57999999999998
CHARLS,25,recovery_phase,final,183025,valid,"",8207,0.0500000000000114
CHARLS,25,wealth_by_sex,final,183025,valid,"",8207,5.16
CHARLS,25,wealth_within_low_education,final,183025,valid,"",8207,2.53999999999999
CHARLS,26,recovery_phase,final,183026,valid,"",8123,0.0400000000000205
CHARLS,26,wealth_by_sex,final,183026,valid,"",8123,5.09
CHARLS,26,wealth_within_low_education,final,183026,valid,"",8123,2.58000000000001
CHARLS,27,recovery_phase,final,183027,valid,"",8163,0.039999999999992
CHARLS,27,wealth_by_sex,final,183027,valid,"",8163,5.56
CHARLS,27,wealth_within_low_education,final,183027,valid,"",8163,2.56
CHARLS,28,recovery_phase,final,183028,valid,"",8156,0.039999999999992
CHARLS,28,wealth_by_sex,final,183028,valid,"",8156,5.13
CHARLS,28,wealth_within_low_education,final,183028,valid,"",8156,2.83999999999998
CHARLS,29,recovery_phase,final,183029,valid,"",8206,0.0399999999999636
CHARLS,29,wealth_by_sex,final,183029,valid,"",8206,5.06
CHARLS,29,wealth_within_low_education,final,183029,valid,"",8206,2.56999999999999
CHARLS,30,recovery_phase,final,183030,valid,"",8137,0.0500000000000114
CHARLS,30,wealth_by_sex,final,183030,valid,"",8137,5.08000000000004
CHARLS,30,wealth_within_low_education,final,183030,valid,"",8137,2.46000000000004
CHARLS,31,recovery_phase,final,183031,valid,"",8095,0.0499999999999545
CHARLS,31,wealth_by_sex,final,183031,valid,"",8095,4.93000000000001
CHARLS,31,wealth_within_low_education,final,183031,valid,"",8095,2.47000000000003
CHARLS,32,recovery_phase,final,183032,valid,"",8211,0.0500000000000114
CHARLS,32,wealth_by_sex,final,183032,valid,"",8211,4.99000000000001
CHARLS,32,wealth_within_low_education,final,183032,valid,"",8211,2.54000000000002
CHARLS,33,recovery_phase,final,183033,valid,"",8135,0.0300000000000296
CHARLS,33,wealth_by_sex,final,183033,valid,"",8135,4.92000000000002
CHARLS,33,wealth_within_low_education,final,183033,valid,"",8135,2.52000000000004
CHARLS,34,recovery_phase,final,183034,valid,"",8191,0.0300000000000296
CHARLS,34,wealth_by_sex,final,183034,valid,"",8191,5.55000000000001
CHARLS,34,wealth_within_low_education,final,183034,valid,"",8191,2.70000000000005
CHARLS,35,recovery_phase,final,183035,valid,"",8179,0.0500000000000114
CHARLS,35,wealth_by_sex,final,183035,valid,"",8179,5.25
CHARLS,35,wealth_within_low_education,final,183035,valid,"",8179,2.56
CHARLS,36,recovery_phase,final,183036,valid,"",8171,0.0300000000000296
CHARLS,36,wealth_by_sex,final,183036,valid,"",8171,5.45999999999998
CHARLS,36,wealth_within_low_education,final,183036,failed,invalid standardized hazard: module=wealth_within_low_education process=death_pre origin=I0 stratum=all ses=high age=89,8171,1.31
CHARLS,37,recovery_phase,final,183037,valid,"",8098,0.0400000000000205
CHARLS,37,wealth_by_sex,final,183037,valid,"",8098,4.98999999999995
CHARLS,37,wealth_within_low_education,final,183037,valid,"",8098,2.51999999999998
CHARLS,38,recovery_phase,final,183038,valid,"",8156,0.0400000000000205
CHARLS,38,wealth_by_sex,final,183038,valid,"",8156,5.25
CHARLS,38,wealth_within_low_education,final,183038,valid,"",8156,2.51999999999998
CHARLS,39,recovery_phase,final,183039,valid,"",8170,0.0400000000000205
CHARLS,39,wealth_by_sex,final,183039,valid,"",8170,5.05000000000001
CHARLS,39,wealth_within_low_education,final,183039,valid,"",8170,2.82999999999998
CHARLS,40,recovery_phase,final,183040,valid,"",8183,0.0500000000000114
CHARLS,40,wealth_by_sex,final,183040,valid,"",8183,5.84000000000003
CHARLS,40,wealth_within_low_education,final,183040,valid,"",8183,3.5
CHARLS,41,recovery_phase,final,183041,valid,"",8156,0.0500000000000114
CHARLS,41,wealth_by_sex,final,183041,valid,"",8156,6.15000000000003
CHARLS,41,wealth_within_low_education,final,183041,valid,"",8156,3.22000000000003
CHARLS,42,recovery_phase,final,183042,valid,"",8210,0.0400000000000205
CHARLS,42,wealth_by_sex,final,183042,valid,"",8210,6.08999999999998
CHARLS,42,wealth_within_low_education,final,183042,valid,"",8210,3.03000000000003
CHARLS,43,recovery_phase,final,183043,valid,"",8139,0.0500000000000114
CHARLS,43,wealth_by_sex,final,183043,valid,"",8139,6.06999999999999
CHARLS,43,wealth_within_low_education,final,183043,valid,"",8139,3.06999999999999
CHARLS,44,recovery_phase,final,183044,valid,"",8236,0.0699999999999932
CHARLS,44,wealth_by_sex,final,183044,valid,"",8236,5.88
CHARLS,44,wealth_within_low_education,final,183044,valid,"",8236,3.02000000000004
CHARLS,45,recovery_phase,final,183045,valid,"",8203,0.0600000000000023
CHARLS,45,wealth_by_sex,final,183045,valid,"",8203,6.06
CHARLS,45,wealth_within_low_education,final,183045,valid,"",8203,3.08000000000004
CHARLS,46,recovery_phase,final,183046,valid,"",8149,0.0299999999999727
CHARLS,46,wealth_by_sex,final,183046,valid,"",8149,5.63999999999999
CHARLS,46,wealth_within_low_education,final,183046,valid,"",8149,2.82999999999998
CHARLS,47,recovery_phase,final,183047,valid,"",8186,0.0299999999999727
CHARLS,47,wealth_by_sex,final,183047,valid,"",8186,5.35000000000002
CHARLS,47,wealth_within_low_education,final,183047,valid,"",8186,2.5
CHARLS,48,recovery_phase,final,183048,valid,"",8150,0.0300000000000296
CHARLS,48,wealth_by_sex,final,183048,valid,"",8150,5.03000000000003
CHARLS,48,wealth_within_low_education,final,183048,valid,"",8150,2.52000000000004
CHARLS,49,recovery_phase,final,183049,valid,"",8157,0.0400000000000205
CHARLS,49,wealth_by_sex,final,183049,valid,"",8157,5.09999999999997
CHARLS,49,wealth_within_low_education,final,183049,valid,"",8157,2.68000000000001
CHARLS,50,recovery_phase,final,183050,valid,"",8139,0.0500000000000114
CHARLS,50,wealth_by_sex,final,183050,valid,"",8139,5.03000000000003
CHARLS,50,wealth_within_low_education,final,183050,valid,"",8139,2.62
CHARLS,51,recovery_phase,final,183051,valid,"",8153,0.0399999999999636
CHARLS,51,wealth_by_sex,final,183051,valid,"",8153,5.19999999999999
CHARLS,51,wealth_within_low_education,final,183051,valid,"",8153,2.68000000000001
CHARLS,52,recovery_phase,final,183052,valid,"",8166,0.0400000000000205
CHARLS,52,wealth_by_sex,final,183052,valid,"",8166,5.22000000000003
CHARLS,52,wealth_within_low_education,final,183052,valid,"",8166,2.5
CHARLS,53,recovery_phase,final,183053,valid,"",8139,0.0500000000000114
CHARLS,53,wealth_by_sex,final,183053,valid,"",8139,5.15999999999997
CHARLS,53,wealth_within_low_education,final,183053,valid,"",8139,2.52999999999997
CHARLS,54,recovery_phase,final,183054,valid,"",8108,0.0299999999999727
CHARLS,54,wealth_by_sex,final,183054,valid,"",8108,5.11000000000001
CHARLS,54,wealth_within_low_education,final,183054,valid,"",8108,2.59000000000003
CHARLS,55,recovery_phase,final,183055,valid,"",8161,0.0300000000000296
CHARLS,55,wealth_by_sex,final,183055,valid,"",8161,4.94999999999999
CHARLS,55,wealth_within_low_education,final,183055,valid,"",8161,2.59000000000003
CHARLS,56,recovery_phase,final,183056,valid,"",8156,0.0500000000000114
CHARLS,56,wealth_by_sex,final,183056,valid,"",8156,5.86000000000001
CHARLS,56,wealth_within_low_education,final,183056,valid,"",8156,2.86000000000001
CHARLS,57,recovery_phase,final,183057,valid,"",8156,0.0500000000000114
CHARLS,57,wealth_by_sex,final,183057,valid,"",8156,5.97999999999996
CHARLS,57,wealth_within_low_education,final,183057,valid,"",8156,2.89999999999998
CHARLS,58,recovery_phase,final,183058,valid,"",8238,0.0300000000000296
CHARLS,58,wealth_by_sex,final,183058,valid,"",8238,5.12000000000001
CHARLS,58,wealth_within_low_education,final,183058,valid,"",8238,2.79999999999995
CHARLS,59,recovery_phase,final,183059,valid,"",8190,0.0500000000000114
CHARLS,59,wealth_by_sex,final,183059,valid,"",8190,5.45000000000005
CHARLS,59,wealth_within_low_education,final,183059,valid,"",8190,2.59000000000003
CHARLS,60,recovery_phase,final,183060,valid,"",8137,0.0499999999999545
CHARLS,60,wealth_by_sex,final,183060,valid,"",8137,5.04000000000002
CHARLS,60,wealth_within_low_education,final,183060,valid,"",8137,2.67000000000007
CHARLS,61,recovery_phase,final,183061,valid,"",8130,0.0299999999999727
CHARLS,61,wealth_by_sex,final,183061,valid,"",8130,5.1099999999999
CHARLS,61,wealth_within_low_education,final,183061,valid,"",8130,2.59000000000003
CHARLS,62,recovery_phase,final,183062,valid,"",8145,0.0500000000000682
CHARLS,62,wealth_by_sex,final,183062,valid,"",8145,5.16000000000008
CHARLS,62,wealth_within_low_education,final,183062,valid,"",8145,3.11000000000001
CHARLS,63,recovery_phase,final,183063,valid,"",8113,0.0699999999999363
CHARLS,63,wealth_by_sex,final,183063,valid,"",8113,7.44000000000006
CHARLS,63,wealth_within_low_education,final,183063,valid,"",8113,3.38999999999999
CHARLS,64,recovery_phase,final,183064,valid,"",8127,0.0599999999999454
CHARLS,64,wealth_by_sex,final,183064,valid,"",8127,8.25
CHARLS,64,wealth_within_low_education,final,183064,valid,"",8127,4.25
CHARLS,65,recovery_phase,final,183065,valid,"",8130,0.0699999999999363
CHARLS,65,wealth_by_sex,final,183065,valid,"",8130,9.34000000000003
CHARLS,65,wealth_within_low_education,final,183065,valid,"",8130,4.47000000000003
CHARLS,66,recovery_phase,final,183066,valid,"",8077,0.0599999999999454
CHARLS,66,wealth_by_sex,final,183066,valid,"",8077,9.79999999999995
CHARLS,66,wealth_within_low_education,final,183066,valid,"",8077,4.54999999999996
CHARLS,67,recovery_phase,final,183067,valid,"",8218,0.0699999999999363
CHARLS,67,wealth_by_sex,final,183067,valid,"",8218,9.67999999999995
CHARLS,67,wealth_within_low_education,final,183067,valid,"",8218,4.77999999999997
CHARLS,68,recovery_phase,final,183068,valid,"",8178,0.07000000000005
CHARLS,68,wealth_by_sex,final,183068,valid,"",8178,8.13
CHARLS,68,wealth_within_low_education,final,183068,valid,"",8178,4.19000000000005
CHARLS,69,recovery_phase,final,183069,valid,"",8154,0.0599999999999454
CHARLS,69,wealth_by_sex,final,183069,valid,"",8154,9.70999999999992
CHARLS,69,wealth_within_low_education,final,183069,valid,"",8154,4.75999999999999
CHARLS,70,recovery_phase,final,183070,valid,"",8093,0.07000000000005
CHARLS,70,wealth_by_sex,final,183070,valid,"",8093,9.88999999999999
CHARLS,70,wealth_within_low_education,final,183070,valid,"",8093,4.78999999999996
CHARLS,71,recovery_phase,final,183071,valid,"",8127,0.0599999999999454
CHARLS,71,wealth_by_sex,final,183071,valid,"",8127,9.61000000000001
CHARLS,71,wealth_within_low_education,final,183071,valid,"",8127,4.61000000000001
CHARLS,72,recovery_phase,final,183072,valid,"",8148,0.0399999999999636
CHARLS,72,wealth_by_sex,final,183072,valid,"",8148,9.34999999999991
CHARLS,72,wealth_within_low_education,final,183072,valid,"",8148,4.18999999999994
CHARLS,73,recovery_phase,final,183073,valid,"",8107,0.0599999999999454
CHARLS,73,wealth_by_sex,final,183073,valid,"",8107,9.16999999999996
CHARLS,73,wealth_within_low_education,final,183073,valid,"",8107,4.98000000000002
CHARLS,74,recovery_phase,final,183074,valid,"",8124,0.0800000000000409
CHARLS,74,wealth_by_sex,final,183074,valid,"",8124,9.30999999999995
CHARLS,74,wealth_within_low_education,final,183074,valid,"",8124,4.70000000000005
CHARLS,75,recovery_phase,final,183075,valid,"",8103,0.0600000000000591
CHARLS,75,wealth_by_sex,final,183075,valid,"",8103,9.48000000000002
CHARLS,75,wealth_within_low_education,final,183075,valid,"",8103,4.13
CHARLS,76,recovery_phase,final,183076,valid,"",8180,0.0500000000000682
CHARLS,76,wealth_by_sex,final,183076,valid,"",8180,8.19000000000006
CHARLS,76,wealth_within_low_education,final,183076,valid,"",8180,3.67000000000007
CHARLS,77,recovery_phase,final,183077,valid,"",8139,0.0600000000000591
CHARLS,77,wealth_by_sex,final,183077,valid,"",8139,9.66999999999996
CHARLS,77,wealth_within_low_education,final,183077,valid,"",8139,5.07000000000005
CHARLS,78,recovery_phase,final,183078,valid,"",8180,0.0699999999999363
CHARLS,78,wealth_by_sex,final,183078,valid,"",8180,8.44000000000006
CHARLS,78,wealth_within_low_education,final,183078,valid,"",8180,4
CHARLS,79,recovery_phase,final,183079,valid,"",8141,0.0500000000000682
CHARLS,79,wealth_by_sex,final,183079,valid,"",8141,8.17000000000007
CHARLS,79,wealth_within_low_education,final,183079,valid,"",8141,3.46000000000004
CHARLS,80,recovery_phase,final,183080,valid,"",8144,0.0500000000000682
CHARLS,80,wealth_by_sex,final,183080,valid,"",8144,6.75
CHARLS,80,wealth_within_low_education,final,183080,valid,"",8144,3.38
CHARLS,81,recovery_phase,final,183081,valid,"",8205,0.0400000000000773
CHARLS,81,wealth_by_sex,final,183081,valid,"",8205,7.80999999999995
CHARLS,81,wealth_within_low_education,final,183081,valid,"",8205,3.62
CHARLS,82,recovery_phase,final,183082,valid,"",8176,0.0599999999999454
CHARLS,82,wealth_by_sex,final,183082,valid,"",8176,7.85000000000002
CHARLS,82,wealth_within_low_education,final,183082,valid,"",8176,3.4799999999999
CHARLS,83,recovery_phase,final,183083,valid,"",8169,0.0500000000000682
CHARLS,83,wealth_by_sex,final,183083,valid,"",8169,6.96999999999991
CHARLS,83,wealth_within_low_education,final,183083,valid,"",8169,3.40999999999997
CHARLS,84,recovery_phase,final,183084,valid,"",8132,0.0500000000000682
CHARLS,84,wealth_by_sex,final,183084,valid,"",8132,7.03000000000009
CHARLS,84,wealth_within_low_education,final,183084,valid,"",8132,4.20000000000005
CHARLS,85,recovery_phase,final,183085,valid,"",8132,0.0599999999999454
CHARLS,85,wealth_by_sex,final,183085,valid,"",8132,8.88999999999999
CHARLS,85,wealth_within_low_education,final,183085,valid,"",8132,4.39999999999998
CHARLS,86,recovery_phase,final,183086,valid,"",8166,0.0600000000000591
CHARLS,86,wealth_by_sex,final,183086,valid,"",8166,8.90999999999997
CHARLS,86,wealth_within_low_education,final,183086,valid,"",8166,4.43000000000006
CHARLS,87,recovery_phase,final,183087,valid,"",8148,0.0499999999999545
CHARLS,87,wealth_by_sex,final,183087,valid,"",8148,8.72000000000003
CHARLS,87,wealth_within_low_education,final,183087,valid,"",8148,4.25999999999999
CHARLS,88,recovery_phase,final,183088,valid,"",8178,0.0900000000000318
CHARLS,88,wealth_by_sex,final,183088,valid,"",8178,8.86000000000001
CHARLS,88,wealth_within_low_education,final,183088,valid,"",8178,5.25
CHARLS,89,recovery_phase,final,183089,valid,"",8142,0.0799999999999272
CHARLS,89,wealth_by_sex,final,183089,valid,"",8142,13.95
CHARLS,89,wealth_within_low_education,final,183089,valid,"",8142,6.42999999999995
CHARLS,90,recovery_phase,final,183090,valid,"",8122,0.0800000000000409
CHARLS,90,wealth_by_sex,final,183090,valid,"",8122,13.1500000000001
CHARLS,90,wealth_within_low_education,final,183090,valid,"",8122,5.51000000000011
CHARLS,91,recovery_phase,final,183091,valid,"",8054,0.0900000000000318
CHARLS,91,wealth_by_sex,final,183091,valid,"",8054,12.0600000000001
CHARLS,91,wealth_within_low_education,final,183091,valid,"",8054,5.96999999999991
CHARLS,92,recovery_phase,final,183092,valid,"",8227,0.0800000000000409
CHARLS,92,wealth_by_sex,final,183092,valid,"",8227,11.55
CHARLS,92,wealth_within_low_education,final,183092,valid,"",8227,5.63
CHARLS,93,recovery_phase,final,183093,valid,"",8112,0.0600000000000591
CHARLS,93,wealth_by_sex,final,183093,failed,invalid standardized hazard: module=wealth_by_sex process=death_pre origin=I0 stratum=male ses=high age=91,8112,5.46000000000004
CHARLS,93,wealth_within_low_education,final,183093,valid,"",8112,5.5
CHARLS,94,recovery_phase,final,183094,valid,"",8149,0.0800000000000409
CHARLS,94,wealth_by_sex,final,183094,valid,"",8149,11.58
CHARLS,94,wealth_within_low_education,final,183094,valid,"",8149,5.59000000000003
CHARLS,95,recovery_phase,final,183095,valid,"",8146,0.0600000000000591
CHARLS,95,wealth_by_sex,final,183095,valid,"",8146,10.4
CHARLS,95,wealth_within_low_education,final,183095,valid,"",8146,4.25
CHARLS,96,recovery_phase,final,183096,valid,"",8229,0.0599999999999454
CHARLS,96,wealth_by_sex,final,183096,valid,"",8229,8.42000000000007
CHARLS,96,wealth_within_low_education,final,183096,valid,"",8229,4.40999999999997
CHARLS,97,recovery_phase,final,183097,valid,"",8168,0.0599999999999454
CHARLS,97,wealth_by_sex,final,183097,valid,"",8168,9.16999999999996
CHARLS,97,wealth_within_low_education,final,183097,valid,"",8168,4.4799999999999
CHARLS,98,recovery_phase,final,183098,valid,"",8127,0.0499999999999545
CHARLS,98,wealth_by_sex,final,183098,valid,"",8127,8.8900000000001
CHARLS,98,wealth_within_low_education,final,183098,valid,"",8127,4.12000000000012
CHARLS,99,recovery_phase,final,183099,valid,"",8065,0.0399999999999636
CHARLS,99,wealth_by_sex,final,183099,valid,"",8065,8.86000000000013
CHARLS,99,wealth_within_low_education,final,183099,valid,"",8065,4.21000000000004
CHARLS,100,recovery_phase,final,183100,valid,"",8081,0.0699999999999363
CHARLS,100,wealth_by_sex,final,183100,valid,"",8081,8.33999999999992
CHARLS,100,wealth_within_low_education,final,183100,valid,"",8081,3.72999999999979
CHARLS,101,recovery_phase,final,183101,valid,"",8112,0.0699999999999363
CHARLS,101,wealth_by_sex,final,183101,valid,"",8112,8.1400000000001
CHARLS,101,wealth_within_low_education,final,183101,valid,"",8112,4.07999999999993
CHARLS,102,recovery_phase,final,183102,valid,"",8141,0.0600000000001728
CHARLS,102,wealth_by_sex,final,183102,valid,"",8141,8.43999999999983
CHARLS,102,wealth_within_low_education,final,183102,valid,"",8141,3.84999999999991
CHARLS,103,recovery_phase,final,183103,valid,"",8100,0.0800000000001546
CHARLS,103,wealth_by_sex,final,183103,valid,"",8100,12.3500000000001
CHARLS,103,wealth_within_low_education,final,183103,valid,"",8100,5.98000000000002
CHARLS,104,recovery_phase,final,183104,valid,"",8153,0.0599999999999454
CHARLS,104,wealth_by_sex,final,183104,valid,"",8153,12.53
CHARLS,104,wealth_within_low_education,final,183104,valid,"",8153,5.53999999999996
CHARLS,105,recovery_phase,final,183105,valid,"",8205,0.0799999999999272
CHARLS,105,wealth_by_sex,final,183105,valid,"",8205,11.6299999999999
CHARLS,105,wealth_within_low_education,final,183105,valid,"",8205,5.5
CHARLS,106,recovery_phase,final,183106,valid,"",8145,0.0599999999999454
CHARLS,106,wealth_by_sex,final,183106,valid,"",8145,10.8799999999999
CHARLS,106,wealth_within_low_education,final,183106,valid,"",8145,5
CHARLS,107,recovery_phase,final,183107,valid,"",8199,0.0599999999999454
CHARLS,107,wealth_by_sex,final,183107,valid,"",8199,10.76
CHARLS,107,wealth_within_low_education,final,183107,valid,"",8199,5.0300000000002
CHARLS,108,recovery_phase,final,183108,valid,"",8181,0.0499999999999545
CHARLS,108,wealth_by_sex,final,183108,valid,"",8181,10.0799999999999
CHARLS,108,wealth_within_low_education,final,183108,valid,"",8181,4.30000000000018
CHARLS,109,recovery_phase,final,183109,valid,"",8139,0.0500000000001819
CHARLS,109,wealth_by_sex,final,183109,valid,"",8139,6.72000000000003
CHARLS,109,wealth_within_low_education,final,183109,valid,"",8139,3.3599999999999
CHARLS,110,recovery_phase,final,183110,valid,"",8173,0.0300000000002001
CHARLS,110,wealth_by_sex,final,183110,valid,"",8173,6.68000000000006
CHARLS,110,wealth_within_low_education,final,183110,valid,"",8173,3.03999999999996
CHARLS,111,recovery_phase,final,183111,valid,"",8189,0.0499999999999545
CHARLS,111,wealth_by_sex,final,183111,valid,"",8189,5.97000000000003
CHARLS,111,wealth_within_low_education,final,183111,valid,"",8189,2.98000000000002
CHARLS,112,recovery_phase,final,183112,valid,"",8200,0.0500000000001819
CHARLS,112,wealth_by_sex,final,183112,valid,"",8200,6.04999999999996
CHARLS,112,wealth_within_low_education,final,183112,valid,"",8200,3
CHARLS,113,recovery_phase,final,183113,valid,"",8131,0.0399999999999636
CHARLS,113,wealth_by_sex,final,183113,valid,"",8131,6.12000000000012
CHARLS,113,wealth_within_low_education,final,183113,valid,"",8131,2.91999999999985
CHARLS,114,recovery_phase,final,183114,valid,"",8194,0.0499999999999545
CHARLS,114,wealth_by_sex,final,183114,valid,"",8194,5.96000000000004
CHARLS,114,wealth_within_low_education,final,183114,valid,"",8194,3.03999999999996
CHARLS,115,recovery_phase,final,183115,valid,"",8157,0.0700000000001637
CHARLS,115,wealth_by_sex,final,183115,valid,"",8157,6.29999999999996
CHARLS,115,wealth_within_low_education,final,183115,valid,"",8157,3.27999999999997
CHARLS,116,recovery_phase,final,183116,valid,"",8129,0.109999999999999
CHARLS,116,wealth_by_sex,final,183116,valid,"",8129,8.66
CHARLS,116,wealth_within_low_education,final,183116,valid,"",8129,3.81
CHARLS,117,recovery_phase,final,183117,valid,"",8168,0.0500000000000007
CHARLS,117,wealth_by_sex,final,183117,valid,"",8168,8.03
CHARLS,117,wealth_within_low_education,final,183117,valid,"",8168,3.89
CHARLS,118,recovery_phase,final,183118,valid,"",8146,0.0599999999999952
CHARLS,118,wealth_by_sex,final,183118,valid,"",8146,7.67
CHARLS,118,wealth_within_low_education,final,183118,valid,"",8146,3.85
CHARLS,119,recovery_phase,final,183119,valid,"",8205,0.0700000000000003
CHARLS,119,wealth_by_sex,final,183119,valid,"",8205,7.73
CHARLS,119,wealth_within_low_education,final,183119,valid,"",8205,3.77
CHARLS,120,recovery_phase,final,183120,valid,"",8122,0.0499999999999972
CHARLS,120,wealth_by_sex,final,183120,valid,"",8122,8.34
CHARLS,120,wealth_within_low_education,final,183120,failed,invalid standardized hazard: module=wealth_within_low_education process=death_pre origin=I0 stratum=all ses=high age=93,8122,1.77000000000001
CHARLS,121,recovery_phase,final,183121,valid,,8139,0.0499999999999972
CHARLS,121,wealth_by_sex,final,183121,valid,,8139,8.08999999999999
CHARLS,121,wealth_within_low_education,final,183121,valid,,8139,3.86
CHARLS,122,recovery_phase,final,183122,valid,,8130,0.0600000000000023
CHARLS,122,wealth_by_sex,final,183122,valid,,8130,8.34
CHARLS,122,wealth_within_low_education,final,183122,valid,,8130,3.72000000000001
CHARLS,123,recovery_phase,final,183123,valid,,8222,0.0500000000000114
CHARLS,123,wealth_by_sex,final,183123,valid,,8222,7.33
CHARLS,123,wealth_within_low_education,final,183123,valid,,8222,3.26000000000001
CHARLS,124,recovery_phase,final,183124,valid,,8224,0.0300000000000011
CHARLS,124,wealth_by_sex,final,183124,valid,,8224,6.95
CHARLS,124,wealth_within_low_education,final,183124,valid,,8224,3.7
CHARLS,125,recovery_phase,final,183125,valid,,8132,0.0500000000000114
CHARLS,125,wealth_by_sex,final,183125,valid,,8132,7.25
CHARLS,125,wealth_within_low_education,final,183125,valid,,8132,3.39
CHARLS,126,recovery_phase,final,183126,valid,,8156,0.0500000000000114
CHARLS,126,wealth_by_sex,final,183126,valid,,8156,7.30999999999999
CHARLS,126,wealth_within_low_education,final,183126,valid,,8156,3.75999999999999
CHARLS,127,recovery_phase,final,183127,valid,,8219,0.0300000000000011
CHARLS,127,wealth_by_sex,final,183127,valid,,8219,6.69999999999999
CHARLS,127,wealth_within_low_education,final,183127,valid,,8219,2.78
CHARLS,128,recovery_phase,final,183128,valid,,8126,0.039999999999992
CHARLS,128,wealth_by_sex,final,183128,valid,,8126,7.10999999999999
CHARLS,128,wealth_within_low_education,final,183128,valid,,8126,3.95000000000002
CHARLS,129,recovery_phase,final,183129,valid,,8095,0.0400000000000205
CHARLS,129,wealth_by_sex,final,183129,valid,,8095,7.65000000000001
CHARLS,129,wealth_within_low_education,final,183129,valid,,8095,3.88
CHARLS,130,recovery_phase,final,183130,valid,,8208,0.0600000000000023
CHARLS,130,wealth_by_sex,final,183130,valid,,8208,6.39999999999998
CHARLS,130,wealth_within_low_education,final,183130,valid,,8208,4.97
CHARLS,131,recovery_phase,final,183131,valid,,8157,0.0400000000000205
CHARLS,131,wealth_by_sex,final,183131,valid,,8157,8.22999999999999
CHARLS,131,wealth_within_low_education,final,183131,valid,,8157,3.95999999999998
CHARLS,132,recovery_phase,final,183132,valid,,8168,0.0500000000000114
CHARLS,132,wealth_by_sex,final,183132,valid,,8168,8.22999999999999
CHARLS,132,wealth_within_low_education,final,183132,valid,,8168,3.81
CHARLS,133,recovery_phase,final,183133,valid,,8137,0.039999999999992
CHARLS,133,wealth_by_sex,final,183133,valid,,8137,7.75
CHARLS,133,wealth_within_low_education,final,183133,valid,,8137,3.94999999999999
CHARLS,134,recovery_phase,final,183134,valid,,8162,0.0300000000000011
CHARLS,134,wealth_by_sex,final,183134,valid,,8162,7.33000000000001
CHARLS,134,wealth_within_low_education,final,183134,valid,,8162,3.66999999999999
CHARLS,135,recovery_phase,final,183135,valid,,8224,0.0600000000000023
CHARLS,135,wealth_by_sex,final,183135,valid,,8224,7.18000000000001
CHARLS,135,wealth_within_low_education,final,183135,valid,,8224,3.65000000000001
CHARLS,136,recovery_phase,final,183136,valid,,8119,0.0500000000000114
CHARLS,136,wealth_by_sex,final,183136,valid,,8119,7.13
CHARLS,136,wealth_within_low_education,final,183136,valid,,8119,3.46000000000001
CHARLS,137,recovery_phase,final,183137,valid,,8157,0.0500000000000114
CHARLS,137,wealth_by_sex,final,183137,valid,,8157,7.14999999999998
CHARLS,137,wealth_within_low_education,final,183137,valid,,8157,3.63
CHARLS,138,recovery_phase,final,183138,valid,,8195,0.0500000000000114
CHARLS,138,wealth_by_sex,final,183138,valid,,8195,7.78999999999996
CHARLS,138,wealth_within_low_education,final,183138,valid,,8195,4.31
CHARLS,139,recovery_phase,final,183139,valid,,8133,0.0300000000000296
CHARLS,139,wealth_by_sex,final,183139,valid,,8133,8.50999999999999
CHARLS,139,wealth_within_low_education,final,183139,valid,,8133,3.63999999999999
CHARLS,140,recovery_phase,final,183140,valid,,8160,0.0500000000000114
CHARLS,140,wealth_by_sex,final,183140,valid,,8160,7.34000000000003
CHARLS,140,wealth_within_low_education,final,183140,valid,,8160,3.57999999999998
CHARLS,141,recovery_phase,final,183141,valid,,8155,0.0500000000000114
CHARLS,141,wealth_by_sex,final,183141,valid,,8155,6.93000000000001
CHARLS,141,wealth_within_low_education,final,183141,valid,,8155,3.51000000000005
CHARLS,142,recovery_phase,final,183142,valid,,8167,0.0499999999999545
CHARLS,142,wealth_by_sex,final,183142,valid,,8167,7.18000000000001
CHARLS,142,wealth_within_low_education,final,183142,valid,,8167,3.70000000000005
CHARLS,143,recovery_phase,final,183143,valid,,8107,0.0600000000000023
CHARLS,143,wealth_by_sex,final,183143,valid,,8107,9.27999999999997
CHARLS,143,wealth_within_low_education,final,183143,valid,,8107,4.12
CHARLS,144,recovery_phase,final,183144,valid,,8161,0.0699999999999932
CHARLS,144,wealth_by_sex,final,183144,valid,,8161,8.03000000000003
CHARLS,144,wealth_within_low_education,final,183144,valid,,8161,3.63999999999999
CHARLS,145,recovery_phase,final,183145,valid,,8109,0.0399999999999636
CHARLS,145,wealth_by_sex,final,183145,valid,,8109,7.5
CHARLS,145,wealth_within_low_education,final,183145,valid,,8109,3.79000000000002
CHARLS,146,recovery_phase,final,183146,valid,,8140,0.0500000000000114
CHARLS,146,wealth_by_sex,final,183146,valid,,8140,8.84999999999997
CHARLS,146,wealth_within_low_education,final,183146,valid,,8140,3.97000000000003
CHARLS,147,recovery_phase,final,183147,valid,,8073,0.0600000000000023
CHARLS,147,wealth_by_sex,final,183147,valid,,8073,8.47000000000003
CHARLS,147,wealth_within_low_education,final,183147,valid,,8073,4.08999999999998
CHARLS,148,recovery_phase,final,183148,valid,,8173,0.0600000000000023
CHARLS,148,wealth_by_sex,final,183148,valid,,8173,8.69
CHARLS,148,wealth_within_low_education,final,183148,valid,,8173,3.91000000000003
CHARLS,149,recovery_phase,final,183149,valid,,8145,0.0600000000000023
CHARLS,149,wealth_by_sex,final,183149,valid,,8145,7.92000000000002
CHARLS,149,wealth_within_low_education,final,183149,valid,,8145,4.43000000000001
CHARLS,150,recovery_phase,final,183150,valid,,8170,0.0500000000000114
CHARLS,150,wealth_by_sex,final,183150,valid,,8170,8.87000000000001
CHARLS,150,wealth_within_low_education,final,183150,valid,,8170,5.02999999999997
CHARLS,151,recovery_phase,final,183151,valid,,8143,0.0500000000000114
CHARLS,151,wealth_by_sex,final,183151,valid,,8143,14.65
CHARLS,151,wealth_within_low_education,final,183151,valid,,8143,4.25999999999999
CHARLS,152,recovery_phase,final,183152,valid,,8204,0.0500000000000114
CHARLS,152,wealth_by_sex,final,183152,valid,,8204,7.08999999999998
CHARLS,152,wealth_within_low_education,final,183152,valid,,8204,3.07999999999998
CHARLS,153,recovery_phase,final,183153,valid,,8154,0.0499999999999545
CHARLS,153,wealth_by_sex,final,183153,valid,,8154,6.89000000000004
CHARLS,153,wealth_within_low_education,final,183153,valid,,8154,3.09999999999997
CHARLS,154,recovery_phase,final,183154,valid,,8107,0.0500000000000114
CHARLS,154,wealth_by_sex,final,183154,valid,,8107,7.09000000000003
CHARLS,154,wealth_within_low_education,final,183154,valid,,8107,3.19
CHARLS,155,recovery_phase,final,183155,valid,,8145,0.0499999999999545
CHARLS,155,wealth_by_sex,final,183155,valid,,8145,5.91000000000003
CHARLS,155,wealth_within_low_education,final,183155,valid,,8145,3.13999999999999
CHARLS,156,recovery_phase,final,183156,valid,,8163,0.0399999999999636
CHARLS,156,wealth_by_sex,final,183156,valid,,8163,5.79999999999996
CHARLS,156,wealth_within_low_education,final,183156,valid,,8163,3.04000000000002
CHARLS,157,recovery_phase,final,183157,valid,,8170,0.0500000000000114
CHARLS,157,wealth_by_sex,final,183157,valid,,8170,5.64999999999998
CHARLS,157,wealth_within_low_education,final,183157,valid,,8170,2.69
CHARLS,158,recovery_phase,final,183158,valid,,8189,0.0399999999999636
CHARLS,158,wealth_by_sex,final,183158,valid,,8189,5.44999999999999
CHARLS,158,wealth_within_low_education,final,183158,valid,,8189,2.79000000000002
CHARLS,159,recovery_phase,final,183159,valid,,8149,0.0399999999999636
CHARLS,159,wealth_by_sex,final,183159,valid,,8149,6.35999999999996
CHARLS,159,wealth_within_low_education,final,183159,valid,,8149,3.30999999999995
CHARLS,160,recovery_phase,final,183160,valid,,8117,0.0499999999999545
CHARLS,160,wealth_by_sex,final,183160,valid,,8117,6.18999999999994
CHARLS,160,wealth_within_low_education,final,183160,valid,,8117,2.93999999999994
CHARLS,161,recovery_phase,final,183161,valid,,8126,0.0499999999999545
CHARLS,161,wealth_by_sex,final,183161,valid,,8126,6.86000000000001
CHARLS,161,wealth_within_low_education,final,183161,valid,,8126,3.67999999999995
CHARLS,162,recovery_phase,final,183162,valid,,8190,0.07000000000005
CHARLS,162,wealth_by_sex,final,183162,valid,,8190,6.63999999999999
CHARLS,162,wealth_within_low_education,final,183162,valid,,8190,3.51999999999998
CHARLS,163,recovery_phase,final,183163,valid,,8155,0.0499999999999545
CHARLS,163,wealth_by_sex,final,183163,valid,,8155,6.39999999999998
CHARLS,163,wealth_within_low_education,final,183163,valid,,8155,3.16999999999996
CHARLS,164,recovery_phase,final,183164,valid,,8175,0.0599999999999454
CHARLS,164,wealth_by_sex,final,183164,valid,,8175,6.72000000000003
CHARLS,164,wealth_within_low_education,final,183164,valid,,8175,3.58000000000004
CHARLS,165,recovery_phase,final,183165,valid,,8156,0.0500000000000682
CHARLS,165,wealth_by_sex,final,183165,valid,,8156,7.1400000000001
CHARLS,165,wealth_within_low_education,final,183165,valid,,8156,3.36000000000001
CHARLS,166,recovery_phase,final,183166,valid,,8099,0.0500000000000682
CHARLS,166,wealth_by_sex,final,183166,valid,,8099,7.02999999999997
CHARLS,166,wealth_within_low_education,final,183166,valid,,8099,3.38
CHARLS,167,recovery_phase,final,183167,valid,,8172,0.0499999999999545
CHARLS,167,wealth_by_sex,final,183167,valid,,8172,6.62000000000001
CHARLS,167,wealth_within_low_education,final,183167,valid,,8172,3.32000000000005
CHARLS,168,recovery_phase,final,183168,valid,,8154,0.0400000000000773
CHARLS,168,wealth_by_sex,final,183168,valid,,8154,6.69000000000006
CHARLS,168,wealth_within_low_education,final,183168,valid,,8154,3.32000000000005
CHARLS,169,recovery_phase,final,183169,valid,,8109,0.0500000000000682
CHARLS,169,wealth_by_sex,final,183169,valid,,8109,6.49000000000001
CHARLS,169,wealth_within_low_education,final,183169,valid,,8109,3.30999999999995
CHARLS,170,recovery_phase,final,183170,valid,,8163,0.0499999999999545
CHARLS,170,wealth_by_sex,final,183170,valid,,8163,6.33000000000004
CHARLS,170,wealth_within_low_education,final,183170,valid,,8163,3.24000000000001
CHARLS,171,recovery_phase,final,183171,valid,,8200,0.0499999999999545
CHARLS,171,wealth_by_sex,final,183171,valid,,8200,6.32999999999993
CHARLS,171,wealth_within_low_education,final,183171,valid,,8200,3.06999999999994
CHARLS,172,recovery_phase,final,183172,valid,,8120,0.0500000000000682
CHARLS,172,wealth_by_sex,final,183172,valid,,8120,6.3900000000001
CHARLS,172,wealth_within_low_education,final,183172,valid,,8120,3.13
CHARLS,173,recovery_phase,final,183173,valid,,8142,0.0399999999999636
CHARLS,173,wealth_by_sex,final,183173,valid,,8142,6.94000000000006
CHARLS,173,wealth_within_low_education,final,183173,valid,,8142,3.06000000000006
CHARLS,174,recovery_phase,final,183174,valid,,8235,0.0599999999999454
CHARLS,174,wealth_by_sex,final,183174,valid,,8235,6.63999999999999
CHARLS,174,wealth_within_low_education,final,183174,valid,,8235,3.79999999999995
CHARLS,175,recovery_phase,final,183175,valid,,8162,0.0299999999999727
CHARLS,175,wealth_by_sex,final,183175,valid,,8162,6.58000000000004
CHARLS,175,wealth_within_low_education,final,183175,valid,,8162,2.9899999999999
CHARLS,176,recovery_phase,final,183176,valid,,8172,0.0399999999999636
CHARLS,176,wealth_by_sex,final,183176,valid,,8172,6.86000000000001
CHARLS,176,wealth_within_low_education,final,183176,valid,,8172,3.02999999999997
CHARLS,177,recovery_phase,final,183177,valid,,8166,0.0500000000000682
CHARLS,177,wealth_by_sex,final,183177,valid,,8166,6.70000000000005
CHARLS,177,wealth_within_low_education,final,183177,valid,,8166,3.23000000000002
CHARLS,178,recovery_phase,final,183178,valid,,8150,0.0399999999999636
CHARLS,178,wealth_by_sex,final,183178,valid,,8150,7.32000000000005
CHARLS,178,wealth_within_low_education,final,183178,valid,,8150,3.56000000000006
CHARLS,179,recovery_phase,final,183179,valid,,8158,0.0599999999999454
CHARLS,179,wealth_by_sex,final,183179,valid,,8158,7.19999999999993
CHARLS,179,wealth_within_low_education,final,183179,valid,,8158,3.66999999999996
CHARLS,180,recovery_phase,final,183180,valid,,8148,0.0500000000000682
CHARLS,180,wealth_by_sex,final,183180,valid,,8148,6.80999999999995
CHARLS,180,wealth_within_low_education,final,183180,valid,,8148,3.86000000000001
CHARLS,181,recovery_phase,final,183181,valid,,8085,0.0400000000000773
CHARLS,181,wealth_by_sex,final,183181,valid,,8085,7.57000000000005
CHARLS,181,wealth_within_low_education,final,183181,valid,,8085,3.90000000000009
CHARLS,182,recovery_phase,final,183182,valid,,8168,0.0400000000000773
CHARLS,182,wealth_by_sex,final,183182,valid,,8168,7.43000000000006
CHARLS,182,wealth_within_low_education,final,183182,valid,,8168,4.43000000000006
CHARLS,183,recovery_phase,final,183183,valid,,8077,0.0599999999999454
CHARLS,183,wealth_by_sex,final,183183,valid,,8077,8.49000000000001
CHARLS,183,wealth_within_low_education,final,183183,valid,,8077,6.56999999999994
CHARLS,184,recovery_phase,final,183184,valid,,8084,0.0800000000000409
CHARLS,184,wealth_by_sex,final,183184,valid,,8084,9.2299999999999
CHARLS,184,wealth_within_low_education,final,183184,valid,,8084,4.70000000000005
CHARLS,185,recovery_phase,final,183185,valid,,8187,0.139999999999986
CHARLS,185,wealth_by_sex,final,183185,valid,,8187,8.55000000000007
CHARLS,185,wealth_within_low_education,final,183185,valid,,8187,5.40999999999997
CHARLS,186,recovery_phase,final,183186,valid,,8156,0.0499999999999545
CHARLS,186,wealth_by_sex,final,183186,valid,,8156,8.79999999999996
CHARLS,186,wealth_within_low_education,final,183186,valid,,8156,3.32999999999993
CHARLS,187,recovery_phase,final,183187,valid,,8120,0.0399999999999636
CHARLS,187,wealth_by_sex,final,183187,valid,,8120,6.80000000000007
CHARLS,187,wealth_within_low_education,final,183187,valid,,8120,3.51999999999998
CHARLS,188,recovery_phase,final,183188,valid,,8139,0.0800000000000409
CHARLS,188,wealth_by_sex,final,183188,valid,,8139,6.98000000000002
CHARLS,188,wealth_within_low_education,final,183188,valid,,8139,4.69000000000006
CHARLS,189,recovery_phase,final,183189,valid,,8141,0.0499999999999545
CHARLS,189,wealth_by_sex,final,183189,valid,,8141,8.20999999999992
CHARLS,189,wealth_within_low_education,final,183189,valid,,8141,3.65999999999997
CHARLS,190,recovery_phase,final,183190,valid,,8152,0.0499999999999545
CHARLS,190,wealth_by_sex,final,183190,valid,,8152,7.31000000000006
CHARLS,190,wealth_within_low_education,final,183190,valid,,8152,3.35000000000002
CHARLS,191,recovery_phase,final,183191,valid,,8165,0.0499999999999545
CHARLS,191,wealth_by_sex,final,183191,valid,,8165,7.53000000000009
CHARLS,191,wealth_within_low_education,final,183191,valid,,8165,3.87
CHARLS,192,recovery_phase,final,183192,valid,,8127,0.0500000000000682
CHARLS,192,wealth_by_sex,final,183192,valid,,8127,8.13999999999999
CHARLS,192,wealth_within_low_education,final,183192,valid,,8127,3.42000000000007
CHARLS,193,recovery_phase,final,183193,valid,,8159,0.0500000000000682
CHARLS,193,wealth_by_sex,final,183193,valid,,8159,7.33000000000004
CHARLS,193,wealth_within_low_education,final,183193,valid,,8159,3.53000000000009
CHARLS,194,recovery_phase,final,183194,valid,,8122,0.0399999999999636
CHARLS,194,wealth_by_sex,final,183194,valid,,8122,7.86000000000001
CHARLS,194,wealth_within_low_education,final,183194,valid,,8122,3
CHARLS,195,recovery_phase,final,183195,valid,,8224,0.0499999999999545
CHARLS,195,wealth_by_sex,final,183195,valid,,8224,6.98000000000002
CHARLS,195,wealth_within_low_education,final,183195,valid,,8224,3.13999999999999
CHARLS,196,recovery_phase,final,183196,valid,,8127,0.0499999999999545
CHARLS,196,wealth_by_sex,final,183196,valid,,8127,6.95999999999992
CHARLS,196,wealth_within_low_education,final,183196,valid,,8127,3.21999999999991
CHARLS,197,recovery_phase,final,183197,valid,,8168,0.0499999999999545
CHARLS,197,wealth_by_sex,final,183197,valid,,8168,7.84000000000003
CHARLS,197,wealth_within_low_education,final,183197,valid,,8168,3.63999999999999
CHARLS,198,recovery_phase,final,183198,valid,,8153,0.0499999999999545
CHARLS,198,wealth_by_sex,final,183198,valid,,8153,7.49000000000001
CHARLS,198,wealth_within_low_education,final,183198,valid,,8153,3.42000000000007
CHARLS,199,recovery_phase,final,183199,valid,,8142,0.0799999999999272
CHARLS,199,wealth_by_sex,final,183199,valid,,8142,6.92999999999995
CHARLS,199,wealth_within_low_education,final,183199,valid,,8142,3.68999999999994
CHARLS,200,recovery_phase,final,183200,valid,,8085,0.0599999999999454
CHARLS,200,wealth_by_sex,final,183200,valid,,8085,9.40999999999997
CHARLS,200,wealth_within_low_education,final,183200,valid,,8085,4.30999999999995
CHARLS,201,recovery_phase,final,183201,valid,,8143,0.0399999999999636
CHARLS,201,wealth_by_sex,final,183201,valid,,8143,8.76999999999998
CHARLS,201,wealth_within_low_education,final,183201,valid,,8143,3.4799999999999
CHARLS,202,recovery_phase,final,183202,valid,,8108,0.0499999999999545
CHARLS,202,wealth_by_sex,final,183202,valid,,8108,7.36000000000001
CHARLS,202,wealth_within_low_education,final,183202,valid,,8108,3.61000000000001
CHARLS,203,recovery_phase,final,183203,valid,,8179,0.0399999999999636
CHARLS,203,wealth_by_sex,final,183203,valid,,8179,7.45000000000005
CHARLS,203,wealth_within_low_education,final,183203,valid,,8179,3.46999999999991
CHARLS,204,recovery_phase,final,183204,valid,,8135,0.0399999999999636
CHARLS,204,wealth_by_sex,final,183204,valid,,8135,6.94999999999993
CHARLS,204,wealth_within_low_education,final,183204,valid,,8135,3.32000000000005
CHARLS,205,recovery_phase,final,183205,valid,,8181,0.040000000000191
CHARLS,205,wealth_by_sex,final,183205,valid,,8181,7.18000000000006
CHARLS,205,wealth_within_low_education,final,183205,valid,,8181,3.57999999999993
CHARLS,206,recovery_phase,final,183206,valid,,8155,0.0699999999999363
CHARLS,206,wealth_by_sex,final,183206,valid,,8155,6.8900000000001
CHARLS,206,wealth_within_low_education,final,183206,valid,,8155,3.69000000000005
CHARLS,207,recovery_phase,final,183207,valid,,8145,0.0499999999999545
CHARLS,207,wealth_by_sex,final,183207,valid,,8145,7.03999999999996
CHARLS,207,wealth_within_low_education,final,183207,valid,,8145,3.6099999999999
CHARLS,208,recovery_phase,final,183208,valid,,8111,0.0500000000001819
CHARLS,208,wealth_by_sex,final,183208,valid,,8111,7.2199999999998
CHARLS,208,wealth_within_low_education,final,183208,valid,,8111,3.36999999999989
CHARLS,209,recovery_phase,final,183209,valid,,8176,0.040000000000191
CHARLS,209,wealth_by_sex,final,183209,valid,,8176,6.98000000000002
CHARLS,209,wealth_within_low_education,final,183209,valid,,8176,3.61999999999989
CHARLS,210,recovery_phase,final,183210,valid,,8140,0.0600000000001728
CHARLS,210,wealth_by_sex,final,183210,valid,,8140,7.16000000000008
CHARLS,210,wealth_within_low_education,final,183210,valid,,8140,3.5
CHARLS,211,recovery_phase,final,183211,valid,,8154,0.0399999999999636
CHARLS,211,wealth_by_sex,final,183211,valid,,8154,7.27000000000021
CHARLS,211,wealth_within_low_education,final,183211,valid,,8154,3.41999999999985
CHARLS,212,recovery_phase,final,183212,valid,,8194,0.0699999999999363
CHARLS,212,wealth_by_sex,final,183212,valid,,8194,6.77999999999997
CHARLS,212,wealth_within_low_education,final,183212,valid,,8194,3.36999999999989
CHARLS,213,recovery_phase,final,183213,valid,,8186,0.0499999999999545
CHARLS,213,wealth_by_sex,final,183213,valid,,8186,6.58999999999992
CHARLS,213,wealth_within_low_education,final,183213,valid,,8186,3.08000000000015
CHARLS,214,recovery_phase,final,183214,valid,,8122,0.0499999999999545
CHARLS,214,wealth_by_sex,final,183214,valid,,8122,6.94999999999982
CHARLS,214,wealth_within_low_education,final,183214,valid,,8122,3.1099999999999
CHARLS,215,recovery_phase,final,183215,valid,,8123,0.0499999999999545
CHARLS,215,wealth_by_sex,final,183215,valid,,8123,6.25999999999999
CHARLS,215,wealth_within_low_education,final,183215,valid,,8123,3.0300000000002
CHARLS,216,recovery_phase,final,183216,valid,,8138,0.040000000000191
CHARLS,216,wealth_by_sex,final,183216,valid,,8138,6.45000000000005
CHARLS,216,wealth_within_low_education,final,183216,valid,,8138,3.24000000000001
CHARLS,217,recovery_phase,final,183217,valid,,8137,0.0499999999999545
CHARLS,217,wealth_by_sex,final,183217,valid,,8137,6.15000000000009
CHARLS,217,wealth_within_low_education,final,183217,valid,,8137,2.84999999999991
CHARLS,218,recovery_phase,final,183218,valid,,8131,0.0299999999999727
CHARLS,218,wealth_by_sex,final,183218,valid,,8131,5.47000000000003
CHARLS,218,wealth_within_low_education,final,183218,valid,,8131,2.87000000000012
CHARLS,219,recovery_phase,final,183219,valid,,8132,0.0299999999999727
CHARLS,219,wealth_by_sex,final,183219,valid,,8132,5.55999999999995
CHARLS,219,wealth_within_low_education,final,183219,valid,,8132,2.75
CHARLS,220,recovery_phase,final,183220,valid,,8170,0.0599999999999454
CHARLS,220,wealth_by_sex,final,183220,valid,,8170,5.36000000000013
CHARLS,220,wealth_within_low_education,final,183220,valid,,8170,3.08999999999992
CHARLS,221,recovery_phase,final,183221,valid,,8175,0.0499999999999545
CHARLS,221,wealth_by_sex,final,183221,valid,,8175,6.22000000000003
CHARLS,221,wealth_within_low_education,final,183221,valid,,8175,2.95000000000005
CHARLS,222,recovery_phase,final,183222,valid,,8173,0.0599999999999454
CHARLS,222,wealth_by_sex,final,183222,valid,,8173,5.67000000000007
CHARLS,222,wealth_within_low_education,final,183222,valid,,8173,2.77999999999997
CHARLS,223,recovery_phase,final,183223,valid,,8154,0.0399999999999636
CHARLS,223,wealth_by_sex,final,183223,valid,,8154,6.28999999999996
CHARLS,223,wealth_within_low_education,final,183223,valid,,8154,2.69999999999982
CHARLS,224,recovery_phase,final,183224,valid,,8211,0.0299999999999727
CHARLS,224,wealth_by_sex,final,183224,valid,,8211,5.68000000000006
CHARLS,224,wealth_within_low_education,final,183224,valid,,8211,2.91000000000008
CHARLS,225,recovery_phase,final,183225,valid,,8219,0.0399999999999636
CHARLS,225,wealth_by_sex,final,183225,valid,,8219,5.44000000000006
CHARLS,225,wealth_within_low_education,final,183225,valid,,8219,2.77999999999997
CHARLS,226,recovery_phase,final,183226,valid,,8179,0.0599999999999454
CHARLS,226,wealth_by_sex,final,183226,valid,,8179,6.48000000000002
CHARLS,226,wealth_within_low_education,final,183226,valid,,8179,4.12000000000012
CHARLS,227,recovery_phase,final,183227,valid,,8187,0.040000000000191
CHARLS,227,wealth_by_sex,final,183227,valid,,8187,7.43999999999983
CHARLS,227,wealth_within_low_education,final,183227,valid,,8187,3.38999999999987
CHARLS,228,recovery_phase,final,183228,valid,,8135,0.0500000000001819
CHARLS,228,wealth_by_sex,final,183228,valid,,8135,7.38000000000011
CHARLS,228,wealth_within_low_education,final,183228,valid,,8135,3.30999999999995
CHARLS,229,recovery_phase,final,183229,valid,,8082,0.0499999999999545
CHARLS,229,wealth_by_sex,final,183229,valid,,8082,6.66000000000008
CHARLS,229,wealth_within_low_education,final,183229,valid,,8082,3.69000000000005
CHARLS,230,recovery_phase,final,183230,valid,,8093,0.0399999999999636
CHARLS,230,wealth_by_sex,final,183230,valid,,8093,7.21000000000004
CHARLS,230,wealth_within_low_education,final,183230,valid,,8093,3.58999999999992
CHARLS,231,recovery_phase,final,183231,valid,,8111,0.0499999999999545
CHARLS,231,wealth_by_sex,final,183231,valid,,8111,6.86999999999989
CHARLS,231,wealth_within_low_education,final,183231,valid,,8111,3.29999999999995
CHARLS,232,recovery_phase,final,183232,valid,,8173,0.0599999999999454
CHARLS,232,wealth_by_sex,final,183232,valid,,8173,7.34000000000015
CHARLS,232,wealth_within_low_education,final,183232,valid,,8173,3.42000000000007
CHARLS,233,recovery_phase,final,183233,valid,,8177,0.0600000000001728
CHARLS,233,wealth_by_sex,final,183233,valid,,8177,7.47000000000003
CHARLS,233,wealth_within_low_education,final,183233,valid,,8177,3.79999999999995
CHARLS,234,recovery_phase,final,183234,valid,,8146,0.0499999999999545
CHARLS,234,wealth_by_sex,final,183234,valid,,8146,7.59000000000015
CHARLS,234,wealth_within_low_education,final,183234,valid,,8146,3.22000000000003
CHARLS,235,recovery_phase,final,183235,valid,,8107,0.0499999999999545
CHARLS,235,wealth_by_sex,final,183235,valid,,8107,7.16999999999985
CHARLS,235,wealth_within_low_education,final,183235,valid,,8107,4.18999999999983
CHARLS,236,recovery_phase,final,183236,valid,,8190,0.0600000000001728
CHARLS,236,wealth_by_sex,final,183236,valid,,8190,7.54999999999996
CHARLS,236,wealth_within_low_education,final,183236,valid,,8190,3.75
CHARLS,237,recovery_phase,final,183237,valid,,8147,0.0499999999999545
CHARLS,237,wealth_by_sex,final,183237,valid,,8147,9.48000000000002
CHARLS,237,wealth_within_low_education,final,183237,valid,,8147,4.80999999999995
CHARLS,238,recovery_phase,final,183238,valid,,8163,0.0399999999999636
CHARLS,238,wealth_by_sex,final,183238,valid,,8163,6.37000000000012
CHARLS,238,wealth_within_low_education,final,183238,valid,,8163,3.23000000000002
CHARLS,239,recovery_phase,final,183239,valid,,8185,0.0499999999999545
CHARLS,239,wealth_by_sex,final,183239,valid,,8185,6.02999999999997
CHARLS,239,wealth_within_low_education,final,183239,valid,,8185,3.33000000000015
CHARLS,240,recovery_phase,final,183240,valid,,8156,0.0399999999999636
CHARLS,240,wealth_by_sex,final,183240,valid,,8156,8.81999999999994
CHARLS,240,wealth_within_low_education,final,183240,valid,,8156,4.03999999999996
CHARLS,241,recovery_phase,final,183241,valid,,8168,0.0600000000001728
CHARLS,241,wealth_by_sex,final,183241,valid,,8168,6.6099999999999
CHARLS,241,wealth_within_low_education,final,183241,valid,,8168,3.88999999999987
CHARLS,242,recovery_phase,final,183242,valid,,8191,0.040000000000191
CHARLS,242,wealth_by_sex,final,183242,valid,,8191,7.20000000000005
CHARLS,242,wealth_within_low_education,final,183242,valid,,8191,3.67000000000007
CHARLS,243,recovery_phase,final,183243,valid,,8149,0.0499999999999545
CHARLS,243,wealth_by_sex,final,183243,valid,,8149,8.13000000000011
CHARLS,243,wealth_within_low_education,final,183243,valid,,8149,3.70000000000005
CHARLS,244,recovery_phase,final,183244,valid,,8082,0.0699999999999363
CHARLS,244,wealth_by_sex,final,183244,valid,,8082,7.65000000000009
CHARLS,244,wealth_within_low_education,final,183244,valid,,8082,3.40999999999985
CHARLS,245,recovery_phase,final,183245,valid,,8122,0.0500000000001819
CHARLS,245,wealth_by_sex,final,183245,valid,,8122,7.01999999999998
CHARLS,245,wealth_within_low_education,final,183245,valid,,8122,3.27999999999997
CHARLS,246,recovery_phase,final,183246,valid,,8177,0.0499999999999545
CHARLS,246,wealth_by_sex,final,183246,valid,,8177,7.02999999999997
CHARLS,246,wealth_within_low_education,final,183246,valid,,8177,3.6099999999999
CHARLS,247,recovery_phase,final,183247,valid,,8158,0.0299999999999727
CHARLS,247,wealth_by_sex,final,183247,valid,,8158,7.45000000000005
CHARLS,247,wealth_within_low_education,final,183247,valid,,8158,2.91000000000008
CHARLS,248,recovery_phase,final,183248,valid,,8150,0.0500000000001819
CHARLS,248,wealth_by_sex,final,183248,valid,,8150,7.01999999999998
CHARLS,248,wealth_within_low_education,final,183248,valid,,8150,3.74000000000001
CHARLS,249,recovery_phase,final,183249,valid,,8113,0.0499999999999545
CHARLS,249,wealth_by_sex,final,183249,valid,,8113,7.94000000000006
CHARLS,249,wealth_within_low_education,final,183249,valid,,8113,3.60000000000014
CHARLS,250,recovery_phase,final,183250,valid,,8107,0.0599999999999454
CHARLS,250,wealth_by_sex,final,183250,valid,,8107,7.70000000000005
CHARLS,250,wealth_within_low_education,final,183250,valid,,8107,3.63000000000011
CHARLS,251,recovery_phase,final,183251,valid,,8175,0.0499999999999545
CHARLS,251,wealth_by_sex,final,183251,valid,,8175,8.91999999999985
CHARLS,251,wealth_within_low_education,final,183251,valid,,8175,3.5
CHARLS,252,recovery_phase,final,183252,valid,,8273,0.0599999999999454
CHARLS,252,wealth_by_sex,final,183252,valid,,8273,7.73000000000002
CHARLS,252,wealth_within_low_education,final,183252,valid,,8273,3.74000000000001
CHARLS,253,recovery_phase,final,183253,valid,,8167,0.0299999999999727
CHARLS,253,wealth_by_sex,final,183253,valid,,8167,9.1400000000001
CHARLS,253,wealth_within_low_education,final,183253,valid,,8167,4.73000000000002
CHARLS,254,recovery_phase,final,183254,valid,,8161,0.0499999999999545
CHARLS,254,wealth_by_sex,final,183254,valid,,8161,6.17999999999984
CHARLS,254,wealth_within_low_education,final,183254,valid,,8161,3.33999999999992
CHARLS,255,recovery_phase,final,183255,valid,,8115,0.0499999999999545
CHARLS,255,wealth_by_sex,final,183255,valid,,8115,6.38000000000011
CHARLS,255,wealth_within_low_education,final,183255,valid,,8115,3.19000000000005
CHARLS,256,recovery_phase,final,183256,valid,,8119,0.0499999999999545
CHARLS,256,wealth_by_sex,final,183256,valid,,8119,6.75
CHARLS,256,wealth_within_low_education,final,183256,valid,,8119,3.11999999999989
CHARLS,257,recovery_phase,final,183257,valid,,8166,0.0499999999999545
CHARLS,257,wealth_by_sex,final,183257,valid,,8166,6.47999999999979
CHARLS,257,wealth_within_low_education,final,183257,valid,,8166,3.52999999999997
CHARLS,258,recovery_phase,final,183258,valid,,8084,0.0399999999999636
CHARLS,258,wealth_by_sex,final,183258,valid,,8084,6.28999999999996
CHARLS,258,wealth_within_low_education,final,183258,valid,,8084,3.06999999999994
CHARLS,259,recovery_phase,final,183259,valid,,8147,0.0399999999999636
CHARLS,259,wealth_by_sex,final,183259,valid,,8147,6.55999999999995
CHARLS,259,wealth_within_low_education,final,183259,valid,,8147,3.20000000000005
CHARLS,260,recovery_phase,final,183260,valid,,8135,0.0499999999999545
CHARLS,260,wealth_by_sex,final,183260,valid,,8135,6.67000000000007
CHARLS,260,wealth_within_low_education,final,183260,valid,,8135,3.13999999999987
CHARLS,261,recovery_phase,final,183261,valid,,8116,0.0599999999999454
CHARLS,261,wealth_by_sex,final,183261,valid,,8116,10.1099999999999
CHARLS,261,wealth_within_low_education,final,183261,valid,,8116,3.87000000000012
CHARLS,262,recovery_phase,final,183262,valid,,8171,0.0699999999999363
CHARLS,262,wealth_by_sex,final,183262,valid,,8171,9.44000000000005
CHARLS,262,wealth_within_low_education,final,183262,valid,,8171,4.3599999999999
CHARLS,263,recovery_phase,final,183263,valid,,8180,0.0499999999999545
CHARLS,263,wealth_by_sex,final,183263,valid,,8180,9.49000000000001
CHARLS,263,wealth_within_low_education,final,183263,valid,,8180,4.01999999999998
CHARLS,264,recovery_phase,final,183264,valid,,8181,0.0499999999999545
CHARLS,264,wealth_by_sex,final,183264,valid,,8181,8.25
CHARLS,264,wealth_within_low_education,final,183264,valid,,8181,3.99000000000001
CHARLS,265,recovery_phase,final,183265,valid,,8130,0.0599999999999454
CHARLS,265,wealth_by_sex,final,183265,valid,,8130,8.70999999999981
CHARLS,265,wealth_within_low_education,final,183265,valid,,8130,4.54999999999996
CHARLS,266,recovery_phase,final,183266,valid,,8208,0.0700000000001637
CHARLS,266,wealth_by_sex,final,183266,valid,,8208,9.29999999999995
CHARLS,266,wealth_within_low_education,final,183266,valid,,8208,4.61999999999989
CHARLS,267,recovery_phase,final,183267,valid,,8138,0.0600000000001728
CHARLS,267,wealth_by_sex,final,183267,valid,,8138,8.59999999999991
CHARLS,267,wealth_within_low_education,final,183267,valid,,8138,3.5
CHARLS,268,recovery_phase,final,183268,valid,,8143,0.0499999999999545
CHARLS,268,wealth_by_sex,final,183268,valid,,8143,8.67999999999984
CHARLS,268,wealth_within_low_education,final,183268,valid,,8143,3.6099999999999
CHARLS,269,recovery_phase,final,183269,valid,,8138,0.0499999999999545
CHARLS,269,wealth_by_sex,final,183269,valid,,8138,6.95000000000005
CHARLS,269,wealth_within_low_education,final,183269,valid,,8138,3.08000000000015
CHARLS,270,recovery_phase,final,183270,valid,,8197,0.0299999999999727
CHARLS,270,wealth_by_sex,final,183270,valid,,8197,5.76999999999998
CHARLS,270,wealth_within_low_education,final,183270,valid,,8197,2.79999999999995
CHARLS,271,recovery_phase,final,183271,valid,,8126,0.0299999999999727
CHARLS,271,wealth_by_sex,final,183271,valid,,8126,5.58999999999992
CHARLS,271,wealth_within_low_education,final,183271,valid,,8126,2.66999999999985
CHARLS,272,recovery_phase,final,183272,valid,,8146,0.0399999999999636
CHARLS,272,wealth_by_sex,final,183272,valid,,8146,5.79999999999996
CHARLS,272,wealth_within_low_education,final,183272,valid,,8146,3.03999999999996
CHARLS,273,recovery_phase,final,183273,valid,,8170,0.0299999999999727
CHARLS,273,wealth_by_sex,final,183273,valid,,8170,6
CHARLS,273,wealth_within_low_education,final,183273,valid,,8170,2.72000000000003
CHARLS,274,recovery_phase,final,183274,valid,,8178,0.0300000000002001
CHARLS,274,wealth_by_sex,final,183274,valid,,8178,5.52999999999997
CHARLS,274,wealth_within_low_education,final,183274,valid,,8178,2.73000000000002
CHARLS,275,recovery_phase,final,183275,valid,,8149,0.0499999999999545
CHARLS,275,wealth_by_sex,final,183275,valid,,8149,5.62000000000012
CHARLS,275,wealth_within_low_education,final,183275,valid,,8149,3.58999999999992
CHARLS,276,recovery_phase,final,183276,valid,,8109,0.0699999999999363
CHARLS,276,wealth_by_sex,final,183276,valid,,8109,12.3799999999999
CHARLS,276,wealth_within_low_education,final,183276,valid,,8109,4.72999999999979
CHARLS,277,recovery_phase,final,183277,valid,,8161,0.0599999999999454
CHARLS,277,wealth_by_sex,final,183277,valid,,8161,8.40999999999985
CHARLS,277,wealth_within_low_education,final,183277,valid,,8161,4.51999999999998
CHARLS,278,recovery_phase,final,183278,valid,,8097,0.120000000000118
CHARLS,278,wealth_by_sex,final,183278,valid,,8097,8.27999999999997
CHARLS,278,wealth_within_low_education,final,183278,valid,,8097,5.63000000000011
CHARLS,279,recovery_phase,final,183279,valid,,8142,0.0699999999999363
CHARLS,279,wealth_by_sex,final,183279,valid,,8142,9.49000000000001
CHARLS,279,wealth_within_low_education,final,183279,valid,,8142,4.20000000000005
CHARLS,280,recovery_phase,final,183280,valid,,8159,0.0599999999999454
CHARLS,280,wealth_by_sex,final,183280,valid,,8159,8.72000000000003
CHARLS,280,wealth_within_low_education,final,183280,valid,,8159,4.25
CHARLS,281,recovery_phase,final,183281,valid,,8150,0.0500000000001819
CHARLS,281,wealth_by_sex,final,183281,valid,,8150,9.18999999999983
CHARLS,281,wealth_within_low_education,final,183281,valid,,8150,4.62999999999988
CHARLS,282,recovery_phase,final,183282,valid,,8141,0.0600000000001728
CHARLS,282,wealth_by_sex,final,183282,valid,,8141,8.47000000000003
CHARLS,282,wealth_within_low_education,final,183282,valid,,8141,4.38999999999987
CHARLS,283,recovery_phase,final,183283,valid,,8182,0.0599999999999454
CHARLS,283,wealth_by_sex,final,183283,valid,,8182,9.16999999999985
CHARLS,283,wealth_within_low_education,final,183283,valid,,8182,4.06999999999994
CHARLS,284,recovery_phase,final,183284,valid,,8165,0.0599999999999454
CHARLS,284,wealth_by_sex,final,183284,valid,,8165,8.27999999999997
CHARLS,284,wealth_within_low_education,final,183284,valid,,8165,4.03999999999996
CHARLS,285,recovery_phase,final,183285,valid,,8040,0.0699999999999363
CHARLS,285,wealth_by_sex,final,183285,valid,,8040,8.25999999999999
CHARLS,285,wealth_within_low_education,final,183285,valid,,8040,4.06000000000017
CHARLS,286,recovery_phase,final,183286,valid,,8094,0.0499999999999545
CHARLS,286,wealth_by_sex,final,183286,valid,,8094,8.50999999999999
CHARLS,286,wealth_within_low_education,final,183286,valid,,8094,3.81000000000017
CHARLS,287,recovery_phase,final,183287,valid,,8084,0.0599999999999454
CHARLS,287,wealth_by_sex,final,183287,valid,,8084,8.72000000000003
CHARLS,287,wealth_within_low_education,final,183287,valid,,8084,5.42000000000007
CHARLS,288,recovery_phase,final,183288,valid,,8164,0.0599999999999454
CHARLS,288,wealth_by_sex,final,183288,valid,,8164,10.25
CHARLS,288,wealth_within_low_education,final,183288,valid,,8164,4.25
CHARLS,289,recovery_phase,final,183289,valid,,8187,0.0599999999999454
CHARLS,289,wealth_by_sex,final,183289,valid,,8187,8.25
CHARLS,289,wealth_within_low_education,final,183289,valid,,8187,4.3599999999999
CHARLS,290,recovery_phase,final,183290,valid,,8112,0.0700000000001637
CHARLS,290,wealth_by_sex,final,183290,valid,,8112,8.22000000000003
CHARLS,290,wealth_within_low_education,final,183290,valid,,8112,4.05999999999995
CHARLS,291,recovery_phase,final,183291,valid,,8154,0.0599999999999454
CHARLS,291,wealth_by_sex,final,183291,valid,,8154,8.47000000000003
CHARLS,291,wealth_within_low_education,final,183291,valid,,8154,4
CHARLS,292,recovery_phase,final,183292,valid,,8110,0.0599999999999454
CHARLS,292,wealth_by_sex,final,183292,valid,,8110,8.13999999999987
CHARLS,292,wealth_within_low_education,final,183292,valid,,8110,4.02000000000021
CHARLS,293,recovery_phase,final,183293,valid,,8125,0.0499999999999545
CHARLS,293,wealth_by_sex,final,183293,valid,,8125,8.02999999999997
CHARLS,293,wealth_within_low_education,final,183293,valid,,8125,4.33999999999992
CHARLS,294,recovery_phase,final,183294,valid,,8182,0.0799999999999272
CHARLS,294,wealth_by_sex,final,183294,valid,,8182,9.36000000000013
CHARLS,294,wealth_within_low_education,final,183294,valid,,8182,4.42999999999984
CHARLS,295,recovery_phase,final,183295,valid,,8103,0.0399999999999636
CHARLS,295,wealth_by_sex,final,183295,valid,,8103,8.73000000000002
CHARLS,295,wealth_within_low_education,final,183295,valid,,8103,4.19999999999982
CHARLS,296,recovery_phase,final,183296,valid,,8142,0.0599999999999454
CHARLS,296,wealth_by_sex,final,183296,valid,,8142,8.55999999999995
CHARLS,296,wealth_within_low_education,final,183296,valid,,8142,4.23999999999978
CHARLS,297,recovery_phase,final,183297,valid,,8117,0.0599999999999454
CHARLS,297,wealth_by_sex,final,183297,valid,,8117,8.97000000000026
CHARLS,297,wealth_within_low_education,final,183297,valid,,8117,4.33999999999969
CHARLS,298,recovery_phase,final,183298,valid,,8189,0.0599999999999454
CHARLS,298,wealth_by_sex,final,183298,valid,,8189,8.67999999999984
CHARLS,298,wealth_within_low_education,final,183298,valid,,8189,4.05999999999995
CHARLS,299,recovery_phase,final,183299,valid,,8171,0.0599999999999454
CHARLS,299,wealth_by_sex,final,183299,valid,,8171,8.51999999999998
CHARLS,299,wealth_within_low_education,final,183299,valid,,8171,4.10000000000036
CHARLS,300,recovery_phase,final,183300,valid,,8171,0.0399999999999636
CHARLS,300,wealth_by_sex,final,183300,valid,,8171,8.42000000000007
CHARLS,300,wealth_within_low_education,final,183300,valid,,8171,4.11999999999989
CHARLS,301,recovery_phase,final,183301,valid,,8125,0.0500000000001819
CHARLS,301,wealth_by_sex,final,183301,valid,,8125,8.11000000000013
CHARLS,301,wealth_within_low_education,final,183301,valid,,8125,3.94999999999982
CHARLS,302,recovery_phase,final,183302,valid,,8152,0.0599999999999454
CHARLS,302,wealth_by_sex,final,183302,valid,,8152,8.27999999999975
CHARLS,302,wealth_within_low_education,final,183302,valid,,8152,4.16000000000031
CHARLS,303,recovery_phase,final,183303,valid,,8127,0.0600000000004002
CHARLS,303,wealth_by_sex,final,183303,valid,,8127,8.40999999999985
CHARLS,303,wealth_within_low_education,final,183303,valid,,8127,4.25
CHARLS,304,recovery_phase,final,183304,valid,,8114,0.0599999999999454
CHARLS,304,wealth_by_sex,final,183304,valid,,8114,8.47000000000026
CHARLS,304,wealth_within_low_education,final,183304,valid,,8114,4.09000000000015
CHARLS,305,recovery_phase,final,183305,valid,,8109,0.0599999999999454
CHARLS,305,wealth_by_sex,final,183305,valid,,8109,8.65000000000009
CHARLS,305,wealth_within_low_education,final,183305,valid,,8109,4.09000000000015
CHARLS,306,recovery_phase,final,183306,valid,,8198,0.0599999999999454
CHARLS,306,wealth_by_sex,final,183306,valid,,8198,8.63999999999987
CHARLS,306,wealth_within_low_education,final,183306,valid,,8198,3.94999999999982
CHARLS,307,recovery_phase,final,183307,valid,,8108,0.0599999999999454
CHARLS,307,wealth_by_sex,final,183307,valid,,8108,8.4699999999998
CHARLS,307,wealth_within_low_education,final,183307,valid,,8108,4.25
CHARLS,308,recovery_phase,final,183308,valid,,8174,0.0599999999999454
CHARLS,308,wealth_by_sex,final,183308,valid,,8174,8.32999999999993
CHARLS,308,wealth_within_low_education,final,183308,valid,,8174,4.13000000000011
CHARLS,309,recovery_phase,final,183309,valid,,8159,0.0599999999999454
CHARLS,309,wealth_by_sex,final,183309,valid,,8159,8.23999999999978
CHARLS,309,wealth_within_low_education,final,183309,valid,,8159,4.20000000000027
CHARLS,310,recovery_phase,final,183310,valid,,8117,0.0599999999999454
CHARLS,310,wealth_by_sex,final,183310,valid,,8117,8.30999999999995
CHARLS,310,wealth_within_low_education,final,183310,valid,,8117,4.23000000000002
CHARLS,311,recovery_phase,final,183311,valid,,8192,0.0599999999999454
CHARLS,311,wealth_by_sex,final,183311,valid,,8192,8.7199999999998
CHARLS,311,wealth_within_low_education,final,183311,valid,,8192,4.08000000000038
CHARLS,312,recovery_phase,final,183312,valid,,8146,0.069999999999709
CHARLS,312,wealth_by_sex,final,183312,valid,,8146,8.5
CHARLS,312,wealth_within_low_education,final,183312,valid,,8146,4.36000000000013
CHARLS,313,recovery_phase,final,183313,valid,,8160,0.0599999999999454
CHARLS,313,wealth_by_sex,final,183313,valid,,8160,8.7199999999998
CHARLS,313,wealth_within_low_education,final,183313,valid,,8160,4.09999999999991
CHARLS,314,recovery_phase,final,183314,valid,,8125,0.0399999999999636
CHARLS,314,wealth_by_sex,final,183314,valid,,8125,8.73999999999978
CHARLS,314,wealth_within_low_education,final,183314,valid,,8125,4.22000000000025
CHARLS,315,recovery_phase,final,183315,valid,,8110,0.0500000000001819
CHARLS,315,wealth_by_sex,final,183315,valid,,8110,8.36999999999989
CHARLS,315,wealth_within_low_education,final,183315,valid,,8110,4.42000000000007
CHARLS,316,recovery_phase,final,183316,valid,,8155,0.0599999999999454
CHARLS,316,wealth_by_sex,final,183316,valid,,8155,8.57000000000016
CHARLS,316,wealth_within_low_education,final,183316,valid,,8155,4.13999999999987
CHARLS,317,recovery_phase,final,183317,valid,,8130,0.0399999999999636
CHARLS,317,wealth_by_sex,final,183317,valid,,8130,8.56999999999971
CHARLS,317,wealth_within_low_education,final,183317,valid,,8130,4.09000000000015
CHARLS,318,recovery_phase,final,183318,valid,,8155,0.0599999999999454
CHARLS,318,wealth_by_sex,final,183318,valid,,8155,8.32999999999993
CHARLS,318,wealth_within_low_education,final,183318,valid,,8155,4.13000000000011
CHARLS,319,recovery_phase,final,183319,valid,,8103,0.0599999999999454
CHARLS,319,wealth_by_sex,final,183319,valid,,8103,8.21000000000004
CHARLS,319,wealth_within_low_education,final,183319,valid,,8103,4.09000000000015
CHARLS,320,recovery_phase,final,183320,valid,,8173,0.0599999999999454
CHARLS,320,wealth_by_sex,final,183320,valid,,8173,8.39000000000033
CHARLS,320,wealth_within_low_education,final,183320,valid,,8173,4.69999999999982
CHARLS,321,recovery_phase,final,183321,valid,,8109,0.0599999999999454
CHARLS,321,wealth_by_sex,final,183321,valid,,8109,8.57999999999993
CHARLS,321,wealth_within_low_education,final,183321,valid,,8109,4.22000000000025
CHARLS,322,recovery_phase,final,183322,valid,,8205,0.0700000000001637
CHARLS,322,wealth_by_sex,final,183322,valid,,8205,8.73000000000002
CHARLS,322,wealth_within_low_education,final,183322,valid,,8205,4.23999999999978
CHARLS,323,recovery_phase,final,183323,valid,,8097,0.0599999999999454
CHARLS,323,wealth_by_sex,final,183323,valid,,8097,8.39000000000033
CHARLS,323,wealth_within_low_education,final,183323,valid,,8097,4.32000000000016
CHARLS,324,recovery_phase,final,183324,valid,,8190,0.0500000000001819
CHARLS,324,wealth_by_sex,final,183324,valid,,8190,8.55999999999995
CHARLS,324,wealth_within_low_education,final,183324,valid,,8190,4.07000000000016
CHARLS,325,recovery_phase,final,183325,valid,,8191,0.0399999999999636
CHARLS,325,wealth_by_sex,final,183325,valid,,8191,8.23000000000002
CHARLS,325,wealth_within_low_education,final,183325,valid,,8191,4.33999999999969
CHARLS,326,recovery_phase,final,183326,valid,,8204,0.0499999999997272
CHARLS,326,wealth_by_sex,final,183326,valid,,8204,8.42999999999984
CHARLS,326,wealth_within_low_education,final,183326,valid,,8204,4.09000000000015
CHARLS,327,recovery_phase,final,183327,valid,,8148,0.0500000000001819
CHARLS,327,wealth_by_sex,final,183327,valid,,8148,8.76999999999998
CHARLS,327,wealth_within_low_education,final,183327,valid,,8148,4.30000000000018
CHARLS,328,recovery_phase,final,183328,valid,,8211,0.0499999999997272
CHARLS,328,wealth_by_sex,final,183328,valid,,8211,8.55999999999995
CHARLS,328,wealth_within_low_education,final,183328,valid,,8211,4.07999999999993
CHARLS,329,recovery_phase,final,183329,valid,,8141,0.0599999999999454
CHARLS,329,wealth_by_sex,final,183329,valid,,8141,8.67000000000007
CHARLS,329,wealth_within_low_education,final,183329,valid,,8141,4.14999999999964
CHARLS,330,recovery_phase,final,183330,valid,,8145,0.0599999999999454
CHARLS,330,wealth_by_sex,final,183330,valid,,8145,8.35999999999967
CHARLS,330,wealth_within_low_education,final,183330,valid,,8145,4.29999999999973
CHARLS,331,recovery_phase,final,183331,valid,,8172,0.0599999999999454
CHARLS,331,wealth_by_sex,final,183331,valid,,8172,9.38000000000011
CHARLS,331,wealth_within_low_education,final,183331,valid,,8172,4.9699999999998
CHARLS,332,recovery_phase,final,183332,valid,,8201,0.0700000000001637
CHARLS,332,wealth_by_sex,final,183332,valid,,8201,10.52
CHARLS,332,wealth_within_low_education,final,183332,valid,,8201,4.67999999999984
CHARLS,333,recovery_phase,final,183333,valid,,8166,0.0599999999999454
CHARLS,333,wealth_by_sex,final,183333,valid,,8166,10.5299999999997
CHARLS,333,wealth_within_low_education,final,183333,valid,,8166,4.48000000000002
CHARLS,334,recovery_phase,final,183334,valid,,8126,0.069999999999709
CHARLS,334,wealth_by_sex,final,183334,valid,,8126,8.44000000000006
CHARLS,334,wealth_within_low_education,final,183334,valid,,8126,4.09000000000015
CHARLS,335,recovery_phase,final,183335,valid,,8122,0.0599999999999454
CHARLS,335,wealth_by_sex,final,183335,valid,,8122,8.42999999999984
CHARLS,335,wealth_within_low_education,final,183335,valid,,8122,4
CHARLS,336,recovery_phase,final,183336,valid,,8166,0.0500000000001819
CHARLS,336,wealth_by_sex,final,183336,valid,,8166,8.40000000000009
CHARLS,336,wealth_within_low_education,final,183336,valid,,8166,4.19000000000005
CHARLS,337,recovery_phase,final,183337,valid,,8111,0.0700000000001637
CHARLS,337,wealth_by_sex,final,183337,valid,,8111,8.61999999999989
CHARLS,337,wealth_within_low_education,final,183337,valid,,8111,4.19000000000005
CHARLS,338,recovery_phase,final,183338,valid,,8154,0.0599999999999454
CHARLS,338,wealth_by_sex,final,183338,valid,,8154,8.72000000000026
CHARLS,338,wealth_within_low_education,final,183338,valid,,8154,4.26999999999998
CHARLS,339,recovery_phase,final,183339,valid,,8180,0.0399999999999636
CHARLS,339,wealth_by_sex,final,183339,valid,,8180,8.7199999999998
CHARLS,339,wealth_within_low_education,final,183339,valid,,8180,4.12000000000035
CHARLS,340,recovery_phase,final,183340,valid,,8140,0.0599999999999454
CHARLS,340,wealth_by_sex,final,183340,valid,,8140,8.68000000000029
CHARLS,340,wealth_within_low_education,final,183340,valid,,8140,4.90000000000009
CHARLS,341,recovery_phase,final,183341,valid,,8089,0.0599999999999454
CHARLS,341,wealth_by_sex,final,183341,valid,,8089,8.5
CHARLS,341,wealth_within_low_education,final,183341,valid,,8089,3.98999999999978
CHARLS,342,recovery_phase,final,183342,valid,,8159,0.0599999999999454
CHARLS,342,wealth_by_sex,final,183342,valid,,8159,8.67000000000007
CHARLS,342,wealth_within_low_education,final,183342,valid,,8159,4.19999999999982
CHARLS,343,recovery_phase,final,183343,valid,,8163,0.0599999999999454
CHARLS,343,wealth_by_sex,final,183343,valid,,8163,8.32999999999993
CHARLS,343,wealth_within_low_education,final,183343,valid,,8163,4.51999999999998
CHARLS,344,recovery_phase,final,183344,valid,,8120,0.069999999999709
CHARLS,344,wealth_by_sex,final,183344,valid,,8120,8.15999999999985
CHARLS,344,wealth_within_low_education,final,183344,valid,,8120,4.19000000000005
CHARLS,345,recovery_phase,final,183345,valid,,8111,0.0599999999999454
CHARLS,345,wealth_by_sex,final,183345,valid,,8111,8.56999999999971
CHARLS,345,wealth_within_low_education,final,183345,valid,,8111,4.26000000000022
CHARLS,346,recovery_phase,final,183346,valid,,8191,0.0499999999997272
CHARLS,346,wealth_by_sex,final,183346,valid,,8191,8.36000000000013
CHARLS,346,wealth_within_low_education,final,183346,valid,,8191,4.15000000000009
CHARLS,347,recovery_phase,final,183347,valid,,8142,0.0399999999999636
CHARLS,347,wealth_by_sex,final,183347,valid,,8142,8.87999999999965
CHARLS,347,wealth_within_low_education,final,183347,valid,,8142,4.09999999999991
CHARLS,348,recovery_phase,final,183348,valid,,8153,0.069999999999709
CHARLS,348,wealth_by_sex,final,183348,valid,,8153,8.84999999999991
CHARLS,348,wealth_within_low_education,final,183348,valid,,8153,3.94000000000005
CHARLS,349,recovery_phase,final,183349,valid,,8167,0.0700000000001637
CHARLS,349,wealth_by_sex,final,183349,valid,,8167,8.13999999999987
CHARLS,349,wealth_within_low_education,final,183349,valid,,8167,4.08999999999969
CHARLS,350,recovery_phase,final,183350,valid,,8239,0.0500000000001819
CHARLS,350,wealth_by_sex,final,183350,valid,,8239,8.63999999999987
CHARLS,350,wealth_within_low_education,final,183350,valid,,8239,4.11000000000013
CHARLS,351,recovery_phase,final,183351,valid,,8177,0.0399999999999636
CHARLS,351,wealth_by_sex,final,183351,valid,,8177,8.73000000000002
CHARLS,351,wealth_within_low_education,final,183351,valid,,8177,4.46000000000004
CHARLS,352,recovery_phase,final,183352,valid,,8152,0.0700000000001637
CHARLS,352,wealth_by_sex,final,183352,valid,,8152,8.82999999999993
CHARLS,352,wealth_within_low_education,final,183352,valid,,8152,4.11000000000013
CHARLS,353,recovery_phase,final,183353,valid,,8148,0.0700000000001637
CHARLS,353,wealth_by_sex,final,183353,valid,,8148,8.27999999999975
CHARLS,353,wealth_within_low_education,final,183353,valid,,8148,4.25
CHARLS,354,recovery_phase,final,183354,valid,,8123,0.0700000000001637
CHARLS,354,wealth_by_sex,final,183354,valid,,8123,8.5
CHARLS,354,wealth_within_low_education,final,183354,valid,,8123,4.17999999999984
CHARLS,355,recovery_phase,final,183355,valid,,8180,0.0399999999999636
CHARLS,355,wealth_by_sex,final,183355,valid,,8180,8.76999999999998
CHARLS,355,wealth_within_low_education,final,183355,valid,,8180,4.33999999999969
CHARLS,356,recovery_phase,final,183356,valid,,8182,0.0599999999999454
CHARLS,356,wealth_by_sex,final,183356,valid,,8182,8.87999999999965
CHARLS,356,wealth_within_low_education,final,183356,valid,,8182,4.25
CHARLS,357,recovery_phase,final,183357,valid,,8140,0.0399999999999636
CHARLS,357,wealth_by_sex,final,183357,valid,,8140,8.7800000000002
CHARLS,357,wealth_within_low_education,final,183357,valid,,8140,4.19000000000005
CHARLS,358,recovery_phase,final,183358,valid,,8173,0.0599999999999454
CHARLS,358,wealth_by_sex,final,183358,valid,,8173,8.57999999999993
CHARLS,358,wealth_within_low_education,final,183358,valid,,8173,3.63999999999987
CHARLS,359,recovery_phase,final,183359,valid,,8132,0.0500000000001819
CHARLS,359,wealth_by_sex,final,183359,valid,,8132,7.5
CHARLS,359,wealth_within_low_education,final,183359,valid,,8132,3.57999999999993
CHARLS,360,recovery_phase,final,183360,valid,,8135,0.0599999999999454
CHARLS,360,wealth_by_sex,final,183360,valid,,8135,8.13000000000011
CHARLS,360,wealth_within_low_education,final,183360,valid,,8135,3.62999999999965
CHARLS,361,recovery_phase,final,183361,valid,,8141,0.0499999999997272
CHARLS,361,wealth_by_sex,final,183361,valid,,8141,7.80999999999995
CHARLS,361,wealth_within_low_education,final,183361,valid,,8141,3.57999999999993
CHARLS,362,recovery_phase,final,183362,valid,,8140,0.0500000000001819
CHARLS,362,wealth_by_sex,final,183362,valid,,8140,7.82999999999993
CHARLS,362,wealth_within_low_education,final,183362,valid,,8140,3.63000000000011
CHARLS,363,recovery_phase,final,183363,valid,,8161,0.0499999999997272
CHARLS,363,wealth_by_sex,final,183363,valid,,8161,7.51999999999998
CHARLS,363,wealth_within_low_education,final,183363,valid,,8161,3.64000000000033
CHARLS,364,recovery_phase,final,183364,valid,,8149,0.0399999999999636
CHARLS,364,wealth_by_sex,final,183364,valid,,8149,7.55000000000018
CHARLS,364,wealth_within_low_education,final,183364,valid,,8149,3.69000000000005
CHARLS,365,recovery_phase,final,183365,valid,,8137,0.0500000000001819
CHARLS,365,wealth_by_sex,final,183365,valid,,8137,7.51999999999998
CHARLS,365,wealth_within_low_education,final,183365,valid,,8137,3.82999999999993
CHARLS,366,recovery_phase,final,183366,valid,,8108,0.0399999999999636
CHARLS,366,wealth_by_sex,final,183366,valid,,8108,7.38999999999987
CHARLS,366,wealth_within_low_education,final,183366,valid,,8108,3.80000000000018
CHARLS,367,recovery_phase,final,183367,valid,,8135,0.0300000000002001
CHARLS,367,wealth_by_sex,final,183367,valid,,8135,7.42000000000007
CHARLS,367,wealth_within_low_education,final,183367,valid,,8135,3.56999999999971
CHARLS,368,recovery_phase,final,183368,valid,,8167,0.0500000000001819
CHARLS,368,wealth_by_sex,final,183368,valid,,8167,7.34000000000015
CHARLS,368,wealth_within_low_education,final,183368,valid,,8167,3.77999999999975
CHARLS,369,recovery_phase,final,183369,valid,,8181,0.0399999999999636
CHARLS,369,wealth_by_sex,final,183369,valid,,8181,7.09999999999991
CHARLS,369,wealth_within_low_education,final,183369,valid,,8181,3.75
CHARLS,370,recovery_phase,final,183370,valid,,8108,0.0499999999997272
CHARLS,370,wealth_by_sex,final,183370,valid,,8108,7.80000000000018
CHARLS,370,wealth_within_low_education,final,183370,valid,,8108,3.5300000000002
CHARLS,371,recovery_phase,final,183371,valid,,8060,0.0700000000001637
CHARLS,371,wealth_by_sex,final,183371,valid,,8060,7.55000000000018
CHARLS,371,wealth_within_low_education,final,183371,valid,,8060,3.98000000000002
CHARLS,372,recovery_phase,final,183372,valid,,8176,0.0700000000001637
CHARLS,372,wealth_by_sex,final,183372,valid,,8176,8.45000000000027
CHARLS,372,wealth_within_low_education,final,183372,valid,,8176,4.15999999999985
CHARLS,373,recovery_phase,final,183373,valid,,8091,0.0500000000001819
CHARLS,373,wealth_by_sex,final,183373,valid,,8091,10.1600000000003
CHARLS,373,wealth_within_low_education,final,183373,valid,,8091,4.61999999999989
CHARLS,374,recovery_phase,final,183374,valid,,8098,0.0500000000001819
CHARLS,374,wealth_by_sex,final,183374,valid,,8098,7.92000000000007
CHARLS,374,wealth_within_low_education,final,183374,valid,,8098,4.78999999999996
CHARLS,375,recovery_phase,final,183375,valid,,8199,0.0599999999999454
CHARLS,375,wealth_by_sex,final,183375,valid,,8199,8.03999999999996
CHARLS,375,wealth_within_low_education,final,183375,valid,,8199,4.03999999999996
CHARLS,376,recovery_phase,final,183376,valid,,8177,0.0500000000001819
CHARLS,376,wealth_by_sex,final,183376,valid,,8177,7.90000000000009
CHARLS,376,wealth_within_low_education,final,183376,valid,,8177,3.51999999999998
CHARLS,377,recovery_phase,final,183377,valid,,8197,0.0700000000001637
CHARLS,377,wealth_by_sex,final,183377,valid,,8197,7.94999999999982
CHARLS,377,wealth_within_low_education,final,183377,valid,,8197,3.61000000000013
CHARLS,378,recovery_phase,final,183378,valid,,8108,0.0499999999997272
CHARLS,378,wealth_by_sex,final,183378,valid,,8108,7.69000000000006
CHARLS,378,wealth_within_low_education,final,183378,valid,,8108,3.65999999999985
CHARLS,379,recovery_phase,final,183379,valid,,8134,0.0399999999999636
CHARLS,379,wealth_by_sex,final,183379,valid,,8134,7.5300000000002
CHARLS,379,wealth_within_low_education,final,183379,valid,,8134,3.80999999999995
CHARLS,380,recovery_phase,final,183380,valid,,8236,0.0599999999999454
CHARLS,380,wealth_by_sex,final,183380,valid,,8236,7.32999999999993
CHARLS,380,wealth_within_low_education,final,183380,valid,,8236,3.70000000000027
CHARLS,381,recovery_phase,final,183381,valid,"",8153,0.0500000000001819
CHARLS,381,wealth_by_sex,final,183381,valid,"",8153,7.38999999999987
CHARLS,381,wealth_within_low_education,final,183381,failed,invalid standardized hazard: module=wealth_within_low_education process=death_pre origin=I0 stratum=all ses=high age=95,8153,1.7199999999998
CHARLS,382,recovery_phase,final,183382,valid,"",8162,0.0500000000001819
CHARLS,382,wealth_by_sex,final,183382,valid,"",8162,7.5
CHARLS,382,wealth_within_low_education,final,183382,valid,"",8162,3.57999999999993
CHARLS,383,recovery_phase,final,183383,valid,"",8181,0.0599999999999454
CHARLS,383,wealth_by_sex,final,183383,valid,"",8181,7.55999999999995
CHARLS,383,wealth_within_low_education,final,183383,valid,"",8181,3.72000000000025
CHARLS,384,recovery_phase,final,183384,valid,"",8243,0.0399999999999636
CHARLS,384,wealth_by_sex,final,183384,valid,"",8243,7.27999999999975
CHARLS,384,wealth_within_low_education,final,183384,valid,"",8243,3.45000000000027
CHARLS,385,recovery_phase,final,183385,valid,"",8160,0.0500000000001819
CHARLS,385,wealth_by_sex,final,183385,valid,"",8160,7.51999999999998
CHARLS,385,wealth_within_low_education,final,183385,valid,"",8160,3.55999999999995
CHARLS,386,recovery_phase,final,183386,valid,,8196,0.0500000000001819
CHARLS,386,wealth_by_sex,final,183386,valid,,8196,7.44999999999982
CHARLS,386,wealth_within_low_education,final,183386,valid,,8196,3.59000000000015
CHARLS,387,recovery_phase,final,183387,valid,,8208,0.0500000000001819
CHARLS,387,wealth_by_sex,final,183387,valid,,8208,7.55999999999995
CHARLS,387,wealth_within_low_education,final,183387,valid,,8208,3.46000000000004
CHARLS,388,recovery_phase,final,183388,valid,,8133,0.0500000000001819
CHARLS,388,wealth_by_sex,final,183388,valid,,8133,7.57999999999993
CHARLS,388,wealth_within_low_education,final,183388,valid,,8133,3.69999999999982
CHARLS,389,recovery_phase,final,183389,valid,,8196,0.0399999999999636
CHARLS,389,wealth_by_sex,final,183389,valid,,8196,7.37000000000035
CHARLS,389,wealth_within_low_education,final,183389,valid,,8196,3.53999999999996
CHARLS,390,recovery_phase,final,183390,valid,,8098,0.0399999999999636
CHARLS,390,wealth_by_sex,final,183390,valid,,8098,7.22000000000026
CHARLS,390,wealth_within_low_education,final,183390,valid,,8098,3.61000000000013
CHARLS,391,recovery_phase,final,183391,valid,"",8172,0.0300000000002001
CHARLS,391,wealth_by_sex,final,183391,valid,"",8172,7.16000000000031
CHARLS,391,wealth_within_low_education,final,183391,valid,"",8172,3.52999999999975
CHARLS,392,recovery_phase,final,183392,valid,"",8093,0.0599999999999454
CHARLS,392,wealth_by_sex,final,183392,failed,invalid standardized hazard: module=wealth_by_sex process=death_pre origin=I0 stratum=male ses=high age=91,8093,3.15000000000009
CHARLS,392,wealth_within_low_education,final,183392,failed,invalid standardized hazard: module=wealth_within_low_education process=death_pre origin=I0 stratum=all ses=high age=91,8093,1.63999999999987
CHARLS,393,recovery_phase,final,183393,valid,"",8205,0.0399999999999636
CHARLS,393,wealth_by_sex,final,183393,valid,"",8205,7.79999999999973
CHARLS,393,wealth_within_low_education,final,183393,valid,"",8205,3.64000000000033
CHARLS,394,recovery_phase,final,183394,valid,"",8209,0.0500000000001819
CHARLS,394,wealth_by_sex,final,183394,valid,"",8209,7.80000000000018
CHARLS,394,wealth_within_low_education,final,183394,valid,"",8209,3.59999999999991
CHARLS,395,recovery_phase,final,183395,valid,"",8099,0.0300000000002001
CHARLS,395,wealth_by_sex,final,183395,valid,"",8099,8.11000000000013
CHARLS,395,wealth_within_low_education,final,183395,valid,"",8099,3.48000000000002
CHARLS,396,recovery_phase,final,183396,valid,,8127,0.0399999999999636
CHARLS,396,wealth_by_sex,final,183396,valid,,8127,7.73999999999978
CHARLS,396,wealth_within_low_education,final,183396,valid,,8127,3.62000000000035
CHARLS,397,recovery_phase,final,183397,valid,,8163,0.0500000000001819
CHARLS,397,wealth_by_sex,final,183397,valid,,8163,7.23000000000002
CHARLS,397,wealth_within_low_education,final,183397,valid,,8163,3.67000000000007
CHARLS,398,recovery_phase,final,183398,valid,,8173,0.0500000000001819
CHARLS,398,wealth_by_sex,final,183398,valid,,8173,7.80000000000018
CHARLS,398,wealth_within_low_education,final,183398,valid,,8173,3.67999999999984
CHARLS,399,recovery_phase,final,183399,valid,,8114,0.0500000000001819
CHARLS,399,wealth_by_sex,final,183399,valid,,8114,7.55000000000018
CHARLS,399,wealth_within_low_education,final,183399,valid,,8114,3.57999999999993
CHARLS,400,recovery_phase,final,183400,valid,,8176,0.069999999999709
CHARLS,400,wealth_by_sex,final,183400,valid,,8176,7.42999999999984
CHARLS,400,wealth_within_low_education,final,183400,valid,,8176,3.51000000000022
CHARLS,401,recovery_phase,final,183401,valid,,8156,0.0399999999999636
CHARLS,401,wealth_by_sex,final,183401,valid,,8156,7.32999999999993
CHARLS,401,wealth_within_low_education,final,183401,valid,,8156,3.80999999999995
CHARLS,402,recovery_phase,final,183402,valid,,8079,0.0500000000001819
CHARLS,402,wealth_by_sex,final,183402,valid,,8079,7.45000000000027
CHARLS,402,wealth_within_low_education,final,183402,valid,,8079,3.57999999999993
CHARLS,403,recovery_phase,final,183403,valid,,8102,0.0399999999999636
CHARLS,403,wealth_by_sex,final,183403,valid,,8102,7.23999999999978
CHARLS,403,wealth_within_low_education,final,183403,valid,,8102,4.13999999999987
CHARLS,404,recovery_phase,final,183404,valid,,8235,0.0599999999999454
CHARLS,404,wealth_by_sex,final,183404,valid,,8235,7.34000000000015
CHARLS,404,wealth_within_low_education,final,183404,valid,,8235,3.63999999999987
CHARLS,405,recovery_phase,final,183405,valid,,8108,0.0500000000001819
CHARLS,405,wealth_by_sex,final,183405,valid,,8108,7.57999999999993
CHARLS,405,wealth_within_low_education,final,183405,valid,,8108,3.62999999999965
CHARLS,406,recovery_phase,final,183406,valid,,8111,0.0700000000001637
CHARLS,406,wealth_by_sex,final,183406,valid,,8111,7.48000000000002
CHARLS,406,wealth_within_low_education,final,183406,valid,,8111,3.86999999999989
CHARLS,407,recovery_phase,final,183407,valid,,8159,0.0500000000001819
CHARLS,407,wealth_by_sex,final,183407,valid,,8159,7.49000000000024
CHARLS,407,wealth_within_low_education,final,183407,valid,,8159,3.57999999999993
CHARLS,408,recovery_phase,final,183408,valid,,8158,0.0500000000001819
CHARLS,408,wealth_by_sex,final,183408,valid,,8158,7.23000000000002
CHARLS,408,wealth_within_low_education,final,183408,valid,,8158,3.59000000000015
CHARLS,409,recovery_phase,final,183409,valid,,8111,0.0499999999997272
CHARLS,409,wealth_by_sex,final,183409,valid,,8111,7.32999999999993
CHARLS,409,wealth_within_low_education,final,183409,valid,,8111,3.59000000000015
CHARLS,410,recovery_phase,final,183410,valid,,8200,0.0399999999999636
CHARLS,410,wealth_by_sex,final,183410,valid,,8200,7.63999999999987
CHARLS,410,wealth_within_low_education,final,183410,valid,,8200,3.59999999999991
CHARLS,411,recovery_phase,final,183411,valid,,8129,0.0499999999997272
CHARLS,411,wealth_by_sex,final,183411,valid,,8129,7.48999999999978
CHARLS,411,wealth_within_low_education,final,183411,valid,,8129,3.64000000000033
CHARLS,412,recovery_phase,final,183412,valid,,8157,0.0399999999999636
CHARLS,412,wealth_by_sex,final,183412,valid,,8157,7.87000000000035
CHARLS,412,wealth_within_low_education,final,183412,valid,,8157,3.62999999999965
CHARLS,413,recovery_phase,final,183413,valid,,8192,0.0500000000001819
CHARLS,413,wealth_by_sex,final,183413,valid,,8192,7.98999999999978
CHARLS,413,wealth_within_low_education,final,183413,valid,,8192,3.82999999999993
CHARLS,414,recovery_phase,final,183414,valid,,8138,0.0500000000001819
CHARLS,414,wealth_by_sex,final,183414,valid,,8138,7.58000000000038
CHARLS,414,wealth_within_low_education,final,183414,valid,,8138,3.57999999999993
CHARLS,415,recovery_phase,final,183415,valid,,8139,0.0399999999999636
CHARLS,415,wealth_by_sex,final,183415,valid,,8139,8.66000000000031
CHARLS,415,wealth_within_low_education,final,183415,valid,,8139,3.7800000000002
CHARLS,416,recovery_phase,final,183416,valid,,8190,0.069999999999709
CHARLS,416,wealth_by_sex,final,183416,valid,,8190,7.59999999999991
CHARLS,416,wealth_within_low_education,final,183416,valid,,8190,3.69000000000005
CHARLS,417,recovery_phase,final,183417,valid,,8176,0.0500000000001819
CHARLS,417,wealth_by_sex,final,183417,valid,,8176,7.86999999999989
CHARLS,417,wealth_within_low_education,final,183417,valid,,8176,3.73000000000002
CHARLS,418,recovery_phase,final,183418,valid,,8120,0.0500000000001819
CHARLS,418,wealth_by_sex,final,183418,valid,,8120,7.72000000000026
CHARLS,418,wealth_within_low_education,final,183418,valid,,8120,3.78999999999996
CHARLS,419,recovery_phase,final,183419,valid,,8159,0.0599999999999454
CHARLS,419,wealth_by_sex,final,183419,valid,,8159,7.69999999999982
CHARLS,419,wealth_within_low_education,final,183419,valid,,8159,3.76999999999998
CHARLS,420,recovery_phase,final,183420,valid,,8183,0.0399999999999636
CHARLS,420,wealth_by_sex,final,183420,valid,,8183,7.57000000000016
CHARLS,420,wealth_within_low_education,final,183420,valid,,8183,3.72000000000025
CHARLS,421,recovery_phase,final,183421,valid,,8172,0.0599999999999454
CHARLS,421,wealth_by_sex,final,183421,valid,,8172,7.7199999999998
CHARLS,421,wealth_within_low_education,final,183421,valid,,8172,3.61000000000013
CHARLS,422,recovery_phase,final,183422,valid,,8125,0.0700000000001637
CHARLS,422,wealth_by_sex,final,183422,valid,,8125,7.55999999999995
CHARLS,422,wealth_within_low_education,final,183422,valid,,8125,3.69000000000005
CHARLS,423,recovery_phase,final,183423,valid,,8188,0.0500000000001819
CHARLS,423,wealth_by_sex,final,183423,valid,,8188,7.5300000000002
CHARLS,423,wealth_within_low_education,final,183423,valid,,8188,3.84999999999991
CHARLS,424,recovery_phase,final,183424,valid,,8077,0.0399999999999636
CHARLS,424,wealth_by_sex,final,183424,valid,,8077,7.63000000000011
CHARLS,424,wealth_within_low_education,final,183424,valid,,8077,3.60999999999967
CHARLS,425,recovery_phase,final,183425,valid,,8200,0.0399999999999636
CHARLS,425,wealth_by_sex,final,183425,valid,,8200,7.48000000000002
CHARLS,425,wealth_within_low_education,final,183425,valid,,8200,3.53999999999996
CHARLS,426,recovery_phase,final,183426,valid,,8146,0.0499999999997272
CHARLS,426,wealth_by_sex,final,183426,valid,,8146,7.80999999999995
CHARLS,426,wealth_within_low_education,final,183426,valid,,8146,3.66999999999962
CHARLS,427,recovery_phase,final,183427,valid,,8183,0.0399999999999636
CHARLS,427,wealth_by_sex,final,183427,valid,,8183,7.7199999999998
CHARLS,427,wealth_within_low_education,final,183427,valid,,8183,3.71000000000004
CHARLS,428,recovery_phase,final,183428,valid,,8140,0.0500000000001819
CHARLS,428,wealth_by_sex,final,183428,valid,,8140,7.61000000000013
CHARLS,428,wealth_within_low_education,final,183428,valid,,8140,3.75
CHARLS,429,recovery_phase,final,183429,valid,,8157,0.0399999999999636
CHARLS,429,wealth_by_sex,final,183429,valid,,8157,7.32999999999993
CHARLS,429,wealth_within_low_education,final,183429,valid,,8157,3.84000000000015
CHARLS,430,recovery_phase,final,183430,valid,,8152,0.0399999999999636
CHARLS,430,wealth_by_sex,final,183430,valid,,8152,7.44999999999982
CHARLS,430,wealth_within_low_education,final,183430,valid,,8152,3.57000000000016
CHARLS,431,recovery_phase,final,183431,valid,,8168,0.0500000000001819
CHARLS,431,wealth_by_sex,final,183431,valid,,8168,7.92999999999984
CHARLS,431,wealth_within_low_education,final,183431,valid,,8168,4
CHARLS,432,recovery_phase,final,183432,valid,,8162,0.0399999999999636
CHARLS,432,wealth_by_sex,final,183432,valid,,8162,8.28999999999996
CHARLS,432,wealth_within_low_education,final,183432,valid,,8162,3.7199999999998
CHARLS,433,recovery_phase,final,183433,valid,,8134,0.0700000000001637
CHARLS,433,wealth_by_sex,final,183433,valid,,8134,8.01999999999998
CHARLS,433,wealth_within_low_education,final,183433,valid,,8134,4.15999999999985
CHARLS,434,recovery_phase,final,183434,valid,,8202,0.0599999999999454
CHARLS,434,wealth_by_sex,final,183434,valid,,8202,7.90999999999985
CHARLS,434,wealth_within_low_education,final,183434,valid,,8202,4.55999999999995
CHARLS,435,recovery_phase,final,183435,valid,,8143,0.0500000000001819
CHARLS,435,wealth_by_sex,final,183435,valid,,8143,8.01000000000022
CHARLS,435,wealth_within_low_education,final,183435,valid,,8143,4.32999999999993
CHARLS,436,recovery_phase,final,183436,valid,,8208,0.0500000000001819
CHARLS,436,wealth_by_sex,final,183436,valid,,8208,7.40999999999985
CHARLS,436,wealth_within_low_education,final,183436,valid,,8208,3.65000000000009
CHARLS,437,recovery_phase,final,183437,valid,,8132,0.0700000000001637
CHARLS,437,wealth_by_sex,final,183437,valid,,8132,8.38000000000011
CHARLS,437,wealth_within_low_education,final,183437,valid,,8132,4.01999999999998
CHARLS,438,recovery_phase,final,183438,valid,,8157,0.0900000000001455
CHARLS,438,wealth_by_sex,final,183438,valid,,8157,9.32000000000016
CHARLS,438,wealth_within_low_education,final,183438,valid,,8157,5.02999999999975
CHARLS,439,recovery_phase,final,183439,valid,,8189,0.0599999999999454
CHARLS,439,wealth_by_sex,final,183439,valid,,8189,10.5799999999999
CHARLS,439,wealth_within_low_education,final,183439,valid,,8189,4.47000000000025
CHARLS,440,recovery_phase,final,183440,valid,,8140,0.0500000000001819
CHARLS,440,wealth_by_sex,final,183440,valid,,8140,9.2199999999998
CHARLS,440,wealth_within_low_education,final,183440,valid,,8140,4.32999999999993
CHARLS,441,recovery_phase,final,183441,valid,,8150,0.0500000000001819
CHARLS,441,wealth_by_sex,final,183441,valid,,8150,9.0600000000004
CHARLS,441,wealth_within_low_education,final,183441,valid,,8150,3.77999999999975
CHARLS,442,recovery_phase,final,183442,valid,,8197,0.0500000000001819
CHARLS,442,wealth_by_sex,final,183442,valid,,8197,8.44999999999982
CHARLS,442,wealth_within_low_education,final,183442,valid,,8197,3.93000000000029
CHARLS,443,recovery_phase,final,183443,valid,,8150,0.0500000000001819
CHARLS,443,wealth_by_sex,final,183443,valid,,8150,7.7199999999998
CHARLS,443,wealth_within_low_education,final,183443,valid,,8150,3.70000000000027
CHARLS,444,recovery_phase,final,183444,valid,,8137,0.0500000000001819
CHARLS,444,wealth_by_sex,final,183444,valid,,8137,8.07999999999993
CHARLS,444,wealth_within_low_education,final,183444,valid,,8137,3.86000000000013
CHARLS,445,recovery_phase,final,183445,valid,,8134,0.0500000000001819
CHARLS,445,wealth_by_sex,final,183445,valid,,8134,7.94999999999982
CHARLS,445,wealth_within_low_education,final,183445,valid,,8134,3.63000000000011
CHARLS,446,recovery_phase,final,183446,valid,,8137,0.0599999999999454
CHARLS,446,wealth_by_sex,final,183446,valid,,8137,8.01999999999998
CHARLS,446,wealth_within_low_education,final,183446,valid,,8137,3.73000000000002
CHARLS,447,recovery_phase,final,183447,valid,,8127,0.0499999999997272
CHARLS,447,wealth_by_sex,final,183447,valid,,8127,8.04999999999973
CHARLS,447,wealth_within_low_education,final,183447,valid,,8127,3.86000000000013
CHARLS,448,recovery_phase,final,183448,valid,,8234,0.0399999999999636
CHARLS,448,wealth_by_sex,final,183448,valid,,8234,7.86000000000013
CHARLS,448,wealth_within_low_education,final,183448,valid,,8234,3.94999999999982
CHARLS,449,recovery_phase,final,183449,valid,,8098,0.0500000000001819
CHARLS,449,wealth_by_sex,final,183449,valid,,8098,7.48000000000002
CHARLS,449,wealth_within_low_education,final,183449,valid,,8098,3.59999999999991
CHARLS,450,recovery_phase,final,183450,valid,,8128,0.0399999999999636
CHARLS,450,wealth_by_sex,final,183450,valid,,8128,7.25
CHARLS,450,wealth_within_low_education,final,183450,valid,,8128,3.51999999999998
CHARLS,451,recovery_phase,final,183451,valid,,8224,0.0500000000001819
CHARLS,451,wealth_by_sex,final,183451,valid,,8224,7.5
CHARLS,451,wealth_within_low_education,final,183451,valid,,8224,3.49000000000024
CHARLS,452,recovery_phase,final,183452,valid,,8191,0.0500000000001819
CHARLS,452,wealth_by_sex,final,183452,valid,,8191,7.3100000000004
CHARLS,452,wealth_within_low_education,final,183452,valid,,8191,3.65999999999985
CHARLS,453,recovery_phase,final,183453,valid,,8160,0.0399999999999636
CHARLS,453,wealth_by_sex,final,183453,valid,,8160,7.59999999999991
CHARLS,453,wealth_within_low_education,final,183453,valid,,8160,3.88999999999987
CHARLS,454,recovery_phase,final,183454,valid,,8113,0.0999999999999091
CHARLS,454,wealth_by_sex,final,183454,valid,,8113,7.84999999999991
CHARLS,454,wealth_within_low_education,final,183454,valid,,8113,5.01999999999998
CHARLS,455,recovery_phase,final,183455,valid,,8129,0.0500000000001819
CHARLS,455,wealth_by_sex,final,183455,valid,,8129,8.12000000000035
CHARLS,455,wealth_within_low_education,final,183455,valid,,8129,3.84999999999991
CHARLS,456,recovery_phase,final,183456,valid,,8166,0.0700000000001637
CHARLS,456,wealth_by_sex,final,183456,valid,,8166,8.21000000000004
CHARLS,456,wealth_within_low_education,final,183456,valid,,8166,3.92000000000007
CHARLS,457,recovery_phase,final,183457,valid,,8106,0.0599999999999454
CHARLS,457,wealth_by_sex,final,183457,valid,,8106,8.07999999999993
CHARLS,457,wealth_within_low_education,final,183457,valid,,8106,3.82000000000016
CHARLS,458,recovery_phase,final,183458,valid,,8135,0.0499999999997272
CHARLS,458,wealth_by_sex,final,183458,valid,,8135,7.5
CHARLS,458,wealth_within_low_education,final,183458,valid,,8135,3.80999999999995
CHARLS,459,recovery_phase,final,183459,valid,,8182,0.0500000000001819
CHARLS,459,wealth_by_sex,final,183459,valid,,8182,7.60999999999967
CHARLS,459,wealth_within_low_education,final,183459,valid,,8182,3.72999999999956
CHARLS,460,recovery_phase,final,183460,valid,,8099,0.0500000000001819
CHARLS,460,wealth_by_sex,final,183460,valid,,8099,7.96999999999935
CHARLS,460,wealth_within_low_education,final,183460,valid,,8099,3.53000000000066
CHARLS,461,recovery_phase,final,183461,valid,,8137,0.0399999999999636
CHARLS,461,wealth_by_sex,final,183461,valid,,8137,7.98000000000047
CHARLS,461,wealth_within_low_education,final,183461,valid,,8137,3.44999999999982
CHARLS,462,recovery_phase,final,183462,valid,,8148,0.0499999999992724
CHARLS,462,wealth_by_sex,final,183462,valid,,8148,7.47000000000026
CHARLS,462,wealth_within_low_education,final,183462,valid,,8148,3.88000000000011
CHARLS,463,recovery_phase,final,183463,valid,,8144,0.0299999999997453
CHARLS,463,wealth_by_sex,final,183463,valid,,8144,7.38000000000011
CHARLS,463,wealth_within_low_education,final,183463,valid,,8144,3.77999999999975
CHARLS,464,recovery_phase,final,183464,valid,,8154,0.0399999999999636
CHARLS,464,wealth_by_sex,final,183464,valid,,8154,7.44999999999982
CHARLS,464,wealth_within_low_education,final,183464,valid,,8154,3.64000000000033
CHARLS,465,recovery_phase,final,183465,valid,,8170,0.0399999999999636
CHARLS,465,wealth_by_sex,final,183465,valid,,8170,7.82000000000062
CHARLS,465,wealth_within_low_education,final,183465,valid,,8170,3.61000000000058
CHARLS,466,recovery_phase,final,183466,valid,,8120,0.0500000000001819
CHARLS,466,wealth_by_sex,final,183466,valid,,8120,9.07999999999993
CHARLS,466,wealth_within_low_education,final,183466,valid,,8120,5.03999999999996
CHARLS,467,recovery_phase,final,183467,valid,,8149,0.0500000000001819
CHARLS,467,wealth_by_sex,final,183467,valid,,8149,9.66000000000076
CHARLS,467,wealth_within_low_education,final,183467,valid,,8149,4.27999999999975
CHARLS,468,recovery_phase,final,183468,valid,,8113,0.069999999999709
CHARLS,468,wealth_by_sex,final,183468,valid,,8113,9.53999999999996
CHARLS,468,wealth_within_low_education,final,183468,valid,,8113,5.05000000000018
CHARLS,469,recovery_phase,final,183469,valid,,8161,0.0500000000001819
CHARLS,469,wealth_by_sex,final,183469,valid,,8161,9.78000000000065
CHARLS,469,wealth_within_low_education,final,183469,valid,,8161,4.75
CHARLS,470,recovery_phase,final,183470,valid,,8124,0.0500000000001819
CHARLS,470,wealth_by_sex,final,183470,valid,,8124,11.1700000000001
CHARLS,470,wealth_within_low_education,final,183470,valid,,8124,4.17000000000007
CHARLS,471,recovery_phase,final,183471,valid,,8126,0.0500000000001819
CHARLS,471,wealth_by_sex,final,183471,valid,,8126,8.01000000000022
CHARLS,471,wealth_within_low_education,final,183471,valid,,8126,3.73999999999978
CHARLS,472,recovery_phase,final,183472,valid,,8177,0.0500000000001819
CHARLS,472,wealth_by_sex,final,183472,valid,,8177,7.51000000000022
CHARLS,472,wealth_within_low_education,final,183472,valid,,8177,3.86000000000058
CHARLS,473,recovery_phase,final,183473,valid,,8166,0.0500000000001819
CHARLS,473,wealth_by_sex,final,183473,valid,,8166,7.77999999999975
CHARLS,473,wealth_within_low_education,final,183473,valid,,8166,3.92000000000007
CHARLS,474,recovery_phase,final,183474,valid,,8133,0.069999999999709
CHARLS,474,wealth_by_sex,final,183474,valid,,8133,8.66000000000076
CHARLS,474,wealth_within_low_education,final,183474,valid,,8133,4.43000000000029
CHARLS,475,recovery_phase,final,183475,valid,,8168,0.0500000000001819
CHARLS,475,wealth_by_sex,final,183475,valid,,8168,7.82999999999993
CHARLS,475,wealth_within_low_education,final,183475,valid,,8168,3.77999999999975
CHARLS,476,recovery_phase,final,183476,valid,,8103,0.0500000000001819
CHARLS,476,wealth_by_sex,final,183476,valid,,8103,7.92000000000007
CHARLS,476,wealth_within_low_education,final,183476,valid,,8103,3.55000000000018
CHARLS,477,recovery_phase,final,183477,valid,,8125,0.0599999999994907
CHARLS,477,wealth_by_sex,final,183477,valid,,8125,7.85999999999967
CHARLS,477,wealth_within_low_education,final,183477,valid,,8125,4.05000000000018
CHARLS,478,recovery_phase,final,183478,valid,,8108,0.0399999999999636
CHARLS,478,wealth_by_sex,final,183478,valid,,8108,7.65999999999985
CHARLS,478,wealth_within_low_education,final,183478,valid,,8108,3.56999999999971
CHARLS,479,recovery_phase,final,183479,valid,,8225,0.0500000000001819
CHARLS,479,wealth_by_sex,final,183479,valid,,8225,7.56999999999971
CHARLS,479,wealth_within_low_education,final,183479,valid,,8225,3.69999999999982
CHARLS,480,recovery_phase,final,183480,valid,,8141,0.0500000000001819
CHARLS,480,wealth_by_sex,final,183480,valid,,8141,7.34999999999945
CHARLS,480,wealth_within_low_education,final,183480,valid,,8141,3.57999999999993
CHARLS,481,recovery_phase,final,183481,valid,,8168,0.0600000000004002
CHARLS,481,wealth_by_sex,final,183481,valid,,8168,7.46000000000004
CHARLS,481,wealth_within_low_education,final,183481,valid,,8168,3.75999999999931
CHARLS,482,recovery_phase,final,183482,valid,,8213,0.0399999999999636
CHARLS,482,wealth_by_sex,final,183482,valid,,8213,8.25
CHARLS,482,wealth_within_low_education,final,183482,valid,,8213,3.76999999999953
CHARLS,483,recovery_phase,final,183483,valid,,8147,0.0500000000001819
CHARLS,483,wealth_by_sex,final,183483,valid,,8147,7.88999999999942
CHARLS,483,wealth_within_low_education,final,183483,valid,,8147,3.71999999999935
CHARLS,484,recovery_phase,final,183484,valid,,8137,0.069999999999709
CHARLS,484,wealth_by_sex,final,183484,valid,,8137,7.57999999999993
CHARLS,484,wealth_within_low_education,final,183484,valid,,8137,3.65999999999985
CHARLS,485,recovery_phase,final,183485,valid,,8160,0.0399999999999636
CHARLS,485,wealth_by_sex,final,183485,valid,,8160,7.59000000000015
CHARLS,485,wealth_within_low_education,final,183485,valid,,8160,3.57000000000062
CHARLS,486,recovery_phase,final,183486,valid,,8074,0.0399999999999636
CHARLS,486,wealth_by_sex,final,183486,valid,,8074,7.91000000000076
CHARLS,486,wealth_within_low_education,final,183486,valid,,8074,3.80000000000018
CHARLS,487,recovery_phase,final,183487,valid,,8162,0.0500000000001819
CHARLS,487,wealth_by_sex,final,183487,valid,,8162,7.53999999999996
CHARLS,487,wealth_within_low_education,final,183487,valid,,8162,3.75
CHARLS,488,recovery_phase,final,183488,valid,,8186,0.0399999999999636
CHARLS,488,wealth_by_sex,final,183488,valid,,8186,7.75
CHARLS,488,wealth_within_low_education,final,183488,valid,,8186,3.67000000000007
CHARLS,489,recovery_phase,final,183489,valid,,8178,0.0499999999992724
CHARLS,489,wealth_by_sex,final,183489,valid,,8178,8.02999999999975
CHARLS,489,wealth_within_low_education,final,183489,valid,,8178,3.52999999999975
CHARLS,490,recovery_phase,final,183490,valid,,8113,0.0500000000001819
CHARLS,490,wealth_by_sex,final,183490,valid,,8113,7.89000000000033
CHARLS,490,wealth_within_low_education,final,183490,valid,,8113,3.70000000000073
CHARLS,491,recovery_phase,final,183491,valid,,8088,0.0500000000001819
CHARLS,491,wealth_by_sex,final,183491,valid,,8088,7.85999999999967
CHARLS,491,wealth_within_low_education,final,183491,valid,,8088,3.63000000000011
CHARLS,492,recovery_phase,final,183492,valid,,8166,0.0599999999994907
CHARLS,492,wealth_by_sex,final,183492,valid,,8166,7.92000000000007
CHARLS,492,wealth_within_low_education,final,183492,valid,,8166,3.63000000000011
CHARLS,493,recovery_phase,final,183493,valid,,8115,0.0399999999999636
CHARLS,493,wealth_by_sex,final,183493,valid,,8115,7.59000000000015
CHARLS,493,wealth_within_low_education,final,183493,valid,,8115,3.6899999999996
CHARLS,494,recovery_phase,final,183494,valid,,8099,0.0399999999999636
CHARLS,494,wealth_by_sex,final,183494,valid,,8099,7.80999999999949
CHARLS,494,wealth_within_low_education,final,183494,valid,,8099,4.28999999999996
CHARLS,495,recovery_phase,final,183495,valid,,8115,0.0399999999999636
CHARLS,495,wealth_by_sex,final,183495,valid,,8115,7.86000000000058
CHARLS,495,wealth_within_low_education,final,183495,valid,,8115,3.85999999999967
CHARLS,496,recovery_phase,final,183496,valid,"",8141,0.0500000000001819
CHARLS,496,wealth_by_sex,final,183496,valid,"",8141,7.76000000000022
CHARLS,496,wealth_within_low_education,final,183496,valid,"",8141,3.80999999999949
CHARLS,497,recovery_phase,final,183497,valid,"",8126,0.0399999999999636
CHARLS,497,wealth_by_sex,final,183497,valid,"",8126,7.82999999999993
CHARLS,497,wealth_within_low_education,final,183497,valid,"",8126,3.69000000000051
CHARLS,498,recovery_phase,final,183498,valid,"",8108,0.0500000000001819
CHARLS,498,wealth_by_sex,final,183498,failed,invalid standardized hazard: module=wealth_by_sex process=death_pre origin=I0 stratum=male ses=high age=92,8108,3.42000000000007
CHARLS,498,wealth_within_low_education,final,183498,failed,invalid standardized hazard: module=wealth_within_low_education process=death_pre origin=I0 stratum=all ses=high age=91,8108,1.57000000000062
CHARLS,499,recovery_phase,final,183499,valid,"",8199,0.0499999999992724
CHARLS,499,wealth_by_sex,final,183499,valid,"",8199,7.89000000000033
CHARLS,499,wealth_within_low_education,final,183499,valid,"",8199,3.67000000000007
CHARLS,500,recovery_phase,final,183500,valid,"",8173,0.0399999999999636
CHARLS,500,wealth_by_sex,final,183500,valid,"",8173,7.86000000000058
CHARLS,500,wealth_within_low_education,final,183500,valid,"",8173,3.86000000000058
ELSA,1,recovery_phase,final,383001,valid,,9017,0.129999999999999
ELSA,1,wealth_by_sex,final,383001,valid,,9017,7.59
ELSA,1,wealth_within_low_education,final,383001,valid,,9017,3.14
ELSA,2,recovery_phase,final,383002,valid,,8947,0.0800000000000019
ELSA,2,wealth_by_sex,final,383002,valid,,8947,6.91
ELSA,2,wealth_within_low_education,final,383002,valid,,8947,3.32
ELSA,3,recovery_phase,final,383003,valid,,9058,0.0899999999999963
ELSA,3,wealth_by_sex,final,383003,valid,,9058,7.11
ELSA,3,wealth_within_low_education,final,383003,valid,,9058,3.2
ELSA,4,recovery_phase,final,383004,valid,,9030,0.0800000000000054
ELSA,4,wealth_by_sex,final,383004,valid,,9030,7.11
ELSA,4,wealth_within_low_education,final,383004,valid,,9030,3.12
ELSA,5,recovery_phase,final,383005,valid,,8990,0.100000000000001
ELSA,5,wealth_by_sex,final,383005,valid,,8990,7.07
ELSA,5,wealth_within_low_education,final,383005,valid,,8990,3.15
ELSA,6,recovery_phase,final,383006,valid,,9041,0.16
ELSA,6,wealth_by_sex,final,383006,valid,,9041,9.46
ELSA,6,wealth_within_low_education,final,383006,valid,,9041,3.79
ELSA,7,recovery_phase,final,383007,valid,,9055,0.100000000000001
ELSA,7,wealth_by_sex,final,383007,valid,,9055,8.67
ELSA,7,wealth_within_low_education,final,383007,valid,,9055,3.83
ELSA,8,recovery_phase,final,383008,valid,,8956,0.0900000000000034
ELSA,8,wealth_by_sex,final,383008,valid,,8956,8.56
ELSA,8,wealth_within_low_education,final,383008,valid,,8956,3.89
ELSA,9,recovery_phase,final,383009,valid,,8996,0.0899999999999963
ELSA,9,wealth_by_sex,final,383009,valid,,8996,8.23
ELSA,9,wealth_within_low_education,final,383009,valid,,8996,3.9
ELSA,10,recovery_phase,final,383010,valid,,9021,0.0799999999999983
ELSA,10,wealth_by_sex,final,383010,valid,,9021,8.91
ELSA,10,wealth_within_low_education,final,383010,valid,,9021,3.92999999999999
ELSA,11,recovery_phase,final,383011,valid,,8980,0.0899999999999892
ELSA,11,wealth_by_sex,final,383011,valid,,8980,8.81
ELSA,11,wealth_within_low_education,final,383011,valid,,8980,3.95
ELSA,12,recovery_phase,final,383012,valid,,8993,0.0600000000000023
ELSA,12,wealth_by_sex,final,383012,valid,,8993,8.75
ELSA,12,wealth_within_low_education,final,383012,valid,,8993,3.27
ELSA,13,recovery_phase,final,383013,valid,,9002,0.0799999999999983
ELSA,13,wealth_by_sex,final,383013,valid,,9002,7.5
ELSA,13,wealth_within_low_education,final,383013,valid,,9002,3.55999999999999
ELSA,14,recovery_phase,final,383014,valid,,8985,0.0700000000000074
ELSA,14,wealth_by_sex,final,383014,valid,,8985,7.87000000000001
ELSA,14,wealth_within_low_education,final,383014,valid,,8985,3.58000000000001
ELSA,15,recovery_phase,final,383015,valid,,8986,0.0800000000000125
ELSA,15,wealth_by_sex,final,383015,valid,,8986,8.14
ELSA,15,wealth_within_low_education,final,383015,valid,,8986,3.62
ELSA,16,recovery_phase,final,383016,valid,,9034,0.0800000000000125
ELSA,16,wealth_by_sex,final,383016,valid,,9034,7.58000000000001
ELSA,16,wealth_within_low_education,final,383016,valid,,9034,2.69
ELSA,17,recovery_phase,final,383017,valid,,9013,0.0900000000000034
ELSA,17,wealth_by_sex,final,383017,valid,,9013,7.47
ELSA,17,wealth_within_low_education,final,383017,valid,,9013,3.91999999999999
ELSA,18,recovery_phase,final,383018,valid,,9039,0.0999999999999943
ELSA,18,wealth_by_sex,final,383018,valid,,9039,8.25
ELSA,18,wealth_within_low_education,final,383018,valid,,9039,3.82999999999998
ELSA,19,recovery_phase,final,383019,valid,,8918,0.100000000000023
ELSA,19,wealth_by_sex,final,383019,valid,,8918,7.01000000000002
ELSA,19,wealth_within_low_education,final,383019,valid,,8918,5.22
ELSA,20,recovery_phase,final,383020,valid,,9020,0.0699999999999932
ELSA,20,wealth_by_sex,final,383020,valid,,9020,8.72999999999999
ELSA,20,wealth_within_low_education,final,383020,valid,,9020,3.90000000000001
ELSA,21,recovery_phase,final,383021,valid,,8910,0.0600000000000023
ELSA,21,wealth_by_sex,final,383021,valid,,8910,8.84999999999999
ELSA,21,wealth_within_low_education,final,383021,valid,,8910,3.60999999999999
ELSA,22,recovery_phase,final,383022,valid,,8965,0.0799999999999841
ELSA,22,wealth_by_sex,final,383022,valid,,8965,8.72
ELSA,22,wealth_within_low_education,final,383022,valid,,8965,3.57999999999998
ELSA,23,recovery_phase,final,383023,valid,,8988,0.0999999999999943
ELSA,23,wealth_by_sex,final,383023,valid,,8988,7.97
ELSA,23,wealth_within_low_education,final,383023,valid,,8988,3.59999999999999
ELSA,24,recovery_phase,final,383024,valid,,8942,0.0799999999999841
ELSA,24,wealth_by_sex,final,383024,valid,,8942,7.85999999999999
ELSA,24,wealth_within_low_education,final,383024,valid,,8942,3.48000000000002
ELSA,25,recovery_phase,final,383025,valid,,8911,0.0800000000000125
ELSA,25,wealth_by_sex,final,383025,valid,,8911,7.79999999999998
ELSA,25,wealth_within_low_education,final,383025,valid,,8911,3.34999999999999
ELSA,26,recovery_phase,final,383026,valid,,8937,0.0800000000000409
ELSA,26,wealth_by_sex,final,383026,valid,,8937,8.21999999999997
ELSA,26,wealth_within_low_education,final,383026,valid,,8937,3.75
ELSA,27,recovery_phase,final,383027,valid,,8998,0.089999999999975
ELSA,27,wealth_by_sex,final,383027,valid,,8998,9.42000000000002
ELSA,27,wealth_within_low_education,final,383027,valid,,8998,4.03000000000003
ELSA,28,recovery_phase,final,383028,valid,,8869,0.0600000000000023
ELSA,28,wealth_by_sex,final,383028,valid,,8869,8.13999999999999
ELSA,28,wealth_within_low_education,final,383028,valid,,8869,3.54000000000002
ELSA,29,recovery_phase,final,383029,valid,,9024,0.0800000000000409
ELSA,29,wealth_by_sex,final,383029,valid,,9024,7.90000000000003
ELSA,29,wealth_within_low_education,final,383029,valid,,9024,3.34999999999997
ELSA,30,recovery_phase,final,383030,valid,,9044,0.0800000000000409
ELSA,30,wealth_by_sex,final,383030,valid,,9044,7.80000000000001
ELSA,30,wealth_within_low_education,final,383030,valid,,9044,3.53999999999996
ELSA,31,recovery_phase,final,383031,valid,,8973,0.0799999999999841
ELSA,31,wealth_by_sex,final,383031,valid,,8973,8.66000000000003
ELSA,31,wealth_within_low_education,final,383031,valid,,8973,4.96000000000004
ELSA,32,recovery_phase,final,383032,valid,,8971,0.0900000000000318
ELSA,32,wealth_by_sex,final,383032,valid,,8971,8.81999999999999
ELSA,32,wealth_within_low_education,final,383032,valid,,8971,3.75999999999999
ELSA,33,recovery_phase,final,383033,valid,,8919,0.0800000000000409
ELSA,33,wealth_by_sex,final,383033,valid,,8919,7.87000000000001
ELSA,33,wealth_within_low_education,final,383033,valid,,8919,3.75
ELSA,34,recovery_phase,final,383034,valid,,9020,0.100000000000023
ELSA,34,wealth_by_sex,final,383034,valid,,9020,9.54000000000002
ELSA,34,wealth_within_low_education,final,383034,valid,,9020,3.88999999999999
ELSA,35,recovery_phase,final,383035,valid,,8941,0.110000000000014
ELSA,35,wealth_by_sex,final,383035,valid,,8941,9.26999999999998
ELSA,35,wealth_within_low_education,final,383035,valid,,8941,3.95999999999998
ELSA,36,recovery_phase,final,383036,valid,,9031,0.0699999999999932
ELSA,36,wealth_by_sex,final,383036,valid,,9031,9.49000000000001
ELSA,36,wealth_within_low_education,final,383036,valid,,9031,3.83999999999998
ELSA,37,recovery_phase,final,383037,valid,,8992,0.110000000000014
ELSA,37,wealth_by_sex,final,383037,valid,,8992,8.69999999999999
ELSA,37,wealth_within_low_education,final,383037,valid,,8992,4.44
ELSA,38,recovery_phase,final,383038,valid,,8977,0.29000000000002
ELSA,38,wealth_by_sex,final,383038,valid,,8977,9.66999999999996
ELSA,38,wealth_within_low_education,final,383038,valid,,8977,5.22000000000003
ELSA,39,recovery_phase,final,383039,valid,,8998,0.0799999999999841
ELSA,39,wealth_by_sex,final,383039,valid,,8998,14.53
ELSA,39,wealth_within_low_education,final,383039,valid,,8998,4.03000000000003
ELSA,40,recovery_phase,final,383040,valid,,8968,0.0699999999999932
ELSA,40,wealth_by_sex,final,383040,valid,,8968,6.94999999999999
ELSA,40,wealth_within_low_education,final,383040,valid,,8968,3.13
ELSA,41,recovery_phase,final,383041,valid,,8975,0.0699999999999932
ELSA,41,wealth_by_sex,final,383041,valid,,8975,7.44999999999999
ELSA,41,wealth_within_low_education,final,383041,valid,,8975,3.69999999999999
ELSA,42,recovery_phase,final,383042,valid,,9054,0.0600000000000023
ELSA,42,wealth_by_sex,final,383042,valid,,9054,7
ELSA,42,wealth_within_low_education,final,383042,valid,,9054,3.02999999999997
ELSA,43,recovery_phase,final,383043,valid,,8968,0.0600000000000023
ELSA,43,wealth_by_sex,final,383043,valid,,8968,6.62000000000001
ELSA,43,wealth_within_low_education,final,383043,valid,,8968,2.80000000000001
ELSA,44,recovery_phase,final,383044,valid,,9051,0.0600000000000023
ELSA,44,wealth_by_sex,final,383044,valid,,9051,6.60000000000002
ELSA,44,wealth_within_low_education,final,383044,valid,,9051,2.82999999999998
ELSA,45,recovery_phase,final,383045,valid,,8979,0.0699999999999932
ELSA,45,wealth_by_sex,final,383045,valid,,8979,6
ELSA,45,wealth_within_low_education,final,383045,valid,,8979,2.57999999999998
ELSA,46,recovery_phase,final,383046,valid,,8994,0.0800000000000409
ELSA,46,wealth_by_sex,final,383046,valid,,8994,6.57000000000005
ELSA,46,wealth_within_low_education,final,383046,valid,,8994,3.07000000000005
ELSA,47,recovery_phase,final,383047,valid,,8980,0.0799999999999272
ELSA,47,wealth_by_sex,final,383047,valid,,8980,7.15999999999997
ELSA,47,wealth_within_low_education,final,383047,valid,,8980,3.04999999999995
ELSA,48,recovery_phase,final,383048,valid,,9030,0.0900000000000318
ELSA,48,wealth_by_sex,final,383048,valid,,9030,7.07999999999993
ELSA,48,wealth_within_low_education,final,383048,valid,,9030,3.36000000000001
ELSA,49,recovery_phase,final,383049,valid,,9001,0.0900000000000318
ELSA,49,wealth_by_sex,final,383049,valid,,9001,7.41999999999996
ELSA,49,wealth_within_low_education,final,383049,valid,,9001,3.49000000000001
ELSA,50,recovery_phase,final,383050,valid,,8970,0.0800000000000409
ELSA,50,wealth_by_sex,final,383050,valid,,8970,7.11000000000001
ELSA,50,wealth_within_low_education,final,383050,valid,,8970,3.06000000000006
ELSA,51,recovery_phase,final,383051,valid,,8998,0.0799999999999272
ELSA,51,wealth_by_sex,final,383051,valid,,8998,7.3599999999999
ELSA,51,wealth_within_low_education,final,383051,valid,,8998,3.40999999999997
ELSA,52,recovery_phase,final,383052,valid,,8932,0.0599999999999454
ELSA,52,wealth_by_sex,final,383052,valid,,8932,7.50999999999999
ELSA,52,wealth_within_low_education,final,383052,valid,,8932,3.38999999999999
ELSA,53,recovery_phase,final,383053,valid,,9013,0.0800000000000409
ELSA,53,wealth_by_sex,final,383053,valid,,9013,7.53999999999996
ELSA,53,wealth_within_low_education,final,383053,valid,,9013,3.40000000000009
ELSA,54,recovery_phase,final,383054,valid,,8970,0.0800000000000409
ELSA,54,wealth_by_sex,final,383054,valid,,8970,7.24000000000001
ELSA,54,wealth_within_low_education,final,383054,valid,,8970,3.38999999999999
ELSA,55,recovery_phase,final,383055,valid,,8947,0.0800000000000409
ELSA,55,wealth_by_sex,final,383055,valid,,8947,7.25999999999999
ELSA,55,wealth_within_low_education,final,383055,valid,,8947,3.37
ELSA,56,recovery_phase,final,383056,valid,,9010,0.0799999999999272
ELSA,56,wealth_by_sex,final,383056,valid,,9010,7.08000000000004
ELSA,56,wealth_within_low_education,final,383056,valid,,9010,3.2299999999999
ELSA,57,recovery_phase,final,383057,valid,,9000,0.0600000000000591
ELSA,57,wealth_by_sex,final,383057,valid,,9000,7.03999999999996
ELSA,57,wealth_within_low_education,final,383057,valid,,9000,3.20000000000005
ELSA,58,recovery_phase,final,383058,valid,,9014,0.07000000000005
ELSA,58,wealth_by_sex,final,383058,valid,,9014,6.86000000000001
ELSA,58,wealth_within_low_education,final,383058,valid,,9014,3.11000000000001
ELSA,59,recovery_phase,final,383059,valid,,9104,0.0900000000000318
ELSA,59,wealth_by_sex,final,383059,valid,,9104,6.78999999999996
ELSA,59,wealth_within_low_education,final,383059,valid,,9104,3.17999999999995
ELSA,60,recovery_phase,final,383060,valid,,9014,0.0800000000000409
ELSA,60,wealth_by_sex,final,383060,valid,,9014,7.11000000000001
ELSA,60,wealth_within_low_education,final,383060,valid,,9014,3.13
ELSA,61,recovery_phase,final,383061,valid,,8984,0.07000000000005
ELSA,61,wealth_by_sex,final,383061,valid,,8984,7.93000000000006
ELSA,61,wealth_within_low_education,final,383061,valid,,8984,3.28999999999996
ELSA,62,recovery_phase,final,383062,valid,,8970,0.0699999999999363
ELSA,62,wealth_by_sex,final,383062,valid,,8970,6.65999999999997
ELSA,62,wealth_within_low_education,final,383062,valid,,8970,3.11000000000001
ELSA,63,recovery_phase,final,383063,valid,,9002,0.0600000000000591
ELSA,63,wealth_by_sex,final,383063,valid,,9002,7.16999999999996
ELSA,63,wealth_within_low_education,final,383063,valid,,9002,3.26999999999998
ELSA,64,recovery_phase,final,383064,valid,,8957,0.0799999999999272
ELSA,64,wealth_by_sex,final,383064,valid,,8957,7.37000000000001
ELSA,64,wealth_within_low_education,final,383064,valid,,8957,3.57999999999993
ELSA,65,recovery_phase,final,383065,valid,,8962,0.0799999999999272
ELSA,65,wealth_by_sex,final,383065,valid,,8962,7.88
ELSA,65,wealth_within_low_education,final,383065,valid,,8962,3.63
ELSA,66,recovery_phase,final,383066,valid,,9082,0.0799999999999272
ELSA,66,wealth_by_sex,final,383066,valid,,9082,7.86000000000001
ELSA,66,wealth_within_low_education,final,383066,valid,,9082,3.38
ELSA,67,recovery_phase,final,383067,valid,,8985,0.100000000000023
ELSA,67,wealth_by_sex,final,383067,valid,,8985,8.40999999999997
ELSA,67,wealth_within_low_education,final,383067,valid,,8985,3.63999999999999
ELSA,68,recovery_phase,final,383068,valid,,8998,0.0900000000000318
ELSA,68,wealth_by_sex,final,383068,valid,,8998,8.48000000000002
ELSA,68,wealth_within_low_education,final,383068,valid,,8998,3.59999999999991
ELSA,69,recovery_phase,final,383069,valid,,9009,0.120000000000005
ELSA,69,wealth_by_sex,final,383069,valid,,9009,9.44000000000005
ELSA,69,wealth_within_low_education,final,383069,valid,,9009,4.41000000000008
ELSA,70,recovery_phase,final,383070,valid,,8968,0.0799999999999272
ELSA,70,wealth_by_sex,final,383070,valid,,8968,11.1900000000001
ELSA,70,wealth_within_low_education,final,383070,valid,,8968,4.48000000000002
ELSA,71,recovery_phase,final,383071,valid,,8997,0.139999999999986
ELSA,71,wealth_by_sex,final,383071,valid,,8997,9.63999999999999
ELSA,71,wealth_within_low_education,final,383071,valid,,8997,3.75
ELSA,72,recovery_phase,final,383072,valid,,9042,0.0800000000000409
ELSA,72,wealth_by_sex,final,383072,valid,,9042,10.75
ELSA,72,wealth_within_low_education,final,383072,valid,,9042,3.48000000000002
ELSA,73,recovery_phase,final,383073,valid,,9005,0.0899999999999182
ELSA,73,wealth_by_sex,final,383073,valid,,9005,7.50999999999999
ELSA,73,wealth_within_low_education,final,383073,valid,,9005,3.50999999999999
ELSA,74,recovery_phase,final,383074,valid,,8980,0.0699999999999363
ELSA,74,wealth_by_sex,final,383074,valid,,8980,7.55000000000007
ELSA,74,wealth_within_low_education,final,383074,valid,,8980,5.25
ELSA,75,recovery_phase,final,383075,valid,,9001,0.0800000000000409
ELSA,75,wealth_by_sex,final,383075,valid,,9001,8.49000000000001
ELSA,75,wealth_within_low_education,final,383075,valid,,9001,3.44000000000005
ELSA,76,recovery_phase,final,383076,valid,,9012,0.07000000000005
ELSA,76,wealth_by_sex,final,383076,valid,,9012,7.79999999999996
ELSA,76,wealth_within_low_education,final,383076,valid,,9012,3.25
ELSA,77,recovery_phase,final,383077,valid,,9018,0.110000000000014
ELSA,77,wealth_by_sex,final,383077,valid,,9018,8.47000000000003
ELSA,77,wealth_within_low_education,final,383077,valid,,9018,4
ELSA,78,recovery_phase,final,383078,valid,,8948,0.100000000000023
ELSA,78,wealth_by_sex,final,383078,valid,,8948,8.19999999999993
ELSA,78,wealth_within_low_education,final,383078,valid,,8948,3.47000000000003
ELSA,79,recovery_phase,final,383079,valid,,9051,0.0900000000000318
ELSA,79,wealth_by_sex,final,383079,valid,,9051,7.83999999999992
ELSA,79,wealth_within_low_education,final,383079,valid,,9051,3.80999999999995
ELSA,80,recovery_phase,final,383080,valid,,9001,0.0699999999999363
ELSA,80,wealth_by_sex,final,383080,valid,,9001,7.53999999999996
ELSA,80,wealth_within_low_education,final,383080,valid,,9001,3.42999999999995
ELSA,81,recovery_phase,final,383081,valid,,9015,0.07000000000005
ELSA,81,wealth_by_sex,final,383081,valid,,9015,7.26999999999998
ELSA,81,wealth_within_low_education,final,383081,valid,,9015,3.21000000000004
ELSA,82,recovery_phase,final,383082,valid,,8999,0.0800000000000409
ELSA,82,wealth_by_sex,final,383082,valid,,8999,7.61000000000001
ELSA,82,wealth_within_low_education,final,383082,valid,,8999,3.7399999999999
ELSA,83,recovery_phase,final,383083,valid,,8962,0.0699999999999363
ELSA,83,wealth_by_sex,final,383083,valid,,8962,8.37000000000001
ELSA,83,wealth_within_low_education,final,383083,valid,,8962,3.70999999999992
ELSA,84,recovery_phase,final,383084,valid,,8973,0.0799999999999272
ELSA,84,wealth_by_sex,final,383084,valid,,8973,7.54999999999996
ELSA,84,wealth_within_low_education,final,383084,valid,,8973,3.27999999999997
ELSA,85,recovery_phase,final,383085,valid,,9045,0.110000000000014
ELSA,85,wealth_by_sex,final,383085,valid,,9045,8.61000000000001
ELSA,85,wealth_within_low_education,final,383085,valid,,9045,5.27999999999997
ELSA,86,recovery_phase,final,383086,valid,,8961,0.07000000000005
ELSA,86,wealth_by_sex,final,383086,valid,,8961,9.56999999999994
ELSA,86,wealth_within_low_education,final,383086,valid,,8961,3.96000000000004
ELSA,87,recovery_phase,final,383087,valid,,8954,0.0900000000000318
ELSA,87,wealth_by_sex,final,383087,valid,,8954,7.87000000000001
ELSA,87,wealth_within_low_education,final,383087,valid,,8954,3.40999999999997
ELSA,88,recovery_phase,final,383088,valid,,8983,0.0800000000000409
ELSA,88,wealth_by_sex,final,383088,valid,,8983,8.30999999999995
ELSA,88,wealth_within_low_education,final,383088,valid,,8983,3.39999999999998
ELSA,89,recovery_phase,final,383089,valid,,9045,0.0800000000001546
ELSA,89,wealth_by_sex,final,383089,valid,,9045,7.53000000000009
ELSA,89,wealth_within_low_education,final,383089,valid,,9045,3.27999999999997
ELSA,90,recovery_phase,final,383090,valid,,8997,0.0800000000001546
ELSA,90,wealth_by_sex,final,383090,valid,,8997,7.90000000000009
ELSA,90,wealth_within_low_education,final,383090,valid,,8997,3.71000000000004
ELSA,91,recovery_phase,final,383091,valid,,8966,0.0799999999999272
ELSA,91,wealth_by_sex,final,383091,valid,,8966,7.62999999999988
ELSA,91,wealth_within_low_education,final,383091,valid,,8966,3.67999999999984
ELSA,92,recovery_phase,final,383092,valid,,9045,0.0799999999999272
ELSA,92,wealth_by_sex,final,383092,valid,,9045,7.77999999999997
ELSA,92,wealth_within_low_education,final,383092,valid,,9045,3.62000000000012
ELSA,93,recovery_phase,final,383093,valid,,9026,0.0899999999999182
ELSA,93,wealth_by_sex,final,383093,valid,,9026,7.92000000000007
ELSA,93,wealth_within_low_education,final,383093,valid,,9026,3.47000000000003
ELSA,94,recovery_phase,final,383094,valid,,8985,0.0799999999999272
ELSA,94,wealth_by_sex,final,383094,valid,,8985,7.97999999999979
ELSA,94,wealth_within_low_education,final,383094,valid,,8985,3.5
ELSA,95,recovery_phase,final,383095,valid,,8987,0.0800000000001546
ELSA,95,wealth_by_sex,final,383095,valid,,8987,7.87000000000012
ELSA,95,wealth_within_low_education,final,383095,valid,,8987,3.56999999999994
ELSA,96,recovery_phase,final,383096,valid,,8995,0.0600000000001728
ELSA,96,wealth_by_sex,final,383096,valid,,8995,7.6400000000001
ELSA,96,wealth_within_low_education,final,383096,valid,,8995,3.23000000000002
ELSA,97,recovery_phase,final,383097,valid,,8977,0.0699999999999363
ELSA,97,wealth_by_sex,final,383097,valid,,8977,7.60000000000014
ELSA,97,wealth_within_low_education,final,383097,valid,,8977,3.17000000000007
ELSA,98,recovery_phase,final,383098,valid,,8991,0.0800000000001546
ELSA,98,wealth_by_sex,final,383098,valid,,8991,6.99000000000001
ELSA,98,wealth_within_low_education,final,383098,valid,,8991,3.54999999999995
ELSA,99,recovery_phase,final,383099,valid,,8951,0.0699999999999363
ELSA,99,wealth_by_sex,final,383099,valid,,8951,6.88000000000011
ELSA,99,wealth_within_low_education,final,383099,valid,,8951,3.16000000000008
ELSA,100,recovery_phase,final,383100,valid,,9035,0.0799999999999272
ELSA,100,wealth_by_sex,final,383100,valid,,9035,6.88999999999987
ELSA,100,wealth_within_low_education,final,383100,valid,,9035,3.2199999999998
ELSA,101,recovery_phase,final,383101,valid,,8994,0.0599999999999454
ELSA,101,wealth_by_sex,final,383101,valid,,8994,6.98000000000002
ELSA,101,wealth_within_low_education,final,383101,valid,,8994,3.02999999999997
ELSA,102,recovery_phase,final,383102,valid,,8913,0.0600000000001728
ELSA,102,wealth_by_sex,final,383102,valid,,8913,6.05999999999995
ELSA,102,wealth_within_low_education,final,383102,valid,,8913,2.69000000000005
ELSA,103,recovery_phase,final,383103,valid,,8964,0.0600000000001728
ELSA,103,wealth_by_sex,final,383103,valid,,8964,6.49000000000001
ELSA,103,wealth_within_low_education,final,383103,valid,,8964,2.67000000000007
ELSA,104,recovery_phase,final,383104,valid,,8903,0.0599999999999454
ELSA,104,wealth_by_sex,final,383104,valid,,8903,5.75999999999999
ELSA,104,wealth_within_low_education,final,383104,valid,,8903,3.13000000000011
ELSA,105,recovery_phase,final,383105,valid,,8978,0.0699999999999363
ELSA,105,wealth_by_sex,final,383105,valid,,8978,6.94000000000006
ELSA,105,wealth_within_low_education,final,383105,valid,,8978,2.8900000000001
ELSA,106,recovery_phase,final,383106,valid,,9000,0.0799999999999272
ELSA,106,wealth_by_sex,final,383106,valid,,9000,6.11999999999989
ELSA,106,wealth_within_low_education,final,383106,valid,,9000,2.78999999999996
ELSA,107,recovery_phase,final,383107,valid,,8986,0.0699999999999363
ELSA,107,wealth_by_sex,final,383107,valid,,8986,6.68000000000006
ELSA,107,wealth_within_low_education,final,383107,valid,,8986,2.66000000000008
ELSA,108,recovery_phase,final,383108,valid,,8988,0.0599999999999454
ELSA,108,wealth_by_sex,final,383108,valid,,8988,6.04999999999996
ELSA,108,wealth_within_low_education,final,383108,valid,,8988,2.94000000000005
ELSA,109,recovery_phase,final,383109,valid,,9037,0.0800000000001546
ELSA,109,wealth_by_sex,final,383109,valid,,9037,5.88999999999987
ELSA,109,wealth_within_low_education,final,383109,valid,,9037,2.82999999999993
ELSA,110,recovery_phase,final,383110,valid,,9027,0.0700000000001637
ELSA,110,wealth_by_sex,final,383110,valid,,9027,7.8900000000001
ELSA,110,wealth_within_low_education,final,383110,valid,,9027,3.53999999999996
ELSA,111,recovery_phase,final,383111,valid,,9010,0.100000000000136
ELSA,111,wealth_by_sex,final,383111,valid,,9010,8.00999999999999
ELSA,111,wealth_within_low_education,final,383111,valid,,9010,3.31999999999994
ELSA,112,recovery_phase,final,383112,valid,,9056,0.0800000000001546
ELSA,112,wealth_by_sex,final,383112,valid,,9056,7.94000000000006
ELSA,112,wealth_within_low_education,final,383112,valid,,9056,3.25999999999999
ELSA,113,recovery_phase,final,383113,valid,,9073,0.0699999999999363
ELSA,113,wealth_by_sex,final,383113,valid,,9073,7.85000000000014
ELSA,113,wealth_within_low_education,final,383113,valid,,9073,3.55999999999995
ELSA,114,recovery_phase,final,383114,valid,,8957,0.0800000000001546
ELSA,114,wealth_by_sex,final,383114,valid,,8957,7.64999999999986
ELSA,114,wealth_within_low_education,final,383114,valid,,8957,3.41000000000008
ELSA,115,recovery_phase,final,383115,valid,,9025,0.0899999999999182
ELSA,115,wealth_by_sex,final,383115,valid,,9025,7.63000000000011
ELSA,115,wealth_within_low_education,final,383115,valid,,9025,3.67000000000007
ELSA,116,recovery_phase,final,383116,valid,,9033,0.0899999999999182
ELSA,116,wealth_by_sex,final,383116,valid,,9033,7.57999999999993
ELSA,116,wealth_within_low_education,final,383116,valid,,9033,3.73000000000002
ELSA,117,recovery_phase,final,383117,valid,,8972,0.0999999999999091
ELSA,117,wealth_by_sex,final,383117,valid,,8972,8.37999999999988
ELSA,117,wealth_within_low_education,final,383117,valid,,8972,3.61000000000013
ELSA,118,recovery_phase,final,383118,valid,,9017,0.0800000000001546
ELSA,118,wealth_by_sex,final,383118,valid,,9017,7.37000000000012
ELSA,118,wealth_within_low_education,final,383118,valid,,9017,3.78999999999996
ELSA,119,recovery_phase,final,383119,valid,,8986,0.100000000000136
ELSA,119,wealth_by_sex,final,383119,valid,,8986,8.5
ELSA,119,wealth_within_low_education,final,383119,valid,,8986,3.82999999999993
ELSA,120,recovery_phase,final,383120,valid,,8996,0.1099999999999
ELSA,120,wealth_by_sex,final,383120,valid,,8996,9.53999999999996
ELSA,120,wealth_within_low_education,final,383120,valid,,8996,5.36999999999989
ELSA,121,recovery_phase,final,383121,valid,,9022,0.0700000000001637
ELSA,121,wealth_by_sex,final,383121,valid,,9022,7.33999999999992
ELSA,121,wealth_within_low_education,final,383121,valid,,9022,3.32999999999993
ELSA,122,recovery_phase,final,383122,valid,,9004,0.0699999999999363
ELSA,122,wealth_by_sex,final,383122,valid,,9004,6.70000000000005
ELSA,122,wealth_within_low_education,final,383122,valid,,9004,3.3900000000001
ELSA,123,recovery_phase,final,383123,valid,,8991,0.0800000000001546
ELSA,123,wealth_by_sex,final,383123,valid,,8991,9.66000000000008
ELSA,123,wealth_within_low_education,final,383123,valid,,8991,4.01999999999998
ELSA,124,recovery_phase,final,383124,valid,,9031,0.0900000000001455
ELSA,124,wealth_by_sex,final,383124,valid,,9031,6.7800000000002
ELSA,124,wealth_within_low_education,final,383124,valid,,9031,4.29999999999995
ELSA,125,recovery_phase,final,383125,valid,,8950,0.0999999999999091
ELSA,125,wealth_by_sex,final,383125,valid,,8950,7.90000000000009
ELSA,125,wealth_within_low_education,final,383125,valid,,8950,3.78999999999996
ELSA,126,recovery_phase,final,383126,valid,,9002,0.0999999999999091
ELSA,126,wealth_by_sex,final,383126,valid,,9002,8.46000000000004
ELSA,126,wealth_within_low_education,final,383126,valid,,9002,3.61000000000013
ELSA,127,recovery_phase,final,383127,valid,,9005,0.0800000000001546
ELSA,127,wealth_by_sex,final,383127,valid,,9005,8.07999999999993
ELSA,127,wealth_within_low_education,final,383127,valid,,9005,3.71000000000004
ELSA,128,recovery_phase,final,383128,valid,,9024,0.0799999999999272
ELSA,128,wealth_by_sex,final,383128,valid,,9024,7.54999999999996
ELSA,128,wealth_within_low_education,final,383128,valid,,9024,3.27999999999997
ELSA,129,recovery_phase,final,383129,valid,,9028,0.0800000000001546
ELSA,129,wealth_by_sex,final,383129,valid,,9028,8.1099999999999
ELSA,129,wealth_within_low_education,final,383129,valid,,9028,4.06999999999994
ELSA,130,recovery_phase,final,383130,valid,,8995,0.0899999999999182
ELSA,130,wealth_by_sex,final,383130,valid,,8995,6.44000000000006
ELSA,130,wealth_within_low_education,final,383130,valid,,8995,2.97000000000003
ELSA,131,recovery_phase,final,383131,valid,,9038,0.0799999999999272
ELSA,131,wealth_by_sex,final,383131,valid,,9038,8.82999999999993
ELSA,131,wealth_within_low_education,final,383131,valid,,9038,3.85000000000014
ELSA,132,recovery_phase,final,383132,valid,,8969,0.0900000000001455
ELSA,132,wealth_by_sex,final,383132,valid,,8969,8.24000000000001
ELSA,132,wealth_within_low_education,final,383132,valid,,8969,3.55999999999995
ELSA,133,recovery_phase,final,383133,valid,,9011,0.0799999999999272
ELSA,133,wealth_by_sex,final,383133,valid,,9011,8.31000000000017
ELSA,133,wealth_within_low_education,final,383133,valid,,9011,4.84999999999991
ELSA,134,recovery_phase,final,383134,valid,,9021,0.0799999999999272
ELSA,134,wealth_by_sex,final,383134,valid,,9021,7.63999999999987
ELSA,134,wealth_within_low_education,final,383134,valid,,9021,3.96000000000004
ELSA,135,recovery_phase,final,383135,valid,,8922,0.120000000000118
ELSA,135,wealth_by_sex,final,383135,valid,,8922,8.56999999999994
ELSA,135,wealth_within_low_education,final,383135,valid,,8922,4.90000000000009
ELSA,136,recovery_phase,final,383136,valid,,9003,0.0599999999999454
ELSA,136,wealth_by_sex,final,383136,valid,,9003,8.22000000000003
ELSA,136,wealth_within_low_education,final,383136,valid,,9003,3.17000000000007
ELSA,137,recovery_phase,final,383137,valid,,8929,0.0699999999999363
ELSA,137,wealth_by_sex,final,383137,valid,,8929,6.95000000000005
ELSA,137,wealth_within_low_education,final,383137,valid,,8929,3.20000000000005
ELSA,138,recovery_phase,final,383138,valid,,8999,0.0999999999999091
ELSA,138,wealth_by_sex,final,383138,valid,,8999,7.54999999999996
ELSA,138,wealth_within_low_education,final,383138,valid,,8999,3.11000000000013
ELSA,139,recovery_phase,final,383139,valid,,9004,0.0700000000001637
ELSA,139,wealth_by_sex,final,383139,valid,,9004,6.98000000000002
ELSA,139,wealth_within_low_education,final,383139,valid,,9004,3.53999999999996
ELSA,140,recovery_phase,final,383140,valid,,8970,0.0899999999999182
ELSA,140,wealth_by_sex,final,383140,valid,,8970,6.8900000000001
ELSA,140,wealth_within_low_education,final,383140,valid,,8970,3.15000000000009
ELSA,141,recovery_phase,final,383141,valid,,9039,0.0800000000001546
ELSA,141,wealth_by_sex,final,383141,valid,,9039,7.01999999999998
ELSA,141,wealth_within_low_education,final,383141,valid,,9039,3.16000000000008
ELSA,142,recovery_phase,final,383142,valid,,8979,0.110000000000127
ELSA,142,wealth_by_sex,final,383142,valid,,8979,7.12000000000012
ELSA,142,wealth_within_low_education,final,383142,valid,,8979,3.48000000000002
ELSA,143,recovery_phase,final,383143,valid,,9038,0.100000000000136
ELSA,143,wealth_by_sex,final,383143,valid,,9038,10.3900000000001
ELSA,143,wealth_within_low_education,final,383143,valid,,9038,4.25999999999999
ELSA,144,recovery_phase,final,383144,valid,,8967,0.110000000000127
ELSA,144,wealth_by_sex,final,383144,valid,,8967,10
ELSA,144,wealth_within_low_education,final,383144,valid,,8967,4.29999999999995
ELSA,145,recovery_phase,final,383145,valid,,9015,0.0900000000001455
ELSA,145,wealth_by_sex,final,383145,valid,,9015,9.98000000000002
ELSA,145,wealth_within_low_education,final,383145,valid,,9015,3.8599999999999
ELSA,146,recovery_phase,final,383146,valid,,9030,0.0900000000001455
ELSA,146,wealth_by_sex,final,383146,valid,,9030,9.12000000000012
ELSA,146,wealth_within_low_education,final,383146,valid,,9030,4.21000000000004
ELSA,147,recovery_phase,final,383147,valid,,9067,0.100000000000136
ELSA,147,wealth_by_sex,final,383147,valid,,9067,9.97000000000003
ELSA,147,wealth_within_low_education,final,383147,valid,,9067,4.42000000000007
ELSA,148,recovery_phase,final,383148,valid,,8939,0.0799999999999272
ELSA,148,wealth_by_sex,final,383148,valid,,8939,10.6399999999999
ELSA,148,wealth_within_low_education,final,383148,valid,,8939,4.1099999999999
ELSA,149,recovery_phase,final,383149,valid,,8993,0.0900000000001455
ELSA,149,wealth_by_sex,final,383149,valid,,8993,8.77999999999997
ELSA,149,wealth_within_low_education,final,383149,valid,,8993,4.15999999999985
ELSA,150,recovery_phase,final,383150,valid,,9016,0.0999999999999091
ELSA,150,wealth_by_sex,final,383150,valid,,9016,7.84999999999991
ELSA,150,wealth_within_low_education,final,383150,valid,,9016,3.34000000000015
ELSA,151,recovery_phase,final,383151,valid,,8949,0.0799999999999272
ELSA,151,wealth_by_sex,final,383151,valid,,8949,6.92000000000007
ELSA,151,wealth_within_low_education,final,383151,valid,,8949,2.76999999999998
ELSA,152,recovery_phase,final,383152,valid,,8928,0.0599999999999454
ELSA,152,wealth_by_sex,final,383152,valid,,8928,6.07999999999993
ELSA,152,wealth_within_low_education,final,383152,valid,,8928,2.66999999999985
ELSA,153,recovery_phase,final,383153,valid,,9024,0.0600000000001728
ELSA,153,wealth_by_sex,final,383153,valid,,9024,6.29000000000019
ELSA,153,wealth_within_low_education,final,383153,valid,,9024,2.8599999999999
ELSA,154,recovery_phase,final,383154,valid,,9005,0.0499999999999545
ELSA,154,wealth_by_sex,final,383154,valid,,9005,6.84000000000015
ELSA,154,wealth_within_low_education,final,383154,valid,,9005,2.67000000000007
ELSA,155,recovery_phase,final,383155,valid,,8965,0.0800000000001546
ELSA,155,wealth_by_sex,final,383155,valid,,8965,6.1099999999999
ELSA,155,wealth_within_low_education,final,383155,valid,,8965,2.70000000000005
ELSA,156,recovery_phase,final,383156,valid,,9029,0.0999999999999091
ELSA,156,wealth_by_sex,final,383156,valid,,9029,6.31000000000017
ELSA,156,wealth_within_low_education,final,383156,valid,,9029,3.6099999999999
ELSA,157,recovery_phase,final,383157,valid,,8957,0.0999999999999091
ELSA,157,wealth_by_sex,final,383157,valid,,8957,13.26
ELSA,157,wealth_within_low_education,final,383157,valid,,8957,4.62999999999988
ELSA,158,recovery_phase,final,383158,valid,,8994,0.0799999999999272
ELSA,158,wealth_by_sex,final,383158,valid,,8994,9.01999999999998
ELSA,158,wealth_within_low_education,final,383158,valid,,8994,4.50999999999999
ELSA,159,recovery_phase,final,383159,valid,,8978,0.0799999999999272
ELSA,159,wealth_by_sex,final,383159,valid,,8978,9.42999999999984
ELSA,159,wealth_within_low_education,final,383159,valid,,8978,5.90999999999985
ELSA,160,recovery_phase,final,383160,valid,,8933,0.100000000000136
ELSA,160,wealth_by_sex,final,383160,valid,,8933,9.30999999999995
ELSA,160,wealth_within_low_education,final,383160,valid,,8933,4.41000000000008
ELSA,161,recovery_phase,final,383161,valid,,8958,0.1099999999999
ELSA,161,wealth_by_sex,final,383161,valid,,8958,9
ELSA,161,wealth_within_low_education,final,383161,valid,,8958,4.40999999999985
ELSA,162,recovery_phase,final,383162,valid,,9018,0.0799999999999272
ELSA,162,wealth_by_sex,final,383162,valid,,9018,10.0899999999999
ELSA,162,wealth_within_low_education,final,383162,valid,,9018,4.2199999999998
ELSA,163,recovery_phase,final,383163,valid,,8975,0.0800000000001546
ELSA,163,wealth_by_sex,final,383163,valid,,8975,9.29999999999995
ELSA,163,wealth_within_low_education,final,383163,valid,,8975,4.68000000000006
ELSA,164,recovery_phase,final,383164,valid,,8970,0.0899999999999182
ELSA,164,wealth_by_sex,final,383164,valid,,8970,9.22000000000003
ELSA,164,wealth_within_low_education,final,383164,valid,,8970,3.80000000000018
ELSA,165,recovery_phase,final,383165,valid,,9002,0.0900000000001455
ELSA,165,wealth_by_sex,final,383165,valid,,9002,9.18000000000006
ELSA,165,wealth_within_low_education,final,383165,valid,,9002,4
ELSA,166,recovery_phase,final,383166,valid,,9054,0.0799999999999272
ELSA,166,wealth_by_sex,final,383166,valid,,9054,8.9699999999998
ELSA,166,wealth_within_low_education,final,383166,valid,,9054,4.04999999999995
ELSA,167,recovery_phase,final,383167,valid,,9014,0.1099999999999
ELSA,167,wealth_by_sex,final,383167,valid,,9014,8.70000000000005
ELSA,167,wealth_within_low_education,final,383167,valid,,9014,4
ELSA,168,recovery_phase,final,383168,valid,,9010,0.0900000000001455
ELSA,168,wealth_by_sex,final,383168,valid,,9010,11.4400000000001
ELSA,168,wealth_within_low_education,final,383168,valid,,9010,4.72000000000003
ELSA,169,recovery_phase,final,383169,valid,,9002,0.0800000000001546
ELSA,169,wealth_by_sex,final,383169,valid,,9002,9.67000000000007
ELSA,169,wealth_within_low_education,final,383169,valid,,9002,3.91000000000008
ELSA,170,recovery_phase,final,383170,valid,,9011,0.100000000000136
ELSA,170,wealth_by_sex,final,383170,valid,,9011,9.42000000000007
ELSA,170,wealth_within_low_education,final,383170,valid,,9011,3.94000000000005
ELSA,171,recovery_phase,final,383171,valid,,9077,0.0999999999999091
ELSA,171,wealth_by_sex,final,383171,valid,,9077,9.08999999999992
ELSA,171,wealth_within_low_education,final,383171,valid,,9077,4.11000000000013
ELSA,172,recovery_phase,final,383172,valid,,8968,0.0799999999999272
ELSA,172,wealth_by_sex,final,383172,valid,,8968,8.97000000000003
ELSA,172,wealth_within_low_education,final,383172,valid,,8968,4
ELSA,173,recovery_phase,final,383173,valid,,8955,0.0999999999999091
ELSA,173,wealth_by_sex,final,383173,valid,,8955,8.71000000000004
ELSA,173,wealth_within_low_education,final,383173,valid,,8955,4.13999999999987
ELSA,174,recovery_phase,final,383174,valid,,8978,0.0900000000001455
ELSA,174,wealth_by_sex,final,383174,valid,,8978,10.1200000000001
ELSA,174,wealth_within_low_education,final,383174,valid,,8978,4.43000000000029
ELSA,175,recovery_phase,final,383175,valid,,8944,0.0799999999999272
ELSA,175,wealth_by_sex,final,383175,valid,,8944,9.54999999999973
ELSA,175,wealth_within_low_education,final,383175,valid,,8944,4.14000000000033
ELSA,176,recovery_phase,final,383176,valid,,8978,0.0700000000001637
ELSA,176,wealth_by_sex,final,383176,valid,,8978,9.25
ELSA,176,wealth_within_low_education,final,383176,valid,,8978,4.26999999999998
ELSA,177,recovery_phase,final,383177,valid,,8968,0.0999999999999091
ELSA,177,wealth_by_sex,final,383177,valid,,8968,9.78999999999996
ELSA,177,wealth_within_low_education,final,383177,valid,,8968,4.34000000000015
ELSA,178,recovery_phase,final,383178,valid,,8993,0.100000000000364
ELSA,178,wealth_by_sex,final,383178,valid,,8993,9.07999999999993
ELSA,178,wealth_within_low_education,final,383178,valid,,8993,3.90999999999985
ELSA,179,recovery_phase,final,383179,valid,,8978,0.109999999999673
ELSA,179,wealth_by_sex,final,383179,valid,,8978,9.28999999999996
ELSA,179,wealth_within_low_education,final,383179,valid,,8978,4.21000000000004
ELSA,180,recovery_phase,final,383180,valid,,8993,0.0799999999999272
ELSA,180,wealth_by_sex,final,383180,valid,,8993,9.09000000000015
ELSA,180,wealth_within_low_education,final,383180,valid,,8993,4.05000000000018
ELSA,181,recovery_phase,final,383181,valid,,9040,0.0799999999999272
ELSA,181,wealth_by_sex,final,383181,valid,,9040,8.82000000000016
ELSA,181,wealth_within_low_education,final,383181,valid,,9040,4.0300000000002
ELSA,182,recovery_phase,final,383182,valid,,8945,0.0900000000001455
ELSA,182,wealth_by_sex,final,383182,valid,,8945,9.19000000000005
ELSA,182,wealth_within_low_education,final,383182,valid,,8945,3.98999999999978
ELSA,183,recovery_phase,final,383183,valid,,8988,0.0799999999999272
ELSA,183,wealth_by_sex,final,383183,valid,,8988,9.13000000000011
ELSA,183,wealth_within_low_education,final,383183,valid,,8988,4.09000000000015
ELSA,184,recovery_phase,final,383184,valid,,9004,0.110000000000127
ELSA,184,wealth_by_sex,final,383184,valid,,9004,9.26999999999998
ELSA,184,wealth_within_low_education,final,383184,valid,,9004,4.17000000000007
ELSA,185,recovery_phase,final,383185,valid,,8988,0.110000000000127
ELSA,185,wealth_by_sex,final,383185,valid,,8988,9.15999999999985
ELSA,185,wealth_within_low_education,final,383185,valid,,8988,4.21000000000004
ELSA,186,recovery_phase,final,383186,valid,,9030,0.0700000000001637
ELSA,186,wealth_by_sex,final,383186,valid,,9030,9.07999999999993
ELSA,186,wealth_within_low_education,final,383186,valid,,9030,4.15999999999985
ELSA,187,recovery_phase,final,383187,valid,,9012,0.0900000000001455
ELSA,187,wealth_by_sex,final,383187,valid,,9012,9.32999999999993
ELSA,187,wealth_within_low_education,final,383187,valid,,9012,4.13000000000011
ELSA,188,recovery_phase,final,383188,valid,,9001,0.110000000000127
ELSA,188,wealth_by_sex,final,383188,valid,,9001,8.91999999999962
ELSA,188,wealth_within_low_education,final,383188,valid,,9001,4.10999999999967
ELSA,189,recovery_phase,final,383189,valid,,9020,0.109999999999673
ELSA,189,wealth_by_sex,final,383189,valid,,9020,9.2199999999998
ELSA,189,wealth_within_low_education,final,383189,valid,,9020,4
ELSA,190,recovery_phase,final,383190,valid,,8961,0.0799999999999272
ELSA,190,wealth_by_sex,final,383190,valid,,8961,9.5
ELSA,190,wealth_within_low_education,final,383190,valid,,8961,4.03999999999996
ELSA,191,recovery_phase,final,383191,valid,,8974,0.0899999999996908
ELSA,191,wealth_by_sex,final,383191,valid,,8974,8.96000000000004
ELSA,191,wealth_within_low_education,final,383191,valid,,8974,4.32000000000016
ELSA,192,recovery_phase,final,383192,valid,,8985,0.0799999999999272
ELSA,192,wealth_by_sex,final,383192,valid,,8985,9.44000000000005
ELSA,192,wealth_within_low_education,final,383192,valid,,8985,4.0300000000002
ELSA,193,recovery_phase,final,383193,valid,,8959,0.0799999999999272
ELSA,193,wealth_by_sex,final,383193,valid,,8959,9.32000000000016
ELSA,193,wealth_within_low_education,final,383193,valid,,8959,4.11999999999989
ELSA,194,recovery_phase,final,383194,valid,,8999,0.0900000000001455
ELSA,194,wealth_by_sex,final,383194,valid,,8999,9.05000000000018
ELSA,194,wealth_within_low_education,final,383194,valid,,8999,4.40999999999985
ELSA,195,recovery_phase,final,383195,valid,,9074,0.0900000000001455
ELSA,195,wealth_by_sex,final,383195,valid,,9074,9.38999999999987
ELSA,195,wealth_within_low_education,final,383195,valid,,9074,4
ELSA,196,recovery_phase,final,383196,valid,,9006,0.0799999999999272
ELSA,196,wealth_by_sex,final,383196,valid,,9006,9.23000000000002
ELSA,196,wealth_within_low_education,final,383196,valid,,9006,4.07999999999993
ELSA,197,recovery_phase,final,383197,valid,,8979,0.0799999999999272
ELSA,197,wealth_by_sex,final,383197,valid,,8979,9.07999999999993
ELSA,197,wealth_within_low_education,final,383197,valid,,8979,4.08000000000038
ELSA,198,recovery_phase,final,383198,valid,,9002,0.0999999999999091
ELSA,198,wealth_by_sex,final,383198,valid,,9002,8.94999999999982
ELSA,198,wealth_within_low_education,final,383198,valid,,9002,4.2800000000002
ELSA,199,recovery_phase,final,383199,valid,,8972,0.0999999999999091
ELSA,199,wealth_by_sex,final,383199,valid,,8972,9.44999999999982
ELSA,199,wealth_within_low_education,final,383199,valid,,8972,4.32999999999993
ELSA,200,recovery_phase,final,383200,valid,,9020,0.0999999999999091
ELSA,200,wealth_by_sex,final,383200,valid,,9020,9.25
ELSA,200,wealth_within_low_education,final,383200,valid,,9020,4.2199999999998
ELSA,201,recovery_phase,final,383201,valid,,8976,0.0899999999996908
ELSA,201,wealth_by_sex,final,383201,valid,,8976,9.30000000000018
ELSA,201,wealth_within_low_education,final,383201,valid,,8976,3.88000000000011
ELSA,202,recovery_phase,final,383202,valid,,8974,0.0799999999999272
ELSA,202,wealth_by_sex,final,383202,valid,,8974,9.32000000000016
ELSA,202,wealth_within_low_education,final,383202,valid,,8974,4.02999999999975
ELSA,203,recovery_phase,final,383203,valid,,9029,0.0999999999999091
ELSA,203,wealth_by_sex,final,383203,valid,,9029,9.51000000000022
ELSA,203,wealth_within_low_education,final,383203,valid,,9029,3.98999999999978
ELSA,204,recovery_phase,final,383204,valid,,8935,0.0900000000001455
ELSA,204,wealth_by_sex,final,383204,valid,,8935,9.42999999999984
ELSA,204,wealth_within_low_education,final,383204,valid,,8935,4.10999999999967
ELSA,205,recovery_phase,final,383205,valid,,9027,0.0899999999996908
ELSA,205,wealth_by_sex,final,383205,valid,,9027,9.2800000000002
ELSA,205,wealth_within_low_education,final,383205,valid,,9027,4.19000000000005
ELSA,206,recovery_phase,final,383206,valid,,8958,0.100000000000364
ELSA,206,wealth_by_sex,final,383206,valid,,8958,9.17000000000007
ELSA,206,wealth_within_low_education,final,383206,valid,,8958,4.25
ELSA,207,recovery_phase,final,383207,valid,,8987,0.0799999999999272
ELSA,207,wealth_by_sex,final,383207,valid,,8987,8.84999999999991
ELSA,207,wealth_within_low_education,final,383207,valid,,8987,4.36000000000013
ELSA,208,recovery_phase,final,383208,valid,,9073,0.0900000000001455
ELSA,208,wealth_by_sex,final,383208,valid,,9073,9.05000000000018
ELSA,208,wealth_within_low_education,final,383208,valid,,9073,4.15999999999985
ELSA,209,recovery_phase,final,383209,valid,,8996,0.0999999999999091
ELSA,209,wealth_by_sex,final,383209,valid,,8996,9.51999999999998
ELSA,209,wealth_within_low_education,final,383209,valid,,8996,4.82000000000016
ELSA,210,recovery_phase,final,383210,valid,,8988,0.110000000000127
ELSA,210,wealth_by_sex,final,383210,valid,,8988,11.1900000000001
ELSA,210,wealth_within_low_education,final,383210,valid,,8988,4.66000000000031
ELSA,211,recovery_phase,final,383211,valid,,9036,0.110000000000127
ELSA,211,wealth_by_sex,final,383211,valid,,9036,11.3899999999999
ELSA,211,wealth_within_low_education,final,383211,valid,,9036,4.61000000000013
ELSA,212,recovery_phase,final,383212,valid,,8899,0.0999999999999091
ELSA,212,wealth_by_sex,final,383212,valid,,8899,9.30999999999995
ELSA,212,wealth_within_low_education,final,383212,valid,,8899,3.97000000000025
ELSA,213,recovery_phase,final,383213,valid,,9014,0.0799999999999272
ELSA,213,wealth_by_sex,final,383213,valid,,9014,9.07000000000016
ELSA,213,wealth_within_low_education,final,383213,valid,,9014,4
ELSA,214,recovery_phase,final,383214,valid,,9020,0.110000000000127
ELSA,214,wealth_by_sex,final,383214,valid,,9020,9.19000000000005
ELSA,214,wealth_within_low_education,final,383214,valid,,9020,4.01000000000022
ELSA,215,recovery_phase,final,383215,valid,,8981,0.0899999999996908
ELSA,215,wealth_by_sex,final,383215,valid,,8981,9.30999999999995
ELSA,215,wealth_within_low_education,final,383215,valid,,8981,4.05999999999995
ELSA,216,recovery_phase,final,383216,valid,,9026,0.100000000000364
ELSA,216,wealth_by_sex,final,383216,valid,,9026,9.55999999999995
ELSA,216,wealth_within_low_education,final,383216,valid,,9026,4.07999999999993
ELSA,217,recovery_phase,final,383217,valid,,8988,0.0900000000001455
ELSA,217,wealth_by_sex,final,383217,valid,,8988,9.46000000000004
ELSA,217,wealth_within_low_education,final,383217,valid,,8988,4.30000000000018
ELSA,218,recovery_phase,final,383218,valid,,9039,0.0700000000001637
ELSA,218,wealth_by_sex,final,383218,valid,,9039,9.58000000000038
ELSA,218,wealth_within_low_education,final,383218,valid,,9039,4.31999999999971
ELSA,219,recovery_phase,final,383219,valid,,8952,0.0900000000001455
ELSA,219,wealth_by_sex,final,383219,valid,,8952,9.08999999999969
ELSA,219,wealth_within_low_education,final,383219,valid,,8952,4.11000000000013
ELSA,220,recovery_phase,final,383220,valid,,9013,0.0900000000001455
ELSA,220,wealth_by_sex,final,383220,valid,,9013,9.26999999999998
ELSA,220,wealth_within_low_education,final,383220,valid,,9013,3.92000000000007
ELSA,221,recovery_phase,final,383221,valid,,8938,0.0799999999999272
ELSA,221,wealth_by_sex,final,383221,valid,,8938,9.62999999999965
ELSA,221,wealth_within_low_education,final,383221,valid,,8938,3.95000000000027
ELSA,222,recovery_phase,final,383222,valid,,8935,0.0799999999999272
ELSA,222,wealth_by_sex,final,383222,valid,,8935,9.34000000000015
ELSA,222,wealth_within_low_education,final,383222,valid,,8935,4.12000000000035
ELSA,223,recovery_phase,final,383223,valid,,9060,0.0799999999999272
ELSA,223,wealth_by_sex,final,383223,valid,,9060,9.17000000000007
ELSA,223,wealth_within_low_education,final,383223,valid,,9060,4.07999999999993
ELSA,224,recovery_phase,final,383224,valid,,9060,0.110000000000127
ELSA,224,wealth_by_sex,final,383224,valid,,9060,9.36999999999989
ELSA,224,wealth_within_low_education,final,383224,valid,,9060,4.24000000000024
ELSA,225,recovery_phase,final,383225,valid,,9047,0.0900000000001455
ELSA,225,wealth_by_sex,final,383225,valid,,9047,9.2199999999998
ELSA,225,wealth_within_low_education,final,383225,valid,,9047,4.23999999999978
ELSA,226,recovery_phase,final,383226,valid,,9013,0.0899999999996908
ELSA,226,wealth_by_sex,final,383226,valid,,9013,8.69000000000006
ELSA,226,wealth_within_low_education,final,383226,valid,,9013,3.97000000000025
ELSA,227,recovery_phase,final,383227,valid,,8963,0.0900000000001455
ELSA,227,wealth_by_sex,final,383227,valid,,8963,9.42000000000007
ELSA,227,wealth_within_low_education,final,383227,valid,,8963,4.21000000000004
ELSA,228,recovery_phase,final,383228,valid,,9032,0.110000000000127
ELSA,228,wealth_by_sex,final,383228,valid,,9032,9.2199999999998
ELSA,228,wealth_within_low_education,final,383228,valid,,9032,4.38000000000011
ELSA,229,recovery_phase,final,383229,valid,,8946,0.0900000000001455
ELSA,229,wealth_by_sex,final,383229,valid,,8946,9.39000000000033
ELSA,229,wealth_within_low_education,final,383229,valid,,8946,4.25
ELSA,230,recovery_phase,final,383230,valid,,8998,0.0900000000001455
ELSA,230,wealth_by_sex,final,383230,valid,,8998,8.9699999999998
ELSA,230,wealth_within_low_education,final,383230,valid,,8998,4.11999999999989
ELSA,231,recovery_phase,final,383231,valid,,9018,0.110000000000127
ELSA,231,wealth_by_sex,final,383231,valid,,9018,9.15000000000009
ELSA,231,wealth_within_low_education,final,383231,valid,,9018,4.14000000000033
ELSA,232,recovery_phase,final,383232,valid,,8906,0.0899999999996908
ELSA,232,wealth_by_sex,final,383232,valid,,8906,9.63000000000011
ELSA,232,wealth_within_low_education,final,383232,valid,,8906,4.34000000000015
ELSA,233,recovery_phase,final,383233,valid,,8977,0.110000000000127
ELSA,233,wealth_by_sex,final,383233,valid,,8977,9.5
ELSA,233,wealth_within_low_education,final,383233,valid,,8977,4.26999999999998
ELSA,234,recovery_phase,final,383234,valid,,9052,0.0999999999999091
ELSA,234,wealth_by_sex,final,383234,valid,,9052,9.42000000000007
ELSA,234,wealth_within_low_education,final,383234,valid,,9052,4.13000000000011
ELSA,235,recovery_phase,final,383235,valid,,8953,0.0799999999999272
ELSA,235,wealth_by_sex,final,383235,valid,,8953,8.86999999999989
ELSA,235,wealth_within_low_education,final,383235,valid,,8953,3.75
ELSA,236,recovery_phase,final,383236,valid,,8973,0.110000000000127
ELSA,236,wealth_by_sex,final,383236,valid,,8973,8.07999999999993
ELSA,236,wealth_within_low_education,final,383236,valid,,8973,3.80999999999995
ELSA,237,recovery_phase,final,383237,valid,,8956,0.0799999999999272
ELSA,237,wealth_by_sex,final,383237,valid,,8956,8.2199999999998
ELSA,237,wealth_within_low_education,final,383237,valid,,8956,3.5300000000002
ELSA,238,recovery_phase,final,383238,valid,,8982,0.0999999999999091
ELSA,238,wealth_by_sex,final,383238,valid,,8982,8.5
ELSA,238,wealth_within_low_education,final,383238,valid,,8982,3.72000000000025
ELSA,239,recovery_phase,final,383239,valid,,8969,0.0799999999999272
ELSA,239,wealth_by_sex,final,383239,valid,,8969,8.26999999999998
ELSA,239,wealth_within_low_education,final,383239,valid,,8969,3.44000000000005
ELSA,240,recovery_phase,final,383240,valid,,9046,0.069999999999709
ELSA,240,wealth_by_sex,final,383240,valid,,9046,8.44000000000006
ELSA,240,wealth_within_low_education,final,383240,valid,,9046,3.63999999999987
ELSA,241,recovery_phase,final,383241,valid,,9009,0.0700000000001637
ELSA,241,wealth_by_sex,final,383241,valid,,9009,8.25999999999976
ELSA,241,wealth_within_low_education,final,383241,valid,,9009,3.5
ELSA,242,recovery_phase,final,383242,valid,,8968,0.0900000000001455
ELSA,242,wealth_by_sex,final,383242,valid,,8968,8.10999999999967
ELSA,242,wealth_within_low_education,final,383242,valid,,8968,3.72000000000025
ELSA,243,recovery_phase,final,383243,valid,,8991,0.0899999999996908
ELSA,243,wealth_by_sex,final,383243,valid,,8991,8.33000000000038
ELSA,243,wealth_within_low_education,final,383243,valid,,8991,3.61999999999989
ELSA,244,recovery_phase,final,383244,valid,,8992,0.080000000000382
ELSA,244,wealth_by_sex,final,383244,valid,,8992,7.92000000000007
ELSA,244,wealth_within_low_education,final,383244,valid,,8992,3.58999999999969
ELSA,245,recovery_phase,final,383245,valid,,9017,0.0900000000001455
ELSA,245,wealth_by_sex,final,383245,valid,,9017,8
ELSA,245,wealth_within_low_education,final,383245,valid,,9017,3.40000000000009
ELSA,246,recovery_phase,final,383246,valid,,8988,0.0899999999996908
ELSA,246,wealth_by_sex,final,383246,valid,,8988,8.36999999999989
ELSA,246,wealth_within_low_education,final,383246,valid,,8988,3.85000000000036
ELSA,247,recovery_phase,final,383247,valid,,8968,0.0799999999999272
ELSA,247,wealth_by_sex,final,383247,valid,,8968,7.88999999999987
ELSA,247,wealth_within_low_education,final,383247,valid,,8968,3.71000000000004
ELSA,248,recovery_phase,final,383248,valid,,9029,0.139999999999873
ELSA,248,wealth_by_sex,final,383248,valid,,9029,9.02999999999975
ELSA,248,wealth_within_low_education,final,383248,valid,,9029,3.7800000000002
ELSA,249,recovery_phase,final,383249,valid,,8979,0.0999999999999091
ELSA,249,wealth_by_sex,final,383249,valid,,8979,11
ELSA,249,wealth_within_low_education,final,383249,valid,,8979,4.65000000000009
ELSA,250,recovery_phase,final,383250,valid,,8970,0.0900000000001455
ELSA,250,wealth_by_sex,final,383250,valid,,8970,8.41999999999962
ELSA,250,wealth_within_low_education,final,383250,valid,,8970,4.57999999999993
ELSA,251,recovery_phase,final,383251,valid,,9010,0.0899999999996908
ELSA,251,wealth_by_sex,final,383251,valid,,9010,9.01000000000022
ELSA,251,wealth_within_low_education,final,383251,valid,,9010,3.94999999999982
ELSA,252,recovery_phase,final,383252,valid,,8913,0.0900000000001455
ELSA,252,wealth_by_sex,final,383252,valid,,8913,8.59000000000015
ELSA,252,wealth_within_low_education,final,383252,valid,,8913,3.66000000000031
ELSA,253,recovery_phase,final,383253,valid,,8988,0.0899999999996908
ELSA,253,wealth_by_sex,final,383253,valid,,8988,8.38999999999987
ELSA,253,wealth_within_low_education,final,383253,valid,,8988,3.61000000000013
ELSA,254,recovery_phase,final,383254,valid,,8952,0.0599999999999454
ELSA,254,wealth_by_sex,final,383254,valid,,8952,8.24000000000024
ELSA,254,wealth_within_low_education,final,383254,valid,,8952,3.61000000000013
ELSA,255,recovery_phase,final,383255,valid,,8958,0.0599999999999454
ELSA,255,wealth_by_sex,final,383255,valid,,8958,8.23000000000002
ELSA,255,wealth_within_low_education,final,383255,valid,,8958,3.67000000000007
ELSA,256,recovery_phase,final,383256,valid,,9053,0.0799999999999272
ELSA,256,wealth_by_sex,final,383256,valid,,9053,8.00999999999976
ELSA,256,wealth_within_low_education,final,383256,valid,,9053,3.72000000000025
ELSA,257,recovery_phase,final,383257,valid,,9025,0.0799999999999272
ELSA,257,wealth_by_sex,final,383257,valid,,9025,7.87000000000035
ELSA,257,wealth_within_low_education,final,383257,valid,,9025,3.57999999999993
ELSA,258,recovery_phase,final,383258,valid,,8993,0.0799999999999272
ELSA,258,wealth_by_sex,final,383258,valid,,8993,7.85999999999967
ELSA,258,wealth_within_low_education,final,383258,valid,,8993,3.55000000000018
ELSA,259,recovery_phase,final,383259,valid,,8975,0.0599999999999454
ELSA,259,wealth_by_sex,final,383259,valid,,8975,8.19000000000006
ELSA,259,wealth_within_low_education,final,383259,valid,,8975,3.5
ELSA,260,recovery_phase,final,383260,valid,,8949,0.080000000000382
ELSA,260,wealth_by_sex,final,383260,valid,,8949,7.82000000000016
ELSA,260,wealth_within_low_education,final,383260,valid,,8949,3.58999999999969
ELSA,261,recovery_phase,final,383261,valid,,9008,0.0700000000001637
ELSA,261,wealth_by_sex,final,383261,valid,,9008,8.02999999999975
ELSA,261,wealth_within_low_education,final,383261,valid,,9008,3.64000000000033
ELSA,262,recovery_phase,final,383262,valid,,9040,0.0799999999999272
ELSA,262,wealth_by_sex,final,383262,valid,,9040,7.92000000000007
ELSA,262,wealth_within_low_education,final,383262,valid,,9040,3.64000000000033
ELSA,263,recovery_phase,final,383263,valid,,9022,0.069999999999709
ELSA,263,wealth_by_sex,final,383263,valid,,9022,7.81999999999971
ELSA,263,wealth_within_low_education,final,383263,valid,,9022,3.59000000000015
ELSA,264,recovery_phase,final,383264,valid,,9005,0.0799999999999272
ELSA,264,wealth_by_sex,final,383264,valid,,9005,8.17999999999984
ELSA,264,wealth_within_low_education,final,383264,valid,,9005,3.53999999999996
ELSA,265,recovery_phase,final,383265,valid,,8971,0.069999999999709
ELSA,265,wealth_by_sex,final,383265,valid,,8971,7.64000000000033
ELSA,265,wealth_within_low_education,final,383265,valid,,8971,3.44000000000005
ELSA,266,recovery_phase,final,383266,valid,,9002,0.0799999999999272
ELSA,266,wealth_by_sex,final,383266,valid,,9002,7.85999999999967
ELSA,266,wealth_within_low_education,final,383266,valid,,9002,3.48000000000002
ELSA,267,recovery_phase,final,383267,valid,,8968,0.0799999999999272
ELSA,267,wealth_by_sex,final,383267,valid,,8968,8.16999999999962
ELSA,267,wealth_within_low_education,final,383267,valid,,8968,3.7199999999998
ELSA,268,recovery_phase,final,383268,valid,,8968,0.0900000000001455
ELSA,268,wealth_by_sex,final,383268,valid,,8968,7.87999999999965
ELSA,268,wealth_within_low_education,final,383268,valid,,8968,3.73999999999978
ELSA,269,recovery_phase,final,383269,valid,,8956,0.0899999999996908
ELSA,269,wealth_by_sex,final,383269,valid,,8956,8.04999999999973
ELSA,269,wealth_within_low_education,final,383269,valid,,8956,4.10000000000036
ELSA,270,recovery_phase,final,383270,valid,,8935,0.0899999999996908
ELSA,270,wealth_by_sex,final,383270,valid,,8935,8.07999999999993
ELSA,270,wealth_within_low_education,final,383270,valid,,8935,3.77999999999975
ELSA,271,recovery_phase,final,383271,valid,,8975,0.0700000000001637
ELSA,271,wealth_by_sex,final,383271,valid,,8975,7.72000000000026
ELSA,271,wealth_within_low_education,final,383271,valid,,8975,3.5
ELSA,272,recovery_phase,final,383272,valid,,9026,0.0900000000001455
ELSA,272,wealth_by_sex,final,383272,valid,,9026,8.62999999999965
ELSA,272,wealth_within_low_education,final,383272,valid,,9026,3.61000000000013
ELSA,273,recovery_phase,final,383273,valid,,8973,0.0599999999999454
ELSA,273,wealth_by_sex,final,383273,valid,,8973,8.26000000000022
ELSA,273,wealth_within_low_education,final,383273,valid,,8973,3.55999999999995
ELSA,274,recovery_phase,final,383274,valid,,8952,0.0799999999999272
ELSA,274,wealth_by_sex,final,383274,valid,,8952,7.78999999999996
ELSA,274,wealth_within_low_education,final,383274,valid,,8952,3.65000000000009
ELSA,275,recovery_phase,final,383275,valid,,8935,0.0999999999999091
ELSA,275,wealth_by_sex,final,383275,valid,,8935,8.07999999999993
ELSA,275,wealth_within_low_education,final,383275,valid,,8935,3.65999999999985
ELSA,276,recovery_phase,final,383276,valid,,8982,0.0999999999999091
ELSA,276,wealth_by_sex,final,383276,valid,,8982,7.83999999999969
ELSA,276,wealth_within_low_education,final,383276,valid,,8982,3.68000000000029
ELSA,277,recovery_phase,final,383277,valid,,8997,0.0799999999999272
ELSA,277,wealth_by_sex,final,383277,valid,,8997,7.77999999999975
ELSA,277,wealth_within_low_education,final,383277,valid,,8997,4.02999999999975
ELSA,278,recovery_phase,final,383278,valid,,8973,0.080000000000382
ELSA,278,wealth_by_sex,final,383278,valid,,8973,7.94999999999982
ELSA,278,wealth_within_low_education,final,383278,valid,,8973,3.73000000000002
ELSA,279,recovery_phase,final,383279,valid,,8986,0.080000000000382
ELSA,279,wealth_by_sex,final,383279,valid,,8986,8.19000000000006
ELSA,279,wealth_within_low_education,final,383279,valid,,8986,3.65999999999985
ELSA,280,recovery_phase,final,383280,valid,,9012,0.0799999999999272
ELSA,280,wealth_by_sex,final,383280,valid,,9012,8.16000000000031
ELSA,280,wealth_within_low_education,final,383280,valid,,9012,3.82999999999993
ELSA,281,recovery_phase,final,383281,valid,,8988,0.0599999999999454
ELSA,281,wealth_by_sex,final,383281,valid,,8988,8.05000000000018
ELSA,281,wealth_within_low_education,final,383281,valid,,8988,3.63999999999987
ELSA,282,recovery_phase,final,383282,valid,,9000,0.069999999999709
ELSA,282,wealth_by_sex,final,383282,valid,,9000,7.80999999999995
ELSA,282,wealth_within_low_education,final,383282,valid,,9000,3.57000000000016
ELSA,283,recovery_phase,final,383283,valid,,8967,0.0799999999999272
ELSA,283,wealth_by_sex,final,383283,valid,,8967,7.98999999999978
ELSA,283,wealth_within_low_education,final,383283,valid,,8967,3.61000000000013
ELSA,284,recovery_phase,final,383284,valid,,8990,0.0999999999999091
ELSA,284,wealth_by_sex,final,383284,valid,,8990,7.98000000000002
ELSA,284,wealth_within_low_education,final,383284,valid,,8990,3.57999999999993
ELSA,285,recovery_phase,final,383285,valid,,8979,0.0700000000001637
ELSA,285,wealth_by_sex,final,383285,valid,,8979,8
ELSA,285,wealth_within_low_education,final,383285,valid,,8979,3.82999999999993
ELSA,286,recovery_phase,final,383286,valid,,9044,0.080000000000382
ELSA,286,wealth_by_sex,final,383286,valid,,9044,8.55000000000018
ELSA,286,wealth_within_low_education,final,383286,valid,,9044,3.69999999999982
ELSA,287,recovery_phase,final,383287,valid,,8976,0.0900000000001455
ELSA,287,wealth_by_sex,final,383287,valid,,8976,8.74000000000024
ELSA,287,wealth_within_low_education,final,383287,valid,,8976,3.63000000000011
ELSA,288,recovery_phase,final,383288,valid,,9032,0.0799999999999272
ELSA,288,wealth_by_sex,final,383288,valid,,9032,8.46000000000004
ELSA,288,wealth_within_low_education,final,383288,valid,,9032,4.17999999999984
ELSA,289,recovery_phase,final,383289,valid,,9049,0.0900000000001455
ELSA,289,wealth_by_sex,final,383289,valid,,9049,8.53999999999996
ELSA,289,wealth_within_low_education,final,383289,valid,,9049,3.69000000000005
ELSA,290,recovery_phase,final,383290,valid,,9004,0.0900000000001455
ELSA,290,wealth_by_sex,final,383290,valid,,9004,7.9699999999998
ELSA,290,wealth_within_low_education,final,383290,valid,,9004,3.92000000000007
ELSA,291,recovery_phase,final,383291,valid,,9009,0.0799999999999272
ELSA,291,wealth_by_sex,final,383291,valid,,9009,8.61999999999989
ELSA,291,wealth_within_low_education,final,383291,valid,,9009,3.68000000000029
ELSA,292,recovery_phase,final,383292,valid,,9016,0.0799999999999272
ELSA,292,wealth_by_sex,final,383292,valid,,9016,8.18000000000029
ELSA,292,wealth_within_low_education,final,383292,valid,,9016,3.86000000000013
ELSA,293,recovery_phase,final,383293,valid,,9004,0.0799999999999272
ELSA,293,wealth_by_sex,final,383293,valid,,9004,8.19000000000006
ELSA,293,wealth_within_low_education,final,383293,valid,,9004,3.63999999999987
ELSA,294,recovery_phase,final,383294,valid,,8998,0.0799999999999272
ELSA,294,wealth_by_sex,final,383294,valid,,8998,8.36000000000013
ELSA,294,wealth_within_low_education,final,383294,valid,,8998,3.69000000000005
ELSA,295,recovery_phase,final,383295,valid,,8933,0.0799999999999272
ELSA,295,wealth_by_sex,final,383295,valid,,8933,8.07999999999993
ELSA,295,wealth_within_low_education,final,383295,valid,,8933,3.69999999999982
ELSA,296,recovery_phase,final,383296,valid,,8994,0.0799999999999272
ELSA,296,wealth_by_sex,final,383296,valid,,8994,8.11000000000013
ELSA,296,wealth_within_low_education,final,383296,valid,,8994,3.73000000000002
ELSA,297,recovery_phase,final,383297,valid,,9019,0.0700000000001637
ELSA,297,wealth_by_sex,final,383297,valid,,9019,8.21000000000004
ELSA,297,wealth_within_low_education,final,383297,valid,,9019,3.7199999999998
ELSA,298,recovery_phase,final,383298,valid,,8974,0.0799999999999272
ELSA,298,wealth_by_sex,final,383298,valid,,8974,7.97000000000026
ELSA,298,wealth_within_low_education,final,383298,valid,,8974,3.55000000000018
ELSA,299,recovery_phase,final,383299,valid,,8959,0.0799999999999272
ELSA,299,wealth_by_sex,final,383299,valid,,8959,8.36000000000013
ELSA,299,wealth_within_low_education,final,383299,valid,,8959,3.65000000000009
ELSA,300,recovery_phase,final,383300,valid,,8938,0.080000000000382
ELSA,300,wealth_by_sex,final,383300,valid,,8938,8.18000000000029
ELSA,300,wealth_within_low_education,final,383300,valid,,8938,3.71000000000004
ELSA,301,recovery_phase,final,383301,valid,,8982,0.0799999999999272
ELSA,301,wealth_by_sex,final,383301,valid,,8982,8.23000000000002
ELSA,301,wealth_within_low_education,final,383301,valid,,8982,3.71000000000004
ELSA,302,recovery_phase,final,383302,valid,,8981,0.0900000000001455
ELSA,302,wealth_by_sex,final,383302,valid,,8981,8.15000000000009
ELSA,302,wealth_within_low_education,final,383302,valid,,8981,3.90999999999985
ELSA,303,recovery_phase,final,383303,valid,,9030,0.0799999999999272
ELSA,303,wealth_by_sex,final,383303,valid,,9030,7.98000000000002
ELSA,303,wealth_within_low_education,final,383303,valid,,9030,3.7199999999998
ELSA,304,recovery_phase,final,383304,valid,,9035,0.0700000000001637
ELSA,304,wealth_by_sex,final,383304,valid,,9035,8.64000000000033
ELSA,304,wealth_within_low_education,final,383304,valid,,9035,4.25
ELSA,305,recovery_phase,final,383305,valid,,8974,0.0799999999999272
ELSA,305,wealth_by_sex,final,383305,valid,,8974,8.23999999999978
ELSA,305,wealth_within_low_education,final,383305,valid,,8974,3.86000000000013
ELSA,306,recovery_phase,final,383306,valid,,8973,0.080000000000382
ELSA,306,wealth_by_sex,final,383306,valid,,8973,9.17000000000007
ELSA,306,wealth_within_low_education,final,383306,valid,,8973,3.75
ELSA,307,recovery_phase,final,383307,valid,,9051,0.0999999999999091
ELSA,307,wealth_by_sex,final,383307,valid,,9051,9.28999999999996
ELSA,307,wealth_within_low_education,final,383307,valid,,9051,3.70000000000027
ELSA,308,recovery_phase,final,383308,valid,,8952,0.0799999999999272
ELSA,308,wealth_by_sex,final,383308,valid,,8952,8.98999999999978
ELSA,308,wealth_within_low_education,final,383308,valid,,8952,3.64000000000033
ELSA,309,recovery_phase,final,383309,valid,,8979,0.0900000000001455
ELSA,309,wealth_by_sex,final,383309,valid,,8979,8.36999999999989
ELSA,309,wealth_within_low_education,final,383309,valid,,8979,4.25999999999976
ELSA,310,recovery_phase,final,383310,valid,,9011,0.110000000000127
ELSA,310,wealth_by_sex,final,383310,valid,,9011,9.27999999999975
ELSA,310,wealth_within_low_education,final,383310,valid,,9011,4.61999999999989
ELSA,311,recovery_phase,final,383311,valid,,9031,0.110000000000127
ELSA,311,wealth_by_sex,final,383311,valid,,9031,12.0099999999998
ELSA,311,wealth_within_low_education,final,383311,valid,,9031,4.45000000000027
ELSA,312,recovery_phase,final,383312,valid,,9007,0.0799999999999272
ELSA,312,wealth_by_sex,final,383312,valid,,9007,9.86000000000013
ELSA,312,wealth_within_low_education,final,383312,valid,,9007,4.57999999999993
ELSA,313,recovery_phase,final,383313,valid,,9022,0.0799999999999272
ELSA,313,wealth_by_sex,final,383313,valid,,9022,9.7199999999998
ELSA,313,wealth_within_low_education,final,383313,valid,,9022,4.0300000000002
ELSA,314,recovery_phase,final,383314,valid,,8980,0.0799999999999272
ELSA,314,wealth_by_sex,final,383314,valid,,8980,8.75
ELSA,314,wealth_within_low_education,final,383314,valid,,8980,4.01999999999998
ELSA,315,recovery_phase,final,383315,valid,,8984,0.080000000000382
ELSA,315,wealth_by_sex,final,383315,valid,,8984,8.23000000000002
ELSA,315,wealth_within_low_education,final,383315,valid,,8984,3.75999999999976
ELSA,316,recovery_phase,final,383316,valid,,8973,0.069999999999709
ELSA,316,wealth_by_sex,final,383316,valid,,8973,8.92999999999984
ELSA,316,wealth_within_low_education,final,383316,valid,,8973,3.84000000000015
ELSA,317,recovery_phase,final,383317,valid,,8973,0.0799999999999272
ELSA,317,wealth_by_sex,final,383317,valid,,8973,8.57999999999993
ELSA,317,wealth_within_low_education,final,383317,valid,,8973,3.61000000000013
ELSA,318,recovery_phase,final,383318,valid,,9026,0.0799999999999272
ELSA,318,wealth_by_sex,final,383318,valid,,9026,8.75
ELSA,318,wealth_within_low_education,final,383318,valid,,9026,3.76999999999998
ELSA,319,recovery_phase,final,383319,valid,,8978,0.0799999999999272
ELSA,319,wealth_by_sex,final,383319,valid,,8978,8.90000000000009
ELSA,319,wealth_within_low_education,final,383319,valid,,8978,3.7800000000002
ELSA,320,recovery_phase,final,383320,valid,,8986,0.0799999999999272
ELSA,320,wealth_by_sex,final,383320,valid,,8986,8.69000000000006
ELSA,320,wealth_within_low_education,final,383320,valid,,8986,3.58999999999969
ELSA,321,recovery_phase,final,383321,valid,,8997,0.0599999999999454
ELSA,321,wealth_by_sex,final,383321,valid,,8997,7.83999999999969
ELSA,321,wealth_within_low_education,final,383321,valid,,8997,3.5600000000004
ELSA,322,recovery_phase,final,383322,valid,,8936,0.0799999999999272
ELSA,322,wealth_by_sex,final,383322,valid,,8936,7.96000000000004
ELSA,322,wealth_within_low_education,final,383322,valid,,8936,3.60999999999967
ELSA,323,recovery_phase,final,383323,valid,,9022,0.0799999999999272
ELSA,323,wealth_by_sex,final,383323,valid,,9022,8.04999999999973
ELSA,323,wealth_within_low_education,final,383323,valid,,9022,3.55999999999995
ELSA,324,recovery_phase,final,383324,valid,,8972,0.0799999999999272
ELSA,324,wealth_by_sex,final,383324,valid,,8972,8.30999999999995
ELSA,324,wealth_within_low_education,final,383324,valid,,8972,3.59000000000015
ELSA,325,recovery_phase,final,383325,valid,,9050,0.0799999999999272
ELSA,325,wealth_by_sex,final,383325,valid,,9050,8.55000000000018
ELSA,325,wealth_within_low_education,final,383325,valid,,9050,3.59999999999991
ELSA,326,recovery_phase,final,383326,valid,,9012,0.0799999999999272
ELSA,326,wealth_by_sex,final,383326,valid,,9012,10.7199999999998
ELSA,326,wealth_within_low_education,final,383326,valid,,9012,3.9399999999996
ELSA,327,recovery_phase,final,383327,valid,,8966,0.080000000000382
ELSA,327,wealth_by_sex,final,383327,valid,,8966,8.80999999999995
ELSA,327,wealth_within_low_education,final,383327,valid,,8966,3.9699999999998
ELSA,328,recovery_phase,final,383328,valid,,9018,0.0599999999999454
ELSA,328,wealth_by_sex,final,383328,valid,,9018,8.73999999999978
ELSA,328,wealth_within_low_education,final,383328,valid,,9018,3.82999999999993
ELSA,329,recovery_phase,final,383329,valid,,8971,0.0799999999999272
ELSA,329,wealth_by_sex,final,383329,valid,,8971,8.38000000000011
ELSA,329,wealth_within_low_education,final,383329,valid,,8971,3.7800000000002
ELSA,330,recovery_phase,final,383330,valid,,8949,0.069999999999709
ELSA,330,wealth_by_sex,final,383330,valid,,8949,8.5300000000002
ELSA,330,wealth_within_low_education,final,383330,valid,,8949,3.61000000000013
ELSA,331,recovery_phase,final,383331,valid,,9105,0.0800000000008367
ELSA,331,wealth_by_sex,final,383331,valid,,9105,8.52999999999975
ELSA,331,wealth_within_low_education,final,383331,valid,,9105,3.5600000000004
ELSA,332,recovery_phase,final,383332,valid,,8954,0.0800000000008367
ELSA,332,wealth_by_sex,final,383332,valid,,8954,8.60999999999967
ELSA,332,wealth_within_low_education,final,383332,valid,,8954,3.51000000000022
ELSA,333,recovery_phase,final,383333,valid,,8956,0.0599999999994907
ELSA,333,wealth_by_sex,final,383333,valid,,8956,8.30000000000018
ELSA,333,wealth_within_low_education,final,383333,valid,,8956,3.75
ELSA,334,recovery_phase,final,383334,valid,,8957,0.0799999999999272
ELSA,334,wealth_by_sex,final,383334,valid,,8957,7.84000000000015
ELSA,334,wealth_within_low_education,final,383334,valid,,8957,3.77999999999975
ELSA,335,recovery_phase,final,383335,valid,,9085,0.0600000000004002
ELSA,335,wealth_by_sex,final,383335,valid,,9085,8.1899999999996
ELSA,335,wealth_within_low_education,final,383335,valid,,9085,3.60999999999967
ELSA,336,recovery_phase,final,383336,valid,,8946,0.110000000000582
ELSA,336,wealth_by_sex,final,383336,valid,,8946,8.55000000000018
ELSA,336,wealth_within_low_education,final,383336,valid,,8946,3.85999999999967
ELSA,337,recovery_phase,final,383337,valid,,9032,0.069999999999709
ELSA,337,wealth_by_sex,final,383337,valid,,9032,10.1899999999996
ELSA,337,wealth_within_low_education,final,383337,valid,,9032,4.39000000000033
ELSA,338,recovery_phase,final,383338,valid,,8962,0.0900000000001455
ELSA,338,wealth_by_sex,final,383338,valid,,8962,10.1999999999998
ELSA,338,wealth_within_low_education,final,383338,valid,,8962,4.31999999999971
ELSA,339,recovery_phase,final,383339,valid,,9062,0.100000000000364
ELSA,339,wealth_by_sex,final,383339,valid,,9062,10.8099999999995
ELSA,339,wealth_within_low_education,final,383339,valid,,9062,4.69999999999982
ELSA,340,recovery_phase,final,383340,valid,,8991,0.100000000000364
ELSA,340,wealth_by_sex,final,383340,valid,,8991,10.5700000000006
ELSA,340,wealth_within_low_education,final,383340,valid,,8991,4.77000000000044
ELSA,341,recovery_phase,final,383341,valid,,8950,0.109999999999673
ELSA,341,wealth_by_sex,final,383341,valid,,8950,11.3400000000001
ELSA,341,wealth_within_low_education,final,383341,valid,,8950,3.97000000000025
ELSA,342,recovery_phase,final,383342,valid,,8929,0.0799999999999272
ELSA,342,wealth_by_sex,final,383342,valid,,8929,8.32000000000062
ELSA,342,wealth_within_low_education,final,383342,valid,,8929,3.73999999999978
ELSA,343,recovery_phase,final,383343,valid,,8926,0.0900000000001455
ELSA,343,wealth_by_sex,final,383343,valid,,8926,8.44000000000051
ELSA,343,wealth_within_low_education,final,383343,valid,,8926,3.85000000000036
ELSA,344,recovery_phase,final,383344,valid,,9026,0.0799999999999272
ELSA,344,wealth_by_sex,final,383344,valid,,9026,8.90000000000055
ELSA,344,wealth_within_low_education,final,383344,valid,,9026,4.22999999999956
ELSA,345,recovery_phase,final,383345,valid,,8927,0.0799999999999272
ELSA,345,wealth_by_sex,final,383345,valid,,8927,9.24000000000069
ELSA,345,wealth_within_low_education,final,383345,valid,,8927,3.48999999999978
ELSA,346,recovery_phase,final,383346,valid,,9060,0.0900000000001455
ELSA,346,wealth_by_sex,final,383346,valid,,9060,8.32999999999993
ELSA,346,wealth_within_low_education,final,383346,valid,,9060,3.74000000000069
ELSA,347,recovery_phase,final,383347,valid,,8999,0.0999999999994543
ELSA,347,wealth_by_sex,final,383347,valid,,8999,8.13000000000011
ELSA,347,wealth_within_low_education,final,383347,valid,,8999,3.82000000000062
ELSA,348,recovery_phase,final,383348,valid,,8897,0.0799999999999272
ELSA,348,wealth_by_sex,final,383348,valid,,8897,8.40999999999985
ELSA,348,wealth_within_low_education,final,383348,valid,,8897,3.6899999999996
ELSA,349,recovery_phase,final,383349,valid,,8996,0.069999999999709
ELSA,349,wealth_by_sex,final,383349,valid,,8996,8.1899999999996
ELSA,349,wealth_within_low_education,final,383349,valid,,8996,3.55000000000018
ELSA,350,recovery_phase,final,383350,valid,,8999,0.0799999999999272
ELSA,350,wealth_by_sex,final,383350,valid,,8999,8.14999999999964
ELSA,350,wealth_within_low_education,final,383350,valid,,8999,3.53999999999996
ELSA,351,recovery_phase,final,383351,valid,,8990,0.109999999999673
ELSA,351,wealth_by_sex,final,383351,valid,,8990,7.92000000000007
ELSA,351,wealth_within_low_education,final,383351,valid,,8990,3.64000000000033
ELSA,352,recovery_phase,final,383352,valid,,8966,0.0599999999994907
ELSA,352,wealth_by_sex,final,383352,valid,,8966,8.96999999999935
ELSA,352,wealth_within_low_education,final,383352,valid,,8966,3.65999999999985
ELSA,353,recovery_phase,final,383353,valid,,9041,0.0799999999999272
ELSA,353,wealth_by_sex,final,383353,valid,,9041,8.64000000000033
ELSA,353,wealth_within_low_education,final,383353,valid,,9041,3.71000000000004
ELSA,354,recovery_phase,final,383354,valid,,8930,0.0800000000008367
ELSA,354,wealth_by_sex,final,383354,valid,,8930,8.15999999999985
ELSA,354,wealth_within_low_education,final,383354,valid,,8930,3.89000000000033
ELSA,355,recovery_phase,final,383355,valid,,9010,0.0799999999999272
ELSA,355,wealth_by_sex,final,383355,valid,,9010,8.18000000000029
ELSA,355,wealth_within_low_education,final,383355,valid,,9010,3.84000000000015
ELSA,356,recovery_phase,final,383356,valid,,8981,0.0900000000001455
ELSA,356,wealth_by_sex,final,383356,valid,,8981,8.53999999999996
ELSA,356,wealth_within_low_education,final,383356,valid,,8981,3.64000000000033
ELSA,357,recovery_phase,final,383357,valid,,8923,0.0799999999999272
ELSA,357,wealth_by_sex,final,383357,valid,,8923,8.19999999999982
ELSA,357,wealth_within_low_education,final,383357,valid,,8923,3.76999999999953
ELSA,358,recovery_phase,final,383358,valid,,8952,0.069999999999709
ELSA,358,wealth_by_sex,final,383358,valid,,8952,8.52999999999975
ELSA,358,wealth_within_low_education,final,383358,valid,,8952,3.97000000000025
ELSA,359,recovery_phase,final,383359,valid,,9019,0.0799999999999272
ELSA,359,wealth_by_sex,final,383359,valid,,9019,7.96000000000004
ELSA,359,wealth_within_low_education,final,383359,valid,,9019,3.65000000000055
ELSA,360,recovery_phase,final,383360,valid,,8978,0.0900000000001455
ELSA,360,wealth_by_sex,final,383360,valid,,8978,8.27999999999975
ELSA,360,wealth_within_low_education,final,383360,valid,,8978,3.57000000000062
ELSA,361,recovery_phase,final,383361,valid,,8986,0.0799999999999272
ELSA,361,wealth_by_sex,final,383361,valid,,8986,8.51999999999953
ELSA,361,wealth_within_low_education,final,383361,valid,,8986,3.94999999999982
ELSA,362,recovery_phase,final,383362,valid,,8957,0.0600000000004002
ELSA,362,wealth_by_sex,final,383362,valid,,8957,8.4399999999996
ELSA,362,wealth_within_low_education,final,383362,valid,,8957,3.55000000000018
ELSA,363,recovery_phase,final,383363,valid,,9022,0.0799999999999272
ELSA,363,wealth_by_sex,final,383363,valid,,9022,8.4399999999996
ELSA,363,wealth_within_low_education,final,383363,valid,,9022,3.86999999999989
ELSA,364,recovery_phase,final,383364,valid,,9005,0.0799999999999272
ELSA,364,wealth_by_sex,final,383364,valid,,9005,9.06999999999971
ELSA,364,wealth_within_low_education,final,383364,valid,,9005,4.01000000000022
ELSA,365,recovery_phase,final,383365,valid,,8968,0.069999999999709
ELSA,365,wealth_by_sex,final,383365,valid,,8968,8.13999999999942
ELSA,365,wealth_within_low_education,final,383365,valid,,8968,3.86999999999989
ELSA,366,recovery_phase,final,383366,valid,,8935,0.0799999999999272
ELSA,366,wealth_by_sex,final,383366,valid,,8935,8.71999999999935
ELSA,366,wealth_within_low_education,final,383366,valid,,8935,3.73000000000047
ELSA,367,recovery_phase,final,383367,valid,,9066,0.0799999999999272
ELSA,367,wealth_by_sex,final,383367,valid,,9066,8.5
ELSA,367,wealth_within_low_education,final,383367,valid,,9066,3.94000000000051
ELSA,368,recovery_phase,final,383368,valid,,9044,0.0700000000006185
ELSA,368,wealth_by_sex,final,383368,valid,,9044,8.46999999999935
ELSA,368,wealth_within_low_education,final,383368,valid,,9044,3.59000000000015
ELSA,369,recovery_phase,final,383369,valid,,9015,0.0900000000001455
ELSA,369,wealth_by_sex,final,383369,valid,,9015,8.39000000000033
ELSA,369,wealth_within_low_education,final,383369,valid,,9015,3.63000000000011
ELSA,370,recovery_phase,final,383370,valid,,9024,0.0799999999999272
ELSA,370,wealth_by_sex,final,383370,valid,,9024,8.19999999999982
ELSA,370,wealth_within_low_education,final,383370,valid,,9024,3.72000000000025
ELSA,371,recovery_phase,final,383371,valid,,9021,0.0600000000004002
ELSA,371,wealth_by_sex,final,383371,valid,,9021,8.38000000000011
ELSA,371,wealth_within_low_education,final,383371,valid,,9021,3.67000000000007
ELSA,372,recovery_phase,final,383372,valid,,8991,0.130000000000109
ELSA,372,wealth_by_sex,final,383372,valid,,8991,8.13000000000011
ELSA,372,wealth_within_low_education,final,383372,valid,,8991,3.73999999999978
ELSA,373,recovery_phase,final,383373,valid,,9037,0.0799999999999272
ELSA,373,wealth_by_sex,final,383373,valid,,9037,9.04999999999927
ELSA,373,wealth_within_low_education,final,383373,valid,,9037,3.82999999999993
ELSA,374,recovery_phase,final,383374,valid,,9008,0.0700000000006185
ELSA,374,wealth_by_sex,final,383374,valid,,9008,8.0600000000004
ELSA,374,wealth_within_low_education,final,383374,valid,,9008,3.8100000000004
ELSA,375,recovery_phase,final,383375,valid,,9013,0.0799999999999272
ELSA,375,wealth_by_sex,final,383375,valid,,9013,8.46000000000004
ELSA,375,wealth_within_low_education,final,383375,valid,,9013,4.72999999999956
ELSA,376,recovery_phase,final,383376,valid,,8953,0.119999999999891
ELSA,376,wealth_by_sex,final,383376,valid,,8953,8.90999999999985
ELSA,376,wealth_within_low_education,final,383376,valid,,8953,5.39000000000033
ELSA,377,recovery_phase,final,383377,valid,,8987,0.0799999999999272
ELSA,377,wealth_by_sex,final,383377,valid,,8987,10.6599999999999
ELSA,377,wealth_within_low_education,final,383377,valid,,8987,4.30999999999949
ELSA,378,recovery_phase,final,383378,valid,,8985,0.100000000000364
ELSA,378,wealth_by_sex,final,383378,valid,,8985,9.69000000000051
ELSA,378,wealth_within_low_education,final,383378,valid,,8985,3.91000000000076
ELSA,379,recovery_phase,final,383379,valid,,9016,0.0799999999999272
ELSA,379,wealth_by_sex,final,383379,valid,,9016,8.72000000000026
ELSA,379,wealth_within_low_education,final,383379,valid,,9016,3.94999999999982
ELSA,380,recovery_phase,final,383380,valid,,9013,0.0900000000001455
ELSA,380,wealth_by_sex,final,383380,valid,,9013,8.13999999999942
ELSA,380,wealth_within_low_education,final,383380,valid,,9013,4.39000000000033
ELSA,381,recovery_phase,final,383381,valid,,8988,0.0799999999999272
ELSA,381,wealth_by_sex,final,383381,valid,,8988,10.75
ELSA,381,wealth_within_low_education,final,383381,valid,,8988,4.41999999999916
ELSA,382,recovery_phase,final,383382,valid,,9033,0.089999999999236
ELSA,382,wealth_by_sex,final,383382,valid,,9033,9.66999999999916
ELSA,382,wealth_within_low_education,final,383382,valid,,9033,5.02999999999975
ELSA,383,recovery_phase,final,383383,valid,,9034,0.0900000000001455
ELSA,383,wealth_by_sex,final,383383,valid,,9034,11.2699999999995
ELSA,383,wealth_within_low_education,final,383383,valid,,9034,5.27999999999975
ELSA,384,recovery_phase,final,383384,valid,,8951,0.100000000000364
ELSA,384,wealth_by_sex,final,383384,valid,,8951,12.0600000000004
ELSA,384,wealth_within_low_education,final,383384,valid,,8951,4.73000000000047
ELSA,385,recovery_phase,final,383385,valid,,8979,0.0799999999999272
ELSA,385,wealth_by_sex,final,383385,valid,,8979,10.1700000000001
ELSA,385,wealth_within_low_education,final,383385,valid,,8979,3.57999999999993
ELSA,386,recovery_phase,final,383386,valid,,8976,0.0799999999999272
ELSA,386,wealth_by_sex,final,383386,valid,,8976,8.19999999999982
ELSA,386,wealth_within_low_education,final,383386,valid,,8976,3.67000000000007
ELSA,387,recovery_phase,final,383387,valid,,8991,0.069999999999709
ELSA,387,wealth_by_sex,final,383387,valid,,8991,8.18000000000029
ELSA,387,wealth_within_low_education,final,383387,valid,,8991,3.61999999999989
ELSA,388,recovery_phase,final,383388,valid,,9026,0.0799999999999272
ELSA,388,wealth_by_sex,final,383388,valid,,9026,8.44999999999982
ELSA,388,wealth_within_low_education,final,383388,valid,,9026,3.73999999999978
ELSA,389,recovery_phase,final,383389,valid,,8938,0.069999999999709
ELSA,389,wealth_by_sex,final,383389,valid,,8938,8.21999999999935
ELSA,389,wealth_within_low_education,final,383389,valid,,8938,3.69999999999982
ELSA,390,recovery_phase,final,383390,valid,,8993,0.0599999999994907
ELSA,390,wealth_by_sex,final,383390,valid,,8993,8.64000000000033
ELSA,390,wealth_within_low_education,final,383390,valid,,8993,3.55000000000018
ELSA,391,recovery_phase,final,383391,valid,,8958,0.069999999999709
ELSA,391,wealth_by_sex,final,383391,valid,,8958,8.11000000000058
ELSA,391,wealth_within_low_education,final,383391,valid,,8958,3.67000000000007
ELSA,392,recovery_phase,final,383392,valid,,8989,0.0800000000008367
ELSA,392,wealth_by_sex,final,383392,valid,,8989,8.27999999999975
ELSA,392,wealth_within_low_education,final,383392,valid,,8989,3.69000000000051
ELSA,393,recovery_phase,final,383393,valid,,8976,0.0799999999999272
ELSA,393,wealth_by_sex,final,383393,valid,,8976,8.59000000000015
ELSA,393,wealth_within_low_education,final,383393,valid,,8976,3.78000000000066
ELSA,394,recovery_phase,final,383394,valid,,8954,0.0600000000004002
ELSA,394,wealth_by_sex,final,383394,valid,,8954,8.13000000000011
ELSA,394,wealth_within_low_education,final,383394,valid,,8954,3.72000000000025
ELSA,395,recovery_phase,final,383395,valid,,8990,0.0600000000004002
ELSA,395,wealth_by_sex,final,383395,valid,,8990,8.13000000000011
ELSA,395,wealth_within_low_education,final,383395,valid,,8990,3.64000000000033
ELSA,396,recovery_phase,final,383396,valid,,9056,0.0799999999999272
ELSA,396,wealth_by_sex,final,383396,valid,,9056,8.47000000000026
ELSA,396,wealth_within_low_education,final,383396,valid,,9056,3.52999999999975
ELSA,397,recovery_phase,final,383397,valid,,8964,0.0799999999999272
ELSA,397,wealth_by_sex,final,383397,valid,,8964,8.11000000000058
ELSA,397,wealth_within_low_education,final,383397,valid,,8964,3.61000000000058
ELSA,398,recovery_phase,final,383398,valid,,9009,0.0799999999999272
ELSA,398,wealth_by_sex,final,383398,valid,,9009,8.09000000000015
ELSA,398,wealth_within_low_education,final,383398,valid,,9009,3.68000000000029
ELSA,399,recovery_phase,final,383399,valid,,8983,0.0799999999999272
ELSA,399,wealth_by_sex,final,383399,valid,,8983,8.40999999999985
ELSA,399,wealth_within_low_education,final,383399,valid,,8983,3.76000000000022
ELSA,400,recovery_phase,final,383400,valid,,8997,0.0599999999994907
ELSA,400,wealth_by_sex,final,383400,valid,,8997,8.08999999999924
ELSA,400,wealth_within_low_education,final,383400,valid,,8997,3.55000000000018
ELSA,401,recovery_phase,final,383401,valid,,8950,0.0599999999994907
ELSA,401,wealth_by_sex,final,383401,valid,,8950,8.28000000000066
ELSA,401,wealth_within_low_education,final,383401,valid,,8950,3.65999999999985
ELSA,402,recovery_phase,final,383402,valid,,8950,0.0900000000001455
ELSA,402,wealth_by_sex,final,383402,valid,,8950,8.3100000000004
ELSA,402,wealth_within_low_education,final,383402,valid,,8950,3.68000000000029
ELSA,403,recovery_phase,final,383403,valid,,8925,0.0799999999999272
ELSA,403,wealth_by_sex,final,383403,valid,,8925,8.48999999999978
ELSA,403,wealth_within_low_education,final,383403,valid,,8925,3.51999999999953
ELSA,404,recovery_phase,final,383404,valid,,8949,0.069999999999709
ELSA,404,wealth_by_sex,final,383404,valid,,8949,8.14999999999964
ELSA,404,wealth_within_low_education,final,383404,valid,,8949,3.92999999999938
ELSA,405,recovery_phase,final,383405,valid,,9035,0.0600000000004002
ELSA,405,wealth_by_sex,final,383405,valid,,9035,8.27999999999975
ELSA,405,wealth_within_low_education,final,383405,valid,,9035,3.52000000000044
ELSA,406,recovery_phase,final,383406,valid,,8918,0.0599999999994907
ELSA,406,wealth_by_sex,final,383406,valid,,8918,8.5
ELSA,406,wealth_within_low_education,final,383406,valid,,8918,3.57999999999993
ELSA,407,recovery_phase,final,383407,valid,,8965,0.0799999999999272
ELSA,407,wealth_by_sex,final,383407,valid,,8965,7.97999999999956
ELSA,407,wealth_within_low_education,final,383407,valid,,8965,3.61999999999989
ELSA,408,recovery_phase,final,383408,valid,,9078,0.0799999999999272
ELSA,408,wealth_by_sex,final,383408,valid,,9078,8.25
ELSA,408,wealth_within_low_education,final,383408,valid,,9078,3.94999999999982
ELSA,409,recovery_phase,final,383409,valid,,9043,0.0600000000004002
ELSA,409,wealth_by_sex,final,383409,valid,,9043,8.52000000000044
ELSA,409,wealth_within_low_education,final,383409,valid,,9043,3.67000000000007
ELSA,410,recovery_phase,final,383410,valid,,8960,0.069999999999709
ELSA,410,wealth_by_sex,final,383410,valid,,8960,8.41000000000076
ELSA,410,wealth_within_low_education,final,383410,valid,,8960,3.75
ELSA,411,recovery_phase,final,383411,valid,,8979,0.0900000000001455
ELSA,411,wealth_by_sex,final,383411,valid,,8979,8.17000000000007
ELSA,411,wealth_within_low_education,final,383411,valid,,8979,3.59999999999945
ELSA,412,recovery_phase,final,383412,valid,,8940,0.0799999999999272
ELSA,412,wealth_by_sex,final,383412,valid,,8940,8
ELSA,412,wealth_within_low_education,final,383412,valid,,8940,3.5600000000004
ELSA,413,recovery_phase,final,383413,valid,,9005,0.0799999999999272
ELSA,413,wealth_by_sex,final,383413,valid,,9005,8.15999999999985
ELSA,413,wealth_within_low_education,final,383413,valid,,9005,3.52999999999975
ELSA,414,recovery_phase,final,383414,valid,,8997,0.0799999999999272
ELSA,414,wealth_by_sex,final,383414,valid,,8997,8.26000000000022
ELSA,414,wealth_within_low_education,final,383414,valid,,8997,3.53999999999996
ELSA,415,recovery_phase,final,383415,valid,,8937,0.069999999999709
ELSA,415,wealth_by_sex,final,383415,valid,,8937,7.88999999999942
ELSA,415,wealth_within_low_education,final,383415,valid,,8937,3.5
ELSA,416,recovery_phase,final,383416,valid,,8983,0.0600000000004002
ELSA,416,wealth_by_sex,final,383416,valid,,8983,8.30000000000018
ELSA,416,wealth_within_low_education,final,383416,valid,,8983,3.35999999999967
ELSA,417,recovery_phase,final,383417,valid,,8973,0.0799999999999272
ELSA,417,wealth_by_sex,final,383417,valid,,8973,8.04999999999927
ELSA,417,wealth_within_low_education,final,383417,valid,,8973,3.60000000000036
ELSA,418,recovery_phase,final,383418,valid,,9035,0.0599999999994907
ELSA,418,wealth_by_sex,final,383418,valid,,9035,8.04999999999927
ELSA,418,wealth_within_low_education,final,383418,valid,,9035,3.40999999999985
ELSA,419,recovery_phase,final,383419,valid,,8996,0.069999999999709
ELSA,419,wealth_by_sex,final,383419,valid,,8996,8.11999999999989
ELSA,419,wealth_within_low_education,final,383419,valid,,8996,3.46999999999935
ELSA,420,recovery_phase,final,383420,valid,,9005,0.0799999999999272
ELSA,420,wealth_by_sex,final,383420,valid,,9005,7.89000000000033
ELSA,420,wealth_within_low_education,final,383420,valid,,9005,3.46000000000004
ELSA,421,recovery_phase,final,383421,valid,,8967,0.0799999999999272
ELSA,421,wealth_by_sex,final,383421,valid,,8967,8.03000000000066
ELSA,421,wealth_within_low_education,final,383421,valid,,8967,3.72000000000025
ELSA,422,recovery_phase,final,383422,valid,,9017,0.0600000000004002
ELSA,422,wealth_by_sex,final,383422,valid,,9017,7.80000000000018
ELSA,422,wealth_within_low_education,final,383422,valid,,9017,3.47000000000025
ELSA,423,recovery_phase,final,383423,valid,,9015,0.0599999999994907
ELSA,423,wealth_by_sex,final,383423,valid,,9015,8.09000000000015
ELSA,423,wealth_within_low_education,final,383423,valid,,9015,3.56999999999971
ELSA,424,recovery_phase,final,383424,valid,,8977,0.0799999999999272
ELSA,424,wealth_by_sex,final,383424,valid,,8977,7.61999999999989
ELSA,424,wealth_within_low_education,final,383424,valid,,8977,3.39999999999964
ELSA,425,recovery_phase,final,383425,valid,,9062,0.0599999999994907
ELSA,425,wealth_by_sex,final,383425,valid,,9062,7.82999999999993
ELSA,425,wealth_within_low_education,final,383425,valid,,9062,3.38999999999942
ELSA,426,recovery_phase,final,383426,valid,,9037,0.0799999999999272
ELSA,426,wealth_by_sex,final,383426,valid,,9037,8.44000000000051
ELSA,426,wealth_within_low_education,final,383426,valid,,9037,3.49000000000069
ELSA,427,recovery_phase,final,383427,valid,,8970,0.069999999999709
ELSA,427,wealth_by_sex,final,383427,valid,,8970,8.11000000000058
ELSA,427,wealth_within_low_education,final,383427,valid,,8970,3.5
ELSA,428,recovery_phase,final,383428,valid,,8943,0.0599999999994907
ELSA,428,wealth_by_sex,final,383428,valid,,8943,8.10999999999967
ELSA,428,wealth_within_low_education,final,383428,valid,,8943,3.4399999999996
ELSA,429,recovery_phase,final,383429,valid,,9028,0.0799999999999272
ELSA,429,wealth_by_sex,final,383429,valid,,9028,8.06999999999971
ELSA,429,wealth_within_low_education,final,383429,valid,,9028,3.61999999999989
ELSA,430,recovery_phase,final,383430,valid,,9007,0.0799999999999272
ELSA,430,wealth_by_sex,final,383430,valid,,9007,7.92000000000007
ELSA,430,wealth_within_low_education,final,383430,valid,,9007,3.48000000000047
ELSA,431,recovery_phase,final,383431,valid,,8949,0.0599999999994907
ELSA,431,wealth_by_sex,final,383431,valid,,8949,7.89999999999964
ELSA,431,wealth_within_low_education,final,383431,valid,,8949,3.38999999999942
ELSA,432,recovery_phase,final,383432,valid,,8968,0.0600000000004002
ELSA,432,wealth_by_sex,final,383432,valid,,8968,8.02999999999975
ELSA,432,wealth_within_low_education,final,383432,valid,,8968,3.49000000000069
ELSA,433,recovery_phase,final,383433,valid,,9020,0.0600000000004002
ELSA,433,wealth_by_sex,final,383433,valid,,9020,7.96999999999935
ELSA,433,wealth_within_low_education,final,383433,valid,,9020,3.32999999999993
ELSA,434,recovery_phase,final,383434,valid,,8962,0.0600000000004002
ELSA,434,wealth_by_sex,final,383434,valid,,8962,7.75
ELSA,434,wealth_within_low_education,final,383434,valid,,8962,3.46000000000004
ELSA,435,recovery_phase,final,383435,valid,,9018,0.0799999999999272
ELSA,435,wealth_by_sex,final,383435,valid,,9018,8.25
ELSA,435,wealth_within_low_education,final,383435,valid,,9018,3.44999999999982
ELSA,436,recovery_phase,final,383436,valid,,9008,0.0600000000004002
ELSA,436,wealth_by_sex,final,383436,valid,,9008,7.8100000000004
ELSA,436,wealth_within_low_education,final,383436,valid,,9008,3.44000000000051
ELSA,437,recovery_phase,final,383437,valid,,8946,0.0599999999994907
ELSA,437,wealth_by_sex,final,383437,valid,,8946,7.97999999999956
ELSA,437,wealth_within_low_education,final,383437,valid,,8946,3.6899999999996
ELSA,438,recovery_phase,final,383438,valid,,9006,0.0600000000004002
ELSA,438,wealth_by_sex,final,383438,valid,,9006,7.91000000000076
ELSA,438,wealth_within_low_education,final,383438,valid,,9006,3.44000000000051
ELSA,439,recovery_phase,final,383439,valid,,8954,0.0799999999999272
ELSA,439,wealth_by_sex,final,383439,valid,,8954,7.92000000000007
ELSA,439,wealth_within_low_education,final,383439,valid,,8954,3.55999999999949
ELSA,440,recovery_phase,final,383440,valid,,9004,0.0700000000006185
ELSA,440,wealth_by_sex,final,383440,valid,,9004,8.46000000000004
ELSA,440,wealth_within_low_education,final,383440,valid,,9004,3.5600000000004
ELSA,441,recovery_phase,final,383441,valid,,8967,0.0700000000006185
ELSA,441,wealth_by_sex,final,383441,valid,,8967,8.40999999999985
ELSA,441,wealth_within_low_education,final,383441,valid,,8967,3.69999999999982
ELSA,442,recovery_phase,final,383442,valid,,9007,0.0600000000004002
ELSA,442,wealth_by_sex,final,383442,valid,,9007,7.82999999999993
ELSA,442,wealth_within_low_education,final,383442,valid,,9007,3.43000000000029
ELSA,443,recovery_phase,final,383443,valid,,9018,0.0799999999999272
ELSA,443,wealth_by_sex,final,383443,valid,,9018,7.80999999999949
ELSA,443,wealth_within_low_education,final,383443,valid,,9018,3.53999999999996
ELSA,444,recovery_phase,final,383444,valid,,8965,0.0799999999999272
ELSA,444,wealth_by_sex,final,383444,valid,,8965,8.25999999999931
ELSA,444,wealth_within_low_education,final,383444,valid,,8965,3.60000000000036
ELSA,445,recovery_phase,final,383445,valid,,8948,0.0799999999999272
ELSA,445,wealth_by_sex,final,383445,valid,,8948,8.65999999999985
ELSA,445,wealth_within_low_education,final,383445,valid,,8948,3.83999999999924
ELSA,446,recovery_phase,final,383446,valid,,8963,0.0599999999994907
ELSA,446,wealth_by_sex,final,383446,valid,,8963,7.89000000000033
ELSA,446,wealth_within_low_education,final,383446,valid,,8963,3.86999999999989
ELSA,447,recovery_phase,final,383447,valid,,8975,0.0799999999999272
ELSA,447,wealth_by_sex,final,383447,valid,,8975,7.92999999999938
ELSA,447,wealth_within_low_education,final,383447,valid,,8975,3.41000000000076
ELSA,448,recovery_phase,final,383448,valid,,9023,0.069999999999709
ELSA,448,wealth_by_sex,final,383448,valid,,9023,8.50999999999931
ELSA,448,wealth_within_low_education,final,383448,valid,,9023,3.72999999999956
ELSA,449,recovery_phase,final,383449,valid,,8974,0.069999999999709
ELSA,449,wealth_by_sex,final,383449,valid,,8974,7.89000000000033
ELSA,449,wealth_within_low_education,final,383449,valid,,8974,3.72999999999956
ELSA,450,recovery_phase,final,383450,valid,,9056,0.0799999999999272
ELSA,450,wealth_by_sex,final,383450,valid,,9056,7.92000000000007
ELSA,450,wealth_within_low_education,final,383450,valid,,9056,3.40000000000055
ELSA,451,recovery_phase,final,383451,valid,,8982,0.0700000000006185
ELSA,451,wealth_by_sex,final,383451,valid,,8982,7.90000000000055
ELSA,451,wealth_within_low_education,final,383451,valid,,8982,3.75
ELSA,452,recovery_phase,final,383452,valid,,9040,0.0600000000004002
ELSA,452,wealth_by_sex,final,383452,valid,,9040,7.97000000000026
ELSA,452,wealth_within_low_education,final,383452,valid,,9040,3.68000000000029
ELSA,453,recovery_phase,final,383453,valid,,8997,0.0700000000006185
ELSA,453,wealth_by_sex,final,383453,valid,,8997,7.85999999999967
ELSA,453,wealth_within_low_education,final,383453,valid,,8997,3.44999999999982
ELSA,454,recovery_phase,final,383454,valid,,8979,0.0799999999999272
ELSA,454,wealth_by_sex,final,383454,valid,,8979,7.72999999999956
ELSA,454,wealth_within_low_education,final,383454,valid,,8979,3.42000000000007
ELSA,455,recovery_phase,final,383455,valid,,9063,0.0700000000006185
ELSA,455,wealth_by_sex,final,383455,valid,,9063,8.22000000000026
ELSA,455,wealth_within_low_education,final,383455,valid,,9063,3.39000000000033
ELSA,456,recovery_phase,final,383456,valid,,8933,0.0600000000004002
ELSA,456,wealth_by_sex,final,383456,valid,,8933,7.61999999999989
ELSA,456,wealth_within_low_education,final,383456,valid,,8933,3.38000000000011
ELSA,457,recovery_phase,final,383457,valid,,9000,0.069999999999709
ELSA,457,wealth_by_sex,final,383457,valid,,9000,7.69000000000051
ELSA,457,wealth_within_low_education,final,383457,valid,,9000,3.39999999999964
ELSA,458,recovery_phase,final,383458,valid,,9009,0.0600000000004002
ELSA,458,wealth_by_sex,final,383458,valid,,9009,7.60000000000036
ELSA,458,wealth_within_low_education,final,383458,valid,,9009,3.44000000000051
ELSA,459,recovery_phase,final,383459,valid,,8977,0.0599999999994907
ELSA,459,wealth_by_sex,final,383459,valid,,8977,7.57000000000062
ELSA,459,wealth_within_low_education,final,383459,valid,,8977,3.55000000000018
ELSA,460,recovery_phase,final,383460,valid,,8982,0.0999999999994543
ELSA,460,wealth_by_sex,final,383460,valid,,8982,7.88999999999942
ELSA,460,wealth_within_low_education,final,383460,valid,,8982,3.67000000000007
ELSA,461,recovery_phase,final,383461,valid,,8972,0.0799999999999272
ELSA,461,wealth_by_sex,final,383461,valid,,8972,7.96000000000004
ELSA,461,wealth_within_low_education,final,383461,valid,,8972,3.80000000000018
ELSA,462,recovery_phase,final,383462,valid,,8977,0.0799999999999272
ELSA,462,wealth_by_sex,final,383462,valid,,8977,8.05000000000018
ELSA,462,wealth_within_low_education,final,383462,valid,,8977,3.48000000000047
ELSA,463,recovery_phase,final,383463,valid,,9000,0.0799999999999272
ELSA,463,wealth_by_sex,final,383463,valid,,9000,8.10999999999967
ELSA,463,wealth_within_low_education,final,383463,valid,,9000,3.53000000000066
ELSA,464,recovery_phase,final,383464,valid,,9004,0.0600000000004002
ELSA,464,wealth_by_sex,final,383464,valid,,9004,7.9399999999996
ELSA,464,wealth_within_low_education,final,383464,valid,,9004,3.61000000000058
ELSA,465,recovery_phase,final,383465,valid,,9086,0.0799999999999272
ELSA,465,wealth_by_sex,final,383465,valid,,9086,7.78999999999996
ELSA,465,wealth_within_low_education,final,383465,valid,,9086,3.3100000000004
ELSA,466,recovery_phase,final,383466,valid,,8986,0.0799999999999272
ELSA,466,wealth_by_sex,final,383466,valid,,8986,8.19999999999982
ELSA,466,wealth_within_low_education,final,383466,valid,,8986,3.55999999999949
ELSA,467,recovery_phase,final,383467,valid,,9011,0.0800000000008367
ELSA,467,wealth_by_sex,final,383467,valid,,9011,7.79999999999927
ELSA,467,wealth_within_low_education,final,383467,valid,,9011,3.47999999999956
ELSA,468,recovery_phase,final,383468,valid,,8987,0.0799999999999272
ELSA,468,wealth_by_sex,final,383468,valid,,8987,7.86000000000058
ELSA,468,wealth_within_low_education,final,383468,valid,,8987,3.82999999999993
ELSA,469,recovery_phase,final,383469,valid,,8958,0.0799999999999272
ELSA,469,wealth_by_sex,final,383469,valid,,8958,7.88000000000011
ELSA,469,wealth_within_low_education,final,383469,valid,,8958,3.30000000000018
ELSA,470,recovery_phase,final,383470,valid,,8988,0.0799999999999272
ELSA,470,wealth_by_sex,final,383470,valid,,8988,7.47000000000026
ELSA,470,wealth_within_low_education,final,383470,valid,,8988,3.36999999999989
ELSA,471,recovery_phase,final,383471,valid,,8989,0.0600000000004002
ELSA,471,wealth_by_sex,final,383471,valid,,8989,7.36999999999989
ELSA,471,wealth_within_low_education,final,383471,valid,,8989,3.25
ELSA,472,recovery_phase,final,383472,valid,,8977,0.0600000000004002
ELSA,472,wealth_by_sex,final,383472,valid,,8977,7.52999999999975
ELSA,472,wealth_within_low_education,final,383472,valid,,8977,3.30000000000018
ELSA,473,recovery_phase,final,383473,valid,,9006,0.0600000000004002
ELSA,473,wealth_by_sex,final,383473,valid,,9006,7.61999999999989
ELSA,473,wealth_within_low_education,final,383473,valid,,9006,3.28000000000066
ELSA,474,recovery_phase,final,383474,valid,,9012,0.0799999999999272
ELSA,474,wealth_by_sex,final,383474,valid,,9012,7.48000000000047
ELSA,474,wealth_within_low_education,final,383474,valid,,9012,3.3100000000004
ELSA,475,recovery_phase,final,383475,valid,,8966,0.0600000000004002
ELSA,475,wealth_by_sex,final,383475,valid,,8966,7.72999999999956
ELSA,475,wealth_within_low_education,final,383475,valid,,8966,3.27999999999975
ELSA,476,recovery_phase,final,383476,valid,,8997,0.069999999999709
ELSA,476,wealth_by_sex,final,383476,valid,,8997,7.44999999999982
ELSA,476,wealth_within_low_education,final,383476,valid,,8997,3.27999999999975
ELSA,477,recovery_phase,final,383477,valid,,9000,0.0599999999994907
ELSA,477,wealth_by_sex,final,383477,valid,,9000,7.42000000000007
ELSA,477,wealth_within_low_education,final,383477,valid,,9000,3.35999999999967
ELSA,478,recovery_phase,final,383478,valid,,9036,0.0799999999999272
ELSA,478,wealth_by_sex,final,383478,valid,,9036,7.32999999999993
ELSA,478,wealth_within_low_education,final,383478,valid,,9036,3.21000000000004
ELSA,479,recovery_phase,final,383479,valid,,8999,0.0799999999999272
ELSA,479,wealth_by_sex,final,383479,valid,,8999,7.60000000000036
ELSA,479,wealth_within_low_education,final,383479,valid,,8999,3.35999999999967
ELSA,480,recovery_phase,final,383480,valid,,9007,0.0799999999999272
ELSA,480,wealth_by_sex,final,383480,valid,,9007,7.48999999999978
ELSA,480,wealth_within_low_education,final,383480,valid,,9007,3.39000000000033
ELSA,481,recovery_phase,final,383481,valid,,8974,0.0599999999994907
ELSA,481,wealth_by_sex,final,383481,valid,,8974,7.85999999999967
ELSA,481,wealth_within_low_education,final,383481,valid,,8974,3.22000000000025
ELSA,482,recovery_phase,final,383482,valid,,8955,0.0600000000004002
ELSA,482,wealth_by_sex,final,383482,valid,,8955,7.67000000000007
ELSA,482,wealth_within_low_education,final,383482,valid,,8955,3.32999999999993
ELSA,483,recovery_phase,final,383483,valid,,8993,0.0799999999999272
ELSA,483,wealth_by_sex,final,383483,valid,,8993,7.74000000000069
ELSA,483,wealth_within_low_education,final,383483,valid,,8993,3.30000000000018
ELSA,484,recovery_phase,final,383484,valid,,8967,0.0600000000004002
ELSA,484,wealth_by_sex,final,383484,valid,,8967,7.40999999999985
ELSA,484,wealth_within_low_education,final,383484,valid,,8967,3.23999999999978
ELSA,485,recovery_phase,final,383485,valid,,9030,0.069999999999709
ELSA,485,wealth_by_sex,final,383485,valid,,9030,7.23000000000047
ELSA,485,wealth_within_low_education,final,383485,valid,,9030,3.35999999999967
ELSA,486,recovery_phase,final,383486,valid,,9045,0.069999999999709
ELSA,486,wealth_by_sex,final,383486,valid,,9045,7.4399999999996
ELSA,486,wealth_within_low_education,final,383486,valid,,9045,3.23999999999978
ELSA,487,recovery_phase,final,383487,valid,,9033,0.0600000000004002
ELSA,487,wealth_by_sex,final,383487,valid,,9033,7.30000000000018
ELSA,487,wealth_within_low_education,final,383487,valid,,9033,3.36999999999989
ELSA,488,recovery_phase,final,383488,valid,,8903,0.0599999999994907
ELSA,488,wealth_by_sex,final,383488,valid,,8903,7.27000000000044
ELSA,488,wealth_within_low_education,final,383488,valid,,8903,3.4399999999996
ELSA,489,recovery_phase,final,383489,valid,,8991,0.0600000000004002
ELSA,489,wealth_by_sex,final,383489,valid,,8991,7.05000000000018
ELSA,489,wealth_within_low_education,final,383489,valid,,8991,3.22000000000025
ELSA,490,recovery_phase,final,383490,valid,,9017,0.0600000000004002
ELSA,490,wealth_by_sex,final,383490,valid,,9017,7.67999999999938
ELSA,490,wealth_within_low_education,final,383490,valid,,9017,3.3100000000004
ELSA,491,recovery_phase,final,383491,valid,,9017,0.0799999999999272
ELSA,491,wealth_by_sex,final,383491,valid,,9017,7.60999999999967
ELSA,491,wealth_within_low_education,final,383491,valid,,9017,3.46999999999935
ELSA,492,recovery_phase,final,383492,valid,,8973,0.0600000000004002
ELSA,492,wealth_by_sex,final,383492,valid,,8973,7.47000000000026
ELSA,492,wealth_within_low_education,final,383492,valid,,8973,3.30000000000018
ELSA,493,recovery_phase,final,383493,valid,,8991,0.0700000000006185
ELSA,493,wealth_by_sex,final,383493,valid,,8991,7.55999999999949
ELSA,493,wealth_within_low_education,final,383493,valid,,8991,3.30000000000018
ELSA,494,recovery_phase,final,383494,valid,,8981,0.0799999999999272
ELSA,494,wealth_by_sex,final,383494,valid,,8981,7.75999999999931
ELSA,494,wealth_within_low_education,final,383494,valid,,8981,3.39000000000033
ELSA,495,recovery_phase,final,383495,valid,,9009,0.0599999999994907
ELSA,495,wealth_by_sex,final,383495,valid,,9009,7.67000000000007
ELSA,495,wealth_within_low_education,final,383495,valid,,9009,3.28999999999996
ELSA,496,recovery_phase,final,383496,valid,,8935,0.0799999999999272
ELSA,496,wealth_by_sex,final,383496,valid,,8935,6.97000000000026
ELSA,496,wealth_within_low_education,final,383496,valid,,8935,3.13000000000011
ELSA,497,recovery_phase,final,383497,valid,,8963,0.0799999999999272
ELSA,497,wealth_by_sex,final,383497,valid,,8963,7.35000000000036
ELSA,497,wealth_within_low_education,final,383497,valid,,8963,3.48000000000047
ELSA,498,recovery_phase,final,383498,valid,,9025,0.0599999999994907
ELSA,498,wealth_by_sex,final,383498,valid,,9025,7.65999999999985
ELSA,498,wealth_within_low_education,final,383498,valid,,9025,3.38000000000011
ELSA,499,recovery_phase,final,383499,valid,,8984,0.0600000000004002
ELSA,499,wealth_by_sex,final,383499,valid,,8984,7.36000000000058
ELSA,499,wealth_within_low_education,final,383499,valid,,8984,3.36000000000058
ELSA,500,recovery_phase,final,383500,valid,,8986,0.0599999999994907
ELSA,500,wealth_by_sex,final,383500,valid,,8986,7.60000000000036
ELSA,500,wealth_within_low_education,final,383500,valid,,8986,3.32999999999993
HRS,1,recovery_phase,final,283001,valid,,20186,0.199999999999999
HRS,1,wealth_by_sex,final,283001,valid,,20186,9.65
HRS,1,wealth_within_low_education,final,283001,valid,,20186,3.5
HRS,2,recovery_phase,final,283002,valid,,20181,0.170000000000002
HRS,2,wealth_by_sex,final,283002,valid,,20181,8.83
HRS,2,wealth_within_low_education,final,283002,valid,,20181,3.5
HRS,3,recovery_phase,final,283003,valid,,20084,0.160000000000004
HRS,3,wealth_by_sex,final,283003,valid,,20084,8.65
HRS,3,wealth_within_low_education,final,283003,valid,,20084,3.72
HRS,4,recovery_phase,final,283004,valid,,20113,0.159999999999997
HRS,4,wealth_by_sex,final,283004,valid,,20113,8.83
HRS,4,wealth_within_low_education,final,283004,valid,,20113,3.47
HRS,5,recovery_phase,final,283005,valid,,20198,0.170000000000002
HRS,5,wealth_by_sex,final,283005,valid,,20198,8.91
HRS,5,wealth_within_low_education,final,283005,valid,,20198,3.52
HRS,6,recovery_phase,final,283006,valid,,20142,0.23
HRS,6,wealth_by_sex,final,283006,valid,,20142,11.36
HRS,6,wealth_within_low_education,final,283006,valid,,20142,4.09
HRS,7,recovery_phase,final,283007,valid,,20243,0.18
HRS,7,wealth_by_sex,final,283007,valid,,20243,10.69
HRS,7,wealth_within_low_education,final,283007,valid,,20243,4.16
HRS,8,recovery_phase,final,283008,valid,,20210,0.189999999999998
HRS,8,wealth_by_sex,final,283008,valid,,20210,10.34
HRS,8,wealth_within_low_education,final,283008,valid,,20210,4.15
HRS,9,recovery_phase,final,283009,valid,,20252,0.159999999999997
HRS,9,wealth_by_sex,final,283009,valid,,20252,10.8
HRS,9,wealth_within_low_education,final,283009,valid,,20252,4.26000000000001
HRS,10,recovery_phase,final,283010,valid,,20136,0.189999999999998
HRS,10,wealth_by_sex,final,283010,valid,,20136,10.39
HRS,10,wealth_within_low_education,final,283010,valid,,20136,4.08
HRS,11,recovery_phase,final,283011,valid,,20227,0.159999999999997
HRS,11,wealth_by_sex,final,283011,valid,,20227,10.45
HRS,11,wealth_within_low_education,final,283011,valid,,20227,3.5
HRS,12,recovery_phase,final,283012,valid,,20205,0.149999999999991
HRS,12,wealth_by_sex,final,283012,valid,,20205,8.92
HRS,12,wealth_within_low_education,final,283012,valid,,20205,4.23
HRS,13,recovery_phase,final,283013,valid,,20197,0.170000000000002
HRS,13,wealth_by_sex,final,283013,valid,,20197,9.48
HRS,13,wealth_within_low_education,final,283013,valid,,20197,3.97
HRS,14,recovery_phase,final,283014,valid,,20229,0.159999999999997
HRS,14,wealth_by_sex,final,283014,valid,,20229,10.05
HRS,14,wealth_within_low_education,final,283014,valid,,20229,3.5
HRS,15,recovery_phase,final,283015,valid,,20214,0.180000000000007
HRS,15,wealth_by_sex,final,283015,valid,,20214,8.61000000000001
HRS,15,wealth_within_low_education,final,283015,valid,,20214,4.27000000000001
HRS,16,recovery_phase,final,283016,valid,,20134,0.139999999999986
HRS,16,wealth_by_sex,final,283016,valid,,20134,10
HRS,16,wealth_within_low_education,final,283016,valid,,20134,4.21000000000001
HRS,17,recovery_phase,final,283017,valid,,20207,0.179999999999978
HRS,17,wealth_by_sex,final,283017,valid,,20207,10.36
HRS,17,wealth_within_low_education,final,283017,valid,,20207,4.69
HRS,18,recovery_phase,final,283018,valid,,20122,0.189999999999998
HRS,18,wealth_by_sex,final,283018,valid,,20122,10.48
HRS,18,wealth_within_low_education,final,283018,valid,,20122,4.35999999999999
HRS,19,recovery_phase,final,283019,valid,,20185,0.189999999999998
HRS,19,wealth_by_sex,final,283019,valid,,20185,10.27
HRS,19,wealth_within_low_education,final,283019,valid,,20185,4.39000000000002
HRS,20,recovery_phase,final,283020,valid,,20325,0.159999999999997
HRS,20,wealth_by_sex,final,283020,valid,,20325,9.59
HRS,20,wealth_within_low_education,final,283020,valid,,20325,4.13999999999999
HRS,21,recovery_phase,final,283021,valid,,20197,0.150000000000006
HRS,21,wealth_by_sex,final,283021,valid,,20197,9.61000000000001
HRS,21,wealth_within_low_education,final,283021,valid,,20197,3.95000000000002
HRS,22,recovery_phase,final,283022,valid,,20209,0.180000000000007
HRS,22,wealth_by_sex,final,283022,valid,,20209,9.55000000000001
HRS,22,wealth_within_low_education,final,283022,valid,,20209,3.91
HRS,23,recovery_phase,final,283023,valid,,20213,0.170000000000016
HRS,23,wealth_by_sex,final,283023,valid,,20213,10.33
HRS,23,wealth_within_low_education,final,283023,valid,,20213,4.53000000000003
HRS,24,recovery_phase,final,283024,valid,,20204,0.170000000000016
HRS,24,wealth_by_sex,final,283024,valid,,20204,11.08
HRS,24,wealth_within_low_education,final,283024,valid,,20204,4.10999999999996
HRS,25,recovery_phase,final,283025,valid,,20157,0.159999999999968
HRS,25,wealth_by_sex,final,283025,valid,,20157,9.82000000000005
HRS,25,wealth_within_low_education,final,283025,valid,,20157,3.85999999999996
HRS,26,recovery_phase,final,283026,valid,,20182,0.160000000000025
HRS,26,wealth_by_sex,final,283026,valid,,20182,9.77999999999997
HRS,26,wealth_within_low_education,final,283026,valid,,20182,4.07999999999998
HRS,27,recovery_phase,final,283027,valid,,20206,0.17999999999995
HRS,27,wealth_by_sex,final,283027,valid,,20206,12.09
HRS,27,wealth_within_low_education,final,283027,valid,,20206,4.44999999999999
HRS,28,recovery_phase,final,283028,valid,,20246,0.170000000000016
HRS,28,wealth_by_sex,final,283028,valid,,20246,10.34
HRS,28,wealth_within_low_education,final,283028,valid,,20246,3.92000000000002
HRS,29,recovery_phase,final,283029,valid,,20162,0.199999999999989
HRS,29,wealth_by_sex,final,283029,valid,,20162,10.41
HRS,29,wealth_within_low_education,final,283029,valid,,20162,4.81
HRS,30,recovery_phase,final,283030,valid,,20325,0.189999999999998
HRS,30,wealth_by_sex,final,283030,valid,,20325,11.14
HRS,30,wealth_within_low_education,final,283030,valid,,20325,4.40999999999997
HRS,31,recovery_phase,final,283031,valid,,20193,0.170000000000016
HRS,31,wealth_by_sex,final,283031,valid,,20193,11.44
HRS,31,wealth_within_low_education,final,283031,valid,,20193,4.23000000000002
HRS,32,recovery_phase,final,283032,valid,,20221,0.21999999999997
HRS,32,wealth_by_sex,final,283032,valid,,20221,11.25
HRS,32,wealth_within_low_education,final,283032,valid,,20221,4.56999999999999
HRS,33,recovery_phase,final,283033,valid,,20272,0.149999999999977
HRS,33,wealth_by_sex,final,283033,valid,,20272,15.14
HRS,33,wealth_within_low_education,final,283033,valid,,20272,7.64999999999998
HRS,34,recovery_phase,final,283034,valid,,20218,0.140000000000043
HRS,34,wealth_by_sex,final,283034,valid,,20218,9.96999999999997
HRS,34,wealth_within_low_education,final,283034,valid,,20218,3.31
HRS,35,recovery_phase,final,283035,valid,,20146,0.160000000000025
HRS,35,wealth_by_sex,final,283035,valid,,20146,8.90999999999997
HRS,35,wealth_within_low_education,final,283035,valid,,20146,3.79000000000002
HRS,36,recovery_phase,final,283036,valid,,20311,0.139999999999986
HRS,36,wealth_by_sex,final,283036,valid,,20311,8.88
HRS,36,wealth_within_low_education,final,283036,valid,,20311,3.12
HRS,37,recovery_phase,final,283037,valid,,20128,0.139999999999986
HRS,37,wealth_by_sex,final,283037,valid,,20128,8.22000000000003
HRS,37,wealth_within_low_education,final,283037,valid,,20128,3.04000000000002
HRS,38,recovery_phase,final,283038,valid,,20160,0.150000000000034
HRS,38,wealth_by_sex,final,283038,valid,,20160,7.95999999999998
HRS,38,wealth_within_low_education,final,283038,valid,,20160,2.93000000000001
HRS,39,recovery_phase,final,283039,valid,,20234,0.149999999999977
HRS,39,wealth_by_sex,final,283039,valid,,20234,7.44999999999999
HRS,39,wealth_within_low_education,final,283039,valid,,20234,3.40999999999997
HRS,40,recovery_phase,final,283040,valid,,20225,0.139999999999986
HRS,40,wealth_by_sex,final,283040,valid,,20225,8.69000000000006
HRS,40,wealth_within_low_education,final,283040,valid,,20225,3.33000000000004
HRS,41,recovery_phase,final,283041,valid,,20185,0.169999999999959
HRS,41,wealth_by_sex,final,283041,valid,,20185,8.69000000000006
HRS,41,wealth_within_low_education,final,283041,valid,,20185,3.84000000000003
HRS,42,recovery_phase,final,283042,valid,,20160,0.139999999999986
HRS,42,wealth_by_sex,final,283042,valid,,20160,8.69000000000006
HRS,42,wealth_within_low_education,final,283042,valid,,20160,3.78000000000009
HRS,43,recovery_phase,final,283043,valid,,20181,0.139999999999986
HRS,43,wealth_by_sex,final,283043,valid,,20181,8.41999999999996
HRS,43,wealth_within_low_education,final,283043,valid,,20181,3.70000000000005
HRS,44,recovery_phase,final,283044,valid,,20206,0.159999999999968
HRS,44,wealth_by_sex,final,283044,valid,,20206,8.88999999999999
HRS,44,wealth_within_low_education,final,283044,valid,,20206,3.82999999999993
HRS,45,recovery_phase,final,283045,valid,,20204,0.170000000000073
HRS,45,wealth_by_sex,final,283045,valid,,20204,9.09000000000003
HRS,45,wealth_within_low_education,final,283045,valid,,20204,3.69000000000005
HRS,46,recovery_phase,final,283046,valid,,20235,0.150000000000091
HRS,46,wealth_by_sex,final,283046,valid,,20235,9.01999999999998
HRS,46,wealth_within_low_education,final,283046,valid,,20235,3.69000000000005
HRS,47,recovery_phase,final,283047,valid,,20202,0.17999999999995
HRS,47,wealth_by_sex,final,283047,valid,,20202,8.83000000000004
HRS,47,wealth_within_low_education,final,283047,valid,,20202,3.69999999999993
HRS,48,recovery_phase,final,283048,valid,,20149,0.159999999999968
HRS,48,wealth_by_sex,final,283048,valid,,20149,8.75
HRS,48,wealth_within_low_education,final,283048,valid,,20149,3.37
HRS,49,recovery_phase,final,283049,valid,,20272,0.150000000000091
HRS,49,wealth_by_sex,final,283049,valid,,20272,8.63999999999999
HRS,49,wealth_within_low_education,final,283049,valid,,20272,3.42000000000007
HRS,50,recovery_phase,final,283050,valid,,20196,0.160000000000082
HRS,50,wealth_by_sex,final,283050,valid,,20196,8.36000000000001
HRS,50,wealth_within_low_education,final,283050,valid,,20196,3.37
HRS,51,recovery_phase,final,283051,valid,,20100,0.139999999999986
HRS,51,wealth_by_sex,final,283051,valid,,20100,8.79999999999996
HRS,51,wealth_within_low_education,final,283051,valid,,20100,3.47000000000003
HRS,52,recovery_phase,final,283052,valid,,20290,0.139999999999986
HRS,52,wealth_by_sex,final,283052,valid,,20290,9.5
HRS,52,wealth_within_low_education,final,283052,valid,,20290,3.36000000000001
HRS,53,recovery_phase,final,283053,valid,,20322,0.139999999999986
HRS,53,wealth_by_sex,final,283053,valid,,20322,8.33000000000004
HRS,53,wealth_within_low_education,final,283053,valid,,20322,3.71999999999991
HRS,54,recovery_phase,final,283054,valid,,20124,0.149999999999977
HRS,54,wealth_by_sex,final,283054,valid,,20124,8.57999999999993
HRS,54,wealth_within_low_education,final,283054,valid,,20124,3.43999999999994
HRS,55,recovery_phase,final,283055,valid,,20187,0.150000000000091
HRS,55,wealth_by_sex,final,283055,valid,,20187,9.63999999999999
HRS,55,wealth_within_low_education,final,283055,valid,,20187,3.77999999999997
HRS,56,recovery_phase,final,283056,valid,,20111,0.169999999999959
HRS,56,wealth_by_sex,final,283056,valid,,20111,9.63999999999999
HRS,56,wealth_within_low_education,final,283056,valid,,20111,3.63999999999999
HRS,57,recovery_phase,final,283057,valid,,20088,0.139999999999986
HRS,57,wealth_by_sex,final,283057,valid,,20088,9.92000000000007
HRS,57,wealth_within_low_education,final,283057,valid,,20088,4
HRS,58,recovery_phase,final,283058,valid,,20181,0.17999999999995
HRS,58,wealth_by_sex,final,283058,valid,,20181,9.90999999999997
HRS,58,wealth_within_low_education,final,283058,valid,,20181,4.89999999999998
HRS,59,recovery_phase,final,283059,valid,,20117,0.189999999999941
HRS,59,wealth_by_sex,final,283059,valid,,20117,12.3099999999999
HRS,59,wealth_within_low_education,final,283059,valid,,20117,5.44999999999993
HRS,60,recovery_phase,final,283060,valid,,20186,0.169999999999959
HRS,60,wealth_by_sex,final,283060,valid,,20186,12.72
HRS,60,wealth_within_low_education,final,283060,valid,,20186,4.19999999999993
HRS,61,recovery_phase,final,283061,valid,,20306,0.159999999999968
HRS,61,wealth_by_sex,final,283061,valid,,20306,13.0599999999999
HRS,61,wealth_within_low_education,final,283061,valid,,20306,3.88
HRS,62,recovery_phase,final,283062,valid,,20215,0.17999999999995
HRS,62,wealth_by_sex,final,283062,valid,,20215,8.91999999999996
HRS,62,wealth_within_low_education,final,283062,valid,,20215,3.88999999999999
HRS,63,recovery_phase,final,283063,valid,,20212,0.209999999999923
HRS,63,wealth_by_sex,final,283063,valid,,20212,9.59000000000003
HRS,63,wealth_within_low_education,final,283063,valid,,20212,5.53999999999996
HRS,64,recovery_phase,final,283064,valid,,20359,0.159999999999968
HRS,64,wealth_by_sex,final,283064,valid,,20359,9.47000000000003
HRS,64,wealth_within_low_education,final,283064,valid,,20359,3.82999999999993
HRS,65,recovery_phase,final,283065,valid,,20144,0.160000000000082
HRS,65,wealth_by_sex,final,283065,valid,,20144,9.15999999999997
HRS,65,wealth_within_low_education,final,283065,valid,,20144,4.07000000000005
HRS,66,recovery_phase,final,283066,valid,,20201,0.149999999999977
HRS,66,wealth_by_sex,final,283066,valid,,20201,10.3599999999999
HRS,66,wealth_within_low_education,final,283066,valid,,20201,3.78999999999996
HRS,67,recovery_phase,final,283067,valid,,20246,0.189999999999941
HRS,67,wealth_by_sex,final,283067,valid,,20246,9.37
HRS,67,wealth_within_low_education,final,283067,valid,,20246,4.15999999999997
HRS,68,recovery_phase,final,283068,valid,,20203,0.17999999999995
HRS,68,wealth_by_sex,final,283068,valid,,20203,9.37
HRS,68,wealth_within_low_education,final,283068,valid,,20203,3.79999999999995
HRS,69,recovery_phase,final,283069,valid,,20132,0.159999999999968
HRS,69,wealth_by_sex,final,283069,valid,,20132,8.80000000000007
HRS,69,wealth_within_low_education,final,283069,valid,,20132,3.40000000000009
HRS,70,recovery_phase,final,283070,valid,,20254,0.170000000000073
HRS,70,wealth_by_sex,final,283070,valid,,20254,9.71000000000004
HRS,70,wealth_within_low_education,final,283070,valid,,20254,4.02999999999997
HRS,71,recovery_phase,final,283071,valid,,20221,0.160000000000082
HRS,71,wealth_by_sex,final,283071,valid,,20221,9.80999999999995
HRS,71,wealth_within_low_education,final,283071,valid,,20221,3.72000000000003
HRS,72,recovery_phase,final,283072,valid,,20172,0.210000000000036
HRS,72,wealth_by_sex,final,283072,valid,,20172,9.7600000000001
HRS,72,wealth_within_low_education,final,283072,valid,,20172,4.28000000000009
HRS,73,recovery_phase,final,283073,valid,,20278,0.159999999999968
HRS,73,wealth_by_sex,final,283073,valid,,20278,12.55
HRS,73,wealth_within_low_education,final,283073,valid,,20278,4.58000000000004
HRS,74,recovery_phase,final,283074,valid,,20196,0.159999999999968
HRS,74,wealth_by_sex,final,283074,valid,,20196,9.59000000000003
HRS,74,wealth_within_low_education,final,283074,valid,,20196,3.83000000000004
HRS,75,recovery_phase,final,283075,valid,,20294,0.149999999999977
HRS,75,wealth_by_sex,final,283075,valid,,20294,9.71000000000004
HRS,75,wealth_within_low_education,final,283075,valid,,20294,3.91000000000008
HRS,76,recovery_phase,final,283076,valid,,20232,0.169999999999845
HRS,76,wealth_by_sex,final,283076,valid,,20232,8.93999999999994
HRS,76,wealth_within_low_education,final,283076,valid,,20232,3.62999999999988
HRS,77,recovery_phase,final,283077,valid,,20238,0.169999999999845
HRS,77,wealth_by_sex,final,283077,valid,,20238,9.67000000000007
HRS,77,wealth_within_low_education,final,283077,valid,,20238,3.77999999999997
HRS,78,recovery_phase,final,283078,valid,,20198,0.149999999999864
HRS,78,wealth_by_sex,final,283078,valid,,20198,9.50999999999999
HRS,78,wealth_within_low_education,final,283078,valid,,20198,3.9699999999998
HRS,79,recovery_phase,final,283079,valid,,20264,0.180000000000064
HRS,79,wealth_by_sex,final,283079,valid,,20264,9.65000000000009
HRS,79,wealth_within_low_education,final,283079,valid,,20264,3.68000000000006
HRS,80,recovery_phase,final,283080,valid,,20103,0.159999999999854
HRS,80,wealth_by_sex,final,283080,valid,,20103,9.76999999999998
HRS,80,wealth_within_low_education,final,283080,valid,,20103,3.81000000000017
HRS,81,recovery_phase,final,283081,valid,,20248,0.1400000000001
HRS,81,wealth_by_sex,final,283081,valid,,20248,9.6400000000001
HRS,81,wealth_within_low_education,final,283081,valid,,20248,3.82000000000016
HRS,82,recovery_phase,final,283082,valid,,20249,0.160000000000082
HRS,82,wealth_by_sex,final,283082,valid,,20249,9.02999999999997
HRS,82,wealth_within_low_education,final,283082,valid,,20249,3.75
HRS,83,recovery_phase,final,283083,valid,,20285,0.149999999999864
HRS,83,wealth_by_sex,final,283083,valid,,20285,8.55999999999995
HRS,83,wealth_within_low_education,final,283083,valid,,20285,3.5
HRS,84,recovery_phase,final,283084,valid,,20288,0.139999999999873
HRS,84,wealth_by_sex,final,283084,valid,,20288,8.75999999999999
HRS,84,wealth_within_low_education,final,283084,valid,,20288,3.43999999999983
HRS,85,recovery_phase,final,283085,valid,,20224,0.160000000000082
HRS,85,wealth_by_sex,final,283085,valid,,20224,8.36000000000013
HRS,85,wealth_within_low_education,final,283085,valid,,20224,3.5
HRS,86,recovery_phase,final,283086,valid,,20223,0.139999999999873
HRS,86,wealth_by_sex,final,283086,valid,,20223,8.22000000000003
HRS,86,wealth_within_low_education,final,283086,valid,,20223,3.12999999999988
HRS,87,recovery_phase,final,283087,valid,,20173,0.1400000000001
HRS,87,wealth_by_sex,final,283087,valid,,20173,7.41000000000008
HRS,87,wealth_within_low_education,final,283087,valid,,20173,3.22000000000003
HRS,88,recovery_phase,final,283088,valid,,20134,0.130000000000109
HRS,88,wealth_by_sex,final,283088,valid,,20134,7.36999999999989
HRS,88,wealth_within_low_education,final,283088,valid,,20134,2.89999999999986
HRS,89,recovery_phase,final,283089,valid,,20202,0.139999999999873
HRS,89,wealth_by_sex,final,283089,valid,,20202,8.57999999999993
HRS,89,wealth_within_low_education,final,283089,valid,,20202,3.10000000000014
HRS,90,recovery_phase,final,283090,valid,,20194,0.1400000000001
HRS,90,wealth_by_sex,final,283090,valid,,20194,7.45000000000005
HRS,90,wealth_within_low_education,final,283090,valid,,20194,3.12000000000012
HRS,91,recovery_phase,final,283091,valid,,20143,0.1400000000001
HRS,91,wealth_by_sex,final,283091,valid,,20143,7.85000000000014
HRS,91,wealth_within_low_education,final,283091,valid,,20143,3.07999999999993
HRS,92,recovery_phase,final,283092,valid,,20170,0.1400000000001
HRS,92,wealth_by_sex,final,283092,valid,,20170,7.50999999999999
HRS,92,wealth_within_low_education,final,283092,valid,,20170,2.95000000000005
HRS,93,recovery_phase,final,283093,valid,,20147,0.179999999999836
HRS,93,wealth_by_sex,final,283093,valid,,20147,7.97000000000003
HRS,93,wealth_within_low_education,final,283093,valid,,20147,4.33999999999992
HRS,94,recovery_phase,final,283094,valid,,20245,0.159999999999854
HRS,94,wealth_by_sex,final,283094,valid,,20245,9.81000000000017
HRS,94,wealth_within_low_education,final,283094,valid,,20245,3.6400000000001
HRS,95,recovery_phase,final,283095,valid,,20201,0.160000000000082
HRS,95,wealth_by_sex,final,283095,valid,,20201,9.75
HRS,95,wealth_within_low_education,final,283095,valid,,20201,3.61999999999989
HRS,96,recovery_phase,final,283096,valid,,20276,0.160000000000082
HRS,96,wealth_by_sex,final,283096,valid,,20276,9.71000000000004
HRS,96,wealth_within_low_education,final,283096,valid,,20276,3.77999999999997
HRS,97,recovery_phase,final,283097,valid,,20232,0.159999999999854
HRS,97,wealth_by_sex,final,283097,valid,,20232,9.32999999999993
HRS,97,wealth_within_low_education,final,283097,valid,,20232,3.75
HRS,98,recovery_phase,final,283098,valid,,20342,0.149999999999864
HRS,98,wealth_by_sex,final,283098,valid,,20342,9.67000000000007
HRS,98,wealth_within_low_education,final,283098,valid,,20342,3.80999999999995
HRS,99,recovery_phase,final,283099,valid,,20208,0.180000000000064
HRS,99,wealth_by_sex,final,283099,valid,,20208,10.21
HRS,99,wealth_within_low_education,final,283099,valid,,20208,4.08000000000015
HRS,100,recovery_phase,final,283100,valid,,20191,0.190000000000055
HRS,100,wealth_by_sex,final,283100,valid,,20191,9.08000000000015
HRS,100,wealth_within_low_education,final,283100,valid,,20191,4.20000000000005
HRS,101,recovery_phase,final,283101,valid,,20190,0.199999999999818
HRS,101,wealth_by_sex,final,283101,valid,,20190,10.4100000000001
HRS,101,wealth_within_low_education,final,283101,valid,,20190,4.08999999999992
HRS,102,recovery_phase,final,283102,valid,,20154,0.160000000000082
HRS,102,wealth_by_sex,final,283102,valid,,20154,12.74
HRS,102,wealth_within_low_education,final,283102,valid,,20154,3.77999999999997
HRS,103,recovery_phase,final,283103,valid,,20188,0.160000000000082
HRS,103,wealth_by_sex,final,283103,valid,,20188,8.61999999999989
HRS,103,wealth_within_low_education,final,283103,valid,,20188,3.19000000000005
HRS,104,recovery_phase,final,283104,valid,,20216,0.179999999999836
HRS,104,wealth_by_sex,final,283104,valid,,20216,10.8099999999999
HRS,104,wealth_within_low_education,final,283104,valid,,20216,4.44000000000005
HRS,105,recovery_phase,final,283105,valid,,20229,0.190000000000055
HRS,105,wealth_by_sex,final,283105,valid,,20229,9.08000000000015
HRS,105,wealth_within_low_education,final,283105,valid,,20229,4.56999999999994
HRS,106,recovery_phase,final,283106,valid,,20083,0.159999999999854
HRS,106,wealth_by_sex,final,283106,valid,,20083,9.67000000000007
HRS,106,wealth_within_low_education,final,283106,valid,,20083,4.1400000000001
HRS,107,recovery_phase,final,283107,valid,,20146,0.170000000000073
HRS,107,wealth_by_sex,final,283107,valid,,20146,10.4400000000001
HRS,107,wealth_within_low_education,final,283107,valid,,20146,4.12000000000012
HRS,108,recovery_phase,final,283108,valid,,20230,0.180000000000064
HRS,108,wealth_by_sex,final,283108,valid,,20230,9.43000000000006
HRS,108,wealth_within_low_education,final,283108,valid,,20230,3.72000000000003
HRS,109,recovery_phase,final,283109,valid,,20234,0.169999999999845
HRS,109,wealth_by_sex,final,283109,valid,,20234,9.26999999999998
HRS,109,wealth_within_low_education,final,283109,valid,,20234,4.06999999999994
HRS,110,recovery_phase,final,283110,valid,,20162,0.139999999999873
HRS,110,wealth_by_sex,final,283110,valid,,20162,8.95000000000005
HRS,110,wealth_within_low_education,final,283110,valid,,20162,3.04000000000019
HRS,111,recovery_phase,final,283111,valid,,20217,0.170000000000073
HRS,111,wealth_by_sex,final,283111,valid,,20217,10.6900000000001
HRS,111,wealth_within_low_education,final,283111,valid,,20217,4.10000000000014
HRS,112,recovery_phase,final,283112,valid,,20259,0.170000000000073
HRS,112,wealth_by_sex,final,283112,valid,,20259,9.99000000000001
HRS,112,wealth_within_low_education,final,283112,valid,,20259,4.01999999999998
HRS,113,recovery_phase,final,283113,valid,,20151,0.1400000000001
HRS,113,wealth_by_sex,final,283113,valid,,20151,11.28
HRS,113,wealth_within_low_education,final,283113,valid,,20151,3.41000000000008
HRS,114,recovery_phase,final,283114,valid,,20318,0.170000000000073
HRS,114,wealth_by_sex,final,283114,valid,,20318,10.3999999999999
HRS,114,wealth_within_low_education,final,283114,valid,,20318,4.05999999999995
HRS,115,recovery_phase,final,283115,valid,,20250,0.149999999999864
HRS,115,wealth_by_sex,final,283115,valid,,20250,11.75
HRS,115,wealth_within_low_education,final,283115,valid,,20250,3.38999999999987
HRS,116,recovery_phase,final,283116,valid,,20150,0.150000000000091
HRS,116,wealth_by_sex,final,283116,valid,,20150,8.66999999999985
HRS,116,wealth_within_low_education,final,283116,valid,,20150,3.55999999999995
HRS,117,recovery_phase,final,283117,valid,,20131,0.139999999999873
HRS,117,wealth_by_sex,final,283117,valid,,20131,8.87999999999988
HRS,117,wealth_within_low_education,final,283117,valid,,20131,3.55000000000018
HRS,118,recovery_phase,final,283118,valid,,20153,0.159999999999854
HRS,118,wealth_by_sex,final,283118,valid,,20153,8.91000000000008
HRS,118,wealth_within_low_education,final,283118,valid,,20153,3.28999999999996
HRS,119,recovery_phase,final,283119,valid,,20152,0.130000000000109
HRS,119,wealth_by_sex,final,283119,valid,,20152,8.3900000000001
HRS,119,wealth_within_low_education,final,283119,valid,,20152,3.50999999999999
HRS,120,recovery_phase,final,283120,valid,,20246,0.159999999999854
HRS,120,wealth_by_sex,final,283120,valid,,20246,8.63999999999987
HRS,120,wealth_within_low_education,final,283120,valid,,20246,3.45000000000005
HRS,121,recovery_phase,final,283121,valid,,20189,0.200000000000045
HRS,121,wealth_by_sex,final,283121,valid,,20189,12.0400000000002
HRS,121,wealth_within_low_education,final,283121,valid,,20189,4.63999999999987
HRS,122,recovery_phase,final,283122,valid,,20180,0.220000000000027
HRS,122,wealth_by_sex,final,283122,valid,,20180,12.03
HRS,122,wealth_within_low_education,final,283122,valid,,20180,4.90000000000009
HRS,123,recovery_phase,final,283123,valid,,20314,0.210000000000036
HRS,123,wealth_by_sex,final,283123,valid,,20314,11.05
HRS,123,wealth_within_low_education,final,283123,valid,,20314,4.57999999999993
HRS,124,recovery_phase,final,283124,valid,,20232,0.200000000000045
HRS,124,wealth_by_sex,final,283124,valid,,20232,11.1300000000001
HRS,124,wealth_within_low_education,final,283124,valid,,20232,5.1099999999999
HRS,125,recovery_phase,final,283125,valid,,20164,0.190000000000055
HRS,125,wealth_by_sex,final,283125,valid,,20164,12.3099999999999
HRS,125,wealth_within_low_education,final,283125,valid,,20164,4.91000000000008
HRS,126,recovery_phase,final,283126,valid,,20147,0.180000000000064
HRS,126,wealth_by_sex,final,283126,valid,,20147,10.45
HRS,126,wealth_within_low_education,final,283126,valid,,20147,4.68000000000006
HRS,127,recovery_phase,final,283127,valid,,20195,0.150000000000091
HRS,127,wealth_by_sex,final,283127,valid,,20195,9.63000000000011
HRS,127,wealth_within_low_education,final,283127,valid,,20195,3.70000000000005
HRS,128,recovery_phase,final,283128,valid,,20207,0.139999999999873
HRS,128,wealth_by_sex,final,283128,valid,,20207,7.94999999999982
HRS,128,wealth_within_low_education,final,283128,valid,,20207,2.90999999999985
HRS,129,recovery_phase,final,283129,valid,,20074,0.169999999999845
HRS,129,wealth_by_sex,final,283129,valid,,20074,7.32999999999993
HRS,129,wealth_within_low_education,final,283129,valid,,20074,2.97000000000003
HRS,130,recovery_phase,final,283130,valid,,20198,0.139999999999873
HRS,130,wealth_by_sex,final,283130,valid,,20198,7.91999999999985
HRS,130,wealth_within_low_education,final,283130,valid,,20198,3.42999999999984
HRS,131,recovery_phase,final,283131,valid,,20174,0.119999999999891
HRS,131,wealth_by_sex,final,283131,valid,,20174,7.52999999999997
HRS,131,wealth_within_low_education,final,283131,valid,,20174,2.94999999999982
HRS,132,recovery_phase,final,283132,valid,,20196,0.210000000000036
HRS,132,wealth_by_sex,final,283132,valid,,20196,7.45000000000005
HRS,132,wealth_within_low_education,final,283132,valid,,20196,3.68000000000006
HRS,133,recovery_phase,final,283133,valid,,20240,0.170000000000073
HRS,133,wealth_by_sex,final,283133,valid,,20240,15.1400000000001
HRS,133,wealth_within_low_education,final,283133,valid,,20240,4.84000000000015
HRS,134,recovery_phase,final,283134,valid,,20245,0.189999999999827
HRS,134,wealth_by_sex,final,283134,valid,,20245,11.4299999999998
HRS,134,wealth_within_low_education,final,283134,valid,,20245,4.17999999999984
HRS,135,recovery_phase,final,283135,valid,,20159,0.169999999999845
HRS,135,wealth_by_sex,final,283135,valid,,20159,13.6100000000001
HRS,135,wealth_within_low_education,final,283135,valid,,20159,4.5
HRS,136,recovery_phase,final,283136,valid,,20182,0.190000000000055
HRS,136,wealth_by_sex,final,283136,valid,,20182,11.23
HRS,136,wealth_within_low_education,final,283136,valid,,20182,4.18999999999983
HRS,137,recovery_phase,final,283137,valid,,20216,0.169999999999845
HRS,137,wealth_by_sex,final,283137,valid,,20216,12.1299999999999
HRS,137,wealth_within_low_education,final,283137,valid,,20216,4.72000000000003
HRS,138,recovery_phase,final,283138,valid,,20193,0.170000000000073
HRS,138,wealth_by_sex,final,283138,valid,,20193,11.23
HRS,138,wealth_within_low_education,final,283138,valid,,20193,5.31000000000017
HRS,139,recovery_phase,final,283139,valid,,20216,0.179999999999836
HRS,139,wealth_by_sex,final,283139,valid,,20216,10.53
HRS,139,wealth_within_low_education,final,283139,valid,,20216,4.40999999999985
HRS,140,recovery_phase,final,283140,valid,,20166,0.180000000000064
HRS,140,wealth_by_sex,final,283140,valid,,20166,10.6800000000001
HRS,140,wealth_within_low_education,final,283140,valid,,20166,4.16000000000008
HRS,141,recovery_phase,final,283141,valid,,20177,0.149999999999864
HRS,141,wealth_by_sex,final,283141,valid,,20177,10.8099999999999
HRS,141,wealth_within_low_education,final,283141,valid,,20177,4.18999999999983
HRS,142,recovery_phase,final,283142,valid,,20129,0.200000000000045
HRS,142,wealth_by_sex,final,283142,valid,,20129,12.2
HRS,142,wealth_within_low_education,final,283142,valid,,20129,5.30000000000018
HRS,143,recovery_phase,final,283143,valid,,20245,0.149999999999864
HRS,143,wealth_by_sex,final,283143,valid,,20245,12.1099999999999
HRS,143,wealth_within_low_education,final,283143,valid,,20245,4.3599999999999
HRS,144,recovery_phase,final,283144,valid,,20186,0.170000000000073
HRS,144,wealth_by_sex,final,283144,valid,,20186,11.4300000000001
HRS,144,wealth_within_low_education,final,283144,valid,,20186,4.38000000000011
HRS,145,recovery_phase,final,283145,valid,,20169,0.190000000000055
HRS,145,wealth_by_sex,final,283145,valid,,20169,11.25
HRS,145,wealth_within_low_education,final,283145,valid,,20169,4.3900000000001
HRS,146,recovery_phase,final,283146,valid,,20343,0.190000000000055
HRS,146,wealth_by_sex,final,283146,valid,,20343,10.8599999999999
HRS,146,wealth_within_low_education,final,283146,valid,,20343,4.29999999999995
HRS,147,recovery_phase,final,283147,valid,,20348,0.210000000000036
HRS,147,wealth_by_sex,final,283147,valid,,20348,11.28
HRS,147,wealth_within_low_education,final,283147,valid,,20348,5.04999999999996
HRS,148,recovery_phase,final,283148,valid,,20247,0.179999999999836
HRS,148,wealth_by_sex,final,283148,valid,,20247,11.8600000000001
HRS,148,wealth_within_low_education,final,283148,valid,,20247,4.62999999999965
HRS,149,recovery_phase,final,283149,valid,,20170,0.170000000000073
HRS,149,wealth_by_sex,final,283149,valid,,20170,11.1700000000001
HRS,149,wealth_within_low_education,final,283149,valid,,20170,4.59000000000015
HRS,150,recovery_phase,final,283150,valid,,20256,0.190000000000055
HRS,150,wealth_by_sex,final,283150,valid,,20256,11.6999999999998
HRS,150,wealth_within_low_education,final,283150,valid,,20256,4.7800000000002
HRS,151,recovery_phase,final,283151,valid,,20261,0.170000000000073
HRS,151,wealth_by_sex,final,283151,valid,,20261,11.04
HRS,151,wealth_within_low_education,final,283151,valid,,20261,4.73999999999978
HRS,152,recovery_phase,final,283152,valid,,20300,0.170000000000073
HRS,152,wealth_by_sex,final,283152,valid,,20300,11.3899999999999
HRS,152,wealth_within_low_education,final,283152,valid,,20300,4.44000000000005
HRS,153,recovery_phase,final,283153,valid,,20169,0.190000000000055
HRS,153,wealth_by_sex,final,283153,valid,,20169,10.9200000000001
HRS,153,wealth_within_low_education,final,283153,valid,,20169,4.38000000000011
HRS,154,recovery_phase,final,283154,valid,,20256,0.179999999999836
HRS,154,wealth_by_sex,final,283154,valid,,20256,11.0799999999999
HRS,154,wealth_within_low_education,final,283154,valid,,20256,4.39000000000033
HRS,155,recovery_phase,final,283155,valid,,20270,0.190000000000055
HRS,155,wealth_by_sex,final,283155,valid,,20270,11.1700000000001
HRS,155,wealth_within_low_education,final,283155,valid,,20270,4.4699999999998
HRS,156,recovery_phase,final,283156,valid,,20201,0.190000000000055
HRS,156,wealth_by_sex,final,283156,valid,,20201,10.9700000000003
HRS,156,wealth_within_low_education,final,283156,valid,,20201,4.63999999999987
HRS,157,recovery_phase,final,283157,valid,,20131,0.190000000000055
HRS,157,wealth_by_sex,final,283157,valid,,20131,11.3000000000002
HRS,157,wealth_within_low_education,final,283157,valid,,20131,4.35000000000036
HRS,158,recovery_phase,final,283158,valid,,20256,0.190000000000055
HRS,158,wealth_by_sex,final,283158,valid,,20256,11.3999999999996
HRS,158,wealth_within_low_education,final,283158,valid,,20256,4.36999999999989
HRS,159,recovery_phase,final,283159,valid,,20162,0.170000000000073
HRS,159,wealth_by_sex,final,283159,valid,,20162,11.1100000000001
HRS,159,wealth_within_low_education,final,283159,valid,,20162,4.34000000000015
HRS,160,recovery_phase,final,283160,valid,,20134,0.199999999999818
HRS,160,wealth_by_sex,final,283160,valid,,20134,11.1500000000001
HRS,160,wealth_within_low_education,final,283160,valid,,20134,4.47000000000025
HRS,161,recovery_phase,final,283161,valid,,20126,0.179999999999836
HRS,161,wealth_by_sex,final,283161,valid,,20126,11.3700000000003
HRS,161,wealth_within_low_education,final,283161,valid,,20126,4.59999999999991
HRS,162,recovery_phase,final,283162,valid,,20265,0.199999999999818
HRS,162,wealth_by_sex,final,283162,valid,,20265,11.3200000000002
HRS,162,wealth_within_low_education,final,283162,valid,,20265,4.50999999999976
HRS,163,recovery_phase,final,283163,valid,,20177,0.179999999999836
HRS,163,wealth_by_sex,final,283163,valid,,20177,11.23
HRS,163,wealth_within_low_education,final,283163,valid,,20177,4.80999999999995
HRS,164,recovery_phase,final,283164,valid,,20197,0.180000000000291
HRS,164,wealth_by_sex,final,283164,valid,,20197,11.3200000000002
HRS,164,wealth_within_low_education,final,283164,valid,,20197,4.55999999999995
HRS,165,recovery_phase,final,283165,valid,,20232,0.179999999999836
HRS,165,wealth_by_sex,final,283165,valid,,20232,11.4099999999999
HRS,165,wealth_within_low_education,final,283165,valid,,20232,4.40999999999985
HRS,166,recovery_phase,final,283166,valid,,20241,0.210000000000036
HRS,166,wealth_by_sex,final,283166,valid,,20241,11.2000000000003
HRS,166,wealth_within_low_education,final,283166,valid,,20241,4.46000000000004
HRS,167,recovery_phase,final,283167,valid,,20289,0.190000000000055
HRS,167,wealth_by_sex,final,283167,valid,,20289,11.0099999999998
HRS,167,wealth_within_low_education,final,283167,valid,,20289,4.31999999999971
HRS,168,recovery_phase,final,283168,valid,,20233,0.199999999999818
HRS,168,wealth_by_sex,final,283168,valid,,20233,11.1200000000003
HRS,168,wealth_within_low_education,final,283168,valid,,20233,4.73000000000002
HRS,169,recovery_phase,final,283169,valid,,20167,0.179999999999836
HRS,169,wealth_by_sex,final,283169,valid,,20167,11.4300000000003
HRS,169,wealth_within_low_education,final,283169,valid,,20167,4.55999999999995
HRS,170,recovery_phase,final,283170,valid,,20216,0.170000000000073
HRS,170,wealth_by_sex,final,283170,valid,,20216,11.3299999999999
HRS,170,wealth_within_low_education,final,283170,valid,,20216,4.32000000000016
HRS,171,recovery_phase,final,283171,valid,,20221,0.210000000000036
HRS,171,wealth_by_sex,final,283171,valid,,20221,11.52
HRS,171,wealth_within_low_education,final,283171,valid,,20221,4.51999999999998
HRS,172,recovery_phase,final,283172,valid,,20158,0.190000000000055
HRS,172,wealth_by_sex,final,283172,valid,,20158,11.0099999999998
HRS,172,wealth_within_low_education,final,283172,valid,,20158,4.73000000000002
HRS,173,recovery_phase,final,283173,valid,,20159,0.210000000000036
HRS,173,wealth_by_sex,final,283173,valid,,20159,11.1999999999998
HRS,173,wealth_within_low_education,final,283173,valid,,20159,4.55000000000018
HRS,174,recovery_phase,final,283174,valid,,20236,0.179999999999836
HRS,174,wealth_by_sex,final,283174,valid,,20236,11.5599999999999
HRS,174,wealth_within_low_education,final,283174,valid,,20236,4.44000000000005
HRS,175,recovery_phase,final,283175,valid,,20175,0.210000000000036
HRS,175,wealth_by_sex,final,283175,valid,,20175,11.0899999999997
HRS,175,wealth_within_low_education,final,283175,valid,,20175,4.57999999999993
HRS,176,recovery_phase,final,283176,valid,,20288,0.190000000000055
HRS,176,wealth_by_sex,final,283176,valid,,20288,11.1900000000001
HRS,176,wealth_within_low_education,final,283176,valid,,20288,4.61000000000013
HRS,177,recovery_phase,final,283177,valid,,20163,0.220000000000255
HRS,177,wealth_by_sex,final,283177,valid,,20163,12.0900000000001
HRS,177,wealth_within_low_education,final,283177,valid,,20163,5.17999999999984
HRS,178,recovery_phase,final,283178,valid,,20183,0.179999999999836
HRS,178,wealth_by_sex,final,283178,valid,,20183,13.0500000000002
HRS,178,wealth_within_low_education,final,283178,valid,,20183,5.39000000000033
HRS,179,recovery_phase,final,283179,valid,,20178,0.190000000000055
HRS,179,wealth_by_sex,final,283179,valid,,20178,12.73
HRS,179,wealth_within_low_education,final,283179,valid,,20178,4.63999999999987
HRS,180,recovery_phase,final,283180,valid,,20218,0.199999999999818
HRS,180,wealth_by_sex,final,283180,valid,,20218,11.1300000000001
HRS,180,wealth_within_low_education,final,283180,valid,,20218,4.41000000000031
HRS,181,recovery_phase,final,283181,valid,,20184,0.199999999999818
HRS,181,wealth_by_sex,final,283181,valid,,20184,11.2400000000002
HRS,181,wealth_within_low_education,final,283181,valid,,20184,4.5300000000002
HRS,182,recovery_phase,final,283182,valid,,20193,0.179999999999836
HRS,182,wealth_by_sex,final,283182,valid,,20193,11.3800000000001
HRS,182,wealth_within_low_education,final,283182,valid,,20193,4.5
HRS,183,recovery_phase,final,283183,valid,,20192,0.190000000000055
HRS,183,wealth_by_sex,final,283183,valid,,20192,11.6300000000001
HRS,183,wealth_within_low_education,final,283183,valid,,20192,4.71000000000004
HRS,184,recovery_phase,final,283184,valid,,20163,0.199999999999818
HRS,184,wealth_by_sex,final,283184,valid,,20163,11.4000000000001
HRS,184,wealth_within_low_education,final,283184,valid,,20163,4.72000000000026
HRS,185,recovery_phase,final,283185,valid,,20096,0.170000000000073
HRS,185,wealth_by_sex,final,283185,valid,,20096,11.4000000000001
HRS,185,wealth_within_low_education,final,283185,valid,,20096,4.36000000000013
HRS,186,recovery_phase,final,283186,valid,,20202,0.169999999999618
HRS,186,wealth_by_sex,final,283186,valid,,20202,11.3299999999999
HRS,186,wealth_within_low_education,final,283186,valid,,20202,4.42999999999984
HRS,187,recovery_phase,final,283187,valid,,20231,0.190000000000055
HRS,187,wealth_by_sex,final,283187,valid,,20231,11.52
HRS,187,wealth_within_low_education,final,283187,valid,,20231,4.31999999999971
HRS,188,recovery_phase,final,283188,valid,,20201,0.179999999999836
HRS,188,wealth_by_sex,final,283188,valid,,20201,11.4900000000002
HRS,188,wealth_within_low_education,final,283188,valid,,20201,4.5
HRS,189,recovery_phase,final,283189,valid,,20292,0.199999999999818
HRS,189,wealth_by_sex,final,283189,valid,,20292,11.0799999999999
HRS,189,wealth_within_low_education,final,283189,valid,,20292,4.69000000000006
HRS,190,recovery_phase,final,283190,valid,,20249,0.200000000000273
HRS,190,wealth_by_sex,final,283190,valid,,20249,11.4400000000001
HRS,190,wealth_within_low_education,final,283190,valid,,20249,4.7199999999998
HRS,191,recovery_phase,final,283191,valid,,20243,0.190000000000055
HRS,191,wealth_by_sex,final,283191,valid,,20243,10.9700000000003
HRS,191,wealth_within_low_education,final,283191,valid,,20243,4.40999999999985
HRS,192,recovery_phase,final,283192,valid,,20118,0.170000000000073
HRS,192,wealth_by_sex,final,283192,valid,,20118,11.4400000000001
HRS,192,wealth_within_low_education,final,283192,valid,,20118,4.55000000000018
HRS,193,recovery_phase,final,283193,valid,,20204,0.190000000000055
HRS,193,wealth_by_sex,final,283193,valid,,20204,11.5599999999999
HRS,193,wealth_within_low_education,final,283193,valid,,20204,4.62000000000035
HRS,194,recovery_phase,final,283194,valid,,20250,0.170000000000073
HRS,194,wealth_by_sex,final,283194,valid,,20250,11.48
HRS,194,wealth_within_low_education,final,283194,valid,,20250,4.32999999999993
HRS,195,recovery_phase,final,283195,valid,,20233,0.170000000000073
HRS,195,wealth_by_sex,final,283195,valid,,20233,11.2800000000002
HRS,195,wealth_within_low_education,final,283195,valid,,20233,4.33999999999969
HRS,196,recovery_phase,final,283196,valid,,20136,0.190000000000055
HRS,196,wealth_by_sex,final,283196,valid,,20136,11.5799999999999
HRS,196,wealth_within_low_education,final,283196,valid,,20136,4.7199999999998
HRS,197,recovery_phase,final,283197,valid,,20253,0.190000000000055
HRS,197,wealth_by_sex,final,283197,valid,,20253,11.5299999999997
HRS,197,wealth_within_low_education,final,283197,valid,,20253,4.62000000000035
HRS,198,recovery_phase,final,283198,valid,,20166,0.159999999999854
HRS,198,wealth_by_sex,final,283198,valid,,20166,11.3400000000001
HRS,198,wealth_within_low_education,final,283198,valid,,20166,4.5
HRS,199,recovery_phase,final,283199,valid,,20145,0.159999999999854
HRS,199,wealth_by_sex,final,283199,valid,,20145,10.04
HRS,199,wealth_within_low_education,final,283199,valid,,20145,4
HRS,200,recovery_phase,final,283200,valid,,20120,0.150000000000091
HRS,200,wealth_by_sex,final,283200,valid,,20120,10.3899999999999
HRS,200,wealth_within_low_education,final,283200,valid,,20120,3.92999999999984
HRS,201,recovery_phase,final,283201,valid,,20124,0.150000000000091
HRS,201,wealth_by_sex,final,283201,valid,,20124,9.96000000000004
HRS,201,wealth_within_low_education,final,283201,valid,,20124,4.07000000000016
HRS,202,recovery_phase,final,283202,valid,,20213,0.170000000000073
HRS,202,wealth_by_sex,final,283202,valid,,20213,10.0500000000002
HRS,202,wealth_within_low_education,final,283202,valid,,20213,3.80999999999995
HRS,203,recovery_phase,final,283203,valid,,20203,0.139999999999873
HRS,203,wealth_by_sex,final,283203,valid,,20203,10
HRS,203,wealth_within_low_education,final,283203,valid,,20203,3.96000000000004
HRS,204,recovery_phase,final,283204,valid,,20174,0.170000000000073
HRS,204,wealth_by_sex,final,283204,valid,,20174,9.86000000000013
HRS,204,wealth_within_low_education,final,283204,valid,,20174,3.86000000000013
HRS,205,recovery_phase,final,283205,valid,,20166,0.160000000000309
HRS,205,wealth_by_sex,final,283205,valid,,20166,9.80999999999995
HRS,205,wealth_within_low_education,final,283205,valid,,20166,4.09000000000015
HRS,206,recovery_phase,final,283206,valid,,20086,0.170000000000073
HRS,206,wealth_by_sex,final,283206,valid,,20086,9.5300000000002
HRS,206,wealth_within_low_education,final,283206,valid,,20086,3.90000000000009
HRS,207,recovery_phase,final,283207,valid,,20088,0.160000000000309
HRS,207,wealth_by_sex,final,283207,valid,,20088,9.7800000000002
HRS,207,wealth_within_low_education,final,283207,valid,,20088,3.82999999999993
HRS,208,recovery_phase,final,283208,valid,,20241,0.159999999999854
HRS,208,wealth_by_sex,final,283208,valid,,20241,10.0900000000001
HRS,208,wealth_within_low_education,final,283208,valid,,20241,4.08000000000038
HRS,209,recovery_phase,final,283209,valid,,20269,0.190000000000055
HRS,209,wealth_by_sex,final,283209,valid,,20269,9.76999999999998
HRS,209,wealth_within_low_education,final,283209,valid,,20269,4.32999999999993
HRS,210,recovery_phase,final,283210,valid,,20191,0.200000000000273
HRS,210,wealth_by_sex,final,283210,valid,,20191,10.8499999999999
HRS,210,wealth_within_low_education,final,283210,valid,,20191,5.19999999999982
HRS,211,recovery_phase,final,283211,valid,,20195,0.190000000000055
HRS,211,wealth_by_sex,final,283211,valid,,20195,12.3300000000004
HRS,211,wealth_within_low_education,final,283211,valid,,20195,4.28999999999996
HRS,212,recovery_phase,final,283212,valid,,20185,0.160000000000309
HRS,212,wealth_by_sex,final,283212,valid,,20185,12.0599999999999
HRS,212,wealth_within_low_education,final,283212,valid,,20185,4.22000000000025
HRS,213,recovery_phase,final,283213,valid,,20224,0.150000000000091
HRS,213,wealth_by_sex,final,283213,valid,,20224,10.3599999999997
HRS,213,wealth_within_low_education,final,283213,valid,,20224,3.90000000000009
HRS,214,recovery_phase,final,283214,valid,,20153,0.160000000000309
HRS,214,wealth_by_sex,final,283214,valid,,20153,9.99000000000024
HRS,214,wealth_within_low_education,final,283214,valid,,20153,4.17999999999984
HRS,215,recovery_phase,final,283215,valid,,20264,0.180000000000291
HRS,215,wealth_by_sex,final,283215,valid,,20264,9.71000000000004
HRS,215,wealth_within_low_education,final,283215,valid,,20264,3.93000000000029
HRS,216,recovery_phase,final,283216,valid,,20183,0.179999999999836
HRS,216,wealth_by_sex,final,283216,valid,,20183,10.04
HRS,216,wealth_within_low_education,final,283216,valid,,20183,3.85999999999967
HRS,217,recovery_phase,final,283217,valid,,20130,0.159999999999854
HRS,217,wealth_by_sex,final,283217,valid,,20130,9.87000000000035
HRS,217,wealth_within_low_education,final,283217,valid,,20130,3.80999999999995
HRS,218,recovery_phase,final,283218,valid,,20156,0.139999999999873
HRS,218,wealth_by_sex,final,283218,valid,,20156,9.63000000000011
HRS,218,wealth_within_low_education,final,283218,valid,,20156,3.86000000000013
HRS,219,recovery_phase,final,283219,valid,,20178,0.169999999999618
HRS,219,wealth_by_sex,final,283219,valid,,20178,9.84000000000015
HRS,219,wealth_within_low_education,final,283219,valid,,20178,3.92000000000007
HRS,220,recovery_phase,final,283220,valid,,20161,0.150000000000091
HRS,220,wealth_by_sex,final,283220,valid,,20161,9.65000000000009
HRS,220,wealth_within_low_education,final,283220,valid,,20161,3.99000000000024
HRS,221,recovery_phase,final,283221,valid,,20273,0.190000000000055
HRS,221,wealth_by_sex,final,283221,valid,,20273,9.92000000000007
HRS,221,wealth_within_low_education,final,283221,valid,,20273,3.86000000000013
HRS,222,recovery_phase,final,283222,valid,,20296,0.150000000000091
HRS,222,wealth_by_sex,final,283222,valid,,20296,9.60999999999967
HRS,222,wealth_within_low_education,final,283222,valid,,20296,3.97000000000025
HRS,223,recovery_phase,final,283223,valid,,20253,0.159999999999854
HRS,223,wealth_by_sex,final,283223,valid,,20253,9.80999999999995
HRS,223,wealth_within_low_education,final,283223,valid,,20253,3.78999999999996
HRS,224,recovery_phase,final,283224,valid,,20135,0.159999999999854
HRS,224,wealth_by_sex,final,283224,valid,,20135,9.35999999999967
HRS,224,wealth_within_low_education,final,283224,valid,,20135,3.78999999999996
HRS,225,recovery_phase,final,283225,valid,,20144,0.150000000000091
HRS,225,wealth_by_sex,final,283225,valid,,20144,9.36999999999989
HRS,225,wealth_within_low_education,final,283225,valid,,20144,3.85000000000036
HRS,226,recovery_phase,final,283226,valid,,20158,0.150000000000091
HRS,226,wealth_by_sex,final,283226,valid,,20158,9.98000000000002
HRS,226,wealth_within_low_education,final,283226,valid,,20158,3.80000000000018
HRS,227,recovery_phase,final,283227,valid,,20131,0.159999999999854
HRS,227,wealth_by_sex,final,283227,valid,,20131,10.1700000000001
HRS,227,wealth_within_low_education,final,283227,valid,,20131,3.88999999999987
HRS,228,recovery_phase,final,283228,valid,,20284,0.170000000000073
HRS,228,wealth_by_sex,final,283228,valid,,20284,10.3000000000002
HRS,228,wealth_within_low_education,final,283228,valid,,20284,4.11000000000013
HRS,229,recovery_phase,final,283229,valid,,20169,0.180000000000291
HRS,229,wealth_by_sex,final,283229,valid,,20169,9.70000000000027
HRS,229,wealth_within_low_education,final,283229,valid,,20169,3.86000000000013
HRS,230,recovery_phase,final,283230,valid,,20246,0.170000000000073
HRS,230,wealth_by_sex,final,283230,valid,,20246,10.1999999999998
HRS,230,wealth_within_low_education,final,283230,valid,,20246,3.98000000000002
HRS,231,recovery_phase,final,283231,valid,,20207,0.150000000000091
HRS,231,wealth_by_sex,final,283231,valid,,20207,9.80999999999995
HRS,231,wealth_within_low_education,final,283231,valid,,20207,3.80999999999995
HRS,232,recovery_phase,final,283232,valid,,20260,0.170000000000073
HRS,232,wealth_by_sex,final,283232,valid,,20260,9.73000000000002
HRS,232,wealth_within_low_education,final,283232,valid,,20260,3.97000000000025
HRS,233,recovery_phase,final,283233,valid,,20309,0.170000000000073
HRS,233,wealth_by_sex,final,283233,valid,,20309,9.84000000000015
HRS,233,wealth_within_low_education,final,283233,valid,,20309,3.78999999999996
HRS,234,recovery_phase,final,283234,valid,,20190,0.160000000000309
HRS,234,wealth_by_sex,final,283234,valid,,20190,9.61000000000013
HRS,234,wealth_within_low_education,final,283234,valid,,20190,4.14000000000033
HRS,235,recovery_phase,final,283235,valid,,20215,0.149999999999636
HRS,235,wealth_by_sex,final,283235,valid,,20215,9.59999999999991
HRS,235,wealth_within_low_education,final,283235,valid,,20215,4.01999999999998
HRS,236,recovery_phase,final,283236,valid,,20284,0.170000000000073
HRS,236,wealth_by_sex,final,283236,valid,,20284,9.88000000000011
HRS,236,wealth_within_low_education,final,283236,valid,,20284,3.98000000000002
HRS,237,recovery_phase,final,283237,valid,,20249,0.170000000000073
HRS,237,wealth_by_sex,final,283237,valid,,20249,10.0799999999999
HRS,237,wealth_within_low_education,final,283237,valid,,20249,3.86999999999989
HRS,238,recovery_phase,final,283238,valid,,20169,0.159999999999854
HRS,238,wealth_by_sex,final,283238,valid,,20169,9.76999999999998
HRS,238,wealth_within_low_education,final,283238,valid,,20169,3.88999999999987
HRS,239,recovery_phase,final,283239,valid,,20148,0.149999999999636
HRS,239,wealth_by_sex,final,283239,valid,,20148,9.55000000000018
HRS,239,wealth_within_low_education,final,283239,valid,,20148,3.92999999999984
HRS,240,recovery_phase,final,283240,valid,,20255,0.159999999999854
HRS,240,wealth_by_sex,final,283240,valid,,20255,9.76999999999998
HRS,240,wealth_within_low_education,final,283240,valid,,20255,3.86999999999989
HRS,241,recovery_phase,final,283241,valid,,20194,0.150000000000091
HRS,241,wealth_by_sex,final,283241,valid,,20194,9.76000000000022
HRS,241,wealth_within_low_education,final,283241,valid,,20194,4.05999999999995
HRS,242,recovery_phase,final,283242,valid,,20305,0.170000000000073
HRS,242,wealth_by_sex,final,283242,valid,,20305,10.0100000000002
HRS,242,wealth_within_low_education,final,283242,valid,,20305,4.42000000000007
HRS,243,recovery_phase,final,283243,valid,,20149,0.179999999999836
HRS,243,wealth_by_sex,final,283243,valid,,20149,9.73999999999978
HRS,243,wealth_within_low_education,final,283243,valid,,20149,3.95000000000027
HRS,244,recovery_phase,final,283244,valid,,20197,0.159999999999854
HRS,244,wealth_by_sex,final,283244,valid,,20197,11.0799999999999
HRS,244,wealth_within_low_education,final,283244,valid,,20197,3.98000000000002
HRS,245,recovery_phase,final,283245,valid,,20256,0.170000000000073
HRS,245,wealth_by_sex,final,283245,valid,,20256,9.90999999999985
HRS,245,wealth_within_low_education,final,283245,valid,,20256,3.94000000000005
HRS,246,recovery_phase,final,283246,valid,,20186,0.169999999999618
HRS,246,wealth_by_sex,final,283246,valid,,20186,10.2799999999997
HRS,246,wealth_within_low_education,final,283246,valid,,20186,3.92999999999984
HRS,247,recovery_phase,final,283247,valid,,20192,0.170000000000073
HRS,247,wealth_by_sex,final,283247,valid,,20192,10.0900000000001
HRS,247,wealth_within_low_education,final,283247,valid,,20192,4.21000000000004
HRS,248,recovery_phase,final,283248,valid,,20172,0.170000000000073
HRS,248,wealth_by_sex,final,283248,valid,,20172,9.88999999999987
HRS,248,wealth_within_low_education,final,283248,valid,,20172,3.88000000000011
HRS,249,recovery_phase,final,283249,valid,,20251,0.169999999999618
HRS,249,wealth_by_sex,final,283249,valid,,20251,10
HRS,249,wealth_within_low_education,final,283249,valid,,20251,3.9699999999998
HRS,250,recovery_phase,final,283250,valid,,20219,0.149999999999636
HRS,250,wealth_by_sex,final,283250,valid,,20219,9.92000000000007
HRS,250,wealth_within_low_education,final,283250,valid,,20219,4
HRS,251,recovery_phase,final,283251,valid,,20265,0.149999999999636
HRS,251,wealth_by_sex,final,283251,valid,,20265,9.92000000000007
HRS,251,wealth_within_low_education,final,283251,valid,,20265,3.92999999999984
HRS,252,recovery_phase,final,283252,valid,,20090,0.150000000000091
HRS,252,wealth_by_sex,final,283252,valid,,20090,9.7199999999998
HRS,252,wealth_within_low_education,final,283252,valid,,20090,3.92999999999984
HRS,253,recovery_phase,final,283253,valid,,20240,0.150000000000091
HRS,253,wealth_by_sex,final,283253,valid,,20240,10.1900000000001
HRS,253,wealth_within_low_education,final,283253,valid,,20240,4.01999999999998
HRS,254,recovery_phase,final,283254,valid,,20142,0.170000000000073
HRS,254,wealth_by_sex,final,283254,valid,,20142,10
HRS,254,wealth_within_low_education,final,283254,valid,,20142,3.97000000000025
HRS,255,recovery_phase,final,283255,valid,,20174,0.190000000000055
HRS,255,wealth_by_sex,final,283255,valid,,20174,10.0100000000002
HRS,255,wealth_within_low_education,final,283255,valid,,20174,4.05999999999995
HRS,256,recovery_phase,final,283256,valid,,20300,0.160000000000309
HRS,256,wealth_by_sex,final,283256,valid,,20300,10
HRS,256,wealth_within_low_education,final,283256,valid,,20300,4.11000000000013
HRS,257,recovery_phase,final,283257,valid,,20193,0.170000000000073
HRS,257,wealth_by_sex,final,283257,valid,,20193,10.73
HRS,257,wealth_within_low_education,final,283257,valid,,20193,4.51999999999998
HRS,258,recovery_phase,final,283258,valid,,20225,0.190000000000055
HRS,258,wealth_by_sex,final,283258,valid,,20225,9.95000000000027
HRS,258,wealth_within_low_education,final,283258,valid,,20225,4.23000000000002
HRS,259,recovery_phase,final,283259,valid,,20149,0.190000000000055
HRS,259,wealth_by_sex,final,283259,valid,,20149,10.5799999999999
HRS,259,wealth_within_low_education,final,283259,valid,,20149,4.42999999999984
HRS,260,recovery_phase,final,283260,valid,,20189,0.160000000000309
HRS,260,wealth_by_sex,final,283260,valid,,20189,10.5
HRS,260,wealth_within_low_education,final,283260,valid,,20189,4.5
HRS,261,recovery_phase,final,283261,valid,,20191,0.180000000000291
HRS,261,wealth_by_sex,final,283261,valid,,20191,9.7800000000002
HRS,261,wealth_within_low_education,final,283261,valid,,20191,4.24000000000024
HRS,262,recovery_phase,final,283262,valid,,20204,0.210000000000036
HRS,262,wealth_by_sex,final,283262,valid,,20204,11.3299999999999
HRS,262,wealth_within_low_education,final,283262,valid,,20204,4.83000000000038
HRS,263,recovery_phase,final,283263,valid,,20236,0.200000000000273
HRS,263,wealth_by_sex,final,283263,valid,,20236,13.7599999999998
HRS,263,wealth_within_low_education,final,283263,valid,,20236,4.88000000000011
HRS,264,recovery_phase,final,283264,valid,,20233,0.210000000000036
HRS,264,wealth_by_sex,final,283264,valid,,20233,13
HRS,264,wealth_within_low_education,final,283264,valid,,20233,4.71000000000004
HRS,265,recovery_phase,final,283265,valid,,20302,0.179999999999836
HRS,265,wealth_by_sex,final,283265,valid,,20302,11.1700000000001
HRS,265,wealth_within_low_education,final,283265,valid,,20302,4.01999999999998
HRS,266,recovery_phase,final,283266,valid,,20225,0.170000000000073
HRS,266,wealth_by_sex,final,283266,valid,,20225,10.8900000000003
HRS,266,wealth_within_low_education,final,283266,valid,,20225,4
HRS,267,recovery_phase,final,283267,valid,,20167,0.140000000000327
HRS,267,wealth_by_sex,final,283267,valid,,20167,10.3099999999999
HRS,267,wealth_within_low_education,final,283267,valid,,20167,4.33999999999969
HRS,268,recovery_phase,final,283268,valid,,20125,0.160000000000309
HRS,268,wealth_by_sex,final,283268,valid,,20125,10.21
HRS,268,wealth_within_low_education,final,283268,valid,,20125,3.92000000000007
HRS,269,recovery_phase,final,283269,valid,,20155,0.159999999999854
HRS,269,wealth_by_sex,final,283269,valid,,20155,10.27
HRS,269,wealth_within_low_education,final,283269,valid,,20155,4
HRS,270,recovery_phase,final,283270,valid,,20321,0.160000000000309
HRS,270,wealth_by_sex,final,283270,valid,,20321,10.48
HRS,270,wealth_within_low_education,final,283270,valid,,20321,4.14000000000033
HRS,271,recovery_phase,final,283271,valid,,20117,0.140000000000327
HRS,271,wealth_by_sex,final,283271,valid,,20117,10.25
HRS,271,wealth_within_low_education,final,283271,valid,,20117,3.75
HRS,272,recovery_phase,final,283272,valid,,20187,0.160000000000309
HRS,272,wealth_by_sex,final,283272,valid,,20187,9.82999999999993
HRS,272,wealth_within_low_education,final,283272,valid,,20187,3.82999999999993
HRS,273,recovery_phase,final,283273,valid,,20230,0.139999999999873
HRS,273,wealth_by_sex,final,283273,valid,,20230,9.80999999999995
HRS,273,wealth_within_low_education,final,283273,valid,,20230,3.98999999999978
HRS,274,recovery_phase,final,283274,valid,,20121,0.170000000000073
HRS,274,wealth_by_sex,final,283274,valid,,20121,10.0799999999999
HRS,274,wealth_within_low_education,final,283274,valid,,20121,3.86000000000013
HRS,275,recovery_phase,final,283275,valid,,20197,0.200000000000273
HRS,275,wealth_by_sex,final,283275,valid,,20197,10.0999999999999
HRS,275,wealth_within_low_education,final,283275,valid,,20197,4.84999999999991
HRS,276,recovery_phase,final,283276,valid,,20245,0.160000000000309
HRS,276,wealth_by_sex,final,283276,valid,,20245,11.3399999999997
HRS,276,wealth_within_low_education,final,283276,valid,,20245,4.07000000000016
HRS,277,recovery_phase,final,283277,valid,,20234,0.140000000000327
HRS,277,wealth_by_sex,final,283277,valid,,20234,10.54
HRS,277,wealth_within_low_education,final,283277,valid,,20234,4.44999999999982
HRS,278,recovery_phase,final,283278,valid,,20229,0.159999999999854
HRS,278,wealth_by_sex,final,283278,valid,,20229,10.4200000000001
HRS,278,wealth_within_low_education,final,283278,valid,,20229,4.01000000000022
HRS,279,recovery_phase,final,283279,valid,,20295,0.140000000000327
HRS,279,wealth_by_sex,final,283279,valid,,20295,10.2399999999998
HRS,279,wealth_within_low_education,final,283279,valid,,20295,4.05999999999995
HRS,280,recovery_phase,final,283280,valid,,20183,0.1899999999996
HRS,280,wealth_by_sex,final,283280,valid,,20183,10.3299999999999
HRS,280,wealth_within_low_education,final,283280,valid,,20183,3.90999999999985
HRS,281,recovery_phase,final,283281,valid,,20186,0.160000000000764
HRS,281,wealth_by_sex,final,283281,valid,,20186,10.2999999999993
HRS,281,wealth_within_low_education,final,283281,valid,,20186,3.92000000000007
HRS,282,recovery_phase,final,283282,valid,,20267,0.170000000000073
HRS,282,wealth_by_sex,final,283282,valid,,20267,10.1999999999998
HRS,282,wealth_within_low_education,final,283282,valid,,20267,3.89000000000033
HRS,283,recovery_phase,final,283283,valid,,20226,0.170000000000073
HRS,283,wealth_by_sex,final,283283,valid,,20226,10.1099999999997
HRS,283,wealth_within_low_education,final,283283,valid,,20226,3.94999999999982
HRS,284,recovery_phase,final,283284,valid,,20190,0.149999999999636
HRS,284,wealth_by_sex,final,283284,valid,,20190,10.0100000000002
HRS,284,wealth_within_low_education,final,283284,valid,,20190,4.13000000000011
HRS,285,recovery_phase,final,283285,valid,,20177,0.180000000000291
HRS,285,wealth_by_sex,final,283285,valid,,20177,12.8100000000004
HRS,285,wealth_within_low_education,final,283285,valid,,20177,4.88999999999942
HRS,286,recovery_phase,final,283286,valid,,20231,0.199999999999818
HRS,286,wealth_by_sex,final,283286,valid,,20231,11.6499999999996
HRS,286,wealth_within_low_education,final,283286,valid,,20231,5.28000000000066
HRS,287,recovery_phase,final,283287,valid,,20217,0.170000000000073
HRS,287,wealth_by_sex,final,283287,valid,,20217,13.1100000000006
HRS,287,wealth_within_low_education,final,283287,valid,,20217,4.88999999999942
HRS,288,recovery_phase,final,283288,valid,,20208,0.1899999999996
HRS,288,wealth_by_sex,final,283288,valid,,20208,14.0699999999997
HRS,288,wealth_within_low_education,final,283288,valid,,20208,4.34000000000015
HRS,289,recovery_phase,final,283289,valid,,20223,0.159999999999854
HRS,289,wealth_by_sex,final,283289,valid,,20223,10.7699999999995
HRS,289,wealth_within_low_education,final,283289,valid,,20223,4.05000000000018
HRS,290,recovery_phase,final,283290,valid,,20225,0.1899999999996
HRS,290,wealth_by_sex,final,283290,valid,,20225,10.3600000000006
HRS,290,wealth_within_low_education,final,283290,valid,,20225,4.09000000000015
HRS,291,recovery_phase,final,283291,valid,,20177,0.170000000000073
HRS,291,wealth_by_sex,final,283291,valid,,20177,10.9899999999998
HRS,291,wealth_within_low_education,final,283291,valid,,20177,4.64999999999964
HRS,292,recovery_phase,final,283292,valid,,20276,0.159999999999854
HRS,292,wealth_by_sex,final,283292,valid,,20276,10.2399999999998
HRS,292,wealth_within_low_education,final,283292,valid,,20276,4.17000000000007
HRS,293,recovery_phase,final,283293,valid,,20050,0.170000000000073
HRS,293,wealth_by_sex,final,283293,valid,,20050,10.0700000000006
HRS,293,wealth_within_low_education,final,283293,valid,,20050,3.82999999999993
HRS,294,recovery_phase,final,283294,valid,,20226,0.170000000000073
HRS,294,wealth_by_sex,final,283294,valid,,20226,10.5500000000002
HRS,294,wealth_within_low_education,final,283294,valid,,20226,4.02999999999975
HRS,295,recovery_phase,final,283295,valid,,20279,0.149999999999636
HRS,295,wealth_by_sex,final,283295,valid,,20279,9.88000000000011
HRS,295,wealth_within_low_education,final,283295,valid,,20279,3.80000000000018
HRS,296,recovery_phase,final,283296,valid,,20272,0.150000000000546
HRS,296,wealth_by_sex,final,283296,valid,,20272,9.78999999999996
HRS,296,wealth_within_low_education,final,283296,valid,,20272,3.85999999999967
HRS,297,recovery_phase,final,283297,valid,,20155,0.159999999999854
HRS,297,wealth_by_sex,final,283297,valid,,20155,9.80000000000018
HRS,297,wealth_within_low_education,final,283297,valid,,20155,4.72000000000026
HRS,298,recovery_phase,final,283298,valid,,20118,0.170000000000073
HRS,298,wealth_by_sex,final,283298,valid,,20118,10.1500000000005
HRS,298,wealth_within_low_education,final,283298,valid,,20118,3.9399999999996
HRS,299,recovery_phase,final,283299,valid,,20170,0.140000000000327
HRS,299,wealth_by_sex,final,283299,valid,,20170,10.0600000000004
HRS,299,wealth_within_low_education,final,283299,valid,,20170,4.13999999999942
HRS,300,recovery_phase,final,283300,valid,,20097,0.149999999999636
HRS,300,wealth_by_sex,final,283300,valid,,20097,10.2200000000003
HRS,300,wealth_within_low_education,final,283300,valid,,20097,3.89000000000033
HRS,301,recovery_phase,final,283301,valid,,20198,0.150000000000546
HRS,301,wealth_by_sex,final,283301,valid,,20198,10.3000000000002
HRS,301,wealth_within_low_education,final,283301,valid,,20198,4.03000000000066
HRS,302,recovery_phase,final,283302,valid,,20186,0.159999999999854
HRS,302,wealth_by_sex,final,283302,valid,,20186,9.92000000000007
HRS,302,wealth_within_low_education,final,283302,valid,,20186,4.10999999999967
HRS,303,recovery_phase,final,283303,valid,,20174,0.149999999999636
HRS,303,wealth_by_sex,final,283303,valid,,20174,10.3899999999994
HRS,303,wealth_within_low_education,final,283303,valid,,20174,3.91000000000076
HRS,304,recovery_phase,final,283304,valid,,20145,0.149999999999636
HRS,304,wealth_by_sex,final,283304,valid,,20145,9.94999999999982
HRS,304,wealth_within_low_education,final,283304,valid,,20145,4.02999999999975
HRS,305,recovery_phase,final,283305,valid,,20303,0.149999999999636
HRS,305,wealth_by_sex,final,283305,valid,,20303,10.1700000000001
HRS,305,wealth_within_low_education,final,283305,valid,,20303,3.94999999999982
HRS,306,recovery_phase,final,283306,valid,,20234,0.159999999999854
HRS,306,wealth_by_sex,final,283306,valid,,20234,10.3800000000001
HRS,306,wealth_within_low_education,final,283306,valid,,20234,3.88999999999942
HRS,307,recovery_phase,final,283307,valid,,20216,0.159999999999854
HRS,307,wealth_by_sex,final,283307,valid,,20216,10.4000000000005
HRS,307,wealth_within_low_education,final,283307,valid,,20216,4.56999999999971
HRS,308,recovery_phase,final,283308,valid,,20226,0.150000000000546
HRS,308,wealth_by_sex,final,283308,valid,,20226,10.3900000000003
HRS,308,wealth_within_low_education,final,283308,valid,,20226,4.15999999999985
HRS,309,recovery_phase,final,283309,valid,,20259,0.179999999999382
HRS,309,wealth_by_sex,final,283309,valid,,20259,10.1599999999999
HRS,309,wealth_within_low_education,final,283309,valid,,20259,4.21000000000004
HRS,310,recovery_phase,final,283310,valid,,20198,0.139999999999418
HRS,310,wealth_by_sex,final,283310,valid,,20198,10.3299999999999
HRS,310,wealth_within_low_education,final,283310,valid,,20198,3.90000000000055
HRS,311,recovery_phase,final,283311,valid,,20096,0.159999999999854
HRS,311,wealth_by_sex,final,283311,valid,,20096,10.2799999999997
HRS,311,wealth_within_low_education,final,283311,valid,,20096,4.30000000000018
HRS,312,recovery_phase,final,283312,valid,,20137,0.159999999999854
HRS,312,wealth_by_sex,final,283312,valid,,20137,9.98000000000047
HRS,312,wealth_within_low_education,final,283312,valid,,20137,4
HRS,313,recovery_phase,final,283313,valid,,20096,0.170000000000073
HRS,313,wealth_by_sex,final,283313,valid,,20096,9.8100000000004
HRS,313,wealth_within_low_education,final,283313,valid,,20096,4.19999999999982
HRS,314,recovery_phase,final,283314,valid,,20249,0.159999999999854
HRS,314,wealth_by_sex,final,283314,valid,,20249,10.0999999999995
HRS,314,wealth_within_low_education,final,283314,valid,,20249,4
HRS,315,recovery_phase,final,283315,valid,,20159,0.149999999999636
HRS,315,wealth_by_sex,final,283315,valid,,20159,10.6700000000001
HRS,315,wealth_within_low_education,final,283315,valid,,20159,4.0600000000004
HRS,316,recovery_phase,final,283316,valid,,20330,0.149999999999636
HRS,316,wealth_by_sex,final,283316,valid,,20330,10.5
HRS,316,wealth_within_low_education,final,283316,valid,,20330,4
HRS,317,recovery_phase,final,283317,valid,,20237,0.190000000000509
HRS,317,wealth_by_sex,final,283317,valid,,20237,10.1300000000001
HRS,317,wealth_within_low_education,final,283317,valid,,20237,4.64000000000033
HRS,318,recovery_phase,final,283318,valid,,20183,0.190000000000509
HRS,318,wealth_by_sex,final,283318,valid,,20183,10.8200000000006
HRS,318,wealth_within_low_education,final,283318,valid,,20183,5.5
HRS,319,recovery_phase,final,283319,valid,,20200,0.219999999999345
HRS,319,wealth_by_sex,final,283319,valid,,20200,12.0600000000004
HRS,319,wealth_within_low_education,final,283319,valid,,20200,4.8100000000004
HRS,320,recovery_phase,final,283320,valid,,20325,0.179999999999382
HRS,320,wealth_by_sex,final,283320,valid,,20325,11
HRS,320,wealth_within_low_education,final,283320,valid,,20325,4.44000000000051
HRS,321,recovery_phase,final,283321,valid,,20116,0.150000000000546
HRS,321,wealth_by_sex,final,283321,valid,,20116,10.2599999999993
HRS,321,wealth_within_low_education,final,283321,valid,,20116,3.89000000000033
HRS,322,recovery_phase,final,283322,valid,,20223,0.200000000000728
HRS,322,wealth_by_sex,final,283322,valid,,20223,12.0900000000001
HRS,322,wealth_within_low_education,final,283322,valid,,20223,5.25
HRS,323,recovery_phase,final,283323,valid,,20208,0.199999999999818
HRS,323,wealth_by_sex,final,283323,valid,,20208,11.4099999999999
HRS,323,wealth_within_low_education,final,283323,valid,,20208,5.52999999999975
HRS,324,recovery_phase,final,283324,valid,,20329,0.1899999999996
HRS,324,wealth_by_sex,final,283324,valid,,20329,13.5999999999995
HRS,324,wealth_within_low_education,final,283324,valid,,20329,5.64000000000033
HRS,325,recovery_phase,final,283325,valid,,20235,0.199999999999818
HRS,325,wealth_by_sex,final,283325,valid,,20235,13.9300000000003
HRS,325,wealth_within_low_education,final,283325,valid,,20235,5.08999999999924
HRS,326,recovery_phase,final,283326,valid,,20240,0.159999999999854
HRS,326,wealth_by_sex,final,283326,valid,,20240,10.5600000000004
HRS,326,wealth_within_low_education,final,283326,valid,,20240,3.94999999999982
HRS,327,recovery_phase,final,283327,valid,,20264,0.170000000000073
HRS,327,wealth_by_sex,final,283327,valid,,20264,9.85999999999967
HRS,327,wealth_within_low_education,final,283327,valid,,20264,3.94999999999982
HRS,328,recovery_phase,final,283328,valid,,20271,0.139999999999418
HRS,328,wealth_by_sex,final,283328,valid,,20271,10.1000000000004
HRS,328,wealth_within_low_education,final,283328,valid,,20271,4
HRS,329,recovery_phase,final,283329,valid,,20214,0.159999999999854
HRS,329,wealth_by_sex,final,283329,valid,,20214,9.9399999999996
HRS,329,wealth_within_low_education,final,283329,valid,,20214,3.95000000000073
HRS,330,recovery_phase,final,283330,valid,,20166,0.139999999999418
HRS,330,wealth_by_sex,final,283330,valid,,20166,10.2000000000007
HRS,330,wealth_within_low_education,final,283330,valid,,20166,3.92000000000007
HRS,331,recovery_phase,final,283331,valid,,20221,0.170000000000073
HRS,331,wealth_by_sex,final,283331,valid,,20221,9.97000000000025
HRS,331,wealth_within_low_education,final,283331,valid,,20221,3.94999999999982
HRS,332,recovery_phase,final,283332,valid,,20308,0.170000000000073
HRS,332,wealth_by_sex,final,283332,valid,,20308,10.0500000000002
HRS,332,wealth_within_low_education,final,283332,valid,,20308,4.14000000000033
HRS,333,recovery_phase,final,283333,valid,,20161,0.160000000000764
HRS,333,wealth_by_sex,final,283333,valid,,20161,10.2299999999996
HRS,333,wealth_within_low_education,final,283333,valid,,20161,3.94000000000051
HRS,334,recovery_phase,final,283334,valid,,20190,0.170000000000073
HRS,334,wealth_by_sex,final,283334,valid,,20190,9.9399999999996
HRS,334,wealth_within_low_education,final,283334,valid,,20190,3.96000000000004
HRS,335,recovery_phase,final,283335,valid,,20286,0.140000000000327
HRS,335,wealth_by_sex,final,283335,valid,,20286,10.1800000000003
HRS,335,wealth_within_low_education,final,283335,valid,,20286,3.96999999999935
HRS,336,recovery_phase,final,283336,valid,,20120,0.179999999999382
HRS,336,wealth_by_sex,final,283336,valid,,20120,9.56999999999971
HRS,336,wealth_within_low_education,final,283336,valid,,20120,3.90999999999985
HRS,337,recovery_phase,final,283337,valid,,20139,0.159999999999854
HRS,337,wealth_by_sex,final,283337,valid,,20139,10
HRS,337,wealth_within_low_education,final,283337,valid,,20139,3.92999999999938
HRS,338,recovery_phase,final,283338,valid,,20148,0.150000000000546
HRS,338,wealth_by_sex,final,283338,valid,,20148,10.2199999999993
HRS,338,wealth_within_low_education,final,283338,valid,,20148,3.88999999999942
HRS,339,recovery_phase,final,283339,valid,,20100,0.160000000000764
HRS,339,wealth_by_sex,final,283339,valid,,20100,10.1700000000001
HRS,339,wealth_within_low_education,final,283339,valid,,20100,3.89999999999964
HRS,340,recovery_phase,final,283340,valid,,20131,0.159999999999854
HRS,340,wealth_by_sex,final,283340,valid,,20131,9.94999999999982
HRS,340,wealth_within_low_education,final,283340,valid,,20131,3.97000000000025
HRS,341,recovery_phase,final,283341,valid,,20239,0.1899999999996
HRS,341,wealth_by_sex,final,283341,valid,,20239,10.1000000000004
HRS,341,wealth_within_low_education,final,283341,valid,,20239,3.9399999999996
HRS,342,recovery_phase,final,283342,valid,,20281,0.159999999999854
HRS,342,wealth_by_sex,final,283342,valid,,20281,10.04
HRS,342,wealth_within_low_education,final,283342,valid,,20281,4.27999999999975
HRS,343,recovery_phase,final,283343,valid,,20182,0.170000000000073
HRS,343,wealth_by_sex,final,283343,valid,,20182,9.52000000000044
HRS,343,wealth_within_low_education,final,283343,valid,,20182,3.97000000000025
HRS,344,recovery_phase,final,283344,valid,,20238,0.149999999999636
HRS,344,wealth_by_sex,final,283344,valid,,20238,10.04
HRS,344,wealth_within_low_education,final,283344,valid,,20238,3.85999999999967
HRS,345,recovery_phase,final,283345,valid,,20239,0.169999999999163
HRS,345,wealth_by_sex,final,283345,valid,,20239,10.0200000000004
HRS,345,wealth_within_low_education,final,283345,valid,,20239,4.0600000000004
HRS,346,recovery_phase,final,283346,valid,,20325,0.160000000000764
HRS,346,wealth_by_sex,final,283346,valid,,20325,10.3999999999996
HRS,346,wealth_within_low_education,final,283346,valid,,20325,4.09000000000015
HRS,347,recovery_phase,final,283347,valid,,20235,0.170000000000073
HRS,347,wealth_by_sex,final,283347,valid,,20235,10.2700000000004
HRS,347,wealth_within_low_education,final,283347,valid,,20235,3.96000000000004
HRS,348,recovery_phase,final,283348,valid,,20243,0.150000000000546
HRS,348,wealth_by_sex,final,283348,valid,,20243,9.76999999999953
HRS,348,wealth_within_low_education,final,283348,valid,,20243,3.93000000000029
HRS,349,recovery_phase,final,283349,valid,,20223,0.170000000000073
HRS,349,wealth_by_sex,final,283349,valid,,20223,9.72000000000025
HRS,349,wealth_within_low_education,final,283349,valid,,20223,4.02999999999975
HRS,350,recovery_phase,final,283350,valid,,20191,0.170000000000073
HRS,350,wealth_by_sex,final,283350,valid,,20191,10.0200000000004
HRS,350,wealth_within_low_education,final,283350,valid,,20191,3.8700000000008
HRS,351,recovery_phase,final,283351,valid,,20203,0.139999999999418
HRS,351,wealth_by_sex,final,283351,valid,,20203,9.57999999999993
HRS,351,wealth_within_low_education,final,283351,valid,,20203,3.77999999999975
HRS,352,recovery_phase,final,283352,valid,,20238,0.140000000000327
HRS,352,wealth_by_sex,final,283352,valid,,20238,9.89999999999964
HRS,352,wealth_within_low_education,final,283352,valid,,20238,3.84000000000015
HRS,353,recovery_phase,final,283353,valid,,20169,0.139999999999418
HRS,353,wealth_by_sex,final,283353,valid,,20169,9.4399999999996
HRS,353,wealth_within_low_education,final,283353,valid,,20169,3.89000000000033
HRS,354,recovery_phase,final,283354,valid,,20224,0.150000000000546
HRS,354,wealth_by_sex,final,283354,valid,,20224,9.42000000000007
HRS,354,wealth_within_low_education,final,283354,valid,,20224,4.14000000000033
HRS,355,recovery_phase,final,283355,valid,,20206,0.170000000000073
HRS,355,wealth_by_sex,final,283355,valid,,20206,9.50999999999931
HRS,355,wealth_within_low_education,final,283355,valid,,20206,3.75
HRS,356,recovery_phase,final,283356,valid,,20212,0.170000000000073
HRS,356,wealth_by_sex,final,283356,valid,,20212,9.55999999999949
HRS,356,wealth_within_low_education,final,283356,valid,,20212,3.92000000000007
HRS,357,recovery_phase,final,283357,valid,,20186,0.150000000000546
HRS,357,wealth_by_sex,final,283357,valid,,20186,9.54999999999927
HRS,357,wealth_within_low_education,final,283357,valid,,20186,3.80999999999949
HRS,358,recovery_phase,final,283358,valid,,20226,0.149999999999636
HRS,358,wealth_by_sex,final,283358,valid,,20226,9.55000000000018
HRS,358,wealth_within_low_education,final,283358,valid,,20226,3.76999999999953
HRS,359,recovery_phase,final,283359,valid,,20221,0.149999999999636
HRS,359,wealth_by_sex,final,283359,valid,,20221,9.40999999999985
HRS,359,wealth_within_low_education,final,283359,valid,,20221,3.84999999999945
HRS,360,recovery_phase,final,283360,valid,,20217,0.159999999999854
HRS,360,wealth_by_sex,final,283360,valid,,20217,9.76000000000022
HRS,360,wealth_within_low_education,final,283360,valid,,20217,3.89999999999964
HRS,361,recovery_phase,final,283361,valid,,20280,0.140000000000327
HRS,361,wealth_by_sex,final,283361,valid,,20280,9.93000000000029
HRS,361,wealth_within_low_education,final,283361,valid,,20280,3.77000000000044
HRS,362,recovery_phase,final,283362,valid,,20221,0.139999999999418
HRS,362,wealth_by_sex,final,283362,valid,,20221,9.69999999999982
HRS,362,wealth_within_low_education,final,283362,valid,,20221,3.84000000000015
HRS,363,recovery_phase,final,283363,valid,,20180,0.180000000000291
HRS,363,wealth_by_sex,final,283363,valid,,20180,9.48999999999978
HRS,363,wealth_within_low_education,final,283363,valid,,20180,3.90999999999985
HRS,364,recovery_phase,final,283364,valid,,20189,0.140000000000327
HRS,364,wealth_by_sex,final,283364,valid,,20189,9.4399999999996
HRS,364,wealth_within_low_education,final,283364,valid,,20189,3.86000000000058
HRS,365,recovery_phase,final,283365,valid,,20184,0.160000000000764
HRS,365,wealth_by_sex,final,283365,valid,,20184,9.32000000000062
HRS,365,wealth_within_low_education,final,283365,valid,,20184,3.6899999999996
HRS,366,recovery_phase,final,283366,valid,,20220,0.140000000000327
HRS,366,wealth_by_sex,final,283366,valid,,20220,9.53999999999996
HRS,366,wealth_within_low_education,final,283366,valid,,20220,3.96999999999935
HRS,367,recovery_phase,final,283367,valid,,20230,0.140000000000327
HRS,367,wealth_by_sex,final,283367,valid,,20230,9.43000000000029
HRS,367,wealth_within_low_education,final,283367,valid,,20230,3.75
HRS,368,recovery_phase,final,283368,valid,,20268,0.159999999999854
HRS,368,wealth_by_sex,final,283368,valid,,20268,9.75
HRS,368,wealth_within_low_education,final,283368,valid,,20268,3.8100000000004
HRS,369,recovery_phase,final,283369,valid,,20128,0.140000000000327
HRS,369,wealth_by_sex,final,283369,valid,,20128,9.47000000000025
HRS,369,wealth_within_low_education,final,283369,valid,,20128,3.86999999999989
HRS,370,recovery_phase,final,283370,valid,,20241,0.140000000000327
HRS,370,wealth_by_sex,final,283370,valid,,20241,9.78999999999996
HRS,370,wealth_within_low_education,final,283370,valid,,20241,3.71000000000004
HRS,371,recovery_phase,final,283371,valid,,20221,0.160000000000764
HRS,371,wealth_by_sex,final,283371,valid,,20221,9.1899999999996
HRS,371,wealth_within_low_education,final,283371,valid,,20221,3.77999999999975
HRS,372,recovery_phase,final,283372,valid,,20254,0.170000000000073
HRS,372,wealth_by_sex,final,283372,valid,,20254,9.80000000000018
HRS,372,wealth_within_low_education,final,283372,valid,,20254,4.10000000000036
HRS,373,recovery_phase,final,283373,valid,,20213,0.170000000000073
HRS,373,wealth_by_sex,final,283373,valid,,20213,9.52999999999975
HRS,373,wealth_within_low_education,final,283373,valid,,20213,4.3100000000004
HRS,374,recovery_phase,final,283374,valid,,20241,0.159999999999854
HRS,374,wealth_by_sex,final,283374,valid,,20241,9.48999999999978
HRS,374,wealth_within_low_education,final,283374,valid,,20241,3.64000000000033
HRS,375,recovery_phase,final,283375,valid,,20366,0.140000000000327
HRS,375,wealth_by_sex,final,283375,valid,,20366,9.58000000000084
HRS,375,wealth_within_low_education,final,283375,valid,,20366,3.89999999999964
HRS,376,recovery_phase,final,283376,valid,,20134,0.149999999999636
HRS,376,wealth_by_sex,final,283376,valid,,20134,9.75
HRS,376,wealth_within_low_education,final,283376,valid,,20134,4.17000000000007
HRS,377,recovery_phase,final,283377,valid,,20077,0.140000000000327
HRS,377,wealth_by_sex,final,283377,valid,,20077,10.1099999999997
HRS,377,wealth_within_low_education,final,283377,valid,,20077,3.82999999999993
HRS,378,recovery_phase,final,283378,valid,,20298,0.149999999999636
HRS,378,wealth_by_sex,final,283378,valid,,20298,9.96000000000004
HRS,378,wealth_within_low_education,final,283378,valid,,20298,3.69999999999982
HRS,379,recovery_phase,final,283379,valid,,20266,0.159999999999854
HRS,379,wealth_by_sex,final,283379,valid,,20266,9.90999999999985
HRS,379,wealth_within_low_education,final,283379,valid,,20266,3.92000000000007
HRS,380,recovery_phase,final,283380,valid,,20229,0.170000000000073
HRS,380,wealth_by_sex,final,283380,valid,,20229,9.5600000000004
HRS,380,wealth_within_low_education,final,283380,valid,,20229,4.0600000000004
HRS,381,recovery_phase,final,283381,valid,,20258,0.140000000000327
HRS,381,wealth_by_sex,final,283381,valid,,20258,9.32999999999993
HRS,381,wealth_within_low_education,final,283381,valid,,20258,3.82999999999993
HRS,382,recovery_phase,final,283382,valid,,20188,0.150000000000546
HRS,382,wealth_by_sex,final,283382,valid,,20188,9.47000000000025
HRS,382,wealth_within_low_education,final,283382,valid,,20188,4.03999999999996
HRS,383,recovery_phase,final,283383,valid,,20220,0.149999999999636
HRS,383,wealth_by_sex,final,283383,valid,,20220,9.61000000000058
HRS,383,wealth_within_low_education,final,283383,valid,,20220,3.80999999999949
HRS,384,recovery_phase,final,283384,valid,,20217,0.170000000000073
HRS,384,wealth_by_sex,final,283384,valid,,20217,9.35000000000036
HRS,384,wealth_within_low_education,final,283384,valid,,20217,3.69999999999982
HRS,385,recovery_phase,final,283385,valid,,20166,0.140000000000327
HRS,385,wealth_by_sex,final,283385,valid,,20166,9.88000000000011
HRS,385,wealth_within_low_education,final,283385,valid,,20166,3.77999999999975
HRS,386,recovery_phase,final,283386,valid,,20321,0.150000000000546
HRS,386,wealth_by_sex,final,283386,valid,,20321,9.15999999999985
HRS,386,wealth_within_low_education,final,283386,valid,,20321,3.76999999999953
HRS,387,recovery_phase,final,283387,valid,,20313,0.139999999999418
HRS,387,wealth_by_sex,final,283387,valid,,20313,9.38000000000011
HRS,387,wealth_within_low_education,final,283387,valid,,20313,3.72000000000025
HRS,388,recovery_phase,final,283388,valid,,20139,0.160000000000764
HRS,388,wealth_by_sex,final,283388,valid,,20139,9.09000000000015
HRS,388,wealth_within_low_education,final,283388,valid,,20139,3.63999999999942
HRS,389,recovery_phase,final,283389,valid,,20183,0.149999999999636
HRS,389,wealth_by_sex,final,283389,valid,,20183,9.39000000000033
HRS,389,wealth_within_low_education,final,283389,valid,,20183,3.77999999999975
HRS,390,recovery_phase,final,283390,valid,,20230,0.159999999999854
HRS,390,wealth_by_sex,final,283390,valid,,20230,9.83000000000084
HRS,390,wealth_within_low_education,final,283390,valid,,20230,3.89000000000033
HRS,391,recovery_phase,final,283391,valid,,20160,0.140000000000327
HRS,391,wealth_by_sex,final,283391,valid,,20160,10.1300000000001
HRS,391,wealth_within_low_education,final,283391,valid,,20160,3.84000000000015
HRS,392,recovery_phase,final,283392,valid,,20171,0.159999999999854
HRS,392,wealth_by_sex,final,283392,valid,,20171,9.84000000000015
HRS,392,wealth_within_low_education,final,283392,valid,,20171,3.76000000000022
HRS,393,recovery_phase,final,283393,valid,,20165,0.159999999999854
HRS,393,wealth_by_sex,final,283393,valid,,20165,10.0199999999995
HRS,393,wealth_within_low_education,final,283393,valid,,20165,3.65000000000055
HRS,394,recovery_phase,final,283394,valid,,20148,0.140000000000327
HRS,394,wealth_by_sex,final,283394,valid,,20148,9.24000000000069
HRS,394,wealth_within_low_education,final,283394,valid,,20148,3.6899999999996
HRS,395,recovery_phase,final,283395,valid,,20169,0.140000000000327
HRS,395,wealth_by_sex,final,283395,valid,,20169,9.82999999999993
HRS,395,wealth_within_low_education,final,283395,valid,,20169,3.80999999999949
HRS,396,recovery_phase,final,283396,valid,,20201,0.190000000000509
HRS,396,wealth_by_sex,final,283396,valid,,20201,9.36000000000058
HRS,396,wealth_within_low_education,final,283396,valid,,20201,3.85999999999967
HRS,397,recovery_phase,final,283397,valid,,20212,0.159999999999854
HRS,397,wealth_by_sex,final,283397,valid,,20212,9.31999999999971
HRS,397,wealth_within_low_education,final,283397,valid,,20212,3.71000000000004
HRS,398,recovery_phase,final,283398,valid,,20297,0.140000000000327
HRS,398,wealth_by_sex,final,283398,valid,,20297,9.22000000000025
HRS,398,wealth_within_low_education,final,283398,valid,,20297,3.64000000000033
HRS,399,recovery_phase,final,283399,valid,,20158,0.140000000000327
HRS,399,wealth_by_sex,final,283399,valid,,20158,8.94999999999982
HRS,399,wealth_within_low_education,final,283399,valid,,20158,3.55999999999949
HRS,400,recovery_phase,final,283400,valid,,20198,0.139999999999418
HRS,400,wealth_by_sex,final,283400,valid,,20198,9.05000000000018
HRS,400,wealth_within_low_education,final,283400,valid,,20198,3.83000000000084
HRS,401,recovery_phase,final,283401,valid,,20178,0.140000000000327
HRS,401,wealth_by_sex,final,283401,valid,,20178,9.01000000000022
HRS,401,wealth_within_low_education,final,283401,valid,,20178,3.61999999999989
HRS,402,recovery_phase,final,283402,valid,,20235,0.160000000000764
HRS,402,wealth_by_sex,final,283402,valid,,20235,9
HRS,402,wealth_within_low_education,final,283402,valid,,20235,3.64000000000033
HRS,403,recovery_phase,final,283403,valid,,20194,0.149999999999636
HRS,403,wealth_by_sex,final,283403,valid,,20194,8.76000000000022
HRS,403,wealth_within_low_education,final,283403,valid,,20194,3.63000000000011
HRS,404,recovery_phase,final,283404,valid,,20232,0.139999999999418
HRS,404,wealth_by_sex,final,283404,valid,,20232,9.01000000000022
HRS,404,wealth_within_low_education,final,283404,valid,,20232,3.57999999999993
HRS,405,recovery_phase,final,283405,valid,,20190,0.140000000000327
HRS,405,wealth_by_sex,final,283405,valid,,20190,8.72000000000026
HRS,405,wealth_within_low_education,final,283405,valid,,20190,3.71000000000004
HRS,406,recovery_phase,final,283406,valid,,20144,0.149999999999636
HRS,406,wealth_by_sex,final,283406,valid,,20144,8.97999999999956
HRS,406,wealth_within_low_education,final,283406,valid,,20144,3.69000000000051
HRS,407,recovery_phase,final,283407,valid,,20217,0.140000000000327
HRS,407,wealth_by_sex,final,283407,valid,,20217,9.09000000000015
HRS,407,wealth_within_low_education,final,283407,valid,,20217,4.05000000000018
HRS,408,recovery_phase,final,283408,valid,,20219,0.139999999999418
HRS,408,wealth_by_sex,final,283408,valid,,20219,9.02999999999975
HRS,408,wealth_within_low_education,final,283408,valid,,20219,3.65999999999985
HRS,409,recovery_phase,final,283409,valid,,20202,0.149999999999636
HRS,409,wealth_by_sex,final,283409,valid,,20202,9.27999999999975
HRS,409,wealth_within_low_education,final,283409,valid,,20202,3.66999999999916
HRS,410,recovery_phase,final,283410,valid,,20211,0.159999999999854
HRS,410,wealth_by_sex,final,283410,valid,,20211,8.79999999999927
HRS,410,wealth_within_low_education,final,283410,valid,,20211,3.53999999999996
HRS,411,recovery_phase,final,283411,valid,,20213,0.149999999999636
HRS,411,wealth_by_sex,final,283411,valid,,20213,8.83000000000084
HRS,411,wealth_within_low_education,final,283411,valid,,20213,3.57999999999993
HRS,412,recovery_phase,final,283412,valid,,20136,0.150000000000546
HRS,412,wealth_by_sex,final,283412,valid,,20136,8.84000000000015
HRS,412,wealth_within_low_education,final,283412,valid,,20136,3.57999999999993
HRS,413,recovery_phase,final,283413,valid,,20220,0.139999999999418
HRS,413,wealth_by_sex,final,283413,valid,,20220,8.83999999999924
HRS,413,wealth_within_low_education,final,283413,valid,,20220,3.61999999999989
HRS,414,recovery_phase,final,283414,valid,,20262,0.140000000000327
HRS,414,wealth_by_sex,final,283414,valid,,20262,8.84999999999945
HRS,414,wealth_within_low_education,final,283414,valid,,20262,3.60999999999967
HRS,415,recovery_phase,final,283415,valid,,20161,0.1200000000008
HRS,415,wealth_by_sex,final,283415,valid,,20161,9.05999999999949
HRS,415,wealth_within_low_education,final,283415,valid,,20161,3.6899999999996
HRS,416,recovery_phase,final,283416,valid,,20236,0.159999999999854
HRS,416,wealth_by_sex,final,283416,valid,,20236,9.22999999999956
HRS,416,wealth_within_low_education,final,283416,valid,,20236,3.5600000000004
HRS,417,recovery_phase,final,283417,valid,,20170,0.119999999999891
HRS,417,wealth_by_sex,final,283417,valid,,20170,9.09999999999945
HRS,417,wealth_within_low_education,final,283417,valid,,20170,3.5
HRS,418,recovery_phase,final,283418,valid,,20121,0.159999999999854
HRS,418,wealth_by_sex,final,283418,valid,,20121,9.15999999999985
HRS,418,wealth_within_low_education,final,283418,valid,,20121,3.61999999999989
HRS,419,recovery_phase,final,283419,valid,,20141,0.130000000000109
HRS,419,wealth_by_sex,final,283419,valid,,20141,9.1899999999996
HRS,419,wealth_within_low_education,final,283419,valid,,20141,3.64999999999964
HRS,420,recovery_phase,final,283420,valid,,20213,0.139999999999418
HRS,420,wealth_by_sex,final,283420,valid,,20213,8.67000000000007
HRS,420,wealth_within_low_education,final,283420,valid,,20213,3.45000000000073
HRS,421,recovery_phase,final,283421,valid,,20245,0.140000000000327
HRS,421,wealth_by_sex,final,283421,valid,,20245,8.83999999999924
HRS,421,wealth_within_low_education,final,283421,valid,,20245,3.63999999999942
HRS,422,recovery_phase,final,283422,valid,,20217,0.169999999999163
HRS,422,wealth_by_sex,final,283422,valid,,20217,9.18000000000029
HRS,422,wealth_within_low_education,final,283422,valid,,20217,3.6899999999996
HRS,423,recovery_phase,final,283423,valid,,20349,0.140000000000327
HRS,423,wealth_by_sex,final,283423,valid,,20349,8.9399999999996
HRS,423,wealth_within_low_education,final,283423,valid,,20349,3.76000000000022
HRS,424,recovery_phase,final,283424,valid,,20233,0.159999999999854
HRS,424,wealth_by_sex,final,283424,valid,,20233,9
HRS,424,wealth_within_low_education,final,283424,valid,,20233,3.53000000000066
HRS,425,recovery_phase,final,283425,valid,,20310,0.130000000000109
HRS,425,wealth_by_sex,final,283425,valid,,20310,8.89000000000033
HRS,425,wealth_within_low_education,final,283425,valid,,20310,3.55999999999949
HRS,426,recovery_phase,final,283426,valid,,20247,0.140000000000327
HRS,426,wealth_by_sex,final,283426,valid,,20247,8.88000000000011
HRS,426,wealth_within_low_education,final,283426,valid,,20247,3.77999999999975
HRS,427,recovery_phase,final,283427,valid,,20278,0.139999999999418
HRS,427,wealth_by_sex,final,283427,valid,,20278,8.92000000000007
HRS,427,wealth_within_low_education,final,283427,valid,,20278,3.45000000000073
HRS,428,recovery_phase,final,283428,valid,,20110,0.150000000000546
HRS,428,wealth_by_sex,final,283428,valid,,20110,8.6899999999996
HRS,428,wealth_within_low_education,final,283428,valid,,20110,3.42000000000007
HRS,429,recovery_phase,final,283429,valid,,20271,0.139999999999418
HRS,429,wealth_by_sex,final,283429,valid,,20271,9.02000000000044
HRS,429,wealth_within_low_education,final,283429,valid,,20271,3.35000000000036
HRS,430,recovery_phase,final,283430,valid,,20151,0.140000000000327
HRS,430,wealth_by_sex,final,283430,valid,,20151,8.73999999999978
HRS,430,wealth_within_low_education,final,283430,valid,,20151,3.5
HRS,431,recovery_phase,final,283431,valid,,20241,0.139999999999418
HRS,431,wealth_by_sex,final,283431,valid,,20241,8.78000000000066
HRS,431,wealth_within_low_education,final,283431,valid,,20241,3.36999999999989
HRS,432,recovery_phase,final,283432,valid,,20262,0.140000000000327
HRS,432,wealth_by_sex,final,283432,valid,,20262,8.69000000000051
HRS,432,wealth_within_low_education,final,283432,valid,,20262,3.6899999999996
HRS,433,recovery_phase,final,283433,valid,,20241,0.140000000000327
HRS,433,wealth_by_sex,final,283433,valid,,20241,8.88000000000011
HRS,433,wealth_within_low_education,final,283433,valid,,20241,3.36999999999989
HRS,434,recovery_phase,final,283434,valid,,20185,0.139999999999418
HRS,434,wealth_by_sex,final,283434,valid,,20185,8.97999999999956
HRS,434,wealth_within_low_education,final,283434,valid,,20185,3.45000000000073
HRS,435,recovery_phase,final,283435,valid,,20217,0.140000000000327
HRS,435,wealth_by_sex,final,283435,valid,,20217,8.94999999999982
HRS,435,wealth_within_low_education,final,283435,valid,,20217,3.5
HRS,436,recovery_phase,final,283436,valid,,20180,0.140000000000327
HRS,436,wealth_by_sex,final,283436,valid,,20180,8.89000000000033
HRS,436,wealth_within_low_education,final,283436,valid,,20180,3.44000000000051
HRS,437,recovery_phase,final,283437,valid,,20211,0.149999999999636
HRS,437,wealth_by_sex,final,283437,valid,,20211,8.89999999999964
HRS,437,wealth_within_low_education,final,283437,valid,,20211,3.48999999999978
HRS,438,recovery_phase,final,283438,valid,,20152,0.140000000000327
HRS,438,wealth_by_sex,final,283438,valid,,20152,8.65999999999985
HRS,438,wealth_within_low_education,final,283438,valid,,20152,3.42000000000007
HRS,439,recovery_phase,final,283439,valid,,20214,0.140000000000327
HRS,439,wealth_by_sex,final,283439,valid,,20214,8.60000000000036
HRS,439,wealth_within_low_education,final,283439,valid,,20214,3.48999999999978
HRS,440,recovery_phase,final,283440,valid,,20173,0.139999999999418
HRS,440,wealth_by_sex,final,283440,valid,,20173,8.60999999999967
HRS,440,wealth_within_low_education,final,283440,valid,,20173,3.47999999999956
HRS,441,recovery_phase,final,283441,valid,,20259,0.140000000000327
HRS,441,wealth_by_sex,final,283441,valid,,20259,9.06999999999971
HRS,441,wealth_within_low_education,final,283441,valid,,20259,3.52000000000044
HRS,442,recovery_phase,final,283442,valid,,20210,0.139999999999418
HRS,442,wealth_by_sex,final,283442,valid,,20210,8.77000000000044
HRS,442,wealth_within_low_education,final,283442,valid,,20210,3.59000000000015
HRS,443,recovery_phase,final,283443,valid,,20194,0.139999999999418
HRS,443,wealth_by_sex,final,283443,valid,,20194,8.80000000000018
HRS,443,wealth_within_low_education,final,283443,valid,,20194,3.36999999999989
HRS,444,recovery_phase,final,283444,valid,,20245,0.160000000000764
HRS,444,wealth_by_sex,final,283444,valid,,20245,8.32999999999993
HRS,444,wealth_within_low_education,final,283444,valid,,20245,3.32999999999993
HRS,445,recovery_phase,final,283445,valid,,20203,0.140000000000327
HRS,445,wealth_by_sex,final,283445,valid,,20203,8.67000000000007
HRS,445,wealth_within_low_education,final,283445,valid,,20203,3.53999999999996
HRS,446,recovery_phase,final,283446,valid,,20231,0.149999999999636
HRS,446,wealth_by_sex,final,283446,valid,,20231,8.44000000000051
HRS,446,wealth_within_low_education,final,283446,valid,,20231,3.52000000000044
HRS,447,recovery_phase,final,283447,valid,,20215,0.140000000000327
HRS,447,wealth_by_sex,final,283447,valid,,20215,8.61999999999989
HRS,447,wealth_within_low_education,final,283447,valid,,20215,3.39000000000033
HRS,448,recovery_phase,final,283448,valid,,20208,0.140000000000327
HRS,448,wealth_by_sex,final,283448,valid,,20208,8.63999999999942
HRS,448,wealth_within_low_education,final,283448,valid,,20208,3.44000000000051
HRS,449,recovery_phase,final,283449,valid,,20219,0.140000000000327
HRS,449,wealth_by_sex,final,283449,valid,,20219,8.68000000000029
HRS,449,wealth_within_low_education,final,283449,valid,,20219,3.33999999999924
HRS,450,recovery_phase,final,283450,valid,,20245,0.140000000000327
HRS,450,wealth_by_sex,final,283450,valid,,20245,8.72999999999956
HRS,450,wealth_within_low_education,final,283450,valid,,20245,3.67000000000007
HRS,451,recovery_phase,final,283451,valid,,20095,0.119999999999891
HRS,451,wealth_by_sex,final,283451,valid,,20095,8.75
HRS,451,wealth_within_low_education,final,283451,valid,,20095,3.35999999999967
HRS,452,recovery_phase,final,283452,valid,,20115,0.139999999999418
HRS,452,wealth_by_sex,final,283452,valid,,20115,8.32999999999993
HRS,452,wealth_within_low_education,final,283452,valid,,20115,3.47000000000025
HRS,453,recovery_phase,final,283453,valid,,20195,0.119999999999891
HRS,453,wealth_by_sex,final,283453,valid,,20195,8.40999999999985
HRS,453,wealth_within_low_education,final,283453,valid,,20195,3.31999999999971
HRS,454,recovery_phase,final,283454,valid,,20253,0.1200000000008
HRS,454,wealth_by_sex,final,283454,valid,,20253,8.75
HRS,454,wealth_within_low_education,final,283454,valid,,20253,3.5
HRS,455,recovery_phase,final,283455,valid,,20206,0.159999999999854
HRS,455,wealth_by_sex,final,283455,valid,,20206,9.05999999999949
HRS,455,wealth_within_low_education,final,283455,valid,,20206,3.5600000000004
HRS,456,recovery_phase,final,283456,valid,,20209,0.119999999999891
HRS,456,wealth_by_sex,final,283456,valid,,20209,8.89000000000033
HRS,456,wealth_within_low_education,final,283456,valid,,20209,3.5
HRS,457,recovery_phase,final,283457,valid,,20300,0.139999999999418
HRS,457,wealth_by_sex,final,283457,valid,,20300,8.56999999999971
HRS,457,wealth_within_low_education,final,283457,valid,,20300,3.33000000000084
HRS,458,recovery_phase,final,283458,valid,,20164,0.140000000000327
HRS,458,wealth_by_sex,final,283458,valid,,20164,8.36999999999989
HRS,458,wealth_within_low_education,final,283458,valid,,20164,3.3100000000004
HRS,459,recovery_phase,final,283459,valid,,20174,0.149999999999636
HRS,459,wealth_by_sex,final,283459,valid,,20174,8.39000000000033
HRS,459,wealth_within_low_education,final,283459,valid,,20174,3.38000000000011
HRS,460,recovery_phase,final,283460,valid,,20216,0.139999999999418
HRS,460,wealth_by_sex,final,283460,valid,,20216,8.75
HRS,460,wealth_within_low_education,final,283460,valid,,20216,3.53000000000066
HRS,461,recovery_phase,final,283461,valid,,20238,0.149999999999636
HRS,461,wealth_by_sex,final,283461,valid,,20238,8.28999999999996
HRS,461,wealth_within_low_education,final,283461,valid,,20238,3.67000000000007
HRS,462,recovery_phase,final,283462,valid,,20196,0.140000000000327
HRS,462,wealth_by_sex,final,283462,valid,,20196,8.84000000000015
HRS,462,wealth_within_low_education,final,283462,valid,,20196,3.30000000000018
HRS,463,recovery_phase,final,283463,valid,,20182,0.149999999999636
HRS,463,wealth_by_sex,final,283463,valid,,20182,10.75
HRS,463,wealth_within_low_education,final,283463,valid,,20182,4.14000000000033
HRS,464,recovery_phase,final,283464,valid,,20183,0.1200000000008
HRS,464,wealth_by_sex,final,283464,valid,,20183,9
HRS,464,wealth_within_low_education,final,283464,valid,,20183,4.77999999999975
HRS,465,recovery_phase,final,283465,valid,,20185,0.139999999999418
HRS,465,wealth_by_sex,final,283465,valid,,20185,9.85999999999967
HRS,465,wealth_within_low_education,final,283465,valid,,20185,3.44000000000051
HRS,466,recovery_phase,final,283466,valid,,20225,0.139999999999418
HRS,466,wealth_by_sex,final,283466,valid,,20225,8.3100000000004
HRS,466,wealth_within_low_education,final,283466,valid,,20225,3.47999999999956
HRS,467,recovery_phase,final,283467,valid,,20179,0.140000000000327
HRS,467,wealth_by_sex,final,283467,valid,,20179,9.25
HRS,467,wealth_within_low_education,final,283467,valid,,20179,3.72000000000025
HRS,468,recovery_phase,final,283468,valid,,20159,0.149999999999636
HRS,468,wealth_by_sex,final,283468,valid,,20159,8.96000000000004
HRS,468,wealth_within_low_education,final,283468,valid,,20159,3.34999999999945
HRS,469,recovery_phase,final,283469,valid,,20208,0.149999999999636
HRS,469,wealth_by_sex,final,283469,valid,,20208,8.19999999999982
HRS,469,wealth_within_low_education,final,283469,valid,,20208,3.20000000000073
HRS,470,recovery_phase,final,283470,valid,,20263,0.159999999999854
HRS,470,wealth_by_sex,final,283470,valid,,20263,8.19999999999982
HRS,470,wealth_within_low_education,final,283470,valid,,20263,3.25
HRS,471,recovery_phase,final,283471,valid,,20302,0.139999999999418
HRS,471,wealth_by_sex,final,283471,valid,,20302,8.8100000000004
HRS,471,wealth_within_low_education,final,283471,valid,,20302,3.5600000000004
HRS,472,recovery_phase,final,283472,valid,,20252,0.139999999999418
HRS,472,wealth_by_sex,final,283472,valid,,20252,8.69999999999982
HRS,472,wealth_within_low_education,final,283472,valid,,20252,3.32999999999993
HRS,473,recovery_phase,final,283473,valid,,20208,0.140000000000327
HRS,473,wealth_by_sex,final,283473,valid,,20208,8.5600000000004
HRS,473,wealth_within_low_education,final,283473,valid,,20208,3.57999999999993
HRS,474,recovery_phase,final,283474,valid,,20234,0.130000000000109
HRS,474,wealth_by_sex,final,283474,valid,,20234,8.77000000000044
HRS,474,wealth_within_low_education,final,283474,valid,,20234,3.32999999999993
HRS,475,recovery_phase,final,283475,valid,,20150,0.140000000000327
HRS,475,wealth_by_sex,final,283475,valid,,20150,9.09000000000015
HRS,475,wealth_within_low_education,final,283475,valid,,20150,4.25
HRS,476,recovery_phase,final,283476,valid,,20251,0.1899999999996
HRS,476,wealth_by_sex,final,283476,valid,,20251,9.52999999999975
HRS,476,wealth_within_low_education,final,283476,valid,,20251,5.89000000000033
HRS,477,recovery_phase,final,283477,valid,,20197,0.179999999999382
HRS,477,wealth_by_sex,final,283477,valid,,20197,10.5500000000002
HRS,477,wealth_within_low_education,final,283477,valid,,20197,4.07999999999993
HRS,478,recovery_phase,final,283478,valid,,20214,0.130000000000109
HRS,478,wealth_by_sex,final,283478,valid,,20214,9.73000000000047
HRS,478,wealth_within_low_education,final,283478,valid,,20214,4.39999999999964
HRS,479,recovery_phase,final,283479,valid,,20143,0.160000000000764
HRS,479,wealth_by_sex,final,283479,valid,,20143,8.8100000000004
HRS,479,wealth_within_low_education,final,283479,valid,,20143,3.75999999999931
HRS,480,recovery_phase,final,283480,valid,,20202,0.150000000000546
HRS,480,wealth_by_sex,final,283480,valid,,20202,10.4099999999999
HRS,480,wealth_within_low_education,final,283480,valid,,20202,3.84999999999945
HRS,481,recovery_phase,final,283481,valid,,20225,0.170000000000073
HRS,481,wealth_by_sex,final,283481,valid,,20225,9.44999999999982
HRS,481,wealth_within_low_education,final,283481,valid,,20225,4.02999999999975
HRS,482,recovery_phase,final,283482,valid,,20166,0.130000000000109
HRS,482,wealth_by_sex,final,283482,valid,,20166,9.42000000000007
HRS,482,wealth_within_low_education,final,283482,valid,,20166,4
HRS,483,recovery_phase,final,283483,valid,,20108,0.139999999999418
HRS,483,wealth_by_sex,final,283483,valid,,20108,8.51000000000022
HRS,483,wealth_within_low_education,final,283483,valid,,20108,3.29999999999927
HRS,484,recovery_phase,final,283484,valid,,20101,0.119999999999891
HRS,484,wealth_by_sex,final,283484,valid,,20101,8.13000000000011
HRS,484,wealth_within_low_education,final,283484,valid,,20101,3.40999999999985
HRS,485,recovery_phase,final,283485,valid,,20211,0.170000000000073
HRS,485,wealth_by_sex,final,283485,valid,,20211,7.59999999999945
HRS,485,wealth_within_low_education,final,283485,valid,,20211,3.57999999999993
HRS,486,recovery_phase,final,283486,valid,,20232,0.159999999999854
HRS,486,wealth_by_sex,final,283486,valid,,20232,10.1099999999997
HRS,486,wealth_within_low_education,final,283486,valid,,20232,3.91000000000076
HRS,487,recovery_phase,final,283487,valid,,20120,0.109999999999673
HRS,487,wealth_by_sex,final,283487,valid,,20120,9.17000000000007
HRS,487,wealth_within_low_education,final,283487,valid,,20120,3.11999999999989
HRS,488,recovery_phase,final,283488,valid,,20152,0.119999999999891
HRS,488,wealth_by_sex,final,283488,valid,,20152,7.9399999999996
HRS,488,wealth_within_low_education,final,283488,valid,,20152,2.98999999999978
HRS,489,recovery_phase,final,283489,valid,,20245,0.140000000000327
HRS,489,wealth_by_sex,final,283489,valid,,20245,7.48999999999978
HRS,489,wealth_within_low_education,final,283489,valid,,20245,3.16000000000076
HRS,490,recovery_phase,final,283490,valid,,20156,0.140000000000327
HRS,490,wealth_by_sex,final,283490,valid,,20156,7.48999999999978
HRS,490,wealth_within_low_education,final,283490,valid,,20156,3.13999999999942
HRS,491,recovery_phase,final,283491,valid,,20151,0.1200000000008
HRS,491,wealth_by_sex,final,283491,valid,,20151,7.47999999999956
HRS,491,wealth_within_low_education,final,283491,valid,,20151,2.9399999999996
HRS,492,recovery_phase,final,283492,valid,,20223,0.130000000000109
HRS,492,wealth_by_sex,final,283492,valid,,20223,7.46999999999935
HRS,492,wealth_within_low_education,final,283492,valid,,20223,3.21000000000004
HRS,493,recovery_phase,final,283493,valid,,20208,0.130000000000109
HRS,493,wealth_by_sex,final,283493,valid,,20208,7.43000000000029
HRS,493,wealth_within_low_education,final,283493,valid,,20208,2.94999999999982
HRS,494,recovery_phase,final,283494,valid,,20208,0.139999999999418
HRS,494,wealth_by_sex,final,283494,valid,,20208,7.32000000000062
HRS,494,wealth_within_low_education,final,283494,valid,,20208,2.85999999999967
HRS,495,recovery_phase,final,283495,valid,,20172,0.110000000000582
HRS,495,wealth_by_sex,final,283495,valid,,20172,7.41000000000076
HRS,495,wealth_within_low_education,final,283495,valid,,20172,3.02999999999975
HRS,496,recovery_phase,final,283496,valid,,20227,0.130000000000109
HRS,496,wealth_by_sex,final,283496,valid,,20227,7.41999999999916
HRS,496,wealth_within_low_education,final,283496,valid,,20227,3.05000000000018
HRS,497,recovery_phase,final,283497,valid,,20208,0.119999999999891
HRS,497,wealth_by_sex,final,283497,valid,,20208,7.44000000000051
HRS,497,wealth_within_low_education,final,283497,valid,,20208,3.02999999999975
HRS,498,recovery_phase,final,283498,valid,,20178,0.130000000000109
HRS,498,wealth_by_sex,final,283498,valid,,20178,7.5
HRS,498,wealth_within_low_education,final,283498,valid,,20178,3.10000000000036
HRS,499,recovery_phase,final,283499,valid,,20196,0.130000000000109
HRS,499,wealth_by_sex,final,283499,valid,,20196,7.27999999999975
HRS,499,wealth_within_low_education,final,283499,valid,,20196,3.03000000000066
HRS,500,recovery_phase,final,283500,valid,,20125,0.119999999999891
HRS,500,wealth_by_sex,final,283500,valid,,20125,7.48999999999978
HRS,500,wealth_within_low_education,final,283500,valid,,20125,2.95000000000073
MHAS,1,recovery_phase,final,483001,valid,,9602,0.0899999999999999
MHAS,1,wealth_by_sex,final,483001,valid,,9602,6.76
MHAS,1,wealth_within_low_education,final,483001,valid,,9602,3.25
MHAS,2,recovery_phase,final,483002,valid,,9595,0.0400000000000027
MHAS,2,wealth_by_sex,final,483002,valid,,9595,6.44
MHAS,2,wealth_within_low_education,final,483002,valid,,9595,3.31
MHAS,3,recovery_phase,final,483003,valid,,9628,0.0399999999999991
MHAS,3,wealth_by_sex,final,483003,valid,,9628,6.35
MHAS,3,wealth_within_low_education,final,483003,valid,,9628,3.17
MHAS,4,recovery_phase,final,483004,valid,,9584,0.0499999999999972
MHAS,4,wealth_by_sex,final,483004,valid,,9584,6.38999999999999
MHAS,4,wealth_within_low_education,final,483004,valid,,9584,3.25
MHAS,5,recovery_phase,final,483005,valid,,9624,0.0499999999999972
MHAS,5,wealth_by_sex,final,483005,valid,,9624,6.4
MHAS,5,wealth_within_low_education,final,483005,valid,,9624,3.12
MHAS,6,recovery_phase,final,483006,valid,,9612,0.110000000000003
MHAS,6,wealth_by_sex,final,483006,valid,,9612,8.59
MHAS,6,wealth_within_low_education,final,483006,valid,,9612,3.77
MHAS,7,recovery_phase,final,483007,valid,,9619,0.0700000000000003
MHAS,7,wealth_by_sex,final,483007,valid,,9619,8.03
MHAS,7,wealth_within_low_education,final,483007,valid,,9619,3.83
MHAS,8,recovery_phase,final,483008,valid,,9597,0.0700000000000003
MHAS,8,wealth_by_sex,final,483008,valid,,9597,7.61
MHAS,8,wealth_within_low_education,final,483008,valid,,9597,3.83
MHAS,9,recovery_phase,final,483009,valid,,9576,0.0399999999999991
MHAS,9,wealth_by_sex,final,483009,valid,,9576,7.61
MHAS,9,wealth_within_low_education,final,483009,valid,,9576,3.8
MHAS,10,recovery_phase,final,483010,valid,,9529,0.0499999999999972
MHAS,10,wealth_by_sex,final,483010,valid,,9529,8.47
MHAS,10,wealth_within_low_education,final,483010,valid,,9529,3.69
MHAS,11,recovery_phase,final,483011,valid,,9552,0.0699999999999932
MHAS,11,wealth_by_sex,final,483011,valid,,9552,7.99000000000001
MHAS,11,wealth_within_low_education,final,483011,valid,,9552,3.7
MHAS,12,recovery_phase,final,483012,valid,,9565,0.0499999999999972
MHAS,12,wealth_by_sex,final,483012,valid,,9565,8.22000000000001
MHAS,12,wealth_within_low_education,final,483012,valid,,9565,3.8
MHAS,13,recovery_phase,final,483013,valid,,9600,0.0499999999999972
MHAS,13,wealth_by_sex,final,483013,valid,,9600,6.83
MHAS,13,wealth_within_low_education,final,483013,valid,,9600,3.14
MHAS,14,recovery_phase,final,483014,valid,,9522,0.0499999999999972
MHAS,14,wealth_by_sex,final,483014,valid,,9522,7
MHAS,14,wealth_within_low_education,final,483014,valid,,9522,3.63
MHAS,15,recovery_phase,final,483015,valid,,9607,0.0499999999999972
MHAS,15,wealth_by_sex,final,483015,valid,,9607,7.11
MHAS,15,wealth_within_low_education,final,483015,valid,,9607,3.5
MHAS,16,recovery_phase,final,483016,valid,,9600,0.0300000000000011
MHAS,16,wealth_by_sex,final,483016,valid,,9600,7.37000000000001
MHAS,16,wealth_within_low_education,final,483016,valid,,9600,3.67999999999998
MHAS,17,recovery_phase,final,483017,valid,,9623,0.0300000000000011
MHAS,17,wealth_by_sex,final,483017,valid,,9623,6.47
MHAS,17,wealth_within_low_education,final,483017,valid,,9623,2.76999999999998
MHAS,18,recovery_phase,final,483018,valid,,9643,0.039999999999992
MHAS,18,wealth_by_sex,final,483018,valid,,9643,7.28
MHAS,18,wealth_within_low_education,final,483018,valid,,9643,3.88
MHAS,19,recovery_phase,final,483019,valid,,9656,0.039999999999992
MHAS,19,wealth_by_sex,final,483019,valid,,9656,7.58000000000001
MHAS,19,wealth_within_low_education,final,483019,valid,,9656,3.82000000000002
MHAS,20,recovery_phase,final,483020,valid,,9627,0.0600000000000023
MHAS,20,wealth_by_sex,final,483020,valid,,9627,6.47
MHAS,20,wealth_within_low_education,final,483020,valid,,9627,5.15000000000001
MHAS,21,recovery_phase,final,483021,valid,,9557,0.0599999999999739
MHAS,21,wealth_by_sex,final,483021,valid,,9557,8.03
MHAS,21,wealth_within_low_education,final,483021,valid,,9557,3.88999999999999
MHAS,22,recovery_phase,final,483022,valid,,9625,0.039999999999992
MHAS,22,wealth_by_sex,final,483022,valid,,9625,8.10999999999999
MHAS,22,wealth_within_low_education,final,483022,valid,,9625,3.70000000000002
MHAS,23,recovery_phase,final,483023,valid,,9552,0.0500000000000114
MHAS,23,wealth_by_sex,final,483023,valid,,9552,7.75
MHAS,23,wealth_within_low_education,final,483023,valid,,9552,3.85999999999999
MHAS,24,recovery_phase,final,483024,valid,,9574,0.0600000000000023
MHAS,24,wealth_by_sex,final,483024,valid,,9574,7.11000000000001
MHAS,24,wealth_within_low_education,final,483024,valid,,9574,3.66999999999999
MHAS,25,recovery_phase,final,483025,valid,,9556,0.0599999999999739
MHAS,25,wealth_by_sex,final,483025,valid,,9556,7
MHAS,25,wealth_within_low_education,final,483025,valid,,9556,3.41999999999999
MHAS,26,recovery_phase,final,483026,valid,,9588,0.049999999999983
MHAS,26,wealth_by_sex,final,483026,valid,,9588,7.23000000000002
MHAS,26,wealth_within_low_education,final,483026,valid,,9588,3.32999999999998
MHAS,27,recovery_phase,final,483027,valid,,9607,0.0300000000000296
MHAS,27,wealth_by_sex,final,483027,valid,,9607,6.97
MHAS,27,wealth_within_low_education,final,483027,valid,,9607,3.50999999999999
MHAS,28,recovery_phase,final,483028,valid,,9562,0.0400000000000205
MHAS,28,wealth_by_sex,final,483028,valid,,9562,7.82999999999998
MHAS,28,wealth_within_low_education,final,483028,valid,,9562,4.08999999999998
MHAS,29,recovery_phase,final,483029,valid,,9586,0.0500000000000114
MHAS,29,wealth_by_sex,final,483029,valid,,9586,8.49000000000001
MHAS,29,wealth_within_low_education,final,483029,valid,,9586,3.68000000000001
MHAS,30,recovery_phase,final,483030,valid,,9559,0.0500000000000114
MHAS,30,wealth_by_sex,final,483030,valid,,9559,7.16000000000003
MHAS,30,wealth_within_low_education,final,483030,valid,,9559,3.57999999999998
MHAS,31,recovery_phase,final,483031,valid,,9587,0.0500000000000114
MHAS,31,wealth_by_sex,final,483031,valid,,9587,7.01999999999998
MHAS,31,wealth_within_low_education,final,483031,valid,,9587,3.38999999999999
MHAS,32,recovery_phase,final,483032,valid,,9581,0.0400000000000205
MHAS,32,wealth_by_sex,final,483032,valid,,9581,7.29000000000002
MHAS,32,wealth_within_low_education,final,483032,valid,,9581,3.5
MHAS,33,recovery_phase,final,483033,valid,,9607,0.0600000000000023
MHAS,33,wealth_by_sex,final,483033,valid,,9607,9.06999999999999
MHAS,33,wealth_within_low_education,final,483033,valid,,9607,4.12
MHAS,34,recovery_phase,final,483034,valid,,9589,0.0500000000000114
MHAS,34,wealth_by_sex,final,483034,valid,,9589,8.13
MHAS,34,wealth_within_low_education,final,483034,valid,,9589,3.54999999999995
MHAS,35,recovery_phase,final,483035,valid,,9591,0.0600000000000023
MHAS,35,wealth_by_sex,final,483035,valid,,9591,7.27999999999997
MHAS,35,wealth_within_low_education,final,483035,valid,,9591,3.75999999999999
MHAS,36,recovery_phase,final,483036,valid,,9605,0.0600000000000023
MHAS,36,wealth_by_sex,final,483036,valid,,9605,8.77000000000004
MHAS,36,wealth_within_low_education,final,483036,valid,,9605,3.85999999999996
MHAS,37,recovery_phase,final,483037,valid,,9582,0.0500000000000114
MHAS,37,wealth_by_sex,final,483037,valid,,9582,8.60000000000002
MHAS,37,wealth_within_low_education,final,483037,valid,,9582,3.94999999999999
MHAS,38,recovery_phase,final,483038,valid,,9531,0.0500000000000114
MHAS,38,wealth_by_sex,final,483038,valid,,9531,8.78000000000003
MHAS,38,wealth_within_low_education,final,483038,valid,,9531,3.85999999999996
MHAS,39,recovery_phase,final,483039,valid,,9594,0.0600000000000023
MHAS,39,wealth_by_sex,final,483039,valid,,9594,7.90999999999997
MHAS,39,wealth_within_low_education,final,483039,valid,,9594,4.35000000000002
MHAS,40,recovery_phase,final,483040,valid,,9570,0.0500000000000114
MHAS,40,wealth_by_sex,final,483040,valid,,9570,8.76999999999998
MHAS,40,wealth_within_low_education,final,483040,valid,,9570,5.35000000000002
MHAS,41,recovery_phase,final,483041,valid,,9579,0.0499999999999545
MHAS,41,wealth_by_sex,final,483041,valid,,9579,14.3
MHAS,41,wealth_within_low_education,final,483041,valid,,9579,4.17000000000002
MHAS,42,recovery_phase,final,483042,valid,,9564,0.0400000000000205
MHAS,42,wealth_by_sex,final,483042,valid,,9564,7.38
MHAS,42,wealth_within_low_education,final,483042,valid,,9564,3
MHAS,43,recovery_phase,final,483043,valid,,9553,0.0299999999999727
MHAS,43,wealth_by_sex,final,483043,valid,,9553,6.67000000000002
MHAS,43,wealth_within_low_education,final,483043,valid,,9553,3.25
MHAS,44,recovery_phase,final,483044,valid,,9612,0.0500000000000114
MHAS,44,wealth_by_sex,final,483044,valid,,9612,7.18000000000001
MHAS,44,wealth_within_low_education,final,483044,valid,,9612,3.09999999999997
MHAS,45,recovery_phase,final,483045,valid,,9530,0.0300000000000296
MHAS,45,wealth_by_sex,final,483045,valid,,9530,6.14000000000004
MHAS,45,wealth_within_low_education,final,483045,valid,,9530,3.11000000000001
MHAS,46,recovery_phase,final,483046,valid,,9597,0.0400000000000205
MHAS,46,wealth_by_sex,final,483046,valid,,9597,5.77000000000004
MHAS,46,wealth_within_low_education,final,483046,valid,,9597,2.91999999999996
MHAS,47,recovery_phase,final,483047,valid,,9626,0.0400000000000205
MHAS,47,wealth_by_sex,final,483047,valid,,9626,5.77999999999997
MHAS,47,wealth_within_low_education,final,483047,valid,,9626,2.59000000000003
MHAS,48,recovery_phase,final,483048,valid,,9570,0.0500000000000114
MHAS,48,wealth_by_sex,final,483048,valid,,9570,5.41999999999996
MHAS,48,wealth_within_low_education,final,483048,valid,,9570,2.72000000000003
MHAS,49,recovery_phase,final,483049,valid,,9543,0.0499999999999545
MHAS,49,wealth_by_sex,final,483049,valid,,9543,6.19000000000006
MHAS,49,wealth_within_low_education,final,483049,valid,,9543,3.11000000000001
MHAS,50,recovery_phase,final,483050,valid,,9542,0.0299999999999727
MHAS,50,wealth_by_sex,final,483050,valid,,9542,6.33000000000004
MHAS,50,wealth_within_low_education,final,483050,valid,,9542,3.1099999999999
MHAS,51,recovery_phase,final,483051,valid,,9625,0.0499999999999545
MHAS,51,wealth_by_sex,final,483051,valid,,9625,6.74000000000001
MHAS,51,wealth_within_low_education,final,483051,valid,,9625,3.53000000000009
MHAS,52,recovery_phase,final,483052,valid,,9556,0.0499999999999545
MHAS,52,wealth_by_sex,final,483052,valid,,9556,6.47000000000003
MHAS,52,wealth_within_low_education,final,483052,valid,,9556,3.35000000000002
MHAS,53,recovery_phase,final,483053,valid,,9644,0.0499999999999545
MHAS,53,wealth_by_sex,final,483053,valid,,9644,6.53000000000009
MHAS,53,wealth_within_low_education,final,483053,valid,,9644,3.04999999999995
MHAS,54,recovery_phase,final,483054,valid,,9604,0.0399999999999636
MHAS,54,wealth_by_sex,final,483054,valid,,9604,6.65999999999997
MHAS,54,wealth_within_low_education,final,483054,valid,,9604,3.13999999999999
MHAS,55,recovery_phase,final,483055,valid,,9590,0.0499999999999545
MHAS,55,wealth_by_sex,final,483055,valid,,9590,7.11000000000001
MHAS,55,wealth_within_low_education,final,483055,valid,,9590,3.49000000000001
MHAS,56,recovery_phase,final,483056,valid,,9651,0.0500000000000682
MHAS,56,wealth_by_sex,final,483056,valid,,9651,6.93000000000006
MHAS,56,wealth_within_low_education,final,483056,valid,,9651,3.34000000000003
MHAS,57,recovery_phase,final,483057,valid,,9645,0.0400000000000773
MHAS,57,wealth_by_sex,final,483057,valid,,9645,6.64999999999998
MHAS,57,wealth_within_low_education,final,483057,valid,,9645,3.36000000000001
MHAS,58,recovery_phase,final,483058,valid,,9566,0.0299999999999727
MHAS,58,wealth_by_sex,final,483058,valid,,9566,6.88999999999999
MHAS,58,wealth_within_low_education,final,483058,valid,,9566,3.04999999999995
MHAS,59,recovery_phase,final,483059,valid,,9656,0.0299999999999727
MHAS,59,wealth_by_sex,final,483059,valid,,9656,6.74000000000001
MHAS,59,wealth_within_low_education,final,483059,valid,,9656,2.9799999999999
MHAS,60,recovery_phase,final,483060,valid,,9542,0.0399999999999636
MHAS,60,wealth_by_sex,final,483060,valid,,9542,6.43999999999994
MHAS,60,wealth_within_low_education,final,483060,valid,,9542,3.07999999999993
MHAS,61,recovery_phase,final,483061,valid,"",9606,0.0499999999999545
MHAS,61,wealth_by_sex,final,483061,valid,"",9606,6.42999999999995
MHAS,61,wealth_within_low_education,final,483061,valid,"",9606,2.95000000000005
MHAS,62,recovery_phase,final,483062,valid,"",9530,0.0299999999999727
MHAS,62,wealth_by_sex,final,483062,valid,"",9530,6.47000000000003
MHAS,62,wealth_within_low_education,final,483062,valid,"",9530,3
MHAS,63,recovery_phase,final,483063,valid,"",9605,0.0299999999999727
MHAS,63,wealth_by_sex,final,483063,valid,"",9605,6.56999999999994
MHAS,63,wealth_within_low_education,final,483063,valid,"",9605,3.25999999999999
MHAS,64,recovery_phase,final,483064,valid,"",9594,0.0499999999999545
MHAS,64,wealth_by_sex,final,483064,valid,"",9594,6.40999999999997
MHAS,64,wealth_within_low_education,final,483064,valid,"",9594,3.19999999999993
MHAS,65,recovery_phase,final,483065,valid,"",9662,0.0300000000000864
MHAS,65,wealth_by_sex,final,483065,valid,"",9662,7.31999999999994
MHAS,65,wealth_within_low_education,final,483065,failed,nonconvergent/nonfinite model,9662,1.90999999999997
MHAS,66,recovery_phase,final,483066,valid,,9599,0.0399999999999636
MHAS,66,wealth_by_sex,final,483066,valid,,9599,6.36000000000001
MHAS,66,wealth_within_low_education,final,483066,valid,,9599,3.37
MHAS,67,recovery_phase,final,483067,valid,,9612,0.0499999999999545
MHAS,67,wealth_by_sex,final,483067,valid,,9612,6.40999999999997
MHAS,67,wealth_within_low_education,final,483067,valid,,9612,3.25
MHAS,68,recovery_phase,final,483068,valid,,9628,0.0400000000000773
MHAS,68,wealth_by_sex,final,483068,valid,,9628,6.84000000000003
MHAS,68,wealth_within_low_education,final,483068,valid,,9628,3.50999999999999
MHAS,69,recovery_phase,final,483069,valid,,9581,0.0499999999999545
MHAS,69,wealth_by_sex,final,483069,valid,,9581,7.29999999999996
MHAS,69,wealth_within_low_education,final,483069,valid,,9581,3.47000000000003
MHAS,70,recovery_phase,final,483070,valid,,9547,0.0500000000000682
MHAS,70,wealth_by_sex,final,483070,valid,,9547,7.30999999999995
MHAS,70,wealth_within_low_education,final,483070,valid,,9547,3.25
MHAS,71,recovery_phase,final,483071,valid,,9582,0.0399999999999636
MHAS,71,wealth_by_sex,final,483071,valid,,9582,7.55000000000007
MHAS,71,wealth_within_low_education,final,483071,valid,,9582,3.66000000000008
MHAS,72,recovery_phase,final,483072,valid,,9585,0.0399999999999636
MHAS,72,wealth_by_sex,final,483072,valid,,9585,7.75
MHAS,72,wealth_within_low_education,final,483072,valid,,9585,3.52999999999997
MHAS,73,recovery_phase,final,483073,valid,,9637,0.0400000000000773
MHAS,73,wealth_by_sex,final,483073,valid,,9637,8.69999999999993
MHAS,73,wealth_within_low_education,final,483073,valid,,9637,3.82000000000005
MHAS,74,recovery_phase,final,483074,valid,,9595,0.0600000000000591
MHAS,74,wealth_by_sex,final,483074,valid,,9595,10.97
MHAS,74,wealth_within_low_education,final,483074,valid,,9595,4.3900000000001
MHAS,75,recovery_phase,final,483075,valid,,9586,0.0599999999999454
MHAS,75,wealth_by_sex,final,483075,valid,,9586,9.71999999999991
MHAS,75,wealth_within_low_education,final,483075,valid,,9586,3.80999999999995
MHAS,76,recovery_phase,final,483076,valid,,9600,0.0299999999999727
MHAS,76,wealth_by_sex,final,483076,valid,,9600,10.71
MHAS,76,wealth_within_low_education,final,483076,valid,,9600,3.88
MHAS,77,recovery_phase,final,483077,valid,,9582,0.0499999999999545
MHAS,77,wealth_by_sex,final,483077,valid,,9582,7
MHAS,77,wealth_within_low_education,final,483077,valid,,9582,3.26999999999998
MHAS,78,recovery_phase,final,483078,valid,,9569,0.0399999999999636
MHAS,78,wealth_by_sex,final,483078,valid,,9569,7.40999999999997
MHAS,78,wealth_within_low_education,final,483078,valid,,9569,3.34000000000003
MHAS,79,recovery_phase,final,483079,valid,,9605,0.0299999999999727
MHAS,79,wealth_by_sex,final,483079,valid,,9605,9.37
MHAS,79,wealth_within_low_education,final,483079,valid,,9605,3.52999999999997
MHAS,80,recovery_phase,final,483080,valid,,9610,0.0399999999999636
MHAS,80,wealth_by_sex,final,483080,valid,,9610,7.46000000000004
MHAS,80,wealth_within_low_education,final,483080,valid,,9610,3.40000000000009
MHAS,81,recovery_phase,final,483081,valid,,9547,0.0400000000000773
MHAS,81,wealth_by_sex,final,483081,valid,,9547,6.88
MHAS,81,wealth_within_low_education,final,483081,valid,,9547,3.65999999999997
MHAS,82,recovery_phase,final,483082,valid,,9601,0.0500000000000682
MHAS,82,wealth_by_sex,final,483082,valid,,9601,7.86000000000001
MHAS,82,wealth_within_low_education,final,483082,valid,,9601,4
MHAS,83,recovery_phase,final,483083,valid,,9584,0.0499999999999545
MHAS,83,wealth_by_sex,final,483083,valid,,9584,7.22000000000003
MHAS,83,wealth_within_low_education,final,483083,valid,,9584,3.5
MHAS,84,recovery_phase,final,483084,valid,,9628,0.0399999999999636
MHAS,84,wealth_by_sex,final,483084,valid,,9628,7.25
MHAS,84,wealth_within_low_education,final,483084,valid,,9628,3.79999999999995
MHAS,85,recovery_phase,final,483085,valid,,9611,0.0500000000000682
MHAS,85,wealth_by_sex,final,483085,valid,,9611,6.65999999999997
MHAS,85,wealth_within_low_education,final,483085,valid,,9611,3.36000000000001
MHAS,86,recovery_phase,final,483086,valid,,9647,0.0499999999999545
MHAS,86,wealth_by_sex,final,483086,valid,,9647,6.42000000000007
MHAS,86,wealth_within_low_education,final,483086,valid,,9647,3.42000000000007
MHAS,87,recovery_phase,final,483087,valid,,9515,0.0400000000000773
MHAS,87,wealth_by_sex,final,483087,valid,,9515,7
MHAS,87,wealth_within_low_education,final,483087,valid,,9515,3.80000000000007
MHAS,88,recovery_phase,final,483088,valid,,9486,0.0400000000000773
MHAS,88,wealth_by_sex,final,483088,valid,,9486,7.66999999999996
MHAS,88,wealth_within_low_education,final,483088,valid,,9486,3.58000000000004
MHAS,89,recovery_phase,final,483089,valid,,9489,0.0499999999999545
MHAS,89,wealth_by_sex,final,483089,valid,,9489,7.19000000000006
MHAS,89,wealth_within_low_education,final,483089,valid,,9489,3.38999999999999
MHAS,90,recovery_phase,final,483090,valid,,9574,0.0699999999999363
MHAS,90,wealth_by_sex,final,483090,valid,,9574,7.55000000000007
MHAS,90,wealth_within_low_education,final,483090,valid,,9574,3.88
MHAS,91,recovery_phase,final,483091,valid,,9595,0.0600000000000591
MHAS,91,wealth_by_sex,final,483091,valid,,9595,9.75
MHAS,91,wealth_within_low_education,final,483091,valid,,9595,4.34999999999991
MHAS,92,recovery_phase,final,483092,valid,,9562,0.0500000000000682
MHAS,92,wealth_by_sex,final,483092,valid,,9562,7.38999999999999
MHAS,92,wealth_within_low_education,final,483092,valid,,9562,3.62
MHAS,93,recovery_phase,final,483093,valid,,9609,0.0400000000000773
MHAS,93,wealth_by_sex,final,483093,valid,,9609,7.20000000000005
MHAS,93,wealth_within_low_education,final,483093,valid,,9609,3.42000000000007
MHAS,94,recovery_phase,final,483094,valid,,9601,0.0499999999999545
MHAS,94,wealth_by_sex,final,483094,valid,,9601,7.20000000000005
MHAS,94,wealth_within_low_education,final,483094,valid,,9601,3.38999999999999
MHAS,95,recovery_phase,final,483095,valid,,9569,0.0499999999999545
MHAS,95,wealth_by_sex,final,483095,valid,,9569,6.68999999999994
MHAS,95,wealth_within_low_education,final,483095,valid,,9569,3.29999999999995
MHAS,96,recovery_phase,final,483096,valid,,9627,0.0499999999999545
MHAS,96,wealth_by_sex,final,483096,valid,,9627,7.54999999999996
MHAS,96,wealth_within_low_education,final,483096,valid,,9627,3.26999999999998
MHAS,97,recovery_phase,final,483097,valid,,9577,0.0499999999999545
MHAS,97,wealth_by_sex,final,483097,valid,,9577,7.31999999999994
MHAS,97,wealth_within_low_education,final,483097,valid,,9577,3.5300000000002
MHAS,98,recovery_phase,final,483098,valid,,9611,0.0600000000001728
MHAS,98,wealth_by_sex,final,483098,valid,,9611,7.15999999999985
MHAS,98,wealth_within_low_education,final,483098,valid,,9611,3.58999999999992
MHAS,99,recovery_phase,final,483099,valid,,9568,0.0500000000001819
MHAS,99,wealth_by_sex,final,483099,valid,,9568,6.98000000000002
MHAS,99,wealth_within_low_education,final,483099,valid,,9568,3.37999999999988
MHAS,100,recovery_phase,final,483100,valid,,9574,0.0599999999999454
MHAS,100,wealth_by_sex,final,483100,valid,,9574,7.36000000000013
MHAS,100,wealth_within_low_education,final,483100,valid,,9574,3.44000000000005
MHAS,101,recovery_phase,final,483101,valid,,9557,0.0499999999999545
MHAS,101,wealth_by_sex,final,483101,valid,,9557,7.11999999999989
MHAS,101,wealth_within_low_education,final,483101,valid,,9557,3.47000000000003
MHAS,102,recovery_phase,final,483102,valid,,9552,0.0499999999999545
MHAS,102,wealth_by_sex,final,483102,valid,,9552,7.05999999999995
MHAS,102,wealth_within_low_education,final,483102,valid,,9552,3.16000000000008
MHAS,103,recovery_phase,final,483103,valid,,9612,0.0399999999999636
MHAS,103,wealth_by_sex,final,483103,valid,,9612,6.87999999999988
MHAS,103,wealth_within_low_education,final,483103,valid,,9612,3.16999999999985
MHAS,104,recovery_phase,final,483104,valid,,9598,0.0500000000001819
MHAS,104,wealth_by_sex,final,483104,valid,,9598,6.29000000000019
MHAS,104,wealth_within_low_education,final,483104,valid,,9598,3.30999999999995
MHAS,105,recovery_phase,final,483105,valid,,9602,0.0299999999999727
MHAS,105,wealth_by_sex,final,483105,valid,,9602,6.36000000000013
MHAS,105,wealth_within_low_education,final,483105,valid,,9602,2.97000000000003
MHAS,106,recovery_phase,final,483106,valid,,9612,0.040000000000191
MHAS,106,wealth_by_sex,final,483106,valid,,9612,6.07999999999993
MHAS,106,wealth_within_low_education,final,483106,valid,,9612,2.98000000000002
MHAS,107,recovery_phase,final,483107,valid,,9665,0.0299999999999727
MHAS,107,wealth_by_sex,final,483107,valid,,9665,6.76999999999998
MHAS,107,wealth_within_low_education,final,483107,valid,,9665,2.9699999999998
MHAS,108,recovery_phase,final,483108,valid,,9565,0.0299999999999727
MHAS,108,wealth_by_sex,final,483108,valid,,9565,6.12999999999988
MHAS,108,wealth_within_low_education,final,483108,valid,,9565,2.61000000000013
MHAS,109,recovery_phase,final,483109,valid,,9603,0.0299999999999727
MHAS,109,wealth_by_sex,final,483109,valid,,9603,5.55999999999995
MHAS,109,wealth_within_low_education,final,483109,valid,,9603,2.92000000000007
MHAS,110,recovery_phase,final,483110,valid,,9637,0.0299999999999727
MHAS,110,wealth_by_sex,final,483110,valid,,9637,5.6099999999999
MHAS,110,wealth_within_low_education,final,483110,valid,,9637,2.6400000000001
MHAS,111,recovery_phase,final,483111,valid,,9602,0.0299999999999727
MHAS,111,wealth_by_sex,final,483111,valid,,9602,5.84999999999991
MHAS,111,wealth_within_low_education,final,483111,valid,,9602,3.22000000000003
MHAS,112,recovery_phase,final,483112,valid,,9647,0.0299999999999727
MHAS,112,wealth_by_sex,final,483112,valid,,9647,5.80000000000018
MHAS,112,wealth_within_low_education,final,483112,valid,,9647,2.65999999999985
MHAS,113,recovery_phase,final,483113,valid,,9586,0.0300000000002001
MHAS,113,wealth_by_sex,final,483113,valid,,9586,5.49000000000001
MHAS,113,wealth_within_low_education,final,483113,valid,,9586,2.95000000000005
MHAS,114,recovery_phase,final,483114,valid,,9644,0.0300000000002001
MHAS,114,wealth_by_sex,final,483114,valid,,9644,5.97000000000003
MHAS,114,wealth_within_low_education,final,483114,valid,,9644,2.65999999999985
MHAS,115,recovery_phase,final,483115,valid,,9551,0.040000000000191
MHAS,115,wealth_by_sex,final,483115,valid,,9551,5.35000000000014
MHAS,115,wealth_within_low_education,final,483115,valid,,9551,2.84999999999991
MHAS,116,recovery_phase,final,483116,valid,,9653,0.0499999999999545
MHAS,116,wealth_by_sex,final,483116,valid,,9653,5.31999999999994
MHAS,116,wealth_within_low_education,final,483116,valid,,9653,2.76999999999998
MHAS,117,recovery_phase,final,483117,valid,,9553,0.0499999999999545
MHAS,117,wealth_by_sex,final,483117,valid,,9553,6.84999999999991
MHAS,117,wealth_within_low_education,final,483117,valid,,9553,3.76999999999998
MHAS,118,recovery_phase,final,483118,valid,,9585,0.0299999999999727
MHAS,118,wealth_by_sex,final,483118,valid,,9585,7.42000000000007
MHAS,118,wealth_within_low_education,final,483118,valid,,9585,3.26999999999998
MHAS,119,recovery_phase,final,483119,valid,,9589,0.0599999999999454
MHAS,119,wealth_by_sex,final,483119,valid,,9589,7.58999999999992
MHAS,119,wealth_within_low_education,final,483119,valid,,9589,3.25999999999999
MHAS,120,recovery_phase,final,483120,valid,,9598,0.0399999999999636
MHAS,120,wealth_by_sex,final,483120,valid,,9598,6.72000000000003
MHAS,120,wealth_within_low_education,final,483120,valid,,9598,3.65999999999985
MHAS,121,recovery_phase,final,483121,valid,,9591,0.0500000000001819
MHAS,121,wealth_by_sex,final,483121,valid,,9591,7.1099999999999
MHAS,121,wealth_within_low_education,final,483121,valid,,9591,3.5
MHAS,122,recovery_phase,final,483122,valid,,9691,0.0499999999999545
MHAS,122,wealth_by_sex,final,483122,valid,,9691,6.73000000000002
MHAS,122,wealth_within_low_education,final,483122,valid,,9691,3.2800000000002
MHAS,123,recovery_phase,final,483123,valid,,9597,0.0600000000001728
MHAS,123,wealth_by_sex,final,483123,valid,,9597,7.18999999999983
MHAS,123,wealth_within_low_education,final,483123,valid,,9597,3.37999999999988
MHAS,124,recovery_phase,final,483124,valid,,9600,0.0599999999999454
MHAS,124,wealth_by_sex,final,483124,valid,,9600,7.41000000000008
MHAS,124,wealth_within_low_education,final,483124,valid,,9600,3.65000000000009
MHAS,125,recovery_phase,final,483125,valid,,9574,0.0699999999999363
MHAS,125,wealth_by_sex,final,483125,valid,,9574,7.36999999999989
MHAS,125,wealth_within_low_education,final,483125,valid,,9574,3.21000000000004
MHAS,126,recovery_phase,final,483126,valid,,9569,0.0499999999999545
MHAS,126,wealth_by_sex,final,483126,valid,,9569,7.00999999999999
MHAS,126,wealth_within_low_education,final,483126,valid,,9569,4.17000000000007
MHAS,127,recovery_phase,final,483127,valid,,9585,0.0499999999999545
MHAS,127,wealth_by_sex,final,483127,valid,,9585,7.5
MHAS,127,wealth_within_low_education,final,483127,valid,,9585,3.67000000000007
MHAS,128,recovery_phase,final,483128,valid,,9622,0.0499999999999545
MHAS,128,wealth_by_sex,final,483128,valid,,9622,9.44000000000005
MHAS,128,wealth_within_low_education,final,483128,valid,,9622,4.76999999999998
MHAS,129,recovery_phase,final,483129,valid,,9648,0.0499999999999545
MHAS,129,wealth_by_sex,final,483129,valid,,9648,6.50999999999999
MHAS,129,wealth_within_low_education,final,483129,valid,,9648,3.2800000000002
MHAS,130,recovery_phase,final,483130,valid,,9644,0.0600000000001728
MHAS,130,wealth_by_sex,final,483130,valid,,9644,6.04999999999996
MHAS,130,wealth_within_low_education,final,483130,valid,,9644,3.29999999999995
MHAS,131,recovery_phase,final,483131,valid,,9603,0.0499999999999545
MHAS,131,wealth_by_sex,final,483131,valid,,9603,8.93999999999983
MHAS,131,wealth_within_low_education,final,483131,valid,,9603,3.94999999999982
MHAS,132,recovery_phase,final,483132,valid,,9597,0.0599999999999454
MHAS,132,wealth_by_sex,final,483132,valid,,9597,6.6400000000001
MHAS,132,wealth_within_low_education,final,483132,valid,,9597,3.90999999999985
MHAS,133,recovery_phase,final,483133,valid,,9599,0.0499999999999545
MHAS,133,wealth_by_sex,final,483133,valid,,9599,7.1099999999999
MHAS,133,wealth_within_low_education,final,483133,valid,,9599,3.67000000000007
MHAS,134,recovery_phase,final,483134,valid,,9602,0.0499999999999545
MHAS,134,wealth_by_sex,final,483134,valid,,9602,7.8900000000001
MHAS,134,wealth_within_low_education,final,483134,valid,,9602,3.69000000000005
MHAS,135,recovery_phase,final,483135,valid,,9683,0.0499999999999545
MHAS,135,wealth_by_sex,final,483135,valid,,9683,7.58999999999992
MHAS,135,wealth_within_low_education,final,483135,valid,,9683,3.25999999999999
MHAS,136,recovery_phase,final,483136,valid,,9546,0.0499999999999545
MHAS,136,wealth_by_sex,final,483136,valid,,9546,6.95000000000005
MHAS,136,wealth_within_low_education,final,483136,valid,,9546,3.41000000000008
MHAS,137,recovery_phase,final,483137,valid,,9604,0.0499999999999545
MHAS,137,wealth_by_sex,final,483137,valid,,9604,6.90999999999985
MHAS,137,wealth_within_low_education,final,483137,valid,,9604,3.50999999999999
MHAS,138,recovery_phase,final,483138,valid,,9537,0.0499999999999545
MHAS,138,wealth_by_sex,final,483138,valid,,9537,7.6099999999999
MHAS,138,wealth_within_low_education,final,483138,valid,,9537,2.87000000000012
MHAS,139,recovery_phase,final,483139,valid,,9662,0.0599999999999454
MHAS,139,wealth_by_sex,final,483139,valid,,9662,6.61000000000013
MHAS,139,wealth_within_low_education,final,483139,valid,,9662,3.75999999999999
MHAS,140,recovery_phase,final,483140,valid,,9578,0.0500000000001819
MHAS,140,wealth_by_sex,final,483140,valid,,9578,7.8900000000001
MHAS,140,wealth_within_low_education,final,483140,valid,,9578,3.59999999999991
MHAS,141,recovery_phase,final,483141,valid,,9612,0.0399999999999636
MHAS,141,wealth_by_sex,final,483141,valid,,9612,7.56000000000017
MHAS,141,wealth_within_low_education,final,483141,valid,,9612,3.6099999999999
MHAS,142,recovery_phase,final,483142,valid,,9580,0.0299999999999727
MHAS,142,wealth_by_sex,final,483142,valid,,9580,8.62000000000012
MHAS,142,wealth_within_low_education,final,483142,valid,,9580,3.88000000000011
MHAS,143,recovery_phase,final,483143,valid,,9656,0.0700000000001637
MHAS,143,wealth_by_sex,final,483143,valid,,9656,7.38999999999987
MHAS,143,wealth_within_low_education,final,483143,valid,,9656,3.65000000000009
MHAS,144,recovery_phase,final,483144,valid,,9635,0.0599999999999454
MHAS,144,wealth_by_sex,final,483144,valid,,9635,8.86000000000013
MHAS,144,wealth_within_low_education,final,483144,valid,,9635,4.72000000000003
MHAS,145,recovery_phase,final,483145,valid,,9609,0.040000000000191
MHAS,145,wealth_by_sex,final,483145,valid,,9609,6.38999999999987
MHAS,145,wealth_within_low_education,final,483145,valid,,9609,3.22000000000003
MHAS,146,recovery_phase,final,483146,valid,,9610,0.0500000000001819
MHAS,146,wealth_by_sex,final,483146,valid,,9610,6.23000000000002
MHAS,146,wealth_within_low_education,final,483146,valid,,9610,3.16999999999985
MHAS,147,recovery_phase,final,483147,valid,,9600,0.0700000000001637
MHAS,147,wealth_by_sex,final,483147,valid,,9600,6.79999999999996
MHAS,147,wealth_within_low_education,final,483147,valid,,9600,3.09999999999991
MHAS,148,recovery_phase,final,483148,valid,,9598,0.0499999999999545
MHAS,148,wealth_by_sex,final,483148,valid,,9598,6.42000000000007
MHAS,148,wealth_within_low_education,final,483148,valid,,9598,3.44000000000005
MHAS,149,recovery_phase,final,483149,valid,,9597,0.0299999999999727
MHAS,149,wealth_by_sex,final,483149,valid,,9597,6.38000000000011
MHAS,149,wealth_within_low_education,final,483149,valid,,9597,2.86999999999989
MHAS,150,recovery_phase,final,483150,valid,,9595,0.0499999999999545
MHAS,150,wealth_by_sex,final,483150,valid,,9595,6.39999999999986
MHAS,150,wealth_within_low_education,final,483150,valid,,9595,3.31999999999994
MHAS,151,recovery_phase,final,483151,valid,,9620,0.0299999999999727
MHAS,151,wealth_by_sex,final,483151,valid,,9620,6.52999999999997
MHAS,151,wealth_within_low_education,final,483151,valid,,9620,3.17000000000007
MHAS,152,recovery_phase,final,483152,valid,,9573,0.0499999999999545
MHAS,152,wealth_by_sex,final,483152,valid,,9573,9.25
MHAS,152,wealth_within_low_education,final,483152,valid,,9573,3.80000000000018
MHAS,153,recovery_phase,final,483153,valid,,9623,0.0700000000001637
MHAS,153,wealth_by_sex,final,483153,valid,,9623,9.19000000000005
MHAS,153,wealth_within_low_education,final,483153,valid,,9623,4.26999999999998
MHAS,154,recovery_phase,final,483154,valid,,9600,0.0399999999999636
MHAS,154,wealth_by_sex,final,483154,valid,,9600,9.22000000000003
MHAS,154,wealth_within_low_education,final,483154,valid,,9600,4.33000000000015
MHAS,155,recovery_phase,final,483155,valid,,9602,0.0499999999999545
MHAS,155,wealth_by_sex,final,483155,valid,,9602,7.92000000000007
MHAS,155,wealth_within_low_education,final,483155,valid,,9602,4.25
MHAS,156,recovery_phase,final,483156,valid,,9570,0.0599999999999454
MHAS,156,wealth_by_sex,final,483156,valid,,9570,8.22000000000003
MHAS,156,wealth_within_low_education,final,483156,valid,,9570,4.48000000000002
MHAS,157,recovery_phase,final,483157,valid,,9624,0.0499999999999545
MHAS,157,wealth_by_sex,final,483157,valid,,9624,8.78999999999996
MHAS,157,wealth_within_low_education,final,483157,valid,,9624,4.68999999999983
MHAS,158,recovery_phase,final,483158,valid,,9472,0.040000000000191
MHAS,158,wealth_by_sex,final,483158,valid,,9472,9.27999999999997
MHAS,158,wealth_within_low_education,final,483158,valid,,9472,3.75
MHAS,159,recovery_phase,final,483159,valid,,9609,0.0499999999999545
MHAS,159,wealth_by_sex,final,483159,valid,,9609,8.47000000000003
MHAS,159,wealth_within_low_education,final,483159,valid,,9609,3.6400000000001
MHAS,160,recovery_phase,final,483160,valid,,9584,0.0599999999999454
MHAS,160,wealth_by_sex,final,483160,valid,,9584,7.12000000000012
MHAS,160,wealth_within_low_education,final,483160,valid,,9584,3.47000000000003
MHAS,161,recovery_phase,final,483161,valid,"",9591,0.0499999999999545
MHAS,161,wealth_by_sex,final,483161,valid,"",9591,5.90000000000009
MHAS,161,wealth_within_low_education,final,483161,valid,"",9591,2.63000000000011
MHAS,162,recovery_phase,final,483162,valid,"",9590,0.0499999999999545
MHAS,162,wealth_by_sex,final,483162,valid,"",9590,5.57999999999993
MHAS,162,wealth_within_low_education,final,483162,valid,"",9590,2.56000000000017
MHAS,163,recovery_phase,final,483163,valid,"",9576,0.0399999999999636
MHAS,163,wealth_by_sex,final,483163,valid,"",9576,5.53999999999996
MHAS,163,wealth_within_low_education,final,483163,valid,"",9576,2.80999999999995
MHAS,164,recovery_phase,final,483164,valid,"",9563,0.0499999999999545
MHAS,164,wealth_by_sex,final,483164,valid,"",9563,6.44000000000006
MHAS,164,wealth_within_low_education,final,483164,valid,"",9563,2.69000000000005
MHAS,165,recovery_phase,final,483165,valid,"",9608,0.0500000000001819
MHAS,165,wealth_by_sex,final,483165,failed,nonconvergent/nonfinite model,9608,3.00999999999999
MHAS,165,wealth_within_low_education,final,483165,failed,nonconvergent/nonfinite model,9608,1.72000000000003
MHAS,166,recovery_phase,final,483166,valid,,9649,0.0299999999999727
MHAS,166,wealth_by_sex,final,483166,valid,,9649,5.46000000000004
MHAS,166,wealth_within_low_education,final,483166,valid,,9649,2.76999999999998
MHAS,167,recovery_phase,final,483167,valid,,9618,0.0699999999999363
MHAS,167,wealth_by_sex,final,483167,valid,,9618,6
MHAS,167,wealth_within_low_education,final,483167,valid,,9618,5.2199999999998
MHAS,168,recovery_phase,final,483168,valid,,9564,0.0599999999999454
MHAS,168,wealth_by_sex,final,483168,valid,,9564,12.3999999999999
MHAS,168,wealth_within_low_education,final,483168,valid,,9564,4.07999999999993
MHAS,169,recovery_phase,final,483169,valid,,9567,0.0499999999999545
MHAS,169,wealth_by_sex,final,483169,valid,,9567,8.69000000000006
MHAS,169,wealth_within_low_education,final,483169,valid,,9567,4.05000000000018
MHAS,170,recovery_phase,final,483170,valid,,9604,0.0899999999999182
MHAS,170,wealth_by_sex,final,483170,valid,,9604,9.41999999999985
MHAS,170,wealth_within_low_education,final,483170,valid,,9604,5.5
MHAS,171,recovery_phase,final,483171,valid,,9518,0.0599999999999454
MHAS,171,wealth_by_sex,final,483171,valid,,9518,8.45000000000005
MHAS,171,wealth_within_low_education,final,483171,valid,,9518,4.49000000000001
MHAS,172,recovery_phase,final,483172,valid,,9583,0.0599999999999454
MHAS,172,wealth_by_sex,final,483172,valid,,9583,8.00999999999999
MHAS,172,wealth_within_low_education,final,483172,valid,,9583,4.34999999999991
MHAS,173,recovery_phase,final,483173,valid,,9609,0.0699999999999363
MHAS,173,wealth_by_sex,final,483173,valid,,9609,9.30000000000018
MHAS,173,wealth_within_low_education,final,483173,valid,,9609,4.14999999999986
MHAS,174,recovery_phase,final,483174,valid,,9566,0.0399999999999636
MHAS,174,wealth_by_sex,final,483174,valid,,9566,8.38999999999987
MHAS,174,wealth_within_low_education,final,483174,valid,,9566,5.02999999999997
MHAS,175,recovery_phase,final,483175,valid,,9563,0.0599999999999454
MHAS,175,wealth_by_sex,final,483175,valid,,9563,8.3599999999999
MHAS,175,wealth_within_low_education,final,483175,valid,,9563,3.97000000000003
MHAS,176,recovery_phase,final,483176,valid,,9609,0.0500000000001819
MHAS,176,wealth_by_sex,final,483176,valid,,9609,8.5
MHAS,176,wealth_within_low_education,final,483176,valid,,9609,3.98000000000002
MHAS,177,recovery_phase,final,483177,valid,,9626,0.0499999999999545
MHAS,177,wealth_by_sex,final,483177,valid,,9626,8
MHAS,177,wealth_within_low_education,final,483177,valid,,9626,3.9699999999998
MHAS,178,recovery_phase,final,483178,valid,,9548,0.0499999999999545
MHAS,178,wealth_by_sex,final,483178,valid,,9548,8.40999999999985
MHAS,178,wealth_within_low_education,final,483178,valid,,9548,3.82999999999993
MHAS,179,recovery_phase,final,483179,valid,,9599,0.0700000000001637
MHAS,179,wealth_by_sex,final,483179,valid,,9599,9.77999999999997
MHAS,179,wealth_within_low_education,final,483179,valid,,9599,4.8599999999999
MHAS,180,recovery_phase,final,483180,valid,,9602,0.0600000000001728
MHAS,180,wealth_by_sex,final,483180,valid,,9602,10
MHAS,180,wealth_within_low_education,final,483180,valid,,9602,4.06999999999994
MHAS,181,recovery_phase,final,483181,valid,,9544,0.0599999999999454
MHAS,181,wealth_by_sex,final,483181,valid,,9544,8.36000000000013
MHAS,181,wealth_within_low_education,final,483181,valid,,9544,4.52999999999997
MHAS,182,recovery_phase,final,483182,valid,,9657,0.0599999999999454
MHAS,182,wealth_by_sex,final,483182,valid,,9657,8.22000000000003
MHAS,182,wealth_within_low_education,final,483182,valid,,9657,3.95999999999981
MHAS,183,recovery_phase,final,483183,valid,,9498,0.0499999999999545
MHAS,183,wealth_by_sex,final,483183,valid,,9498,8.43999999999983
MHAS,183,wealth_within_low_education,final,483183,valid,,9498,4.05999999999995
MHAS,184,recovery_phase,final,483184,valid,,9625,0.0599999999999454
MHAS,184,wealth_by_sex,final,483184,valid,,9625,8.07999999999993
MHAS,184,wealth_within_low_education,final,483184,valid,,9625,3.89999999999986
MHAS,185,recovery_phase,final,483185,valid,,9591,0.0499999999999545
MHAS,185,wealth_by_sex,final,483185,valid,,9591,8.13000000000011
MHAS,185,wealth_within_low_education,final,483185,valid,,9591,4.1400000000001
MHAS,186,recovery_phase,final,483186,valid,,9599,0.080000000000382
MHAS,186,wealth_by_sex,final,483186,valid,,9599,9.40999999999985
MHAS,186,wealth_within_low_education,final,483186,valid,,9599,4.60999999999967
MHAS,187,recovery_phase,final,483187,valid,,9521,0.0500000000001819
MHAS,187,wealth_by_sex,final,483187,valid,,9521,8.58000000000038
MHAS,187,wealth_within_low_education,final,483187,valid,,9521,4.11999999999989
MHAS,188,recovery_phase,final,483188,valid,,9601,0.0499999999997272
MHAS,188,wealth_by_sex,final,483188,valid,,9601,8.61999999999989
MHAS,188,wealth_within_low_education,final,483188,valid,,9601,4.28999999999996
MHAS,189,recovery_phase,final,483189,valid,,9590,0.069999999999709
MHAS,189,wealth_by_sex,final,483189,valid,,9590,8.97000000000026
MHAS,189,wealth_within_low_education,final,483189,valid,,9590,4.2800000000002
MHAS,190,recovery_phase,final,483190,valid,,9552,0.069999999999709
MHAS,190,wealth_by_sex,final,483190,valid,,9552,8.47000000000026
MHAS,190,wealth_within_low_education,final,483190,valid,,9552,3.90000000000009
MHAS,191,recovery_phase,final,483191,valid,"",9582,0.0599999999999454
MHAS,191,wealth_by_sex,final,483191,valid,"",9582,8.65999999999985
MHAS,191,wealth_within_low_education,final,483191,failed,nonconvergent/nonfinite model,9582,2.5300000000002
MHAS,192,recovery_phase,final,483192,valid,"",9575,0.0599999999999454
MHAS,192,wealth_by_sex,final,483192,valid,"",9575,8.44000000000006
MHAS,192,wealth_within_low_education,final,483192,valid,"",9575,4.07999999999993
MHAS,193,recovery_phase,final,483193,valid,"",9592,0.0500000000001819
MHAS,193,wealth_by_sex,final,483193,valid,"",9592,8.26999999999998
MHAS,193,wealth_within_low_education,final,483193,valid,"",9592,3.88999999999987
MHAS,194,recovery_phase,final,483194,valid,"",9562,0.0700000000001637
MHAS,194,wealth_by_sex,final,483194,valid,"",9562,8.25999999999976
MHAS,194,wealth_within_low_education,final,483194,valid,"",9562,4.03999999999996
MHAS,195,recovery_phase,final,483195,valid,"",9535,0.0500000000001819
MHAS,195,wealth_by_sex,final,483195,valid,"",9535,8.30000000000018
MHAS,195,wealth_within_low_education,final,483195,valid,"",9535,4.09000000000015
MHAS,196,recovery_phase,final,483196,valid,,9570,0.0500000000001819
MHAS,196,wealth_by_sex,final,483196,valid,,9570,8.2800000000002
MHAS,196,wealth_within_low_education,final,483196,valid,,9570,4
MHAS,197,recovery_phase,final,483197,valid,,9567,0.0399999999999636
MHAS,197,wealth_by_sex,final,483197,valid,,9567,8.5
MHAS,197,wealth_within_low_education,final,483197,valid,,9567,4.07999999999993
MHAS,198,recovery_phase,final,483198,valid,,9573,0.0599999999999454
MHAS,198,wealth_by_sex,final,483198,valid,,9573,8.5
MHAS,198,wealth_within_low_education,final,483198,valid,,9573,4
MHAS,199,recovery_phase,final,483199,valid,,9529,0.0399999999999636
MHAS,199,wealth_by_sex,final,483199,valid,,9529,8.42999999999984
MHAS,199,wealth_within_low_education,final,483199,valid,,9529,4.2199999999998
MHAS,200,recovery_phase,final,483200,valid,,9566,0.0500000000001819
MHAS,200,wealth_by_sex,final,483200,valid,,9566,8.38999999999987
MHAS,200,wealth_within_low_education,final,483200,valid,,9566,4.09000000000015
MHAS,201,recovery_phase,final,483201,valid,,9622,0.0399999999999636
MHAS,201,wealth_by_sex,final,483201,valid,,9622,8.19000000000006
MHAS,201,wealth_within_low_education,final,483201,valid,,9622,4.15000000000009
MHAS,202,recovery_phase,final,483202,valid,,9653,0.0499999999997272
MHAS,202,wealth_by_sex,final,483202,valid,,9653,8.36000000000013
MHAS,202,wealth_within_low_education,final,483202,valid,,9653,4.17999999999984
MHAS,203,recovery_phase,final,483203,valid,,9621,0.0600000000004002
MHAS,203,wealth_by_sex,final,483203,valid,,9621,8.7800000000002
MHAS,203,wealth_within_low_education,final,483203,valid,,9621,3.98999999999978
MHAS,204,recovery_phase,final,483204,valid,,9604,0.0599999999999454
MHAS,204,wealth_by_sex,final,483204,valid,,9604,8.30000000000018
MHAS,204,wealth_within_low_education,final,483204,valid,,9604,4.25
MHAS,205,recovery_phase,final,483205,valid,,9625,0.0500000000001819
MHAS,205,wealth_by_sex,final,483205,valid,,9625,8.65000000000009
MHAS,205,wealth_within_low_education,final,483205,valid,,9625,4.02999999999975
MHAS,206,recovery_phase,final,483206,valid,,9600,0.0700000000001637
MHAS,206,wealth_by_sex,final,483206,valid,,9600,8.45000000000027
MHAS,206,wealth_within_low_education,final,483206,valid,,9600,4.19000000000005
MHAS,207,recovery_phase,final,483207,valid,,9569,0.0600000000004002
MHAS,207,wealth_by_sex,final,483207,valid,,9569,8.36000000000013
MHAS,207,wealth_within_low_education,final,483207,valid,,9569,4.25
MHAS,208,recovery_phase,final,483208,valid,,9542,0.0599999999999454
MHAS,208,wealth_by_sex,final,483208,valid,,9542,8.69000000000006
MHAS,208,wealth_within_low_education,final,483208,valid,,9542,4.13000000000011
MHAS,209,recovery_phase,final,483209,valid,,9629,0.0399999999999636
MHAS,209,wealth_by_sex,final,483209,valid,,9629,8.57000000000016
MHAS,209,wealth_within_low_education,final,483209,valid,,9629,4.07000000000016
MHAS,210,recovery_phase,final,483210,valid,,9550,0.0599999999999454
MHAS,210,wealth_by_sex,final,483210,valid,,9550,8.4699999999998
MHAS,210,wealth_within_low_education,final,483210,valid,,9550,3.99000000000024
MHAS,211,recovery_phase,final,483211,valid,,9617,0.0500000000001819
MHAS,211,wealth_by_sex,final,483211,valid,,9617,8.26000000000022
MHAS,211,wealth_within_low_education,final,483211,valid,,9617,4.06999999999971
MHAS,212,recovery_phase,final,483212,valid,,9550,0.0799999999999272
MHAS,212,wealth_by_sex,final,483212,valid,,9550,8.47000000000026
MHAS,212,wealth_within_low_education,final,483212,valid,,9550,4.44000000000005
MHAS,213,recovery_phase,final,483213,valid,,9574,0.0499999999997272
MHAS,213,wealth_by_sex,final,483213,valid,,9574,8.84000000000015
MHAS,213,wealth_within_low_education,final,483213,valid,,9574,4.09999999999991
MHAS,214,recovery_phase,final,483214,valid,,9629,0.0399999999999636
MHAS,214,wealth_by_sex,final,483214,valid,,9629,8.63999999999987
MHAS,214,wealth_within_low_education,final,483214,valid,,9629,4.04999999999973
MHAS,215,recovery_phase,final,483215,valid,,9640,0.0500000000001819
MHAS,215,wealth_by_sex,final,483215,valid,,9640,8.25
MHAS,215,wealth_within_low_education,final,483215,valid,,9640,4.17000000000007
MHAS,216,recovery_phase,final,483216,valid,,9626,0.0599999999999454
MHAS,216,wealth_by_sex,final,483216,valid,,9626,8.45000000000027
MHAS,216,wealth_within_low_education,final,483216,valid,,9626,4.32999999999993
MHAS,217,recovery_phase,final,483217,valid,,9570,0.0599999999999454
MHAS,217,wealth_by_sex,final,483217,valid,,9570,8.08999999999969
MHAS,217,wealth_within_low_education,final,483217,valid,,9570,4.32999999999993
MHAS,218,recovery_phase,final,483218,valid,,9576,0.0600000000004002
MHAS,218,wealth_by_sex,final,483218,valid,,9576,8.45000000000027
MHAS,218,wealth_within_low_education,final,483218,valid,,9576,4.23999999999978
MHAS,219,recovery_phase,final,483219,valid,,9587,0.069999999999709
MHAS,219,wealth_by_sex,final,483219,valid,,9587,8.66000000000031
MHAS,219,wealth_within_low_education,final,483219,valid,,9587,4.36000000000013
MHAS,220,recovery_phase,final,483220,valid,,9591,0.0599999999999454
MHAS,220,wealth_by_sex,final,483220,valid,,9591,8.32999999999993
MHAS,220,wealth_within_low_education,final,483220,valid,,9591,4.2199999999998
MHAS,221,recovery_phase,final,483221,valid,,9576,0.0500000000001819
MHAS,221,wealth_by_sex,final,483221,valid,,9576,8.34000000000015
MHAS,221,wealth_within_low_education,final,483221,valid,,9576,4.32999999999993
MHAS,222,recovery_phase,final,483222,valid,,9597,0.0500000000001819
MHAS,222,wealth_by_sex,final,483222,valid,,9597,8.2800000000002
MHAS,222,wealth_within_low_education,final,483222,valid,,9597,4.07999999999993
MHAS,223,recovery_phase,final,483223,valid,,9596,0.0599999999999454
MHAS,223,wealth_by_sex,final,483223,valid,,9596,8.76000000000022
MHAS,223,wealth_within_low_education,final,483223,valid,,9596,4.74000000000024
MHAS,224,recovery_phase,final,483224,valid,,9602,0.0599999999999454
MHAS,224,wealth_by_sex,final,483224,valid,,9602,10.4400000000001
MHAS,224,wealth_within_low_education,final,483224,valid,,9602,4.7800000000002
MHAS,225,recovery_phase,final,483225,valid,,9543,0.0499999999997272
MHAS,225,wealth_by_sex,final,483225,valid,,9543,10.25
MHAS,225,wealth_within_low_education,final,483225,valid,,9543,4.88999999999987
MHAS,226,recovery_phase,final,483226,valid,,9550,0.0599999999999454
MHAS,226,wealth_by_sex,final,483226,valid,,9550,8.80999999999995
MHAS,226,wealth_within_low_education,final,483226,valid,,9550,4.05999999999995
MHAS,227,recovery_phase,final,483227,valid,,9662,0.0399999999999636
MHAS,227,wealth_by_sex,final,483227,valid,,9662,8.40999999999985
MHAS,227,wealth_within_low_education,final,483227,valid,,9662,3.94000000000005
MHAS,228,recovery_phase,final,483228,valid,,9657,0.0599999999999454
MHAS,228,wealth_by_sex,final,483228,valid,,9657,8.32999999999993
MHAS,228,wealth_within_low_education,final,483228,valid,,9657,4.21000000000004
MHAS,229,recovery_phase,final,483229,valid,,9639,0.0599999999999454
MHAS,229,wealth_by_sex,final,483229,valid,,9639,8.39000000000033
MHAS,229,wealth_within_low_education,final,483229,valid,,9639,4.28999999999996
MHAS,230,recovery_phase,final,483230,valid,,9538,0.0700000000001637
MHAS,230,wealth_by_sex,final,483230,valid,,9538,8.42999999999984
MHAS,230,wealth_within_low_education,final,483230,valid,,9538,4.26999999999998
MHAS,231,recovery_phase,final,483231,valid,,9591,0.0600000000004002
MHAS,231,wealth_by_sex,final,483231,valid,,9591,8.47000000000026
MHAS,231,wealth_within_low_education,final,483231,valid,,9591,4.27999999999975
MHAS,232,recovery_phase,final,483232,valid,,9654,0.0599999999999454
MHAS,232,wealth_by_sex,final,483232,valid,,9654,8.65000000000009
MHAS,232,wealth_within_low_education,final,483232,valid,,9654,4.13000000000011
MHAS,233,recovery_phase,final,483233,valid,,9559,0.0599999999999454
MHAS,233,wealth_by_sex,final,483233,valid,,9559,9.28999999999996
MHAS,233,wealth_within_low_education,final,483233,valid,,9559,4.03999999999996
MHAS,234,recovery_phase,final,483234,valid,,9596,0.0700000000001637
MHAS,234,wealth_by_sex,final,483234,valid,,9596,8.39000000000033
MHAS,234,wealth_within_low_education,final,483234,valid,,9596,4.15999999999985
MHAS,235,recovery_phase,final,483235,valid,,9653,0.0499999999997272
MHAS,235,wealth_by_sex,final,483235,valid,,9653,8.34999999999991
MHAS,235,wealth_within_low_education,final,483235,valid,,9653,4.0600000000004
MHAS,236,recovery_phase,final,483236,valid,,9576,0.0399999999999636
MHAS,236,wealth_by_sex,final,483236,valid,,9576,8.76000000000022
MHAS,236,wealth_within_low_education,final,483236,valid,,9576,3.97000000000025
MHAS,237,recovery_phase,final,483237,valid,,9540,0.0500000000001819
MHAS,237,wealth_by_sex,final,483237,valid,,9540,8.70000000000027
MHAS,237,wealth_within_low_education,final,483237,valid,,9540,3.9699999999998
MHAS,238,recovery_phase,final,483238,valid,,9654,0.0500000000001819
MHAS,238,wealth_by_sex,final,483238,valid,,9654,8.42000000000007
MHAS,238,wealth_within_low_education,final,483238,valid,,9654,3.9699999999998
MHAS,239,recovery_phase,final,483239,valid,,9588,0.0600000000004002
MHAS,239,wealth_by_sex,final,483239,valid,,9588,8.72000000000026
MHAS,239,wealth_within_low_education,final,483239,valid,,9588,4.15999999999985
MHAS,240,recovery_phase,final,483240,valid,,9612,0.0599999999999454
MHAS,240,wealth_by_sex,final,483240,valid,,9612,8.58000000000038
MHAS,240,wealth_within_low_education,final,483240,valid,,9612,4.26999999999998
MHAS,241,recovery_phase,final,483241,valid,,9633,0.0599999999999454
MHAS,241,wealth_by_sex,final,483241,valid,,9633,8.05000000000018
MHAS,241,wealth_within_low_education,final,483241,valid,,9633,3.86999999999989
MHAS,242,recovery_phase,final,483242,valid,,9574,0.0599999999999454
MHAS,242,wealth_by_sex,final,483242,valid,,9574,8.53999999999996
MHAS,242,wealth_within_low_education,final,483242,valid,,9574,4.23999999999978
MHAS,243,recovery_phase,final,483243,valid,,9640,0.0499999999997272
MHAS,243,wealth_by_sex,final,483243,valid,,9640,8.41999999999962
MHAS,243,wealth_within_low_education,final,483243,valid,,9640,4.30999999999995
MHAS,244,recovery_phase,final,483244,valid,,9607,0.0599999999999454
MHAS,244,wealth_by_sex,final,483244,valid,,9607,8.90999999999985
MHAS,244,wealth_within_low_education,final,483244,valid,,9607,4.30000000000018
MHAS,245,recovery_phase,final,483245,valid,,9614,0.0700000000001637
MHAS,245,wealth_by_sex,final,483245,valid,,9614,8.36000000000013
MHAS,245,wealth_within_low_education,final,483245,valid,,9614,3.94999999999982
MHAS,246,recovery_phase,final,483246,valid,,9572,0.0599999999999454
MHAS,246,wealth_by_sex,final,483246,valid,,9572,8.55000000000018
MHAS,246,wealth_within_low_education,final,483246,valid,,9572,3.88999999999987
MHAS,247,recovery_phase,final,483247,valid,,9578,0.0599999999999454
MHAS,247,wealth_by_sex,final,483247,valid,,9578,8.7800000000002
MHAS,247,wealth_within_low_education,final,483247,valid,,9578,4.12999999999965
MHAS,248,recovery_phase,final,483248,valid,,9586,0.0399999999999636
MHAS,248,wealth_by_sex,final,483248,valid,,9586,8.66999999999962
MHAS,248,wealth_within_low_education,final,483248,valid,,9586,4.29999999999973
MHAS,249,recovery_phase,final,483249,valid,,9624,0.0500000000001819
MHAS,249,wealth_by_sex,final,483249,valid,,9624,8.82000000000016
MHAS,249,wealth_within_low_education,final,483249,valid,,9624,4.25
MHAS,250,recovery_phase,final,483250,valid,,9624,0.0399999999999636
MHAS,250,wealth_by_sex,final,483250,valid,,9624,9.09999999999991
MHAS,250,wealth_within_low_education,final,483250,valid,,9624,3.57000000000016
MHAS,251,recovery_phase,final,483251,valid,,9587,0.0500000000001819
MHAS,251,wealth_by_sex,final,483251,valid,,9587,7.48000000000002
MHAS,251,wealth_within_low_education,final,483251,valid,,9587,3.53999999999996
MHAS,252,recovery_phase,final,483252,valid,,9577,0.0500000000001819
MHAS,252,wealth_by_sex,final,483252,valid,,9577,7.63999999999987
MHAS,252,wealth_within_low_education,final,483252,valid,,9577,3.88999999999987
MHAS,253,recovery_phase,final,483253,valid,,9595,0.0500000000001819
MHAS,253,wealth_by_sex,final,483253,valid,,9595,7.36000000000013
MHAS,253,wealth_within_low_education,final,483253,valid,,9595,3.98999999999978
MHAS,254,recovery_phase,final,483254,valid,,9626,0.0500000000001819
MHAS,254,wealth_by_sex,final,483254,valid,,9626,7.4699999999998
MHAS,254,wealth_within_low_education,final,483254,valid,,9626,3.75
MHAS,255,recovery_phase,final,483255,valid,,9619,0.0399999999999636
MHAS,255,wealth_by_sex,final,483255,valid,,9619,7.44000000000006
MHAS,255,wealth_within_low_education,final,483255,valid,,9619,3.61000000000013
MHAS,256,recovery_phase,final,483256,valid,,9587,0.0500000000001819
MHAS,256,wealth_by_sex,final,483256,valid,,9587,7.65999999999985
MHAS,256,wealth_within_low_education,final,483256,valid,,9587,3.51999999999998
MHAS,257,recovery_phase,final,483257,valid,,9552,0.0399999999999636
MHAS,257,wealth_by_sex,final,483257,valid,,9552,7.65999999999985
MHAS,257,wealth_within_low_education,final,483257,valid,,9552,3.47000000000025
MHAS,258,recovery_phase,final,483258,valid,,9544,0.0399999999999636
MHAS,258,wealth_by_sex,final,483258,valid,,9544,7.43000000000029
MHAS,258,wealth_within_low_education,final,483258,valid,,9544,3.65000000000009
MHAS,259,recovery_phase,final,483259,valid,,9623,0.0399999999999636
MHAS,259,wealth_by_sex,final,483259,valid,,9623,7.60999999999967
MHAS,259,wealth_within_low_education,final,483259,valid,,9623,3.67999999999984
MHAS,260,recovery_phase,final,483260,valid,,9636,0.0599999999999454
MHAS,260,wealth_by_sex,final,483260,valid,,9636,7.44000000000006
MHAS,260,wealth_within_low_education,final,483260,valid,,9636,3.55000000000018
MHAS,261,recovery_phase,final,483261,valid,,9531,0.0399999999999636
MHAS,261,wealth_by_sex,final,483261,valid,,9531,7.59000000000015
MHAS,261,wealth_within_low_education,final,483261,valid,,9531,3.46000000000004
MHAS,262,recovery_phase,final,483262,valid,,9555,0.0599999999999454
MHAS,262,wealth_by_sex,final,483262,valid,,9555,7.76000000000022
MHAS,262,wealth_within_low_education,final,483262,valid,,9555,3.69000000000005
MHAS,263,recovery_phase,final,483263,valid,,9607,0.0499999999997272
MHAS,263,wealth_by_sex,final,483263,valid,,9607,7.42999999999984
MHAS,263,wealth_within_low_education,final,483263,valid,,9607,3.58000000000038
MHAS,264,recovery_phase,final,483264,valid,,9608,0.0399999999999636
MHAS,264,wealth_by_sex,final,483264,valid,,9608,8.15999999999985
MHAS,264,wealth_within_low_education,final,483264,valid,,9608,3.78999999999996
MHAS,265,recovery_phase,final,483265,valid,,9519,0.0799999999999272
MHAS,265,wealth_by_sex,final,483265,valid,,9519,8.34000000000015
MHAS,265,wealth_within_low_education,final,483265,valid,,9519,5.32999999999993
MHAS,266,recovery_phase,final,483266,valid,,9652,0.0499999999997272
MHAS,266,wealth_by_sex,final,483266,valid,,9652,8.97000000000026
MHAS,266,wealth_within_low_education,final,483266,valid,,9652,3.87999999999965
MHAS,267,recovery_phase,final,483267,valid,,9571,0.0500000000001819
MHAS,267,wealth_by_sex,final,483267,valid,,9571,9.01000000000022
MHAS,267,wealth_within_low_education,final,483267,valid,,9571,3.88999999999987
MHAS,268,recovery_phase,final,483268,valid,,9587,0.0299999999997453
MHAS,268,wealth_by_sex,final,483268,valid,,9587,7.98000000000002
MHAS,268,wealth_within_low_education,final,483268,valid,,9587,4
MHAS,269,recovery_phase,final,483269,valid,,9629,0.0500000000001819
MHAS,269,wealth_by_sex,final,483269,valid,,9629,7.51999999999998
MHAS,269,wealth_within_low_education,final,483269,valid,,9629,3.73000000000002
MHAS,270,recovery_phase,final,483270,valid,,9593,0.0399999999999636
MHAS,270,wealth_by_sex,final,483270,valid,,9593,7.58000000000038
MHAS,270,wealth_within_low_education,final,483270,valid,,9593,3.67999999999984
MHAS,271,recovery_phase,final,483271,valid,,9640,0.0300000000002001
MHAS,271,wealth_by_sex,final,483271,valid,,9640,7.44999999999982
MHAS,271,wealth_within_low_education,final,483271,valid,,9640,3.5
MHAS,272,recovery_phase,final,483272,valid,,9588,0.0399999999999636
MHAS,272,wealth_by_sex,final,483272,valid,,9588,7.96000000000004
MHAS,272,wealth_within_low_education,final,483272,valid,,9588,3.44000000000005
MHAS,273,recovery_phase,final,483273,valid,,9531,0.0399999999999636
MHAS,273,wealth_by_sex,final,483273,valid,,9531,7.53999999999996
MHAS,273,wealth_within_low_education,final,483273,valid,,9531,3.53999999999996
MHAS,274,recovery_phase,final,483274,valid,,9607,0.0599999999999454
MHAS,274,wealth_by_sex,final,483274,valid,,9607,7.17999999999984
MHAS,274,wealth_within_low_education,final,483274,valid,,9607,3.5
MHAS,275,recovery_phase,final,483275,valid,,9580,0.0599999999999454
MHAS,275,wealth_by_sex,final,483275,valid,,9580,7.27999999999975
MHAS,275,wealth_within_low_education,final,483275,valid,,9580,3.48000000000002
MHAS,276,recovery_phase,final,483276,valid,,9595,0.0500000000001819
MHAS,276,wealth_by_sex,final,483276,valid,,9595,7.42999999999984
MHAS,276,wealth_within_low_education,final,483276,valid,,9595,3.48000000000002
MHAS,277,recovery_phase,final,483277,valid,,9521,0.0399999999999636
MHAS,277,wealth_by_sex,final,483277,valid,,9521,7.16999999999962
MHAS,277,wealth_within_low_education,final,483277,valid,,9521,3.53999999999996
MHAS,278,recovery_phase,final,483278,valid,,9582,0.0299999999997453
MHAS,278,wealth_by_sex,final,483278,valid,,9582,7.37999999999965
MHAS,278,wealth_within_low_education,final,483278,valid,,9582,3.48000000000002
MHAS,279,recovery_phase,final,483279,valid,,9559,0.0399999999999636
MHAS,279,wealth_by_sex,final,483279,valid,,9559,7.42000000000007
MHAS,279,wealth_within_low_education,final,483279,valid,,9559,3.67000000000007
MHAS,280,recovery_phase,final,483280,valid,,9619,0.0499999999997272
MHAS,280,wealth_by_sex,final,483280,valid,,9619,7.26999999999998
MHAS,280,wealth_within_low_education,final,483280,valid,,9619,3.67000000000007
MHAS,281,recovery_phase,final,483281,valid,,9601,0.0300000000002001
MHAS,281,wealth_by_sex,final,483281,valid,,9601,7.48999999999978
MHAS,281,wealth_within_low_education,final,483281,valid,,9601,3.55000000000018
MHAS,282,recovery_phase,final,483282,valid,,9646,0.0500000000001819
MHAS,282,wealth_by_sex,final,483282,valid,,9646,7.22000000000026
MHAS,282,wealth_within_low_education,final,483282,valid,,9646,3.42999999999984
MHAS,283,recovery_phase,final,483283,valid,,9611,0.0300000000002001
MHAS,283,wealth_by_sex,final,483283,valid,,9611,7.2199999999998
MHAS,283,wealth_within_low_education,final,483283,valid,,9611,3.47000000000025
MHAS,284,recovery_phase,final,483284,valid,,9559,0.0500000000001819
MHAS,284,wealth_by_sex,final,483284,valid,,9559,7.10000000000036
MHAS,284,wealth_within_low_education,final,483284,valid,,9559,3.57999999999993
MHAS,285,recovery_phase,final,483285,valid,,9567,0.0399999999999636
MHAS,285,wealth_by_sex,final,483285,valid,,9567,7.68000000000029
MHAS,285,wealth_within_low_education,final,483285,valid,,9567,3.44000000000005
MHAS,286,recovery_phase,final,483286,valid,,9596,0.0500000000001819
MHAS,286,wealth_by_sex,final,483286,valid,,9596,7.69000000000006
MHAS,286,wealth_within_low_education,final,483286,valid,,9596,3.69000000000005
MHAS,287,recovery_phase,final,483287,valid,,9629,0.0500000000001819
MHAS,287,wealth_by_sex,final,483287,valid,,9629,7.85999999999967
MHAS,287,wealth_within_low_education,final,483287,valid,,9629,3.67999999999984
MHAS,288,recovery_phase,final,483288,valid,,9569,0.0500000000001819
MHAS,288,wealth_by_sex,final,483288,valid,,9569,7.63000000000011
MHAS,288,wealth_within_low_education,final,483288,valid,,9569,3.52999999999975
MHAS,289,recovery_phase,final,483289,valid,,9585,0.0500000000001819
MHAS,289,wealth_by_sex,final,483289,valid,,9585,7.11999999999989
MHAS,289,wealth_within_low_education,final,483289,valid,,9585,3.78999999999996
MHAS,290,recovery_phase,final,483290,valid,,9524,0.0399999999999636
MHAS,290,wealth_by_sex,final,483290,valid,,9524,7.82000000000016
MHAS,290,wealth_within_low_education,final,483290,valid,,9524,3.61000000000013
MHAS,291,recovery_phase,final,483291,valid,,9597,0.0399999999999636
MHAS,291,wealth_by_sex,final,483291,valid,,9597,7.65999999999985
MHAS,291,wealth_within_low_education,final,483291,valid,,9597,3.48000000000002
MHAS,292,recovery_phase,final,483292,valid,,9602,0.0599999999999454
MHAS,292,wealth_by_sex,final,483292,valid,,9602,7.25
MHAS,292,wealth_within_low_education,final,483292,valid,,9602,3.55000000000018
MHAS,293,recovery_phase,final,483293,valid,,9555,0.0500000000001819
MHAS,293,wealth_by_sex,final,483293,valid,,9555,7.23000000000002
MHAS,293,wealth_within_low_education,final,483293,valid,,9555,3.69000000000005
MHAS,294,recovery_phase,final,483294,valid,,9613,0.0399999999999636
MHAS,294,wealth_by_sex,final,483294,valid,,9613,7.25
MHAS,294,wealth_within_low_education,final,483294,valid,,9613,3.61000000000013
MHAS,295,recovery_phase,final,483295,valid,,9602,0.0499999999997272
MHAS,295,wealth_by_sex,final,483295,valid,,9602,7.17000000000007
MHAS,295,wealth_within_low_education,final,483295,valid,,9602,3.80999999999995
MHAS,296,recovery_phase,final,483296,valid,,9618,0.0600000000004002
MHAS,296,wealth_by_sex,final,483296,valid,,9618,7.4699999999998
MHAS,296,wealth_within_low_education,final,483296,valid,,9618,3.59999999999991
MHAS,297,recovery_phase,final,483297,valid,,9647,0.0399999999999636
MHAS,297,wealth_by_sex,final,483297,valid,,9647,7.72000000000026
MHAS,297,wealth_within_low_education,final,483297,valid,,9647,3.57000000000016
MHAS,298,recovery_phase,final,483298,valid,,9606,0.0500000000001819
MHAS,298,wealth_by_sex,final,483298,valid,,9606,7.58999999999969
MHAS,298,wealth_within_low_education,final,483298,valid,,9606,3.73999999999978
MHAS,299,recovery_phase,final,483299,valid,,9559,0.0500000000001819
MHAS,299,wealth_by_sex,final,483299,valid,,9559,7.72000000000026
MHAS,299,wealth_within_low_education,final,483299,valid,,9559,3.54999999999973
MHAS,300,recovery_phase,final,483300,valid,,9589,0.0499999999997272
MHAS,300,wealth_by_sex,final,483300,valid,,9589,7.30999999999995
MHAS,300,wealth_within_low_education,final,483300,valid,,9589,3.47000000000025
MHAS,301,recovery_phase,final,483301,valid,,9602,0.0399999999999636
MHAS,301,wealth_by_sex,final,483301,valid,,9602,7.38999999999987
MHAS,301,wealth_within_low_education,final,483301,valid,,9602,3.52999999999975
MHAS,302,recovery_phase,final,483302,valid,,9535,0.0500000000001819
MHAS,302,wealth_by_sex,final,483302,valid,,9535,7.42999999999984
MHAS,302,wealth_within_low_education,final,483302,valid,,9535,3.54999999999973
MHAS,303,recovery_phase,final,483303,valid,,9667,0.0399999999999636
MHAS,303,wealth_by_sex,final,483303,valid,,9667,7.44000000000006
MHAS,303,wealth_within_low_education,final,483303,valid,,9667,3.61999999999989
MHAS,304,recovery_phase,final,483304,valid,,9558,0.0399999999999636
MHAS,304,wealth_by_sex,final,483304,valid,,9558,7.69000000000006
MHAS,304,wealth_within_low_education,final,483304,valid,,9558,3.73999999999978
MHAS,305,recovery_phase,final,483305,valid,,9589,0.0399999999999636
MHAS,305,wealth_by_sex,final,483305,valid,,9589,7.69999999999982
MHAS,305,wealth_within_low_education,final,483305,valid,,9589,4.19999999999982
MHAS,306,recovery_phase,final,483306,valid,,9646,0.0399999999999636
MHAS,306,wealth_by_sex,final,483306,valid,,9646,7.55000000000018
MHAS,306,wealth_within_low_education,final,483306,valid,,9646,3.55999999999995
MHAS,307,recovery_phase,final,483307,valid,,9664,0.0599999999999454
MHAS,307,wealth_by_sex,final,483307,valid,,9664,8.40999999999985
MHAS,307,wealth_within_low_education,final,483307,valid,,9664,4
MHAS,308,recovery_phase,final,483308,valid,,9596,0.0399999999999636
MHAS,308,wealth_by_sex,final,483308,valid,,9596,7.75
MHAS,308,wealth_within_low_education,final,483308,valid,,9596,3.7800000000002
MHAS,309,recovery_phase,final,483309,valid,,9564,0.0599999999999454
MHAS,309,wealth_by_sex,final,483309,valid,,9564,7.52999999999975
MHAS,309,wealth_within_low_education,final,483309,valid,,9564,3.98000000000002
MHAS,310,recovery_phase,final,483310,valid,,9618,0.0500000000001819
MHAS,310,wealth_by_sex,final,483310,valid,,9618,7.77999999999975
MHAS,310,wealth_within_low_education,final,483310,valid,,9618,3.65000000000009
MHAS,311,recovery_phase,final,483311,valid,,9574,0.0500000000001819
MHAS,311,wealth_by_sex,final,483311,valid,,9574,7.5300000000002
MHAS,311,wealth_within_low_education,final,483311,valid,,9574,3.76999999999998
MHAS,312,recovery_phase,final,483312,valid,,9505,0.0500000000001819
MHAS,312,wealth_by_sex,final,483312,valid,,9505,7.41999999999962
MHAS,312,wealth_within_low_education,final,483312,valid,,9505,3.60999999999967
MHAS,313,recovery_phase,final,483313,valid,,9604,0.0499999999997272
MHAS,313,wealth_by_sex,final,483313,valid,,9604,7.52999999999975
MHAS,313,wealth_within_low_education,final,483313,valid,,9604,3.66999999999962
MHAS,314,recovery_phase,final,483314,valid,,9610,0.0500000000001819
MHAS,314,wealth_by_sex,final,483314,valid,,9610,7.44999999999982
MHAS,314,wealth_within_low_education,final,483314,valid,,9610,3.80999999999995
MHAS,315,recovery_phase,final,483315,valid,,9635,0.0500000000001819
MHAS,315,wealth_by_sex,final,483315,valid,,9635,7.59999999999991
MHAS,315,wealth_within_low_education,final,483315,valid,,9635,3.82999999999993
MHAS,316,recovery_phase,final,483316,valid,"",9590,0.0499999999997272
MHAS,316,wealth_by_sex,final,483316,valid,"",9590,7.48000000000002
MHAS,316,wealth_within_low_education,final,483316,valid,"",9590,3.7199999999998
MHAS,317,recovery_phase,final,483317,valid,"",9604,0.0399999999999636
MHAS,317,wealth_by_sex,final,483317,valid,"",9604,7.44999999999982
MHAS,317,wealth_within_low_education,final,483317,valid,"",9604,3.53999999999996
MHAS,318,recovery_phase,final,483318,valid,"",9589,0.0500000000001819
MHAS,318,wealth_by_sex,final,483318,valid,"",9589,7.63999999999987
MHAS,318,wealth_within_low_education,final,483318,valid,"",9589,3.69999999999982
MHAS,319,recovery_phase,final,483319,valid,"",9634,0.0399999999999636
MHAS,319,wealth_by_sex,final,483319,valid,"",9634,7.39999999999964
MHAS,319,wealth_within_low_education,final,483319,valid,"",9634,3.69999999999982
MHAS,320,recovery_phase,final,483320,valid,"",9615,0.0299999999997453
MHAS,320,wealth_by_sex,final,483320,failed,nonconvergent/nonfinite model,9615,4.51000000000022
MHAS,320,wealth_within_low_education,final,483320,failed,nonconvergent/nonfinite model,9615,2.44000000000005
MHAS,321,recovery_phase,final,483321,valid,,9605,0.0399999999999636
MHAS,321,wealth_by_sex,final,483321,valid,,9605,7.57999999999993
MHAS,321,wealth_within_low_education,final,483321,valid,,9605,3.57999999999993
MHAS,322,recovery_phase,final,483322,valid,,9517,0.0300000000002001
MHAS,322,wealth_by_sex,final,483322,valid,,9517,7.58999999999969
MHAS,322,wealth_within_low_education,final,483322,valid,,9517,3.7199999999998
MHAS,323,recovery_phase,final,483323,valid,,9579,0.0599999999999454
MHAS,323,wealth_by_sex,final,483323,valid,,9579,7.32999999999993
MHAS,323,wealth_within_low_education,final,483323,valid,,9579,3.66000000000031
MHAS,324,recovery_phase,final,483324,valid,,9508,0.0299999999997453
MHAS,324,wealth_by_sex,final,483324,valid,,9508,7.97000000000026
MHAS,324,wealth_within_low_education,final,483324,valid,,9508,4.38000000000011
MHAS,325,recovery_phase,final,483325,valid,,9568,0.069999999999709
MHAS,325,wealth_by_sex,final,483325,valid,,9568,7.55999999999995
MHAS,325,wealth_within_low_education,final,483325,valid,,9568,3.76000000000022
MHAS,326,recovery_phase,final,483326,valid,,9642,0.0599999999999454
MHAS,326,wealth_by_sex,final,483326,valid,,9642,8.32999999999993
MHAS,326,wealth_within_low_education,final,483326,valid,,9642,3.84999999999991
MHAS,327,recovery_phase,final,483327,valid,,9582,0.0399999999999636
MHAS,327,wealth_by_sex,final,483327,valid,,9582,8.19000000000006
MHAS,327,wealth_within_low_education,final,483327,valid,,9582,3.97000000000025
MHAS,328,recovery_phase,final,483328,valid,,9622,0.0600000000004002
MHAS,328,wealth_by_sex,final,483328,valid,,9622,8.23000000000002
MHAS,328,wealth_within_low_education,final,483328,valid,,9622,3.65999999999985
MHAS,329,recovery_phase,final,483329,valid,,9556,0.0500000000001819
MHAS,329,wealth_by_sex,final,483329,valid,,9556,7.55000000000018
MHAS,329,wealth_within_low_education,final,483329,valid,,9556,3.75
MHAS,330,recovery_phase,final,483330,valid,,9525,0.0599999999999454
MHAS,330,wealth_by_sex,final,483330,valid,,9525,8.69000000000006
MHAS,330,wealth_within_low_education,final,483330,valid,,9525,4.19000000000005
MHAS,331,recovery_phase,final,483331,valid,,9619,0.0499999999997272
MHAS,331,wealth_by_sex,final,483331,valid,,9619,9.47000000000025
MHAS,331,wealth_within_low_education,final,483331,valid,,9619,5.5
MHAS,332,recovery_phase,final,483332,valid,,9549,0.0599999999999454
MHAS,332,wealth_by_sex,final,483332,valid,,9549,9.48000000000002
MHAS,332,wealth_within_low_education,final,483332,valid,,9549,4.40000000000009
MHAS,333,recovery_phase,final,483333,valid,,9627,0.0500000000001819
MHAS,333,wealth_by_sex,final,483333,valid,,9627,8.92000000000007
MHAS,333,wealth_within_low_education,final,483333,valid,,9627,4.34999999999991
MHAS,334,recovery_phase,final,483334,valid,,9602,0.0500000000001819
MHAS,334,wealth_by_sex,final,483334,valid,,9602,8.61000000000013
MHAS,334,wealth_within_low_education,final,483334,valid,,9602,3.67000000000007
MHAS,335,recovery_phase,final,483335,valid,,9578,0.0500000000001819
MHAS,335,wealth_by_sex,final,483335,valid,,9578,8.40000000000009
MHAS,335,wealth_within_low_education,final,483335,valid,,9578,3.79999999999973
MHAS,336,recovery_phase,final,483336,valid,"",9580,0.0599999999999454
MHAS,336,wealth_by_sex,final,483336,valid,"",9580,7.62000000000035
MHAS,336,wealth_within_low_education,final,483336,failed,nonconvergent/nonfinite model,9580,2.36000000000013
MHAS,337,recovery_phase,final,483337,valid,"",9627,0.0399999999999636
MHAS,337,wealth_by_sex,final,483337,valid,"",9627,7.85999999999967
MHAS,337,wealth_within_low_education,final,483337,valid,"",9627,3.82999999999993
MHAS,338,recovery_phase,final,483338,valid,"",9633,0.0499999999997272
MHAS,338,wealth_by_sex,final,483338,valid,"",9633,7.97000000000026
MHAS,338,wealth_within_low_education,final,483338,valid,"",9633,3.59000000000015
MHAS,339,recovery_phase,final,483339,valid,"",9560,0.0399999999999636
MHAS,339,wealth_by_sex,final,483339,valid,"",9560,8
MHAS,339,wealth_within_low_education,final,483339,valid,"",9560,3.80999999999995
MHAS,340,recovery_phase,final,483340,valid,"",9578,0.0500000000001819
MHAS,340,wealth_by_sex,final,483340,valid,"",9578,8.07999999999993
MHAS,340,wealth_within_low_education,final,483340,valid,"",9578,3.88000000000011
MHAS,341,recovery_phase,final,483341,valid,,9594,0.0300000000002001
MHAS,341,wealth_by_sex,final,483341,valid,,9594,7.96000000000004
MHAS,341,wealth_within_low_education,final,483341,valid,,9594,3.86000000000013
MHAS,342,recovery_phase,final,483342,valid,,9613,0.0299999999997453
MHAS,342,wealth_by_sex,final,483342,valid,,9613,7.3100000000004
MHAS,342,wealth_within_low_education,final,483342,valid,,9613,3.5
MHAS,343,recovery_phase,final,483343,valid,,9591,0.0399999999999636
MHAS,343,wealth_by_sex,final,483343,valid,,9591,7.26999999999998
MHAS,343,wealth_within_low_education,final,483343,valid,,9591,3.43000000000029
MHAS,344,recovery_phase,final,483344,valid,,9605,0.0399999999999636
MHAS,344,wealth_by_sex,final,483344,valid,,9605,7.45000000000027
MHAS,344,wealth_within_low_education,final,483344,valid,,9605,3.42000000000007
MHAS,345,recovery_phase,final,483345,valid,,9634,0.0499999999997272
MHAS,345,wealth_by_sex,final,483345,valid,,9634,7.34000000000015
MHAS,345,wealth_within_low_education,final,483345,valid,,9634,3.69000000000005
MHAS,346,recovery_phase,final,483346,valid,"",9614,0.0399999999999636
MHAS,346,wealth_by_sex,final,483346,valid,"",9614,7.54999999999973
MHAS,346,wealth_within_low_education,final,483346,valid,"",9614,3.8100000000004
MHAS,347,recovery_phase,final,483347,valid,"",9583,0.0799999999999272
MHAS,347,wealth_by_sex,final,483347,valid,"",9583,7.79999999999973
MHAS,347,wealth_within_low_education,final,483347,valid,"",9583,4.9699999999998
MHAS,348,recovery_phase,final,483348,valid,"",9663,0.0599999999999454
MHAS,348,wealth_by_sex,final,483348,valid,"",9663,8.26999999999998
MHAS,348,wealth_within_low_education,final,483348,failed,nonconvergent/nonfinite model,9663,2.48000000000002
MHAS,349,recovery_phase,final,483349,valid,"",9567,0.0399999999999636
MHAS,349,wealth_by_sex,final,483349,valid,"",9567,8.0300000000002
MHAS,349,wealth_within_low_education,final,483349,valid,"",9567,3.73000000000002
MHAS,350,recovery_phase,final,483350,valid,"",9588,0.0499999999997272
MHAS,350,wealth_by_sex,final,483350,valid,"",9588,8.25
MHAS,350,wealth_within_low_education,final,483350,valid,"",9588,3.7800000000002
MHAS,351,recovery_phase,final,483351,valid,"",9566,0.0399999999999636
MHAS,351,wealth_by_sex,final,483351,valid,"",9566,7.67999999999984
MHAS,351,wealth_within_low_education,final,483351,valid,"",9566,3.73999999999978
MHAS,352,recovery_phase,final,483352,valid,"",9605,0.0300000000006548
MHAS,352,wealth_by_sex,final,483352,valid,"",9605,7.70000000000027
MHAS,352,wealth_within_low_education,final,483352,failed,nonconvergent/nonfinite model,9605,2.37999999999965
MHAS,353,recovery_phase,final,483353,valid,"",9619,0.0500000000001819
MHAS,353,wealth_by_sex,final,483353,valid,"",9619,8.04999999999927
MHAS,353,wealth_within_low_education,final,483353,valid,"",9619,3.59000000000015
MHAS,354,recovery_phase,final,483354,valid,"",9615,0.0399999999999636
MHAS,354,wealth_by_sex,final,483354,valid,"",9615,7.46000000000004
MHAS,354,wealth_within_low_education,final,483354,valid,"",9615,3.97000000000025
MHAS,355,recovery_phase,final,483355,valid,"",9615,0.0299999999997453
MHAS,355,wealth_by_sex,final,483355,valid,"",9615,7.28000000000066
MHAS,355,wealth_within_low_education,final,483355,valid,"",9615,3.58999999999924
MHAS,356,recovery_phase,final,483356,valid,,9555,0.0500000000001819
MHAS,356,wealth_by_sex,final,483356,valid,,9555,7.5
MHAS,356,wealth_within_low_education,final,483356,valid,,9555,3.52999999999975
MHAS,357,recovery_phase,final,483357,valid,,9545,0.0399999999999636
MHAS,357,wealth_by_sex,final,483357,valid,,9545,7.6899999999996
MHAS,357,wealth_within_low_education,final,483357,valid,,9545,3.48000000000047
MHAS,358,recovery_phase,final,483358,valid,,9621,0.0399999999999636
MHAS,358,wealth_by_sex,final,483358,valid,,9621,7.63000000000011
MHAS,358,wealth_within_low_education,final,483358,valid,,9621,3.78999999999996
MHAS,359,recovery_phase,final,483359,valid,,9545,0.0600000000004002
MHAS,359,wealth_by_sex,final,483359,valid,,9545,8.3100000000004
MHAS,359,wealth_within_low_education,final,483359,valid,,9545,4.44999999999982
MHAS,360,recovery_phase,final,483360,valid,,9676,0.0399999999999636
MHAS,360,wealth_by_sex,final,483360,valid,,9676,10.5199999999995
MHAS,360,wealth_within_low_education,final,483360,valid,,9676,4.51000000000022
MHAS,361,recovery_phase,final,483361,valid,,9597,0.069999999999709
MHAS,361,wealth_by_sex,final,483361,valid,,9597,9.09000000000015
MHAS,361,wealth_within_low_education,final,483361,valid,,9597,4.71000000000004
MHAS,362,recovery_phase,final,483362,valid,,9592,0.0499999999992724
MHAS,362,wealth_by_sex,final,483362,valid,,9592,9.90999999999985
MHAS,362,wealth_within_low_education,final,483362,valid,,9592,4.52999999999975
MHAS,363,recovery_phase,final,483363,valid,,9634,0.0500000000001819
MHAS,363,wealth_by_sex,final,483363,valid,,9634,10.2600000000002
MHAS,363,wealth_within_low_education,final,483363,valid,,9634,5.94999999999982
MHAS,364,recovery_phase,final,483364,valid,,9596,0.0399999999999636
MHAS,364,wealth_by_sex,final,483364,valid,,9596,8.02000000000044
MHAS,364,wealth_within_low_education,final,483364,valid,,9596,3.94000000000051
MHAS,365,recovery_phase,final,483365,valid,,9601,0.0399999999999636
MHAS,365,wealth_by_sex,final,483365,valid,,9601,7.60999999999967
MHAS,365,wealth_within_low_education,final,483365,valid,,9601,3.60999999999967
MHAS,366,recovery_phase,final,483366,valid,,9581,0.0599999999994907
MHAS,366,wealth_by_sex,final,483366,valid,,9581,7.75
MHAS,366,wealth_within_low_education,final,483366,valid,,9581,3.98000000000047
MHAS,367,recovery_phase,final,483367,valid,,9594,0.0799999999999272
MHAS,367,wealth_by_sex,final,483367,valid,,9594,8.03000000000066
MHAS,367,wealth_within_low_education,final,483367,valid,,9594,4.07999999999993
MHAS,368,recovery_phase,final,483368,valid,,9627,0.0299999999997453
MHAS,368,wealth_by_sex,final,483368,valid,,9627,8.52999999999975
MHAS,368,wealth_within_low_education,final,483368,valid,,9627,3.51999999999953
MHAS,369,recovery_phase,final,483369,valid,,9589,0.0499999999992724
MHAS,369,wealth_by_sex,final,483369,valid,,9589,7.66999999999916
MHAS,369,wealth_within_low_education,final,483369,valid,,9589,3.81999999999971
MHAS,370,recovery_phase,final,483370,valid,,9572,0.0399999999999636
MHAS,370,wealth_by_sex,final,483370,valid,,9572,7.46000000000004
MHAS,370,wealth_within_low_education,final,483370,valid,,9572,3.97000000000025
MHAS,371,recovery_phase,final,483371,valid,,9521,0.0299999999997453
MHAS,371,wealth_by_sex,final,483371,valid,,9521,7.94000000000051
MHAS,371,wealth_within_low_education,final,483371,valid,,9521,3.47999999999956
MHAS,372,recovery_phase,final,483372,valid,,9624,0.0399999999999636
MHAS,372,wealth_by_sex,final,483372,valid,,9624,7.34999999999945
MHAS,372,wealth_within_low_education,final,483372,valid,,9624,3.59000000000015
MHAS,373,recovery_phase,final,483373,valid,,9627,0.0300000000006548
MHAS,373,wealth_by_sex,final,483373,valid,,9627,7.65000000000055
MHAS,373,wealth_within_low_education,final,483373,valid,,9627,3.39999999999964
MHAS,374,recovery_phase,final,483374,valid,,9599,0.0499999999992724
MHAS,374,wealth_by_sex,final,483374,valid,,9599,7.46999999999935
MHAS,374,wealth_within_low_education,final,483374,valid,,9599,3.53999999999996
MHAS,375,recovery_phase,final,483375,valid,,9614,0.0500000000001819
MHAS,375,wealth_by_sex,final,483375,valid,,9614,8.30999999999949
MHAS,375,wealth_within_low_education,final,483375,valid,,9614,3.66000000000076
MHAS,376,recovery_phase,final,483376,valid,,9658,0.0399999999999636
MHAS,376,wealth_by_sex,final,483376,valid,,9658,7.90000000000055
MHAS,376,wealth_within_low_education,final,483376,valid,,9658,3.72999999999956
MHAS,377,recovery_phase,final,483377,valid,,9530,0.0299999999997453
MHAS,377,wealth_by_sex,final,483377,valid,,9530,7.69999999999982
MHAS,377,wealth_within_low_education,final,483377,valid,,9530,3.72000000000025
MHAS,378,recovery_phase,final,483378,valid,,9598,0.0299999999997453
MHAS,378,wealth_by_sex,final,483378,valid,,9598,7.85000000000036
MHAS,378,wealth_within_low_education,final,483378,valid,,9598,3.55000000000018
MHAS,379,recovery_phase,final,483379,valid,,9576,0.0399999999999636
MHAS,379,wealth_by_sex,final,483379,valid,,9576,7.71999999999935
MHAS,379,wealth_within_low_education,final,483379,valid,,9576,3.63999999999942
MHAS,380,recovery_phase,final,483380,valid,,9602,0.0499999999992724
MHAS,380,wealth_by_sex,final,483380,valid,,9602,7.84000000000015
MHAS,380,wealth_within_low_education,final,483380,valid,,9602,3.59000000000015
MHAS,381,recovery_phase,final,483381,valid,,9542,0.0299999999997453
MHAS,381,wealth_by_sex,final,483381,valid,,9542,7.64000000000033
MHAS,381,wealth_within_low_education,final,483381,valid,,9542,3.69999999999982
MHAS,382,recovery_phase,final,483382,valid,,9561,0.0399999999999636
MHAS,382,wealth_by_sex,final,483382,valid,,9561,7.92000000000007
MHAS,382,wealth_within_low_education,final,483382,valid,,9561,3.64999999999964
MHAS,383,recovery_phase,final,483383,valid,,9521,0.0299999999997453
MHAS,383,wealth_by_sex,final,483383,valid,,9521,7.52999999999975
MHAS,383,wealth_within_low_education,final,483383,valid,,9521,3.51999999999953
MHAS,384,recovery_phase,final,483384,valid,,9542,0.0500000000001819
MHAS,384,wealth_by_sex,final,483384,valid,,9542,7.77999999999975
MHAS,384,wealth_within_low_education,final,483384,valid,,9542,3.77999999999975
MHAS,385,recovery_phase,final,483385,valid,,9612,0.0600000000004002
MHAS,385,wealth_by_sex,final,483385,valid,,9612,7.64000000000033
MHAS,385,wealth_within_low_education,final,483385,valid,,9612,3.91000000000076
MHAS,386,recovery_phase,final,483386,valid,,9573,0.0299999999997453
MHAS,386,wealth_by_sex,final,483386,valid,,9573,7.82999999999993
MHAS,386,wealth_within_low_education,final,483386,valid,,9573,3.46999999999935
MHAS,387,recovery_phase,final,483387,valid,,9604,0.0499999999992724
MHAS,387,wealth_by_sex,final,483387,valid,,9604,7.78000000000066
MHAS,387,wealth_within_low_education,final,483387,valid,,9604,3.73999999999978
MHAS,388,recovery_phase,final,483388,valid,,9635,0.0500000000001819
MHAS,388,wealth_by_sex,final,483388,valid,,9635,8.22999999999956
MHAS,388,wealth_within_low_education,final,483388,valid,,9635,3.64000000000033
MHAS,389,recovery_phase,final,483389,valid,,9580,0.0500000000001819
MHAS,389,wealth_by_sex,final,483389,valid,,9580,7.80999999999949
MHAS,389,wealth_within_low_education,final,483389,valid,,9580,3.72999999999956
MHAS,390,recovery_phase,final,483390,valid,,9596,0.0399999999999636
MHAS,390,wealth_by_sex,final,483390,valid,,9596,7.84000000000015
MHAS,390,wealth_within_low_education,final,483390,valid,,9596,3.90000000000055
MHAS,391,recovery_phase,final,483391,valid,,9607,0.0399999999999636
MHAS,391,wealth_by_sex,final,483391,valid,,9607,8.05000000000018
MHAS,391,wealth_within_low_education,final,483391,valid,,9607,3.5
MHAS,392,recovery_phase,final,483392,valid,,9565,0.0399999999999636
MHAS,392,wealth_by_sex,final,483392,valid,,9565,7.97000000000026
MHAS,392,wealth_within_low_education,final,483392,valid,,9565,3.61000000000058
MHAS,393,recovery_phase,final,483393,valid,,9600,0.0299999999997453
MHAS,393,wealth_by_sex,final,483393,valid,,9600,7.76999999999953
MHAS,393,wealth_within_low_education,final,483393,valid,,9600,3.75
MHAS,394,recovery_phase,final,483394,valid,,9537,0.0500000000001819
MHAS,394,wealth_by_sex,final,483394,valid,,9537,7.6899999999996
MHAS,394,wealth_within_low_education,final,483394,valid,,9537,3.52999999999975
MHAS,395,recovery_phase,final,483395,valid,,9593,0.0300000000006548
MHAS,395,wealth_by_sex,final,483395,valid,,9593,7.42000000000007
MHAS,395,wealth_within_low_education,final,483395,valid,,9593,3.84000000000015
MHAS,396,recovery_phase,final,483396,valid,,9607,0.0399999999999636
MHAS,396,wealth_by_sex,final,483396,valid,,9607,7.35999999999967
MHAS,396,wealth_within_low_education,final,483396,valid,,9607,3.60999999999967
MHAS,397,recovery_phase,final,483397,valid,,9593,0.0500000000001819
MHAS,397,wealth_by_sex,final,483397,valid,,9593,7.47999999999956
MHAS,397,wealth_within_low_education,final,483397,valid,,9593,4.36000000000058
MHAS,398,recovery_phase,final,483398,valid,,9602,0.0399999999999636
MHAS,398,wealth_by_sex,final,483398,valid,,9602,7.82999999999993
MHAS,398,wealth_within_low_education,final,483398,valid,,9602,3.69999999999982
MHAS,399,recovery_phase,final,483399,valid,,9563,0.0299999999997453
MHAS,399,wealth_by_sex,final,483399,valid,,9563,7.60999999999967
MHAS,399,wealth_within_low_education,final,483399,valid,,9563,3.52999999999975
MHAS,400,recovery_phase,final,483400,valid,,9558,0.0299999999997453
MHAS,400,wealth_by_sex,final,483400,valid,,9558,8.07999999999993
MHAS,400,wealth_within_low_education,final,483400,valid,,9558,4.09000000000015
MHAS,401,recovery_phase,final,483401,valid,,9552,0.0500000000001819
MHAS,401,wealth_by_sex,final,483401,valid,,9552,8.97000000000026
MHAS,401,wealth_within_low_education,final,483401,valid,,9552,5.0600000000004
MHAS,402,recovery_phase,final,483402,valid,,9589,0.0500000000001819
MHAS,402,wealth_by_sex,final,483402,valid,,9589,9.86999999999989
MHAS,402,wealth_within_low_education,final,483402,valid,,9589,4.00999999999931
MHAS,403,recovery_phase,final,483403,valid,,9625,0.0500000000001819
MHAS,403,wealth_by_sex,final,483403,valid,,9625,9
MHAS,403,wealth_within_low_education,final,483403,valid,,9625,3.63999999999942
MHAS,404,recovery_phase,final,483404,valid,,9604,0.0600000000004002
MHAS,404,wealth_by_sex,final,483404,valid,,9604,8.28999999999996
MHAS,404,wealth_within_low_education,final,483404,valid,,9604,3.77999999999975
MHAS,405,recovery_phase,final,483405,valid,,9580,0.0599999999994907
MHAS,405,wealth_by_sex,final,483405,valid,,9580,7.4399999999996
MHAS,405,wealth_within_low_education,final,483405,valid,,9580,3.84999999999945
MHAS,406,recovery_phase,final,483406,valid,,9583,0.0500000000001819
MHAS,406,wealth_by_sex,final,483406,valid,,9583,9.34999999999945
MHAS,406,wealth_within_low_education,final,483406,valid,,9583,4.84000000000015
MHAS,407,recovery_phase,final,483407,valid,,9648,0.0600000000004002
MHAS,407,wealth_by_sex,final,483407,valid,,9648,8.64000000000033
MHAS,407,wealth_within_low_education,final,483407,valid,,9648,4.33000000000084
MHAS,408,recovery_phase,final,483408,valid,,9638,0.0900000000001455
MHAS,408,wealth_by_sex,final,483408,valid,,9638,10.7700000000004
MHAS,408,wealth_within_low_education,final,483408,valid,,9638,5.38999999999942
MHAS,409,recovery_phase,final,483409,valid,,9615,0.0900000000001455
MHAS,409,wealth_by_sex,final,483409,valid,,9615,10.5
MHAS,409,wealth_within_low_education,final,483409,valid,,9615,5.4399999999996
MHAS,410,recovery_phase,final,483410,valid,,9585,0.0499999999992724
MHAS,410,wealth_by_sex,final,483410,valid,,9585,10.2399999999998
MHAS,410,wealth_within_low_education,final,483410,valid,,9585,4.65999999999985
MHAS,411,recovery_phase,final,483411,valid,,9539,0.0399999999999636
MHAS,411,wealth_by_sex,final,483411,valid,,9539,7.58999999999924
MHAS,411,wealth_within_low_education,final,483411,valid,,9539,3.57999999999993
MHAS,412,recovery_phase,final,483412,valid,,9641,0.0399999999999636
MHAS,412,wealth_by_sex,final,483412,valid,,9641,7.46000000000004
MHAS,412,wealth_within_low_education,final,483412,valid,,9641,3.51999999999953
MHAS,413,recovery_phase,final,483413,valid,,9625,0.0399999999999636
MHAS,413,wealth_by_sex,final,483413,valid,,9625,7.23000000000047
MHAS,413,wealth_within_low_education,final,483413,valid,,9625,3.61000000000058
MHAS,414,recovery_phase,final,483414,valid,,9611,0.0299999999997453
MHAS,414,wealth_by_sex,final,483414,valid,,9611,7.76999999999953
MHAS,414,wealth_within_low_education,final,483414,valid,,9611,3.73999999999978
MHAS,415,recovery_phase,final,483415,valid,,9571,0.0399999999999636
MHAS,415,wealth_by_sex,final,483415,valid,,9571,7.42000000000007
MHAS,415,wealth_within_low_education,final,483415,valid,,9571,3.57999999999993
MHAS,416,recovery_phase,final,483416,valid,,9618,0.0299999999997453
MHAS,416,wealth_by_sex,final,483416,valid,,9618,7.66000000000076
MHAS,416,wealth_within_low_education,final,483416,valid,,9618,3.47000000000025
MHAS,417,recovery_phase,final,483417,valid,,9615,0.0399999999999636
MHAS,417,wealth_by_sex,final,483417,valid,,9615,7.47000000000026
MHAS,417,wealth_within_low_education,final,483417,valid,,9615,3.69999999999982
MHAS,418,recovery_phase,final,483418,valid,,9551,0.0299999999997453
MHAS,418,wealth_by_sex,final,483418,valid,,9551,7.55999999999949
MHAS,418,wealth_within_low_education,final,483418,valid,,9551,3.6899999999996
MHAS,419,recovery_phase,final,483419,valid,,9597,0.0499999999992724
MHAS,419,wealth_by_sex,final,483419,valid,,9597,7.6899999999996
MHAS,419,wealth_within_low_education,final,483419,valid,,9597,3.65999999999985
MHAS,420,recovery_phase,final,483420,valid,,9607,0.0399999999999636
MHAS,420,wealth_by_sex,final,483420,valid,,9607,7.55999999999949
MHAS,420,wealth_within_low_education,final,483420,valid,,9607,3.57999999999993
MHAS,421,recovery_phase,final,483421,valid,,9643,0.0299999999997453
MHAS,421,wealth_by_sex,final,483421,valid,,9643,7.55999999999949
MHAS,421,wealth_within_low_education,final,483421,valid,,9643,3.52000000000044
MHAS,422,recovery_phase,final,483422,valid,,9547,0.0399999999999636
MHAS,422,wealth_by_sex,final,483422,valid,,9547,7.61999999999989
MHAS,422,wealth_within_low_education,final,483422,valid,,9547,3.51000000000022
MHAS,423,recovery_phase,final,483423,valid,,9574,0.0399999999999636
MHAS,423,wealth_by_sex,final,483423,valid,,9574,7.52000000000044
MHAS,423,wealth_within_low_education,final,483423,valid,,9574,3.64000000000033
MHAS,424,recovery_phase,final,483424,valid,,9608,0.0500000000001819
MHAS,424,wealth_by_sex,final,483424,valid,,9608,7.39999999999964
MHAS,424,wealth_within_low_education,final,483424,valid,,9608,3.53000000000066
MHAS,425,recovery_phase,final,483425,valid,,9620,0.0500000000001819
MHAS,425,wealth_by_sex,final,483425,valid,,9620,7.72000000000026
MHAS,425,wealth_within_low_education,final,483425,valid,,9620,3.65000000000055
MHAS,426,recovery_phase,final,483426,valid,,9578,0.0500000000001819
MHAS,426,wealth_by_sex,final,483426,valid,,9578,7.67000000000007
MHAS,426,wealth_within_low_education,final,483426,valid,,9578,3.47000000000025
MHAS,427,recovery_phase,final,483427,valid,,9631,0.0600000000004002
MHAS,427,wealth_by_sex,final,483427,valid,,9631,7.42000000000007
MHAS,427,wealth_within_low_education,final,483427,valid,,9631,3.73000000000047
MHAS,428,recovery_phase,final,483428,valid,,9649,0.0499999999992724
MHAS,428,wealth_by_sex,final,483428,valid,,9649,7.35999999999967
MHAS,428,wealth_within_low_education,final,483428,valid,,9649,3.55999999999949
MHAS,429,recovery_phase,final,483429,valid,,9576,0.0300000000006548
MHAS,429,wealth_by_sex,final,483429,valid,,9576,7.35999999999967
MHAS,429,wealth_within_low_education,final,483429,valid,,9576,3.73000000000047
MHAS,430,recovery_phase,final,483430,valid,,9587,0.0500000000001819
MHAS,430,wealth_by_sex,final,483430,valid,,9587,7.72999999999956
MHAS,430,wealth_within_low_education,final,483430,valid,,9587,3.52999999999975
MHAS,431,recovery_phase,final,483431,valid,,9538,0.0499999999992724
MHAS,431,wealth_by_sex,final,483431,valid,,9538,7.5600000000004
MHAS,431,wealth_within_low_education,final,483431,valid,,9538,3.96000000000004
MHAS,432,recovery_phase,final,483432,valid,,9590,0.0499999999992724
MHAS,432,wealth_by_sex,final,483432,valid,,9590,7.48000000000047
MHAS,432,wealth_within_low_education,final,483432,valid,,9590,3.53999999999996
MHAS,433,recovery_phase,final,483433,valid,,9593,0.0500000000001819
MHAS,433,wealth_by_sex,final,483433,valid,,9593,7.94000000000051
MHAS,433,wealth_within_low_education,final,483433,valid,,9593,3.60999999999967
MHAS,434,recovery_phase,final,483434,valid,,9569,0.0500000000001819
MHAS,434,wealth_by_sex,final,483434,valid,,9569,7.4399999999996
MHAS,434,wealth_within_low_education,final,483434,valid,,9569,3.57999999999993
MHAS,435,recovery_phase,final,483435,valid,,9618,0.0500000000001819
MHAS,435,wealth_by_sex,final,483435,valid,,9618,7.40999999999985
MHAS,435,wealth_within_low_education,final,483435,valid,,9618,3.64000000000033
MHAS,436,recovery_phase,final,483436,valid,,9607,0.0499999999992724
MHAS,436,wealth_by_sex,final,483436,valid,,9607,7.69000000000051
MHAS,436,wealth_within_low_education,final,483436,valid,,9607,3.72999999999956
MHAS,437,recovery_phase,final,483437,valid,,9591,0.0299999999997453
MHAS,437,wealth_by_sex,final,483437,valid,,9591,7.57999999999993
MHAS,437,wealth_within_low_education,final,483437,valid,,9591,3.69999999999982
MHAS,438,recovery_phase,final,483438,valid,,9532,0.0300000000006548
MHAS,438,wealth_by_sex,final,483438,valid,,9532,7.52000000000044
MHAS,438,wealth_within_low_education,final,483438,valid,,9532,3.5
MHAS,439,recovery_phase,final,483439,valid,,9534,0.0500000000001819
MHAS,439,wealth_by_sex,final,483439,valid,,9534,7.47000000000026
MHAS,439,wealth_within_low_education,final,483439,valid,,9534,3.61000000000058
MHAS,440,recovery_phase,final,483440,valid,,9595,0.0500000000001819
MHAS,440,wealth_by_sex,final,483440,valid,,9595,7.43000000000029
MHAS,440,wealth_within_low_education,final,483440,valid,,9595,3.60999999999967
MHAS,441,recovery_phase,final,483441,valid,,9603,0.0499999999992724
MHAS,441,wealth_by_sex,final,483441,valid,,9603,7.51999999999953
MHAS,441,wealth_within_low_education,final,483441,valid,,9603,3.6899999999996
MHAS,442,recovery_phase,final,483442,valid,,9569,0.0500000000001819
MHAS,442,wealth_by_sex,final,483442,valid,,9569,7.44999999999982
MHAS,442,wealth_within_low_education,final,483442,valid,,9569,3.44999999999982
MHAS,443,recovery_phase,final,483443,valid,,9603,0.0500000000001819
MHAS,443,wealth_by_sex,final,483443,valid,,9603,7.03999999999996
MHAS,443,wealth_within_low_education,final,483443,valid,,9603,3.82000000000062
MHAS,444,recovery_phase,final,483444,valid,,9610,0.0300000000006548
MHAS,444,wealth_by_sex,final,483444,valid,,9610,7.02999999999975
MHAS,444,wealth_within_low_education,final,483444,valid,,9610,3.57999999999993
MHAS,445,recovery_phase,final,483445,valid,,9578,0.0299999999997453
MHAS,445,wealth_by_sex,final,483445,valid,,9578,7.14999999999964
MHAS,445,wealth_within_low_education,final,483445,valid,,9578,3.52999999999975
MHAS,446,recovery_phase,final,483446,valid,,9589,0.0299999999997453
MHAS,446,wealth_by_sex,final,483446,valid,,9589,7.4399999999996
MHAS,446,wealth_within_low_education,final,483446,valid,,9589,3.38000000000011
MHAS,447,recovery_phase,final,483447,valid,,9584,0.0299999999997453
MHAS,447,wealth_by_sex,final,483447,valid,,9584,7.49000000000069
MHAS,447,wealth_within_low_education,final,483447,valid,,9584,3.47000000000025
MHAS,448,recovery_phase,final,483448,valid,,9611,0.0499999999992724
MHAS,448,wealth_by_sex,final,483448,valid,,9611,7.15999999999985
MHAS,448,wealth_within_low_education,final,483448,valid,,9611,3.42999999999938
MHAS,449,recovery_phase,final,483449,valid,,9560,0.0500000000001819
MHAS,449,wealth_by_sex,final,483449,valid,,9560,7.48999999999978
MHAS,449,wealth_within_low_education,final,483449,valid,,9560,3.55000000000018
MHAS,450,recovery_phase,final,483450,valid,,9525,0.0399999999999636
MHAS,450,wealth_by_sex,final,483450,valid,,9525,7.19999999999982
MHAS,450,wealth_within_low_education,final,483450,valid,,9525,3.43000000000029
MHAS,451,recovery_phase,final,483451,valid,,9559,0.0500000000001819
MHAS,451,wealth_by_sex,final,483451,valid,,9559,7.24000000000069
MHAS,451,wealth_within_low_education,final,483451,valid,,9559,3.52999999999975
MHAS,452,recovery_phase,final,483452,valid,,9630,0.0500000000001819
MHAS,452,wealth_by_sex,final,483452,valid,,9630,6.90999999999985
MHAS,452,wealth_within_low_education,final,483452,valid,,9630,3.40999999999985
MHAS,453,recovery_phase,final,483453,valid,,9550,0.0399999999999636
MHAS,453,wealth_by_sex,final,483453,valid,,9550,7.02999999999975
MHAS,453,wealth_within_low_education,final,483453,valid,,9550,3.39999999999964
MHAS,454,recovery_phase,final,483454,valid,,9528,0.0500000000001819
MHAS,454,wealth_by_sex,final,483454,valid,,9528,7.42999999999938
MHAS,454,wealth_within_low_education,final,483454,valid,,9528,3.55999999999949
MHAS,455,recovery_phase,final,483455,valid,,9594,0.0500000000001819
MHAS,455,wealth_by_sex,final,483455,valid,,9594,7.44000000000051
MHAS,455,wealth_within_low_education,final,483455,valid,,9594,3.52999999999975
MHAS,456,recovery_phase,final,483456,valid,"",9583,0.0500000000001819
MHAS,456,wealth_by_sex,final,483456,valid,"",9583,7.30000000000018
MHAS,456,wealth_within_low_education,final,483456,valid,"",9583,3.60000000000036
MHAS,457,recovery_phase,final,483457,valid,"",9620,0.0500000000001819
MHAS,457,wealth_by_sex,final,483457,valid,"",9620,7.34000000000015
MHAS,457,wealth_within_low_education,final,483457,valid,"",9620,3.36999999999989
MHAS,458,recovery_phase,final,483458,valid,"",9522,0.0500000000001819
MHAS,458,wealth_by_sex,final,483458,failed,nonconvergent/nonfinite model,9522,3.84000000000015
MHAS,458,wealth_within_low_education,final,483458,failed,nonconvergent/nonfinite model,9522,2.10000000000036
MHAS,459,recovery_phase,final,483459,valid,"",9608,0.0399999999999636
MHAS,459,wealth_by_sex,final,483459,valid,"",9608,7.48999999999978
MHAS,459,wealth_within_low_education,final,483459,failed,nonconvergent/nonfinite model,9608,2.21000000000004
MHAS,460,recovery_phase,final,483460,valid,"",9644,0.0399999999999636
MHAS,460,wealth_by_sex,final,483460,valid,"",9644,7.23000000000047
MHAS,460,wealth_within_low_education,final,483460,valid,"",9644,3.42000000000007
MHAS,461,recovery_phase,final,483461,valid,,9605,0.0499999999992724
MHAS,461,wealth_by_sex,final,483461,valid,,9605,7.06999999999971
MHAS,461,wealth_within_low_education,final,483461,valid,,9605,3.47999999999956
MHAS,462,recovery_phase,final,483462,valid,,9608,0.0300000000006548
MHAS,462,wealth_by_sex,final,483462,valid,,9608,7.14999999999964
MHAS,462,wealth_within_low_education,final,483462,valid,,9608,3.47000000000025
MHAS,463,recovery_phase,final,483463,valid,,9678,0.0399999999999636
MHAS,463,wealth_by_sex,final,483463,valid,,9678,7.05000000000018
MHAS,463,wealth_within_low_education,final,483463,valid,,9678,3.45000000000073
MHAS,464,recovery_phase,final,483464,valid,,9617,0.0300000000006548
MHAS,464,wealth_by_sex,final,483464,valid,,9617,7.1899999999996
MHAS,464,wealth_within_low_education,final,483464,valid,,9617,3.4399999999996
MHAS,465,recovery_phase,final,483465,valid,,9555,0.0399999999999636
MHAS,465,wealth_by_sex,final,483465,valid,,9555,7.27999999999975
MHAS,465,wealth_within_low_education,final,483465,valid,,9555,3.31999999999971
MHAS,466,recovery_phase,final,483466,valid,,9571,0.0500000000001819
MHAS,466,wealth_by_sex,final,483466,valid,,9571,7.11000000000058
MHAS,466,wealth_within_low_education,final,483466,valid,,9571,3.5600000000004
MHAS,467,recovery_phase,final,483467,valid,,9578,0.0299999999997453
MHAS,467,wealth_by_sex,final,483467,valid,,9578,7.35999999999967
MHAS,467,wealth_within_low_education,final,483467,valid,,9578,3.32999999999993
MHAS,468,recovery_phase,final,483468,valid,,9605,0.0500000000001819
MHAS,468,wealth_by_sex,final,483468,valid,,9605,7.10000000000036
MHAS,468,wealth_within_low_education,final,483468,valid,,9605,3.42000000000007
MHAS,469,recovery_phase,final,483469,valid,,9534,0.0299999999997453
MHAS,469,wealth_by_sex,final,483469,valid,,9534,7.34000000000015
MHAS,469,wealth_within_low_education,final,483469,valid,,9534,3.52000000000044
MHAS,470,recovery_phase,final,483470,valid,,9578,0.0399999999999636
MHAS,470,wealth_by_sex,final,483470,valid,,9578,7.92000000000007
MHAS,470,wealth_within_low_education,final,483470,valid,,9578,3.38000000000011
MHAS,471,recovery_phase,final,483471,valid,,9585,0.0500000000001819
MHAS,471,wealth_by_sex,final,483471,valid,,9585,7.75
MHAS,471,wealth_within_low_education,final,483471,valid,,9585,3.63999999999942
MHAS,472,recovery_phase,final,483472,valid,,9679,0.0500000000001819
MHAS,472,wealth_by_sex,final,483472,valid,,9679,7.27999999999975
MHAS,472,wealth_within_low_education,final,483472,valid,,9679,3.26000000000022
MHAS,473,recovery_phase,final,483473,valid,,9602,0.0500000000001819
MHAS,473,wealth_by_sex,final,483473,valid,,9602,7.21999999999935
MHAS,473,wealth_within_low_education,final,483473,valid,,9602,3.4399999999996
MHAS,474,recovery_phase,final,483474,valid,,9603,0.0399999999999636
MHAS,474,wealth_by_sex,final,483474,valid,,9603,7.23000000000047
MHAS,474,wealth_within_low_education,final,483474,valid,,9603,3.57999999999993
MHAS,475,recovery_phase,final,483475,valid,,9527,0.0299999999997453
MHAS,475,wealth_by_sex,final,483475,valid,,9527,7.67000000000007
MHAS,475,wealth_within_low_education,final,483475,valid,,9527,3.61999999999989
MHAS,476,recovery_phase,final,483476,valid,,9555,0.0499999999992724
MHAS,476,wealth_by_sex,final,483476,valid,,9555,7.64999999999964
MHAS,476,wealth_within_low_education,final,483476,valid,,9555,3.34000000000015
MHAS,477,recovery_phase,final,483477,valid,,9564,0.0499999999992724
MHAS,477,wealth_by_sex,final,483477,valid,,9564,7.69999999999982
MHAS,477,wealth_within_low_education,final,483477,valid,,9564,3.46000000000004
MHAS,478,recovery_phase,final,483478,valid,,9610,0.0500000000001819
MHAS,478,wealth_by_sex,final,483478,valid,,9610,7.8100000000004
MHAS,478,wealth_within_low_education,final,483478,valid,,9610,3.64000000000033
MHAS,479,recovery_phase,final,483479,valid,,9583,0.0299999999997453
MHAS,479,wealth_by_sex,final,483479,valid,,9583,7.64000000000033
MHAS,479,wealth_within_low_education,final,483479,valid,,9583,3.32999999999993
MHAS,480,recovery_phase,final,483480,valid,,9623,0.0500000000001819
MHAS,480,wealth_by_sex,final,483480,valid,,9623,7.56999999999971
MHAS,480,wealth_within_low_education,final,483480,valid,,9623,3.33999999999924
MHAS,481,recovery_phase,final,483481,valid,,9586,0.0500000000001819
MHAS,481,wealth_by_sex,final,483481,valid,,9586,7.17000000000007
MHAS,481,wealth_within_low_education,final,483481,valid,,9586,3.39000000000033
MHAS,482,recovery_phase,final,483482,valid,,9616,0.0500000000001819
MHAS,482,wealth_by_sex,final,483482,valid,,9616,7.39999999999964
MHAS,482,wealth_within_low_education,final,483482,valid,,9616,3.5600000000004
MHAS,483,recovery_phase,final,483483,valid,,9541,0.0500000000001819
MHAS,483,wealth_by_sex,final,483483,valid,,9541,7.17000000000007
MHAS,483,wealth_within_low_education,final,483483,valid,,9541,3.61999999999989
MHAS,484,recovery_phase,final,483484,valid,,9559,0.0399999999999636
MHAS,484,wealth_by_sex,final,483484,valid,,9559,7
MHAS,484,wealth_within_low_education,final,483484,valid,,9559,3.53999999999996
MHAS,485,recovery_phase,final,483485,valid,,9570,0.0500000000001819
MHAS,485,wealth_by_sex,final,483485,valid,,9570,7.05999999999949
MHAS,485,wealth_within_low_education,final,483485,valid,,9570,3.42000000000007
MHAS,486,recovery_phase,final,483486,valid,,9592,0.0500000000001819
MHAS,486,wealth_by_sex,final,483486,valid,,9592,7.64999999999964
MHAS,486,wealth_within_low_education,final,483486,valid,,9592,3.42000000000007
MHAS,487,recovery_phase,final,483487,valid,,9532,0.0399999999999636
MHAS,487,wealth_by_sex,final,483487,valid,,9532,6.98000000000047
MHAS,487,wealth_within_low_education,final,483487,valid,,9532,3.34000000000015
MHAS,488,recovery_phase,final,483488,valid,,9574,0.0300000000006548
MHAS,488,wealth_by_sex,final,483488,valid,,9574,6.96999999999935
MHAS,488,wealth_within_low_education,final,483488,valid,,9574,3.42000000000007
MHAS,489,recovery_phase,final,483489,valid,,9646,0.0500000000001819
MHAS,489,wealth_by_sex,final,483489,valid,,9646,6.98000000000047
MHAS,489,wealth_within_low_education,final,483489,valid,,9646,3.44999999999982
MHAS,490,recovery_phase,final,483490,valid,,9517,0.0300000000006548
MHAS,490,wealth_by_sex,final,483490,valid,,9517,6.97999999999956
MHAS,490,wealth_within_low_education,final,483490,valid,,9517,3.42000000000007
MHAS,491,recovery_phase,final,483491,valid,,9572,0.0299999999997453
MHAS,491,wealth_by_sex,final,483491,valid,,9572,7.27999999999975
MHAS,491,wealth_within_low_education,final,483491,valid,,9572,3.4399999999996
MHAS,492,recovery_phase,final,483492,valid,,9609,0.0399999999999636
MHAS,492,wealth_by_sex,final,483492,valid,,9609,7.66999999999916
MHAS,492,wealth_within_low_education,final,483492,valid,,9609,3.54999999999927
MHAS,493,recovery_phase,final,483493,valid,,9569,0.0399999999999636
MHAS,493,wealth_by_sex,final,483493,valid,,9569,7.85999999999967
MHAS,493,wealth_within_low_education,final,483493,valid,,9569,3.46000000000004
MHAS,494,recovery_phase,final,483494,valid,,9553,0.0500000000001819
MHAS,494,wealth_by_sex,final,483494,valid,,9553,7.52999999999975
MHAS,494,wealth_within_low_education,final,483494,valid,,9553,3.54999999999927
MHAS,495,recovery_phase,final,483495,valid,,9605,0.0399999999999636
MHAS,495,wealth_by_sex,final,483495,valid,,9605,7.17000000000007
MHAS,495,wealth_within_low_education,final,483495,valid,,9605,3.43000000000029
MHAS,496,recovery_phase,final,483496,valid,,9649,0.0299999999997453
MHAS,496,wealth_by_sex,final,483496,valid,,9649,7.43000000000029
MHAS,496,wealth_within_low_education,final,483496,valid,,9649,3.30000000000018
MHAS,497,recovery_phase,final,483497,valid,,9525,0.0500000000001819
MHAS,497,wealth_by_sex,final,483497,valid,,9525,7.05000000000018
MHAS,497,wealth_within_low_education,final,483497,valid,,9525,3.34000000000015
MHAS,498,recovery_phase,final,483498,valid,,9582,0.0500000000001819
MHAS,498,wealth_by_sex,final,483498,valid,,9582,7.63000000000011
MHAS,498,wealth_within_low_education,final,483498,valid,,9582,3.36000000000058
MHAS,499,recovery_phase,final,483499,valid,,9593,0.0399999999999636
MHAS,499,wealth_by_sex,final,483499,valid,,9593,7.35999999999967
MHAS,499,wealth_within_low_education,final,483499,valid,,9593,3.47999999999956
MHAS,500,recovery_phase,final,483500,valid,,9578,0.0499999999992724
MHAS,500,wealth_by_sex,final,483500,valid,,9578,7.59000000000015
MHAS,500,wealth_within_low_education,final,483500,valid,,9578,3.35999999999967
