cohort,exposure,ses,age,age_rate_evaluated,tail_rate_held_at_95,process,origin_state,destination,annual_hazard,standardization_rows
CHARLS,education,high,60,60,FALSE,onset,I0,D1,0.013031261460046,22314
CHARLS,education,high,61,61,FALSE,onset,I0,D1,0.0135584452033913,22314
CHARLS,education,high,62,62,FALSE,onset,I0,D1,0.0141098978829318,22314
CHARLS,education,high,63,63,FALSE,onset,I0,D1,0.0146899036936298,22314
CHARLS,education,high,64,64,FALSE,onset,I0,D1,0.0153033204618949,22314
CHARLS,education,high,65,65,FALSE,onset,I0,D1,0.0159556533366409,22314
CHARLS,education,high,66,66,FALSE,onset,I0,D1,0.0166531446713795,22314
CHARLS,education,high,67,67,FALSE,onset,I0,D1,0.0174028834002477,22314
CHARLS,education,high,68,68,FALSE,onset,I0,D1,0.0182129379157754,22314
CHARLS,education,high,69,69,FALSE,onset,I0,D1,0.0190925173512465,22314
CHARLS,education,high,70,70,FALSE,onset,I0,D1,0.0200521673070182,22314
CHARLS,education,high,71,71,FALSE,onset,I0,D1,0.0211031708957073,22314
CHARLS,education,high,72,72,FALSE,onset,I0,D1,0.0222549615495202,22314
CHARLS,education,high,73,73,FALSE,onset,I0,D1,0.02351721908545,22314
CHARLS,education,high,74,74,FALSE,onset,I0,D1,0.0249007434999443,22314
CHARLS,education,high,75,75,FALSE,onset,I0,D1,0.0264175869562388,22314
CHARLS,education,high,76,76,FALSE,onset,I0,D1,0.0280812028217765,22314
CHARLS,education,high,77,77,FALSE,onset,I0,D1,0.0299066139836981,22314
CHARLS,education,high,78,78,FALSE,onset,I0,D1,0.0319106029767486,22314
CHARLS,education,high,79,79,FALSE,onset,I0,D1,0.0341119268063899,22314
CHARLS,education,high,80,80,FALSE,onset,I0,D1,0.0365315597463767,22314
CHARLS,education,high,81,81,FALSE,onset,I0,D1,0.039186735447824,22314
CHARLS,education,high,82,82,FALSE,onset,I0,D1,0.0420688633370921,22314
CHARLS,education,high,83,83,FALSE,onset,I0,D1,0.0451550310586493,22314
CHARLS,education,high,84,84,FALSE,onset,I0,D1,0.0484114441778378,22314
CHARLS,education,high,85,85,FALSE,onset,I0,D1,0.0517915976780595,22314
CHARLS,education,high,86,86,FALSE,onset,I0,D1,0.0552348026473077,22314
CHARLS,education,high,87,87,FALSE,onset,I0,D1,0.0586653119342118,22314
CHARLS,education,high,88,88,FALSE,onset,I0,D1,0.0619923204044042,22314
CHARLS,education,high,89,89,FALSE,onset,I0,D1,0.0651111225268222,22314
CHARLS,education,high,90,90,FALSE,onset,I0,D1,0.0679056805529519,22314
CHARLS,education,high,91,91,FALSE,onset,I0,D1,0.0702831399763704,22314
CHARLS,education,high,92,92,FALSE,onset,I0,D1,0.0722772122090379,22314
CHARLS,education,high,93,93,FALSE,onset,I0,D1,0.0739699833671877,22314
CHARLS,education,high,94,94,FALSE,onset,I0,D1,0.0754592080155894,22314
CHARLS,education,high,95,95,FALSE,onset,I0,D1,0.0768546698562297,22314
CHARLS,education,high,96,95,TRUE,onset,I0,D1,0.0768546698562297,22314
CHARLS,education,high,97,95,TRUE,onset,I0,D1,0.0768546698562297,22314
CHARLS,education,high,98,95,TRUE,onset,I0,D1,0.0768546698562297,22314
CHARLS,education,high,99,95,TRUE,onset,I0,D1,0.0768546698562297,22314
CHARLS,education,middle,60,60,FALSE,onset,I0,D1,0.0228222030066387,22314
CHARLS,education,middle,61,61,FALSE,onset,I0,D1,0.0237454823414378,22314
CHARLS,education,middle,62,62,FALSE,onset,I0,D1,0.0247112648974563,22314
CHARLS,education,middle,63,63,FALSE,onset,I0,D1,0.0257270537677329,22314
CHARLS,education,middle,64,64,FALSE,onset,I0,D1,0.0268013566704831,22314
CHARLS,education,middle,65,65,FALSE,onset,I0,D1,0.0279438150073833,22314
CHARLS,education,middle,66,66,FALSE,onset,I0,D1,0.0291653612779099,22314
CHARLS,education,middle,67,67,FALSE,onset,I0,D1,0.0304784106342313,22314
CHARLS,education,middle,68,68,FALSE,onset,I0,D1,0.0318970935957005,22314
CHARLS,education,middle,69,69,FALSE,onset,I0,D1,0.0334375385095205,22314
CHARLS,education,middle,70,70,FALSE,onset,I0,D1,0.0351182143345804,22314
CHARLS,education,middle,71,71,FALSE,onset,I0,D1,0.0369588816663894,22314
CHARLS,education,middle,72,72,FALSE,onset,I0,D1,0.0389760616764031,22314
CHARLS,education,middle,73,73,FALSE,onset,I0,D1,0.0411867070402441,22314
CHARLS,education,middle,74,74,FALSE,onset,I0,D1,0.0436097322515053,22314
CHARLS,education,middle,75,75,FALSE,onset,I0,D1,0.0462662447767879,22314
CHARLS,education,middle,76,76,FALSE,onset,I0,D1,0.0491798060712776,22314
CHARLS,education,middle,77,77,FALSE,onset,I0,D1,0.0523767263568302,22314
CHARLS,education,middle,78,78,FALSE,onset,I0,D1,0.055886397601068,22314
CHARLS,education,middle,79,79,FALSE,onset,I0,D1,0.0597416697462443,22314
CHARLS,education,middle,80,80,FALSE,onset,I0,D1,0.0639792759309746,22314
CHARLS,education,middle,81,81,FALSE,onset,I0,D1,0.0686293981821869,22314
CHARLS,education,middle,82,82,FALSE,onset,I0,D1,0.0736769914625184,22314
CHARLS,education,middle,83,83,FALSE,onset,I0,D1,0.079081928388223,22314
CHARLS,education,middle,84,84,FALSE,onset,I0,D1,0.0847850233270716,22314
CHARLS,education,middle,85,85,FALSE,onset,I0,D1,0.0907048300635246,22314
CHARLS,education,middle,86,86,FALSE,onset,I0,D1,0.0967350615221274,22314
CHARLS,education,middle,87,87,FALSE,onset,I0,D1,0.102743058491717,22314
CHARLS,education,middle,88,88,FALSE,onset,I0,D1,0.108569790074407,22314
CHARLS,education,middle,89,89,FALSE,onset,I0,D1,0.114031881015763,22314
CHARLS,education,middle,90,90,FALSE,onset,I0,D1,0.118926109466455,22314
CHARLS,education,middle,91,91,FALSE,onset,I0,D1,0.123089855376063,22314
CHARLS,education,middle,92,92,FALSE,onset,I0,D1,0.126582158975632,22314
CHARLS,education,middle,93,93,FALSE,onset,I0,D1,0.129546781175372,22314
CHARLS,education,middle,94,94,FALSE,onset,I0,D1,0.132154923706509,22314
CHARLS,education,middle,95,95,FALSE,onset,I0,D1,0.134598855440421,22314
CHARLS,education,middle,96,95,TRUE,onset,I0,D1,0.134598855440421,22314
CHARLS,education,middle,97,95,TRUE,onset,I0,D1,0.134598855440421,22314
CHARLS,education,middle,98,95,TRUE,onset,I0,D1,0.134598855440421,22314
CHARLS,education,middle,99,95,TRUE,onset,I0,D1,0.134598855440421,22314
CHARLS,education,low,60,60,FALSE,onset,I0,D1,0.036583428773345,22314
CHARLS,education,low,61,61,FALSE,onset,I0,D1,0.0380634227849967,22314
CHARLS,education,low,62,62,FALSE,onset,I0,D1,0.0396115484124115,22314
CHARLS,education,low,63,63,FALSE,onset,I0,D1,0.0412398329287534,22314
CHARLS,education,low,64,64,FALSE,onset,I0,D1,0.042961913996577,22314
CHARLS,education,low,65,65,FALSE,onset,I0,D1,0.0447932465450757,22314
CHARLS,education,low,66,66,FALSE,onset,I0,D1,0.0467513551013863,22314
CHARLS,education,low,67,67,FALSE,onset,I0,D1,0.048856140848358,22314
CHARLS,education,low,68,68,FALSE,onset,I0,D1,0.0511302546601478,22314
CHARLS,education,low,69,69,FALSE,onset,I0,D1,0.0535995498797022,22314
CHARLS,education,low,70,70,FALSE,onset,I0,D1,0.0562936317927971,22314
CHARLS,education,low,71,71,FALSE,onset,I0,D1,0.0592441761468662,22314
CHARLS,education,low,72,72,FALSE,onset,I0,D1,0.062477665972449,22314
CHARLS,education,low,73,73,FALSE,onset,I0,D1,0.0660212759906262,22314
CHARLS,education,low,74,74,FALSE,onset,I0,D1,0.0699053256683199,22314
CHARLS,education,low,75,75,FALSE,onset,I0,D1,0.0741636497541194,22314
CHARLS,education,low,76,76,FALSE,onset,I0,D1,0.078834016679816,22314
CHARLS,education,low,77,77,FALSE,onset,I0,D1,0.0839586010824064,22314
CHARLS,education,low,78,78,FALSE,onset,I0,D1,0.0895845175613757,22314
CHARLS,education,low,79,79,FALSE,onset,I0,D1,0.0957644237642911,22314
CHARLS,education,low,80,80,FALSE,onset,I0,D1,0.102557202006754,22314
CHARLS,education,low,81,81,FALSE,onset,I0,D1,0.110011233333839,22314
CHARLS,education,low,82,82,FALSE,onset,I0,D1,0.118102400921565,22314
CHARLS,education,low,83,83,FALSE,onset,I0,D1,0.126766381563066,22314
CHARLS,education,low,84,84,FALSE,onset,I0,D1,0.135908302149011,22314
CHARLS,education,low,85,85,FALSE,onset,I0,D1,0.145397606403819,22314
CHARLS,education,low,86,86,FALSE,onset,I0,D1,0.155063918765882,22314
CHARLS,education,low,87,87,FALSE,onset,I0,D1,0.164694589790214,22314
CHARLS,education,low,88,88,FALSE,onset,I0,D1,0.174034696868164,22314
CHARLS,education,low,89,89,FALSE,onset,I0,D1,0.182790293987711,22314
CHARLS,education,low,90,90,FALSE,onset,I0,D1,0.190635621534498,22314
CHARLS,education,low,91,91,FALSE,onset,I0,D1,0.197310003576852,22314
CHARLS,education,low,92,92,FALSE,onset,I0,D1,0.202908080149589,22314
CHARLS,education,low,93,93,FALSE,onset,I0,D1,0.207660296447575,22314
CHARLS,education,low,94,94,FALSE,onset,I0,D1,0.211841084625247,22314
CHARLS,education,low,95,95,FALSE,onset,I0,D1,0.215758646943332,22314
CHARLS,education,low,96,95,TRUE,onset,I0,D1,0.215758646943332,22314
CHARLS,education,low,97,95,TRUE,onset,I0,D1,0.215758646943332,22314
CHARLS,education,low,98,95,TRUE,onset,I0,D1,0.215758646943332,22314
CHARLS,education,low,99,95,TRUE,onset,I0,D1,0.215758646943332,22314
CHARLS,education,high,60,60,FALSE,recovery,D1,R1,0.374073749106796,6263
CHARLS,education,high,61,61,FALSE,recovery,D1,R1,0.356533911703199,6263
CHARLS,education,high,62,62,FALSE,recovery,D1,R1,0.339880872565721,6263
CHARLS,education,high,63,63,FALSE,recovery,D1,R1,0.324128442666855,6263
CHARLS,education,high,64,64,FALSE,recovery,D1,R1,0.309281801920267,6263
CHARLS,education,high,65,65,FALSE,recovery,D1,R1,0.295338909142767,6263
CHARLS,education,high,66,66,FALSE,recovery,D1,R1,0.282291830464852,6263
CHARLS,education,high,67,67,FALSE,recovery,D1,R1,0.270127976838686,6263
CHARLS,education,high,68,68,FALSE,recovery,D1,R1,0.258831246229552,6263
CHARLS,education,high,69,69,FALSE,recovery,D1,R1,0.248383070283778,6263
CHARLS,education,high,70,70,FALSE,recovery,D1,R1,0.238763368794445,6263
CHARLS,education,high,71,71,FALSE,recovery,D1,R1,0.229902442393624,6263
CHARLS,education,high,72,72,FALSE,recovery,D1,R1,0.221548791213892,6263
CHARLS,education,high,73,73,FALSE,recovery,D1,R1,0.213438284655973,6263
CHARLS,education,high,74,74,FALSE,recovery,D1,R1,0.205342866924571,6263
CHARLS,education,high,75,75,FALSE,recovery,D1,R1,0.197069088273249,6263
CHARLS,education,high,76,76,FALSE,recovery,D1,R1,0.18845870616995,6263
CHARLS,education,high,77,77,FALSE,recovery,D1,R1,0.179390706209156,6263
CHARLS,education,high,78,78,FALSE,recovery,D1,R1,0.169784068066491,6263
CHARLS,education,high,79,79,FALSE,recovery,D1,R1,0.159600562193603,6263
CHARLS,education,high,80,80,FALSE,recovery,D1,R1,0.148846836654785,6263
CHARLS,education,high,81,81,FALSE,recovery,D1,R1,0.137602717825355,6263
CHARLS,education,high,82,82,FALSE,recovery,D1,R1,0.126084070594204,6263
CHARLS,education,high,83,83,FALSE,recovery,D1,R1,0.114522312680736,6263
CHARLS,education,high,84,84,FALSE,recovery,D1,R1,0.103125851584462,6263
CHARLS,education,high,85,85,FALSE,recovery,D1,R1,0.0920753561867423,6263
CHARLS,education,high,86,86,FALSE,recovery,D1,R1,0.0815208238966909,6263
CHARLS,education,high,87,87,FALSE,recovery,D1,R1,0.0715803598554999,6263
CHARLS,education,high,88,88,FALSE,recovery,D1,R1,0.0623404927135146,6263
CHARLS,education,high,89,89,FALSE,recovery,D1,R1,0.0538577853221194,6263
CHARLS,education,high,90,90,FALSE,recovery,D1,R1,0.0461614593532366,6263
CHARLS,education,high,91,91,FALSE,recovery,D1,R1,0.0392662071079989,6263
CHARLS,education,high,92,92,FALSE,recovery,D1,R1,0.0331926018023734,6263
CHARLS,education,high,93,93,FALSE,recovery,D1,R1,0.0279270992921746,6263
CHARLS,education,high,94,94,FALSE,recovery,D1,R1,0.0234235018048616,6263
CHARLS,education,high,95,95,FALSE,recovery,D1,R1,0.0196154621987049,6263
CHARLS,education,high,96,95,TRUE,recovery,D1,R1,0.0196154621987049,6263
CHARLS,education,high,97,95,TRUE,recovery,D1,R1,0.0196154621987049,6263
CHARLS,education,high,98,95,TRUE,recovery,D1,R1,0.0196154621987049,6263
CHARLS,education,high,99,95,TRUE,recovery,D1,R1,0.0196154621987049,6263
CHARLS,education,middle,60,60,FALSE,recovery,D1,R1,0.218963269047639,6263
CHARLS,education,middle,61,61,FALSE,recovery,D1,R1,0.208696362734042,6263
CHARLS,education,middle,62,62,FALSE,recovery,D1,R1,0.198948541889015,6263
CHARLS,education,middle,63,63,FALSE,recovery,D1,R1,0.189727890735773,6263
CHARLS,education,middle,64,64,FALSE,recovery,D1,R1,0.1810374413257,6263
CHARLS,education,middle,65,65,FALSE,recovery,D1,R1,0.172875998856582,6263
CHARLS,education,middle,66,66,FALSE,recovery,D1,R1,0.165238919254874,6263
CHARLS,education,middle,67,67,FALSE,recovery,D1,R1,0.158118833548347,6263
CHARLS,education,middle,68,68,FALSE,recovery,D1,R1,0.151506316445416,6263
CHARLS,education,middle,69,69,FALSE,recovery,D1,R1,0.145390498999967,6263
CHARLS,education,middle,70,70,FALSE,recovery,D1,R1,0.139759627305826,6263
CHARLS,education,middle,71,71,FALSE,recovery,D1,R1,0.134572902987033,6263
CHARLS,education,middle,72,72,FALSE,recovery,D1,R1,0.129683111134048,6263
CHARLS,education,middle,73,73,FALSE,recovery,D1,R1,0.124935643465454,6263
CHARLS,education,middle,74,74,FALSE,recovery,D1,R1,0.120197008009193,6263
CHARLS,education,middle,75,75,FALSE,recovery,D1,R1,0.115353969369899,6263
CHARLS,education,middle,76,76,FALSE,recovery,D1,R1,0.110313900619847,6263
CHARLS,education,middle,77,77,FALSE,recovery,D1,R1,0.10500596623557,6263
CHARLS,education,middle,78,78,FALSE,recovery,D1,R1,0.0993827411434642,6263
CHARLS,education,middle,79,79,FALSE,recovery,D1,R1,0.0934218477591577,6263
CHARLS,education,middle,80,80,FALSE,recovery,D1,R1,0.0871271775128676,6263
CHARLS,education,middle,81,81,FALSE,recovery,D1,R1,0.0805454566026703,6263
CHARLS,education,middle,82,82,FALSE,recovery,D1,R1,0.0738030410796303,6263
CHARLS,education,middle,83,83,FALSE,recovery,D1,R1,0.0670353908108926,6263
CHARLS,education,middle,84,84,FALSE,recovery,D1,R1,0.0603644966805968,6263
CHARLS,education,middle,85,85,FALSE,recovery,D1,R1,0.0538961128320688,6263
CHARLS,education,middle,86,86,FALSE,recovery,D1,R1,0.0477180399279509,6263
CHARLS,education,middle,87,87,FALSE,recovery,D1,R1,0.0418994105600604,6263
CHARLS,education,middle,88,88,FALSE,recovery,D1,R1,0.0364908740888274,6263
CHARLS,education,middle,89,89,FALSE,recovery,D1,R1,0.0315255394583447,6263
CHARLS,education,middle,90,90,FALSE,recovery,D1,R1,0.0270205115117788,6263
CHARLS,education,middle,91,91,FALSE,recovery,D1,R1,0.0229843903561767,6263
CHARLS,education,middle,92,92,FALSE,recovery,D1,R1,0.019429218479507,6263
CHARLS,education,middle,93,93,FALSE,recovery,D1,R1,0.0163470678459364,6263
CHARLS,education,middle,94,94,FALSE,recovery,D1,R1,0.0137108966881061,6263
CHARLS,education,middle,95,95,FALSE,recovery,D1,R1,0.0114818688484944,6263
CHARLS,education,middle,96,95,TRUE,recovery,D1,R1,0.0114818688484944,6263
CHARLS,education,middle,97,95,TRUE,recovery,D1,R1,0.0114818688484944,6263
CHARLS,education,middle,98,95,TRUE,recovery,D1,R1,0.0114818688484944,6263
CHARLS,education,middle,99,95,TRUE,recovery,D1,R1,0.0114818688484944,6263
CHARLS,education,low,60,60,FALSE,recovery,D1,R1,0.305845925755533,6263
CHARLS,education,low,61,61,FALSE,recovery,D1,R1,0.291505203314801,6263
CHARLS,education,low,62,62,FALSE,recovery,D1,R1,0.27788953479006,6263
CHARLS,education,low,63,63,FALSE,recovery,D1,R1,0.265010212151619,6263
CHARLS,education,low,64,64,FALSE,recovery,D1,R1,0.252871470541595,6263
CHARLS,education,low,65,65,FALSE,recovery,D1,R1,0.241471641070998,6263
CHARLS,education,low,66,66,FALSE,recovery,D1,R1,0.230804236939646,6263
CHARLS,education,low,67,67,FALSE,recovery,D1,R1,0.220858965233377,6263
CHARLS,education,low,68,68,FALSE,recovery,D1,R1,0.211622660789638,6263
CHARLS,education,low,69,69,FALSE,recovery,D1,R1,0.203080141962208,6263
CHARLS,education,low,70,70,FALSE,recovery,D1,R1,0.195214991000608,6263
CHARLS,education,low,71,71,FALSE,recovery,D1,R1,0.187970221100068,6263
CHARLS,education,low,72,72,FALSE,recovery,D1,R1,0.181140203798388,6263
CHARLS,education,low,73,73,FALSE,recovery,D1,R1,0.174508983637989,6263
CHARLS,education,low,74,74,FALSE,recovery,D1,R1,0.167890100232376,6263
CHARLS,education,low,75,75,FALSE,recovery,D1,R1,0.161125387399272,6263
CHARLS,education,low,76,76,FALSE,recovery,D1,R1,0.154085464678738,6263
CHARLS,education,low,77,77,FALSE,recovery,D1,R1,0.146671389648393,6263
CHARLS,education,low,78,78,FALSE,recovery,D1,R1,0.138816919391773,6263
CHARLS,education,low,79,79,FALSE,recovery,D1,R1,0.1304907971002,6263
CHARLS,education,low,80,80,FALSE,recovery,D1,R1,0.121698458288417,6263
CHARLS,education,low,81,81,FALSE,recovery,D1,R1,0.112505169689836,6263
CHARLS,education,low,82,82,FALSE,recovery,D1,R1,0.103087424300658,6263
CHARLS,education,low,83,83,FALSE,recovery,D1,R1,0.093634431245547,6263
CHARLS,education,low,84,84,FALSE,recovery,D1,R1,0.0843165862947869,6263
CHARLS,education,low,85,85,FALSE,recovery,D1,R1,0.07528160588506,6263
CHARLS,education,low,86,86,FALSE,recovery,D1,R1,0.0666521291926288,6263
CHARLS,education,low,87,87,FALSE,recovery,D1,R1,0.0585247200002514,6263
CHARLS,education,low,88,88,FALSE,recovery,D1,R1,0.0509701248792455,6263
CHARLS,education,low,89,89,FALSE,recovery,D1,R1,0.0440345901050748,6263
CHARLS,education,low,90,90,FALSE,recovery,D1,R1,0.0377420075689042,6263
CHARLS,education,low,91,91,FALSE,recovery,D1,R1,0.0321043898229431,6263
CHARLS,education,low,92,92,FALSE,recovery,D1,R1,0.0271385577061259,6263
CHARLS,education,low,93,93,FALSE,recovery,D1,R1,0.0228334374092723,6263
CHARLS,education,low,94,94,FALSE,recovery,D1,R1,0.0191512572348375,6263
CHARLS,education,low,95,95,FALSE,recovery,D1,R1,0.0160377711871271,6263
CHARLS,education,low,96,95,TRUE,recovery,D1,R1,0.0160377711871271,6263
CHARLS,education,low,97,95,TRUE,recovery,D1,R1,0.0160377711871271,6263
CHARLS,education,low,98,95,TRUE,recovery,D1,R1,0.0160377711871271,6263
CHARLS,education,low,99,95,TRUE,recovery,D1,R1,0.0160377711871271,6263
CHARLS,education,high,60,60,FALSE,recovery,D2,R1,0.390404572879729,701
CHARLS,education,high,61,61,FALSE,recovery,D2,R1,0.372099004134845,701
CHARLS,education,high,62,62,FALSE,recovery,D2,R1,0.354718948337985,701
CHARLS,education,high,63,63,FALSE,recovery,D2,R1,0.338278819403065,701
CHARLS,education,high,64,64,FALSE,recovery,D2,R1,0.322784023381664,701
CHARLS,education,high,65,65,FALSE,recovery,D2,R1,0.308232429979279,701
CHARLS,education,high,66,66,FALSE,recovery,D2,R1,0.294615758959882,701
CHARLS,education,high,67,67,FALSE,recovery,D2,R1,0.281920871679409,701
CHARLS,education,high,68,68,FALSE,recovery,D2,R1,0.270130963141515,701
CHARLS,education,high,69,69,FALSE,recovery,D2,R1,0.259226654359565,701
CHARLS,education,high,70,70,FALSE,recovery,D2,R1,0.249186988491161,701
CHARLS,education,high,71,71,FALSE,recovery,D2,R1,0.239939223324288,701
CHARLS,education,high,72,72,FALSE,recovery,D2,R1,0.231220879338385,701
CHARLS,education,high,73,73,FALSE,recovery,D2,R1,0.22275629486502,701
CHARLS,education,high,74,74,FALSE,recovery,D2,R1,0.214307457946478,701
CHARLS,education,high,75,75,FALSE,recovery,D2,R1,0.20567247345964,701
CHARLS,education,high,76,76,FALSE,recovery,D2,R1,0.196686190526405,701
CHARLS,education,high,77,77,FALSE,recovery,D2,R1,0.187222311652197,701
CHARLS,education,high,78,78,FALSE,recovery,D2,R1,0.17719627943301,701
CHARLS,education,high,79,79,FALSE,recovery,D2,R1,0.166568195344735,701
CHARLS,education,high,80,80,FALSE,recovery,D2,R1,0.155344997684186,701
CHARLS,education,high,81,81,FALSE,recovery,D2,R1,0.143609997782444,701
CHARLS,education,high,82,82,FALSE,recovery,D2,R1,0.131588484476131,701
CHARLS,education,high,83,83,FALSE,recovery,D2,R1,0.119521978417569,701
CHARLS,education,high,84,84,FALSE,recovery,D2,R1,0.107627985489022,701
CHARLS,education,high,85,85,FALSE,recovery,D2,R1,0.096095061978197,701
CHARLS,education,high,86,86,FALSE,recovery,D2,R1,0.0850797536854291,701
CHARLS,education,high,87,87,FALSE,recovery,D2,R1,0.0747053218321008,701
CHARLS,education,high,88,88,FALSE,recovery,D2,R1,0.0650620726235007,701
CHARLS,education,high,89,89,FALSE,recovery,D2,R1,0.0562090382581945,701
CHARLS,education,high,90,90,FALSE,recovery,D2,R1,0.048176716129739,701
CHARLS,education,high,91,91,FALSE,recovery,D2,R1,0.0409804399565839,701
CHARLS,education,high,92,92,FALSE,recovery,D2,R1,0.0346416811133221,701
CHARLS,education,high,93,93,FALSE,recovery,D2,R1,0.0291463041631892,701
CHARLS,education,high,94,94,FALSE,recovery,D2,R1,0.0244460944915539,701
CHARLS,education,high,95,95,FALSE,recovery,D2,R1,0.0204718084597205,701
CHARLS,education,high,96,95,TRUE,recovery,D2,R1,0.0204718084597205,701
CHARLS,education,high,97,95,TRUE,recovery,D2,R1,0.0204718084597205,701
CHARLS,education,high,98,95,TRUE,recovery,D2,R1,0.0204718084597205,701
CHARLS,education,high,99,95,TRUE,recovery,D2,R1,0.0204718084597205,701
CHARLS,education,middle,60,60,FALSE,recovery,D2,R1,0.228522481818118,701
CHARLS,education,middle,61,61,FALSE,recovery,D2,R1,0.217807356301486,701
CHARLS,education,middle,62,62,FALSE,recovery,D2,R1,0.207633977809684,701
CHARLS,education,middle,63,63,FALSE,recovery,D2,R1,0.198010783496397,701
CHARLS,education,middle,64,64,FALSE,recovery,D2,R1,0.188940937782353,701
CHARLS,education,middle,65,65,FALSE,recovery,D2,R1,0.180423193704224,701
CHARLS,education,middle,66,66,FALSE,recovery,D2,R1,0.172452704443556,701
CHARLS,education,middle,67,67,FALSE,recovery,D2,R1,0.165021779323146,701
CHARLS,education,middle,68,68,FALSE,recovery,D2,R1,0.158120581574322,701
CHARLS,education,middle,69,69,FALSE,recovery,D2,R1,0.151737767748701,701
CHARLS,education,middle,70,70,FALSE,recovery,D2,R1,0.145861070803404,701
CHARLS,education,middle,71,71,FALSE,recovery,D2,R1,0.140447911240194,701
CHARLS,education,middle,72,72,FALSE,recovery,D2,R1,0.135344647233047,701
CHARLS,education,middle,73,73,FALSE,recovery,D2,R1,0.130389920813876,701
CHARLS,education,middle,74,74,FALSE,recovery,D2,R1,0.125444412192243,701
CHARLS,education,middle,75,75,FALSE,recovery,D2,R1,0.120389942489601,701
CHARLS,education,middle,76,76,FALSE,recovery,D2,R1,0.115129840992646,701
CHARLS,education,middle,77,77,FALSE,recovery,D2,R1,0.109590179733027,701
CHARLS,education,middle,78,78,FALSE,recovery,D2,R1,0.103721463215142,701
CHARLS,education,middle,79,79,FALSE,recovery,D2,R1,0.0975003369232316,701
CHARLS,education,middle,80,80,FALSE,recovery,D2,R1,0.0909308621744969,701
CHARLS,education,middle,81,81,FALSE,recovery,D2,R1,0.0840618050784173,701
CHARLS,education,middle,82,82,FALSE,recovery,D2,R1,0.0770250379737077,701
CHARLS,education,middle,83,83,FALSE,recovery,D2,R1,0.0699619344576906,701
CHARLS,education,middle,84,84,FALSE,recovery,D2,R1,0.0629998111333926,701
CHARLS,education,middle,85,85,FALSE,recovery,D2,R1,0.0562490390205765,701
CHARLS,education,middle,86,86,FALSE,recovery,D2,R1,0.0498012518686815,701
CHARLS,education,middle,87,87,FALSE,recovery,D2,R1,0.0437286003700376,701
CHARLS,education,middle,88,88,FALSE,recovery,D2,R1,0.0380839450687822,701
CHARLS,education,middle,89,89,FALSE,recovery,D2,R1,0.0329018403360999,701
CHARLS,education,middle,90,90,FALSE,recovery,D2,R1,0.0282001377560876,701
CHARLS,education,middle,91,91,FALSE,recovery,D2,R1,0.0239878128880472,701
CHARLS,education,middle,92,92,FALSE,recovery,D2,R1,0.020277433955178,701
CHARLS,education,middle,93,93,FALSE,recovery,D2,R1,0.0170607268098001,701
CHARLS,education,middle,94,94,FALSE,recovery,D2,R1,0.0143094691303504,701
CHARLS,education,middle,95,95,FALSE,recovery,D2,R1,0.0119831293010025,701
CHARLS,education,middle,96,95,TRUE,recovery,D2,R1,0.0119831293010025,701
CHARLS,education,middle,97,95,TRUE,recovery,D2,R1,0.0119831293010025,701
CHARLS,education,middle,98,95,TRUE,recovery,D2,R1,0.0119831293010025,701
CHARLS,education,middle,99,95,TRUE,recovery,D2,R1,0.0119831293010025,701
CHARLS,education,low,60,60,FALSE,recovery,D2,R1,0.319198148217305,701
CHARLS,education,low,61,61,FALSE,recovery,D2,R1,0.304231357223206,701
CHARLS,education,low,62,62,FALSE,recovery,D2,R1,0.290021273603155,701
CHARLS,education,low,63,63,FALSE,recovery,D2,R1,0.276579682297572,701
CHARLS,education,low,64,64,FALSE,recovery,D2,R1,0.263911003340884,701
CHARLS,education,low,65,65,FALSE,recovery,D2,R1,0.252013494985921,701
CHARLS,education,low,66,66,FALSE,recovery,D2,R1,0.240880387240242,701
CHARLS,education,low,67,67,FALSE,recovery,D2,R1,0.230500937835066,701
CHARLS,education,low,68,68,FALSE,recovery,D2,R1,0.220861406860344,701
CHARLS,education,low,69,69,FALSE,recovery,D2,R1,0.211945949889351,701
CHARLS,education,low,70,70,FALSE,recovery,D2,R1,0.203737432426872,701
CHARLS,education,low,71,71,FALSE,recovery,D2,R1,0.196176379812553,701
CHARLS,education,low,72,72,FALSE,recovery,D2,R1,0.189048186525024,701
CHARLS,education,low,73,73,FALSE,recovery,D2,R1,0.182127469205047,701
CHARLS,education,low,74,74,FALSE,recovery,D2,R1,0.175219627221805,701
CHARLS,education,low,75,75,FALSE,recovery,D2,R1,0.168159589380155,701
CHARLS,education,low,76,76,FALSE,recovery,D2,R1,0.16081232689681,701
CHARLS,education,low,77,77,FALSE,recovery,D2,R1,0.153074577850181,701
CHARLS,education,low,78,78,FALSE,recovery,D2,R1,0.144877207376967,701
CHARLS,education,low,79,79,FALSE,recovery,D2,R1,0.136187594099512,701
CHARLS,education,low,80,80,FALSE,recovery,D2,R1,0.12701141082917,701
CHARLS,education,low,81,81,FALSE,recovery,D2,R1,0.117416773629261,701
CHARLS,education,low,82,82,FALSE,recovery,D2,R1,0.107587880596989,701
CHARLS,education,low,83,83,FALSE,recovery,D2,R1,0.0977222011021623,701
CHARLS,education,low,84,84,FALSE,recovery,D2,R1,0.087997569831331,701
CHARLS,education,low,85,85,FALSE,recovery,D2,R1,0.0785681520326789,701
CHARLS,education,low,86,86,FALSE,recovery,D2,R1,0.0695619409036474,701
CHARLS,education,low,87,87,FALSE,recovery,D2,R1,0.0610797158826583,701
CHARLS,education,low,88,88,FALSE,recovery,D2,R1,0.0531953121025534,701
CHARLS,education,low,89,89,FALSE,recovery,D2,R1,0.0459569947983643,701
CHARLS,education,low,90,90,FALSE,recovery,D2,R1,0.0393896989022742,701
CHARLS,education,low,91,91,FALSE,recovery,D2,R1,0.0335059613948268,701
CHARLS,education,low,92,92,FALSE,recovery,D2,R1,0.0283233374572006,701
CHARLS,education,low,93,93,FALSE,recovery,D2,R1,0.0238302698342994,701
CHARLS,education,low,94,94,FALSE,recovery,D2,R1,0.0199873378410789,701
CHARLS,education,low,95,95,FALSE,recovery,D2,R1,0.0167379272809267,701
CHARLS,education,low,96,95,TRUE,recovery,D2,R1,0.0167379272809267,701
CHARLS,education,low,97,95,TRUE,recovery,D2,R1,0.0167379272809267,701
CHARLS,education,low,98,95,TRUE,recovery,D2,R1,0.0167379272809267,701
CHARLS,education,low,99,95,TRUE,recovery,D2,R1,0.0167379272809267,701
CHARLS,education,high,60,60,FALSE,relapse,R1,D2,0.190176703030758,2900
CHARLS,education,high,61,61,FALSE,relapse,R1,D2,0.195442883218609,2900
CHARLS,education,high,62,62,FALSE,relapse,R1,D2,0.200862694570695,2900
CHARLS,education,high,63,63,FALSE,relapse,R1,D2,0.206448847026198,2900
CHARLS,education,high,64,64,FALSE,relapse,R1,D2,0.212215093691835,2900
CHARLS,education,high,65,65,FALSE,relapse,R1,D2,0.218176306288537,2900
CHARLS,education,high,66,66,FALSE,relapse,R1,D2,0.22434855900834,2900
CHARLS,education,high,67,67,FALSE,relapse,R1,D2,0.230749221772972,2900
CHARLS,education,high,68,68,FALSE,relapse,R1,D2,0.237397063997188,2900
CHARLS,education,high,69,69,FALSE,relapse,R1,D2,0.244312370087274,2900
CHARLS,education,high,70,70,FALSE,relapse,R1,D2,0.251517068050479,2900
CHARLS,education,high,71,71,FALSE,relapse,R1,D2,0.259030453490849,2900
CHARLS,education,high,72,72,FALSE,relapse,R1,D2,0.266855021334875,2900
CHARLS,education,high,73,73,FALSE,relapse,R1,D2,0.274987873471376,2900
CHARLS,education,high,74,74,FALSE,relapse,R1,D2,0.283424726793921,2900
CHARLS,education,high,75,75,FALSE,relapse,R1,D2,0.292159748719686,2900
CHARLS,education,high,76,76,FALSE,relapse,R1,D2,0.301185389405226,2900
CHARLS,education,high,77,77,FALSE,relapse,R1,D2,0.310492211967714,2900
CHARLS,education,high,78,78,FALSE,relapse,R1,D2,0.320068722286705,2900
CHARLS,education,high,79,79,FALSE,relapse,R1,D2,0.329901200239469,2900
CHARLS,education,high,80,80,FALSE,relapse,R1,D2,0.339973534509178,2900
CHARLS,education,high,81,81,FALSE,relapse,R1,D2,0.350032542061376,2900
CHARLS,education,high,82,82,FALSE,relapse,R1,D2,0.358832569351694,2900
CHARLS,education,high,83,83,FALSE,relapse,R1,D2,0.364772889819714,2900
CHARLS,education,high,84,84,FALSE,relapse,R1,D2,0.366207862180051,2900
CHARLS,education,high,85,85,FALSE,relapse,R1,D2,0.361604919718046,2900
CHARLS,education,high,86,86,FALSE,relapse,R1,D2,0.349759644102387,2900
CHARLS,education,high,87,87,FALSE,relapse,R1,D2,0.330035694261838,2900
CHARLS,education,high,88,88,FALSE,relapse,R1,D2,0.302576446499336,2900
CHARLS,education,high,89,89,FALSE,relapse,R1,D2,0.268422835785885,2900
CHARLS,education,high,90,90,FALSE,relapse,R1,D2,0.22947801457475,2900
CHARLS,education,high,91,91,FALSE,relapse,R1,D2,0.188676203443047,2900
CHARLS,education,high,92,92,FALSE,relapse,R1,D2,0.150115215824713,2900
CHARLS,education,high,93,93,FALSE,relapse,R1,D2,0.116528178302714,2900
CHARLS,education,high,94,94,FALSE,relapse,R1,D2,0.0889821653398499,2900
CHARLS,education,high,95,95,FALSE,relapse,R1,D2,0.0673919259490083,2900
CHARLS,education,high,96,95,TRUE,relapse,R1,D2,0.0673919259490083,2900
CHARLS,education,high,97,95,TRUE,relapse,R1,D2,0.0673919259490083,2900
CHARLS,education,high,98,95,TRUE,relapse,R1,D2,0.0673919259490083,2900
CHARLS,education,high,99,95,TRUE,relapse,R1,D2,0.0673919259490083,2900
CHARLS,education,middle,60,60,FALSE,relapse,R1,D2,0.155755304961629,2900
CHARLS,education,middle,61,61,FALSE,relapse,R1,D2,0.160068322739674,2900
CHARLS,education,middle,62,62,FALSE,relapse,R1,D2,0.164507164913956,2900
CHARLS,education,middle,63,63,FALSE,relapse,R1,D2,0.169082240963772,2900
CHARLS,education,middle,64,64,FALSE,relapse,R1,D2,0.173804814725843,2900
CHARLS,education,middle,65,65,FALSE,relapse,R1,D2,0.178687066185372,2900
CHARLS,education,middle,66,66,FALSE,relapse,R1,D2,0.183742160155099,2900
CHARLS,education,middle,67,67,FALSE,relapse,R1,D2,0.188984322654364,2900
CHARLS,education,middle,68,68,FALSE,relapse,R1,D2,0.194428925891608,2900
CHARLS,education,middle,69,69,FALSE,relapse,R1,D2,0.200092582857993,2900
CHARLS,education,middle,70,70,FALSE,relapse,R1,D2,0.20599325265893,2900
CHARLS,education,middle,71,71,FALSE,relapse,R1,D2,0.212146738453506,2900
CHARLS,education,middle,72,72,FALSE,relapse,R1,D2,0.218555083594194,2900
CHARLS,education,middle,73,73,FALSE,relapse,R1,D2,0.22521591451902,2900
CHARLS,education,middle,74,74,FALSE,relapse,R1,D2,0.232125723350635,2900
CHARLS,education,middle,75,75,FALSE,relapse,R1,D2,0.239279733185763,2900
CHARLS,education,middle,76,76,FALSE,relapse,R1,D2,0.246671760679387,2900
CHARLS,education,middle,77,77,FALSE,relapse,R1,D2,0.254294076995438,2900
CHARLS,education,middle,78,78,FALSE,relapse,R1,D2,0.262137268413903,2900
CHARLS,education,middle,79,79,FALSE,relapse,R1,D2,0.270190098112046,2900
CHARLS,education,middle,80,80,FALSE,relapse,R1,D2,0.278439370871814,2900
CHARLS,education,middle,81,81,FALSE,relapse,R1,D2,0.286677729008933,2900
CHARLS,education,middle,82,82,FALSE,relapse,R1,D2,0.293884978437652,2900
CHARLS,education,middle,83,83,FALSE,relapse,R1,D2,0.298750119179506,2900
CHARLS,education,middle,84,84,FALSE,relapse,R1,D2,0.299925365958075,2900
CHARLS,education,middle,85,85,FALSE,relapse,R1,D2,0.2961555419183,2900
CHARLS,education,middle,86,86,FALSE,relapse,R1,D2,0.286454224740806,2900
CHARLS,education,middle,87,87,FALSE,relapse,R1,D2,0.270300249130209,2900
CHARLS,education,middle,88,88,FALSE,relapse,R1,D2,0.247811040719789,2900
CHARLS,education,middle,89,89,FALSE,relapse,R1,D2,0.219839128453784,2900
CHARLS,education,middle,90,90,FALSE,relapse,R1,D2,0.187943200047478,2900
CHARLS,education,middle,91,91,FALSE,relapse,R1,D2,0.154526391182212,2900
CHARLS,education,middle,92,92,FALSE,relapse,R1,D2,0.122944823669477,2900
CHARLS,education,middle,93,93,FALSE,relapse,R1,D2,0.0954369365906347,2900
CHARLS,education,middle,94,94,FALSE,relapse,R1,D2,0.0728766672141378,2900
CHARLS,education,middle,95,95,FALSE,relapse,R1,D2,0.0551941947192222,2900
CHARLS,education,middle,96,95,TRUE,relapse,R1,D2,0.0551941947192222,2900
CHARLS,education,middle,97,95,TRUE,relapse,R1,D2,0.0551941947192222,2900
CHARLS,education,middle,98,95,TRUE,relapse,R1,D2,0.0551941947192222,2900
CHARLS,education,middle,99,95,TRUE,relapse,R1,D2,0.0551941947192222,2900
CHARLS,education,low,60,60,FALSE,relapse,R1,D2,0.120317176295576,2900
CHARLS,education,low,61,61,FALSE,relapse,R1,D2,0.123648877392336,2900
CHARLS,education,low,62,62,FALSE,relapse,R1,D2,0.127077774768017,2900
CHARLS,education,low,63,63,FALSE,relapse,R1,D2,0.130611909491627,2900
CHARLS,education,low,64,64,FALSE,relapse,R1,D2,0.134259982602459,2900
CHARLS,education,low,65,65,FALSE,relapse,R1,D2,0.138031402842176,2900
CHARLS,education,low,66,66,FALSE,relapse,R1,D2,0.141936339707704,2900
CHARLS,education,low,67,67,FALSE,relapse,R1,D2,0.145985782452204,2900
CHARLS,education,low,68,68,FALSE,relapse,R1,D2,0.150191605731971,2900
CHARLS,education,low,69,69,FALSE,relapse,R1,D2,0.154566642677712,2900
CHARLS,education,low,70,70,FALSE,relapse,R1,D2,0.159124766260573,2900
CHARLS,education,low,71,71,FALSE,relapse,R1,D2,0.163878184035722,2900
CHARLS,education,low,72,72,FALSE,relapse,R1,D2,0.168828474443134,2900
CHARLS,education,low,73,73,FALSE,relapse,R1,D2,0.173973803964042,2900
CHARLS,education,low,74,74,FALSE,relapse,R1,D2,0.179311462848708,2900
CHARLS,education,low,75,75,FALSE,relapse,R1,D2,0.184837761055792,2900
CHARLS,education,low,76,76,FALSE,relapse,R1,D2,0.190547922102,2900
CHARLS,education,low,77,77,FALSE,relapse,R1,D2,0.196435975649871,2900
CHARLS,education,low,78,78,FALSE,relapse,R1,D2,0.202494649830168,2900
CHARLS,education,low,79,79,FALSE,relapse,R1,D2,0.208715264471245,2900
CHARLS,education,low,80,80,FALSE,relapse,R1,D2,0.21508762658881,2900
CHARLS,education,low,81,81,FALSE,relapse,R1,D2,0.221451557426441,2900
CHARLS,education,low,82,82,FALSE,relapse,R1,D2,0.227018981921773,2900
CHARLS,education,low,83,83,FALSE,relapse,R1,D2,0.230777184549187,2900
CHARLS,education,low,84,84,FALSE,relapse,R1,D2,0.231685034037092,2900
CHARLS,education,low,85,85,FALSE,relapse,R1,D2,0.22877293686192,2900
CHARLS,education,low,86,86,FALSE,relapse,R1,D2,0.22127890582759,2900
CHARLS,education,low,87,87,FALSE,relapse,R1,D2,0.208800353447667,2900
CHARLS,education,low,88,88,FALSE,relapse,R1,D2,0.191427988161418,2900
CHARLS,education,low,89,89,FALSE,relapse,R1,D2,0.169820367796498,2900
CHARLS,education,low,90,90,FALSE,relapse,R1,D2,0.14518154061743,2900
CHARLS,education,low,91,91,FALSE,relapse,R1,D2,0.119367870357735,2900
CHARLS,education,low,92,92,FALSE,relapse,R1,D2,0.0949718793058958,2900
CHARLS,education,low,93,93,FALSE,relapse,R1,D2,0.073722707086695,2900
CHARLS,education,low,94,94,FALSE,relapse,R1,D2,0.0562954489363781,2900
CHARLS,education,low,95,95,FALSE,relapse,R1,D2,0.0426361699729005,2900
CHARLS,education,low,96,95,TRUE,relapse,R1,D2,0.0426361699729005,2900
CHARLS,education,low,97,95,TRUE,relapse,R1,D2,0.0426361699729005,2900
CHARLS,education,low,98,95,TRUE,relapse,R1,D2,0.0426361699729005,2900
CHARLS,education,low,99,95,TRUE,relapse,R1,D2,0.0426361699729005,2900
CHARLS,education,high,60,60,FALSE,death_pre,I0,DEAD,0.0038842037508406,22762
CHARLS,education,high,61,61,FALSE,death_pre,I0,DEAD,0.00442205467426664,22762
CHARLS,education,high,62,62,FALSE,death_pre,I0,DEAD,0.00503094590187314,22762
CHARLS,education,high,63,63,FALSE,death_pre,I0,DEAD,0.00571586623299377,22762
CHARLS,education,high,64,64,FALSE,death_pre,I0,DEAD,0.00648074256616988,22762
CHARLS,education,high,65,65,FALSE,death_pre,I0,DEAD,0.00732792850795498,22762
CHARLS,education,high,66,66,FALSE,death_pre,I0,DEAD,0.00825761919597132,22762
CHARLS,education,high,67,67,FALSE,death_pre,I0,DEAD,0.00926721178588964,22762
CHARLS,education,high,68,68,FALSE,death_pre,I0,DEAD,0.0103506439384466,22762
CHARLS,education,high,69,69,FALSE,death_pre,I0,DEAD,0.0114977570868167,22762
CHARLS,education,high,70,70,FALSE,death_pre,I0,DEAD,0.0126937459687506,22762
CHARLS,education,high,71,71,FALSE,death_pre,I0,DEAD,0.0139238479184416,22762
CHARLS,education,high,72,72,FALSE,death_pre,I0,DEAD,0.0151920785717086,22762
CHARLS,education,high,73,73,FALSE,death_pre,I0,DEAD,0.016512684869177,22762
CHARLS,education,high,74,74,FALSE,death_pre,I0,DEAD,0.0179066714707762,22762
CHARLS,education,high,75,75,FALSE,death_pre,I0,DEAD,0.0194027293850203,22762
CHARLS,education,high,76,76,FALSE,death_pre,I0,DEAD,0.021038544199371,22762
CHARLS,education,high,77,77,FALSE,death_pre,I0,DEAD,0.022862701713595,22762
CHARLS,education,high,78,78,FALSE,death_pre,I0,DEAD,0.0249374781623716,22762
CHARLS,education,high,79,79,FALSE,death_pre,I0,DEAD,0.0273429105702265,22762
CHARLS,education,high,80,80,FALSE,death_pre,I0,DEAD,0.0301827139553147,22762
CHARLS,education,high,81,81,FALSE,death_pre,I0,DEAD,0.0335611857505827,22762
CHARLS,education,high,82,82,FALSE,death_pre,I0,DEAD,0.0374701955652359,22762
CHARLS,education,high,83,83,FALSE,death_pre,I0,DEAD,0.0418310230490029,22762
CHARLS,education,high,84,84,FALSE,death_pre,I0,DEAD,0.0465017271820592,22762
CHARLS,education,high,85,85,FALSE,death_pre,I0,DEAD,0.0512615768667606,22762
CHARLS,education,high,86,86,FALSE,death_pre,I0,DEAD,0.0558034856644252,22762
CHARLS,education,high,87,87,FALSE,death_pre,I0,DEAD,0.059740848898114,22762
CHARLS,education,high,88,88,FALSE,death_pre,I0,DEAD,0.0626348954300527,22762
CHARLS,education,high,89,89,FALSE,death_pre,I0,DEAD,0.0640457679056921,22762
CHARLS,education,high,90,90,FALSE,death_pre,I0,DEAD,0.0636044994719172,22762
CHARLS,education,high,91,91,FALSE,death_pre,I0,DEAD,0.0612049413055049,22762
CHARLS,education,high,92,92,FALSE,death_pre,I0,DEAD,0.0573454752457352,22762
CHARLS,education,high,93,93,FALSE,death_pre,I0,DEAD,0.0526650310735366,22762
CHARLS,education,high,94,94,FALSE,death_pre,I0,DEAD,0.0477257261872581,22762
CHARLS,education,high,95,95,FALSE,death_pre,I0,DEAD,0.0429621742065806,22762
CHARLS,education,high,96,95,TRUE,death_pre,I0,DEAD,0.0429621742065806,22762
CHARLS,education,high,97,95,TRUE,death_pre,I0,DEAD,0.0429621742065806,22762
CHARLS,education,high,98,95,TRUE,death_pre,I0,DEAD,0.0429621742065806,22762
CHARLS,education,high,99,95,TRUE,death_pre,I0,DEAD,0.0429621742065806,22762
CHARLS,education,middle,60,60,FALSE,death_pre,I0,DEAD,0.00287904362087747,22762
CHARLS,education,middle,61,61,FALSE,death_pre,I0,DEAD,0.003277708667668,22762
CHARLS,education,middle,62,62,FALSE,death_pre,I0,DEAD,0.00372903010111993,22762
CHARLS,education,middle,63,63,FALSE,death_pre,I0,DEAD,0.00423670571151894,22762
CHARLS,education,middle,64,64,FALSE,death_pre,I0,DEAD,0.00480364618865387,22762
CHARLS,education,middle,65,65,FALSE,death_pre,I0,DEAD,0.00543159606920934,22762
CHARLS,education,middle,66,66,FALSE,death_pre,I0,DEAD,0.00612069999279815,22762
CHARLS,education,middle,67,67,FALSE,death_pre,I0,DEAD,0.00686902868308903,22762
CHARLS,education,middle,68,68,FALSE,death_pre,I0,DEAD,0.00767208862215574,22762
CHARLS,education,middle,69,69,FALSE,death_pre,I0,DEAD,0.00852235009248277,22762
CHARLS,education,middle,70,70,FALSE,death_pre,I0,DEAD,0.00940883916001095,22762
CHARLS,education,middle,71,71,FALSE,death_pre,I0,DEAD,0.0103206134639517,22762
CHARLS,education,middle,72,72,FALSE,death_pre,I0,DEAD,0.0112606494678043,22762
CHARLS,education,middle,73,73,FALSE,death_pre,I0,DEAD,0.0122395072673197,22762
CHARLS,education,middle,74,74,FALSE,death_pre,I0,DEAD,0.0132727559047153,22762
CHARLS,education,middle,75,75,FALSE,death_pre,I0,DEAD,0.0143816616858643,22762
CHARLS,education,middle,76,76,FALSE,death_pre,I0,DEAD,0.0155941578648234,22762
CHARLS,education,middle,77,77,FALSE,death_pre,I0,DEAD,0.0169462571345041,22762
CHARLS,education,middle,78,78,FALSE,death_pre,I0,DEAD,0.0184841197912467,22762
CHARLS,education,middle,79,79,FALSE,death_pre,I0,DEAD,0.0202670707571397,22762
CHARLS,education,middle,80,80,FALSE,death_pre,I0,DEAD,0.0223719855208451,22762
CHARLS,education,middle,81,81,FALSE,death_pre,I0,DEAD,0.0248761712676345,22762
CHARLS,education,middle,82,82,FALSE,death_pre,I0,DEAD,0.0277736016015579,22762
CHARLS,education,middle,83,83,FALSE,death_pre,I0,DEAD,0.0310059275438233,22762
CHARLS,education,middle,84,84,FALSE,death_pre,I0,DEAD,0.0344679397867114,22762
CHARLS,education,middle,85,85,FALSE,death_pre,I0,DEAD,0.0379960283603629,22762
CHARLS,education,middle,86,86,FALSE,death_pre,I0,DEAD,0.0413625751198355,22762
CHARLS,education,middle,87,87,FALSE,death_pre,I0,DEAD,0.0442810215320701,22762
CHARLS,education,middle,88,88,FALSE,death_pre,I0,DEAD,0.0464261423189232,22762
CHARLS,education,middle,89,89,FALSE,death_pre,I0,DEAD,0.0474719070782982,22762
CHARLS,education,middle,90,90,FALSE,death_pre,I0,DEAD,0.0471448307581954,22762
CHARLS,education,middle,91,91,FALSE,death_pre,I0,DEAD,0.0453662338886468,22762
CHARLS,education,middle,92,92,FALSE,death_pre,I0,DEAD,0.0425055263016753,22762
CHARLS,education,middle,93,93,FALSE,death_pre,I0,DEAD,0.0390362945617272,22762
CHARLS,education,middle,94,94,FALSE,death_pre,I0,DEAD,0.0353751904753797,22762
CHARLS,education,middle,95,95,FALSE,death_pre,I0,DEAD,0.0318443576915125,22762
CHARLS,education,middle,96,95,TRUE,death_pre,I0,DEAD,0.0318443576915125,22762
CHARLS,education,middle,97,95,TRUE,death_pre,I0,DEAD,0.0318443576915125,22762
CHARLS,education,middle,98,95,TRUE,death_pre,I0,DEAD,0.0318443576915125,22762
CHARLS,education,middle,99,95,TRUE,death_pre,I0,DEAD,0.0318443576915125,22762
CHARLS,education,low,60,60,FALSE,death_pre,I0,DEAD,0.00517530490436994,22762
CHARLS,education,low,61,61,FALSE,death_pre,I0,DEAD,0.00589193634298185,22762
CHARLS,education,low,62,62,FALSE,death_pre,I0,DEAD,0.00670322173339881,22762
CHARLS,education,low,63,63,FALSE,death_pre,I0,DEAD,0.00761580814135544,22762
CHARLS,education,low,64,64,FALSE,death_pre,I0,DEAD,0.00863492775820514,22762
CHARLS,education,low,65,65,FALSE,death_pre,I0,DEAD,0.00976371652436727,22762
CHARLS,education,low,66,66,FALSE,death_pre,I0,DEAD,0.0110024344407991,22762
CHARLS,education,low,67,67,FALSE,death_pre,I0,DEAD,0.0123476134831933,22762
CHARLS,education,low,68,68,FALSE,death_pre,I0,DEAD,0.013791176203472,22762
CHARLS,education,low,69,69,FALSE,death_pre,I0,DEAD,0.0153195873485728,22762
CHARLS,education,low,70,70,FALSE,death_pre,I0,DEAD,0.0169131204182283,22762
CHARLS,education,low,71,71,FALSE,death_pre,I0,DEAD,0.0185521056675817,22762
CHARLS,education,low,72,72,FALSE,death_pre,I0,DEAD,0.0202418935213482,22762
CHARLS,education,low,73,73,FALSE,death_pre,I0,DEAD,0.0220014665732384,22762
CHARLS,education,low,74,74,FALSE,death_pre,I0,DEAD,0.0238588113879436,22762
CHARLS,education,low,75,75,FALSE,death_pre,I0,DEAD,0.0258521558048357,22762
CHARLS,education,low,76,76,FALSE,death_pre,I0,DEAD,0.0280317120213492,22762
CHARLS,education,low,77,77,FALSE,death_pre,I0,DEAD,0.0304622156548582,22762
CHARLS,education,low,78,78,FALSE,death_pre,I0,DEAD,0.0332266434294055,22762
CHARLS,education,low,79,79,FALSE,death_pre,I0,DEAD,0.0364316365080533,22762
CHARLS,education,low,80,80,FALSE,death_pre,I0,DEAD,0.0402153845627511,22762
CHARLS,education,low,81,81,FALSE,death_pre,I0,DEAD,0.0447168532736915,22762
CHARLS,education,low,82,82,FALSE,death_pre,I0,DEAD,0.0499252097252877,22762
CHARLS,education,low,83,83,FALSE,death_pre,I0,DEAD,0.0557355670884838,22762
CHARLS,education,low,84,84,FALSE,death_pre,I0,DEAD,0.0619588034471419,22762
CHARLS,education,low,85,85,FALSE,death_pre,I0,DEAD,0.0683008171512293,22762
CHARLS,education,low,86,86,FALSE,death_pre,I0,DEAD,0.0743524468760262,22762
CHARLS,education,low,87,87,FALSE,death_pre,I0,DEAD,0.0795985813634833,22762
CHARLS,education,low,88,88,FALSE,death_pre,I0,DEAD,0.083454602872905,22762
CHARLS,education,low,89,89,FALSE,death_pre,I0,DEAD,0.0853344463906496,22762
CHARLS,education,low,90,90,FALSE,death_pre,I0,DEAD,0.0847465012580172,22762
CHARLS,education,low,91,91,FALSE,death_pre,I0,DEAD,0.0815493350063068,22762
CHARLS,education,low,92,92,FALSE,death_pre,I0,DEAD,0.0764069905494661,22762
CHARLS,education,low,93,93,FALSE,death_pre,I0,DEAD,0.07017077658315,22762
CHARLS,education,low,94,94,FALSE,death_pre,I0,DEAD,0.063589657146096,22762
CHARLS,education,low,95,95,FALSE,death_pre,I0,DEAD,0.0572427105106404,22762
CHARLS,education,low,96,95,TRUE,death_pre,I0,DEAD,0.0572427105106404,22762
CHARLS,education,low,97,95,TRUE,death_pre,I0,DEAD,0.0572427105106404,22762
CHARLS,education,low,98,95,TRUE,death_pre,I0,DEAD,0.0572427105106404,22762
CHARLS,education,low,99,95,TRUE,death_pre,I0,DEAD,0.0572427105106404,22762
CHARLS,education,high,60,60,FALSE,death_post,D1,DEAD,0.0208060763171077,6443
CHARLS,education,high,61,61,FALSE,death_post,D1,DEAD,0.022125729520676,6443
CHARLS,education,high,62,62,FALSE,death_post,D1,DEAD,0.0235384443382905,6443
CHARLS,education,high,63,63,FALSE,death_post,D1,DEAD,0.0250612891135178,6443
CHARLS,education,high,64,64,FALSE,death_post,D1,DEAD,0.0267145150304919,6443
CHARLS,education,high,65,65,FALSE,death_post,D1,DEAD,0.028522143879898,6443
CHARLS,education,high,66,66,FALSE,death_post,D1,DEAD,0.0305127090716497,6443
CHARLS,education,high,67,67,FALSE,death_post,D1,DEAD,0.032720192198995,6443
CHARLS,education,high,68,68,FALSE,death_post,D1,DEAD,0.0351852098790257,6443
CHARLS,education,high,69,69,FALSE,death_post,D1,DEAD,0.0379565222738687,6443
CHARLS,education,high,70,70,FALSE,death_post,D1,DEAD,0.0410929571890486,6443
CHARLS,education,high,71,71,FALSE,death_post,D1,DEAD,0.0446602674567542,6443
CHARLS,education,high,72,72,FALSE,death_post,D1,DEAD,0.0487133886600138,6443
CHARLS,education,high,73,73,FALSE,death_post,D1,DEAD,0.0533082099580437,6443
CHARLS,education,high,74,74,FALSE,death_post,D1,DEAD,0.058506515263454,6443
CHARLS,education,high,75,75,FALSE,death_post,D1,DEAD,0.0643760574447648,6443
CHARLS,education,high,76,76,FALSE,death_post,D1,DEAD,0.0709904894069976,6443
CHARLS,education,high,77,77,FALSE,death_post,D1,DEAD,0.0784291038555706,6443
CHARLS,education,high,78,78,FALSE,death_post,D1,DEAD,0.0867763265426142,6443
CHARLS,education,high,79,79,FALSE,death_post,D1,DEAD,0.0961209012830539,6443
CHARLS,education,high,80,80,FALSE,death_post,D1,DEAD,0.106554699709676,6443
CHARLS,education,high,81,81,FALSE,death_post,D1,DEAD,0.118156079075647,6443
CHARLS,education,high,82,82,FALSE,death_post,D1,DEAD,0.130929673715646,6443
CHARLS,education,high,83,83,FALSE,death_post,D1,DEAD,0.144821608616794,6443
CHARLS,education,high,84,84,FALSE,death_post,D1,DEAD,0.159719017001114,6443
CHARLS,education,high,85,85,FALSE,death_post,D1,DEAD,0.175437561963185,6443
CHARLS,education,high,86,86,FALSE,death_post,D1,DEAD,0.191710519717354,6443
CHARLS,education,high,87,87,FALSE,death_post,D1,DEAD,0.208181160610224,6443
CHARLS,education,high,88,88,FALSE,death_post,D1,DEAD,0.224400458103578,6443
CHARLS,education,high,89,89,FALSE,death_post,D1,DEAD,0.239832259545183,6443
CHARLS,education,high,90,90,FALSE,death_post,D1,DEAD,0.253867857856754,6443
CHARLS,education,high,91,91,FALSE,death_post,D1,DEAD,0.265996134707048,6443
CHARLS,education,high,92,92,FALSE,death_post,D1,DEAD,0.27631706753029,6443
CHARLS,education,high,93,93,FALSE,death_post,D1,DEAD,0.28519288086369,6443
CHARLS,education,high,94,94,FALSE,death_post,D1,DEAD,0.293090700095825,6443
CHARLS,education,high,95,95,FALSE,death_post,D1,DEAD,0.300560282935482,6443
CHARLS,education,high,96,95,TRUE,death_post,D1,DEAD,0.300560282935482,6443
CHARLS,education,high,97,95,TRUE,death_post,D1,DEAD,0.300560282935482,6443
CHARLS,education,high,98,95,TRUE,death_post,D1,DEAD,0.300560282935482,6443
CHARLS,education,high,99,95,TRUE,death_post,D1,DEAD,0.300560282935482,6443
CHARLS,education,middle,60,60,FALSE,death_post,D1,DEAD,0.0180215401784246,6443
CHARLS,education,middle,61,61,FALSE,death_post,D1,DEAD,0.0191645804550835,6443
CHARLS,education,middle,62,62,FALSE,death_post,D1,DEAD,0.0203882276463303,6443
CHARLS,education,middle,63,63,FALSE,death_post,D1,DEAD,0.0217072657909562,6443
CHARLS,education,middle,64,64,FALSE,death_post,D1,DEAD,0.0231392357997495,6443
CHARLS,education,middle,65,65,FALSE,death_post,D1,DEAD,0.0247049445590923,6443
CHARLS,education,middle,66,66,FALSE,death_post,D1,DEAD,0.0264291067718123,6443
CHARLS,education,middle,67,67,FALSE,death_post,D1,DEAD,0.0283411561782608,6443
CHARLS,education,middle,68,68,FALSE,death_post,D1,DEAD,0.0304762735585943,6443
CHARLS,education,middle,69,69,FALSE,death_post,D1,DEAD,0.0328766933643009,6443
CHARLS,education,middle,70,70,FALSE,death_post,D1,DEAD,0.0355933703090285,6443
CHARLS,education,middle,71,71,FALSE,death_post,D1,DEAD,0.0386832573371512,6443
CHARLS,education,middle,72,72,FALSE,death_post,D1,DEAD,0.0421939378469841,6443
CHARLS,education,middle,73,73,FALSE,death_post,D1,DEAD,0.0461738211932277,6443
CHARLS,education,middle,74,74,FALSE,death_post,D1,DEAD,0.0506764225724286,6443
CHARLS,education,middle,75,75,FALSE,death_post,D1,DEAD,0.0557604272947642,6443
CHARLS,education,middle,76,76,FALSE,death_post,D1,DEAD,0.0614896310883127,6443
CHARLS,education,middle,77,77,FALSE,death_post,D1,DEAD,0.0679327146910842,6443
CHARLS,education,middle,78,78,FALSE,death_post,D1,DEAD,0.0751628049176169,6443
CHARLS,education,middle,79,79,FALSE,death_post,D1,DEAD,0.083256768746667,6443
CHARLS,education,middle,80,80,FALSE,death_post,D1,DEAD,0.0922941823701258,6443
CHARLS,education,middle,81,81,FALSE,death_post,D1,DEAD,0.102342916267976,6443
CHARLS,education,middle,82,82,FALSE,death_post,D1,DEAD,0.113406984548759,6443
CHARLS,education,middle,83,83,FALSE,death_post,D1,DEAD,0.1254397224452,6443
CHARLS,education,middle,84,84,FALSE,death_post,D1,DEAD,0.138343368459978,6443
CHARLS,education,middle,85,85,FALSE,death_post,D1,DEAD,0.151958256017966,6443
CHARLS,education,middle,86,86,FALSE,death_post,D1,DEAD,0.166053357733392,6443
CHARLS,education,middle,87,87,FALSE,death_post,D1,DEAD,0.180319686093017,6443
CHARLS,education,middle,88,88,FALSE,death_post,D1,DEAD,0.194368309052357,6443
CHARLS,education,middle,89,89,FALSE,death_post,D1,DEAD,0.207734828787589,6443
CHARLS,education,middle,90,90,FALSE,death_post,D1,DEAD,0.219892003213226,6443
CHARLS,education,middle,91,91,FALSE,death_post,D1,DEAD,0.230397118412334,6443
CHARLS,education,middle,92,92,FALSE,death_post,D1,DEAD,0.239336771555869,6443
CHARLS,education,middle,93,93,FALSE,death_post,D1,DEAD,0.247024709645019,6443
CHARLS,education,middle,94,94,FALSE,death_post,D1,DEAD,0.253865541354208,6443
CHARLS,education,middle,95,95,FALSE,death_post,D1,DEAD,0.260335448760548,6443
CHARLS,education,middle,96,95,TRUE,death_post,D1,DEAD,0.260335448760548,6443
CHARLS,education,middle,97,95,TRUE,death_post,D1,DEAD,0.260335448760548,6443
CHARLS,education,middle,98,95,TRUE,death_post,D1,DEAD,0.260335448760548,6443
CHARLS,education,middle,99,95,TRUE,death_post,D1,DEAD,0.260335448760548,6443
CHARLS,education,low,60,60,FALSE,death_post,D1,DEAD,0.0247728153986324,6443
CHARLS,education,low,61,61,FALSE,death_post,D1,DEAD,0.0263440643311056,6443
CHARLS,education,low,62,62,FALSE,death_post,D1,DEAD,0.0280261173455367,6443
CHARLS,education,low,63,63,FALSE,death_post,D1,DEAD,0.029839296914933,6443
CHARLS,education,low,64,64,FALSE,death_post,D1,DEAD,0.031807715170698,6443
CHARLS,education,low,65,65,FALSE,death_post,D1,DEAD,0.0339599737279137,6443
CHARLS,education,low,66,66,FALSE,death_post,D1,DEAD,0.0363300459742441,6443
CHARLS,education,low,67,67,FALSE,death_post,D1,DEAD,0.0389583921927165,6443
CHARLS,education,low,68,68,FALSE,death_post,D1,DEAD,0.0418933726768339,6443
CHARLS,education,low,69,69,FALSE,death_post,D1,DEAD,0.0451930438557259,6443
CHARLS,education,low,70,70,FALSE,death_post,D1,DEAD,0.0489274492274724,6443
CHARLS,education,low,71,71,FALSE,death_post,D1,DEAD,0.0531748775933318,6443
CHARLS,education,low,72,72,FALSE,death_post,D1,DEAD,0.0580007381653259,6443
CHARLS,education,low,73,73,FALSE,death_post,D1,DEAD,0.0634715755337445,6443
CHARLS,education,low,74,74,FALSE,death_post,D1,DEAD,0.0696609528941828,6443
CHARLS,education,low,75,75,FALSE,death_post,D1,DEAD,0.0766495403969856,6443
CHARLS,education,low,76,76,FALSE,death_post,D1,DEAD,0.0845250330881507,6443
CHARLS,education,low,77,77,FALSE,death_post,D1,DEAD,0.093381841058454,6443
CHARLS,education,low,78,78,FALSE,death_post,D1,DEAD,0.103320486075697,6443
CHARLS,education,low,79,79,FALSE,death_post,D1,DEAD,0.114446631221733,6443
CHARLS,education,low,80,80,FALSE,death_post,D1,DEAD,0.126869663723864,6443
CHARLS,education,low,81,81,FALSE,death_post,D1,DEAD,0.140682879873917,6443
CHARLS,education,low,82,82,FALSE,death_post,D1,DEAD,0.155891797555982,6443
CHARLS,education,low,83,83,FALSE,death_post,D1,DEAD,0.172432270328976,6443
CHARLS,education,low,84,84,FALSE,death_post,D1,DEAD,0.190169913034792,6443
CHARLS,education,low,85,85,FALSE,death_post,D1,DEAD,0.208885244399809,6443
CHARLS,education,low,86,86,FALSE,death_post,D1,DEAD,0.228260688971368,6443
CHARLS,education,low,87,87,FALSE,death_post,D1,DEAD,0.247871505548099,6443
CHARLS,education,low,88,88,FALSE,death_post,D1,DEAD,0.267183059373746,6443
CHARLS,education,low,89,89,FALSE,death_post,D1,DEAD,0.285556978730511,6443
CHARLS,education,low,90,90,FALSE,death_post,D1,DEAD,0.302268504761779,6443
CHARLS,education,low,91,91,FALSE,death_post,D1,DEAD,0.316709072936991,6443
CHARLS,education,low,92,92,FALSE,death_post,D1,DEAD,0.328997721679551,6443
CHARLS,education,low,93,93,FALSE,death_post,D1,DEAD,0.339565734690262,6443
CHARLS,education,low,94,94,FALSE,death_post,D1,DEAD,0.348969296174298,6443
CHARLS,education,low,95,95,FALSE,death_post,D1,DEAD,0.357862976749691,6443
CHARLS,education,low,96,95,TRUE,death_post,D1,DEAD,0.357862976749691,6443
CHARLS,education,low,97,95,TRUE,death_post,D1,DEAD,0.357862976749691,6443
CHARLS,education,low,98,95,TRUE,death_post,D1,DEAD,0.357862976749691,6443
CHARLS,education,low,99,95,TRUE,death_post,D1,DEAD,0.357862976749691,6443
CHARLS,education,high,60,60,FALSE,death_post,R1,DEAD,0.00743780614944218,2941
CHARLS,education,high,61,61,FALSE,death_post,R1,DEAD,0.00790955894718429,2941
CHARLS,education,high,62,62,FALSE,death_post,R1,DEAD,0.00841457963430064,2941
CHARLS,education,high,63,63,FALSE,death_post,R1,DEAD,0.00895896984325699,2941
CHARLS,education,high,64,64,FALSE,death_post,R1,DEAD,0.00954996901601194,2941
CHARLS,education,high,65,65,FALSE,death_post,R1,DEAD,0.0101961645200132,2941
CHARLS,education,high,66,66,FALSE,death_post,R1,DEAD,0.0109077565471895,2941
CHARLS,education,high,67,67,FALSE,death_post,R1,DEAD,0.0116968929191377,2941
CHARLS,education,high,68,68,FALSE,death_post,R1,DEAD,0.012578093361719,2941
CHARLS,education,high,69,69,FALSE,death_post,R1,DEAD,0.0135687887748393,2941
CHARLS,education,high,70,70,FALSE,death_post,R1,DEAD,0.014690009063754,2941
CHARLS,education,high,71,71,FALSE,death_post,R1,DEAD,0.0159652597088885,2941
CHARLS,education,high,72,72,FALSE,death_post,R1,DEAD,0.017414179214449,2941
CHARLS,education,high,73,73,FALSE,death_post,R1,DEAD,0.0190567469713487,2941
CHARLS,education,high,74,74,FALSE,death_post,R1,DEAD,0.0209150496411062,2941
CHARLS,education,high,75,75,FALSE,death_post,R1,DEAD,0.0230133076819396,2941
CHARLS,education,high,76,76,FALSE,death_post,R1,DEAD,0.0253778507112905,2941
CHARLS,education,high,77,77,FALSE,death_post,R1,DEAD,0.0280370244759966,2941
CHARLS,education,high,78,78,FALSE,death_post,R1,DEAD,0.0310210096967664,2941
CHARLS,education,high,79,79,FALSE,death_post,R1,DEAD,0.0343615307257706,2941
CHARLS,education,high,80,80,FALSE,death_post,R1,DEAD,0.0380914300550237,2941
CHARLS,education,high,81,81,FALSE,death_post,R1,DEAD,0.0422387190236447,2941
CHARLS,education,high,82,82,FALSE,death_post,R1,DEAD,0.0468050543247294,2941
CHARLS,education,high,83,83,FALSE,death_post,R1,DEAD,0.0517711765892357,2941
CHARLS,education,high,84,84,FALSE,death_post,R1,DEAD,0.057096737930205,2941
CHARLS,education,high,85,85,FALSE,death_post,R1,DEAD,0.0627158411478092,2941
CHARLS,education,high,86,86,FALSE,death_post,R1,DEAD,0.0685331371823358,2941
CHARLS,education,high,87,87,FALSE,death_post,R1,DEAD,0.0744211014602289,2941
CHARLS,education,high,88,88,FALSE,death_post,R1,DEAD,0.0802192148957981,2941
CHARLS,education,high,89,89,FALSE,death_post,R1,DEAD,0.0857358123507908,2941
CHARLS,education,high,90,90,FALSE,death_post,R1,DEAD,0.0907532917564133,2941
CHARLS,education,high,91,91,FALSE,death_post,R1,DEAD,0.0950889373036271,2941
CHARLS,education,high,92,92,FALSE,death_post,R1,DEAD,0.0987784891658186,2941
CHARLS,education,high,93,93,FALSE,death_post,R1,DEAD,0.101951436240812,2941
CHARLS,education,high,94,94,FALSE,death_post,R1,DEAD,0.104774767634808,2941
CHARLS,education,high,95,95,FALSE,death_post,R1,DEAD,0.107445012054362,2941
CHARLS,education,high,96,95,TRUE,death_post,R1,DEAD,0.107445012054362,2941
CHARLS,education,high,97,95,TRUE,death_post,R1,DEAD,0.107445012054362,2941
CHARLS,education,high,98,95,TRUE,death_post,R1,DEAD,0.107445012054362,2941
CHARLS,education,high,99,95,TRUE,death_post,R1,DEAD,0.107445012054362,2941
CHARLS,education,middle,60,60,FALSE,death_post,R1,DEAD,0.00644238348060328,2941
CHARLS,education,middle,61,61,FALSE,death_post,R1,DEAD,0.00685100026491273,2941
CHARLS,education,middle,62,62,FALSE,death_post,R1,DEAD,0.00728843260271107,2941
CHARLS,education,middle,63,63,FALSE,death_post,R1,DEAD,0.00775996552770476,2941
CHARLS,education,middle,64,64,FALSE,death_post,R1,DEAD,0.00827186960682522,2941
CHARLS,education,middle,65,65,FALSE,death_post,R1,DEAD,0.00883158293580594,2941
CHARLS,education,middle,66,66,FALSE,death_post,R1,DEAD,0.00944794058599206,2941
CHARLS,education,middle,67,67,FALSE,death_post,R1,DEAD,0.0101314646016002,2941
CHARLS,education,middle,68,68,FALSE,death_post,R1,DEAD,0.0108947314924444,2941
CHARLS,education,middle,69,69,FALSE,death_post,R1,DEAD,0.0117528393317128,2941
CHARLS,education,middle,70,70,FALSE,death_post,R1,DEAD,0.0127240035328615,2941
CHARLS,education,middle,71,71,FALSE,death_post,R1,DEAD,0.0138285837712776,2941
CHARLS,education,middle,72,72,FALSE,death_post,R1,DEAD,0.015083590274512,2941
CHARLS,education,middle,73,73,FALSE,death_post,R1,DEAD,0.0165063285349889,2941
CHARLS,education,middle,74,74,FALSE,death_post,R1,DEAD,0.0181159292937428,2941
CHARLS,education,middle,75,75,FALSE,death_post,R1,DEAD,0.0199333715164501,2941
CHARLS,education,middle,76,76,FALSE,death_post,R1,DEAD,0.0219814610532564,2941
CHARLS,education,middle,77,77,FALSE,death_post,R1,DEAD,0.0242847500593945,2941
CHARLS,education,middle,78,78,FALSE,death_post,R1,DEAD,0.0268693800842161,2941
CHARLS,education,middle,79,79,FALSE,death_post,R1,DEAD,0.0297628297199637,2941
CHARLS,education,middle,80,80,FALSE,death_post,R1,DEAD,0.0329935460549001,2941
CHARLS,education,middle,81,81,FALSE,death_post,R1,DEAD,0.0365857915912719,2941
CHARLS,education,middle,82,82,FALSE,death_post,R1,DEAD,0.0405410013022443,2941
CHARLS,education,middle,83,83,FALSE,death_post,R1,DEAD,0.0448424933546973,2941
CHARLS,education,middle,84,84,FALSE,death_post,R1,DEAD,0.0494553197336925,2941
CHARLS,education,middle,85,85,FALSE,death_post,R1,DEAD,0.0543224024483466,2941
CHARLS,education,middle,86,86,FALSE,death_post,R1,DEAD,0.0593611532737394,2941
CHARLS,education,middle,87,87,FALSE,death_post,R1,DEAD,0.0644611146112805,2941
CHARLS,education,middle,88,88,FALSE,death_post,R1,DEAD,0.06948325009928,2941
CHARLS,education,middle,89,89,FALSE,death_post,R1,DEAD,0.0742615456879394,2941
CHARLS,education,middle,90,90,FALSE,death_post,R1,DEAD,0.0786075216098144,2941
CHARLS,education,middle,91,91,FALSE,death_post,R1,DEAD,0.0823629154302377,2941
CHARLS,education,middle,92,92,FALSE,death_post,R1,DEAD,0.0855586841139368,2941
CHARLS,education,middle,93,93,FALSE,death_post,R1,DEAD,0.0883069866926886,2941
CHARLS,education,middle,94,94,FALSE,death_post,R1,DEAD,0.0907524636475177,2941
CHARLS,education,middle,95,95,FALSE,death_post,R1,DEAD,0.0930653416914011,2941
CHARLS,education,middle,96,95,TRUE,death_post,R1,DEAD,0.0930653416914011,2941
CHARLS,education,middle,97,95,TRUE,death_post,R1,DEAD,0.0930653416914011,2941
CHARLS,education,middle,98,95,TRUE,death_post,R1,DEAD,0.0930653416914011,2941
CHARLS,education,middle,99,95,TRUE,death_post,R1,DEAD,0.0930653416914011,2941
CHARLS,education,low,60,60,FALSE,death_post,R1,DEAD,0.00885584556658771,2941
CHARLS,education,low,61,61,FALSE,death_post,R1,DEAD,0.00941753940996963,2941
CHARLS,education,low,62,62,FALSE,death_post,R1,DEAD,0.010018843762782,2941
CHARLS,education,low,63,63,FALSE,death_post,R1,DEAD,0.0106670235515012,2941
CHARLS,education,low,64,64,FALSE,death_post,R1,DEAD,0.011370698438792,2941
CHARLS,education,low,65,65,FALSE,death_post,R1,DEAD,0.0121400929987305,2941
CHARLS,education,low,66,66,FALSE,death_post,R1,DEAD,0.0129873521195616,2941
CHARLS,education,low,67,67,FALSE,death_post,R1,DEAD,0.0139269396404698,2941
CHARLS,education,low,68,68,FALSE,death_post,R1,DEAD,0.0149761435153644,2941
CHARLS,education,low,69,69,FALSE,death_post,R1,DEAD,0.0161557178960139,2941
CHARLS,education,low,70,70,FALSE,death_post,R1,DEAD,0.017490702100395,2941
CHARLS,education,low,71,71,FALSE,death_post,R1,DEAD,0.0190090829972741,2941
CHARLS,education,low,72,72,FALSE,death_post,R1,DEAD,0.0207342432289135,2941
CHARLS,education,low,73,73,FALSE,death_post,R1,DEAD,0.0226899713153265,2941
CHARLS,education,low,74,74,FALSE,death_post,R1,DEAD,0.0249025648044139,2941
CHARLS,education,low,75,75,FALSE,death_post,R1,DEAD,0.0274008618553346,2941
CHARLS,education,low,76,76,FALSE,death_post,R1,DEAD,0.0302162119038236,2941
CHARLS,education,low,77,77,FALSE,death_post,R1,DEAD,0.0333823648959562,2941
CHARLS,education,low,78,78,FALSE,death_post,R1,DEAD,0.0369352555947947,2941
CHARLS,education,low,79,79,FALSE,death_post,R1,DEAD,0.0409126566927003,2941
CHARLS,education,low,80,80,FALSE,death_post,R1,DEAD,0.0453536721984972,2941
CHARLS,education,low,81,81,FALSE,death_post,R1,DEAD,0.0502916538947364,2941
CHARLS,education,low,82,82,FALSE,death_post,R1,DEAD,0.0557285743278801,2941
CHARLS,education,low,83,83,FALSE,death_post,R1,DEAD,0.0616415022740539,2941
CHARLS,education,low,84,84,FALSE,death_post,R1,DEAD,0.0679823974040716,2941
CHARLS,education,low,85,85,FALSE,death_post,R1,DEAD,0.0746727990249248,2941
CHARLS,education,low,86,86,FALSE,death_post,R1,DEAD,0.0815991795008066,2941
CHARLS,education,low,87,87,FALSE,death_post,R1,DEAD,0.0886097013265895,2941
CHARLS,education,low,88,88,FALSE,death_post,R1,DEAD,0.0955132419851221,2941
CHARLS,education,low,89,89,FALSE,death_post,R1,DEAD,0.102081594821006,2941
CHARLS,education,low,90,90,FALSE,death_post,R1,DEAD,0.108055671296912,2941
CHARLS,education,low,91,91,FALSE,death_post,R1,DEAD,0.113217920302349,2941
CHARLS,education,low,92,92,FALSE,death_post,R1,DEAD,0.117610895978911,2941
CHARLS,education,low,93,93,FALSE,death_post,R1,DEAD,0.121388774660141,2941
CHARLS,education,low,94,94,FALSE,death_post,R1,DEAD,0.124750382411965,2941
CHARLS,education,low,95,95,FALSE,death_post,R1,DEAD,0.127929716711553,2941
CHARLS,education,low,96,95,TRUE,death_post,R1,DEAD,0.127929716711553,2941
CHARLS,education,low,97,95,TRUE,death_post,R1,DEAD,0.127929716711553,2941
CHARLS,education,low,98,95,TRUE,death_post,R1,DEAD,0.127929716711553,2941
CHARLS,education,low,99,95,TRUE,death_post,R1,DEAD,0.127929716711553,2941
CHARLS,education,high,60,60,FALSE,death_post,D2,DEAD,0.0137033508010966,703
CHARLS,education,high,61,61,FALSE,death_post,D2,DEAD,0.0145725041440274,703
CHARLS,education,high,62,62,FALSE,death_post,D2,DEAD,0.0155029499634422,703
CHARLS,education,high,63,63,FALSE,death_post,D2,DEAD,0.0165059298551097,703
CHARLS,education,high,64,64,FALSE,death_post,D2,DEAD,0.0175947817053326,703
CHARLS,education,high,65,65,FALSE,death_post,D2,DEAD,0.0187853268068722,703
CHARLS,education,high,66,66,FALSE,death_post,D2,DEAD,0.0200963579065995,703
CHARLS,education,high,67,67,FALSE,death_post,D2,DEAD,0.0215502560477228,703
CHARLS,education,high,68,68,FALSE,death_post,D2,DEAD,0.0231737722496985,703
CHARLS,education,high,69,69,FALSE,death_post,D2,DEAD,0.0249990210542862,703
CHARLS,education,high,70,70,FALSE,death_post,D2,DEAD,0.0270647477800975,703
CHARLS,education,high,71,71,FALSE,death_post,D2,DEAD,0.0294142587243849,703
CHARLS,education,high,72,72,FALSE,death_post,D2,DEAD,0.0320837357002989,703
CHARLS,education,high,73,73,FALSE,death_post,D2,DEAD,0.0351099885677596,703
CHARLS,education,high,74,74,FALSE,death_post,D2,DEAD,0.0385337096041314,703
CHARLS,education,high,75,75,FALSE,death_post,D2,DEAD,0.0423995223756727,703
CHARLS,education,high,76,76,FALSE,death_post,D2,DEAD,0.0467559363456595,703
CHARLS,education,high,77,77,FALSE,death_post,D2,DEAD,0.0516551754770227,703
CHARLS,education,high,78,78,FALSE,death_post,D2,DEAD,0.0571528444729486,703
CHARLS,education,high,79,79,FALSE,death_post,D2,DEAD,0.0633073920101035,703
CHARLS,education,high,80,80,FALSE,death_post,D2,DEAD,0.0701793268164931,703
CHARLS,education,high,81,81,FALSE,death_post,D2,DEAD,0.0778202567451112,703
CHARLS,education,high,82,82,FALSE,death_post,D2,DEAD,0.0862332340732293,703
CHARLS,education,high,83,83,FALSE,death_post,D2,DEAD,0.0953827755030997,703
CHARLS,education,high,84,84,FALSE,death_post,D2,DEAD,0.105194544430895,703
CHARLS,education,high,85,85,FALSE,death_post,D2,DEAD,0.11554713241602,703
CHARLS,education,high,86,86,FALSE,death_post,D2,DEAD,0.126264869161676,703
CHARLS,education,high,87,87,FALSE,death_post,D2,DEAD,0.137112804477972,703
CHARLS,education,high,88,88,FALSE,death_post,D2,DEAD,0.147795199366431,703
CHARLS,education,high,89,89,FALSE,death_post,D2,DEAD,0.157958931606196,703
CHARLS,education,high,90,90,FALSE,death_post,D2,DEAD,0.167203092996134,703
CHARLS,education,high,91,91,FALSE,death_post,D2,DEAD,0.17519104948343,703
CHARLS,education,high,92,92,FALSE,death_post,D2,DEAD,0.181988648459607,703
CHARLS,education,high,93,93,FALSE,death_post,D2,DEAD,0.187834459168886,703
CHARLS,education,high,94,94,FALSE,death_post,D2,DEAD,0.193036140920511,703
CHARLS,education,high,95,95,FALSE,death_post,D2,DEAD,0.197955776532224,703
CHARLS,education,high,96,95,TRUE,death_post,D2,DEAD,0.197955776532224,703
CHARLS,education,high,97,95,TRUE,death_post,D2,DEAD,0.197955776532224,703
CHARLS,education,high,98,95,TRUE,death_post,D2,DEAD,0.197955776532224,703
CHARLS,education,high,99,95,TRUE,death_post,D2,DEAD,0.197955776532224,703
CHARLS,education,middle,60,60,FALSE,death_post,D2,DEAD,0.0118693925407719,703
CHARLS,education,middle,61,61,FALSE,death_post,D2,DEAD,0.0126222246294421,703
CHARLS,education,middle,62,62,FALSE,death_post,D2,DEAD,0.0134281462488223,703
CHARLS,education,middle,63,63,FALSE,death_post,D2,DEAD,0.0142968945000711,703
CHARLS,education,middle,64,64,FALSE,death_post,D2,DEAD,0.0152400222223802,703
CHARLS,education,middle,65,65,FALSE,death_post,D2,DEAD,0.0162712333000779,703
CHARLS,education,middle,66,66,FALSE,death_post,D2,DEAD,0.0174068053934798,703
CHARLS,education,middle,67,67,FALSE,death_post,D2,DEAD,0.0186661242273749,703
CHARLS,education,middle,68,68,FALSE,death_post,D2,DEAD,0.0200723606564978,703
CHARLS,education,middle,69,69,FALSE,death_post,D2,DEAD,0.0216533312425016,703
CHARLS,education,middle,70,70,FALSE,death_post,D2,DEAD,0.0234425959082398,703
CHARLS,education,middle,71,71,FALSE,death_post,D2,DEAD,0.0254776651465137,703
CHARLS,education,middle,72,72,FALSE,death_post,D2,DEAD,0.0277898784559139,703
CHARLS,education,middle,73,73,FALSE,death_post,D2,DEAD,0.0304111193285225,703
CHARLS,education,middle,74,74,FALSE,death_post,D2,DEAD,0.0333766340789398,703
CHARLS,education,middle,75,75,FALSE,death_post,D2,DEAD,0.0367250741751301,703
CHARLS,education,middle,76,76,FALSE,death_post,D2,DEAD,0.0404984569214682,703
CHARLS,education,middle,77,77,FALSE,death_post,D2,DEAD,0.0447420169999715,703
CHARLS,education,middle,78,78,FALSE,death_post,D2,DEAD,0.0495039173788667,703
CHARLS,education,middle,79,79,FALSE,death_post,D2,DEAD,0.0548347843828324,703
CHARLS,education,middle,80,80,FALSE,death_post,D2,DEAD,0.0607870286853795,703
CHARLS,education,middle,81,81,FALSE,death_post,D2,DEAD,0.0674053513143268,703
CHARLS,education,middle,82,82,FALSE,death_post,D2,DEAD,0.0746923960520312,703
CHARLS,education,middle,83,83,FALSE,death_post,D2,DEAD,0.0826174284310094,703
CHARLS,education,middle,84,84,FALSE,death_post,D2,DEAD,0.0911160605257252,703
CHARLS,education,middle,85,85,FALSE,death_post,D2,DEAD,0.100083132331147,703
CHARLS,education,middle,86,86,FALSE,death_post,D2,DEAD,0.109366484003986,703
CHARLS,education,middle,87,87,FALSE,death_post,D2,DEAD,0.118762609403893,703
CHARLS,education,middle,88,88,FALSE,death_post,D2,DEAD,0.128015349120409,703
CHARLS,education,middle,89,89,FALSE,death_post,D2,DEAD,0.136818840279915,703
CHARLS,education,middle,90,90,FALSE,death_post,D2,DEAD,0.14482582936164,703
CHARLS,education,middle,91,91,FALSE,death_post,D2,DEAD,0.151744735001765,703
CHARLS,education,middle,92,92,FALSE,death_post,D2,DEAD,0.157632592048856,703
CHARLS,education,middle,93,93,FALSE,death_post,D2,DEAD,0.162696041349295,703
CHARLS,education,middle,94,94,FALSE,death_post,D2,DEAD,0.167201567295347,703
CHARLS,education,middle,95,95,FALSE,death_post,D2,DEAD,0.171462794135451,703
CHARLS,education,middle,96,95,TRUE,death_post,D2,DEAD,0.171462794135451,703
CHARLS,education,middle,97,95,TRUE,death_post,D2,DEAD,0.171462794135451,703
CHARLS,education,middle,98,95,TRUE,death_post,D2,DEAD,0.171462794135451,703
CHARLS,education,middle,99,95,TRUE,death_post,D2,DEAD,0.171462794135451,703
CHARLS,education,low,60,60,FALSE,death_post,D2,DEAD,0.0163159345647088,703
CHARLS,education,low,61,61,FALSE,death_post,D2,DEAD,0.0173507945252976,703
CHARLS,education,low,62,62,FALSE,death_post,D2,DEAD,0.0184586325516265,703
CHARLS,education,low,63,63,FALSE,death_post,D2,DEAD,0.0196528334824569,703
CHARLS,education,low,64,64,FALSE,death_post,D2,DEAD,0.0209492781109836,703
CHARLS,education,low,65,65,FALSE,death_post,D2,DEAD,0.0223668041055382,703
CHARLS,education,low,66,66,FALSE,death_post,D2,DEAD,0.0239277871049471,703
CHARLS,education,low,67,67,FALSE,death_post,D2,DEAD,0.0256588751635278,703
CHARLS,education,low,68,68,FALSE,death_post,D2,DEAD,0.0275919194605519,703
CHARLS,education,low,69,69,FALSE,death_post,D2,DEAD,0.0297651572687515,703
CHARLS,education,low,70,70,FALSE,death_post,D2,DEAD,0.0322247208146405,703
CHARLS,education,low,71,71,FALSE,death_post,D2,DEAD,0.0350221728672431,703
CHARLS,education,low,72,72,FALSE,death_post,D2,DEAD,0.0382005934078253,703
CHARLS,education,low,73,73,FALSE,death_post,D2,DEAD,0.04180381020337,703
CHARLS,education,low,74,74,FALSE,death_post,D2,DEAD,0.0458802736325036,703
CHARLS,education,low,75,75,FALSE,death_post,D2,DEAD,0.0504831148744308,703
CHARLS,education,low,76,76,FALSE,death_post,D2,DEAD,0.0556700918629642,703
CHARLS,education,low,77,77,FALSE,death_post,D2,DEAD,0.0615033852117548,703
CHARLS,education,low,78,78,FALSE,death_post,D2,DEAD,0.0680492008226912,703
CHARLS,education,low,79,79,FALSE,death_post,D2,DEAD,0.0753771307829732,703
CHARLS,education,low,80,80,FALSE,death_post,D2,DEAD,0.0835592199859311,703
CHARLS,education,low,81,81,FALSE,death_post,D2,DEAD,0.0926569154721243,703
CHARLS,education,low,82,82,FALSE,death_post,D2,DEAD,0.102673851444381,703
CHARLS,education,low,83,83,FALSE,death_post,D2,DEAD,0.113567779610834,703
CHARLS,education,low,84,84,FALSE,death_post,D2,DEAD,0.12525019087751,703
CHARLS,education,low,85,85,FALSE,death_post,D2,DEAD,0.137576529930815,703
CHARLS,education,low,86,86,FALSE,death_post,D2,DEAD,0.150337634419938,703
CHARLS,education,low,87,87,FALSE,death_post,D2,DEAD,0.163253760216609,703
CHARLS,education,low,88,88,FALSE,death_post,D2,DEAD,0.17597278482047,703
CHARLS,education,low,89,89,FALSE,death_post,D2,DEAD,0.18807426223021,703
CHARLS,education,low,90,90,FALSE,death_post,D2,DEAD,0.199080849927854,703
CHARLS,education,low,91,91,FALSE,death_post,D2,DEAD,0.208591733597418,703
CHARLS,education,low,92,92,FALSE,death_post,D2,DEAD,0.216685314627509,703
CHARLS,education,low,93,93,FALSE,death_post,D2,DEAD,0.223645646183981,703
CHARLS,education,low,94,94,FALSE,death_post,D2,DEAD,0.229839043719943,703
CHARLS,education,low,95,95,FALSE,death_post,D2,DEAD,0.235696622197501,703
CHARLS,education,low,96,95,TRUE,death_post,D2,DEAD,0.235696622197501,703
CHARLS,education,low,97,95,TRUE,death_post,D2,DEAD,0.235696622197501,703
CHARLS,education,low,98,95,TRUE,death_post,D2,DEAD,0.235696622197501,703
CHARLS,education,low,99,95,TRUE,death_post,D2,DEAD,0.235696622197501,703
CHARLS,wealth,high,60,60,FALSE,onset,I0,D1,0.0253132857262281,18981
CHARLS,wealth,high,61,61,FALSE,onset,I0,D1,0.0259800295808957,18981
CHARLS,wealth,high,62,62,FALSE,onset,I0,D1,0.0266760013389142,18981
CHARLS,wealth,high,63,63,FALSE,onset,I0,D1,0.0274145902204028,18981
CHARLS,wealth,high,64,64,FALSE,onset,I0,D1,0.0282106241543222,18981
CHARLS,wealth,high,65,65,FALSE,onset,I0,D1,0.0290806097777698,18981
CHARLS,wealth,high,66,66,FALSE,onset,I0,D1,0.0300430603114084,18981
CHARLS,wealth,high,67,67,FALSE,onset,I0,D1,0.0311189293641966,18981
CHARLS,wealth,high,68,68,FALSE,onset,I0,D1,0.032332174180748,18981
CHARLS,wealth,high,69,69,FALSE,onset,I0,D1,0.0337104793352709,18981
CHARLS,wealth,high,70,70,FALSE,onset,I0,D1,0.0352861820577573,18981
CHARLS,wealth,high,71,71,FALSE,onset,I0,D1,0.0370906541713109,18981
CHARLS,wealth,high,72,72,FALSE,onset,I0,D1,0.0391323829541015,18981
CHARLS,wealth,high,73,73,FALSE,onset,I0,D1,0.0414125870115186,18981
CHARLS,wealth,high,74,74,FALSE,onset,I0,D1,0.043930381803137,18981
CHARLS,wealth,high,75,75,FALSE,onset,I0,D1,0.0466816748643858,18981
CHARLS,wealth,high,76,76,FALSE,onset,I0,D1,0.0496579745688216,18981
CHARLS,wealth,high,77,77,FALSE,onset,I0,D1,0.0528451311391799,18981
CHARLS,wealth,high,78,78,FALSE,onset,I0,D1,0.0562220464327337,18981
CHARLS,wealth,high,79,79,FALSE,onset,I0,D1,0.0597594092517593,18981
CHARLS,wealth,high,80,80,FALSE,onset,I0,D1,0.0634185347584034,18981
CHARLS,wealth,high,81,81,FALSE,onset,I0,D1,0.0671774066405188,18981
CHARLS,wealth,high,82,82,FALSE,onset,I0,D1,0.0711234060569826,18981
CHARLS,wealth,high,83,83,FALSE,onset,I0,D1,0.0753952310023338,18981
CHARLS,wealth,high,84,84,FALSE,onset,I0,D1,0.0801635530184792,18981
CHARLS,wealth,high,85,85,FALSE,onset,I0,D1,0.0856389879539756,18981
CHARLS,wealth,high,86,86,FALSE,onset,I0,D1,0.0920846658919902,18981
CHARLS,wealth,high,87,87,FALSE,onset,I0,D1,0.0998352853989077,18981
CHARLS,wealth,high,88,88,FALSE,onset,I0,D1,0.109325507613063,18981
CHARLS,wealth,high,89,89,FALSE,onset,I0,D1,0.121132133849269,18981
CHARLS,wealth,high,90,90,FALSE,onset,I0,D1,0.13603710917152,18981
CHARLS,wealth,high,91,91,FALSE,onset,I0,D1,0.154998691487313,18981
CHARLS,wealth,high,92,92,FALSE,onset,I0,D1,0.178769977825066,18981
CHARLS,wealth,high,93,93,FALSE,onset,I0,D1,0.208081312480602,18981
CHARLS,wealth,high,94,94,FALSE,onset,I0,D1,0.243679799871728,18981
CHARLS,wealth,high,95,95,FALSE,onset,I0,D1,0.286239760192925,18981
CHARLS,wealth,high,96,95,TRUE,onset,I0,D1,0.286239760192925,18981
CHARLS,wealth,high,97,95,TRUE,onset,I0,D1,0.286239760192925,18981
CHARLS,wealth,high,98,95,TRUE,onset,I0,D1,0.286239760192925,18981
CHARLS,wealth,high,99,95,TRUE,onset,I0,D1,0.286239760192925,18981
CHARLS,wealth,middle,60,60,FALSE,onset,I0,D1,0.038121182580272,18981
CHARLS,wealth,middle,61,61,FALSE,onset,I0,D1,0.0391252823440464,18981
CHARLS,wealth,middle,62,62,FALSE,onset,I0,D1,0.0401733986077777,18981
CHARLS,wealth,middle,63,63,FALSE,onset,I0,D1,0.0412856952059949,18981
CHARLS,wealth,middle,64,64,FALSE,onset,I0,D1,0.042484502633179,18981
CHARLS,wealth,middle,65,65,FALSE,onset,I0,D1,0.043794679476768,18981
CHARLS,wealth,middle,66,66,FALSE,onset,I0,D1,0.0452441061894489,18981
CHARLS,wealth,middle,67,67,FALSE,onset,I0,D1,0.0468643383883572,18981
CHARLS,wealth,middle,68,68,FALSE,onset,I0,D1,0.048691455091678,18981
CHARLS,wealth,middle,69,69,FALSE,onset,I0,D1,0.0507671485838293,18981
CHARLS,wealth,middle,70,70,FALSE,onset,I0,D1,0.0531401179338296,18981
CHARLS,wealth,middle,71,71,FALSE,onset,I0,D1,0.0558576083317873,18981
CHARLS,wealth,middle,72,72,FALSE,onset,I0,D1,0.0589324014088279,18981
CHARLS,wealth,middle,73,73,FALSE,onset,I0,D1,0.0623663323545451,18981
CHARLS,wealth,middle,74,74,FALSE,onset,I0,D1,0.0661580690729234,18981
CHARLS,wealth,middle,75,75,FALSE,onset,I0,D1,0.0703014484134816,18981
CHARLS,wealth,middle,76,76,FALSE,onset,I0,D1,0.0747836821967018,18981
CHARLS,wealth,middle,77,77,FALSE,onset,I0,D1,0.0795834612077946,18981
CHARLS,wealth,middle,78,78,FALSE,onset,I0,D1,0.0846690121653415,18981
CHARLS,wealth,middle,79,79,FALSE,onset,I0,D1,0.0899961931301192,18981
CHARLS,wealth,middle,80,80,FALSE,onset,I0,D1,0.0955067456925777,18981
CHARLS,wealth,middle,81,81,FALSE,onset,I0,D1,0.101167513830848,18981
CHARLS,wealth,middle,82,82,FALSE,onset,I0,D1,0.10711009141021,18981
CHARLS,wealth,middle,83,83,FALSE,onset,I0,D1,0.11354335418194,18981
CHARLS,wealth,middle,84,84,FALSE,onset,I0,D1,0.120724329269289,18981
CHARLS,wealth,middle,85,85,FALSE,onset,I0,D1,0.128970198933937,18981
CHARLS,wealth,middle,86,86,FALSE,onset,I0,D1,0.138677230576774,18981
CHARLS,wealth,middle,87,87,FALSE,onset,I0,D1,0.150349471965307,18981
CHARLS,wealth,middle,88,88,FALSE,onset,I0,D1,0.164641512029402,18981
CHARLS,wealth,middle,89,89,FALSE,onset,I0,D1,0.182421999291122,18981
CHARLS,wealth,middle,90,90,FALSE,onset,I0,D1,0.204868523687804,18981
CHARLS,wealth,middle,91,91,FALSE,onset,I0,D1,0.233424197940801,18981
CHARLS,wealth,middle,92,92,FALSE,onset,I0,D1,0.269223167558974,18981
CHARLS,wealth,middle,93,93,FALSE,onset,I0,D1,0.313365312998332,18981
CHARLS,wealth,middle,94,94,FALSE,onset,I0,D1,0.366975755044285,18981
CHARLS,wealth,middle,95,95,FALSE,onset,I0,D1,0.431070003241089,18981
CHARLS,wealth,middle,96,95,TRUE,onset,I0,D1,0.431070003241089,18981
CHARLS,wealth,middle,97,95,TRUE,onset,I0,D1,0.431070003241089,18981
CHARLS,wealth,middle,98,95,TRUE,onset,I0,D1,0.431070003241089,18981
CHARLS,wealth,middle,99,95,TRUE,onset,I0,D1,0.431070003241089,18981
CHARLS,wealth,low,60,60,FALSE,onset,I0,D1,0.0448509680193007,18981
CHARLS,wealth,low,61,61,FALSE,onset,I0,D1,0.0460323281803715,18981
CHARLS,wealth,low,62,62,FALSE,onset,I0,D1,0.0472654753663522,18981
CHARLS,wealth,low,63,63,FALSE,onset,I0,D1,0.0485741330673448,18981
CHARLS,wealth,low,64,64,FALSE,onset,I0,D1,0.0499845739282681,18981
CHARLS,wealth,low,65,65,FALSE,onset,I0,D1,0.0515260449880314,18981
CHARLS,wealth,low,66,66,FALSE,onset,I0,D1,0.0532313486207264,18981
CHARLS,wealth,low,67,67,FALSE,onset,I0,D1,0.0551376111660727,18981
CHARLS,wealth,low,68,68,FALSE,onset,I0,D1,0.057287280910856,18981
CHARLS,wealth,low,69,69,FALSE,onset,I0,D1,0.0597294103552486,18981
CHARLS,wealth,low,70,70,FALSE,onset,I0,D1,0.0625212957382252,18981
CHARLS,wealth,low,71,71,FALSE,onset,I0,D1,0.0657185227569545,18981
CHARLS,wealth,low,72,72,FALSE,onset,I0,D1,0.0693361294687589,18981
CHARLS,wealth,low,73,73,FALSE,onset,I0,D1,0.0733762750414347,18981
CHARLS,wealth,low,74,74,FALSE,onset,I0,D1,0.0778373922152131,18981
CHARLS,wealth,low,75,75,FALSE,onset,I0,D1,0.0827122298177428,18981
CHARLS,wealth,low,76,76,FALSE,onset,I0,D1,0.0879857420872775,18981
CHARLS,wealth,low,77,77,FALSE,onset,I0,D1,0.0936328579518739,18981
CHARLS,wealth,low,78,78,FALSE,onset,I0,D1,0.0996161949818092,18981
CHARLS,wealth,low,79,79,FALSE,onset,I0,D1,0.10588381856828,18981
CHARLS,wealth,low,80,80,FALSE,onset,I0,D1,0.112367185557934,18981
CHARLS,wealth,low,81,81,FALSE,onset,I0,D1,0.119027286676246,18981
CHARLS,wealth,low,82,82,FALSE,onset,I0,D1,0.126018946927156,18981
CHARLS,wealth,low,83,83,FALSE,onset,I0,D1,0.133587916284993,18981
CHARLS,wealth,low,84,84,FALSE,onset,I0,D1,0.142036596577424,18981
CHARLS,wealth,low,85,85,FALSE,onset,I0,D1,0.151738164356484,18981
CHARLS,wealth,low,86,86,FALSE,onset,I0,D1,0.163158842738077,18981
CHARLS,wealth,low,87,87,FALSE,onset,I0,D1,0.176891662388366,18981
CHARLS,wealth,low,88,88,FALSE,onset,I0,D1,0.193706771166682,18981
CHARLS,wealth,low,89,89,FALSE,onset,I0,D1,0.214626165885451,18981
CHARLS,wealth,low,90,90,FALSE,onset,I0,D1,0.24103532425141,18981
CHARLS,wealth,low,91,91,FALSE,onset,I0,D1,0.274632121255119,18981
CHARLS,wealth,low,92,92,FALSE,onset,I0,D1,0.316750920641462,18981
CHARLS,wealth,low,93,93,FALSE,onset,I0,D1,0.368685772065209,18981
CHARLS,wealth,low,94,94,FALSE,onset,I0,D1,0.431760421353449,18981
CHARLS,wealth,low,95,95,FALSE,onset,I0,D1,0.507169652692029,18981
CHARLS,wealth,low,96,95,TRUE,onset,I0,D1,0.507169652692029,18981
CHARLS,wealth,low,97,95,TRUE,onset,I0,D1,0.507169652692029,18981
CHARLS,wealth,low,98,95,TRUE,onset,I0,D1,0.507169652692029,18981
CHARLS,wealth,low,99,95,TRUE,onset,I0,D1,0.507169652692029,18981
CHARLS,wealth,high,60,60,FALSE,recovery,D1,R1,0.343680015642331,4559
CHARLS,wealth,high,61,61,FALSE,recovery,D1,R1,0.3297667511528,4559
CHARLS,wealth,high,62,62,FALSE,recovery,D1,R1,0.316509094112671,4559
CHARLS,wealth,high,63,63,FALSE,recovery,D1,R1,0.303961796367299,4559
CHARLS,wealth,high,64,64,FALSE,recovery,D1,R1,0.292167588087343,4559
CHARLS,wealth,high,65,65,FALSE,recovery,D1,R1,0.281159027687448,4559
CHARLS,wealth,high,66,66,FALSE,recovery,D1,R1,0.270960344474202,4559
CHARLS,wealth,high,67,67,FALSE,recovery,D1,R1,0.261589245656315,4559
CHARLS,wealth,high,68,68,FALSE,recovery,D1,R1,0.253058671101567,4559
CHARLS,wealth,high,69,69,FALSE,recovery,D1,R1,0.24537849002896,4559
CHARLS,wealth,high,70,70,FALSE,recovery,D1,R1,0.238557143737734,4559
CHARLS,wealth,high,71,71,FALSE,recovery,D1,R1,0.232557974634538,4559
CHARLS,wealth,high,72,72,FALSE,recovery,D1,R1,0.227173135738736,4559
CHARLS,wealth,high,73,73,FALSE,recovery,D1,R1,0.2221719107333,4559
CHARLS,wealth,high,74,74,FALSE,recovery,D1,R1,0.217343813713538,4559
CHARLS,wealth,high,75,75,FALSE,recovery,D1,R1,0.212496062641272,4559
CHARLS,wealth,high,76,76,FALSE,recovery,D1,R1,0.207452884197802,4559
CHARLS,wealth,high,77,77,FALSE,recovery,D1,R1,0.202056379802672,4559
CHARLS,wealth,high,78,78,FALSE,recovery,D1,R1,0.196168681687191,4559
CHARLS,wealth,high,79,79,FALSE,recovery,D1,R1,0.189675094827882,4559
CHARLS,wealth,high,80,80,FALSE,recovery,D1,R1,0.182487865556262,4559
CHARLS,wealth,high,81,81,FALSE,recovery,D1,R1,0.174583227946023,4559
CHARLS,wealth,high,82,82,FALSE,recovery,D1,R1,0.166091281338675,4559
CHARLS,wealth,high,83,83,FALSE,recovery,D1,R1,0.157173805911306,4559
CHARLS,wealth,high,84,84,FALSE,recovery,D1,R1,0.147984336590625,4559
CHARLS,wealth,high,85,85,FALSE,recovery,D1,R1,0.138664983775307,4559
CHARLS,wealth,high,86,86,FALSE,recovery,D1,R1,0.129344082371786,4559
CHARLS,wealth,high,87,87,FALSE,recovery,D1,R1,0.120134641105068,4559
CHARLS,wealth,high,88,88,FALSE,recovery,D1,R1,0.111133529535437,4559
CHARLS,wealth,high,89,89,FALSE,recovery,D1,R1,0.102421315447272,4559
CHARLS,wealth,high,90,90,FALSE,recovery,D1,R1,0.0940626499568877,4559
CHARLS,wealth,high,91,91,FALSE,recovery,D1,R1,0.086112636050043,4559
CHARLS,wealth,high,92,92,FALSE,recovery,D1,R1,0.0786307532063355,4559
CHARLS,wealth,high,93,93,FALSE,recovery,D1,R1,0.0716596851908262,4559
CHARLS,wealth,high,94,94,FALSE,recovery,D1,R1,0.0652221776277591,4559
CHARLS,wealth,high,95,95,FALSE,recovery,D1,R1,0.0593245787687453,4559
CHARLS,wealth,high,96,95,TRUE,recovery,D1,R1,0.0593245787687453,4559
CHARLS,wealth,high,97,95,TRUE,recovery,D1,R1,0.0593245787687453,4559
CHARLS,wealth,high,98,95,TRUE,recovery,D1,R1,0.0593245787687453,4559
CHARLS,wealth,high,99,95,TRUE,recovery,D1,R1,0.0593245787687453,4559
CHARLS,wealth,middle,60,60,FALSE,recovery,D1,R1,0.298213915739753,4559
CHARLS,wealth,middle,61,61,FALSE,recovery,D1,R1,0.286141264158918,4559
CHARLS,wealth,middle,62,62,FALSE,recovery,D1,R1,0.274637488438696,4559
CHARLS,wealth,middle,63,63,FALSE,recovery,D1,R1,0.263750097195983,4559
CHARLS,wealth,middle,64,64,FALSE,recovery,D1,R1,0.253516167743779,4559
CHARLS,wealth,middle,65,65,FALSE,recovery,D1,R1,0.243963951280524,4559
CHARLS,wealth,middle,66,66,FALSE,recovery,D1,R1,0.235114471770559,4559
CHARLS,wealth,middle,67,67,FALSE,recovery,D1,R1,0.2269830939014,4559
CHARLS,wealth,middle,68,68,FALSE,recovery,D1,R1,0.219581045700469,4559
CHARLS,wealth,middle,69,69,FALSE,recovery,D1,R1,0.212916890768528,4559
CHARLS,wealth,middle,70,70,FALSE,recovery,D1,R1,0.206997953688868,4559
CHARLS,wealth,middle,71,71,FALSE,recovery,D1,R1,0.201792426372695,4559
CHARLS,wealth,middle,72,72,FALSE,recovery,D1,R1,0.197119958322018,4559
CHARLS,wealth,middle,73,73,FALSE,recovery,D1,R1,0.192780355131594,4559
CHARLS,wealth,middle,74,74,FALSE,recovery,D1,R1,0.188590976487788,4559
CHARLS,wealth,middle,75,75,FALSE,recovery,D1,R1,0.184384543864436,4559
CHARLS,wealth,middle,76,76,FALSE,recovery,D1,R1,0.18000853733816,4559
CHARLS,wealth,middle,77,77,FALSE,recovery,D1,R1,0.175325947039825,4559
CHARLS,wealth,middle,78,78,FALSE,recovery,D1,R1,0.170217143996885,4559
CHARLS,wealth,middle,79,79,FALSE,recovery,D1,R1,0.164582606414327,4559
CHARLS,wealth,middle,80,80,FALSE,recovery,D1,R1,0.158346189727709,4559
CHARLS,wealth,middle,81,81,FALSE,recovery,D1,R1,0.151487272051488,4559
CHARLS,wealth,middle,82,82,FALSE,recovery,D1,R1,0.144118741631419,4559
CHARLS,wealth,middle,83,83,FALSE,recovery,D1,R1,0.136380976429278,4559
CHARLS,wealth,middle,84,84,FALSE,recovery,D1,R1,0.12840719993672,4559
CHARLS,wealth,middle,85,85,FALSE,recovery,D1,R1,0.120320722490477,4559
CHARLS,wealth,middle,86,86,FALSE,recovery,D1,R1,0.112232901321786,4559
CHARLS,wealth,middle,87,87,FALSE,recovery,D1,R1,0.104241795010904,4559
CHARLS,wealth,middle,88,88,FALSE,recovery,D1,R1,0.0964314580549619,4559
CHARLS,wealth,middle,89,89,FALSE,recovery,D1,R1,0.0888717997689282,4559
CHARLS,wealth,middle,90,90,FALSE,recovery,D1,R1,0.0816189184467848,4559
CHARLS,wealth,middle,91,91,FALSE,recovery,D1,R1,0.0747206273927803,4559
CHARLS,wealth,middle,92,92,FALSE,recovery,D1,R1,0.0682285374300921,4559
CHARLS,wealth,middle,93,93,FALSE,recovery,D1,R1,0.0621796856052112,4559
CHARLS,wealth,middle,94,94,FALSE,recovery,D1,R1,0.0565938084793664,4559
CHARLS,wealth,middle,95,95,FALSE,recovery,D1,R1,0.0514764144815753,4559
CHARLS,wealth,middle,96,95,TRUE,recovery,D1,R1,0.0514764144815753,4559
CHARLS,wealth,middle,97,95,TRUE,recovery,D1,R1,0.0514764144815753,4559
CHARLS,wealth,middle,98,95,TRUE,recovery,D1,R1,0.0514764144815753,4559
CHARLS,wealth,middle,99,95,TRUE,recovery,D1,R1,0.0514764144815753,4559
CHARLS,wealth,low,60,60,FALSE,recovery,D1,R1,0.303935024139355,4559
CHARLS,wealth,low,61,61,FALSE,recovery,D1,R1,0.291630763821573,4559
CHARLS,wealth,low,62,62,FALSE,recovery,D1,R1,0.279906293008243,4559
CHARLS,wealth,low,63,63,FALSE,recovery,D1,R1,0.268810031749073,4559
CHARLS,wealth,low,64,64,FALSE,recovery,D1,R1,0.258379768669699,4559
CHARLS,wealth,low,65,65,FALSE,recovery,D1,R1,0.248644296955906,4559
CHARLS,wealth,low,66,66,FALSE,recovery,D1,R1,0.239625043907939,4559
CHARLS,wealth,low,67,67,FALSE,recovery,D1,R1,0.231337668978374,4559
CHARLS,wealth,low,68,68,FALSE,recovery,D1,R1,0.22379361559961,4559
CHARLS,wealth,low,69,69,FALSE,recovery,D1,R1,0.217001611661486,4559
CHARLS,wealth,low,70,70,FALSE,recovery,D1,R1,0.210969122266337,4559
CHARLS,wealth,low,71,71,FALSE,recovery,D1,R1,0.205663729100581,4559
CHARLS,wealth,low,72,72,FALSE,recovery,D1,R1,0.200901621717866,4559
CHARLS,wealth,low,73,73,FALSE,recovery,D1,R1,0.196478765067581,4559
CHARLS,wealth,low,74,74,FALSE,recovery,D1,R1,0.192209014958585,4559
CHARLS,wealth,low,75,75,FALSE,recovery,D1,R1,0.187921883696627,4559
CHARLS,wealth,low,76,76,FALSE,recovery,D1,R1,0.183461925327822,4559
CHARLS,wealth,low,77,77,FALSE,recovery,D1,R1,0.178689501506388,4559
CHARLS,wealth,low,78,78,FALSE,recovery,D1,R1,0.173482688228318,4559
CHARLS,wealth,low,79,79,FALSE,recovery,D1,R1,0.167740054414866,4559
CHARLS,wealth,low,80,80,FALSE,recovery,D1,R1,0.161383994700186,4559
CHARLS,wealth,low,81,81,FALSE,recovery,D1,R1,0.154393491576545,4559
CHARLS,wealth,low,82,82,FALSE,recovery,D1,R1,0.146883599003156,4559
CHARLS,wealth,low,83,83,FALSE,recovery,D1,R1,0.13899738803388,4559
CHARLS,wealth,low,84,84,FALSE,recovery,D1,R1,0.130870637996963,4559
CHARLS,wealth,low,85,85,FALSE,recovery,D1,R1,0.12262902488602,4559
CHARLS,wealth,low,86,86,FALSE,recovery,D1,R1,0.11438604227388,4559
CHARLS,wealth,low,87,87,FALSE,recovery,D1,R1,0.106241629953372,4559
CHARLS,wealth,low,88,88,FALSE,recovery,D1,R1,0.0982814549717577,4559
CHARLS,wealth,low,89,89,FALSE,recovery,D1,R1,0.0905767678247767,4559
CHARLS,wealth,low,90,90,FALSE,recovery,D1,R1,0.0831847430285588,4559
CHARLS,wealth,low,91,91,FALSE,recovery,D1,R1,0.0761541111654606,4559
CHARLS,wealth,low,92,92,FALSE,recovery,D1,R1,0.0695374731905699,4559
CHARLS,wealth,low,93,93,FALSE,recovery,D1,R1,0.0633725766905188,4559
CHARLS,wealth,low,94,94,FALSE,recovery,D1,R1,0.0576795368641523,4559
CHARLS,wealth,low,95,95,FALSE,recovery,D1,R1,0.0524639678173793,4559
CHARLS,wealth,low,96,95,TRUE,recovery,D1,R1,0.0524639678173793,4559
CHARLS,wealth,low,97,95,TRUE,recovery,D1,R1,0.0524639678173793,4559
CHARLS,wealth,low,98,95,TRUE,recovery,D1,R1,0.0524639678173793,4559
CHARLS,wealth,low,99,95,TRUE,recovery,D1,R1,0.0524639678173793,4559
CHARLS,wealth,high,60,60,FALSE,recovery,D2,R1,0.331960476815723,608
CHARLS,wealth,high,61,61,FALSE,recovery,D2,R1,0.318521656681316,608
CHARLS,wealth,high,62,62,FALSE,recovery,D2,R1,0.305716087686344,608
CHARLS,wealth,high,63,63,FALSE,recovery,D2,R1,0.293596654630227,608
CHARLS,wealth,high,64,64,FALSE,recovery,D2,R1,0.28220463057855,608
CHARLS,wealth,high,65,65,FALSE,recovery,D2,R1,0.271571463699254,608
CHARLS,wealth,high,66,66,FALSE,recovery,D2,R1,0.261720557076028,608
CHARLS,wealth,high,67,67,FALSE,recovery,D2,R1,0.252669014099172,608
CHARLS,wealth,high,68,68,FALSE,recovery,D2,R1,0.244429333385082,608
CHARLS,wealth,high,69,69,FALSE,recovery,D2,R1,0.237011047610948,608
CHARLS,wealth,high,70,70,FALSE,recovery,D2,R1,0.23042231022647,608
CHARLS,wealth,high,71,71,FALSE,recovery,D2,R1,0.224627713667595,608
CHARLS,wealth,high,72,72,FALSE,recovery,D2,R1,0.219426498566143,608
CHARLS,wealth,high,73,73,FALSE,recovery,D2,R1,0.214595816065258,608
CHARLS,wealth,high,74,74,FALSE,recovery,D2,R1,0.209932357860401,608
CHARLS,wealth,high,75,75,FALSE,recovery,D2,R1,0.205249915809106,608
CHARLS,wealth,high,76,76,FALSE,recovery,D2,R1,0.200378710488563,608
CHARLS,wealth,high,77,77,FALSE,recovery,D2,R1,0.195166227683017,608
CHARLS,wealth,high,78,78,FALSE,recovery,D2,R1,0.189479300934864,608
CHARLS,wealth,high,79,79,FALSE,recovery,D2,R1,0.183207146337711,608
CHARLS,wealth,high,80,80,FALSE,recovery,D2,R1,0.176265002636013,608
CHARLS,wealth,high,81,81,FALSE,recovery,D2,R1,0.168629914325026,608
CHARLS,wealth,high,82,82,FALSE,recovery,D2,R1,0.160427544339677,608
CHARLS,wealth,high,83,83,FALSE,recovery,D2,R1,0.151814156129341,608
CHARLS,wealth,high,84,84,FALSE,recovery,D2,R1,0.142938049057258,608
CHARLS,wealth,high,85,85,FALSE,recovery,D2,R1,0.133936487536711,608
CHARLS,wealth,high,86,86,FALSE,recovery,D2,R1,0.124933430235045,608
CHARLS,wealth,high,87,87,FALSE,recovery,D2,R1,0.116038032263206,608
CHARLS,wealth,high,88,88,FALSE,recovery,D2,R1,0.107343859915298,608
CHARLS,wealth,high,89,89,FALSE,recovery,D2,R1,0.0989287336024616,608
CHARLS,wealth,high,90,90,FALSE,recovery,D2,R1,0.090855099828484,608
CHARLS,wealth,high,91,91,FALSE,recovery,D2,R1,0.0831761825592463,608
CHARLS,wealth,high,92,92,FALSE,recovery,D2,R1,0.0759494330153877,608
CHARLS,wealth,high,93,93,FALSE,recovery,D2,R1,0.0692160794393344,608
CHARLS,wealth,high,94,94,FALSE,recovery,D2,R1,0.0629980918262155,608
CHARLS,wealth,high,95,95,FALSE,recovery,D2,R1,0.0573016019513327,608
CHARLS,wealth,high,96,95,TRUE,recovery,D2,R1,0.0573016019513327,608
CHARLS,wealth,high,97,95,TRUE,recovery,D2,R1,0.0573016019513327,608
CHARLS,wealth,high,98,95,TRUE,recovery,D2,R1,0.0573016019513327,608
CHARLS,wealth,high,99,95,TRUE,recovery,D2,R1,0.0573016019513327,608
CHARLS,wealth,middle,60,60,FALSE,recovery,D2,R1,0.288044777573209,608
CHARLS,wealth,middle,61,61,FALSE,recovery,D2,R1,0.27638380517796,608
CHARLS,wealth,middle,62,62,FALSE,recovery,D2,R1,0.265272309893229,608
CHARLS,wealth,middle,63,63,FALSE,recovery,D2,R1,0.254756180285124,608
CHARLS,wealth,middle,64,64,FALSE,recovery,D2,R1,0.244871229324846,608
CHARLS,wealth,middle,65,65,FALSE,recovery,D2,R1,0.235644744840833,608
CHARLS,wealth,middle,66,66,FALSE,recovery,D2,R1,0.227097033877167,608
CHARLS,wealth,middle,67,67,FALSE,recovery,D2,R1,0.21924293718327,608
CHARLS,wealth,middle,68,68,FALSE,recovery,D2,R1,0.212093299909186,608
CHARLS,wealth,middle,69,69,FALSE,recovery,D2,R1,0.205656393635639,608
CHARLS,wealth,middle,70,70,FALSE,recovery,D2,R1,0.199939293176557,608
CHARLS,wealth,middle,71,71,FALSE,recovery,D2,R1,0.194911275103628,608
CHARLS,wealth,middle,72,72,FALSE,recovery,D2,R1,0.190398138897236,608
CHARLS,wealth,middle,73,73,FALSE,recovery,D2,R1,0.18620651681065,608
CHARLS,wealth,middle,74,74,FALSE,recovery,D2,R1,0.182159996591661,608
CHARLS,wealth,middle,75,75,FALSE,recovery,D2,R1,0.178097003936323,608
CHARLS,wealth,middle,76,76,FALSE,recovery,D2,R1,0.173870219872967,608
CHARLS,wealth,middle,77,77,FALSE,recovery,D2,R1,0.169347306589042,608
CHARLS,wealth,middle,78,78,FALSE,recovery,D2,R1,0.164412714477475,608
CHARLS,wealth,middle,79,79,FALSE,recovery,D2,R1,0.158970315451025,608
CHARLS,wealth,middle,80,80,FALSE,recovery,D2,R1,0.152946561486041,608
CHARLS,wealth,middle,81,81,FALSE,recovery,D2,R1,0.146321533906294,608
CHARLS,wealth,middle,82,82,FALSE,recovery,D2,R1,0.139204271451841,608
CHARLS,wealth,middle,83,83,FALSE,recovery,D2,R1,0.131730365175416,608
CHARLS,wealth,middle,84,84,FALSE,recovery,D2,R1,0.124028495628116,608
CHARLS,wealth,middle,85,85,FALSE,recovery,D2,R1,0.116217768246142,608
CHARLS,wealth,middle,86,86,FALSE,recovery,D2,R1,0.108405742962854,608
CHARLS,wealth,middle,87,87,FALSE,recovery,D2,R1,0.10068713454657,608
CHARLS,wealth,middle,88,88,FALSE,recovery,D2,R1,0.0931431312237689,608
CHARLS,wealth,middle,89,89,FALSE,recovery,D2,R1,0.0858412583915489,608
CHARLS,wealth,middle,90,90,FALSE,recovery,D2,R1,0.0788357013838577,608
CHARLS,wealth,middle,91,91,FALSE,recovery,D2,R1,0.0721726430642719,608
CHARLS,wealth,middle,92,92,FALSE,recovery,D2,R1,0.0659019343193463,608
CHARLS,wealth,middle,93,93,FALSE,recovery,D2,R1,0.0600593492268665,608
CHARLS,wealth,middle,94,94,FALSE,recovery,D2,R1,0.0546639513284352,608
CHARLS,wealth,middle,95,95,FALSE,recovery,D2,R1,0.0497210612148343,608
CHARLS,wealth,middle,96,95,TRUE,recovery,D2,R1,0.0497210612148343,608
CHARLS,wealth,middle,97,95,TRUE,recovery,D2,R1,0.0497210612148343,608
CHARLS,wealth,middle,98,95,TRUE,recovery,D2,R1,0.0497210612148343,608
CHARLS,wealth,middle,99,95,TRUE,recovery,D2,R1,0.0497210612148343,608
CHARLS,wealth,low,60,60,FALSE,recovery,D2,R1,0.293570795339174,608
CHARLS,wealth,low,61,61,FALSE,recovery,D2,R1,0.2816861120988,608
CHARLS,wealth,low,62,62,FALSE,recovery,D2,R1,0.270361447455932,608
CHARLS,wealth,low,63,63,FALSE,recovery,D2,R1,0.259643570329497,608
CHARLS,wealth,low,64,64,FALSE,recovery,D2,R1,0.249568980747465,608
CHARLS,wealth,low,65,65,FALSE,recovery,D2,R1,0.240165490043776,608
CHARLS,wealth,low,66,66,FALSE,recovery,D2,R1,0.231453794844597,608
CHARLS,wealth,low,67,67,FALSE,recovery,D2,R1,0.223449020612882,608
CHARLS,wealth,low,68,68,FALSE,recovery,D2,R1,0.216162220558311,608
CHARLS,wealth,low,69,69,FALSE,recovery,D2,R1,0.2096018249484,608
CHARLS,wealth,low,70,70,FALSE,recovery,D2,R1,0.203775044324404,608
CHARLS,wealth,low,71,71,FALSE,recovery,D2,R1,0.198650565841977,608
CHARLS,wealth,low,72,72,FALSE,recovery,D2,R1,0.194050847017887,608
CHARLS,wealth,low,73,73,FALSE,recovery,D2,R1,0.189778810426606,608
CHARLS,wealth,low,74,74,FALSE,recovery,D2,R1,0.18565465942115,608
CHARLS,wealth,low,75,75,FALSE,recovery,D2,R1,0.181513719962591,608
CHARLS,wealth,low,76,76,FALSE,recovery,D2,R1,0.177205846826821,608
CHARLS,wealth,low,77,77,FALSE,recovery,D2,R1,0.172596163356082,608
CHARLS,wealth,low,78,78,FALSE,recovery,D2,R1,0.167566903172745,608
CHARLS,wealth,low,79,79,FALSE,recovery,D2,R1,0.162020094012693,608
CHARLS,wealth,low,80,80,FALSE,recovery,D2,R1,0.155880776864413,608
CHARLS,wealth,low,81,81,FALSE,recovery,D2,R1,0.149128650920259,608
CHARLS,wealth,low,82,82,FALSE,recovery,D2,R1,0.1418748467826,608
CHARLS,wealth,low,83,83,FALSE,recovery,D2,R1,0.134257556761423,608
CHARLS,wealth,low,84,84,FALSE,recovery,D2,R1,0.126407930090012,608
CHARLS,wealth,low,85,85,FALSE,recovery,D2,R1,0.118447357192207,608
CHARLS,wealth,low,86,86,FALSE,recovery,D2,R1,0.110485461493397,608
CHARLS,wealth,low,87,87,FALSE,recovery,D2,R1,0.102618774824849,608
CHARLS,wealth,low,88,88,FALSE,recovery,D2,R1,0.0949300429749785,608
CHARLS,wealth,low,89,89,FALSE,recovery,D2,R1,0.0874880867871926,608
CHARLS,wealth,low,90,90,FALSE,recovery,D2,R1,0.0803481311182546,608
CHARLS,wealth,low,91,91,FALSE,recovery,D2,R1,0.0735572448305318,608
CHARLS,wealth,low,92,92,FALSE,recovery,D2,R1,0.0671662351788457,608
CHARLS,wealth,low,93,93,FALSE,recovery,D2,R1,0.0612115625516007,608
CHARLS,wealth,low,94,94,FALSE,recovery,D2,R1,0.0557126562164173,608
CHARLS,wealth,low,95,95,FALSE,recovery,D2,R1,0.0506749388373715,608
CHARLS,wealth,low,96,95,TRUE,recovery,D2,R1,0.0506749388373715,608
CHARLS,wealth,low,97,95,TRUE,recovery,D2,R1,0.0506749388373715,608
CHARLS,wealth,low,98,95,TRUE,recovery,D2,R1,0.0506749388373715,608
CHARLS,wealth,low,99,95,TRUE,recovery,D2,R1,0.0506749388373715,608
CHARLS,wealth,high,60,60,FALSE,relapse,R1,D2,0.103806111359027,2521
CHARLS,wealth,high,61,61,FALSE,relapse,R1,D2,0.106785913005112,2521
CHARLS,wealth,high,62,62,FALSE,relapse,R1,D2,0.109853820416097,2521
CHARLS,wealth,high,63,63,FALSE,relapse,R1,D2,0.113015153532558,2521
CHARLS,wealth,high,64,64,FALSE,relapse,R1,D2,0.11627562032645,2521
CHARLS,wealth,high,65,65,FALSE,relapse,R1,D2,0.119641343041013,2521
CHARLS,wealth,high,66,66,FALSE,relapse,R1,D2,0.123118886738861,2521
CHARLS,wealth,high,67,67,FALSE,relapse,R1,D2,0.126715290391766,2521
CHARLS,wealth,high,68,68,FALSE,relapse,R1,D2,0.130438100768968,2521
CHARLS,wealth,high,69,69,FALSE,relapse,R1,D2,0.134295409406838,2521
CHARLS,wealth,high,70,70,FALSE,relapse,R1,D2,0.138295892971703,2521
CHARLS,wealth,high,71,71,FALSE,relapse,R1,D2,0.142462798392836,2521
CHARLS,wealth,high,72,72,FALSE,relapse,R1,D2,0.146879232248164,2521
CHARLS,wealth,high,73,73,FALSE,relapse,R1,D2,0.151653072826151,2521
CHARLS,wealth,high,74,74,FALSE,relapse,R1,D2,0.156905835668898,2521
CHARLS,wealth,high,75,75,FALSE,relapse,R1,D2,0.16277556148427,2521
CHARLS,wealth,high,76,76,FALSE,relapse,R1,D2,0.169420787135614,2521
CHARLS,wealth,high,77,77,FALSE,relapse,R1,D2,0.177025870458175,2521
CHARLS,wealth,high,78,78,FALSE,relapse,R1,D2,0.185808037075852,2521
CHARLS,wealth,high,79,79,FALSE,relapse,R1,D2,0.196026654781936,2521
CHARLS,wealth,high,80,80,FALSE,relapse,R1,D2,0.207995434193947,2521
CHARLS,wealth,high,81,81,FALSE,relapse,R1,D2,0.221806944787672,2521
CHARLS,wealth,high,82,82,FALSE,relapse,R1,D2,0.236315179146557,2521
CHARLS,wealth,high,83,83,FALSE,relapse,R1,D2,0.24971531315291,2521
CHARLS,wealth,high,84,84,FALSE,relapse,R1,D2,0.259823092629837,2521
CHARLS,wealth,high,85,85,FALSE,relapse,R1,D2,0.264259904690233,2521
CHARLS,wealth,high,86,86,FALSE,relapse,R1,D2,0.260824084417762,2521
CHARLS,wealth,high,87,87,FALSE,relapse,R1,D2,0.248009854784589,2521
CHARLS,wealth,high,88,88,FALSE,relapse,R1,D2,0.225546946186099,2521
CHARLS,wealth,high,89,89,FALSE,relapse,R1,D2,0.194757265857942,2521
CHARLS,wealth,high,90,90,FALSE,relapse,R1,D2,0.15851889226146,2521
CHARLS,wealth,high,91,91,FALSE,relapse,R1,D2,0.121151341160472,2521
CHARLS,wealth,high,92,92,FALSE,relapse,R1,D2,0.087803835507997,2521
CHARLS,wealth,high,93,93,FALSE,relapse,R1,D2,0.0611508216326698,2521
CHARLS,wealth,high,94,94,FALSE,relapse,R1,D2,0.0414724925495017,2521
CHARLS,wealth,high,95,95,FALSE,relapse,R1,D2,0.0277557198230024,2521
CHARLS,wealth,high,96,95,TRUE,relapse,R1,D2,0.0277557198230024,2521
CHARLS,wealth,high,97,95,TRUE,relapse,R1,D2,0.0277557198230024,2521
CHARLS,wealth,high,98,95,TRUE,relapse,R1,D2,0.0277557198230024,2521
CHARLS,wealth,high,99,95,TRUE,relapse,R1,D2,0.0277557198230024,2521
CHARLS,wealth,middle,60,60,FALSE,relapse,R1,D2,0.126470321572355,2521
CHARLS,wealth,middle,61,61,FALSE,relapse,R1,D2,0.130100709682153,2521
CHARLS,wealth,middle,62,62,FALSE,relapse,R1,D2,0.133838439876857,2521
CHARLS,wealth,middle,63,63,FALSE,relapse,R1,D2,0.137689993611043,2521
CHARLS,wealth,middle,64,64,FALSE,relapse,R1,D2,0.141662325090384,2521
CHARLS,wealth,middle,65,65,FALSE,relapse,R1,D2,0.145762893240577,2521
CHARLS,wealth,middle,66,66,FALSE,relapse,R1,D2,0.14999969648839,2521
CHARLS,wealth,middle,67,67,FALSE,relapse,R1,D2,0.15438131063935,2521
CHARLS,wealth,middle,68,68,FALSE,relapse,R1,D2,0.15891693016496,2521
CHARLS,wealth,middle,69,69,FALSE,relapse,R1,D2,0.163616413244025,2521
CHARLS,wealth,middle,70,70,FALSE,relapse,R1,D2,0.168490330937979,2521
CHARLS,wealth,middle,71,71,FALSE,relapse,R1,D2,0.173567005727863,2521
CHARLS,wealth,middle,72,72,FALSE,relapse,R1,D2,0.17894768902843,2521
CHARLS,wealth,middle,73,73,FALSE,relapse,R1,D2,0.184763812425492,2521
CHARLS,wealth,middle,74,74,FALSE,relapse,R1,D2,0.191163422209234,2521
CHARLS,wealth,middle,75,75,FALSE,relapse,R1,D2,0.198314697810381,2521
CHARLS,wealth,middle,76,76,FALSE,relapse,R1,D2,0.206410789784576,2521
CHARLS,wealth,middle,77,77,FALSE,relapse,R1,D2,0.215676307207364,2521
CHARLS,wealth,middle,78,78,FALSE,relapse,R1,D2,0.226375903037499,2521
CHARLS,wealth,middle,79,79,FALSE,relapse,R1,D2,0.238825573393068,2521
CHARLS,wealth,middle,80,80,FALSE,relapse,R1,D2,0.253407522001376,2521
CHARLS,wealth,middle,81,81,FALSE,relapse,R1,D2,0.270234529229757,2521
CHARLS,wealth,middle,82,82,FALSE,relapse,R1,D2,0.287910377412424,2521
CHARLS,wealth,middle,83,83,FALSE,relapse,R1,D2,0.304236191323656,2521
CHARLS,wealth,middle,84,84,FALSE,relapse,R1,D2,0.316550823902543,2521
CHARLS,wealth,middle,85,85,FALSE,relapse,R1,D2,0.321956334625256,2521
CHARLS,wealth,middle,86,86,FALSE,relapse,R1,D2,0.317770364367481,2521
CHARLS,wealth,middle,87,87,FALSE,relapse,R1,D2,0.302158376583791,2521
CHARLS,wealth,middle,88,88,FALSE,relapse,R1,D2,0.274791093129007,2521
CHARLS,wealth,middle,89,89,FALSE,relapse,R1,D2,0.237279036071556,2521
CHARLS,wealth,middle,90,90,FALSE,relapse,R1,D2,0.1931286608961,2521
CHARLS,wealth,middle,91,91,FALSE,relapse,R1,D2,0.147602572477584,2521
CHARLS,wealth,middle,92,92,FALSE,relapse,R1,D2,0.106974234624548,2521
CHARLS,wealth,middle,93,93,FALSE,relapse,R1,D2,0.0745020112500814,2521
CHARLS,wealth,middle,94,94,FALSE,relapse,R1,D2,0.0505272705091697,2521
CHARLS,wealth,middle,95,95,FALSE,relapse,R1,D2,0.0338156854691006,2521
CHARLS,wealth,middle,96,95,TRUE,relapse,R1,D2,0.0338156854691006,2521
CHARLS,wealth,middle,97,95,TRUE,relapse,R1,D2,0.0338156854691006,2521
CHARLS,wealth,middle,98,95,TRUE,relapse,R1,D2,0.0338156854691006,2521
CHARLS,wealth,middle,99,95,TRUE,relapse,R1,D2,0.0338156854691006,2521
CHARLS,wealth,low,60,60,FALSE,relapse,R1,D2,0.121659684869913,2521
CHARLS,wealth,low,61,61,FALSE,relapse,R1,D2,0.125151981464896,2521
CHARLS,wealth,low,62,62,FALSE,relapse,R1,D2,0.128747537101689,2521
CHARLS,wealth,low,63,63,FALSE,relapse,R1,D2,0.132452586695418,2521
CHARLS,wealth,low,64,64,FALSE,relapse,R1,D2,0.13627381992996,2521
CHARLS,wealth,low,65,65,FALSE,relapse,R1,D2,0.140218412010836,2521
CHARLS,wealth,low,66,66,FALSE,relapse,R1,D2,0.144294057123274,2521
CHARLS,wealth,low,67,67,FALSE,relapse,R1,D2,0.148509004869116,2521
CHARLS,wealth,low,68,68,FALSE,relapse,R1,D2,0.152872099983568,2521
CHARLS,wealth,low,69,69,FALSE,relapse,R1,D2,0.157392825663256,2521
CHARLS,wealth,low,70,70,FALSE,relapse,R1,D2,0.162081350871038,2521
CHARLS,wealth,low,71,71,FALSE,relapse,R1,D2,0.166964920766692,2521
CHARLS,wealth,low,72,72,FALSE,relapse,R1,D2,0.172140935396791,2521
CHARLS,wealth,low,73,73,FALSE,relapse,R1,D2,0.177735826995499,2521
CHARLS,wealth,low,74,74,FALSE,relapse,R1,D2,0.183892010516666,2521
CHARLS,wealth,low,75,75,FALSE,relapse,R1,D2,0.190771268236871,2521
CHARLS,wealth,low,76,76,FALSE,relapse,R1,D2,0.198559403714133,2521
CHARLS,wealth,low,77,77,FALSE,relapse,R1,D2,0.207472482417489,2521
CHARLS,wealth,low,78,78,FALSE,relapse,R1,D2,0.217765090523058,2521
CHARLS,wealth,low,79,79,FALSE,relapse,R1,D2,0.229741204392005,2521
CHARLS,wealth,low,80,80,FALSE,relapse,R1,D2,0.243768489611337,2521
CHARLS,wealth,low,81,81,FALSE,relapse,R1,D2,0.259955436645684,2521
CHARLS,wealth,low,82,82,FALSE,relapse,R1,D2,0.276958936699896,2521
CHARLS,wealth,low,83,83,FALSE,relapse,R1,D2,0.292663754644468,2521
CHARLS,wealth,low,84,84,FALSE,relapse,R1,D2,0.304509967259488,2521
CHARLS,wealth,low,85,85,FALSE,relapse,R1,D2,0.309709864934375,2521
CHARLS,wealth,low,86,86,FALSE,relapse,R1,D2,0.305683119243336,2521
CHARLS,wealth,low,87,87,FALSE,relapse,R1,D2,0.290664975141678,2521
CHARLS,wealth,low,88,88,FALSE,relapse,R1,D2,0.264338679458546,2521
CHARLS,wealth,low,89,89,FALSE,relapse,R1,D2,0.228253493750998,2521
CHARLS,wealth,low,90,90,FALSE,relapse,R1,D2,0.185782496097517,2521
CHARLS,wealth,low,91,91,FALSE,relapse,R1,D2,0.141988114131091,2521
CHARLS,wealth,low,92,92,FALSE,relapse,R1,D2,0.102905183697006,2521
CHARLS,wealth,low,93,93,FALSE,relapse,R1,D2,0.0716681281281798,2521
CHARLS,wealth,low,94,94,FALSE,relapse,R1,D2,0.0486053307294361,2521
CHARLS,wealth,low,95,95,FALSE,relapse,R1,D2,0.0325294154919755,2521
CHARLS,wealth,low,96,95,TRUE,relapse,R1,D2,0.0325294154919755,2521
CHARLS,wealth,low,97,95,TRUE,relapse,R1,D2,0.0325294154919755,2521
CHARLS,wealth,low,98,95,TRUE,relapse,R1,D2,0.0325294154919755,2521
CHARLS,wealth,low,99,95,TRUE,relapse,R1,D2,0.0325294154919755,2521
CHARLS,wealth,high,60,60,FALSE,death_pre,I0,DEAD,0.0025603170564418,19242
CHARLS,wealth,high,61,61,FALSE,death_pre,I0,DEAD,0.00287201352721253,19242
CHARLS,wealth,high,62,62,FALSE,death_pre,I0,DEAD,0.00321977880968123,19242
CHARLS,wealth,high,63,63,FALSE,death_pre,I0,DEAD,0.0036054480695839,19242
CHARLS,wealth,high,64,64,FALSE,death_pre,I0,DEAD,0.00403025872305015,19242
CHARLS,wealth,high,65,65,FALSE,death_pre,I0,DEAD,0.00449462961277544,19242
CHARLS,wealth,high,66,66,FALSE,death_pre,I0,DEAD,0.00499791673143984,19242
CHARLS,wealth,high,67,67,FALSE,death_pre,I0,DEAD,0.00553815458512527,19242
CHARLS,wealth,high,68,68,FALSE,death_pre,I0,DEAD,0.00611179680346671,19242
CHARLS,wealth,high,69,69,FALSE,death_pre,I0,DEAD,0.00671347445014897,19242
CHARLS,wealth,high,70,70,FALSE,death_pre,I0,DEAD,0.00733579521837001,19242
CHARLS,wealth,high,71,71,FALSE,death_pre,I0,DEAD,0.00797177582757453,19242
CHARLS,wealth,high,72,72,FALSE,death_pre,I0,DEAD,0.00862415679931768,19242
CHARLS,wealth,high,73,73,FALSE,death_pre,I0,DEAD,0.0093007364167697,19242
CHARLS,wealth,high,74,74,FALSE,death_pre,I0,DEAD,0.0100125014782099,19242
CHARLS,wealth,high,75,75,FALSE,death_pre,I0,DEAD,0.0107740218400611,19242
CHARLS,wealth,high,76,76,FALSE,death_pre,I0,DEAD,0.0116040221609291,19242
CHARLS,wealth,high,77,77,FALSE,death_pre,I0,DEAD,0.0125262225928396,19242
CHARLS,wealth,high,78,78,FALSE,death_pre,I0,DEAD,0.0135705676867244,19242
CHARLS,wealth,high,79,79,FALSE,death_pre,I0,DEAD,0.0147750057721903,19242
CHARLS,wealth,high,80,80,FALSE,death_pre,I0,DEAD,0.0161880483847276,19242
CHARLS,wealth,high,81,81,FALSE,death_pre,I0,DEAD,0.0178600734461322,19242
CHARLS,wealth,high,82,82,FALSE,death_pre,I0,DEAD,0.0198004816371921,19242
CHARLS,wealth,high,83,83,FALSE,death_pre,I0,DEAD,0.0219964792789177,19242
CHARLS,wealth,high,84,84,FALSE,death_pre,I0,DEAD,0.024417243685864,19242
CHARLS,wealth,high,85,85,FALSE,death_pre,I0,DEAD,0.0270076802750483,19242
CHARLS,wealth,high,86,86,FALSE,death_pre,I0,DEAD,0.0296828946599648,19242
CHARLS,wealth,high,87,87,FALSE,death_pre,I0,DEAD,0.0323247129896529,19242
CHARLS,wealth,high,88,88,FALSE,death_pre,I0,DEAD,0.0347819320291186,19242
CHARLS,wealth,high,89,89,FALSE,death_pre,I0,DEAD,0.0368760557627453,19242
CHARLS,wealth,high,90,90,FALSE,death_pre,I0,DEAD,0.0384138732333102,19242
CHARLS,wealth,high,91,91,FALSE,death_pre,I0,DEAD,0.039252238093176,19242
CHARLS,wealth,high,92,92,FALSE,death_pre,I0,DEAD,0.0394591713525457,19242
CHARLS,wealth,high,93,93,FALSE,death_pre,I0,DEAD,0.0391842830595343,19242
CHARLS,wealth,high,94,94,FALSE,death_pre,I0,DEAD,0.0385948586451822,19242
CHARLS,wealth,high,95,95,FALSE,death_pre,I0,DEAD,0.0378594069725812,19242
CHARLS,wealth,high,96,95,TRUE,death_pre,I0,DEAD,0.0378594069725812,19242
CHARLS,wealth,high,97,95,TRUE,death_pre,I0,DEAD,0.0378594069725812,19242
CHARLS,wealth,high,98,95,TRUE,death_pre,I0,DEAD,0.0378594069725812,19242
CHARLS,wealth,high,99,95,TRUE,death_pre,I0,DEAD,0.0378594069725812,19242
CHARLS,wealth,middle,60,60,FALSE,death_pre,I0,DEAD,0.00283492250485841,19242
CHARLS,wealth,middle,61,61,FALSE,death_pre,I0,DEAD,0.00318004981534116,19242
CHARLS,wealth,middle,62,62,FALSE,death_pre,I0,DEAD,0.00356511447879697,19242
CHARLS,wealth,middle,63,63,FALSE,death_pre,I0,DEAD,0.00399214849068989,19242
CHARLS,wealth,middle,64,64,FALSE,death_pre,I0,DEAD,0.00446252198556038,19242
CHARLS,wealth,middle,65,65,FALSE,death_pre,I0,DEAD,0.00497669872885516,19242
CHARLS,wealth,middle,66,66,FALSE,death_pre,I0,DEAD,0.00553396564059067,19242
CHARLS,wealth,middle,67,67,FALSE,death_pre,I0,DEAD,0.00613214641884071,19242
CHARLS,wealth,middle,68,68,FALSE,death_pre,I0,DEAD,0.00676731432916706,19242
CHARLS,wealth,middle,69,69,FALSE,death_pre,I0,DEAD,0.00743352459283661,19242
CHARLS,wealth,middle,70,70,FALSE,death_pre,I0,DEAD,0.00812259204510073,19242
CHARLS,wealth,middle,71,71,FALSE,death_pre,I0,DEAD,0.00882678441735053,19242
CHARLS,wealth,middle,72,72,FALSE,death_pre,I0,DEAD,0.00954913616432764,19242
CHARLS,wealth,middle,73,73,FALSE,death_pre,I0,DEAD,0.0102982819699291,19242
CHARLS,wealth,middle,74,74,FALSE,death_pre,I0,DEAD,0.0110863870156585,19242
CHARLS,wealth,middle,75,75,FALSE,death_pre,I0,DEAD,0.0119295838401643,19242
CHARLS,wealth,middle,76,76,FALSE,death_pre,I0,DEAD,0.0128486054053834,19242
CHARLS,wealth,middle,77,77,FALSE,death_pre,I0,DEAD,0.0138697159556707,19242
CHARLS,wealth,middle,78,78,FALSE,death_pre,I0,DEAD,0.0150260717288916,19242
CHARLS,wealth,middle,79,79,FALSE,death_pre,I0,DEAD,0.016359691182625,19242
CHARLS,wealth,middle,80,80,FALSE,death_pre,I0,DEAD,0.0179242889313792,19242
CHARLS,wealth,middle,81,81,FALSE,death_pre,I0,DEAD,0.0197756461542422,19242
CHARLS,wealth,middle,82,82,FALSE,death_pre,I0,DEAD,0.021924171797036,19242
CHARLS,wealth,middle,83,83,FALSE,death_pre,I0,DEAD,0.0243557000015137,19242
CHARLS,wealth,middle,84,84,FALSE,death_pre,I0,DEAD,0.0270361022114455,19242
CHARLS,wealth,middle,85,85,FALSE,death_pre,I0,DEAD,0.0299043747035614,19242
CHARLS,wealth,middle,86,86,FALSE,death_pre,I0,DEAD,0.0328665177889418,19242
CHARLS,wealth,middle,87,87,FALSE,death_pre,I0,DEAD,0.0357916829428969,19242
CHARLS,wealth,middle,88,88,FALSE,death_pre,I0,DEAD,0.0385124497076306,19242
CHARLS,wealth,middle,89,89,FALSE,death_pre,I0,DEAD,0.0408311775720096,19242
CHARLS,wealth,middle,90,90,FALSE,death_pre,I0,DEAD,0.0425339328400339,19242
CHARLS,wealth,middle,91,91,FALSE,death_pre,I0,DEAD,0.0434622160784462,19242
CHARLS,wealth,middle,92,92,FALSE,death_pre,I0,DEAD,0.0436913438548342,19242
CHARLS,wealth,middle,93,93,FALSE,death_pre,I0,DEAD,0.0433869725637009,19242
CHARLS,wealth,middle,94,94,FALSE,death_pre,I0,DEAD,0.0427343297462982,19242
CHARLS,wealth,middle,95,95,FALSE,death_pre,I0,DEAD,0.0419199975944868,19242
CHARLS,wealth,middle,96,95,TRUE,death_pre,I0,DEAD,0.0419199975944868,19242
CHARLS,wealth,middle,97,95,TRUE,death_pre,I0,DEAD,0.0419199975944868,19242
CHARLS,wealth,middle,98,95,TRUE,death_pre,I0,DEAD,0.0419199975944868,19242
CHARLS,wealth,middle,99,95,TRUE,death_pre,I0,DEAD,0.0419199975944868,19242
CHARLS,wealth,low,60,60,FALSE,death_pre,I0,DEAD,0.00308085720410312,19242
CHARLS,wealth,low,61,61,FALSE,death_pre,I0,DEAD,0.00345592493841025,19242
CHARLS,wealth,low,62,62,FALSE,death_pre,I0,DEAD,0.00387439466392136,19242
CHARLS,wealth,low,63,63,FALSE,death_pre,I0,DEAD,0.00433847465541413,19242
CHARLS,wealth,low,64,64,FALSE,death_pre,I0,DEAD,0.00484965390910004,19242
CHARLS,wealth,low,65,65,FALSE,death_pre,I0,DEAD,0.0054084364229244,19242
CHARLS,wealth,low,66,66,FALSE,death_pre,I0,DEAD,0.00601404725591412,19242
CHARLS,wealth,low,67,67,FALSE,death_pre,I0,DEAD,0.00666412130798057,19242
CHARLS,wealth,low,68,68,FALSE,death_pre,I0,DEAD,0.00735439119330916,19242
CHARLS,wealth,low,69,69,FALSE,death_pre,I0,DEAD,0.00807839641276622,19242
CHARLS,wealth,low,70,70,FALSE,death_pre,I0,DEAD,0.00882724172362841,19242
CHARLS,wealth,low,71,71,FALSE,death_pre,I0,DEAD,0.00959252406887848,19242
CHARLS,wealth,low,72,72,FALSE,death_pre,I0,DEAD,0.0103775411477429,19242
CHARLS,wealth,low,73,73,FALSE,death_pre,I0,DEAD,0.0111916767186996,19242
CHARLS,wealth,low,74,74,FALSE,death_pre,I0,DEAD,0.0120481513149414,19242
CHARLS,wealth,low,75,75,FALSE,death_pre,I0,DEAD,0.0129644970022762,19242
CHARLS,wealth,low,76,76,FALSE,death_pre,I0,DEAD,0.0139632453649138,19242
CHARLS,wealth,low,77,77,FALSE,death_pre,I0,DEAD,0.0150729391183221,19242
CHARLS,wealth,low,78,78,FALSE,death_pre,I0,DEAD,0.0163296108644911,19242
CHARLS,wealth,low,79,79,FALSE,death_pre,I0,DEAD,0.0177789242388514,19242
CHARLS,wealth,low,80,80,FALSE,death_pre,I0,DEAD,0.0194792536967156,19242
CHARLS,wealth,low,81,81,FALSE,death_pre,I0,DEAD,0.021491219536223,19242
CHARLS,wealth,low,82,82,FALSE,death_pre,I0,DEAD,0.0238261336982354,19242
CHARLS,wealth,low,83,83,FALSE,death_pre,I0,DEAD,0.0264686014104593,19242
CHARLS,wealth,low,84,84,FALSE,death_pre,I0,DEAD,0.0293815334021486,19242
CHARLS,wealth,low,85,85,FALSE,death_pre,I0,DEAD,0.0324986337657466,19242
CHARLS,wealth,low,86,86,FALSE,death_pre,I0,DEAD,0.0357177481678294,19242
CHARLS,wealth,low,87,87,FALSE,death_pre,I0,DEAD,0.0388966767354743,19242
CHARLS,wealth,low,88,88,FALSE,death_pre,I0,DEAD,0.0418534749807346,19242
CHARLS,wealth,low,89,89,FALSE,death_pre,I0,DEAD,0.0443733567175666,19242
CHARLS,wealth,low,90,90,FALSE,death_pre,I0,DEAD,0.0462238291115481,19242
CHARLS,wealth,low,91,91,FALSE,death_pre,I0,DEAD,0.047232642614425,19242
CHARLS,wealth,low,92,92,FALSE,death_pre,I0,DEAD,0.0474816476434285,19242
CHARLS,wealth,low,93,93,FALSE,death_pre,I0,DEAD,0.0471508715875034,19242
CHARLS,wealth,low,94,94,FALSE,death_pre,I0,DEAD,0.046441610815029,19242
CHARLS,wealth,low,95,95,FALSE,death_pre,I0,DEAD,0.0455566338634045,19242
CHARLS,wealth,low,96,95,TRUE,death_pre,I0,DEAD,0.0455566338634045,19242
CHARLS,wealth,low,97,95,TRUE,death_pre,I0,DEAD,0.0455566338634045,19242
CHARLS,wealth,low,98,95,TRUE,death_pre,I0,DEAD,0.0455566338634045,19242
CHARLS,wealth,low,99,95,TRUE,death_pre,I0,DEAD,0.0455566338634045,19242
CHARLS,wealth,high,60,60,FALSE,death_post,D1,DEAD,0.0112831373906375,4642
CHARLS,wealth,high,61,61,FALSE,death_post,D1,DEAD,0.011661231471132,4642
CHARLS,wealth,high,62,62,FALSE,death_post,D1,DEAD,0.012064896476443,4642
CHARLS,wealth,high,63,63,FALSE,death_post,D1,DEAD,0.0125092730355326,4642
CHARLS,wealth,high,64,64,FALSE,death_post,D1,DEAD,0.0130117130253682,4642
CHARLS,wealth,high,65,65,FALSE,death_post,D1,DEAD,0.0135923784306378,4642
CHARLS,wealth,high,66,66,FALSE,death_post,D1,DEAD,0.0142751164335282,4642
CHARLS,wealth,high,67,67,FALSE,death_post,D1,DEAD,0.0150886965995489,4642
CHARLS,wealth,high,68,68,FALSE,death_post,D1,DEAD,0.0160685356875078,4642
CHARLS,wealth,high,69,69,FALSE,death_post,D1,DEAD,0.0172590954505649,4642
CHARLS,wealth,high,70,70,FALSE,death_post,D1,DEAD,0.0187172291294882,4642
CHARLS,wealth,high,71,71,FALSE,death_post,D1,DEAD,0.0205046936555717,4642
CHARLS,wealth,high,72,72,FALSE,death_post,D1,DEAD,0.0226478334678156,4642
CHARLS,wealth,high,73,73,FALSE,death_post,D1,DEAD,0.0251580454821151,4642
CHARLS,wealth,high,74,74,FALSE,death_post,D1,DEAD,0.0280362031389385,4642
CHARLS,wealth,high,75,75,FALSE,death_post,D1,DEAD,0.0312657442565311,4642
CHARLS,wealth,high,76,76,FALSE,death_post,D1,DEAD,0.0348049348549282,4642
CHARLS,wealth,high,77,77,FALSE,death_post,D1,DEAD,0.0385789646339812,4642
CHARLS,wealth,high,78,78,FALSE,death_post,D1,DEAD,0.0424730263971749,4642
CHARLS,wealth,high,79,79,FALSE,death_post,D1,DEAD,0.046328042637948,4642
CHARLS,wealth,high,80,80,FALSE,death_post,D1,DEAD,0.0499410889922291,4642
CHARLS,wealth,high,81,81,FALSE,death_post,D1,DEAD,0.0531171397690252,4642
CHARLS,wealth,high,82,82,FALSE,death_post,D1,DEAD,0.0558354036728089,4642
CHARLS,wealth,high,83,83,FALSE,death_post,D1,DEAD,0.0581544202860257,4642
CHARLS,wealth,high,84,84,FALSE,death_post,D1,DEAD,0.0601663517464875,4642
CHARLS,wealth,high,85,85,FALSE,death_post,D1,DEAD,0.0619900930911407,4642
CHARLS,wealth,high,86,86,FALSE,death_post,D1,DEAD,0.0637658784384378,4642
CHARLS,wealth,high,87,87,FALSE,death_post,D1,DEAD,0.0656525560345573,4642
CHARLS,wealth,high,88,88,FALSE,death_post,D1,DEAD,0.0678284590144733,4642
CHARLS,wealth,high,89,89,FALSE,death_post,D1,DEAD,0.0704967452946371,4642
CHARLS,wealth,high,90,90,FALSE,death_post,D1,DEAD,0.0738963136101786,4642
CHARLS,wealth,high,91,91,FALSE,death_post,D1,DEAD,0.0782581685153969,4642
CHARLS,wealth,high,92,92,FALSE,death_post,D1,DEAD,0.0836129770461183,4642
CHARLS,wealth,high,93,93,FALSE,death_post,D1,DEAD,0.0899281210460242,4642
CHARLS,wealth,high,94,94,FALSE,death_post,D1,DEAD,0.097148455938368,4642
CHARLS,wealth,high,95,95,FALSE,death_post,D1,DEAD,0.105180579824732,4642
CHARLS,wealth,high,96,95,TRUE,death_post,D1,DEAD,0.105180579824732,4642
CHARLS,wealth,high,97,95,TRUE,death_post,D1,DEAD,0.105180579824732,4642
CHARLS,wealth,high,98,95,TRUE,death_post,D1,DEAD,0.105180579824732,4642
CHARLS,wealth,high,99,95,TRUE,death_post,D1,DEAD,0.105180579824732,4642
CHARLS,wealth,middle,60,60,FALSE,death_post,D1,DEAD,0.0113699541902026,4642
CHARLS,wealth,middle,61,61,FALSE,death_post,D1,DEAD,0.0117509574720005,4642
CHARLS,wealth,middle,62,62,FALSE,death_post,D1,DEAD,0.0121577284311472,4642
CHARLS,wealth,middle,63,63,FALSE,death_post,D1,DEAD,0.0126055241944286,4642
CHARLS,wealth,middle,64,64,FALSE,death_post,D1,DEAD,0.0131118301508283,4642
CHARLS,wealth,middle,65,65,FALSE,death_post,D1,DEAD,0.0136969634191007,4642
CHARLS,wealth,middle,66,66,FALSE,death_post,D1,DEAD,0.0143849546708261,4642
CHARLS,wealth,middle,67,67,FALSE,death_post,D1,DEAD,0.0152047948356183,4642
CHARLS,wealth,middle,68,68,FALSE,death_post,D1,DEAD,0.0161921731824517,4642
CHARLS,wealth,middle,69,69,FALSE,death_post,D1,DEAD,0.0173918935703192,4642
CHARLS,wealth,middle,70,70,FALSE,death_post,D1,DEAD,0.0188612466906939,4642
CHARLS,wealth,middle,71,71,FALSE,death_post,D1,DEAD,0.0206624646564564,4642
CHARLS,wealth,middle,72,72,FALSE,death_post,D1,DEAD,0.0228220946108546,4642
CHARLS,wealth,middle,73,73,FALSE,death_post,D1,DEAD,0.0253516211620392,4642
CHARLS,wealth,middle,74,74,FALSE,death_post,D1,DEAD,0.0282519244710654,4642
CHARLS,wealth,middle,75,75,FALSE,death_post,D1,DEAD,0.0315063149203807,4642
CHARLS,wealth,middle,76,76,FALSE,death_post,D1,DEAD,0.0350727374127242,4642
CHARLS,wealth,middle,77,77,FALSE,death_post,D1,DEAD,0.0388758060287191,4642
CHARLS,wealth,middle,78,78,FALSE,death_post,D1,DEAD,0.0427998302011156,4642
CHARLS,wealth,middle,79,79,FALSE,death_post,D1,DEAD,0.0466845084198217,4642
CHARLS,wealth,middle,80,80,FALSE,death_post,D1,DEAD,0.0503253549426462,4642
CHARLS,wealth,middle,81,81,FALSE,death_post,D1,DEAD,0.053525843475906,4642
CHARLS,wealth,middle,82,82,FALSE,death_post,D1,DEAD,0.0562650227478474,4642
CHARLS,wealth,middle,83,83,FALSE,death_post,D1,DEAD,0.0586018827669829,4642
CHARLS,wealth,middle,84,84,FALSE,death_post,D1,DEAD,0.0606292948020664,4642
CHARLS,wealth,middle,85,85,FALSE,death_post,D1,DEAD,0.0624670687141955,4642
CHARLS,wealth,middle,86,86,FALSE,death_post,D1,DEAD,0.0642565176370773,4642
CHARLS,wealth,middle,87,87,FALSE,death_post,D1,DEAD,0.0661577120564026,4642
CHARLS,wealth,middle,88,88,FALSE,death_post,D1,DEAD,0.0683503572708886,4642
CHARLS,wealth,middle,89,89,FALSE,death_post,D1,DEAD,0.0710391743721483,4642
CHARLS,wealth,middle,90,90,FALSE,death_post,D1,DEAD,0.0744649002740809,4642
CHARLS,wealth,middle,91,91,FALSE,death_post,D1,DEAD,0.0788603169688909,4642
CHARLS,wealth,middle,92,92,FALSE,death_post,D1,DEAD,0.0842563274563753,4642
CHARLS,wealth,middle,93,93,FALSE,death_post,D1,DEAD,0.0906200626035732,4642
CHARLS,wealth,middle,94,94,FALSE,death_post,D1,DEAD,0.0978959535301511,4642
CHARLS,wealth,middle,95,95,FALSE,death_post,D1,DEAD,0.105989879667554,4642
CHARLS,wealth,middle,96,95,TRUE,death_post,D1,DEAD,0.105989879667554,4642
CHARLS,wealth,middle,97,95,TRUE,death_post,D1,DEAD,0.105989879667554,4642
CHARLS,wealth,middle,98,95,TRUE,death_post,D1,DEAD,0.105989879667554,4642
CHARLS,wealth,middle,99,95,TRUE,death_post,D1,DEAD,0.105989879667554,4642
CHARLS,wealth,low,60,60,FALSE,death_post,D1,DEAD,0.0147651741723867,4642
CHARLS,wealth,low,61,61,FALSE,death_post,D1,DEAD,0.0152599501162374,4642
CHARLS,wealth,low,62,62,FALSE,death_post,D1,DEAD,0.0157881883096018,4642
CHARLS,wealth,low,63,63,FALSE,death_post,D1,DEAD,0.0163697018608353,4642
CHARLS,wealth,low,64,64,FALSE,death_post,D1,DEAD,0.0170271975293051,4642
CHARLS,wealth,low,65,65,FALSE,death_post,D1,DEAD,0.0177870593964308,4642
CHARLS,wealth,low,66,66,FALSE,death_post,D1,DEAD,0.0186804940128654,4642
CHARLS,wealth,low,67,67,FALSE,death_post,D1,DEAD,0.0197451493865085,4642
CHARLS,wealth,low,68,68,FALSE,death_post,D1,DEAD,0.0210273720781005,4642
CHARLS,wealth,low,69,69,FALSE,death_post,D1,DEAD,0.022585344976557,4642
CHARLS,wealth,low,70,70,FALSE,death_post,D1,DEAD,0.0244934665380111,4642
CHARLS,wealth,low,71,71,FALSE,death_post,D1,DEAD,0.0268325522143484,4642
CHARLS,wealth,low,72,72,FALSE,death_post,D1,DEAD,0.0296370764798966,4642
CHARLS,wealth,low,73,73,FALSE,death_post,D1,DEAD,0.0329219533999901,4642
CHARLS,wealth,low,74,74,FALSE,death_post,D1,DEAD,0.0366883259635156,4642
CHARLS,wealth,low,75,75,FALSE,death_post,D1,DEAD,0.0409145208105008,4642
CHARLS,wealth,low,76,76,FALSE,death_post,D1,DEAD,0.0455459246306802,4642
CHARLS,wealth,low,77,77,FALSE,death_post,D1,DEAD,0.0504846402635971,4642
CHARLS,wealth,low,78,78,FALSE,death_post,D1,DEAD,0.0555804303954531,4642
CHARLS,wealth,low,79,79,FALSE,death_post,D1,DEAD,0.0606251253470209,4642
CHARLS,wealth,low,80,80,FALSE,death_post,D1,DEAD,0.0653531772059066,4642
CHARLS,wealth,low,81,81,FALSE,death_post,D1,DEAD,0.0695093743057178,4642
CHARLS,wealth,low,82,82,FALSE,death_post,D1,DEAD,0.0730665090454917,4642
CHARLS,wealth,low,83,83,FALSE,death_post,D1,DEAD,0.0761011866371353,4642
CHARLS,wealth,low,84,84,FALSE,death_post,D1,DEAD,0.0787340109490392,4642
CHARLS,wealth,low,85,85,FALSE,death_post,D1,DEAD,0.0811205686649393,4642
CHARLS,wealth,low,86,86,FALSE,death_post,D1,DEAD,0.0834443709052072,4642
CHARLS,wealth,low,87,87,FALSE,death_post,D1,DEAD,0.0859132873377023,4642
CHARLS,wealth,low,88,88,FALSE,death_post,D1,DEAD,0.0887606856603827,4642
CHARLS,wealth,low,89,89,FALSE,death_post,D1,DEAD,0.0922524194135407,4642
CHARLS,wealth,low,90,90,FALSE,death_post,D1,DEAD,0.0967011127646957,4642
CHARLS,wealth,low,91,91,FALSE,death_post,D1,DEAD,0.102409059513946,4642
CHARLS,wealth,low,92,92,FALSE,death_post,D1,DEAD,0.109416390709034,4642
CHARLS,wealth,low,93,93,FALSE,death_post,D1,DEAD,0.117680422055465,4642
CHARLS,wealth,low,94,94,FALSE,death_post,D1,DEAD,0.127128991064017,4642
CHARLS,wealth,low,95,95,FALSE,death_post,D1,DEAD,0.137639871508915,4642
CHARLS,wealth,low,96,95,TRUE,death_post,D1,DEAD,0.137639871508915,4642
CHARLS,wealth,low,97,95,TRUE,death_post,D1,DEAD,0.137639871508915,4642
CHARLS,wealth,low,98,95,TRUE,death_post,D1,DEAD,0.137639871508915,4642
CHARLS,wealth,low,99,95,TRUE,death_post,D1,DEAD,0.137639871508915,4642
CHARLS,wealth,high,60,60,FALSE,death_post,R1,DEAD,0.00597002904437822,2552
CHARLS,wealth,high,61,61,FALSE,death_post,R1,DEAD,0.00617008267874526,2552
CHARLS,wealth,high,62,62,FALSE,death_post,R1,DEAD,0.00638366616377001,2552
CHARLS,wealth,high,63,63,FALSE,death_post,R1,DEAD,0.00661879056867245,2552
CHARLS,wealth,high,64,64,FALSE,death_post,R1,DEAD,0.0068846369577153,2552
CHARLS,wealth,high,65,65,FALSE,death_post,R1,DEAD,0.00719187325330466,2552
CHARLS,wealth,high,66,66,FALSE,death_post,R1,DEAD,0.00755311725537968,2552
CHARLS,wealth,high,67,67,FALSE,death_post,R1,DEAD,0.00798359124970541,2552
CHARLS,wealth,high,68,68,FALSE,death_post,R1,DEAD,0.00850203462333528,2552
CHARLS,wealth,high,69,69,FALSE,death_post,R1,DEAD,0.00913197256687367,2552
CHARLS,wealth,high,70,70,FALSE,death_post,R1,DEAD,0.00990348673996008,2552
CHARLS,wealth,high,71,71,FALSE,death_post,R1,DEAD,0.0108492533975006,2552
CHARLS,wealth,high,72,72,FALSE,death_post,R1,DEAD,0.0119832116648063,2552
CHARLS,wealth,high,73,73,FALSE,death_post,R1,DEAD,0.0133113917723489,2552
CHARLS,wealth,high,74,74,FALSE,death_post,R1,DEAD,0.014834255866851,2552
CHARLS,wealth,high,75,75,FALSE,death_post,R1,DEAD,0.0165430407202589,2552
CHARLS,wealth,high,76,76,FALSE,death_post,R1,DEAD,0.0184156644360308,2552
CHARLS,wealth,high,77,77,FALSE,death_post,R1,DEAD,0.0204125440817569,2552
CHARLS,wealth,high,78,78,FALSE,death_post,R1,DEAD,0.0224729339380533,2552
CHARLS,wealth,high,79,79,FALSE,death_post,R1,DEAD,0.0245126643895377,2552
CHARLS,wealth,high,80,80,FALSE,death_post,R1,DEAD,0.0264243659781084,2552
CHARLS,wealth,high,81,81,FALSE,death_post,R1,DEAD,0.0281048485183304,2552
CHARLS,wealth,high,82,82,FALSE,death_post,R1,DEAD,0.0295431111126811,2552
CHARLS,wealth,high,83,83,FALSE,death_post,R1,DEAD,0.0307701276822735,2552
CHARLS,wealth,high,84,84,FALSE,death_post,R1,DEAD,0.0318346622029842,2552
CHARLS,wealth,high,85,85,FALSE,death_post,R1,DEAD,0.0327996233144254,2552
CHARLS,wealth,high,86,86,FALSE,death_post,R1,DEAD,0.0337392103931702,2552
CHARLS,wealth,high,87,87,FALSE,death_post,R1,DEAD,0.0347374717504729,2552
CHARLS,wealth,high,88,88,FALSE,death_post,R1,DEAD,0.0358887653612931,2552
CHARLS,wealth,high,89,89,FALSE,death_post,R1,DEAD,0.0373005842588022,2552
CHARLS,wealth,high,90,90,FALSE,death_post,R1,DEAD,0.0390993323267794,2552
CHARLS,wealth,high,91,91,FALSE,death_post,R1,DEAD,0.0414072365532337,2552
CHARLS,wealth,high,92,92,FALSE,death_post,R1,DEAD,0.0442405231958317,2552
CHARLS,wealth,high,93,93,FALSE,death_post,R1,DEAD,0.0475819336381217,2552
CHARLS,wealth,high,94,94,FALSE,death_post,R1,DEAD,0.0514022902929292,2552
CHARLS,wealth,high,95,95,FALSE,death_post,R1,DEAD,0.0556521732137402,2552
CHARLS,wealth,high,96,95,TRUE,death_post,R1,DEAD,0.0556521732137402,2552
CHARLS,wealth,high,97,95,TRUE,death_post,R1,DEAD,0.0556521732137402,2552
CHARLS,wealth,high,98,95,TRUE,death_post,R1,DEAD,0.0556521732137402,2552
CHARLS,wealth,high,99,95,TRUE,death_post,R1,DEAD,0.0556521732137402,2552
CHARLS,wealth,middle,60,60,FALSE,death_post,R1,DEAD,0.00601596474444101,2552
CHARLS,wealth,middle,61,61,FALSE,death_post,R1,DEAD,0.006217557668429,2552
CHARLS,wealth,middle,62,62,FALSE,death_post,R1,DEAD,0.00643278454695041,2552
CHARLS,wealth,middle,63,63,FALSE,death_post,R1,DEAD,0.00666971808947358,2552
CHARLS,wealth,middle,64,64,FALSE,death_post,R1,DEAD,0.0069376100029015,2552
CHARLS,wealth,middle,65,65,FALSE,death_post,R1,DEAD,0.00724721029273906,2552
CHARLS,wealth,middle,66,66,FALSE,death_post,R1,DEAD,0.0076112338451321,2552
CHARLS,wealth,middle,67,67,FALSE,death_post,R1,DEAD,0.00804502007196815,2552
CHARLS,wealth,middle,68,68,FALSE,death_post,R1,DEAD,0.00856745254835338,2552
CHARLS,wealth,middle,69,69,FALSE,death_post,R1,DEAD,0.00920223747675858,2552
CHARLS,wealth,middle,70,70,FALSE,death_post,R1,DEAD,0.00997968797668455,2552
CHARLS,wealth,middle,71,71,FALSE,death_post,R1,DEAD,0.0109327317267128,2552
CHARLS,wealth,middle,72,72,FALSE,death_post,R1,DEAD,0.0120754151051467,2552
CHARLS,wealth,middle,73,73,FALSE,death_post,R1,DEAD,0.013413814741371,2552
CHARLS,wealth,middle,74,74,FALSE,death_post,R1,DEAD,0.0149483963380428,2552
CHARLS,wealth,middle,75,75,FALSE,death_post,R1,DEAD,0.0166703292394609,2552
CHARLS,wealth,middle,76,76,FALSE,death_post,R1,DEAD,0.0185573616424769,2552
CHARLS,wealth,middle,77,77,FALSE,death_post,R1,DEAD,0.0205696060483717,2552
CHARLS,wealth,middle,78,78,FALSE,death_post,R1,DEAD,0.0226458493368287,2552
CHARLS,wealth,middle,79,79,FALSE,death_post,R1,DEAD,0.0247012742590656,2552
CHARLS,wealth,middle,80,80,FALSE,death_post,R1,DEAD,0.0266276852150663,2552
CHARLS,wealth,middle,81,81,FALSE,death_post,R1,DEAD,0.0283210980344134,2552
CHARLS,wealth,middle,82,82,FALSE,death_post,R1,DEAD,0.0297704271744466,2552
CHARLS,wealth,middle,83,83,FALSE,death_post,R1,DEAD,0.0310068848815434,2552
CHARLS,wealth,middle,84,84,FALSE,death_post,R1,DEAD,0.0320796103403695,2552
CHARLS,wealth,middle,85,85,FALSE,death_post,R1,DEAD,0.0330519962338104,2552
CHARLS,wealth,middle,86,86,FALSE,death_post,R1,DEAD,0.0339988128569865,2552
CHARLS,wealth,middle,87,87,FALSE,death_post,R1,DEAD,0.035004755221191,2552
CHARLS,wealth,middle,88,88,FALSE,death_post,R1,DEAD,0.0361649073279411,2552
CHARLS,wealth,middle,89,89,FALSE,death_post,R1,DEAD,0.0375875893031566,2552
CHARLS,wealth,middle,90,90,FALSE,death_post,R1,DEAD,0.0394001776307247,2552
CHARLS,wealth,middle,91,91,FALSE,death_post,R1,DEAD,0.0417258397601192,2552
CHARLS,wealth,middle,92,92,FALSE,death_post,R1,DEAD,0.0445809268000751,2552
CHARLS,wealth,middle,93,93,FALSE,death_post,R1,DEAD,0.0479480473397068,2552
CHARLS,wealth,middle,94,94,FALSE,death_post,R1,DEAD,0.0517977992882598,2552
CHARLS,wealth,middle,95,95,FALSE,death_post,R1,DEAD,0.0560803824431402,2552
CHARLS,wealth,middle,96,95,TRUE,death_post,R1,DEAD,0.0560803824431402,2552
CHARLS,wealth,middle,97,95,TRUE,death_post,R1,DEAD,0.0560803824431402,2552
CHARLS,wealth,middle,98,95,TRUE,death_post,R1,DEAD,0.0560803824431402,2552
CHARLS,wealth,middle,99,95,TRUE,death_post,R1,DEAD,0.0560803824431402,2552
CHARLS,wealth,low,60,60,FALSE,death_post,R1,DEAD,0.00781241206258776,2552
CHARLS,wealth,low,61,61,FALSE,death_post,R1,DEAD,0.00807420332267641,2552
CHARLS,wealth,low,62,62,FALSE,death_post,R1,DEAD,0.00835369981798208,2552
CHARLS,wealth,low,63,63,FALSE,death_post,R1,DEAD,0.00866138487670024,2552
CHARLS,wealth,low,64,64,FALSE,death_post,R1,DEAD,0.0090092728888213,2552
CHARLS,wealth,low,65,65,FALSE,death_post,R1,DEAD,0.00941132395488561,2552
CHARLS,wealth,low,66,66,FALSE,death_post,R1,DEAD,0.00988404979564276,2552
CHARLS,wealth,low,67,67,FALSE,death_post,R1,DEAD,0.0104473703759786,2552
CHARLS,wealth,low,68,68,FALSE,death_post,R1,DEAD,0.0111258081584092,2552
CHARLS,wealth,low,69,69,FALSE,death_post,R1,DEAD,0.0119501483336744,2552
CHARLS,wealth,low,70,70,FALSE,death_post,R1,DEAD,0.012959755923097,2552
CHARLS,wealth,low,71,71,FALSE,death_post,R1,DEAD,0.0141973912492972,2552
CHARLS,wealth,low,72,72,FALSE,death_post,R1,DEAD,0.0156812951265006,2552
CHARLS,wealth,low,73,73,FALSE,death_post,R1,DEAD,0.0174193587466811,2552
CHARLS,wealth,low,74,74,FALSE,death_post,R1,DEAD,0.0194121868775213,2552
CHARLS,wealth,low,75,75,FALSE,death_post,R1,DEAD,0.0216483119117373,2552
CHARLS,wealth,low,76,76,FALSE,death_post,R1,DEAD,0.0240988373609495,2552
CHARLS,wealth,low,77,77,FALSE,death_post,R1,DEAD,0.0267119647872719,2552
CHARLS,wealth,low,78,78,FALSE,death_post,R1,DEAD,0.0294082020161547,2552
CHARLS,wealth,low,79,79,FALSE,death_post,R1,DEAD,0.032077404236973,2552
CHARLS,wealth,low,80,80,FALSE,death_post,R1,DEAD,0.0345790672003519,2552
CHARLS,wealth,low,81,81,FALSE,death_post,R1,DEAD,0.0367781556755683,2552
CHARLS,wealth,low,82,82,FALSE,death_post,R1,DEAD,0.0386602738290561,2552
CHARLS,wealth,low,83,83,FALSE,death_post,R1,DEAD,0.0402659543002936,2552
CHARLS,wealth,low,84,84,FALSE,death_post,R1,DEAD,0.0416590098899432,2552
CHARLS,wealth,low,85,85,FALSE,death_post,R1,DEAD,0.0429217631815792,2552
CHARLS,wealth,low,86,86,FALSE,death_post,R1,DEAD,0.0441513118777869,2552
CHARLS,wealth,low,87,87,FALSE,death_post,R1,DEAD,0.0454576420499576,2552
CHARLS,wealth,low,88,88,FALSE,death_post,R1,DEAD,0.0469642310507635,2552
CHARLS,wealth,low,89,89,FALSE,death_post,R1,DEAD,0.0488117448405793,2552
CHARLS,wealth,low,90,90,FALSE,death_post,R1,DEAD,0.0511655962204239,2552
CHARLS,wealth,low,91,91,FALSE,death_post,R1,DEAD,0.054185732083084,2552
CHARLS,wealth,low,92,92,FALSE,death_post,R1,DEAD,0.0578933861964663,2552
CHARLS,wealth,low,93,93,FALSE,death_post,R1,DEAD,0.062265973842415,2552
CHARLS,wealth,low,94,94,FALSE,death_post,R1,DEAD,0.0672653130736891,2552
CHARLS,wealth,low,95,95,FALSE,death_post,R1,DEAD,0.0728267326829278,2552
CHARLS,wealth,low,96,95,TRUE,death_post,R1,DEAD,0.0728267326829278,2552
CHARLS,wealth,low,97,95,TRUE,death_post,R1,DEAD,0.0728267326829278,2552
CHARLS,wealth,low,98,95,TRUE,death_post,R1,DEAD,0.0728267326829278,2552
CHARLS,wealth,low,99,95,TRUE,death_post,R1,DEAD,0.0728267326829278,2552
CHARLS,wealth,high,60,60,FALSE,death_post,D2,DEAD,0.0120451146185336,609
CHARLS,wealth,high,61,61,FALSE,death_post,D2,DEAD,0.0124487422957011,609
CHARLS,wealth,high,62,62,FALSE,death_post,D2,DEAD,0.0128796677633371,609
CHARLS,wealth,high,63,63,FALSE,death_post,D2,DEAD,0.0133540541332546,609
CHARLS,wealth,high,64,64,FALSE,death_post,D2,DEAD,0.0138904250961328,609
CHARLS,wealth,high,65,65,FALSE,death_post,D2,DEAD,0.0145103042236611,609
CHARLS,wealth,high,66,66,FALSE,death_post,D2,DEAD,0.0152391491552195,609
CHARLS,wealth,high,67,67,FALSE,death_post,D2,DEAD,0.0161076723338184,609
CHARLS,wealth,high,68,68,FALSE,death_post,D2,DEAD,0.0171536822966127,609
CHARLS,wealth,high,69,69,FALSE,death_post,D2,DEAD,0.0184246434051903,609
CHARLS,wealth,high,70,70,FALSE,death_post,D2,DEAD,0.019981248335513,609
CHARLS,wealth,high,71,71,FALSE,death_post,D2,DEAD,0.0218894246120072,609
CHARLS,wealth,high,72,72,FALSE,death_post,D2,DEAD,0.024177295776586,609
CHARLS,wealth,high,73,73,FALSE,death_post,D2,DEAD,0.0268570284061067,609
CHARLS,wealth,high,74,74,FALSE,death_post,D2,DEAD,0.0299295549265596,609
CHARLS,wealth,high,75,75,FALSE,death_post,D2,DEAD,0.0333771946724825,609
CHARLS,wealth,high,76,76,FALSE,death_post,D2,DEAD,0.0371553952685244,609
CHARLS,wealth,high,77,77,FALSE,death_post,D2,DEAD,0.0411842942962161,609
CHARLS,wealth,high,78,78,FALSE,death_post,D2,DEAD,0.0453413313547419,609
CHARLS,wealth,high,79,79,FALSE,death_post,D2,DEAD,0.0494566860534226,609
CHARLS,wealth,high,80,80,FALSE,death_post,D2,DEAD,0.0533137300610141,609
CHARLS,wealth,high,81,81,FALSE,death_post,D2,DEAD,0.0567042671356168,609
CHARLS,wealth,high,82,82,FALSE,death_post,D2,DEAD,0.0596061018958375,609
CHARLS,wealth,high,83,83,FALSE,death_post,D2,DEAD,0.0620817272419985,609
CHARLS,wealth,high,84,84,FALSE,death_post,D2,DEAD,0.0642295292412904,609
CHARLS,wealth,high,85,85,FALSE,death_post,D2,DEAD,0.0661764321965919,609
CHARLS,wealth,high,86,86,FALSE,death_post,D2,DEAD,0.0680721405714501,609
CHARLS,wealth,high,87,87,FALSE,death_post,D2,DEAD,0.0700862300136592,609
CHARLS,wealth,high,88,88,FALSE,death_post,D2,DEAD,0.0724090769209072,609
CHARLS,wealth,high,89,89,FALSE,death_post,D2,DEAD,0.0752575589491685,609
CHARLS,wealth,high,90,90,FALSE,death_post,D2,DEAD,0.0788867082359804,609
CHARLS,wealth,high,91,91,FALSE,death_post,D2,DEAD,0.0835431296251556,609
CHARLS,wealth,high,92,92,FALSE,death_post,D2,DEAD,0.0892595611707256,609
CHARLS,wealth,high,93,93,FALSE,death_post,D2,DEAD,0.0960011819343377,609
CHARLS,wealth,high,94,94,FALSE,death_post,D2,DEAD,0.103709123294216,609
CHARLS,wealth,high,95,95,FALSE,death_post,D2,DEAD,0.112283675698566,609
CHARLS,wealth,high,96,95,TRUE,death_post,D2,DEAD,0.112283675698566,609
CHARLS,wealth,high,97,95,TRUE,death_post,D2,DEAD,0.112283675698566,609
CHARLS,wealth,high,98,95,TRUE,death_post,D2,DEAD,0.112283675698566,609
CHARLS,wealth,high,99,95,TRUE,death_post,D2,DEAD,0.112283675698566,609
CHARLS,wealth,middle,60,60,FALSE,death_post,D2,DEAD,0.0121377943640132,609
CHARLS,wealth,middle,61,61,FALSE,death_post,D2,DEAD,0.0125445277077994,609
CHARLS,wealth,middle,62,62,FALSE,death_post,D2,DEAD,0.012978768881755,609
CHARLS,wealth,middle,63,63,FALSE,death_post,D2,DEAD,0.0134568053628931,609
CHARLS,wealth,middle,64,64,FALSE,death_post,D2,DEAD,0.0139973033702949,609
CHARLS,wealth,middle,65,65,FALSE,death_post,D2,DEAD,0.01462195208629,609
CHARLS,wealth,middle,66,66,FALSE,death_post,D2,DEAD,0.0153564050311294,609
CHARLS,wealth,middle,67,67,FALSE,death_post,D2,DEAD,0.0162316109611745,609
CHARLS,wealth,middle,68,68,FALSE,death_post,D2,DEAD,0.0172856693270094,609
CHARLS,wealth,middle,69,69,FALSE,death_post,D2,DEAD,0.0185664096992792,609
CHARLS,wealth,middle,70,70,FALSE,death_post,D2,DEAD,0.0201349917467422,609
CHARLS,wealth,middle,71,71,FALSE,death_post,D2,DEAD,0.0220578502655593,609
CHARLS,wealth,middle,72,72,FALSE,death_post,D2,DEAD,0.0243633251909936,609
CHARLS,wealth,middle,73,73,FALSE,death_post,D2,DEAD,0.0270636767142255,609
CHARLS,wealth,middle,74,74,FALSE,death_post,D2,DEAD,0.0301598444356892,609
CHARLS,wealth,middle,75,75,FALSE,death_post,D2,DEAD,0.033634011648081,609
CHARLS,wealth,middle,76,76,FALSE,death_post,D2,DEAD,0.0374412831729352,609
CHARLS,wealth,middle,77,77,FALSE,death_post,D2,DEAD,0.041501182099613,609
CHARLS,wealth,middle,78,78,FALSE,death_post,D2,DEAD,0.0456902050004271,609
CHARLS,wealth,middle,79,79,FALSE,death_post,D2,DEAD,0.0498372248212849,609
CHARLS,wealth,middle,80,80,FALSE,death_post,D2,DEAD,0.0537239464092273,609
CHARLS,wealth,middle,81,81,FALSE,death_post,D2,DEAD,0.057140571580379,609
CHARLS,wealth,middle,82,82,FALSE,death_post,D2,DEAD,0.0600647341735443,609
CHARLS,wealth,middle,83,83,FALSE,death_post,D2,DEAD,0.0625594079334607,609
CHARLS,wealth,middle,84,84,FALSE,death_post,D2,DEAD,0.0647237359475677,609
CHARLS,wealth,middle,85,85,FALSE,death_post,D2,DEAD,0.0666856191231563,609
CHARLS,wealth,middle,86,86,FALSE,death_post,D2,DEAD,0.068595913807506,609
CHARLS,wealth,middle,87,87,FALSE,death_post,D2,DEAD,0.0706255004286785,609
CHARLS,wealth,middle,88,88,FALSE,death_post,D2,DEAD,0.072966220213601,609
CHARLS,wealth,middle,89,89,FALSE,death_post,D2,DEAD,0.075836619558363,609
CHARLS,wealth,middle,90,90,FALSE,death_post,D2,DEAD,0.0794936929158759,609
CHARLS,wealth,middle,91,91,FALSE,death_post,D2,DEAD,0.0841859426024864,609
CHARLS,wealth,middle,92,92,FALSE,death_post,D2,DEAD,0.0899463585714075,609
CHARLS,wealth,middle,93,93,FALSE,death_post,D2,DEAD,0.0967398519585919,609
CHARLS,wealth,middle,94,94,FALSE,death_post,D2,DEAD,0.104507101184441,609
CHARLS,wealth,middle,95,95,FALSE,death_post,D2,DEAD,0.113147629493514,609
CHARLS,wealth,middle,96,95,TRUE,death_post,D2,DEAD,0.113147629493514,609
CHARLS,wealth,middle,97,95,TRUE,death_post,D2,DEAD,0.113147629493514,609
CHARLS,wealth,middle,98,95,TRUE,death_post,D2,DEAD,0.113147629493514,609
CHARLS,wealth,middle,99,95,TRUE,death_post,D2,DEAD,0.113147629493514,609
CHARLS,wealth,low,60,60,FALSE,death_post,D2,DEAD,0.0157623016641261,609
CHARLS,wealth,low,61,61,FALSE,death_post,D2,DEAD,0.0162904910096817,609
CHARLS,wealth,low,62,62,FALSE,death_post,D2,DEAD,0.0168544023904153,609
CHARLS,wealth,low,63,63,FALSE,death_post,D2,DEAD,0.0174751869412309,609
CHARLS,wealth,low,64,64,FALSE,death_post,D2,DEAD,0.0181770848632114,609
CHARLS,wealth,low,65,65,FALSE,death_post,D2,DEAD,0.0189882620178365,609
CHARLS,wealth,low,66,66,FALSE,death_post,D2,DEAD,0.0199420324086899,609
CHARLS,wealth,low,67,67,FALSE,death_post,D2,DEAD,0.0210785865036005,609
CHARLS,wealth,low,68,68,FALSE,death_post,D2,DEAD,0.0224474007572961,609
CHARLS,wealth,low,69,69,FALSE,death_post,D2,DEAD,0.0241105872882027,609
CHARLS,wealth,low,70,70,FALSE,death_post,D2,DEAD,0.0261475688579638,609
CHARLS,wealth,low,71,71,FALSE,death_post,D2,DEAD,0.0286446185790308,609
CHARLS,wealth,low,72,72,FALSE,death_post,D2,DEAD,0.0316385390693563,609
CHARLS,wealth,low,73,73,FALSE,death_post,D2,DEAD,0.0351452515767421,609
CHARLS,wealth,low,74,74,FALSE,death_post,D2,DEAD,0.0391659762788457,609
CHARLS,wealth,low,75,75,FALSE,death_post,D2,DEAD,0.0436775761619095,609
CHARLS,wealth,low,76,76,FALSE,death_post,D2,DEAD,0.0486217497483327,609
CHARLS,wealth,low,77,77,FALSE,death_post,D2,DEAD,0.053893988648498,609
CHARLS,wealth,low,78,78,FALSE,death_post,D2,DEAD,0.0593339096638292,609
CHARLS,wealth,low,79,79,FALSE,death_post,D2,DEAD,0.0647192849192605,609
CHARLS,wealth,low,80,80,FALSE,death_post,D2,DEAD,0.0697666334173746,609
CHARLS,wealth,low,81,81,FALSE,death_post,D2,DEAD,0.0742035084381452,609
CHARLS,wealth,low,82,82,FALSE,death_post,D2,DEAD,0.0780008649863067,609
CHARLS,wealth,low,83,83,FALSE,death_post,D2,DEAD,0.0812404816067667,609
CHARLS,wealth,low,84,84,FALSE,death_post,D2,DEAD,0.0840511068353188,609
CHARLS,wealth,low,85,85,FALSE,death_post,D2,DEAD,0.0865988344962099,609
CHARLS,wealth,low,86,86,FALSE,death_post,D2,DEAD,0.0890795686542516,609
CHARLS,wealth,low,87,87,FALSE,death_post,D2,DEAD,0.0917152169126571,609
CHARLS,wealth,low,88,88,FALSE,death_post,D2,DEAD,0.0947549068476362,609
CHARLS,wealth,low,89,89,FALSE,death_post,D2,DEAD,0.0984824457242866,609
CHARLS,wealth,low,90,90,FALSE,death_post,D2,DEAD,0.103231569967144,609
CHARLS,wealth,low,91,91,FALSE,death_post,D2,DEAD,0.109324987998928,609
CHARLS,wealth,low,92,92,FALSE,death_post,D2,DEAD,0.116805541012924,609
CHARLS,wealth,low,93,93,FALSE,death_post,D2,DEAD,0.125627662142239,609
CHARLS,wealth,low,94,94,FALSE,death_post,D2,DEAD,0.135714315592331,609
CHARLS,wealth,low,95,95,FALSE,death_post,D2,DEAD,0.14693502090835,609
CHARLS,wealth,low,96,95,TRUE,death_post,D2,DEAD,0.14693502090835,609
CHARLS,wealth,low,97,95,TRUE,death_post,D2,DEAD,0.14693502090835,609
CHARLS,wealth,low,98,95,TRUE,death_post,D2,DEAD,0.14693502090835,609
CHARLS,wealth,low,99,95,TRUE,death_post,D2,DEAD,0.14693502090835,609
HRS,education,high,60,60,FALSE,onset,I0,D1,0.00998478206461509,116631
HRS,education,high,61,61,FALSE,onset,I0,D1,0.0100301671621418,116631
HRS,education,high,62,62,FALSE,onset,I0,D1,0.0100879767453765,116631
HRS,education,high,63,63,FALSE,onset,I0,D1,0.0101707414639934,116631
HRS,education,high,64,64,FALSE,onset,I0,D1,0.0102915341335512,116631
HRS,education,high,65,65,FALSE,onset,I0,D1,0.0104643656060738,116631
HRS,education,high,66,66,FALSE,onset,I0,D1,0.0107047688300315,116631
HRS,education,high,67,67,FALSE,onset,I0,D1,0.0110306118960058,116631
HRS,education,high,68,68,FALSE,onset,I0,D1,0.0114632076478557,116631
HRS,education,high,69,69,FALSE,onset,I0,D1,0.0120288269844261,116631
HRS,education,high,70,70,FALSE,onset,I0,D1,0.0127607817718421,116631
HRS,education,high,71,71,FALSE,onset,I0,D1,0.0136955106787674,116631
HRS,education,high,72,72,FALSE,onset,I0,D1,0.0148515284271696,116631
HRS,education,high,73,73,FALSE,onset,I0,D1,0.0162436942874597,116631
HRS,education,high,74,74,FALSE,onset,I0,D1,0.0178874307742046,116631
HRS,education,high,75,75,FALSE,onset,I0,D1,0.0197965446023651,116631
HRS,education,high,76,76,FALSE,onset,I0,D1,0.021980514471128,116631
HRS,education,high,77,77,FALSE,onset,I0,D1,0.0244411768340893,116631
HRS,education,high,78,78,FALSE,onset,I0,D1,0.027168830132995,116631
HRS,education,high,79,79,FALSE,onset,I0,D1,0.0301379074415413,116631
HRS,education,high,80,80,FALSE,onset,I0,D1,0.0333025391733318,116631
HRS,education,high,81,81,FALSE,onset,I0,D1,0.0366057726038928,116631
HRS,education,high,82,82,FALSE,onset,I0,D1,0.0400261777901753,116631
HRS,education,high,83,83,FALSE,onset,I0,D1,0.0435544391681646,116631
HRS,education,high,84,84,FALSE,onset,I0,D1,0.0471830428447097,116631
HRS,education,high,85,85,FALSE,onset,I0,D1,0.0509068387073214,116631
HRS,education,high,86,86,FALSE,onset,I0,D1,0.0547235705111354,116631
HRS,education,high,87,87,FALSE,onset,I0,D1,0.0586343732997256,116631
HRS,education,high,88,88,FALSE,onset,I0,D1,0.0626442428382266,116631
HRS,education,high,89,89,FALSE,onset,I0,D1,0.066762486995412,116631
HRS,education,high,90,90,FALSE,onset,I0,D1,0.0710031741283482,116631
HRS,education,high,91,91,FALSE,onset,I0,D1,0.0753848890466796,116631
HRS,education,high,92,92,FALSE,onset,I0,D1,0.0799287698071154,116631
HRS,education,high,93,93,FALSE,onset,I0,D1,0.0846605678341813,116631
HRS,education,high,94,94,FALSE,onset,I0,D1,0.0896118352330133,116631
HRS,education,high,95,95,FALSE,onset,I0,D1,0.0948205869873029,116631
HRS,education,high,96,95,TRUE,onset,I0,D1,0.0948205869873029,116631
HRS,education,high,97,95,TRUE,onset,I0,D1,0.0948205869873029,116631
HRS,education,high,98,95,TRUE,onset,I0,D1,0.0948205869873029,116631
HRS,education,high,99,95,TRUE,onset,I0,D1,0.0948205869873029,116631
HRS,education,middle,60,60,FALSE,onset,I0,D1,0.0124825022056528,116631
HRS,education,middle,61,61,FALSE,onset,I0,D1,0.0125392405076323,116631
HRS,education,middle,62,62,FALSE,onset,I0,D1,0.0126115113139018,116631
HRS,education,middle,63,63,FALSE,onset,I0,D1,0.0127149798499199,116631
HRS,education,middle,64,64,FALSE,onset,I0,D1,0.0128659891312867,116631
HRS,education,middle,65,65,FALSE,onset,I0,D1,0.0130820548624172,116631
HRS,education,middle,66,66,FALSE,onset,I0,D1,0.0133825956007006,116631
HRS,education,middle,67,67,FALSE,onset,I0,D1,0.0137899491877293,116631
HRS,education,middle,68,68,FALSE,onset,I0,D1,0.0143307599326887,116631
HRS,education,middle,69,69,FALSE,onset,I0,D1,0.0150378704705663,116631
HRS,education,middle,70,70,FALSE,onset,I0,D1,0.0159529257205689,116631
HRS,education,middle,71,71,FALSE,onset,I0,D1,0.0171214795825236,116631
HRS,education,middle,72,72,FALSE,onset,I0,D1,0.0185666782859929,116631
HRS,education,middle,73,73,FALSE,onset,I0,D1,0.0203070981879246,116631
HRS,education,middle,74,74,FALSE,onset,I0,D1,0.0223620197864658,116631
HRS,education,middle,75,75,FALSE,onset,I0,D1,0.0247487035835322,116631
HRS,education,middle,76,76,FALSE,onset,I0,D1,0.0274789994004558,116631
HRS,education,middle,77,77,FALSE,onset,I0,D1,0.0305552030846485,116631
HRS,education,middle,78,78,FALSE,onset,I0,D1,0.0339651862069151,116631
HRS,education,middle,79,79,FALSE,onset,I0,D1,0.0376769862054373,116631
HRS,education,middle,80,80,FALSE,onset,I0,D1,0.0416332590931698,116631
HRS,education,middle,81,81,FALSE,onset,I0,D1,0.0457628052681322,116631
HRS,education,middle,82,82,FALSE,onset,I0,D1,0.0500388340292709,116631
HRS,education,middle,83,83,FALSE,onset,I0,D1,0.0544496994991293,116631
HRS,education,middle,84,84,FALSE,onset,I0,D1,0.0589860081639355,116631
HRS,education,middle,85,85,FALSE,onset,I0,D1,0.0636413215966822,116631
HRS,education,middle,86,86,FALSE,onset,I0,D1,0.0684128191467722,116631
HRS,education,middle,87,87,FALSE,onset,I0,D1,0.0733019197919881,116631
HRS,education,middle,88,88,FALSE,onset,I0,D1,0.0783148690015759,116631
HRS,education,middle,89,89,FALSE,onset,I0,D1,0.0834633030327664,116631
HRS,education,middle,90,90,FALSE,onset,I0,D1,0.088764809480058,116631
HRS,education,middle,91,91,FALSE,onset,I0,D1,0.0942426221933115,116631
HRS,education,middle,92,92,FALSE,onset,I0,D1,0.0999231669710859,116631
HRS,education,middle,93,93,FALSE,onset,I0,D1,0.105838637026148,116631
HRS,education,middle,94,94,FALSE,onset,I0,D1,0.112028477307763,116631
HRS,education,middle,95,95,FALSE,onset,I0,D1,0.118540212350237,116631
HRS,education,middle,96,95,TRUE,onset,I0,D1,0.118540212350237,116631
HRS,education,middle,97,95,TRUE,onset,I0,D1,0.118540212350237,116631
HRS,education,middle,98,95,TRUE,onset,I0,D1,0.118540212350237,116631
HRS,education,middle,99,95,TRUE,onset,I0,D1,0.118540212350237,116631
HRS,education,low,60,60,FALSE,onset,I0,D1,0.0198781637453445,116631
HRS,education,low,61,61,FALSE,onset,I0,D1,0.0199685184866293,116631
HRS,education,low,62,62,FALSE,onset,I0,D1,0.0200836084659753,116631
HRS,education,low,63,63,FALSE,onset,I0,D1,0.0202483802775538,116631
HRS,education,low,64,64,FALSE,onset,I0,D1,0.0204888598843363,116631
HRS,education,low,65,65,FALSE,onset,I0,D1,0.0208329407354675,116631
HRS,education,low,66,66,FALSE,onset,I0,D1,0.0213115465397621,116631
HRS,education,low,67,67,FALSE,onset,I0,D1,0.0219602499144382,116631
HRS,education,low,68,68,FALSE,onset,I0,D1,0.0228214814501055,116631
HRS,education,low,69,69,FALSE,onset,I0,D1,0.0239475424614646,116631
HRS,education,low,70,70,FALSE,onset,I0,D1,0.0254047517449808,116631
HRS,education,low,71,71,FALSE,onset,I0,D1,0.0272656530795443,116631
HRS,education,low,72,72,FALSE,onset,I0,D1,0.0295671064259024,116631
HRS,education,low,73,73,FALSE,onset,I0,D1,0.0323386943035786,116631
HRS,education,low,74,74,FALSE,onset,I0,D1,0.0356111205644888,116631
HRS,education,low,75,75,FALSE,onset,I0,D1,0.0394118722523164,116631
HRS,education,low,76,76,FALSE,onset,I0,D1,0.0437598199977177,116631
HRS,education,low,77,77,FALSE,onset,I0,D1,0.0486586198970459,116631
HRS,education,low,78,78,FALSE,onset,I0,D1,0.0540889576415551,116631
HRS,education,low,79,79,FALSE,onset,I0,D1,0.059999933417484,116631
HRS,education,low,80,80,FALSE,onset,I0,D1,0.0663002279408047,116631
HRS,education,low,81,81,FALSE,onset,I0,D1,0.0728764571060347,116631
HRS,education,low,82,82,FALSE,onset,I0,D1,0.079685957196107,116631
HRS,education,low,83,83,FALSE,onset,I0,D1,0.0867101823573749,116631
HRS,education,low,84,84,FALSE,onset,I0,D1,0.0939341735854803,116631
HRS,education,low,85,85,FALSE,onset,I0,D1,0.101347677799414,116631
HRS,education,low,86,86,FALSE,onset,I0,D1,0.108946203163042,116631
HRS,education,low,87,87,FALSE,onset,I0,D1,0.116732009373359,116631
HRS,education,low,88,88,FALSE,onset,I0,D1,0.124715042229557,116631
HRS,education,low,89,89,FALSE,onset,I0,D1,0.132913832265241,116631
HRS,education,low,90,90,FALSE,onset,I0,D1,0.141356387413241,116631
HRS,education,low,91,91,FALSE,onset,I0,D1,0.150079707168079,116631
HRS,education,low,92,92,FALSE,onset,I0,D1,0.159125874146061,116631
HRS,education,low,93,93,FALSE,onset,I0,D1,0.168546155468499,116631
HRS,education,low,94,94,FALSE,onset,I0,D1,0.17840336651868,116631
HRS,education,low,95,95,FALSE,onset,I0,D1,0.188773189276009,116631
HRS,education,low,96,95,TRUE,onset,I0,D1,0.188773189276009,116631
HRS,education,low,97,95,TRUE,onset,I0,D1,0.188773189276009,116631
HRS,education,low,98,95,TRUE,onset,I0,D1,0.188773189276009,116631
HRS,education,low,99,95,TRUE,onset,I0,D1,0.188773189276009,116631
HRS,education,high,60,60,FALSE,recovery,D1,R1,0.258519590471422,13869
HRS,education,high,61,61,FALSE,recovery,D1,R1,0.250491195499381,13869
HRS,education,high,62,62,FALSE,recovery,D1,R1,0.242736532628756,13869
HRS,education,high,63,63,FALSE,recovery,D1,R1,0.23526924945218,13869
HRS,education,high,64,64,FALSE,recovery,D1,R1,0.228100484056426,13869
HRS,education,high,65,65,FALSE,recovery,D1,R1,0.221239126906618,13869
HRS,education,high,66,66,FALSE,recovery,D1,R1,0.214692081348626,13869
HRS,education,high,67,67,FALSE,recovery,D1,R1,0.208464520167936,13869
HRS,education,high,68,68,FALSE,recovery,D1,R1,0.202560136246755,13869
HRS,education,high,69,69,FALSE,recovery,D1,R1,0.196981385926064,13869
HRS,education,high,70,70,FALSE,recovery,D1,R1,0.191729724203546,13869
HRS,education,high,71,71,FALSE,recovery,D1,R1,0.18677287815104,13869
HRS,education,high,72,72,FALSE,recovery,D1,R1,0.181952850094615,13869
HRS,education,high,73,73,FALSE,recovery,D1,R1,0.17709592448351,13869
HRS,education,high,74,74,FALSE,recovery,D1,R1,0.172046914603013,13869
HRS,education,high,75,75,FALSE,recovery,D1,R1,0.166670137205248,13869
HRS,education,high,76,76,FALSE,recovery,D1,R1,0.160851547975951,13869
HRS,education,high,77,77,FALSE,recovery,D1,R1,0.15450168100863,13869
HRS,education,high,78,78,FALSE,recovery,D1,R1,0.14755898207627,13869
HRS,education,high,79,79,FALSE,recovery,D1,R1,0.139993069029615,13869
HRS,education,high,80,80,FALSE,recovery,D1,R1,0.13180740984016,13869
HRS,education,high,81,81,FALSE,recovery,D1,R1,0.123061292078577,13869
HRS,education,high,82,82,FALSE,recovery,D1,R1,0.113918784289169,13869
HRS,education,high,83,83,FALSE,recovery,D1,R1,0.104562821272028,13869
HRS,education,high,84,84,FALSE,recovery,D1,R1,0.0951662984953646,13869
HRS,education,high,85,85,FALSE,recovery,D1,R1,0.0858872802971967,13869
HRS,education,high,86,86,FALSE,recovery,D1,R1,0.0768652714672317,13869
HRS,education,high,87,87,FALSE,recovery,D1,R1,0.0682186272271345,13869
HRS,education,high,88,88,FALSE,recovery,D1,R1,0.0600431040543471,13869
HRS,education,high,89,89,FALSE,recovery,D1,R1,0.0524114891849927,13869
HRS,education,high,90,90,FALSE,recovery,D1,R1,0.0453741937170727,13869
HRS,education,high,91,91,FALSE,recovery,D1,R1,0.0389710805371281,13869
HRS,education,high,92,92,FALSE,recovery,D1,R1,0.0332524694600783,13869
HRS,education,high,93,93,FALSE,recovery,D1,R1,0.028233603143849,13869
HRS,education,high,94,94,FALSE,recovery,D1,R1,0.023893659648329,13869
HRS,education,high,95,95,FALSE,recovery,D1,R1,0.0201876619001201,13869
HRS,education,high,96,95,TRUE,recovery,D1,R1,0.0201876619001201,13869
HRS,education,high,97,95,TRUE,recovery,D1,R1,0.0201876619001201,13869
HRS,education,high,98,95,TRUE,recovery,D1,R1,0.0201876619001201,13869
HRS,education,high,99,95,TRUE,recovery,D1,R1,0.0201876619001201,13869
HRS,education,middle,60,60,FALSE,recovery,D1,R1,0.220751146189779,13869
HRS,education,middle,61,61,FALSE,recovery,D1,R1,0.213895660348608,13869
HRS,education,middle,62,62,FALSE,recovery,D1,R1,0.20727391569133,13869
HRS,education,middle,63,63,FALSE,recovery,D1,R1,0.200897565964229,13869
HRS,education,middle,64,64,FALSE,recovery,D1,R1,0.194776122034225,13869
HRS,education,middle,65,65,FALSE,recovery,D1,R1,0.188917175513091,13869
HRS,education,middle,66,66,FALSE,recovery,D1,R1,0.183326621201721,13869
HRS,education,middle,67,67,FALSE,recovery,D1,R1,0.178008876167013,13869
HRS,education,middle,68,68,FALSE,recovery,D1,R1,0.172967093779193,13869
HRS,education,middle,69,69,FALSE,recovery,D1,R1,0.168203371519872,13869
HRS,education,middle,70,70,FALSE,recovery,D1,R1,0.163718951818709,13869
HRS,education,middle,71,71,FALSE,recovery,D1,R1,0.159486276664065,13869
HRS,education,middle,72,72,FALSE,recovery,D1,R1,0.155370431067287,13869
HRS,education,middle,73,73,FALSE,recovery,D1,R1,0.151223078467606,13869
HRS,education,middle,74,74,FALSE,recovery,D1,R1,0.146911704168233,13869
HRS,education,middle,75,75,FALSE,recovery,D1,R1,0.142320447578357,13869
HRS,education,middle,76,76,FALSE,recovery,D1,R1,0.137351925698709,13869
HRS,education,middle,77,77,FALSE,recovery,D1,R1,0.131929743152958,13869
HRS,education,middle,78,78,FALSE,recovery,D1,R1,0.12600133848477,13869
HRS,education,middle,79,79,FALSE,recovery,D1,R1,0.119540768227887,13869
HRS,education,middle,80,80,FALSE,recovery,D1,R1,0.112550993700177,13869
HRS,education,middle,81,81,FALSE,recovery,D1,R1,0.105082640849008,13869
HRS,education,middle,82,82,FALSE,recovery,D1,R1,0.0972758086090196,13869
HRS,education,middle,83,83,FALSE,recovery,D1,R1,0.0892867059031983,13869
HRS,education,middle,84,84,FALSE,recovery,D1,R1,0.0812629690197994,13869
HRS,education,middle,85,85,FALSE,recovery,D1,R1,0.0733395698722682,13869
HRS,education,middle,86,86,FALSE,recovery,D1,R1,0.0656356322847249,13869
HRS,education,middle,87,87,FALSE,recovery,D1,R1,0.0582522203614119,13869
HRS,education,middle,88,88,FALSE,recovery,D1,R1,0.0512711010280458,13869
HRS,education,middle,89,89,FALSE,recovery,D1,R1,0.0447544276625308,13869
HRS,education,middle,90,90,FALSE,recovery,D1,R1,0.0387452465486871,13869
HRS,education,middle,91,91,FALSE,recovery,D1,R1,0.033277596800836,13869
HRS,education,middle,92,92,FALSE,recovery,D1,R1,0.0283944467557261,13869
HRS,education,middle,93,93,FALSE,recovery,D1,R1,0.0241088121937166,13869
HRS,education,middle,94,94,FALSE,recovery,D1,R1,0.0204029131580269,13869
HRS,education,middle,95,95,FALSE,recovery,D1,R1,0.0172383435050966,13869
HRS,education,middle,96,95,TRUE,recovery,D1,R1,0.0172383435050966,13869
HRS,education,middle,97,95,TRUE,recovery,D1,R1,0.0172383435050966,13869
HRS,education,middle,98,95,TRUE,recovery,D1,R1,0.0172383435050966,13869
HRS,education,middle,99,95,TRUE,recovery,D1,R1,0.0172383435050966,13869
HRS,education,low,60,60,FALSE,recovery,D1,R1,0.181923010036141,13869
HRS,education,low,61,61,FALSE,recovery,D1,R1,0.176273342340129,13869
HRS,education,low,62,62,FALSE,recovery,D1,R1,0.170816302861353,13869
HRS,education,low,63,63,FALSE,recovery,D1,R1,0.165561495557203,13869
HRS,education,low,64,64,FALSE,recovery,D1,R1,0.160516758418867,13869
HRS,education,low,65,65,FALSE,recovery,D1,R1,0.155688347762059,13869
HRS,education,low,66,66,FALSE,recovery,D1,R1,0.151081121545346,13869
HRS,education,low,67,67,FALSE,recovery,D1,R1,0.146698719913387,13869
HRS,education,low,68,68,FALSE,recovery,D1,R1,0.14254374158702,13869
HRS,education,low,69,69,FALSE,recovery,D1,R1,0.13861791511975,13869
HRS,education,low,70,70,FALSE,recovery,D1,R1,0.134922264409065,13869
HRS,education,low,71,71,FALSE,recovery,D1,R1,0.131434078649087,13869
HRS,education,low,72,72,FALSE,recovery,D1,R1,0.128042173181171,13869
HRS,education,low,73,73,FALSE,recovery,D1,R1,0.124624302508071,13869
HRS,education,low,74,74,FALSE,recovery,D1,R1,0.12107126007331,13869
HRS,education,low,75,75,FALSE,recovery,D1,R1,0.117287564119312,13869
HRS,education,low,76,76,FALSE,recovery,D1,R1,0.113192960438302,13869
HRS,education,low,77,77,FALSE,recovery,D1,R1,0.108724490911804,13869
HRS,education,low,78,78,FALSE,recovery,D1,R1,0.103838839169721,13869
HRS,education,low,79,79,FALSE,recovery,D1,R1,0.0985146249675814,13869
HRS,education,low,80,80,FALSE,recovery,D1,R1,0.0927542887541432,13869
HRS,education,low,81,81,FALSE,recovery,D1,R1,0.0865995518291149,13869
HRS,education,low,82,82,FALSE,recovery,D1,R1,0.0801658709877709,13869
HRS,education,low,83,83,FALSE,recovery,D1,R1,0.0735819794120442,13869
HRS,education,low,84,84,FALSE,recovery,D1,R1,0.0669695454982876,13869
HRS,education,low,85,85,FALSE,recovery,D1,R1,0.0604398008173814,13869
HRS,education,low,86,86,FALSE,recovery,D1,R1,0.0540909163868945,13869
HRS,education,low,87,87,FALSE,recovery,D1,R1,0.0480061800464042,13869
HRS,education,low,88,88,FALSE,recovery,D1,R1,0.0422529766566667,13869
HRS,education,low,89,89,FALSE,recovery,D1,R1,0.0368825273768355,13869
HRS,education,low,90,90,FALSE,recovery,D1,R1,0.0319303070375447,13869
HRS,education,low,91,91,FALSE,recovery,D1,R1,0.0274243675798293,13869
HRS,education,low,92,92,FALSE,recovery,D1,R1,0.0234001195974392,13869
HRS,education,low,93,93,FALSE,recovery,D1,R1,0.0198682895123287,13869
HRS,education,low,94,94,FALSE,recovery,D1,R1,0.0168142247017972,13869
HRS,education,low,95,95,FALSE,recovery,D1,R1,0.0142062743166374,13869
HRS,education,low,96,95,TRUE,recovery,D1,R1,0.0142062743166374,13869
HRS,education,low,97,95,TRUE,recovery,D1,R1,0.0142062743166374,13869
HRS,education,low,98,95,TRUE,recovery,D1,R1,0.0142062743166374,13869
HRS,education,low,99,95,TRUE,recovery,D1,R1,0.0142062743166374,13869
HRS,education,high,60,60,FALSE,recovery,D2,R1,0.275694513498482,3950
HRS,education,high,61,61,FALSE,recovery,D2,R1,0.267132746701798,3950
HRS,education,high,62,62,FALSE,recovery,D2,R1,0.258862897582963,3950
HRS,education,high,63,63,FALSE,recovery,D2,R1,0.250899520421614,3950
HRS,education,high,64,64,FALSE,recovery,D2,R1,0.243254493270816,3950
HRS,education,high,65,65,FALSE,recovery,D2,R1,0.235937297239729,3950
HRS,education,high,66,66,FALSE,recovery,D2,R1,0.228955294302653,3950
HRS,education,high,67,67,FALSE,recovery,D2,R1,0.222314000902562,3950
HRS,education,high,68,68,FALSE,recovery,D2,R1,0.216017355260776,3950
HRS,education,high,69,69,FALSE,recovery,D2,R1,0.210067976906942,3950
HRS,education,high,70,70,FALSE,recovery,D2,R1,0.204467417502497,3950
HRS,education,high,71,71,FALSE,recovery,D2,R1,0.199181260045569,3950
HRS,education,high,72,72,FALSE,recovery,D2,R1,0.194041010180397,3950
HRS,education,high,73,73,FALSE,recovery,D2,R1,0.188861411446659,3950
HRS,education,high,74,74,FALSE,recovery,D2,R1,0.183476967195784,3950
HRS,education,high,75,75,FALSE,recovery,D2,R1,0.177742979971978,3950
HRS,education,high,76,76,FALSE,recovery,D2,R1,0.171537828850188,3950
HRS,education,high,77,77,FALSE,recovery,D2,R1,0.164766104196194,3950
HRS,education,high,78,78,FALSE,recovery,D2,R1,0.157362162386474,3950
HRS,education,high,79,79,FALSE,recovery,D2,R1,0.149293602813229,3950
HRS,education,high,80,80,FALSE,recovery,D2,R1,0.140564123844978,3950
HRS,education,high,81,81,FALSE,recovery,D2,R1,0.131236951862062,3950
HRS,education,high,82,82,FALSE,recovery,D2,R1,0.121487055412973,3950
HRS,education,high,83,83,FALSE,recovery,D2,R1,0.111509522694401,3950
HRS,education,high,84,84,FALSE,recovery,D2,R1,0.101488735601379,3950
HRS,education,high,85,85,FALSE,recovery,D2,R1,0.091593259582627,3950
HRS,education,high,86,86,FALSE,recovery,D2,R1,0.0819718675224722,3950
HRS,education,high,87,87,FALSE,recovery,D2,R1,0.0727507776514067,3950
HRS,education,high,88,88,FALSE,recovery,D2,R1,0.064032108092914,3950
HRS,education,high,89,89,FALSE,recovery,D2,R1,0.0558934817521492,3950
HRS,education,high,90,90,FALSE,recovery,D2,R1,0.0483886588223459,3950
HRS,education,high,91,91,FALSE,recovery,D2,R1,0.041560150507748,3950
HRS,education,high,92,92,FALSE,recovery,D2,R1,0.0354616196540541,3950
HRS,education,high,93,93,FALSE,recovery,D2,R1,0.0301093215754306,3950
HRS,education,high,94,94,FALSE,recovery,D2,R1,0.0254810510121575,3950
HRS,education,high,95,95,FALSE,recovery,D2,R1,0.0215288428086873,3950
HRS,education,high,96,95,TRUE,recovery,D2,R1,0.0215288428086873,3950
HRS,education,high,97,95,TRUE,recovery,D2,R1,0.0215288428086873,3950
HRS,education,high,98,95,TRUE,recovery,D2,R1,0.0215288428086873,3950
HRS,education,high,99,95,TRUE,recovery,D2,R1,0.0215288428086873,3950
HRS,education,middle,60,60,FALSE,recovery,D2,R1,0.235416897195461,3950
HRS,education,middle,61,61,FALSE,recovery,D2,R1,0.228105962537353,3950
HRS,education,middle,62,62,FALSE,recovery,D2,R1,0.221044297816044,3950
HRS,education,middle,63,63,FALSE,recovery,D2,R1,0.214244331002295,3950
HRS,education,middle,64,64,FALSE,recovery,D2,R1,0.207716204823876,3950
HRS,education,middle,65,65,FALSE,recovery,D2,R1,0.201468015246397,3950
HRS,education,middle,66,66,FALSE,recovery,D2,R1,0.195506048695819,3950
HRS,education,middle,67,67,FALSE,recovery,D2,R1,0.189835015689851,3950
HRS,education,middle,68,68,FALSE,recovery,D2,R1,0.184458279094993,3950
HRS,education,middle,69,69,FALSE,recovery,D2,R1,0.17937807574046,3950
HRS,education,middle,70,70,FALSE,recovery,D2,R1,0.174595730597562,3950
HRS,education,middle,71,71,FALSE,recovery,D2,R1,0.170081854819604,3950
HRS,education,middle,72,72,FALSE,recovery,D2,R1,0.165692570249837,3950
HRS,education,middle,73,73,FALSE,recovery,D2,R1,0.161269685488219,3950
HRS,education,middle,74,74,FALSE,recovery,D2,R1,0.156671882134871,3950
HRS,education,middle,75,75,FALSE,recovery,D2,R1,0.151775602322636,3950
HRS,education,middle,76,76,FALSE,recovery,D2,R1,0.146476993347129,3950
HRS,education,middle,77,77,FALSE,recovery,D2,R1,0.140694584453766,3950
HRS,education,middle,78,78,FALSE,recovery,D2,R1,0.134372322230474,3950
HRS,education,middle,79,79,FALSE,recovery,D2,R1,0.127482539639352,3950
HRS,education,middle,80,80,FALSE,recovery,D2,R1,0.120028394735412,3950
HRS,education,middle,81,81,FALSE,recovery,D2,R1,0.112063876834919,3950
HRS,education,middle,82,82,FALSE,recovery,D2,R1,0.103738392439546,3950
HRS,education,middle,83,83,FALSE,recovery,D2,R1,0.0952185283172396,3950
HRS,education,middle,84,84,FALSE,recovery,D2,R1,0.0866617290724527,3950
HRS,education,middle,85,85,FALSE,recovery,D2,R1,0.0782119335685627,3950
HRS,education,middle,86,86,FALSE,recovery,D2,R1,0.0699961797011389,3950
HRS,education,middle,87,87,FALSE,recovery,D2,R1,0.0621222458362247,3950
HRS,education,middle,88,88,FALSE,recovery,D2,R1,0.0546773311402919,3950
HRS,education,middle,89,89,FALSE,recovery,D2,R1,0.0477277181927472,3950
HRS,education,middle,90,90,FALSE,recovery,D2,R1,0.0413193130862547,3950
HRS,education,middle,91,91,FALSE,recovery,D2,R1,0.0354884163466107,3950
HRS,education,middle,92,92,FALSE,recovery,D2,R1,0.0302808509409418,3950
HRS,education,middle,93,93,FALSE,recovery,D2,R1,0.0257104973617375,3950
HRS,education,middle,94,94,FALSE,recovery,D2,R1,0.0217583944288192,3950
HRS,education,middle,95,95,FALSE,recovery,D2,R1,0.018383584460624,3950
HRS,education,middle,96,95,TRUE,recovery,D2,R1,0.018383584460624,3950
HRS,education,middle,97,95,TRUE,recovery,D2,R1,0.018383584460624,3950
HRS,education,middle,98,95,TRUE,recovery,D2,R1,0.018383584460624,3950
HRS,education,middle,99,95,TRUE,recovery,D2,R1,0.018383584460624,3950
HRS,education,low,60,60,FALSE,recovery,D2,R1,0.194009187677549,3950
HRS,education,low,61,61,FALSE,recovery,D2,R1,0.187984180504825,3950
HRS,education,low,62,62,FALSE,recovery,D2,R1,0.182164598934625,3950
HRS,education,low,63,63,FALSE,recovery,D2,R1,0.176560684969714,3950
HRS,education,low,64,64,FALSE,recovery,D2,R1,0.171180797323501,3950
HRS,education,low,65,65,FALSE,recovery,D2,R1,0.166031607954245,3950
HRS,education,low,66,66,FALSE,recovery,D2,R1,0.161118297562264,3950
HRS,education,low,67,67,FALSE,recovery,D2,R1,0.156444748127675,3950
HRS,education,low,68,68,FALSE,recovery,D2,R1,0.152013731019085,3950
HRS,education,low,69,69,FALSE,recovery,D2,R1,0.147827089627616,3950
HRS,education,low,70,70,FALSE,recovery,D2,R1,0.143885915874072,3950
HRS,education,low,71,71,FALSE,recovery,D2,R1,0.140165990144901,3950
HRS,education,low,72,72,FALSE,recovery,D2,R1,0.13654874115381,3950
HRS,education,low,73,73,FALSE,recovery,D2,R1,0.13290380194165,3950
HRS,education,low,74,74,FALSE,recovery,D2,R1,0.129114710740845,3950
HRS,education,low,75,75,FALSE,recovery,D2,R1,0.125079642398978,3950
HRS,education,low,76,76,FALSE,recovery,D2,R1,0.120713010965953,3950
HRS,education,low,77,77,FALSE,recovery,D2,R1,0.115947675658312,3950
HRS,education,low,78,78,FALSE,recovery,D2,R1,0.110737442353747,3950
HRS,education,low,79,79,FALSE,recovery,D2,R1,0.105059510396854,3950
HRS,education,low,80,80,FALSE,recovery,D2,R1,0.0989164823692464,3950
HRS,education,low,81,81,FALSE,recovery,D2,R1,0.0923528513532658,3950
HRS,education,low,82,82,FALSE,recovery,D2,R1,0.0854917445941054,3950
HRS,education,low,83,83,FALSE,recovery,D2,R1,0.0784704477493026,3950
HRS,education,low,84,84,FALSE,recovery,D2,R1,0.0714187123370283,3950
HRS,education,low,85,85,FALSE,recovery,D2,R1,0.0644551596724547,3950
HRS,education,low,86,86,FALSE,recovery,D2,R1,0.0576844828307913,3950
HRS,education,low,87,87,FALSE,recovery,D2,R1,0.0511955029353065,3950
HRS,education,low,88,88,FALSE,recovery,D2,R1,0.0450600816053442,3950
HRS,education,low,89,89,FALSE,recovery,D2,R1,0.0393328429122479,3950
HRS,education,low,90,90,FALSE,recovery,D2,R1,0.0340516184809064,3950
HRS,education,low,91,91,FALSE,recovery,D2,R1,0.0292463239019418,3950
HRS,education,low,92,92,FALSE,recovery,D2,R1,0.0249547222957382,3950
HRS,education,low,93,93,FALSE,recovery,D2,R1,0.0211882527013131,3950
HRS,education,low,94,94,FALSE,recovery,D2,R1,0.0179312890391128,3950
HRS,education,low,95,95,FALSE,recovery,D2,R1,0.0151500777144558,3950
HRS,education,low,96,95,TRUE,recovery,D2,R1,0.0151500777144558,3950
HRS,education,low,97,95,TRUE,recovery,D2,R1,0.0151500777144558,3950
HRS,education,low,98,95,TRUE,recovery,D2,R1,0.0151500777144558,3950
HRS,education,low,99,95,TRUE,recovery,D2,R1,0.0151500777144558,3950
HRS,education,high,60,60,FALSE,relapse,R1,D2,0.136610425309791,9917
HRS,education,high,61,61,FALSE,relapse,R1,D2,0.127025566016738,9917
HRS,education,high,62,62,FALSE,relapse,R1,D2,0.118325818148746,9917
HRS,education,high,63,63,FALSE,relapse,R1,D2,0.110619083795478,9917
HRS,education,high,64,64,FALSE,relapse,R1,D2,0.103973782567432,9917
HRS,education,high,65,65,FALSE,relapse,R1,D2,0.0984332803180765,9917
HRS,education,high,66,66,FALSE,relapse,R1,D2,0.0940297934952256,9917
HRS,education,high,67,67,FALSE,relapse,R1,D2,0.0907978359466332,9917
HRS,education,high,68,68,FALSE,relapse,R1,D2,0.0887877573734647,9917
HRS,education,high,69,69,FALSE,relapse,R1,D2,0.0880804106386625,9917
HRS,education,high,70,70,FALSE,relapse,R1,D2,0.0888045692335018,9917
HRS,education,high,71,71,FALSE,relapse,R1,D2,0.0910873607664512,9917
HRS,education,high,72,72,FALSE,relapse,R1,D2,0.0948437821690986,9917
HRS,education,high,73,73,FALSE,relapse,R1,D2,0.0999550334901118,9917
HRS,education,high,74,74,FALSE,relapse,R1,D2,0.106307193367207,9917
HRS,education,high,75,75,FALSE,relapse,R1,D2,0.113762711436961,9917
HRS,education,high,76,76,FALSE,relapse,R1,D2,0.122133171630151,9917
HRS,education,high,77,77,FALSE,relapse,R1,D2,0.131153798888748,9917
HRS,education,high,78,78,FALSE,relapse,R1,D2,0.140461975494961,9917
HRS,education,high,79,79,FALSE,relapse,R1,D2,0.149583760855346,9917
HRS,education,high,80,80,FALSE,relapse,R1,D2,0.157933777218745,9917
HRS,education,high,81,81,FALSE,relapse,R1,D2,0.164961562807484,9917
HRS,education,high,82,82,FALSE,relapse,R1,D2,0.170608446000956,9917
HRS,education,high,83,83,FALSE,relapse,R1,D2,0.1750073639917,9917
HRS,education,high,84,84,FALSE,relapse,R1,D2,0.178352071385836,9917
HRS,education,high,85,85,FALSE,relapse,R1,D2,0.180881452370062,9917
HRS,education,high,86,86,FALSE,relapse,R1,D2,0.182865579507635,9917
HRS,education,high,87,87,FALSE,relapse,R1,D2,0.184595009040168,9917
HRS,education,high,88,88,FALSE,relapse,R1,D2,0.186374292263569,9917
HRS,education,high,89,89,FALSE,relapse,R1,D2,0.188520303844537,9917
HRS,education,high,90,90,FALSE,relapse,R1,D2,0.191365803236274,9917
HRS,education,high,91,91,FALSE,relapse,R1,D2,0.195180255159723,9917
HRS,education,high,92,92,FALSE,relapse,R1,D2,0.199901980915382,9917
HRS,education,high,93,93,FALSE,relapse,R1,D2,0.205378777651877,9917
HRS,education,high,94,94,FALSE,relapse,R1,D2,0.211445703819745,9917
HRS,education,high,95,95,FALSE,relapse,R1,D2,0.217918742019238,9917
HRS,education,high,96,95,TRUE,relapse,R1,D2,0.217918742019238,9917
HRS,education,high,97,95,TRUE,relapse,R1,D2,0.217918742019238,9917
HRS,education,high,98,95,TRUE,relapse,R1,D2,0.217918742019238,9917
HRS,education,high,99,95,TRUE,relapse,R1,D2,0.217918742019238,9917
HRS,education,middle,60,60,FALSE,relapse,R1,D2,0.150629626371382,9917
HRS,education,middle,61,61,FALSE,relapse,R1,D2,0.140061152033784,9917
HRS,education,middle,62,62,FALSE,relapse,R1,D2,0.130468620805592,9917
HRS,education,middle,63,63,FALSE,relapse,R1,D2,0.121971007877854,9917
HRS,education,middle,64,64,FALSE,relapse,R1,D2,0.114643754201306,9917
HRS,education,middle,65,65,FALSE,relapse,R1,D2,0.108534675909238,9917
HRS,education,middle,66,66,FALSE,relapse,R1,D2,0.103679295557752,9917
HRS,education,middle,67,67,FALSE,relapse,R1,D2,0.100115668866095,9917
HRS,education,middle,68,68,FALSE,relapse,R1,D2,0.0978993125099315,9917
HRS,education,middle,69,69,FALSE,relapse,R1,D2,0.0971193766145806,9917
HRS,education,middle,70,70,FALSE,relapse,R1,D2,0.0979178496324846,9917
HRS,education,middle,71,71,FALSE,relapse,R1,D2,0.100434905229904,9917
HRS,education,middle,72,72,FALSE,relapse,R1,D2,0.1045768171747,9917
HRS,education,middle,73,73,FALSE,relapse,R1,D2,0.110212594056505,9917
HRS,education,middle,74,74,FALSE,relapse,R1,D2,0.117216623703351,9917
HRS,education,middle,75,75,FALSE,relapse,R1,D2,0.125437240092661,9917
HRS,education,middle,76,76,FALSE,relapse,R1,D2,0.134666691568253,9917
HRS,education,middle,77,77,FALSE,relapse,R1,D2,0.144613031392002,9917
HRS,education,middle,78,78,FALSE,relapse,R1,D2,0.154876429380941,9917
HRS,education,middle,79,79,FALSE,relapse,R1,D2,0.164934308328019,9917
HRS,education,middle,80,80,FALSE,relapse,R1,D2,0.174141217992208,9917
HRS,education,middle,81,81,FALSE,relapse,R1,D2,0.181890207244305,9917
HRS,education,middle,82,82,FALSE,relapse,R1,D2,0.188116583479257,9917
HRS,education,middle,83,83,FALSE,relapse,R1,D2,0.192966926137085,9917
HRS,education,middle,84,84,FALSE,relapse,R1,D2,0.19665487326087,9917
HRS,education,middle,85,85,FALSE,relapse,R1,D2,0.199443823750856,9917
HRS,education,middle,86,86,FALSE,relapse,R1,D2,0.201631565489659,9917
HRS,education,middle,87,87,FALSE,relapse,R1,D2,0.203538472109196,9917
HRS,education,middle,88,88,FALSE,relapse,R1,D2,0.205500348492657,9917
HRS,education,middle,89,89,FALSE,relapse,R1,D2,0.207866587539909,9917
HRS,education,middle,90,90,FALSE,relapse,R1,D2,0.211004097061935,9917
HRS,education,middle,91,91,FALSE,relapse,R1,D2,0.215209994721193,9917
HRS,education,middle,92,92,FALSE,relapse,R1,D2,0.220416272242035,9917
HRS,education,middle,93,93,FALSE,relapse,R1,D2,0.226455107449959,9917
HRS,education,middle,94,94,FALSE,relapse,R1,D2,0.23314463220487,9917
HRS,education,middle,95,95,FALSE,relapse,R1,D2,0.240281944919227,9917
HRS,education,middle,96,95,TRUE,relapse,R1,D2,0.240281944919227,9917
HRS,education,middle,97,95,TRUE,relapse,R1,D2,0.240281944919227,9917
HRS,education,middle,98,95,TRUE,relapse,R1,D2,0.240281944919227,9917
HRS,education,middle,99,95,TRUE,relapse,R1,D2,0.240281944919227,9917
HRS,education,low,60,60,FALSE,relapse,R1,D2,0.182253507432578,9917
HRS,education,low,61,61,FALSE,relapse,R1,D2,0.169466238668534,9917
HRS,education,low,62,62,FALSE,relapse,R1,D2,0.15785980702816,9917
HRS,education,low,63,63,FALSE,relapse,R1,D2,0.147578165904878,9917
HRS,education,low,64,64,FALSE,relapse,R1,D2,0.138712594671855,9917
HRS,education,low,65,65,FALSE,relapse,R1,D2,0.131320948202757,9917
HRS,education,low,66,66,FALSE,relapse,R1,D2,0.125446206823555,9917
HRS,education,low,67,67,FALSE,relapse,R1,D2,0.121134415847366,9917
HRS,education,low,68,68,FALSE,relapse,R1,D2,0.118452747377743,9917
HRS,education,low,69,69,FALSE,relapse,R1,D2,0.117509068130011,9917
HRS,education,low,70,70,FALSE,relapse,R1,D2,0.118475176269618,9917
HRS,education,low,71,71,FALSE,relapse,R1,D2,0.121520674171216,9917
HRS,education,low,72,72,FALSE,relapse,R1,D2,0.126532158283609,9917
HRS,education,low,73,73,FALSE,relapse,R1,D2,0.133351136253348,9917
HRS,education,low,74,74,FALSE,relapse,R1,D2,0.141825624307592,9917
HRS,education,low,75,75,FALSE,relapse,R1,D2,0.151772114956884,9917
HRS,education,low,76,76,FALSE,relapse,R1,D2,0.162939240200614,9917
HRS,education,low,77,77,FALSE,relapse,R1,D2,0.174973760650961,9917
HRS,education,low,78,78,FALSE,relapse,R1,D2,0.187391903925437,9917
HRS,education,low,79,79,FALSE,relapse,R1,D2,0.199561380539007,9917
HRS,education,low,80,80,FALSE,relapse,R1,D2,0.210701231439097,9917
HRS,education,low,81,81,FALSE,relapse,R1,D2,0.220077079366714,9917
HRS,education,low,82,82,FALSE,relapse,R1,D2,0.227610649851827,9917
HRS,education,low,83,83,FALSE,relapse,R1,D2,0.233479295900642,9917
HRS,education,low,84,84,FALSE,relapse,R1,D2,0.237941507715989,9917
HRS,education,low,85,85,FALSE,relapse,R1,D2,0.241315983382565,9917
HRS,education,low,86,86,FALSE,relapse,R1,D2,0.243963029749597,9917
HRS,education,low,87,87,FALSE,relapse,R1,D2,0.246270281172369,9917
HRS,education,low,88,88,FALSE,relapse,R1,D2,0.248644042965771,9917
HRS,education,low,89,89,FALSE,relapse,R1,D2,0.251507061192494,9917
HRS,education,low,90,90,FALSE,relapse,R1,D2,0.25530327398786,9917
HRS,education,low,91,91,FALSE,relapse,R1,D2,0.260392177271815,9917
HRS,education,low,92,92,FALSE,relapse,R1,D2,0.266691484796494,9917
HRS,education,low,93,93,FALSE,relapse,R1,D2,0.273998141023191,9917
HRS,education,low,94,94,FALSE,relapse,R1,D2,0.282092095572568,9917
HRS,education,low,95,95,FALSE,relapse,R1,D2,0.290727848758515,9917
HRS,education,low,96,95,TRUE,relapse,R1,D2,0.290727848758515,9917
HRS,education,low,97,95,TRUE,relapse,R1,D2,0.290727848758515,9917
HRS,education,low,98,95,TRUE,relapse,R1,D2,0.290727848758515,9917
HRS,education,low,99,95,TRUE,relapse,R1,D2,0.290727848758515,9917
HRS,education,high,60,60,FALSE,death_pre,I0,DEAD,0.00348416858515287,126239
HRS,education,high,61,61,FALSE,death_pre,I0,DEAD,0.00385265159907999,126239
HRS,education,high,62,62,FALSE,death_pre,I0,DEAD,0.00425901553329407,126239
HRS,education,high,63,63,FALSE,death_pre,I0,DEAD,0.0047058332372843,126239
HRS,education,high,64,64,FALSE,death_pre,I0,DEAD,0.00519553858130622,126239
HRS,education,high,65,65,FALSE,death_pre,I0,DEAD,0.00573033825914182,126239
HRS,education,high,66,66,FALSE,death_pre,I0,DEAD,0.00631210911726381,126239
HRS,education,high,67,67,FALSE,death_pre,I0,DEAD,0.00694228121602065,126239
HRS,education,high,68,68,FALSE,death_pre,I0,DEAD,0.00762170757441033,126239
HRS,education,high,69,69,FALSE,death_pre,I0,DEAD,0.00835052246577063,126239
HRS,education,high,70,70,FALSE,death_pre,I0,DEAD,0.0091279912097138,126239
HRS,education,high,71,71,FALSE,death_pre,I0,DEAD,0.00995365409400181,126239
HRS,education,high,72,72,FALSE,death_pre,I0,DEAD,0.0108319798485513,126239
HRS,education,high,73,73,FALSE,death_pre,I0,DEAD,0.0117700950598218,126239
HRS,education,high,74,74,FALSE,death_pre,I0,DEAD,0.0127769673456544,126239
HRS,education,high,75,75,FALSE,death_pre,I0,DEAD,0.0138637317461096,126239
HRS,education,high,76,76,FALSE,death_pre,I0,DEAD,0.0150440897238866,126239
HRS,education,high,77,77,FALSE,death_pre,I0,DEAD,0.0163348048296812,126239
HRS,education,high,78,78,FALSE,death_pre,I0,DEAD,0.0177563260402329,126239
HRS,education,high,79,79,FALSE,death_pre,I0,DEAD,0.0193335790201036,126239
HRS,education,high,80,80,FALSE,death_pre,I0,DEAD,0.021096978008483,126239
HRS,education,high,81,81,FALSE,death_pre,I0,DEAD,0.0230813223591583,126239
HRS,education,high,82,82,FALSE,death_pre,I0,DEAD,0.0253183920448519,126239
HRS,education,high,83,83,FALSE,death_pre,I0,DEAD,0.0278422189559278,126239
HRS,education,high,84,84,FALSE,death_pre,I0,DEAD,0.0306917146056532,126239
HRS,education,high,85,85,FALSE,death_pre,I0,DEAD,0.0339113698026126,126239
HRS,education,high,86,86,FALSE,death_pre,I0,DEAD,0.0375520527301187,126239
HRS,education,high,87,87,FALSE,death_pre,I0,DEAD,0.0416719181424906,126239
HRS,education,high,88,88,FALSE,death_pre,I0,DEAD,0.0463374417455933,126239
HRS,education,high,89,89,FALSE,death_pre,I0,DEAD,0.0516245952549052,126239
HRS,education,high,90,90,FALSE,death_pre,I0,DEAD,0.0576201791007422,126239
HRS,education,high,91,91,FALSE,death_pre,I0,DEAD,0.0644206755604221,126239
HRS,education,high,92,92,FALSE,death_pre,I0,DEAD,0.0721234428330228,126239
HRS,education,high,93,93,FALSE,death_pre,I0,DEAD,0.0808310094647032,126239
HRS,education,high,94,94,FALSE,death_pre,I0,DEAD,0.0906525045628239,126239
HRS,education,high,95,95,FALSE,death_pre,I0,DEAD,0.101702525638449,126239
HRS,education,high,96,95,TRUE,death_pre,I0,DEAD,0.101702525638449,126239
HRS,education,high,97,95,TRUE,death_pre,I0,DEAD,0.101702525638449,126239
HRS,education,high,98,95,TRUE,death_pre,I0,DEAD,0.101702525638449,126239
HRS,education,high,99,95,TRUE,death_pre,I0,DEAD,0.101702525638449,126239
HRS,education,middle,60,60,FALSE,death_pre,I0,DEAD,0.00551884759633554,126239
HRS,education,middle,61,61,FALSE,death_pre,I0,DEAD,0.00610251671164987,126239
HRS,education,middle,62,62,FALSE,death_pre,I0,DEAD,0.00674618838446487,126239
HRS,education,middle,63,63,FALSE,death_pre,I0,DEAD,0.00745393795266164,126239
HRS,education,middle,64,64,FALSE,death_pre,I0,DEAD,0.00822962061402444,126239
HRS,education,middle,65,65,FALSE,death_pre,I0,DEAD,0.00907673172372251,126239
HRS,education,middle,66,66,FALSE,death_pre,I0,DEAD,0.00999824416592937,126239
HRS,education,middle,67,67,FALSE,death_pre,I0,DEAD,0.0109964231252719,126239
HRS,education,middle,68,68,FALSE,death_pre,I0,DEAD,0.0120726197653726,126239
HRS,education,middle,69,69,FALSE,death_pre,I0,DEAD,0.0132270467722911,126239
HRS,education,middle,70,70,FALSE,death_pre,I0,DEAD,0.0144585404282011,126239
HRS,education,middle,71,71,FALSE,death_pre,I0,DEAD,0.0157663725588718,126239
HRS,education,middle,72,72,FALSE,death_pre,I0,DEAD,0.0171576215357298,126239
HRS,education,middle,73,73,FALSE,death_pre,I0,DEAD,0.0186435757174156,126239
HRS,education,middle,74,74,FALSE,death_pre,I0,DEAD,0.0202384396164139,126239
HRS,education,middle,75,75,FALSE,death_pre,I0,DEAD,0.0219598508950739,126239
HRS,education,middle,76,76,FALSE,death_pre,I0,DEAD,0.0238295123736341,126239
HRS,education,middle,77,77,FALSE,death_pre,I0,DEAD,0.0258739771534163,126239
HRS,education,middle,78,78,FALSE,death_pre,I0,DEAD,0.028125635970795,126239
HRS,education,middle,79,79,FALSE,death_pre,I0,DEAD,0.030623970538722,126239
HRS,education,middle,80,80,FALSE,death_pre,I0,DEAD,0.0334171563535155,126239
HRS,education,middle,81,81,FALSE,death_pre,I0,DEAD,0.0365603148380656,126239
HRS,education,middle,82,82,FALSE,death_pre,I0,DEAD,0.0401037847810344,126239
HRS,education,middle,83,83,FALSE,death_pre,I0,DEAD,0.0441014719598674,126239
HRS,education,middle,84,84,FALSE,death_pre,I0,DEAD,0.0486150113690304,126239
HRS,education,middle,85,85,FALSE,death_pre,I0,DEAD,0.0537148754859642,126239
HRS,education,middle,86,86,FALSE,death_pre,I0,DEAD,0.059481638411589,126239
HRS,education,middle,87,87,FALSE,death_pre,I0,DEAD,0.0660074160175247,126239
HRS,education,middle,88,88,FALSE,death_pre,I0,DEAD,0.0733975043824653,126239
HRS,education,middle,89,89,FALSE,death_pre,I0,DEAD,0.0817722410587167,126239
HRS,education,middle,90,90,FALSE,death_pre,I0,DEAD,0.0912691160484136,126239
HRS,education,middle,91,91,FALSE,death_pre,I0,DEAD,0.102040955189701,126239
HRS,education,middle,92,92,FALSE,death_pre,I0,DEAD,0.114241971761825,126239
HRS,education,middle,93,93,FALSE,death_pre,I0,DEAD,0.128034568761856,126239
HRS,education,middle,94,94,FALSE,death_pre,I0,DEAD,0.143591604332885,126239
HRS,education,middle,95,95,FALSE,death_pre,I0,DEAD,0.161094598451063,126239
HRS,education,middle,96,95,TRUE,death_pre,I0,DEAD,0.161094598451063,126239
HRS,education,middle,97,95,TRUE,death_pre,I0,DEAD,0.161094598451063,126239
HRS,education,middle,98,95,TRUE,death_pre,I0,DEAD,0.161094598451063,126239
HRS,education,middle,99,95,TRUE,death_pre,I0,DEAD,0.161094598451063,126239
HRS,education,low,60,60,FALSE,death_pre,I0,DEAD,0.0064191419874445,126239
HRS,education,low,61,61,FALSE,death_pre,I0,DEAD,0.00709802555135674,126239
HRS,education,low,62,62,FALSE,death_pre,I0,DEAD,0.00784669994197389,126239
HRS,education,low,63,63,FALSE,death_pre,I0,DEAD,0.00866990531057732,126239
HRS,education,low,64,64,FALSE,death_pre,I0,DEAD,0.00957212575670684,126239
HRS,education,low,65,65,FALSE,death_pre,I0,DEAD,0.0105574268358496,126239
HRS,education,low,66,66,FALSE,death_pre,I0,DEAD,0.0116292664013506,126239
HRS,education,low,67,67,FALSE,death_pre,I0,DEAD,0.012790279159368,126239
HRS,education,low,68,68,FALSE,death_pre,I0,DEAD,0.014042036690017,126239
HRS,education,low,69,69,FALSE,death_pre,I0,DEAD,0.0153847863750183,126239
HRS,education,low,70,70,FALSE,death_pre,I0,DEAD,0.0168171746582484,126239
HRS,education,low,71,71,FALSE,death_pre,I0,DEAD,0.018338354577783,126239
HRS,education,low,72,72,FALSE,death_pre,I0,DEAD,0.0199565592059138,126239
HRS,education,low,73,73,FALSE,death_pre,I0,DEAD,0.0216849183810089,126239
HRS,education,low,74,74,FALSE,death_pre,I0,DEAD,0.0235399538099845,126239
HRS,education,low,75,75,FALSE,death_pre,I0,DEAD,0.0255421804023339,126239
HRS,education,low,76,76,FALSE,death_pre,I0,DEAD,0.0277168413781693,126239
HRS,education,low,77,77,FALSE,death_pre,I0,DEAD,0.0300948214692422,126239
HRS,education,low,78,78,FALSE,death_pre,I0,DEAD,0.0327137953408222,126239
HRS,education,low,79,79,FALSE,death_pre,I0,DEAD,0.0356196853919106,126239
HRS,education,low,80,80,FALSE,death_pre,I0,DEAD,0.0388685260292894,126239
HRS,education,low,81,81,FALSE,death_pre,I0,DEAD,0.042524430681334,126239
HRS,education,low,82,82,FALSE,death_pre,I0,DEAD,0.0466459499469251,126239
HRS,education,low,83,83,FALSE,death_pre,I0,DEAD,0.0512957832996987,126239
HRS,education,low,84,84,FALSE,death_pre,I0,DEAD,0.0565456203041817,126239
HRS,education,low,85,85,FALSE,death_pre,I0,DEAD,0.062477429674132,126239
HRS,education,low,86,86,FALSE,death_pre,I0,DEAD,0.06918492963338,126239
HRS,education,low,87,87,FALSE,death_pre,I0,DEAD,0.0767752629955118,126239
HRS,education,low,88,88,FALSE,death_pre,I0,DEAD,0.0853709028797902,126239
HRS,education,low,89,89,FALSE,death_pre,I0,DEAD,0.0951118176077149,126239
HRS,education,low,90,90,FALSE,death_pre,I0,DEAD,0.10615792604462,126239
HRS,education,low,91,91,FALSE,death_pre,I0,DEAD,0.118686984640068,126239
HRS,education,low,92,92,FALSE,death_pre,I0,DEAD,0.132878363619192,126239
HRS,education,low,93,93,FALSE,death_pre,I0,DEAD,0.148920958920716,126239
HRS,education,low,94,94,FALSE,death_pre,I0,DEAD,0.167015827186415,126239
HRS,education,low,95,95,FALSE,death_pre,I0,DEAD,0.187374099903457,126239
HRS,education,low,96,95,TRUE,death_pre,I0,DEAD,0.187374099903457,126239
HRS,education,low,97,95,TRUE,death_pre,I0,DEAD,0.187374099903457,126239
HRS,education,low,98,95,TRUE,death_pre,I0,DEAD,0.187374099903457,126239
HRS,education,low,99,95,TRUE,death_pre,I0,DEAD,0.187374099903457,126239
HRS,education,high,60,60,FALSE,death_post,D1,DEAD,0.0401021725775555,16408
HRS,education,high,61,61,FALSE,death_post,D1,DEAD,0.0433586586294534,16408
HRS,education,high,62,62,FALSE,death_post,D1,DEAD,0.046862153517736,16408
HRS,education,high,63,63,FALSE,death_post,D1,DEAD,0.0506110773610097,16408
HRS,education,high,64,64,FALSE,death_post,D1,DEAD,0.0545989543519338,16408
HRS,education,high,65,65,FALSE,death_post,D1,DEAD,0.0588134884334793,16408
HRS,education,high,66,66,FALSE,death_post,D1,DEAD,0.0632356362832208,16408
HRS,education,high,67,67,FALSE,death_post,D1,DEAD,0.0678387212007424,16408
HRS,education,high,68,68,FALSE,death_post,D1,DEAD,0.0725876417005811,16408
HRS,education,high,69,69,FALSE,death_post,D1,DEAD,0.0774382381105874,16408
HRS,education,high,70,70,FALSE,death_post,D1,DEAD,0.0823368882382294,16408
HRS,education,high,71,71,FALSE,death_post,D1,DEAD,0.0872350386192465,16408
HRS,education,high,72,72,FALSE,death_post,D1,DEAD,0.0921398867986566,16408
HRS,education,high,73,73,FALSE,death_post,D1,DEAD,0.097082316513957,16408
HRS,education,high,74,74,FALSE,death_post,D1,DEAD,0.102104258896385,16408
HRS,education,high,75,75,FALSE,death_post,D1,DEAD,0.107259158570016,16408
HRS,education,high,76,76,FALSE,death_post,D1,DEAD,0.112612667599813,16408
HRS,education,high,77,77,FALSE,death_post,D1,DEAD,0.118243688910999,16408
HRS,education,high,78,78,FALSE,death_post,D1,DEAD,0.124245906282009,16408
HRS,education,high,79,79,FALSE,death_post,D1,DEAD,0.130729960970978,16408
HRS,education,high,80,80,FALSE,death_post,D1,DEAD,0.137826469249896,16408
HRS,education,high,81,81,FALSE,death_post,D1,DEAD,0.145669412912608,16408
HRS,education,high,82,82,FALSE,death_post,D1,DEAD,0.154329569160792,16408
HRS,education,high,83,83,FALSE,death_post,D1,DEAD,0.163862659890014,16408
HRS,education,high,84,84,FALSE,death_post,D1,DEAD,0.174327534132807,16408
HRS,education,high,85,85,FALSE,death_post,D1,DEAD,0.185785643974191,16408
HRS,education,high,86,86,FALSE,death_post,D1,DEAD,0.198300378533419,16408
HRS,education,high,87,87,FALSE,death_post,D1,DEAD,0.211936231675164,16408
HRS,education,high,88,88,FALSE,death_post,D1,DEAD,0.226757779006468,16408
HRS,education,high,89,89,FALSE,death_post,D1,DEAD,0.242828440399245,16408
HRS,education,high,90,90,FALSE,death_post,D1,DEAD,0.260209006009087,16408
HRS,education,high,91,91,FALSE,death_post,D1,DEAD,0.27896199384601,16408
HRS,education,high,92,92,FALSE,death_post,D1,DEAD,0.299171435438616,16408
HRS,education,high,93,93,FALSE,death_post,D1,DEAD,0.32092939026498,16408
HRS,education,high,94,94,FALSE,death_post,D1,DEAD,0.344330142894337,16408
HRS,education,high,95,95,FALSE,death_post,D1,DEAD,0.369469580613459,16408
HRS,education,high,96,95,TRUE,death_post,D1,DEAD,0.369469580613459,16408
HRS,education,high,97,95,TRUE,death_post,D1,DEAD,0.369469580613459,16408
HRS,education,high,98,95,TRUE,death_post,D1,DEAD,0.369469580613459,16408
HRS,education,high,99,95,TRUE,death_post,D1,DEAD,0.369469580613459,16408
HRS,education,middle,60,60,FALSE,death_post,D1,DEAD,0.0410242810717759,16408
HRS,education,middle,61,61,FALSE,death_post,D1,DEAD,0.0443556466939503,16408
HRS,education,middle,62,62,FALSE,death_post,D1,DEAD,0.0479397008683837,16408
HRS,education,middle,63,63,FALSE,death_post,D1,DEAD,0.0517748273859235,16408
HRS,education,middle,64,64,FALSE,death_post,D1,DEAD,0.0558544015346544,16408
HRS,education,middle,65,65,FALSE,death_post,D1,DEAD,0.0601658445222762,16408
HRS,education,middle,66,66,FALSE,death_post,D1,DEAD,0.0646896751446171,16408
HRS,education,middle,67,67,FALSE,death_post,D1,DEAD,0.0693986032977853,16408
HRS,education,middle,68,68,FALSE,death_post,D1,DEAD,0.0742567203735154,16408
HRS,education,middle,69,69,FALSE,death_post,D1,DEAD,0.079218851293106,16408
HRS,education,middle,70,70,FALSE,death_post,D1,DEAD,0.0842301408764826,16408
HRS,education,middle,71,71,FALSE,death_post,D1,DEAD,0.0892409192220712,16408
HRS,education,middle,72,72,FALSE,death_post,D1,DEAD,0.0942585493750851,16408
HRS,education,middle,73,73,FALSE,death_post,D1,DEAD,0.0993146252130177,16408
HRS,education,middle,74,74,FALSE,death_post,D1,DEAD,0.104452042030637,16408
HRS,education,middle,75,75,FALSE,death_post,D1,DEAD,0.109725473356555,16408
HRS,education,middle,76,76,FALSE,death_post,D1,DEAD,0.115202080857904,16408
HRS,education,middle,77,77,FALSE,death_post,D1,DEAD,0.120962581752076,16408
HRS,education,middle,78,78,FALSE,death_post,D1,DEAD,0.127102813980293,16408
HRS,education,middle,79,79,FALSE,death_post,D1,DEAD,0.133735962883401,16408
HRS,education,middle,80,80,FALSE,death_post,D1,DEAD,0.140995648121139,16408
HRS,education,middle,81,81,FALSE,death_post,D1,DEAD,0.149018932261842,16408
HRS,education,middle,82,82,FALSE,death_post,D1,DEAD,0.157878219956639,16408
HRS,education,middle,83,83,FALSE,death_post,D1,DEAD,0.167630514369167,16408
HRS,education,middle,84,84,FALSE,death_post,D1,DEAD,0.178336017705349,16408
HRS,education,middle,85,85,FALSE,death_post,D1,DEAD,0.190057595078124,16408
HRS,education,middle,86,86,FALSE,death_post,D1,DEAD,0.202860093174793,16408
HRS,education,middle,87,87,FALSE,death_post,D1,DEAD,0.216809488830566,16408
HRS,education,middle,88,88,FALSE,death_post,D1,DEAD,0.231971842502605,16408
HRS,education,middle,89,89,FALSE,death_post,D1,DEAD,0.248412032337996,16408
HRS,education,middle,90,90,FALSE,death_post,D1,DEAD,0.266192246299861,16408
HRS,education,middle,91,91,FALSE,death_post,D1,DEAD,0.285376439935996,16408
HRS,education,middle,92,92,FALSE,death_post,D1,DEAD,0.306050576994164,16408
HRS,education,middle,93,93,FALSE,death_post,D1,DEAD,0.328308833766101,16408
HRS,education,middle,94,94,FALSE,death_post,D1,DEAD,0.3522476627984,16408
HRS,education,middle,95,95,FALSE,death_post,D1,DEAD,0.377965156208044,16408
HRS,education,middle,96,95,TRUE,death_post,D1,DEAD,0.377965156208044,16408
HRS,education,middle,97,95,TRUE,death_post,D1,DEAD,0.377965156208044,16408
HRS,education,middle,98,95,TRUE,death_post,D1,DEAD,0.377965156208044,16408
HRS,education,middle,99,95,TRUE,death_post,D1,DEAD,0.377965156208044,16408
HRS,education,low,60,60,FALSE,death_post,D1,DEAD,0.0360158017973908,16408
HRS,education,low,61,61,FALSE,death_post,D1,DEAD,0.0389404552179579,16408
HRS,education,low,62,62,FALSE,death_post,D1,DEAD,0.0420869475245911,16408
HRS,education,low,63,63,FALSE,death_post,D1,DEAD,0.0454538598242112,16408
HRS,education,low,64,64,FALSE,death_post,D1,DEAD,0.0490353761876884,16408
HRS,education,low,65,65,FALSE,death_post,D1,DEAD,0.0528204535137544,16408
HRS,education,low,66,66,FALSE,death_post,D1,DEAD,0.0567919889752567,16408
HRS,education,low,67,67,FALSE,death_post,D1,DEAD,0.0609260242005403,16408
HRS,education,low,68,68,FALSE,death_post,D1,DEAD,0.0651910345099687,16408
HRS,education,low,69,69,FALSE,death_post,D1,DEAD,0.0695473600572709,16408
HRS,education,low,70,70,FALSE,death_post,D1,DEAD,0.0739468426970384,16408
HRS,education,low,71,71,FALSE,death_post,D1,DEAD,0.0783458765138561,16408
HRS,education,low,72,72,FALSE,death_post,D1,DEAD,0.0827509256301924,16408
HRS,education,low,73,73,FALSE,death_post,D1,DEAD,0.0871897267619651,16408
HRS,education,low,74,74,FALSE,death_post,D1,DEAD,0.0916999383005956,16408
HRS,education,low,75,75,FALSE,death_post,D1,DEAD,0.0963295589170818,16408
HRS,education,low,76,76,FALSE,death_post,D1,DEAD,0.101137550797442,16408
HRS,education,low,77,77,FALSE,death_post,D1,DEAD,0.106194776738713,16408
HRS,education,low,78,78,FALSE,death_post,D1,DEAD,0.111585374237168,16408
HRS,education,low,79,79,FALSE,death_post,D1,DEAD,0.117408710318766,16408
HRS,education,low,80,80,FALSE,death_post,D1,DEAD,0.123782091589638,16408
HRS,education,low,81,81,FALSE,death_post,D1,DEAD,0.130825847234499,16408
HRS,education,low,82,82,FALSE,death_post,D1,DEAD,0.138603542329841,16408
HRS,education,low,83,83,FALSE,death_post,D1,DEAD,0.147165220766494,16408
HRS,education,low,84,84,FALSE,death_post,D1,DEAD,0.156563734920164,16408
HRS,education,low,85,85,FALSE,death_post,D1,DEAD,0.166854274970629,16408
HRS,education,low,86,86,FALSE,death_post,D1,DEAD,0.178093770750077,16408
HRS,education,low,87,87,FALSE,death_post,D1,DEAD,0.190340144263673,16408
HRS,education,low,88,88,FALSE,death_post,D1,DEAD,0.203651390929487,16408
HRS,education,low,89,89,FALSE,death_post,D1,DEAD,0.218084468198701,16408
HRS,education,low,90,90,FALSE,death_post,D1,DEAD,0.233693971771606,16408
HRS,education,low,91,91,FALSE,death_post,D1,DEAD,0.2505360491363,16408
HRS,education,low,92,92,FALSE,death_post,D1,DEAD,0.268686169093706,16408
HRS,education,low,93,93,FALSE,death_post,D1,DEAD,0.288227010354299,16408
HRS,education,low,94,94,FALSE,death_post,D1,DEAD,0.309243249985176,16408
HRS,education,low,95,95,FALSE,death_post,D1,DEAD,0.331821004455678,16408
HRS,education,low,96,95,TRUE,death_post,D1,DEAD,0.331821004455678,16408
HRS,education,low,97,95,TRUE,death_post,D1,DEAD,0.331821004455678,16408
HRS,education,low,98,95,TRUE,death_post,D1,DEAD,0.331821004455678,16408
HRS,education,low,99,95,TRUE,death_post,D1,DEAD,0.331821004455678,16408
HRS,education,high,60,60,FALSE,death_post,R1,DEAD,0.0148285126031239,10867
HRS,education,high,61,61,FALSE,death_post,R1,DEAD,0.0160326579488425,10867
HRS,education,high,62,62,FALSE,death_post,R1,DEAD,0.0173281393346803,10867
HRS,education,high,63,63,FALSE,death_post,R1,DEAD,0.0187143725705636,10867
HRS,education,high,64,64,FALSE,death_post,R1,DEAD,0.0201889631081526,10867
HRS,education,high,65,65,FALSE,death_post,R1,DEAD,0.0217473642552135,10867
HRS,education,high,66,66,FALSE,death_post,R1,DEAD,0.0233825343945856,10867
HRS,education,high,67,67,FALSE,death_post,R1,DEAD,0.0250846093278256,10867
HRS,education,high,68,68,FALSE,death_post,R1,DEAD,0.026840609637956,10867
HRS,education,high,69,69,FALSE,death_post,R1,DEAD,0.0286342064776121,10867
HRS,education,high,70,70,FALSE,death_post,R1,DEAD,0.0304455720592536,10867
HRS,education,high,71,71,FALSE,death_post,R1,DEAD,0.03225675285043,10867
HRS,education,high,72,72,FALSE,death_post,R1,DEAD,0.0340704102752025,10867
HRS,education,high,73,73,FALSE,death_post,R1,DEAD,0.0358979641610088,10867
HRS,education,high,74,74,FALSE,death_post,R1,DEAD,0.0377549193114057,10867
HRS,education,high,75,75,FALSE,death_post,R1,DEAD,0.0396610378547452,10867
HRS,education,high,76,76,FALSE,death_post,R1,DEAD,0.0416405958441721,10867
HRS,education,high,77,77,FALSE,death_post,R1,DEAD,0.0437227690810433,10867
HRS,education,high,78,78,FALSE,death_post,R1,DEAD,0.0459421988578362,10867
HRS,education,high,79,79,FALSE,death_post,R1,DEAD,0.0483397968056476,10867
HRS,education,high,80,80,FALSE,death_post,R1,DEAD,0.0509638606827007,10867
HRS,education,high,81,81,FALSE,death_post,R1,DEAD,0.0538639327105491,10867
HRS,education,high,82,82,FALSE,death_post,R1,DEAD,0.057066184055482,10867
HRS,education,high,83,83,FALSE,death_post,R1,DEAD,0.0605912189086838,10867
HRS,education,high,84,84,FALSE,death_post,R1,DEAD,0.064460797777491,10867
HRS,education,high,85,85,FALSE,death_post,R1,DEAD,0.0686976436955604,10867
HRS,education,high,86,86,FALSE,death_post,R1,DEAD,0.0733251959504259,10867
HRS,education,high,87,87,FALSE,death_post,R1,DEAD,0.0783673023294673,10867
HRS,education,high,88,88,FALSE,death_post,R1,DEAD,0.0838478408458031,10867
HRS,education,high,89,89,FALSE,death_post,R1,DEAD,0.0897902621583258,10867
HRS,education,high,90,90,FALSE,death_post,R1,DEAD,0.0962170445401663,10867
HRS,education,high,91,91,FALSE,death_post,R1,DEAD,0.103151305170267,10867
HRS,education,high,92,92,FALSE,death_post,R1,DEAD,0.110624116244991,10867
HRS,education,high,93,93,FALSE,death_post,R1,DEAD,0.118669518442016,10867
HRS,education,high,94,94,FALSE,death_post,R1,DEAD,0.127322375207218,10867
HRS,education,high,95,95,FALSE,death_post,R1,DEAD,0.13661814262063,10867
HRS,education,high,96,95,TRUE,death_post,R1,DEAD,0.13661814262063,10867
HRS,education,high,97,95,TRUE,death_post,R1,DEAD,0.13661814262063,10867
HRS,education,high,98,95,TRUE,death_post,R1,DEAD,0.13661814262063,10867
HRS,education,high,99,95,TRUE,death_post,R1,DEAD,0.13661814262063,10867
HRS,education,middle,60,60,FALSE,death_post,R1,DEAD,0.0151694791031695,10867
HRS,education,middle,61,61,FALSE,death_post,R1,DEAD,0.0164013125410835,10867
HRS,education,middle,62,62,FALSE,death_post,R1,DEAD,0.0177265821980598,10867
HRS,education,middle,63,63,FALSE,death_post,R1,DEAD,0.0191446904511709,10867
HRS,education,middle,64,64,FALSE,death_post,R1,DEAD,0.0206531876918838,10867
HRS,education,middle,65,65,FALSE,death_post,R1,DEAD,0.022247422681421,10867
HRS,education,middle,66,66,FALSE,death_post,R1,DEAD,0.0239201918878286,10867
HRS,education,middle,67,67,FALSE,death_post,R1,DEAD,0.0256614042954961,10867
HRS,education,middle,68,68,FALSE,death_post,R1,DEAD,0.027457782039011,10867
HRS,education,middle,69,69,FALSE,death_post,R1,DEAD,0.0292926208058433,10867
HRS,education,middle,70,70,FALSE,death_post,R1,DEAD,0.0311456368887324,10867
HRS,education,middle,71,71,FALSE,death_post,R1,DEAD,0.0329984639320883,10867
HRS,education,middle,72,72,FALSE,death_post,R1,DEAD,0.0348538245567001,10867
HRS,education,middle,73,73,FALSE,death_post,R1,DEAD,0.0367234011772719,10867
HRS,education,middle,74,74,FALSE,death_post,R1,DEAD,0.0386230551144803,10867
HRS,education,middle,75,75,FALSE,death_post,R1,DEAD,0.0405730029066318,10867
HRS,education,middle,76,76,FALSE,death_post,R1,DEAD,0.0425980788099154,10867
HRS,education,middle,77,77,FALSE,death_post,R1,DEAD,0.0447281294934373,10867
HRS,education,middle,78,78,FALSE,death_post,R1,DEAD,0.0469985927908094,10867
HRS,education,middle,79,79,FALSE,death_post,R1,DEAD,0.0494513210542945,10867
HRS,education,middle,80,80,FALSE,death_post,R1,DEAD,0.0521357225997301,10867
HRS,education,middle,81,81,FALSE,death_post,R1,DEAD,0.0551024788214476,10867
HRS,education,middle,82,82,FALSE,death_post,R1,DEAD,0.0583783626649709,10867
HRS,education,middle,83,83,FALSE,death_post,R1,DEAD,0.0619844520938138,10867
HRS,education,middle,84,84,FALSE,death_post,R1,DEAD,0.0659430079759507,10867
HRS,education,middle,85,85,FALSE,death_post,R1,DEAD,0.0702772758379859,10867
HRS,education,middle,86,86,FALSE,death_post,R1,DEAD,0.0750112339299268,10867
HRS,education,middle,87,87,FALSE,death_post,R1,DEAD,0.0801692783946639,10867
HRS,education,middle,88,88,FALSE,death_post,R1,DEAD,0.0857758362958357,10867
HRS,education,middle,89,89,FALSE,death_post,R1,DEAD,0.0918548975162816,10867
HRS,education,middle,90,90,FALSE,death_post,R1,DEAD,0.0984294571940613,10867
HRS,education,middle,91,91,FALSE,death_post,R1,DEAD,0.105523164064033,10867
HRS,education,middle,92,92,FALSE,death_post,R1,DEAD,0.113167804795975,10867
HRS,education,middle,93,93,FALSE,death_post,R1,DEAD,0.121398202798176,10867
HRS,education,middle,94,94,FALSE,death_post,R1,DEAD,0.130250023165838,10867
HRS,education,middle,95,95,FALSE,death_post,R1,DEAD,0.139759537255333,10867
HRS,education,middle,96,95,TRUE,death_post,R1,DEAD,0.139759537255333,10867
HRS,education,middle,97,95,TRUE,death_post,R1,DEAD,0.139759537255333,10867
HRS,education,middle,98,95,TRUE,death_post,R1,DEAD,0.139759537255333,10867
HRS,education,middle,99,95,TRUE,death_post,R1,DEAD,0.139759537255333,10867
HRS,education,low,60,60,FALSE,death_post,R1,DEAD,0.0133175021834884,10867
HRS,education,low,61,61,FALSE,death_post,R1,DEAD,0.0143989463377365,10867
HRS,education,low,62,62,FALSE,death_post,R1,DEAD,0.0155624194820982,10867
HRS,education,low,63,63,FALSE,death_post,R1,DEAD,0.0168073969548766,10867
HRS,education,low,64,64,FALSE,death_post,R1,DEAD,0.0181317282097833,10867
HRS,education,low,65,65,FALSE,death_post,R1,DEAD,0.0195313298579189,10867
HRS,education,low,66,66,FALSE,death_post,R1,DEAD,0.020999877815782,10867
HRS,education,low,67,67,FALSE,death_post,R1,DEAD,0.0225285130367622,10867
HRS,education,low,68,68,FALSE,death_post,R1,DEAD,0.0241055786933298,10867
HRS,education,low,69,69,FALSE,death_post,R1,DEAD,0.025716409831133,10867
HRS,education,low,70,70,FALSE,death_post,R1,DEAD,0.027343199094105,10867
HRS,education,low,71,71,FALSE,death_post,R1,DEAD,0.0289698223965731,10867
HRS,education,low,72,72,FALSE,death_post,R1,DEAD,0.0305986699661816,10867
HRS,education,low,73,73,FALSE,death_post,R1,DEAD,0.0322399979615155,10867
HRS,education,low,74,74,FALSE,death_post,R1,DEAD,0.0339077312623484,10867
HRS,education,low,75,75,FALSE,death_post,R1,DEAD,0.0356196182561635,10867
HRS,education,low,76,76,FALSE,death_post,R1,DEAD,0.0373974612908709,10867
HRS,education,low,77,77,FALSE,death_post,R1,DEAD,0.0392674631832112,10867
HRS,education,low,78,78,FALSE,death_post,R1,DEAD,0.0412607353130343,10867
HRS,education,low,79,79,FALSE,death_post,R1,DEAD,0.0434140204576535,10867
HRS,education,low,80,80,FALSE,death_post,R1,DEAD,0.045770694882633,10867
HRS,education,low,81,81,FALSE,death_post,R1,DEAD,0.048375252507314,10867
HRS,education,low,82,82,FALSE,death_post,R1,DEAD,0.0512511976826405,10867
HRS,education,low,83,83,FALSE,death_post,R1,DEAD,0.0544170350535779,10867
HRS,education,low,84,84,FALSE,death_post,R1,DEAD,0.057892307753799,10867
HRS,education,low,85,85,FALSE,death_post,R1,DEAD,0.061697423362839,10867
HRS,education,low,86,86,FALSE,death_post,R1,DEAD,0.0658534327285655,10867
HRS,education,low,87,87,FALSE,death_post,R1,DEAD,0.0703817535729717,10867
HRS,education,low,88,88,FALSE,death_post,R1,DEAD,0.0753038307638167,10867
HRS,education,low,89,89,FALSE,death_post,R1,DEAD,0.080640725361597,10867
HRS,education,low,90,90,FALSE,death_post,R1,DEAD,0.0864126251261718,10867
HRS,education,low,91,91,FALSE,death_post,R1,DEAD,0.0926402916193564,10867
HRS,education,low,92,92,FALSE,death_post,R1,DEAD,0.0993516308121671,10867
HRS,education,low,93,93,FALSE,death_post,R1,DEAD,0.106577214671694,10867
HRS,education,low,94,94,FALSE,death_post,R1,DEAD,0.114348354093979,10867
HRS,education,low,95,95,FALSE,death_post,R1,DEAD,0.122696892220402,10867
HRS,education,low,96,95,TRUE,death_post,R1,DEAD,0.122696892220402,10867
HRS,education,low,97,95,TRUE,death_post,R1,DEAD,0.122696892220402,10867
HRS,education,low,98,95,TRUE,death_post,R1,DEAD,0.122696892220402,10867
HRS,education,low,99,95,TRUE,death_post,R1,DEAD,0.122696892220402,10867
HRS,education,high,60,60,FALSE,death_post,D2,DEAD,0.0283172959679728,4465
HRS,education,high,61,61,FALSE,death_post,D2,DEAD,0.0306167943098351,4465
HRS,education,high,62,62,FALSE,death_post,D2,DEAD,0.0330907126862501,4465
HRS,education,high,63,63,FALSE,death_post,D2,DEAD,0.0357379354975844,4465
HRS,education,high,64,64,FALSE,death_post,D2,DEAD,0.0385538899902612,4465
HRS,education,high,65,65,FALSE,death_post,D2,DEAD,0.0415298935652154,4465
HRS,education,high,66,66,FALSE,death_post,D2,DEAD,0.0446524991854742,4465
HRS,education,high,67,67,FALSE,death_post,D2,DEAD,0.0479028696666018,4465
HRS,education,high,68,68,FALSE,death_post,D2,DEAD,0.0512562188414434,4465
HRS,education,high,69,69,FALSE,death_post,D2,DEAD,0.0546813642970343,4465
HRS,education,high,70,70,FALSE,death_post,D2,DEAD,0.0581404418629621,4465
HRS,education,high,71,71,FALSE,death_post,D2,DEAD,0.0615991665434431,4465
HRS,education,high,72,72,FALSE,death_post,D2,DEAD,0.0650626207317597,4465
HRS,education,high,73,73,FALSE,death_post,D2,DEAD,0.0685526123220756,4465
HRS,education,high,74,74,FALSE,death_post,D2,DEAD,0.0720987500906042,4465
HRS,education,high,75,75,FALSE,death_post,D2,DEAD,0.0757387728215702,4465
HRS,education,high,76,76,FALSE,death_post,D2,DEAD,0.0795190393238596,4465
HRS,education,high,77,77,FALSE,death_post,D2,DEAD,0.0834952652194125,4465
HRS,education,high,78,78,FALSE,death_post,D2,DEAD,0.0877336033151926,4465
HRS,education,high,79,79,FALSE,death_post,D2,DEAD,0.0923121805816729,4465
HRS,education,high,80,80,FALSE,death_post,D2,DEAD,0.0973232289203798,4465
HRS,education,high,81,81,FALSE,death_post,D2,DEAD,0.102861356724494,4465
HRS,education,high,82,82,FALSE,death_post,D2,DEAD,0.108976541809153,4465
HRS,education,high,83,83,FALSE,death_post,D2,DEAD,0.115708131005396,4465
HRS,education,high,84,84,FALSE,death_post,D2,DEAD,0.123097679305496,4465
HRS,education,high,85,85,FALSE,death_post,D2,DEAD,0.13118857979186,4465
HRS,education,high,86,86,FALSE,death_post,D2,DEAD,0.140025593342408,4465
HRS,education,high,87,87,FALSE,death_post,D2,DEAD,0.149654260927534,4465
HRS,education,high,88,88,FALSE,death_post,D2,DEAD,0.160120181238264,4465
HRS,education,high,89,89,FALSE,death_post,D2,DEAD,0.171468136867856,4465
HRS,education,high,90,90,FALSE,death_post,D2,DEAD,0.183741053491334,4465
HRS,education,high,91,91,FALSE,death_post,D2,DEAD,0.196983076871362,4465
HRS,education,high,92,92,FALSE,death_post,D2,DEAD,0.211253544084043,4465
HRS,education,high,93,93,FALSE,death_post,D2,DEAD,0.226617460971199,4465
HRS,education,high,94,94,FALSE,death_post,D2,DEAD,0.243141404575434,4465
HRS,education,high,95,95,FALSE,death_post,D2,DEAD,0.260893083664243,4465
HRS,education,high,96,95,TRUE,death_post,D2,DEAD,0.260893083664243,4465
HRS,education,high,97,95,TRUE,death_post,D2,DEAD,0.260893083664243,4465
HRS,education,high,98,95,TRUE,death_post,D2,DEAD,0.260893083664243,4465
HRS,education,high,99,95,TRUE,death_post,D2,DEAD,0.260893083664243,4465
HRS,education,middle,60,60,FALSE,death_post,D2,DEAD,0.0289684232627577,4465
HRS,education,middle,61,61,FALSE,death_post,D2,DEAD,0.0313207962200632,4465
HRS,education,middle,62,62,FALSE,death_post,D2,DEAD,0.0338515998224467,4465
HRS,education,middle,63,63,FALSE,death_post,D2,DEAD,0.0365596928182006,4465
HRS,education,middle,64,64,FALSE,death_post,D2,DEAD,0.0394403973079509,4465
HRS,education,middle,65,65,FALSE,death_post,D2,DEAD,0.042484831045136,4465
HRS,education,middle,66,66,FALSE,death_post,D2,DEAD,0.0456792377919042,4465
HRS,education,middle,67,67,FALSE,death_post,D2,DEAD,0.0490043472220055,4465
HRS,education,middle,68,68,FALSE,death_post,D2,DEAD,0.0524348032356906,4465
HRS,education,middle,69,69,FALSE,death_post,D2,DEAD,0.0559387064122611,4465
HRS,education,middle,70,70,FALSE,death_post,D2,DEAD,0.0594773219333842,4465
HRS,education,middle,71,71,FALSE,death_post,D2,DEAD,0.0630155764548202,4465
HRS,education,middle,72,72,FALSE,death_post,D2,DEAD,0.0665586692342932,4465
HRS,education,middle,73,73,FALSE,death_post,D2,DEAD,0.0701289096162167,4465
HRS,education,middle,74,74,FALSE,death_post,D2,DEAD,0.0737565872003678,4465
HRS,education,middle,75,75,FALSE,death_post,D2,DEAD,0.0774803085357644,4465
HRS,education,middle,76,76,FALSE,death_post,D2,DEAD,0.0813474984047477,4465
HRS,education,middle,77,77,FALSE,death_post,D2,DEAD,0.0854151535530709,4465
HRS,education,middle,78,78,FALSE,death_post,D2,DEAD,0.0897509479039189,4465
HRS,education,middle,79,79,FALSE,death_post,D2,DEAD,0.0944348048776444,4465
HRS,education,middle,80,80,FALSE,death_post,D2,DEAD,0.0995610771541351,4465
HRS,education,middle,81,81,FALSE,death_post,D2,DEAD,0.105226548549931,4465
HRS,education,middle,82,82,FALSE,death_post,D2,DEAD,0.111482346068976,4465
HRS,education,middle,83,83,FALSE,death_post,D2,DEAD,0.118368721282496,4465
HRS,education,middle,84,84,FALSE,death_post,D2,DEAD,0.125928184697364,4465
HRS,education,middle,85,85,FALSE,death_post,D2,DEAD,0.134205127175591,4465
HRS,education,middle,86,86,FALSE,death_post,D2,DEAD,0.143245338825763,4465
HRS,education,middle,87,87,FALSE,death_post,D2,DEAD,0.153095407786364,4465
HRS,education,middle,88,88,FALSE,death_post,D2,DEAD,0.163801981243746,4465
HRS,education,middle,89,89,FALSE,death_post,D2,DEAD,0.175410871521152,4465
HRS,education,middle,90,90,FALSE,death_post,D2,DEAD,0.187965991325654,4465
HRS,education,middle,91,91,FALSE,death_post,D2,DEAD,0.201512501506635,4465
HRS,education,middle,92,92,FALSE,death_post,D2,DEAD,0.21611110353565,4465
HRS,education,middle,93,93,FALSE,death_post,D2,DEAD,0.231828297997449,4465
HRS,education,middle,94,94,FALSE,death_post,D2,DEAD,0.248732192805725,4465
HRS,education,middle,95,95,FALSE,death_post,D2,DEAD,0.266892053621915,4465
HRS,education,middle,96,95,TRUE,death_post,D2,DEAD,0.266892053621915,4465
HRS,education,middle,97,95,TRUE,death_post,D2,DEAD,0.266892053621915,4465
HRS,education,middle,98,95,TRUE,death_post,D2,DEAD,0.266892053621915,4465
HRS,education,middle,99,95,TRUE,death_post,D2,DEAD,0.266892053621915,4465
HRS,education,low,60,60,FALSE,death_post,D2,DEAD,0.0254317921815379,4465
HRS,education,low,61,61,FALSE,death_post,D2,DEAD,0.0274969739707234,4465
HRS,education,low,62,62,FALSE,death_post,D2,DEAD,0.0297188025695498,4465
HRS,education,low,63,63,FALSE,death_post,D2,DEAD,0.0320962760568569,4465
HRS,education,low,64,64,FALSE,death_post,D2,DEAD,0.034625287638027,4465
HRS,education,low,65,65,FALSE,death_post,D2,DEAD,0.0372980394620482,4465
HRS,education,low,66,66,FALSE,death_post,D2,DEAD,0.0401024547313995,4465
HRS,education,low,67,67,FALSE,death_post,D2,DEAD,0.0430216157516655,4465
HRS,education,low,68,68,FALSE,death_post,D2,DEAD,0.0460332620410273,4465
HRS,education,low,69,69,FALSE,death_post,D2,DEAD,0.0491093886428274,4465
HRS,education,low,70,70,FALSE,death_post,D2,DEAD,0.052215989707279,4465
HRS,education,low,71,71,FALSE,death_post,D2,DEAD,0.0553222738449535,4465
HRS,education,low,72,72,FALSE,death_post,D2,DEAD,0.058432805558404,4465
HRS,education,low,73,73,FALSE,death_post,D2,DEAD,0.0615671705394607,4465
HRS,education,low,74,74,FALSE,death_post,D2,DEAD,0.0647519604600209,4465
HRS,education,low,75,75,FALSE,death_post,D2,DEAD,0.0680210685604095,4465
HRS,education,low,76,76,FALSE,death_post,D2,DEAD,0.0714161297338276,4465
HRS,education,low,77,77,FALSE,death_post,D2,DEAD,0.0749871822367545,4465
HRS,education,low,78,78,FALSE,death_post,D2,DEAD,0.0787936379721074,4465
HRS,education,low,79,79,FALSE,death_post,D2,DEAD,0.0829056628511756,4465
HRS,education,low,80,80,FALSE,death_post,D2,DEAD,0.0874060904381094,4465
HRS,education,low,81,81,FALSE,death_post,D2,DEAD,0.0923798886266205,4465
HRS,education,low,82,82,FALSE,death_post,D2,DEAD,0.0978719425430887,4465
HRS,education,low,83,83,FALSE,death_post,D2,DEAD,0.10391758961631,4465
HRS,education,low,84,84,FALSE,death_post,D2,DEAD,0.110554150426923,4465
HRS,education,low,85,85,FALSE,death_post,D2,DEAD,0.117820596346175,4465
HRS,education,low,86,86,FALSE,death_post,D2,DEAD,0.125757127163848,4465
HRS,education,low,87,87,FALSE,death_post,D2,DEAD,0.134404643271564,4465
HRS,education,low,88,88,FALSE,death_post,D2,DEAD,0.143804096899907,4465
HRS,education,low,89,89,FALSE,death_post,D2,DEAD,0.153995707341226,4465
HRS,education,low,90,90,FALSE,death_post,D2,DEAD,0.165018026187723,4465
HRS,education,low,91,91,FALSE,death_post,D2,DEAD,0.176910700793549,4465
HRS,education,low,92,92,FALSE,death_post,D2,DEAD,0.189727021846831,4465
HRS,education,low,93,93,FALSE,death_post,D2,DEAD,0.203525371159932,4465
HRS,education,low,94,94,FALSE,death_post,D2,DEAD,0.218365541642229,4465
HRS,education,low,95,95,FALSE,death_post,D2,DEAD,0.234308342606365,4465
HRS,education,low,96,95,TRUE,death_post,D2,DEAD,0.234308342606365,4465
HRS,education,low,97,95,TRUE,death_post,D2,DEAD,0.234308342606365,4465
HRS,education,low,98,95,TRUE,death_post,D2,DEAD,0.234308342606365,4465
HRS,education,low,99,95,TRUE,death_post,D2,DEAD,0.234308342606365,4465
HRS,wealth,high,60,60,FALSE,onset,I0,D1,0.00875275016155645,116657
HRS,wealth,high,61,61,FALSE,onset,I0,D1,0.00885710512009838,116657
HRS,wealth,high,62,62,FALSE,onset,I0,D1,0.00897352268552802,116657
HRS,wealth,high,63,63,FALSE,onset,I0,D1,0.00911343140367357,116657
HRS,wealth,high,64,64,FALSE,onset,I0,D1,0.00928907757849509,116657
HRS,wealth,high,65,65,FALSE,onset,I0,D1,0.00951390579591424,116657
HRS,wealth,high,66,66,FALSE,onset,I0,D1,0.00980312631667372,116657
HRS,wealth,high,67,67,FALSE,onset,I0,D1,0.0101745156594694,116657
HRS,wealth,high,68,68,FALSE,onset,I0,D1,0.0106495236739326,116657
HRS,wealth,high,69,69,FALSE,onset,I0,D1,0.0112548008331595,116657
HRS,wealth,high,70,70,FALSE,onset,I0,D1,0.012024320283437,116657
HRS,wealth,high,71,71,FALSE,onset,I0,D1,0.0129957841259365,116657
HRS,wealth,high,72,72,FALSE,onset,I0,D1,0.0141902085485969,116657
HRS,wealth,high,73,73,FALSE,onset,I0,D1,0.0156251699993836,116657
HRS,wealth,high,74,74,FALSE,onset,I0,D1,0.0173187185351843,116657
HRS,wealth,high,75,75,FALSE,onset,I0,D1,0.0192871089562776,116657
HRS,wealth,high,76,76,FALSE,onset,I0,D1,0.0215419114923922,116657
HRS,wealth,high,77,77,FALSE,onset,I0,D1,0.0240864286396311,116657
HRS,wealth,high,78,78,FALSE,onset,I0,D1,0.026911443981405,116657
HRS,wealth,high,79,79,FALSE,onset,I0,D1,0.0299904757631473,116657
HRS,wealth,high,80,80,FALSE,onset,I0,D1,0.0332749046678751,116657
HRS,wealth,high,81,81,FALSE,onset,I0,D1,0.0367038314368982,116657
HRS,wealth,high,82,82,FALSE,onset,I0,D1,0.0402546216009424,116657
HRS,wealth,high,83,83,FALSE,onset,I0,D1,0.0439184665941826,116657
HRS,wealth,high,84,84,FALSE,onset,I0,D1,0.0476895219635154,116657
HRS,wealth,high,85,85,FALSE,onset,I0,D1,0.0515656455079582,116657
HRS,wealth,high,86,86,FALSE,onset,I0,D1,0.055549089526477,116657
HRS,wealth,high,87,87,FALSE,onset,I0,D1,0.0596471553115275,116657
HRS,wealth,high,88,88,FALSE,onset,I0,D1,0.0638728272255649,116657
HRS,wealth,high,89,89,FALSE,onset,I0,D1,0.0682454126785084,116657
HRS,wealth,high,90,90,FALSE,onset,I0,D1,0.072791223160735,116657
HRS,wealth,high,91,91,FALSE,onset,I0,D1,0.077541054723839,116657
HRS,wealth,high,92,92,FALSE,onset,I0,D1,0.0825195441278359,116657
HRS,wealth,high,93,93,FALSE,onset,I0,D1,0.0877528556207735,116657
HRS,wealth,high,94,94,FALSE,onset,I0,D1,0.0932721334240171,116657
HRS,wealth,high,95,95,FALSE,onset,I0,D1,0.0991141521774486,116657
HRS,wealth,high,96,95,TRUE,onset,I0,D1,0.0991141521774486,116657
HRS,wealth,high,97,95,TRUE,onset,I0,D1,0.0991141521774486,116657
HRS,wealth,high,98,95,TRUE,onset,I0,D1,0.0991141521774486,116657
HRS,wealth,high,99,95,TRUE,onset,I0,D1,0.0991141521774486,116657
HRS,wealth,middle,60,60,FALSE,onset,I0,D1,0.0116838665492002,116657
HRS,wealth,middle,61,61,FALSE,onset,I0,D1,0.0118231678415764,116657
HRS,wealth,middle,62,62,FALSE,onset,I0,D1,0.0119785712603141,116657
HRS,wealth,middle,63,63,FALSE,onset,I0,D1,0.0121653325366798,116657
HRS,wealth,middle,64,64,FALSE,onset,I0,D1,0.0123997990104866,116657
HRS,wealth,middle,65,65,FALSE,onset,I0,D1,0.0126999175835447,116657
HRS,wealth,middle,66,66,FALSE,onset,I0,D1,0.013085992120744,116657
HRS,wealth,middle,67,67,FALSE,onset,I0,D1,0.0135817521320463,116657
HRS,wealth,middle,68,68,FALSE,onset,I0,D1,0.0142158305814879,116657
HRS,wealth,middle,69,69,FALSE,onset,I0,D1,0.0150238026386302,116657
HRS,wealth,middle,70,70,FALSE,onset,I0,D1,0.016051018359187,116657
HRS,wealth,middle,71,71,FALSE,onset,I0,D1,0.0173478055042138,116657
HRS,wealth,middle,72,72,FALSE,onset,I0,D1,0.0189422181516539,116657
HRS,wealth,middle,73,73,FALSE,onset,I0,D1,0.0208577187411574,116657
HRS,wealth,middle,74,74,FALSE,onset,I0,D1,0.0231184019232042,116657
HRS,wealth,middle,75,75,FALSE,onset,I0,D1,0.0257459658970729,116657
HRS,wealth,middle,76,76,FALSE,onset,I0,D1,0.0287558555249606,116657
HRS,wealth,middle,77,77,FALSE,onset,I0,D1,0.0321524792411348,116657
HRS,wealth,middle,78,78,FALSE,onset,I0,D1,0.0359235342402485,116657
HRS,wealth,middle,79,79,FALSE,onset,I0,D1,0.0400336705716419,116657
HRS,wealth,middle,80,80,FALSE,onset,I0,D1,0.0444179873069378,116657
HRS,wealth,middle,81,81,FALSE,onset,I0,D1,0.0489951912756069,116657
HRS,wealth,middle,82,82,FALSE,onset,I0,D1,0.0537350681891652,116657
HRS,wealth,middle,83,83,FALSE,onset,I0,D1,0.0586258596738797,116657
HRS,wealth,middle,84,84,FALSE,onset,I0,D1,0.0636597640892543,116657
HRS,wealth,middle,85,85,FALSE,onset,I0,D1,0.0688339218551637,116657
HRS,wealth,middle,86,86,FALSE,onset,I0,D1,0.0741513395192716,116657
HRS,wealth,middle,87,87,FALSE,onset,I0,D1,0.0796217634270253,116657
HRS,wealth,middle,88,88,FALSE,onset,I0,D1,0.0852625261373751,116657
HRS,wealth,middle,89,89,FALSE,onset,I0,D1,0.091099400715557,116657
HRS,wealth,middle,90,90,FALSE,onset,I0,D1,0.097167509830058,116657
HRS,wealth,middle,91,91,FALSE,onset,I0,D1,0.103507962498093,116657
HRS,wealth,middle,92,92,FALSE,onset,I0,D1,0.110153645824962,116657
HRS,wealth,middle,93,93,FALSE,onset,I0,D1,0.117139485928389,116657
HRS,wealth,middle,94,94,FALSE,onset,I0,D1,0.124507056590271,116657
HRS,wealth,middle,95,95,FALSE,onset,I0,D1,0.132305447522622,116657
HRS,wealth,middle,96,95,TRUE,onset,I0,D1,0.132305447522622,116657
HRS,wealth,middle,97,95,TRUE,onset,I0,D1,0.132305447522622,116657
HRS,wealth,middle,98,95,TRUE,onset,I0,D1,0.132305447522622,116657
HRS,wealth,middle,99,95,TRUE,onset,I0,D1,0.132305447522622,116657
HRS,wealth,low,60,60,FALSE,onset,I0,D1,0.0183115202725444,116657
HRS,wealth,low,61,61,FALSE,onset,I0,D1,0.0185298399896173,116657
HRS,wealth,low,62,62,FALSE,onset,I0,D1,0.0187733957372505,116657
HRS,wealth,low,63,63,FALSE,onset,I0,D1,0.0190660970347102,116657
HRS,wealth,low,64,64,FALSE,onset,I0,D1,0.0194335642229279,116657
HRS,wealth,low,65,65,FALSE,onset,I0,D1,0.0199039245536949,116657
HRS,wealth,low,66,66,FALSE,onset,I0,D1,0.0205089992252404,116657
HRS,wealth,low,67,67,FALSE,onset,I0,D1,0.0212859782722924,116657
HRS,wealth,low,68,68,FALSE,onset,I0,D1,0.022279736659761,116657
HRS,wealth,low,69,69,FALSE,onset,I0,D1,0.0235460295125345,116657
HRS,wealth,low,70,70,FALSE,onset,I0,D1,0.0251559316294445,116657
HRS,wealth,low,71,71,FALSE,onset,I0,D1,0.0271883191096797,116657
HRS,wealth,low,72,72,FALSE,onset,I0,D1,0.0296871596598912,116657
HRS,wealth,low,73,73,FALSE,onset,I0,D1,0.0326892247493085,116657
HRS,wealth,low,74,74,FALSE,onset,I0,D1,0.0362322766785248,116657
HRS,wealth,low,75,75,FALSE,onset,I0,D1,0.0403503219140036,116657
HRS,wealth,low,76,76,FALSE,onset,I0,D1,0.0450675663901449,116657
HRS,wealth,low,77,77,FALSE,onset,I0,D1,0.0503909192181679,116657
HRS,wealth,low,78,78,FALSE,onset,I0,D1,0.0563010988470063,116657
HRS,wealth,low,79,79,FALSE,onset,I0,D1,0.0627427031257187,116657
HRS,wealth,low,80,80,FALSE,onset,I0,D1,0.0696140161830491,116657
HRS,wealth,low,81,81,FALSE,onset,I0,D1,0.0767876314336951,116657
HRS,wealth,low,82,82,FALSE,onset,I0,D1,0.084216195584655,116657
HRS,wealth,low,83,83,FALSE,onset,I0,D1,0.0918812803443972,116657
HRS,wealth,low,84,84,FALSE,onset,I0,D1,0.0997706586049262,116657
HRS,wealth,low,85,85,FALSE,onset,I0,D1,0.107879848694082,116657
HRS,wealth,low,86,86,FALSE,onset,I0,D1,0.116213562618653,116657
HRS,wealth,low,87,87,FALSE,onset,I0,D1,0.124787075322211,116657
HRS,wealth,low,88,88,FALSE,onset,I0,D1,0.133627551228729,116657
HRS,wealth,low,89,89,FALSE,onset,I0,D1,0.142775383131516,116657
HRS,wealth,low,90,90,FALSE,onset,I0,D1,0.152285616973908,116657
HRS,wealth,low,91,91,FALSE,onset,I0,D1,0.162222680794256,116657
HRS,wealth,low,92,92,FALSE,onset,I0,D1,0.172638116853239,116657
HRS,wealth,low,93,93,FALSE,onset,I0,D1,0.183586663050338,116657
HRS,wealth,low,94,94,FALSE,onset,I0,D1,0.195133475825573,116657
HRS,wealth,low,95,95,FALSE,onset,I0,D1,0.207355490947848,116657
HRS,wealth,low,96,95,TRUE,onset,I0,D1,0.207355490947848,116657
HRS,wealth,low,97,95,TRUE,onset,I0,D1,0.207355490947848,116657
HRS,wealth,low,98,95,TRUE,onset,I0,D1,0.207355490947848,116657
HRS,wealth,low,99,95,TRUE,onset,I0,D1,0.207355490947848,116657
HRS,wealth,high,60,60,FALSE,recovery,D1,R1,0.274178662343804,13871
HRS,wealth,high,61,61,FALSE,recovery,D1,R1,0.264097326960539,13871
HRS,wealth,high,62,62,FALSE,recovery,D1,R1,0.254408672168348,13871
HRS,wealth,high,63,63,FALSE,recovery,D1,R1,0.245117841640305,13871
HRS,wealth,high,64,64,FALSE,recovery,D1,R1,0.236227577708251,13871
HRS,wealth,high,65,65,FALSE,recovery,D1,R1,0.227738514386979,13871
HRS,wealth,high,66,66,FALSE,recovery,D1,R1,0.219649458535761,13871
HRS,wealth,high,67,67,FALSE,recovery,D1,R1,0.211957657579938,13871
HRS,wealth,high,68,68,FALSE,recovery,D1,R1,0.204659052729169,13871
HRS,wealth,high,69,69,FALSE,recovery,D1,R1,0.197748517088068,13871
HRS,wealth,high,70,70,FALSE,recovery,D1,R1,0.191220078460564,13871
HRS,wealth,high,71,71,FALSE,recovery,D1,R1,0.185037211566444,13871
HRS,wealth,high,72,72,FALSE,recovery,D1,R1,0.179050896195027,13871
HRS,wealth,high,73,73,FALSE,recovery,D1,R1,0.173101993889412,13871
HRS,wealth,high,74,74,FALSE,recovery,D1,R1,0.167052159987303,13871
HRS,wealth,high,75,75,FALSE,recovery,D1,R1,0.160784019248045,13871
HRS,wealth,high,76,76,FALSE,recovery,D1,R1,0.154202257988769,13871
HRS,wealth,high,77,77,FALSE,recovery,D1,R1,0.147235304477898,13871
HRS,wealth,high,78,78,FALSE,recovery,D1,R1,0.139837246663698,13871
HRS,wealth,high,79,79,FALSE,recovery,D1,R1,0.131989613212639,13871
HRS,wealth,high,80,80,FALSE,recovery,D1,R1,0.123702632238198,13871
HRS,wealth,high,81,81,FALSE,recovery,D1,R1,0.115033013767036,13871
HRS,wealth,high,82,82,FALSE,recovery,D1,R1,0.106124485724043,13871
HRS,wealth,high,83,83,FALSE,recovery,D1,R1,0.0971335333104951,13871
HRS,wealth,high,84,84,FALSE,recovery,D1,R1,0.0882052035727916,13871
HRS,wealth,high,85,85,FALSE,recovery,D1,R1,0.0794697052339393,13871
HRS,wealth,high,86,86,FALSE,recovery,D1,R1,0.0710398960808621,13871
HRS,wealth,high,87,87,FALSE,recovery,D1,R1,0.0630096832873983,13871
HRS,wealth,high,88,88,FALSE,recovery,D1,R1,0.0554533112273965,13871
HRS,wealth,high,89,89,FALSE,recovery,D1,R1,0.0484254676073124,13871
HRS,wealth,high,90,90,FALSE,recovery,D1,R1,0.0419621042504616,13871
HRS,wealth,high,91,91,FALSE,recovery,D1,R1,0.0360909772605039,13871
HRS,wealth,high,92,92,FALSE,recovery,D1,R1,0.0308502336502479,13871
HRS,wealth,high,93,93,FALSE,recovery,D1,R1,0.0262486575778194,13871
HRS,wealth,high,94,94,FALSE,recovery,D1,R1,0.0222646028797272,13871
HRS,wealth,high,95,95,FALSE,recovery,D1,R1,0.0188561236405312,13871
HRS,wealth,high,96,95,TRUE,recovery,D1,R1,0.0188561236405312,13871
HRS,wealth,high,97,95,TRUE,recovery,D1,R1,0.0188561236405312,13871
HRS,wealth,high,98,95,TRUE,recovery,D1,R1,0.0188561236405312,13871
HRS,wealth,high,99,95,TRUE,recovery,D1,R1,0.0188561236405312,13871
HRS,wealth,middle,60,60,FALSE,recovery,D1,R1,0.269734598226964,13871
HRS,wealth,middle,61,61,FALSE,recovery,D1,R1,0.259816667612122,13871
HRS,wealth,middle,62,62,FALSE,recovery,D1,R1,0.250285052768752,13871
HRS,wealth,middle,63,63,FALSE,recovery,D1,R1,0.241144813997968,13871
HRS,wealth,middle,64,64,FALSE,recovery,D1,R1,0.232398649182133,13871
HRS,wealth,middle,65,65,FALSE,recovery,D1,R1,0.224047182059519,13871
HRS,wealth,middle,66,66,FALSE,recovery,D1,R1,0.21608923882859,13871
HRS,wealth,middle,67,67,FALSE,recovery,D1,R1,0.20852211153019,13871
HRS,wealth,middle,68,68,FALSE,recovery,D1,R1,0.201341807161461,13871
HRS,wealth,middle,69,69,FALSE,recovery,D1,R1,0.194543281927035,13871
HRS,wealth,middle,70,70,FALSE,recovery,D1,R1,0.188120660432037,13871
HRS,wealth,middle,71,71,FALSE,recovery,D1,R1,0.182038009421488,13871
HRS,wealth,middle,72,72,FALSE,recovery,D1,R1,0.176148724100137,13871
HRS,wealth,middle,73,73,FALSE,recovery,D1,R1,0.170296245429553,13871
HRS,wealth,middle,74,74,FALSE,recovery,D1,R1,0.164344471126711,13871
HRS,wealth,middle,75,75,FALSE,recovery,D1,R1,0.158177928444358,13871
HRS,wealth,middle,76,76,FALSE,recovery,D1,R1,0.151702848605101,13871
HRS,wealth,middle,77,77,FALSE,recovery,D1,R1,0.144848819958028,13871
HRS,wealth,middle,78,78,FALSE,recovery,D1,R1,0.137570674623469,13871
HRS,wealth,middle,79,79,FALSE,recovery,D1,R1,0.129850240663151,13871
HRS,wealth,middle,80,80,FALSE,recovery,D1,R1,0.121697580406706,13871
HRS,wealth,middle,81,81,FALSE,recovery,D1,R1,0.113168484688208,13871
HRS,wealth,middle,82,82,FALSE,recovery,D1,R1,0.104404351797892,13871
HRS,wealth,middle,83,83,FALSE,recovery,D1,R1,0.0955591305242355,13871
HRS,wealth,middle,84,84,FALSE,recovery,D1,R1,0.0867755168978131,13871
HRS,wealth,middle,85,85,FALSE,recovery,D1,R1,0.078181609134896,13871
HRS,wealth,middle,86,86,FALSE,recovery,D1,R1,0.0698884357508051,13871
HRS,wealth,middle,87,87,FALSE,recovery,D1,R1,0.0619883818115021,13871
HRS,wealth,middle,88,88,FALSE,recovery,D1,R1,0.0545544882902688,13871
HRS,wealth,middle,89,89,FALSE,recovery,D1,R1,0.0476405564800381,13871
HRS,wealth,middle,90,90,FALSE,recovery,D1,R1,0.0412819554738485,13871
HRS,wealth,middle,91,91,FALSE,recovery,D1,R1,0.0355059914865783,13871
HRS,wealth,middle,92,92,FALSE,recovery,D1,R1,0.0303501932197155,13871
HRS,wealth,middle,93,93,FALSE,recovery,D1,R1,0.0258232024521009,13871
HRS,wealth,middle,94,94,FALSE,recovery,D1,R1,0.0219037238751845,13871
HRS,wealth,middle,95,95,FALSE,recovery,D1,R1,0.0185504914599041,13871
HRS,wealth,middle,96,95,TRUE,recovery,D1,R1,0.0185504914599041,13871
HRS,wealth,middle,97,95,TRUE,recovery,D1,R1,0.0185504914599041,13871
HRS,wealth,middle,98,95,TRUE,recovery,D1,R1,0.0185504914599041,13871
HRS,wealth,middle,99,95,TRUE,recovery,D1,R1,0.0185504914599041,13871
HRS,wealth,low,60,60,FALSE,recovery,D1,R1,0.189009670407498,13871
HRS,wealth,low,61,61,FALSE,recovery,D1,R1,0.182059932372563,13871
HRS,wealth,low,62,62,FALSE,recovery,D1,R1,0.175380895304873,13871
HRS,wealth,low,63,63,FALSE,recovery,D1,R1,0.168976105081936,13871
HRS,wealth,low,64,64,FALSE,recovery,D1,R1,0.162847452176313,13871
HRS,wealth,low,65,65,FALSE,recovery,D1,R1,0.15699537365676,13871
HRS,wealth,low,66,66,FALSE,recovery,D1,R1,0.151419047011656,13871
HRS,wealth,low,67,67,FALSE,recovery,D1,R1,0.146116574707385,13871
HRS,wealth,low,68,68,FALSE,recovery,D1,R1,0.141085158748588,13871
HRS,wealth,low,69,69,FALSE,recovery,D1,R1,0.136321264823735,13871
HRS,wealth,low,70,70,FALSE,recovery,D1,R1,0.131820775899062,13871
HRS,wealth,low,71,71,FALSE,recovery,D1,R1,0.127558512658585,13871
HRS,wealth,low,72,72,FALSE,recovery,D1,R1,0.123431745514729,13871
HRS,wealth,low,73,73,FALSE,recovery,D1,R1,0.119330769696776,13871
HRS,wealth,low,74,74,FALSE,recovery,D1,R1,0.115160214985906,13871
HRS,wealth,low,75,75,FALSE,recovery,D1,R1,0.110839166786651,13871
HRS,wealth,low,76,76,FALSE,recovery,D1,R1,0.1063019190093,13871
HRS,wealth,low,77,77,FALSE,recovery,D1,R1,0.101499132477419,13871
HRS,wealth,low,78,78,FALSE,recovery,D1,R1,0.0963991569462656,13871
HRS,wealth,low,79,79,FALSE,recovery,D1,R1,0.0909892588915313,13871
HRS,wealth,low,80,80,FALSE,recovery,D1,R1,0.0852764892351955,13871
HRS,wealth,low,81,81,FALSE,recovery,D1,R1,0.0792999419875532,13871
HRS,wealth,low,82,82,FALSE,recovery,D1,R1,0.0731586984099966,13871
HRS,wealth,low,83,83,FALSE,recovery,D1,R1,0.0669606342068701,13871
HRS,wealth,low,84,84,FALSE,recovery,D1,R1,0.0608057399981562,13871
HRS,wealth,low,85,85,FALSE,recovery,D1,R1,0.0547837773561423,13871
HRS,wealth,low,86,86,FALSE,recovery,D1,R1,0.0489725466936216,13871
HRS,wealth,low,87,87,FALSE,recovery,D1,R1,0.0434367844996568,13871
HRS,wealth,low,88,88,FALSE,recovery,D1,R1,0.0382276723815648,13871
HRS,wealth,low,89,89,FALSE,recovery,D1,R1,0.0333829102292064,13871
HRS,wealth,low,90,90,FALSE,recovery,D1,R1,0.0289272820364099,13871
HRS,wealth,low,91,91,FALSE,recovery,D1,R1,0.0248799219398719,13871
HRS,wealth,low,92,92,FALSE,recovery,D1,R1,0.0212671272242036,13871
HRS,wealth,low,93,93,FALSE,recovery,D1,R1,0.0180949533964893,13871
HRS,wealth,low,94,94,FALSE,recovery,D1,R1,0.0153484783100086,13871
HRS,wealth,low,95,95,FALSE,recovery,D1,R1,0.0129987858427539,13871
HRS,wealth,low,96,95,TRUE,recovery,D1,R1,0.0129987858427539,13871
HRS,wealth,low,97,95,TRUE,recovery,D1,R1,0.0129987858427539,13871
HRS,wealth,low,98,95,TRUE,recovery,D1,R1,0.0129987858427539,13871
HRS,wealth,low,99,95,TRUE,recovery,D1,R1,0.0129987858427539,13871
HRS,wealth,high,60,60,FALSE,recovery,D2,R1,0.298529700012181,3950
HRS,wealth,high,61,61,FALSE,recovery,D2,R1,0.287552995982914,3950
HRS,wealth,high,62,62,FALSE,recovery,D2,R1,0.277003848270582,3950
HRS,wealth,high,63,63,FALSE,recovery,D2,R1,0.266887857380953,3950
HRS,wealth,high,64,64,FALSE,recovery,D2,R1,0.257208009204667,3950
HRS,wealth,high,65,65,FALSE,recovery,D2,R1,0.247964994066217,3950
HRS,wealth,high,66,66,FALSE,recovery,D2,R1,0.239157512856691,3950
HRS,wealth,high,67,67,FALSE,recovery,D2,R1,0.230782568532921,3950
HRS,wealth,high,68,68,FALSE,recovery,D2,R1,0.222835741825176,3950
HRS,wealth,high,69,69,FALSE,recovery,D2,R1,0.215311450495479,3950
HRS,wealth,high,70,70,FALSE,recovery,D2,R1,0.208203191930219,3950
HRS,wealth,high,71,71,FALSE,recovery,D2,R1,0.201471196875103,3950
HRS,wealth,high,72,72,FALSE,recovery,D2,R1,0.194953209965653,3950
HRS,wealth,high,73,73,FALSE,recovery,D2,R1,0.18847595894431,3950
HRS,wealth,high,74,74,FALSE,recovery,D2,R1,0.18188881213835,3950
HRS,wealth,high,75,75,FALSE,recovery,D2,R1,0.175063969685154,3950
HRS,wealth,high,76,76,FALSE,recovery,D2,R1,0.167897652665853,3950
HRS,wealth,high,77,77,FALSE,recovery,D2,R1,0.160311932742138,3950
HRS,wealth,high,78,78,FALSE,recovery,D2,R1,0.152256820206879,3950
HRS,wealth,high,79,79,FALSE,recovery,D2,R1,0.143712203204509,3950
HRS,wealth,high,80,80,FALSE,recovery,D2,R1,0.134689218253168,3950
HRS,wealth,high,81,81,FALSE,recovery,D2,R1,0.125249612051535,3950
HRS,wealth,high,82,82,FALSE,recovery,D2,R1,0.115549877646639,3950
HRS,wealth,high,83,83,FALSE,recovery,D2,R1,0.105760398392872,3950
HRS,wealth,high,84,84,FALSE,recovery,D2,R1,0.0960391036158759,3950
HRS,wealth,high,85,85,FALSE,recovery,D2,R1,0.0865277664597976,3950
HRS,wealth,high,86,86,FALSE,recovery,D2,R1,0.0773492681181853,3950
HRS,wealth,high,87,87,FALSE,recovery,D2,R1,0.0686058560824933,3950
HRS,wealth,high,88,88,FALSE,recovery,D2,R1,0.0603783687026618,3950
HRS,wealth,high,89,89,FALSE,recovery,D2,R1,0.0527263507458252,3950
HRS,wealth,high,90,90,FALSE,recovery,D2,R1,0.0456889470780995,3950
HRS,wealth,high,91,91,FALSE,recovery,D2,R1,0.0392963789472954,3950
HRS,wealth,high,92,92,FALSE,recovery,D2,R1,0.0335901813736539,3950
HRS,wealth,high,93,93,FALSE,recovery,D2,R1,0.0285799186758122,3950
HRS,wealth,high,94,94,FALSE,recovery,D2,R1,0.0242420221973393,3950
HRS,wealth,high,95,95,FALSE,recovery,D2,R1,0.0205308206177686,3950
HRS,wealth,high,96,95,TRUE,recovery,D2,R1,0.0205308206177686,3950
HRS,wealth,high,97,95,TRUE,recovery,D2,R1,0.0205308206177686,3950
HRS,wealth,high,98,95,TRUE,recovery,D2,R1,0.0205308206177686,3950
HRS,wealth,high,99,95,TRUE,recovery,D2,R1,0.0205308206177686,3950
HRS,wealth,middle,60,60,FALSE,recovery,D2,R1,0.293690938613705,3950
HRS,wealth,middle,61,61,FALSE,recovery,D2,R1,0.282892152063795,3950
HRS,wealth,middle,62,62,FALSE,recovery,D2,R1,0.272513991723022,3950
HRS,wealth,middle,63,63,FALSE,recovery,D2,R1,0.262561967320552,3950
HRS,wealth,middle,64,64,FALSE,recovery,D2,R1,0.253039016349793,3950
HRS,wealth,middle,65,65,FALSE,recovery,D2,R1,0.243945817946012,3950
HRS,wealth,middle,66,66,FALSE,recovery,D2,R1,0.23528109405709,3950
HRS,wealth,middle,67,67,FALSE,recovery,D2,R1,0.227041896217862,3950
HRS,wealth,middle,68,68,FALSE,recovery,D2,R1,0.219223876788965,3950
HRS,wealth,middle,69,69,FALSE,recovery,D2,R1,0.211821544012925,3950
HRS,wealth,middle,70,70,FALSE,recovery,D2,R1,0.204828500674675,3950
HRS,wealth,middle,71,71,FALSE,recovery,D2,R1,0.198205622125575,3950
HRS,wealth,middle,72,72,FALSE,recovery,D2,R1,0.191793282940461,3950
HRS,wealth,middle,73,73,FALSE,recovery,D2,R1,0.185421019369978,3950
HRS,wealth,middle,74,74,FALSE,recovery,D2,R1,0.178940641276443,3950
HRS,wealth,middle,75,75,FALSE,recovery,D2,R1,0.172226420259613,3950
HRS,wealth,middle,76,76,FALSE,recovery,D2,R1,0.165176259516089,3950
HRS,wealth,middle,77,77,FALSE,recovery,D2,R1,0.157713493820194,3950
HRS,wealth,middle,78,78,FALSE,recovery,D2,R1,0.149788943730127,3950
HRS,wealth,middle,79,79,FALSE,recovery,D2,R1,0.141382823376212,3950
HRS,wealth,middle,80,80,FALSE,recovery,D2,R1,0.132506088768739,3950
HRS,wealth,middle,81,81,FALSE,recovery,D2,R1,0.123219485776178,3950
HRS,wealth,middle,82,82,FALSE,recovery,D2,R1,0.113676970905593,3950
HRS,wealth,middle,83,83,FALSE,recovery,D2,R1,0.104046165828373,3950
HRS,wealth,middle,84,84,FALSE,recovery,D2,R1,0.0944824400500673,3950
HRS,wealth,middle,85,85,FALSE,recovery,D2,R1,0.0851252687645098,3950
HRS,wealth,middle,86,86,FALSE,recovery,D2,R1,0.0760955414278245,3950
HRS,wealth,middle,87,87,FALSE,recovery,D2,R1,0.0674938482383564,3950
HRS,wealth,middle,88,88,FALSE,recovery,D2,R1,0.0593997172660728,3950
HRS,wealth,middle,89,89,FALSE,recovery,D2,R1,0.051871728138222,3950
HRS,wealth,middle,90,90,FALSE,recovery,D2,R1,0.0449483912357511,3950
HRS,wealth,middle,91,91,FALSE,recovery,D2,R1,0.0386594379610475,3950
HRS,wealth,middle,92,92,FALSE,recovery,D2,R1,0.0330457301080277,3950
HRS,wealth,middle,93,93,FALSE,recovery,D2,R1,0.0281166769707005,3950
HRS,wealth,middle,94,94,FALSE,recovery,D2,R1,0.0238490919085784,3950
HRS,wealth,middle,95,95,FALSE,recovery,D2,R1,0.0201980438713335,3950
HRS,wealth,middle,96,95,TRUE,recovery,D2,R1,0.0201980438713335,3950
HRS,wealth,middle,97,95,TRUE,recovery,D2,R1,0.0201980438713335,3950
HRS,wealth,middle,98,95,TRUE,recovery,D2,R1,0.0201980438713335,3950
HRS,wealth,middle,99,95,TRUE,recovery,D2,R1,0.0201980438713335,3950
HRS,wealth,low,60,60,FALSE,recovery,D2,R1,0.205796467616426,3950
HRS,wealth,low,61,61,FALSE,recovery,D2,R1,0.198229492152337,3950
HRS,wealth,low,62,62,FALSE,recovery,D2,R1,0.190957259823449,3950
HRS,wealth,low,63,63,FALSE,recovery,D2,R1,0.183983631432569,3950
HRS,wealth,low,64,64,FALSE,recovery,D2,R1,0.17731066535361,3950
HRS,wealth,low,65,65,FALSE,recovery,D2,R1,0.170938837473368,3950
HRS,wealth,low,66,66,FALSE,recovery,D2,R1,0.164867252229271,3950
HRS,wealth,low,67,67,FALSE,recovery,D2,R1,0.159093843559227,3950
HRS,wealth,low,68,68,FALSE,recovery,D2,R1,0.153615564965348,3950
HRS,wealth,low,69,69,FALSE,recovery,D2,R1,0.148428568238036,3950
HRS,wealth,low,70,70,FALSE,recovery,D2,R1,0.143528370691276,3950
HRS,wealth,low,71,71,FALSE,recovery,D2,R1,0.138887556721016,3950
HRS,wealth,low,72,72,FALSE,recovery,D2,R1,0.134394272863898,3950
HRS,wealth,low,73,73,FALSE,recovery,D2,R1,0.129929070976103,3950
HRS,wealth,low,74,74,FALSE,recovery,D2,R1,0.125388110581603,3950
HRS,wealth,low,75,75,FALSE,recovery,D2,R1,0.120683290696516,3950
HRS,wealth,low,76,76,FALSE,recovery,D2,R1,0.115743069578378,3950
HRS,wealth,low,77,77,FALSE,recovery,D2,R1,0.110513726017035,3950
HRS,wealth,low,78,78,FALSE,recovery,D2,R1,0.104960798767447,3950
HRS,wealth,low,79,79,FALSE,recovery,D2,R1,0.0990704233838544,3950
HRS,wealth,low,80,80,FALSE,recovery,D2,R1,0.0928502770122666,3950
HRS,wealth,low,81,81,FALSE,recovery,D2,R1,0.0863429257775085,3950
HRS,wealth,low,82,82,FALSE,recovery,D2,R1,0.0796562507925281,3950
HRS,wealth,low,83,83,FALSE,recovery,D2,R1,0.0729077086871784,3950
HRS,wealth,low,84,84,FALSE,recovery,D2,R1,0.0662061706972161,3950
HRS,wealth,low,85,85,FALSE,recovery,D2,R1,0.0596493705230628,3950
HRS,wealth,low,86,86,FALSE,recovery,D2,R1,0.0533220183813833,3950
HRS,wealth,low,87,87,FALSE,recovery,D2,R1,0.0472946002994071,3950
HRS,wealth,low,88,88,FALSE,recovery,D2,R1,0.0416228435527284,3950
HRS,wealth,low,89,89,FALSE,recovery,D2,R1,0.0363477963276443,3950
HRS,wealth,low,90,90,FALSE,recovery,D2,R1,0.0314964437957196,3950
HRS,wealth,low,91,91,FALSE,recovery,D2,R1,0.0270896194822153,3950
HRS,wealth,low,92,92,FALSE,recovery,D2,R1,0.0231559562516258,3950
HRS,wealth,low,93,93,FALSE,recovery,D2,R1,0.0197020474277999,3950
HRS,wealth,low,94,94,FALSE,recovery,D2,R1,0.0167116455611882,3950
HRS,wealth,low,95,95,FALSE,recovery,D2,R1,0.0141532663591959,3950
HRS,wealth,low,96,95,TRUE,recovery,D2,R1,0.0141532663591959,3950
HRS,wealth,low,97,95,TRUE,recovery,D2,R1,0.0141532663591959,3950
HRS,wealth,low,98,95,TRUE,recovery,D2,R1,0.0141532663591959,3950
HRS,wealth,low,99,95,TRUE,recovery,D2,R1,0.0141532663591959,3950
HRS,wealth,high,60,60,FALSE,relapse,R1,D2,0.129907516518483,9917
HRS,wealth,high,61,61,FALSE,relapse,R1,D2,0.121362216447877,9917
HRS,wealth,high,62,62,FALSE,relapse,R1,D2,0.113582725661392,9917
HRS,wealth,high,63,63,FALSE,relapse,R1,D2,0.106684225524938,9917
HRS,wealth,high,64,64,FALSE,relapse,R1,D2,0.100745773286315,9917
HRS,wealth,high,65,65,FALSE,relapse,R1,D2,0.09582343428514,9917
HRS,wealth,high,66,66,FALSE,relapse,R1,D2,0.0919632832393058,9917
HRS,wealth,high,67,67,FALSE,relapse,R1,D2,0.0892143284638622,9917
HRS,wealth,high,68,68,FALSE,relapse,R1,D2,0.0876418887377576,9917
HRS,wealth,high,69,69,FALSE,relapse,R1,D2,0.0873424536770801,9917
HRS,wealth,high,70,70,FALSE,relapse,R1,D2,0.0884616749930456,9917
HRS,wealth,high,71,71,FALSE,relapse,R1,D2,0.0911454126974468,9917
HRS,wealth,high,72,72,FALSE,relapse,R1,D2,0.0953267912047657,9917
HRS,wealth,high,73,73,FALSE,relapse,R1,D2,0.100902158785208,9917
HRS,wealth,high,74,74,FALSE,relapse,R1,D2,0.107769555014183,9917
HRS,wealth,high,75,75,FALSE,relapse,R1,D2,0.115799502289013,9917
HRS,wealth,high,76,76,FALSE,relapse,R1,D2,0.124806467392986,9917
HRS,wealth,high,77,77,FALSE,relapse,R1,D2,0.134521625675617,9917
HRS,wealth,high,78,78,FALSE,relapse,R1,D2,0.144569462037039,9917
HRS,wealth,high,79,79,FALSE,relapse,R1,D2,0.154452622897375,9917
HRS,wealth,high,80,80,FALSE,relapse,R1,D2,0.163550960542013,9917
HRS,wealth,high,81,81,FALSE,relapse,R1,D2,0.171271993411889,9917
HRS,wealth,high,82,82,FALSE,relapse,R1,D2,0.177524183161622,9917
HRS,wealth,high,83,83,FALSE,relapse,R1,D2,0.182415028866802,9917
HRS,wealth,high,84,84,FALSE,relapse,R1,D2,0.186118540246596,9917
HRS,wealth,high,85,85,FALSE,relapse,R1,D2,0.188859394358313,9917
HRS,wealth,high,86,86,FALSE,relapse,R1,D2,0.19089804760965,9917
HRS,wealth,high,87,87,FALSE,relapse,R1,D2,0.192518436210668,9917
HRS,wealth,high,88,88,FALSE,relapse,R1,D2,0.194019380678756,9917
HRS,wealth,high,89,89,FALSE,relapse,R1,D2,0.195710379042542,9917
HRS,wealth,high,90,90,FALSE,relapse,R1,D2,0.197912198471296,9917
HRS,wealth,high,91,91,FALSE,relapse,R1,D2,0.200881573454717,9917
HRS,wealth,high,92,92,FALSE,relapse,R1,D2,0.204566640444397,9917
HRS,wealth,high,93,93,FALSE,relapse,R1,D2,0.208833373526387,9917
HRS,wealth,high,94,94,FALSE,relapse,R1,D2,0.213539677289337,9917
HRS,wealth,high,95,95,FALSE,relapse,R1,D2,0.218531503249153,9917
HRS,wealth,high,96,95,TRUE,relapse,R1,D2,0.218531503249153,9917
HRS,wealth,high,97,95,TRUE,relapse,R1,D2,0.218531503249153,9917
HRS,wealth,high,98,95,TRUE,relapse,R1,D2,0.218531503249153,9917
HRS,wealth,high,99,95,TRUE,relapse,R1,D2,0.218531503249153,9917
HRS,wealth,middle,60,60,FALSE,relapse,R1,D2,0.12636666207041,9917
HRS,wealth,middle,61,61,FALSE,relapse,R1,D2,0.118054278959314,9917
HRS,wealth,middle,62,62,FALSE,relapse,R1,D2,0.110486831673416,9917
HRS,wealth,middle,63,63,FALSE,relapse,R1,D2,0.103776362110926,9917
HRS,wealth,middle,64,64,FALSE,relapse,R1,D2,0.0979997726773766,9917
HRS,wealth,middle,65,65,FALSE,relapse,R1,D2,0.0932116005544109,9917
HRS,wealth,middle,66,66,FALSE,relapse,R1,D2,0.0894566646136544,9917
HRS,wealth,middle,67,67,FALSE,relapse,R1,D2,0.0867826373636154,9917
HRS,wealth,middle,68,68,FALSE,relapse,R1,D2,0.0852530572067467,9917
HRS,wealth,middle,69,69,FALSE,relapse,R1,D2,0.0849617837674667,9917
HRS,wealth,middle,70,70,FALSE,relapse,R1,D2,0.0860504987672373,9917
HRS,wealth,middle,71,71,FALSE,relapse,R1,D2,0.0886610865505041,9917
HRS,wealth,middle,72,72,FALSE,relapse,R1,D2,0.092728494341705,9917
HRS,wealth,middle,73,73,FALSE,relapse,R1,D2,0.0981518956185343,9917
HRS,wealth,middle,74,74,FALSE,relapse,R1,D2,0.104832109064436,9917
HRS,wealth,middle,75,75,FALSE,relapse,R1,D2,0.112643186213135,9917
HRS,wealth,middle,76,76,FALSE,relapse,R1,D2,0.121404650877204,9917
HRS,wealth,middle,77,77,FALSE,relapse,R1,D2,0.130855005687791,9917
HRS,wealth,middle,78,78,FALSE,relapse,R1,D2,0.140628970859712,9917
HRS,wealth,middle,79,79,FALSE,relapse,R1,D2,0.150242749046657,9917
HRS,wealth,middle,80,80,FALSE,relapse,R1,D2,0.159093095734479,9917
HRS,wealth,middle,81,81,FALSE,relapse,R1,D2,0.166603678475573,9917
HRS,wealth,middle,82,82,FALSE,relapse,R1,D2,0.172685453960768,9917
HRS,wealth,middle,83,83,FALSE,relapse,R1,D2,0.177442991192088,9917
HRS,wealth,middle,84,84,FALSE,relapse,R1,D2,0.181045556952304,9917
HRS,wealth,middle,85,85,FALSE,relapse,R1,D2,0.183711704336243,9917
HRS,wealth,middle,86,86,FALSE,relapse,R1,D2,0.185694790560925,9917
HRS,wealth,middle,87,87,FALSE,relapse,R1,D2,0.187271012663041,9917
HRS,wealth,middle,88,88,FALSE,relapse,R1,D2,0.188731046289028,9917
HRS,wealth,middle,89,89,FALSE,relapse,R1,D2,0.190375953562486,9917
HRS,wealth,middle,90,90,FALSE,relapse,R1,D2,0.192517758587708,9917
HRS,wealth,middle,91,91,FALSE,relapse,R1,D2,0.195406198111043,9917
HRS,wealth,middle,92,92,FALSE,relapse,R1,D2,0.198990822214957,9917
HRS,wealth,middle,93,93,FALSE,relapse,R1,D2,0.203141258094006,9917
HRS,wealth,middle,94,94,FALSE,relapse,R1,D2,0.20771928339348,9917
HRS,wealth,middle,95,95,FALSE,relapse,R1,D2,0.212575048487632,9917
HRS,wealth,middle,96,95,TRUE,relapse,R1,D2,0.212575048487632,9917
HRS,wealth,middle,97,95,TRUE,relapse,R1,D2,0.212575048487632,9917
HRS,wealth,middle,98,95,TRUE,relapse,R1,D2,0.212575048487632,9917
HRS,wealth,middle,99,95,TRUE,relapse,R1,D2,0.212575048487632,9917
HRS,wealth,low,60,60,FALSE,relapse,R1,D2,0.176094646415988,9917
HRS,wealth,low,61,61,FALSE,relapse,R1,D2,0.16451116275946,9917
HRS,wealth,low,62,62,FALSE,relapse,R1,D2,0.153965763108566,9917
HRS,wealth,low,63,63,FALSE,relapse,R1,D2,0.144614580244897,9917
HRS,wealth,low,64,64,FALSE,relapse,R1,D2,0.136564779315405,9917
HRS,wealth,low,65,65,FALSE,relapse,R1,D2,0.12989235904919,9917
HRS,wealth,low,66,66,FALSE,relapse,R1,D2,0.124659775502481,9917
HRS,wealth,low,67,67,FALSE,relapse,R1,D2,0.120933461335537,9917
HRS,wealth,low,68,68,FALSE,relapse,R1,D2,0.118801958671182,9917
HRS,wealth,low,69,69,FALSE,relapse,R1,D2,0.11839606290358,9917
HRS,wealth,low,70,70,FALSE,relapse,R1,D2,0.119913210541979,9917
HRS,wealth,low,71,71,FALSE,relapse,R1,D2,0.123551120455086,9917
HRS,wealth,low,72,72,FALSE,relapse,R1,D2,0.129219140208762,9917
HRS,wealth,low,73,73,FALSE,relapse,R1,D2,0.136776765887623,9917
HRS,wealth,low,74,74,FALSE,relapse,R1,D2,0.146085786205687,9917
HRS,wealth,low,75,75,FALSE,relapse,R1,D2,0.156970689281323,9917
HRS,wealth,low,76,76,FALSE,relapse,R1,D2,0.169179977687199,9917
HRS,wealth,low,77,77,FALSE,relapse,R1,D2,0.182349249246724,9917
HRS,wealth,low,78,78,FALSE,relapse,R1,D2,0.195969478766379,9917
HRS,wealth,low,79,79,FALSE,relapse,R1,D2,0.209366484296276,9917
HRS,wealth,low,80,80,FALSE,relapse,R1,D2,0.221699631703322,9917
HRS,wealth,low,81,81,FALSE,relapse,R1,D2,0.232165789394771,9917
HRS,wealth,low,82,82,FALSE,relapse,R1,D2,0.24064087361477,9917
HRS,wealth,low,83,83,FALSE,relapse,R1,D2,0.247270603504235,9917
HRS,wealth,low,84,84,FALSE,relapse,R1,D2,0.25229085594536,9917
HRS,wealth,low,85,85,FALSE,relapse,R1,D2,0.256006189350352,9917
HRS,wealth,low,86,86,FALSE,relapse,R1,D2,0.258769662420118,9917
HRS,wealth,low,87,87,FALSE,relapse,R1,D2,0.260966161632787,9917
HRS,wealth,low,88,88,FALSE,relapse,R1,D2,0.263000749718846,9917
HRS,wealth,low,89,89,FALSE,relapse,R1,D2,0.265292963186868,9917
HRS,wealth,low,90,90,FALSE,relapse,R1,D2,0.268277614299979,9917
HRS,wealth,low,91,91,FALSE,relapse,R1,D2,0.272302716555763,9917
HRS,wealth,low,92,92,FALSE,relapse,R1,D2,0.277297966915081,9917
HRS,wealth,low,93,93,FALSE,relapse,R1,D2,0.283081688085037,9917
HRS,wealth,low,94,94,FALSE,relapse,R1,D2,0.289461264257945,9917
HRS,wealth,low,95,95,FALSE,relapse,R1,D2,0.296227876775235,9917
HRS,wealth,low,96,95,TRUE,relapse,R1,D2,0.296227876775235,9917
HRS,wealth,low,97,95,TRUE,relapse,R1,D2,0.296227876775235,9917
HRS,wealth,low,98,95,TRUE,relapse,R1,D2,0.296227876775235,9917
HRS,wealth,low,99,95,TRUE,relapse,R1,D2,0.296227876775235,9917
HRS,wealth,high,60,60,FALSE,death_pre,I0,DEAD,0.00366513476281156,126270
HRS,wealth,high,61,61,FALSE,death_pre,I0,DEAD,0.00407425139778459,126270
HRS,wealth,high,62,62,FALSE,death_pre,I0,DEAD,0.00452793304545433,126270
HRS,wealth,high,63,63,FALSE,death_pre,I0,DEAD,0.00502968474412656,126270
HRS,wealth,high,64,64,FALSE,death_pre,I0,DEAD,0.00558295884138563,126270
HRS,wealth,high,65,65,FALSE,death_pre,I0,DEAD,0.00619106378178298,126270
HRS,wealth,high,66,66,FALSE,death_pre,I0,DEAD,0.00685705477436273,126270
HRS,wealth,high,67,67,FALSE,death_pre,I0,DEAD,0.00758360571215274,126270
HRS,wealth,high,68,68,FALSE,death_pre,I0,DEAD,0.00837286241929468,126270
HRS,wealth,high,69,69,FALSE,death_pre,I0,DEAD,0.00922627821372711,126270
HRS,wealth,high,70,70,FALSE,death_pre,I0,DEAD,0.0101444339011078,126270
HRS,wealth,high,71,71,FALSE,death_pre,I0,DEAD,0.0111281105528741,126270
HRS,wealth,high,72,72,FALSE,death_pre,I0,DEAD,0.012182839638772,126270
HRS,wealth,high,73,73,FALSE,death_pre,I0,DEAD,0.0133167918005663,126270
HRS,wealth,high,74,74,FALSE,death_pre,I0,DEAD,0.0145400259908176,126270
HRS,wealth,high,75,75,FALSE,death_pre,I0,DEAD,0.0158648419996702,126270
HRS,wealth,high,76,76,FALSE,death_pre,I0,DEAD,0.0173062040436699,126270
HRS,wealth,high,77,77,FALSE,death_pre,I0,DEAD,0.0188822565173079,126270
HRS,wealth,high,78,78,FALSE,death_pre,I0,DEAD,0.0206149590420967,126270
HRS,wealth,high,79,79,FALSE,death_pre,I0,DEAD,0.0225308758002562,126270
HRS,wealth,high,80,80,FALSE,death_pre,I0,DEAD,0.0246621644768266,126270
HRS,wealth,high,81,81,FALSE,death_pre,I0,DEAD,0.0270460384097744,126270
HRS,wealth,high,82,82,FALSE,death_pre,I0,DEAD,0.0297195783636348,126270
HRS,wealth,high,83,83,FALSE,death_pre,I0,DEAD,0.032724018426573,126270
HRS,wealth,high,84,84,FALSE,death_pre,I0,DEAD,0.0361072242991723,126270
HRS,wealth,high,85,85,FALSE,death_pre,I0,DEAD,0.0399248743975041,126270
HRS,wealth,high,86,86,FALSE,death_pre,I0,DEAD,0.0442418706417449,126270
HRS,wealth,high,87,87,FALSE,death_pre,I0,DEAD,0.049134027201931,126270
HRS,wealth,high,88,88,FALSE,death_pre,I0,DEAD,0.0546900963503848,126270
HRS,wealth,high,89,89,FALSE,death_pre,I0,DEAD,0.0610142040603514,126270
HRS,wealth,high,90,90,FALSE,death_pre,I0,DEAD,0.0682287847574001,126270
HRS,wealth,high,91,91,FALSE,death_pre,I0,DEAD,0.0764715200513097,126270
HRS,wealth,high,92,92,FALSE,death_pre,I0,DEAD,0.0858732975509187,126270
HRS,wealth,high,93,93,FALSE,death_pre,I0,DEAD,0.0965686822834831,126270
HRS,wealth,high,94,94,FALSE,death_pre,I0,DEAD,0.108699522339641,126270
HRS,wealth,high,95,95,FALSE,death_pre,I0,DEAD,0.122412438294693,126270
HRS,wealth,high,96,95,TRUE,death_pre,I0,DEAD,0.122412438294693,126270
HRS,wealth,high,97,95,TRUE,death_pre,I0,DEAD,0.122412438294693,126270
HRS,wealth,high,98,95,TRUE,death_pre,I0,DEAD,0.122412438294693,126270
HRS,wealth,high,99,95,TRUE,death_pre,I0,DEAD,0.122412438294693,126270
HRS,wealth,middle,60,60,FALSE,death_pre,I0,DEAD,0.00483338189980459,126270
HRS,wealth,middle,61,61,FALSE,death_pre,I0,DEAD,0.00537290283596539,126270
HRS,wealth,middle,62,62,FALSE,death_pre,I0,DEAD,0.00597119370547719,126270
HRS,wealth,middle,63,63,FALSE,death_pre,I0,DEAD,0.00663287676367344,126270
HRS,wealth,middle,64,64,FALSE,death_pre,I0,DEAD,0.00736250478020818,126270
HRS,wealth,middle,65,65,FALSE,death_pre,I0,DEAD,0.00816444075318278,126270
HRS,wealth,middle,66,66,FALSE,death_pre,I0,DEAD,0.00904271372737991,126270
HRS,wealth,middle,67,67,FALSE,death_pre,I0,DEAD,0.0100008498886016,126270
HRS,wealth,middle,68,68,FALSE,death_pre,I0,DEAD,0.011041679033905,126270
HRS,wealth,middle,69,69,FALSE,death_pre,I0,DEAD,0.012167117720545,126270
HRS,wealth,middle,70,70,FALSE,death_pre,I0,DEAD,0.0133779318836739,126270
HRS,wealth,middle,71,71,FALSE,death_pre,I0,DEAD,0.0146751515581451,126270
HRS,wealth,middle,72,72,FALSE,death_pre,I0,DEAD,0.016066071347699,126270
HRS,wealth,middle,73,73,FALSE,death_pre,I0,DEAD,0.017561466253685,126270
HRS,wealth,middle,74,74,FALSE,death_pre,I0,DEAD,0.019174601479809,126270
HRS,wealth,middle,75,75,FALSE,death_pre,I0,DEAD,0.0209216973254328,126270
HRS,wealth,middle,76,76,FALSE,death_pre,I0,DEAD,0.0228224877916446,126270
HRS,wealth,middle,77,77,FALSE,death_pre,I0,DEAD,0.0249009007265568,126270
HRS,wealth,middle,78,78,FALSE,death_pre,I0,DEAD,0.0271858952937514,126270
HRS,wealth,middle,79,79,FALSE,death_pre,I0,DEAD,0.0297125029029397,126270
HRS,wealth,middle,80,80,FALSE,death_pre,I0,DEAD,0.0325231313734442,126270
HRS,wealth,middle,81,81,FALSE,death_pre,I0,DEAD,0.0356668556467877,126270
HRS,wealth,middle,82,82,FALSE,death_pre,I0,DEAD,0.0391925758338077,126270
HRS,wealth,middle,83,83,FALSE,death_pre,I0,DEAD,0.0431546692243692,126270
HRS,wealth,middle,84,84,FALSE,death_pre,I0,DEAD,0.0476162585208538,126270
HRS,wealth,middle,85,85,FALSE,death_pre,I0,DEAD,0.052650769413138,126270
HRS,wealth,middle,86,86,FALSE,death_pre,I0,DEAD,0.0583437910504739,126270
HRS,wealth,middle,87,87,FALSE,death_pre,I0,DEAD,0.0647953030682407,126270
HRS,wealth,middle,88,88,FALSE,death_pre,I0,DEAD,0.0721223471727797,126270
HRS,wealth,middle,89,89,FALSE,death_pre,I0,DEAD,0.0804622390774143,126270
HRS,wealth,middle,90,90,FALSE,death_pre,I0,DEAD,0.0899764386941959,126270
HRS,wealth,middle,91,91,FALSE,death_pre,I0,DEAD,0.100846513098746,126270
HRS,wealth,middle,92,92,FALSE,death_pre,I0,DEAD,0.11324506980495,126270
HRS,wealth,middle,93,93,FALSE,death_pre,I0,DEAD,0.127349565907617,126270
HRS,wealth,middle,94,94,FALSE,death_pre,I0,DEAD,0.143347063012438,126270
HRS,wealth,middle,95,95,FALSE,death_pre,I0,DEAD,0.161430916420285,126270
HRS,wealth,middle,96,95,TRUE,death_pre,I0,DEAD,0.161430916420285,126270
HRS,wealth,middle,97,95,TRUE,death_pre,I0,DEAD,0.161430916420285,126270
HRS,wealth,middle,98,95,TRUE,death_pre,I0,DEAD,0.161430916420285,126270
HRS,wealth,middle,99,95,TRUE,death_pre,I0,DEAD,0.161430916420285,126270
HRS,wealth,low,60,60,FALSE,death_pre,I0,DEAD,0.00678684505417701,126270
HRS,wealth,low,61,61,FALSE,death_pre,I0,DEAD,0.00754441916545424,126270
HRS,wealth,low,62,62,FALSE,death_pre,I0,DEAD,0.00838451570921578,126270
HRS,wealth,low,63,63,FALSE,death_pre,I0,DEAD,0.00931362507488238,126270
HRS,wealth,low,64,64,FALSE,death_pre,I0,DEAD,0.0103381400828125,126270
HRS,wealth,low,65,65,FALSE,death_pre,I0,DEAD,0.0114641870836029,126270
HRS,wealth,low,66,66,FALSE,death_pre,I0,DEAD,0.0126974235037145,126270
HRS,wealth,low,67,67,FALSE,death_pre,I0,DEAD,0.0140428006747752,126270
HRS,wealth,low,68,68,FALSE,death_pre,I0,DEAD,0.0155042920866853,126270
HRS,wealth,low,69,69,FALSE,death_pre,I0,DEAD,0.0170845888938776,126270
HRS,wealth,low,70,70,FALSE,death_pre,I0,DEAD,0.0187847665924143,126270
HRS,wealth,low,71,71,FALSE,death_pre,I0,DEAD,0.0206062715167866,126270
HRS,wealth,low,72,72,FALSE,death_pre,I0,DEAD,0.0225593464631037,126270
HRS,wealth,low,73,73,FALSE,death_pre,I0,DEAD,0.0246591212651203,126270
HRS,wealth,low,74,74,FALSE,death_pre,I0,DEAD,0.0269242224009484,126270
HRS,wealth,low,75,75,FALSE,death_pre,I0,DEAD,0.0293774257779719,126270
HRS,wealth,low,76,76,FALSE,death_pre,I0,DEAD,0.0320464411055541,126270
HRS,wealth,low,77,77,FALSE,death_pre,I0,DEAD,0.0349648669283545,126270
HRS,wealth,low,78,78,FALSE,death_pre,I0,DEAD,0.0381733665666332,126270
HRS,wealth,low,79,79,FALSE,death_pre,I0,DEAD,0.0417211297502044,126270
HRS,wealth,low,80,80,FALSE,death_pre,I0,DEAD,0.0456677038735823,126270
HRS,wealth,low,81,81,FALSE,death_pre,I0,DEAD,0.0500819980424541,126270
HRS,wealth,low,82,82,FALSE,death_pre,I0,DEAD,0.0550326758721236,126270
HRS,wealth,low,83,83,FALSE,death_pre,I0,DEAD,0.0605960918175938,126270
HRS,wealth,low,84,84,FALSE,death_pre,I0,DEAD,0.0668608802986861,126270
HRS,wealth,low,85,85,FALSE,death_pre,I0,DEAD,0.0739301427856583,126270
HRS,wealth,low,86,86,FALSE,death_pre,I0,DEAD,0.0819240602007581,126270
HRS,wealth,low,87,87,FALSE,death_pre,I0,DEAD,0.0909830200217303,126270
HRS,wealth,low,88,88,FALSE,death_pre,I0,DEAD,0.101271367616328,126270
HRS,wealth,low,89,89,FALSE,death_pre,I0,DEAD,0.112981916316738,126270
HRS,wealth,low,90,90,FALSE,death_pre,I0,DEAD,0.126341381790844,126270
HRS,wealth,low,91,91,FALSE,death_pre,I0,DEAD,0.141604713395995,126270
HRS,wealth,low,92,92,FALSE,death_pre,I0,DEAD,0.159014279824801,126270
HRS,wealth,low,93,93,FALSE,death_pre,I0,DEAD,0.178819259360954,126270
HRS,wealth,low,94,94,FALSE,death_pre,I0,DEAD,0.201282316565156,126270
HRS,wealth,low,95,95,FALSE,death_pre,I0,DEAD,0.226674953357724,126270
HRS,wealth,low,96,95,TRUE,death_pre,I0,DEAD,0.226674953357724,126270
HRS,wealth,low,97,95,TRUE,death_pre,I0,DEAD,0.226674953357724,126270
HRS,wealth,low,98,95,TRUE,death_pre,I0,DEAD,0.226674953357724,126270
HRS,wealth,low,99,95,TRUE,death_pre,I0,DEAD,0.226674953357724,126270
HRS,wealth,high,60,60,FALSE,death_post,D1,DEAD,0.0366410005301817,16410
HRS,wealth,high,61,61,FALSE,death_post,D1,DEAD,0.0396153825484678,16410
HRS,wealth,high,62,62,FALSE,death_post,D1,DEAD,0.0428157058664629,16410
HRS,wealth,high,63,63,FALSE,death_post,D1,DEAD,0.0462410631873874,16410
HRS,wealth,high,64,64,FALSE,death_post,D1,DEAD,0.0498862301924156,16410
HRS,wealth,high,65,65,FALSE,death_post,D1,DEAD,0.0537408410347322,16410
HRS,wealth,high,66,66,FALSE,death_post,D1,DEAD,0.0577885573073358,16410
HRS,wealth,high,67,67,FALSE,death_post,D1,DEAD,0.0620062677871461,16410
HRS,wealth,high,68,68,FALSE,death_post,D1,DEAD,0.0663633651997759,16410
HRS,wealth,high,69,69,FALSE,death_post,D1,DEAD,0.0708211546739453,16410
HRS,wealth,high,70,70,FALSE,death_post,D1,DEAD,0.0753324556034631,16410
HRS,wealth,high,71,71,FALSE,death_post,D1,DEAD,0.0798544725278922,16410
HRS,wealth,high,72,72,FALSE,death_post,D1,DEAD,0.0843938652369643,16410
HRS,wealth,high,73,73,FALSE,death_post,D1,DEAD,0.0889783384374528,16410
HRS,wealth,high,74,74,FALSE,death_post,D1,DEAD,0.0936454660076938,16410
HRS,wealth,high,75,75,FALSE,death_post,D1,DEAD,0.098443158194569,16410
HRS,wealth,high,76,76,FALSE,death_post,D1,DEAD,0.103430329764963,16410
HRS,wealth,high,77,77,FALSE,death_post,D1,DEAD,0.108677875077645,16410
HRS,wealth,high,78,78,FALSE,death_post,D1,DEAD,0.114270070175197,16410
HRS,wealth,high,79,79,FALSE,death_post,D1,DEAD,0.120306542548008,16410
HRS,wealth,high,80,80,FALSE,death_post,D1,DEAD,0.1269049794126,16410
HRS,wealth,high,81,81,FALSE,death_post,D1,DEAD,0.134185801877435,16410
HRS,wealth,high,82,82,FALSE,death_post,D1,DEAD,0.142210931227385,16410
HRS,wealth,high,83,83,FALSE,death_post,D1,DEAD,0.151027656541415,16410
HRS,wealth,high,84,84,FALSE,death_post,D1,DEAD,0.160685116872814,16410
HRS,wealth,high,85,85,FALSE,death_post,D1,DEAD,0.171233630879664,16410
HRS,wealth,high,86,86,FALSE,death_post,D1,DEAD,0.18272387589721,16410
HRS,wealth,high,87,87,FALSE,death_post,D1,DEAD,0.195205895422764,16410
HRS,wealth,high,88,88,FALSE,death_post,D1,DEAD,0.208727915250647,16410
HRS,wealth,high,89,89,FALSE,death_post,D1,DEAD,0.223334950826533,16410
HRS,wealth,high,90,90,FALSE,death_post,D1,DEAD,0.239067192047598,16410
HRS,wealth,high,91,91,FALSE,death_post,D1,DEAD,0.2559664358775,16410
HRS,wealth,high,92,92,FALSE,death_post,D1,DEAD,0.274103529158936,16410
HRS,wealth,high,93,93,FALSE,death_post,D1,DEAD,0.293560525944652,16410
HRS,wealth,high,94,94,FALSE,death_post,D1,DEAD,0.314423479638337,16410
HRS,wealth,high,95,95,FALSE,death_post,D1,DEAD,0.336782427842163,16410
HRS,wealth,high,96,95,TRUE,death_post,D1,DEAD,0.336782427842163,16410
HRS,wealth,high,97,95,TRUE,death_post,D1,DEAD,0.336782427842163,16410
HRS,wealth,high,98,95,TRUE,death_post,D1,DEAD,0.336782427842163,16410
HRS,wealth,high,99,95,TRUE,death_post,D1,DEAD,0.336782427842163,16410
HRS,wealth,middle,60,60,FALSE,death_post,D1,DEAD,0.0388561595478639,16410
HRS,wealth,middle,61,61,FALSE,death_post,D1,DEAD,0.0420103600496657,16410
HRS,wealth,middle,62,62,FALSE,death_post,D1,DEAD,0.0454041613009808,16410
HRS,wealth,middle,63,63,FALSE,death_post,D1,DEAD,0.0490366011537258,16410
HRS,wealth,middle,64,64,FALSE,death_post,D1,DEAD,0.0529021394489839,16410
HRS,wealth,middle,65,65,FALSE,death_post,D1,DEAD,0.0569897836649383,16410
HRS,wealth,middle,66,66,FALSE,death_post,D1,DEAD,0.0612822076440055,16410
HRS,wealth,middle,67,67,FALSE,death_post,D1,DEAD,0.0657549029568754,16410
HRS,wealth,middle,68,68,FALSE,death_post,D1,DEAD,0.0703754119435576,16410
HRS,wealth,middle,69,69,FALSE,death_post,D1,DEAD,0.0751027004054661,16410
HRS,wealth,middle,70,70,FALSE,death_post,D1,DEAD,0.0798867353976706,16410
HRS,wealth,middle,71,71,FALSE,death_post,D1,DEAD,0.0846821342282517,16410
HRS,wealth,middle,72,72,FALSE,death_post,D1,DEAD,0.0894959593094971,16410
HRS,wealth,middle,73,73,FALSE,death_post,D1,DEAD,0.0943575902568932,16410
HRS,wealth,middle,74,74,FALSE,death_post,D1,DEAD,0.0993068725056173,16410
HRS,wealth,middle,75,75,FALSE,death_post,D1,DEAD,0.104394612752263,16410
HRS,wealth,middle,76,76,FALSE,death_post,D1,DEAD,0.109683287499891,16410
HRS,wealth,middle,77,77,FALSE,death_post,D1,DEAD,0.115248077078611,16410
HRS,wealth,middle,78,78,FALSE,death_post,D1,DEAD,0.12117835250202,16410
HRS,wealth,middle,79,79,FALSE,death_post,D1,DEAD,0.127579764314751,16410
HRS,wealth,middle,80,80,FALSE,death_post,D1,DEAD,0.134577114601786,16410
HRS,wealth,middle,81,81,FALSE,death_post,D1,DEAD,0.142298104619519,16410
HRS,wealth,middle,82,82,FALSE,death_post,D1,DEAD,0.150808399150288,16410
HRS,wealth,middle,83,83,FALSE,death_post,D1,DEAD,0.160158146169599,16410
HRS,wealth,middle,84,84,FALSE,death_post,D1,DEAD,0.170399455468861,16410
HRS,wealth,middle,85,85,FALSE,death_post,D1,DEAD,0.181585687758162,16410
HRS,wealth,middle,86,86,FALSE,death_post,D1,DEAD,0.193770584108852,16410
HRS,wealth,middle,87,87,FALSE,death_post,D1,DEAD,0.207007213435199,16410
HRS,wealth,middle,88,88,FALSE,death_post,D1,DEAD,0.22134671705789,16410
HRS,wealth,middle,89,89,FALSE,death_post,D1,DEAD,0.236836831864947,16410
HRS,wealth,middle,90,90,FALSE,death_post,D1,DEAD,0.253520177463757,16410
HRS,wealth,middle,91,91,FALSE,death_post,D1,DEAD,0.271441077684591,16410
HRS,wealth,middle,92,92,FALSE,death_post,D1,DEAD,0.290674662468868,16410
HRS,wealth,middle,93,93,FALSE,death_post,D1,DEAD,0.311307946508295,16410
HRS,wealth,middle,94,94,FALSE,death_post,D1,DEAD,0.333432185629271,16410
HRS,wealth,middle,95,95,FALSE,death_post,D1,DEAD,0.357142860724364,16410
HRS,wealth,middle,96,95,TRUE,death_post,D1,DEAD,0.357142860724364,16410
HRS,wealth,middle,97,95,TRUE,death_post,D1,DEAD,0.357142860724364,16410
HRS,wealth,middle,98,95,TRUE,death_post,D1,DEAD,0.357142860724364,16410
HRS,wealth,middle,99,95,TRUE,death_post,D1,DEAD,0.357142860724364,16410
HRS,wealth,low,60,60,FALSE,death_post,D1,DEAD,0.0398213659181754,16410
HRS,wealth,low,61,61,FALSE,death_post,D1,DEAD,0.0430539183325956,16410
HRS,wealth,low,62,62,FALSE,death_post,D1,DEAD,0.0465320232985715,16410
HRS,wealth,low,63,63,FALSE,death_post,D1,DEAD,0.050254694767782,16410
HRS,wealth,low,64,64,FALSE,death_post,D1,DEAD,0.0542162549610011,16410
HRS,wealth,low,65,65,FALSE,death_post,D1,DEAD,0.0584054382966914,16410
HRS,wealth,low,66,66,FALSE,death_post,D1,DEAD,0.062804488226879,16410
HRS,wealth,low,67,67,FALSE,death_post,D1,DEAD,0.0673882875206538,16410
HRS,wealth,low,68,68,FALSE,death_post,D1,DEAD,0.0721235722535734,16410
HRS,wealth,low,69,69,FALSE,death_post,D1,DEAD,0.0769682889171063,16410
HRS,wealth,low,70,70,FALSE,death_post,D1,DEAD,0.0818711617230319,16410
HRS,wealth,low,71,71,FALSE,death_post,D1,DEAD,0.0867856806507436,16410
HRS,wealth,low,72,72,FALSE,death_post,D1,DEAD,0.0917190835463703,16410
HRS,wealth,low,73,73,FALSE,death_post,D1,DEAD,0.0967014798296908,16410
HRS,wealth,low,74,74,FALSE,death_post,D1,DEAD,0.101773704716352,16410
HRS,wealth,low,75,75,FALSE,death_post,D1,DEAD,0.106987826966616,16410
HRS,wealth,low,76,76,FALSE,death_post,D1,DEAD,0.112407875031018,16410
HRS,wealth,low,77,77,FALSE,death_post,D1,DEAD,0.118110896756541,16410
HRS,wealth,low,78,78,FALSE,death_post,D1,DEAD,0.124188483177305,16410
HRS,wealth,low,79,79,FALSE,death_post,D1,DEAD,0.130748909250131,16410
HRS,wealth,low,80,80,FALSE,death_post,D1,DEAD,0.137920077205997,16410
HRS,wealth,low,81,81,FALSE,death_post,D1,DEAD,0.145832860464158,16410
HRS,wealth,low,82,82,FALSE,death_post,D1,DEAD,0.154554554952872,16410
HRS,wealth,low,83,83,FALSE,death_post,D1,DEAD,0.164136554348353,16410
HRS,wealth,low,84,84,FALSE,death_post,D1,DEAD,0.174632262875202,16410
HRS,wealth,low,85,85,FALSE,death_post,D1,DEAD,0.186096366750142,16410
HRS,wealth,low,86,86,FALSE,death_post,D1,DEAD,0.198583941999522,16410
HRS,wealth,low,87,87,FALSE,death_post,D1,DEAD,0.212149375795891,16410
HRS,wealth,low,88,88,FALSE,death_post,D1,DEAD,0.226845079835834,16410
HRS,wealth,low,89,89,FALSE,death_post,D1,DEAD,0.242719976815463,16410
HRS,wealth,low,90,90,FALSE,death_post,D1,DEAD,0.259817745034455,16410
HRS,wealth,low,91,91,FALSE,death_post,D1,DEAD,0.27818380934912,16410
HRS,wealth,low,92,92,FALSE,death_post,D1,DEAD,0.297895165966067,16410
HRS,wealth,low,93,93,FALSE,death_post,D1,DEAD,0.319040991065317,16410
HRS,wealth,low,94,94,FALSE,death_post,D1,DEAD,0.341714807313481,16410
HRS,wealth,low,95,95,FALSE,death_post,D1,DEAD,0.366014467396089,16410
HRS,wealth,low,96,95,TRUE,death_post,D1,DEAD,0.366014467396089,16410
HRS,wealth,low,97,95,TRUE,death_post,D1,DEAD,0.366014467396089,16410
HRS,wealth,low,98,95,TRUE,death_post,D1,DEAD,0.366014467396089,16410
HRS,wealth,low,99,95,TRUE,death_post,D1,DEAD,0.366014467396089,16410
HRS,wealth,high,60,60,FALSE,death_post,R1,DEAD,0.0137041963751362,10867
HRS,wealth,high,61,61,FALSE,death_post,R1,DEAD,0.0148166527677964,10867
HRS,wealth,high,62,62,FALSE,death_post,R1,DEAD,0.0160136140564929,10867
HRS,wealth,high,63,63,FALSE,death_post,R1,DEAD,0.0172947409007856,10867
HRS,wealth,high,64,64,FALSE,death_post,R1,DEAD,0.0186580793395361,10867
HRS,wealth,high,65,65,FALSE,death_post,R1,DEAD,0.0200997524152842,10867
HRS,wealth,high,66,66,FALSE,death_post,R1,DEAD,0.0216136493577245,10867
HRS,wealth,high,67,67,FALSE,death_post,R1,DEAD,0.0231911262779079,10867
HRS,wealth,high,68,68,FALSE,death_post,R1,DEAD,0.0248207356691442,10867
HRS,wealth,high,69,69,FALSE,death_post,R1,DEAD,0.0264880051614909,10867
HRS,wealth,high,70,70,FALSE,death_post,R1,DEAD,0.0281752886131129,10867
HRS,wealth,high,71,71,FALSE,death_post,R1,DEAD,0.0298665799819995,10867
HRS,wealth,high,72,72,FALSE,death_post,R1,DEAD,0.0315643701135147,10867
HRS,wealth,high,73,73,FALSE,death_post,R1,DEAD,0.0332790209174493,10867
HRS,wealth,high,74,74,FALSE,death_post,R1,DEAD,0.0350245854982448,10867
HRS,wealth,high,75,75,FALSE,death_post,R1,DEAD,0.0368189828925582,10867
HRS,wealth,high,76,76,FALSE,death_post,R1,DEAD,0.0386842479663348,10867
HRS,wealth,high,77,77,FALSE,death_post,R1,DEAD,0.0406468961039909,10867
HRS,wealth,high,78,78,FALSE,death_post,R1,DEAD,0.0427384476084811,10867
HRS,wealth,high,79,79,FALSE,death_post,R1,DEAD,0.0449961644178772,10867
HRS,wealth,high,80,80,FALSE,death_post,R1,DEAD,0.0474640630356243,10867
HRS,wealth,high,81,81,FALSE,death_post,R1,DEAD,0.0501871824752372,10867
HRS,wealth,high,82,82,FALSE,death_post,R1,DEAD,0.0531886820783115,10867
HRS,wealth,high,83,83,FALSE,death_post,R1,DEAD,0.0564862485568682,10867
HRS,wealth,high,84,84,FALSE,death_post,R1,DEAD,0.0600982605366601,10867
HRS,wealth,high,85,85,FALSE,death_post,R1,DEAD,0.064043537830512,10867
HRS,wealth,high,86,86,FALSE,death_post,R1,DEAD,0.0683410344010321,10867
HRS,wealth,high,87,87,FALSE,death_post,R1,DEAD,0.0730094671474466,10867
HRS,wealth,high,88,88,FALSE,death_post,R1,DEAD,0.0780668731251339,10867
HRS,wealth,high,89,89,FALSE,death_post,R1,DEAD,0.0835300886785863,10867
HRS,wealth,high,90,90,FALSE,death_post,R1,DEAD,0.0894141453362884,10867
HRS,wealth,high,91,91,FALSE,death_post,R1,DEAD,0.095734675689861,10867
HRS,wealth,high,92,92,FALSE,death_post,R1,DEAD,0.10251817735211,10867
HRS,wealth,high,93,93,FALSE,death_post,R1,DEAD,0.109795339573765,10867
HRS,wealth,high,94,94,FALSE,death_post,R1,DEAD,0.117598347413251,10867
HRS,wealth,high,95,95,FALSE,death_post,R1,DEAD,0.125960876069485,10867
HRS,wealth,high,96,95,TRUE,death_post,R1,DEAD,0.125960876069485,10867
HRS,wealth,high,97,95,TRUE,death_post,R1,DEAD,0.125960876069485,10867
HRS,wealth,high,98,95,TRUE,death_post,R1,DEAD,0.125960876069485,10867
HRS,wealth,high,99,95,TRUE,death_post,R1,DEAD,0.125960876069485,10867
HRS,wealth,middle,60,60,FALSE,death_post,R1,DEAD,0.0145326937889955,10867
HRS,wealth,middle,61,61,FALSE,death_post,R1,DEAD,0.0157124045626584,10867
HRS,wealth,middle,62,62,FALSE,death_post,R1,DEAD,0.0169817290388799,10867
HRS,wealth,middle,63,63,FALSE,death_post,R1,DEAD,0.0183403073621407,10867
HRS,wealth,middle,64,64,FALSE,death_post,R1,DEAD,0.019786067443124,10867
HRS,wealth,middle,65,65,FALSE,death_post,R1,DEAD,0.0213148979400146,10867
HRS,wealth,middle,66,66,FALSE,death_post,R1,DEAD,0.0229203186513303,10867
HRS,wealth,middle,67,67,FALSE,death_post,R1,DEAD,0.0245931631153681,10867
HRS,wealth,middle,68,68,FALSE,death_post,R1,DEAD,0.026321291757882,10867
HRS,wealth,middle,69,69,FALSE,death_post,R1,DEAD,0.0280893572710097,10867
HRS,wealth,middle,70,70,FALSE,death_post,R1,DEAD,0.0298786467022492,10867
HRS,wealth,middle,71,71,FALSE,death_post,R1,DEAD,0.031672186352381,10867
HRS,wealth,middle,72,72,FALSE,death_post,R1,DEAD,0.0334726176526836,10867
HRS,wealth,middle,73,73,FALSE,death_post,R1,DEAD,0.0352909289499332,10867
HRS,wealth,middle,74,74,FALSE,death_post,R1,DEAD,0.0371420229394824,10867
HRS,wealth,middle,75,75,FALSE,death_post,R1,DEAD,0.0390449019667153,10867
HRS,wealth,middle,76,76,FALSE,death_post,R1,DEAD,0.0410229330318338,10867
HRS,wealth,middle,77,77,FALSE,death_post,R1,DEAD,0.043104234526597,10867
HRS,wealth,middle,78,78,FALSE,death_post,R1,DEAD,0.0453222323373855,10867
HRS,wealth,middle,79,79,FALSE,death_post,R1,DEAD,0.0477164411005312,10867
HRS,wealth,middle,80,80,FALSE,death_post,R1,DEAD,0.0503335383700271,10867
HRS,wealth,middle,81,81,FALSE,death_post,R1,DEAD,0.0532212860265446,10867
HRS,wealth,middle,82,82,FALSE,death_post,R1,DEAD,0.0564042435269501,10867
HRS,wealth,middle,83,83,FALSE,death_post,R1,DEAD,0.0599011668466325,10867
HRS,wealth,middle,84,84,FALSE,death_post,R1,DEAD,0.0637315457048731,10867
HRS,wealth,middle,85,85,FALSE,death_post,R1,DEAD,0.0679153376803187,10867
HRS,wealth,middle,86,86,FALSE,death_post,R1,DEAD,0.0724726426115249,10867
HRS,wealth,middle,87,87,FALSE,death_post,R1,DEAD,0.0774233089418216,10867
HRS,wealth,middle,88,88,FALSE,death_post,R1,DEAD,0.0827864641702241,10867
HRS,wealth,middle,89,89,FALSE,death_post,R1,DEAD,0.0885799624949889,10867
HRS,wealth,middle,90,90,FALSE,death_post,R1,DEAD,0.0948197441868675,10867
HRS,wealth,middle,91,91,FALSE,death_post,R1,DEAD,0.101522386917468,10867
HRS,wealth,middle,92,92,FALSE,death_post,R1,DEAD,0.108715990232542,10867
HRS,wealth,middle,93,93,FALSE,death_post,R1,DEAD,0.116433098724363,10867
HRS,wealth,middle,94,94,FALSE,death_post,R1,DEAD,0.124707843223072,10867
HRS,wealth,middle,95,95,FALSE,death_post,R1,DEAD,0.133575934786853,10867
HRS,wealth,middle,96,95,TRUE,death_post,R1,DEAD,0.133575934786853,10867
HRS,wealth,middle,97,95,TRUE,death_post,R1,DEAD,0.133575934786853,10867
HRS,wealth,middle,98,95,TRUE,death_post,R1,DEAD,0.133575934786853,10867
HRS,wealth,middle,99,95,TRUE,death_post,R1,DEAD,0.133575934786853,10867
HRS,wealth,low,60,60,FALSE,death_post,R1,DEAD,0.0148936931462697,10867
HRS,wealth,low,61,61,FALSE,death_post,R1,DEAD,0.0161027085235557,10867
HRS,wealth,low,62,62,FALSE,death_post,R1,DEAD,0.0174035636524382,10867
HRS,wealth,low,63,63,FALSE,death_post,R1,DEAD,0.0187958897384072,10867
HRS,wealth,low,64,64,FALSE,death_post,R1,DEAD,0.0202775632204148,10867
HRS,wealth,low,65,65,FALSE,death_post,R1,DEAD,0.0218443706288659,10867
HRS,wealth,low,66,66,FALSE,death_post,R1,DEAD,0.0234896707908433,10867
HRS,wealth,low,67,67,FALSE,death_post,R1,DEAD,0.0252040695451665,10867
HRS,wealth,low,68,68,FALSE,death_post,R1,DEAD,0.0269751257645146,10867
HRS,wealth,low,69,69,FALSE,death_post,R1,DEAD,0.0287871109062484,10867
HRS,wealth,low,70,70,FALSE,death_post,R1,DEAD,0.0306208471787984,10867
HRS,wealth,low,71,71,FALSE,death_post,R1,DEAD,0.0324589392477966,10867
HRS,wealth,low,72,72,FALSE,death_post,R1,DEAD,0.0343040941589908,10867
HRS,wealth,low,73,73,FALSE,death_post,R1,DEAD,0.036167573215168,10867
HRS,wealth,low,74,74,FALSE,death_post,R1,DEAD,0.0380646493020617,10867
HRS,wealth,low,75,75,FALSE,death_post,R1,DEAD,0.0400147967927863,10867
HRS,wealth,low,76,76,FALSE,death_post,R1,DEAD,0.0420419631354758,10867
HRS,wealth,low,77,77,FALSE,death_post,R1,DEAD,0.0441749651967555,10867
HRS,wealth,low,78,78,FALSE,death_post,R1,DEAD,0.0464480591786845,10867
HRS,wealth,low,79,79,FALSE,death_post,R1,DEAD,0.0489017412808564,10867
HRS,wealth,low,80,80,FALSE,death_post,R1,DEAD,0.0515838485509708,10867
HRS,wealth,low,81,81,FALSE,death_post,R1,DEAD,0.0545433292986212,10867
HRS,wealth,low,82,82,FALSE,death_post,R1,DEAD,0.0578053530498239,10867
HRS,wealth,low,83,83,FALSE,death_post,R1,DEAD,0.0613891416877446,10867
HRS,wealth,low,84,84,FALSE,death_post,R1,DEAD,0.0653146690660063,10867
HRS,wealth,low,85,85,FALSE,death_post,R1,DEAD,0.0696023885194567,10867
HRS,wealth,low,86,86,FALSE,death_post,R1,DEAD,0.0742728991766594,10867
HRS,wealth,low,87,87,FALSE,death_post,R1,DEAD,0.0793465425261697,10867
HRS,wealth,low,88,88,FALSE,death_post,R1,DEAD,0.0848429212036124,10867
HRS,wealth,low,89,89,FALSE,death_post,R1,DEAD,0.0907803329144277,10867
HRS,wealth,low,90,90,FALSE,death_post,R1,DEAD,0.0971751138936378,10867
HRS,wealth,low,91,91,FALSE,death_post,R1,DEAD,0.104044253610476,10867
HRS,wealth,low,92,92,FALSE,death_post,R1,DEAD,0.111416549617417,10867
HRS,wealth,low,93,93,FALSE,death_post,R1,DEAD,0.119325354930626,10867
HRS,wealth,low,94,94,FALSE,death_post,R1,DEAD,0.127805648207078,10867
HRS,wealth,low,95,95,FALSE,death_post,R1,DEAD,0.136894027585442,10867
HRS,wealth,low,96,95,TRUE,death_post,R1,DEAD,0.136894027585442,10867
HRS,wealth,low,97,95,TRUE,death_post,R1,DEAD,0.136894027585442,10867
HRS,wealth,low,98,95,TRUE,death_post,R1,DEAD,0.136894027585442,10867
HRS,wealth,low,99,95,TRUE,death_post,R1,DEAD,0.136894027585442,10867
HRS,wealth,high,60,60,FALSE,death_post,D2,DEAD,0.0258064107962008,4465
HRS,wealth,high,61,61,FALSE,death_post,D2,DEAD,0.0279012805628028,4465
HRS,wealth,high,62,62,FALSE,death_post,D2,DEAD,0.0301552817371652,4465
HRS,wealth,high,63,63,FALSE,death_post,D2,DEAD,0.0325677753063497,4465
HRS,wealth,high,64,64,FALSE,death_post,D2,DEAD,0.0351350817606325,4465
HRS,wealth,high,65,65,FALSE,death_post,D2,DEAD,0.0378499003904997,4465
HRS,wealth,high,66,66,FALSE,death_post,D2,DEAD,0.0407007239871761,4465
HRS,wealth,high,67,67,FALSE,death_post,D2,DEAD,0.0436712752190337,4465
HRS,wealth,high,68,68,FALSE,death_post,D2,DEAD,0.0467399972539784,4465
HRS,wealth,high,69,69,FALSE,death_post,D2,DEAD,0.0498796371314058,4465
HRS,wealth,high,70,70,FALSE,death_post,D2,DEAD,0.0530569653519199,4465
HRS,wealth,high,71,71,FALSE,death_post,D2,DEAD,0.0562418408927247,4465
HRS,wealth,high,72,72,FALSE,death_post,D2,DEAD,0.0594389542717411,4465
HRS,wealth,high,73,73,FALSE,death_post,D2,DEAD,0.062667818030484,4465
HRS,wealth,high,74,74,FALSE,death_post,D2,DEAD,0.0659548956095119,4465
HRS,wealth,high,75,75,FALSE,death_post,D2,DEAD,0.0693339303972284,4465
HRS,wealth,high,76,76,FALSE,death_post,D2,DEAD,0.0728464163117633,4465
HRS,wealth,high,77,77,FALSE,death_post,D2,DEAD,0.0765422845481996,4465
HRS,wealth,high,78,78,FALSE,death_post,D2,DEAD,0.0804808910778181,4465
HRS,wealth,high,79,79,FALSE,death_post,D2,DEAD,0.0847324039611618,4465
HRS,wealth,high,80,80,FALSE,death_post,D2,DEAD,0.0893797107998544,4465
HRS,wealth,high,81,81,FALSE,death_post,D2,DEAD,0.0945076246871123,4465
HRS,wealth,high,82,82,FALSE,death_post,D2,DEAD,0.10015975704433,4465
HRS,wealth,high,83,83,FALSE,death_post,D2,DEAD,0.106369413768734,4465
HRS,wealth,high,84,84,FALSE,death_post,D2,DEAD,0.113171203702248,4465
HRS,wealth,high,85,85,FALSE,death_post,D2,DEAD,0.120600566487416,4465
HRS,wealth,high,86,86,FALSE,death_post,D2,DEAD,0.128693194384614,4465
HRS,wealth,high,87,87,FALSE,death_post,D2,DEAD,0.137484333239497,4465
HRS,wealth,high,88,88,FALSE,death_post,D2,DEAD,0.147007948681855,4465
HRS,wealth,high,89,89,FALSE,death_post,D2,DEAD,0.157295745279427,4465
HRS,wealth,high,90,90,FALSE,death_post,D2,DEAD,0.168376028945843,4465
HRS,wealth,high,91,91,FALSE,death_post,D2,DEAD,0.180278237458419,4465
HRS,wealth,high,92,92,FALSE,death_post,D2,DEAD,0.193052268546468,4465
HRS,wealth,high,93,93,FALSE,death_post,D2,DEAD,0.206755913224482,4465
HRS,wealth,high,94,94,FALSE,death_post,D2,DEAD,0.221449779266646,4465
HRS,wealth,high,95,95,FALSE,death_post,D2,DEAD,0.237197280534894,4465
HRS,wealth,high,96,95,TRUE,death_post,D2,DEAD,0.237197280534894,4465
HRS,wealth,high,97,95,TRUE,death_post,D2,DEAD,0.237197280534894,4465
HRS,wealth,high,98,95,TRUE,death_post,D2,DEAD,0.237197280534894,4465
HRS,wealth,high,99,95,TRUE,death_post,D2,DEAD,0.237197280534894,4465
HRS,wealth,middle,60,60,FALSE,death_post,D2,DEAD,0.0273665566099628,4465
HRS,wealth,middle,61,61,FALSE,death_post,D2,DEAD,0.0295880732908742,4465
HRS,wealth,middle,62,62,FALSE,death_post,D2,DEAD,0.0319783417874988,4465
HRS,wealth,middle,63,63,FALSE,death_post,D2,DEAD,0.0345366844548944,4465
HRS,wealth,middle,64,64,FALSE,death_post,D2,DEAD,0.0372591993358323,4465
HRS,wealth,middle,65,65,FALSE,death_post,D2,DEAD,0.0401381443509593,4465
HRS,wealth,middle,66,66,FALSE,death_post,D2,DEAD,0.0431613166146105,4465
HRS,wealth,middle,67,67,FALSE,death_post,D2,DEAD,0.0463114547369329,4465
HRS,wealth,middle,68,68,FALSE,death_post,D2,DEAD,0.049565698651469,4465
HRS,wealth,middle,69,69,FALSE,death_post,D2,DEAD,0.0528951477995529,4465
HRS,wealth,middle,70,70,FALSE,death_post,D2,DEAD,0.0562645637676166,4465
HRS,wealth,middle,71,71,FALSE,death_post,D2,DEAD,0.0596419833348488,4465
HRS,wealth,middle,72,72,FALSE,death_post,D2,DEAD,0.0630323805879299,4465
HRS,wealth,middle,73,73,FALSE,death_post,D2,DEAD,0.0664564477136265,4465
HRS,wealth,middle,74,74,FALSE,death_post,D2,DEAD,0.0699422480195355,4465
HRS,wealth,middle,75,75,FALSE,death_post,D2,DEAD,0.0735255648757754,4465
HRS,wealth,middle,76,76,FALSE,death_post,D2,DEAD,0.077250400746247,4465
HRS,wealth,middle,77,77,FALSE,death_post,D2,DEAD,0.0811697054536761,4465
HRS,wealth,middle,78,78,FALSE,death_post,D2,DEAD,0.0853464233788608,4465
HRS,wealth,middle,79,79,FALSE,death_post,D2,DEAD,0.089854964644783,4465
HRS,wealth,middle,80,80,FALSE,death_post,D2,DEAD,0.0947832278848486,4465
HRS,wealth,middle,81,81,FALSE,death_post,D2,DEAD,0.100221153631087,4465
HRS,wealth,middle,82,82,FALSE,death_post,D2,DEAD,0.106214989865902,4465
HRS,wealth,middle,83,83,FALSE,death_post,D2,DEAD,0.112800056019381,4465
HRS,wealth,middle,84,84,FALSE,death_post,D2,DEAD,0.120013053236801,4465
HRS,wealth,middle,85,85,FALSE,death_post,D2,DEAD,0.12789156369073,4465
HRS,wealth,middle,86,86,FALSE,death_post,D2,DEAD,0.136473437443768,4465
HRS,wealth,middle,87,87,FALSE,death_post,D2,DEAD,0.145796051155459,4465
HRS,wealth,middle,88,88,FALSE,death_post,D2,DEAD,0.155895423873078,4465
HRS,wealth,middle,89,89,FALSE,death_post,D2,DEAD,0.166805176887654,4465
HRS,wealth,middle,90,90,FALSE,death_post,D2,DEAD,0.178555327367939,4465
HRS,wealth,middle,91,91,FALSE,death_post,D2,DEAD,0.191177092774035,4465
HRS,wealth,middle,92,92,FALSE,death_post,D2,DEAD,0.204723387439699,4465
HRS,wealth,middle,93,93,FALSE,death_post,D2,DEAD,0.219255496178312,4465
HRS,wealth,middle,94,94,FALSE,death_post,D2,DEAD,0.234837690852253,4465
HRS,wealth,middle,95,95,FALSE,death_post,D2,DEAD,0.25153721905578,4465
HRS,wealth,middle,96,95,TRUE,death_post,D2,DEAD,0.25153721905578,4465
HRS,wealth,middle,97,95,TRUE,death_post,D2,DEAD,0.25153721905578,4465
HRS,wealth,middle,98,95,TRUE,death_post,D2,DEAD,0.25153721905578,4465
HRS,wealth,middle,99,95,TRUE,death_post,D2,DEAD,0.25153721905578,4465
HRS,wealth,low,60,60,FALSE,death_post,D2,DEAD,0.0280463555165143,4465
HRS,wealth,low,61,61,FALSE,death_post,D2,DEAD,0.0303230557790539,4465
HRS,wealth,low,62,62,FALSE,death_post,D2,DEAD,0.0327726997365202,4465
HRS,wealth,low,63,63,FALSE,death_post,D2,DEAD,0.0353945929109331,4465
HRS,wealth,low,64,64,FALSE,death_post,D2,DEAD,0.0381847364185013,4465
HRS,wealth,low,65,65,FALSE,death_post,D2,DEAD,0.0411351958627617,4465
HRS,wealth,low,66,66,FALSE,death_post,D2,DEAD,0.0442334652322869,4465
HRS,wealth,low,67,67,FALSE,death_post,D2,DEAD,0.0474618543556966,4465
HRS,wealth,low,68,68,FALSE,death_post,D2,DEAD,0.0507969353110881,4465
HRS,wealth,low,69,69,FALSE,death_post,D2,DEAD,0.0542090896355134,4465
HRS,wealth,low,70,70,FALSE,death_post,D2,DEAD,0.0576622035756477,4465
HRS,wealth,low,71,71,FALSE,death_post,D2,DEAD,0.061123519928343,4465
HRS,wealth,low,72,72,FALSE,death_post,D2,DEAD,0.0645981363390722,4465
HRS,wealth,low,73,73,FALSE,death_post,D2,DEAD,0.0681072589988347,4465
HRS,wealth,low,74,74,FALSE,death_post,D2,DEAD,0.0716796483217759,4465
HRS,wealth,low,75,75,FALSE,death_post,D2,DEAD,0.0753519765547636,4465
HRS,wealth,low,76,76,FALSE,death_post,D2,DEAD,0.0791693392048342,4465
HRS,wealth,low,77,77,FALSE,death_post,D2,DEAD,0.0831860013947016,4465
HRS,wealth,low,78,78,FALSE,death_post,D2,DEAD,0.0874664710749566,4465
HRS,wealth,low,79,79,FALSE,death_post,D2,DEAD,0.0920870067531242,4465
HRS,wealth,low,80,80,FALSE,death_post,D2,DEAD,0.0971376905084759,4465
HRS,wealth,low,81,81,FALSE,death_post,D2,DEAD,0.102710697040685,4465
HRS,wealth,low,82,82,FALSE,death_post,D2,DEAD,0.108853423155091,4465
HRS,wealth,low,83,83,FALSE,death_post,D2,DEAD,0.115602065634029,4465
HRS,wealth,low,84,84,FALSE,death_post,D2,DEAD,0.122994237297516,4465
HRS,wealth,low,85,85,FALSE,death_post,D2,DEAD,0.13106845387802,4465
HRS,wealth,low,86,86,FALSE,death_post,D2,DEAD,0.139863505652561,4465
HRS,wealth,low,87,87,FALSE,death_post,D2,DEAD,0.149417697735537,4465
HRS,wealth,low,88,88,FALSE,death_post,D2,DEAD,0.15976794390531,4465
HRS,wealth,low,89,89,FALSE,death_post,D2,DEAD,0.170948700622535,4465
HRS,wealth,low,90,90,FALSE,death_post,D2,DEAD,0.182990730697398,4465
HRS,wealth,low,91,91,FALSE,death_post,D2,DEAD,0.19592602704727,4465
HRS,wealth,low,92,92,FALSE,death_post,D2,DEAD,0.209808818424332,4465
HRS,wealth,low,93,93,FALSE,death_post,D2,DEAD,0.224701911987276,4465
HRS,wealth,low,94,94,FALSE,death_post,D2,DEAD,0.240671176143578,4465
HRS,wealth,low,95,95,FALSE,death_post,D2,DEAD,0.257785528951255,4465
HRS,wealth,low,96,95,TRUE,death_post,D2,DEAD,0.257785528951255,4465
HRS,wealth,low,97,95,TRUE,death_post,D2,DEAD,0.257785528951255,4465
HRS,wealth,low,98,95,TRUE,death_post,D2,DEAD,0.257785528951255,4465
HRS,wealth,low,99,95,TRUE,death_post,D2,DEAD,0.257785528951255,4465
ELSA,education,high,60,60,FALSE,onset,I0,D1,0.00824064001120035,39506
ELSA,education,high,61,61,FALSE,onset,I0,D1,0.00846294484609867,39506
ELSA,education,high,62,62,FALSE,onset,I0,D1,0.0086989331504645,39506
ELSA,education,high,63,63,FALSE,onset,I0,D1,0.00895732446292678,39506
ELSA,education,high,64,64,FALSE,onset,I0,D1,0.00924788378254923,39506
ELSA,education,high,65,65,FALSE,onset,I0,D1,0.00958168921509168,39506
ELSA,education,high,66,66,FALSE,onset,I0,D1,0.00997152016114326,39506
ELSA,education,high,67,67,FALSE,onset,I0,D1,0.0104323981260675,39506
ELSA,education,high,68,68,FALSE,onset,I0,D1,0.0109823261596966,39506
ELSA,education,high,69,69,FALSE,onset,I0,D1,0.0116432934083816,39506
ELSA,education,high,70,70,FALSE,onset,I0,D1,0.0124426412617849,39506
ELSA,education,high,71,71,FALSE,onset,I0,D1,0.0134099780106105,39506
ELSA,education,high,72,72,FALSE,onset,I0,D1,0.0145614360074382,39506
ELSA,education,high,73,73,FALSE,onset,I0,D1,0.0159097189008114,39506
ELSA,education,high,74,74,FALSE,onset,I0,D1,0.0174672474475599,39506
ELSA,education,high,75,75,FALSE,onset,I0,D1,0.01924472060159,39506
ELSA,education,high,76,76,FALSE,onset,I0,D1,0.0212493389947549,39506
ELSA,education,high,77,77,FALSE,onset,I0,D1,0.0234826671437786,39506
ELSA,education,high,78,78,FALSE,onset,I0,D1,0.0259381565855352,39506
ELSA,education,high,79,79,FALSE,onset,I0,D1,0.0285984165137962,39506
ELSA,education,high,80,80,FALSE,onset,I0,D1,0.0314324016827303,39506
ELSA,education,high,81,81,FALSE,onset,I0,D1,0.0344048838115972,39506
ELSA,education,high,82,82,FALSE,onset,I0,D1,0.037519307281581,39506
ELSA,education,high,83,83,FALSE,onset,I0,D1,0.0407961983377697,39506
ELSA,education,high,84,84,FALSE,onset,I0,D1,0.0442642108494749,39506
ELSA,education,high,85,85,FALSE,onset,I0,D1,0.0479614038708959,39506
ELSA,education,high,86,86,FALSE,onset,I0,D1,0.0519367964524627,39506
ELSA,education,high,87,87,FALSE,onset,I0,D1,0.0562523306722412,39506
ELSA,education,high,88,88,FALSE,onset,I0,D1,0.0609854112298549,39506
ELSA,education,high,89,89,FALSE,onset,I0,D1,0.0662322404144428,39506
ELSA,education,high,90,90,FALSE,onset,I0,D1,0.0721122373641402,39506
ELSA,education,high,91,91,FALSE,onset,I0,D1,0.0787550442241338,39506
ELSA,education,high,92,92,FALSE,onset,I0,D1,0.0862372704501217,39506
ELSA,education,high,93,93,FALSE,onset,I0,D1,0.0946176230636131,39506
ELSA,education,high,94,94,FALSE,onset,I0,D1,0.103949563951415,39506
ELSA,education,high,95,95,FALSE,onset,I0,D1,0.114277337463818,39506
ELSA,education,high,96,95,TRUE,onset,I0,D1,0.114277337463818,39506
ELSA,education,high,97,95,TRUE,onset,I0,D1,0.114277337463818,39506
ELSA,education,high,98,95,TRUE,onset,I0,D1,0.114277337463818,39506
ELSA,education,high,99,95,TRUE,onset,I0,D1,0.114277337463818,39506
ELSA,education,middle,60,60,FALSE,onset,I0,D1,0.0113053135024268,39506
ELSA,education,middle,61,61,FALSE,onset,I0,D1,0.0116102929516218,39506
ELSA,education,middle,62,62,FALSE,onset,I0,D1,0.0119340447184913,39506
ELSA,education,middle,63,63,FALSE,onset,I0,D1,0.0122885311163584,39506
ELSA,education,middle,64,64,FALSE,onset,I0,D1,0.0126871487231121,39506
ELSA,education,middle,65,65,FALSE,onset,I0,D1,0.0131450955644468,39506
ELSA,education,middle,66,66,FALSE,onset,I0,D1,0.0136799036681949,39506
ELSA,education,middle,67,67,FALSE,onset,I0,D1,0.0143121810001433,39506
ELSA,education,middle,68,68,FALSE,onset,I0,D1,0.0150666258995079,39506
ELSA,education,middle,69,69,FALSE,onset,I0,D1,0.0159734052213887,39506
ELSA,education,middle,70,70,FALSE,onset,I0,D1,0.0170700285501513,39506
ELSA,education,middle,71,71,FALSE,onset,I0,D1,0.0183971154260526,39506
ELSA,education,middle,72,72,FALSE,onset,I0,D1,0.0199767977834085,39506
ELSA,education,middle,73,73,FALSE,onset,I0,D1,0.0218265037260083,39506
ELSA,education,middle,74,74,FALSE,onset,I0,D1,0.0239632732592045,39506
ELSA,education,middle,75,75,FALSE,onset,I0,D1,0.0264017842512082,39506
ELSA,education,middle,76,76,FALSE,onset,I0,D1,0.0291519152309207,39506
ELSA,education,middle,77,77,FALSE,onset,I0,D1,0.0322158125549381,39506
ELSA,education,middle,78,78,FALSE,onset,I0,D1,0.0355844924030114,39506
ELSA,education,middle,79,79,FALSE,onset,I0,D1,0.0392340963713994,39506
ELSA,education,middle,80,80,FALSE,onset,I0,D1,0.0431220335646856,39506
ELSA,education,middle,81,81,FALSE,onset,I0,D1,0.0471999743922823,39506
ELSA,education,middle,82,82,FALSE,onset,I0,D1,0.0514726441921555,39506
ELSA,education,middle,83,83,FALSE,onset,I0,D1,0.0559682028688069,39506
ELSA,education,middle,84,84,FALSE,onset,I0,D1,0.0607259605941627,39506
ELSA,education,middle,85,85,FALSE,onset,I0,D1,0.0657981304898673,39506
ELSA,education,middle,86,86,FALSE,onset,I0,D1,0.07125196166909,39506
ELSA,education,middle,87,87,FALSE,onset,I0,D1,0.0771724323144202,39506
ELSA,education,middle,88,88,FALSE,onset,I0,D1,0.0836657337404426,39506
ELSA,education,middle,89,89,FALSE,onset,I0,D1,0.0908638456279692,39506
ELSA,education,middle,90,90,FALSE,onset,I0,D1,0.0989305987951129,39506
ELSA,education,middle,91,91,FALSE,onset,I0,D1,0.108043848977893,39506
ELSA,education,middle,92,92,FALSE,onset,I0,D1,0.118308696497734,39506
ELSA,education,middle,93,93,FALSE,onset,I0,D1,0.129805681371195,39506
ELSA,education,middle,94,94,FALSE,onset,I0,D1,0.142608147827601,39506
ELSA,education,middle,95,95,FALSE,onset,I0,D1,0.156776794580897,39506
ELSA,education,middle,96,95,TRUE,onset,I0,D1,0.156776794580897,39506
ELSA,education,middle,97,95,TRUE,onset,I0,D1,0.156776794580897,39506
ELSA,education,middle,98,95,TRUE,onset,I0,D1,0.156776794580897,39506
ELSA,education,middle,99,95,TRUE,onset,I0,D1,0.156776794580897,39506
ELSA,education,low,60,60,FALSE,onset,I0,D1,0.0163114815289427,39506
ELSA,education,low,61,61,FALSE,onset,I0,D1,0.016751510604756,39506
ELSA,education,low,62,62,FALSE,onset,I0,D1,0.0172186246714398,39506
ELSA,education,low,63,63,FALSE,onset,I0,D1,0.0177300831400466,39506
ELSA,education,low,64,64,FALSE,onset,I0,D1,0.0183052148007722,39506
ELSA,education,low,65,65,FALSE,onset,I0,D1,0.0189659476006247,39506
ELSA,education,low,66,66,FALSE,onset,I0,D1,0.0197375770210687,39506
ELSA,education,low,67,67,FALSE,onset,I0,D1,0.0206498365545202,39506
ELSA,education,low,68,68,FALSE,onset,I0,D1,0.0217383613475698,39506
ELSA,education,low,69,69,FALSE,onset,I0,D1,0.0230466766062763,39506
ELSA,education,low,70,70,FALSE,onset,I0,D1,0.024628901740279,39506
ELSA,education,low,71,71,FALSE,onset,I0,D1,0.0265436432517744,39506
ELSA,education,low,72,72,FALSE,onset,I0,D1,0.0288228334385901,39506
ELSA,education,low,73,73,FALSE,onset,I0,D1,0.0314916178389711,39506
ELSA,education,low,74,74,FALSE,onset,I0,D1,0.0345745820367224,39506
ELSA,education,low,75,75,FALSE,onset,I0,D1,0.0380929034875743,39506
ELSA,education,low,76,76,FALSE,onset,I0,D1,0.0420608350861207,39506
ELSA,education,low,77,77,FALSE,onset,I0,D1,0.0464814736289226,39506
ELSA,education,low,78,78,FALSE,onset,I0,D1,0.0513418571208952,39506
ELSA,education,low,79,79,FALSE,onset,I0,D1,0.0566075622873675,39506
ELSA,education,low,80,80,FALSE,onset,I0,D1,0.0622171383243666,39506
ELSA,education,low,81,81,FALSE,onset,I0,D1,0.0681008545495901,39506
ELSA,education,low,82,82,FALSE,onset,I0,D1,0.0742655287538872,39506
ELSA,education,low,83,83,FALSE,onset,I0,D1,0.0807517904838901,39506
ELSA,education,low,84,84,FALSE,onset,I0,D1,0.0876163570648759,39506
ELSA,education,low,85,85,FALSE,onset,I0,D1,0.094934562397942,39506
ELSA,education,low,86,86,FALSE,onset,I0,D1,0.102803434545784,39506
ELSA,education,low,87,87,FALSE,onset,I0,D1,0.111345581347217,39506
ELSA,education,low,88,88,FALSE,onset,I0,D1,0.120714217276657,39506
ELSA,education,low,89,89,FALSE,onset,I0,D1,0.131099764662976,39506
ELSA,education,low,90,90,FALSE,onset,I0,D1,0.142738601149569,39506
ELSA,education,low,91,91,FALSE,onset,I0,D1,0.155887339748737,39506
ELSA,education,low,92,92,FALSE,onset,I0,D1,0.170697620833057,39506
ELSA,education,low,93,93,FALSE,onset,I0,D1,0.187285648786614,39506
ELSA,education,low,94,94,FALSE,onset,I0,D1,0.205757245800155,39506
ELSA,education,low,95,95,FALSE,onset,I0,D1,0.226199988918858,39506
ELSA,education,low,96,95,TRUE,onset,I0,D1,0.226199988918858,39506
ELSA,education,low,97,95,TRUE,onset,I0,D1,0.226199988918858,39506
ELSA,education,low,98,95,TRUE,onset,I0,D1,0.226199988918858,39506
ELSA,education,low,99,95,TRUE,onset,I0,D1,0.226199988918858,39506
ELSA,education,high,60,60,FALSE,recovery,D1,R1,0.192584116143354,5209
ELSA,education,high,61,61,FALSE,recovery,D1,R1,0.191588543501115,5209
ELSA,education,high,62,62,FALSE,recovery,D1,R1,0.190598976193989,5209
ELSA,education,high,63,63,FALSE,recovery,D1,R1,0.189616228558849,5209
ELSA,education,high,64,64,FALSE,recovery,D1,R1,0.188641097623653,5209
ELSA,education,high,65,65,FALSE,recovery,D1,R1,0.187674363426992,5209
ELSA,education,high,66,66,FALSE,recovery,D1,R1,0.186716789370285,5209
ELSA,education,high,67,67,FALSE,recovery,D1,R1,0.185769122601353,5209
ELSA,education,high,68,68,FALSE,recovery,D1,R1,0.18483209442815,5209
ELSA,education,high,69,69,FALSE,recovery,D1,R1,0.183906420761472,5209
ELSA,education,high,70,70,FALSE,recovery,D1,R1,0.182992802585537,5209
ELSA,education,high,71,71,FALSE,recovery,D1,R1,0.182080365518127,5209
ELSA,education,high,72,72,FALSE,recovery,D1,R1,0.181112448727611,5209
ELSA,education,high,73,73,FALSE,recovery,D1,R1,0.180022205751569,5209
ELSA,education,high,74,74,FALSE,recovery,D1,R1,0.178744611133954,5209
ELSA,education,high,75,75,FALSE,recovery,D1,R1,0.177217028798298,5209
ELSA,education,high,76,76,FALSE,recovery,D1,R1,0.175380002391141,5209
ELSA,education,high,77,77,FALSE,recovery,D1,R1,0.17317824407129,5209
ELSA,education,high,78,78,FALSE,recovery,D1,R1,0.170561789443883,5209
ELSA,education,high,79,79,FALSE,recovery,D1,R1,0.167487276173827,5209
ELSA,education,high,80,80,FALSE,recovery,D1,R1,0.163919292946845,5209
ELSA,education,high,81,81,FALSE,recovery,D1,R1,0.159751032841678,5209
ELSA,education,high,82,82,FALSE,recovery,D1,R1,0.15458325493712,5209
ELSA,education,high,83,83,FALSE,recovery,D1,R1,0.148015389617316,5209
ELSA,education,high,84,84,FALSE,recovery,D1,R1,0.139764679025288,5209
ELSA,education,high,85,85,FALSE,recovery,D1,R1,0.129704369151108,5209
ELSA,education,high,86,86,FALSE,recovery,D1,R1,0.117895947513381,5209
ELSA,education,high,87,87,FALSE,recovery,D1,R1,0.104604586596914,5209
ELSA,education,high,88,88,FALSE,recovery,D1,R1,0.0902881258571891,5209
ELSA,education,high,89,89,FALSE,recovery,D1,R1,0.0755542835029576,5209
ELSA,education,high,90,90,FALSE,recovery,D1,R1,0.0610880930878554,5209
ELSA,education,high,91,91,FALSE,recovery,D1,R1,0.047647174745106,5209
ELSA,education,high,92,92,FALSE,recovery,D1,R1,0.0360569796038857,5209
ELSA,education,high,93,93,FALSE,recovery,D1,R1,0.026674435521688,5209
ELSA,education,high,94,94,FALSE,recovery,D1,R1,0.0194373445688647,5209
ELSA,education,high,95,95,FALSE,recovery,D1,R1,0.0140571257683133,5209
ELSA,education,high,96,95,TRUE,recovery,D1,R1,0.0140571257683133,5209
ELSA,education,high,97,95,TRUE,recovery,D1,R1,0.0140571257683133,5209
ELSA,education,high,98,95,TRUE,recovery,D1,R1,0.0140571257683133,5209
ELSA,education,high,99,95,TRUE,recovery,D1,R1,0.0140571257683133,5209
ELSA,education,middle,60,60,FALSE,recovery,D1,R1,0.208590067344502,5209
ELSA,education,middle,61,61,FALSE,recovery,D1,R1,0.207511751185051,5209
ELSA,education,middle,62,62,FALSE,recovery,D1,R1,0.206439939473011,5209
ELSA,education,middle,63,63,FALSE,recovery,D1,R1,0.205375514225999,5209
ELSA,education,middle,64,64,FALSE,recovery,D1,R1,0.204319338714146,5209
ELSA,education,middle,65,65,FALSE,recovery,D1,R1,0.203272257806208,5209
ELSA,education,middle,66,66,FALSE,recovery,D1,R1,0.202235098351027,5209
ELSA,education,middle,67,67,FALSE,recovery,D1,R1,0.201208669592985,5209
ELSA,education,middle,68,68,FALSE,recovery,D1,R1,0.200193763620124,5209
ELSA,education,middle,69,69,FALSE,recovery,D1,R1,0.199191155843646,5209
ELSA,education,middle,70,70,FALSE,recovery,D1,R1,0.198201605507607,5209
ELSA,education,middle,71,71,FALSE,recovery,D1,R1,0.197213334443772,5209
ELSA,education,middle,72,72,FALSE,recovery,D1,R1,0.196164972654853,5209
ELSA,education,middle,73,73,FALSE,recovery,D1,R1,0.194984117969904,5209
ELSA,education,middle,74,74,FALSE,recovery,D1,R1,0.193600340570895,5209
ELSA,education,middle,75,75,FALSE,recovery,D1,R1,0.191945798604249,5209
ELSA,education,middle,76,76,FALSE,recovery,D1,R1,0.189956094210884,5209
ELSA,education,middle,77,77,FALSE,recovery,D1,R1,0.187571344495221,5209
ELSA,education,middle,78,78,FALSE,recovery,D1,R1,0.18473743244752,5209
ELSA,education,middle,79,79,FALSE,recovery,D1,R1,0.181407391824776,5209
ELSA,education,middle,80,80,FALSE,recovery,D1,R1,0.177542868225924,5209
ELSA,education,middle,81,81,FALSE,recovery,D1,R1,0.173028177848245,5209
ELSA,education,middle,82,82,FALSE,recovery,D1,R1,0.167430898266107,5209
ELSA,education,middle,83,83,FALSE,recovery,D1,R1,0.160317167929449,5209
ELSA,education,middle,84,84,FALSE,recovery,D1,R1,0.1513807285569,5209
ELSA,education,middle,85,85,FALSE,recovery,D1,R1,0.140484291424983,5209
ELSA,education,middle,86,86,FALSE,recovery,D1,R1,0.127694454371068,5209
ELSA,education,middle,87,87,FALSE,recovery,D1,R1,0.113298428758019,5209
ELSA,education,middle,88,88,FALSE,recovery,D1,R1,0.0977921057567437,5209
ELSA,education,middle,89,89,FALSE,recovery,D1,R1,0.0818337119366391,5209
ELSA,education,middle,90,90,FALSE,recovery,D1,R1,0.0661652150048443,5209
ELSA,education,middle,91,91,FALSE,recovery,D1,R1,0.0516072020262501,5209
ELSA,education,middle,92,92,FALSE,recovery,D1,R1,0.0390537285962635,5209
ELSA,education,middle,93,93,FALSE,recovery,D1,R1,0.0288913873753938,5209
ELSA,education,middle,94,94,FALSE,recovery,D1,R1,0.021052811071915,5209
ELSA,education,middle,95,95,FALSE,recovery,D1,R1,0.0152254343161924,5209
ELSA,education,middle,96,95,TRUE,recovery,D1,R1,0.0152254343161924,5209
ELSA,education,middle,97,95,TRUE,recovery,D1,R1,0.0152254343161924,5209
ELSA,education,middle,98,95,TRUE,recovery,D1,R1,0.0152254343161924,5209
ELSA,education,middle,99,95,TRUE,recovery,D1,R1,0.0152254343161924,5209
ELSA,education,low,60,60,FALSE,recovery,D1,R1,0.174933518163361,5209
ELSA,education,low,61,61,FALSE,recovery,D1,R1,0.174029191117176,5209
ELSA,education,low,62,62,FALSE,recovery,D1,R1,0.173130319008917,5209
ELSA,education,low,63,63,FALSE,recovery,D1,R1,0.172237641540367,5209
ELSA,education,low,64,64,FALSE,recovery,D1,R1,0.171351882690781,5209
ELSA,education,low,65,65,FALSE,recovery,D1,R1,0.170473751007143,5209
ELSA,education,low,66,66,FALSE,recovery,D1,R1,0.169603939924089,5209
ELSA,education,low,67,67,FALSE,recovery,D1,R1,0.168743128112318,5209
ELSA,education,low,68,68,FALSE,recovery,D1,R1,0.167891979854407,5209
ELSA,education,low,69,69,FALSE,recovery,D1,R1,0.16705114544695,5209
ELSA,education,low,70,70,FALSE,recovery,D1,R1,0.166221261627999,5209
ELSA,education,low,71,71,FALSE,recovery,D1,R1,0.165392450667359,5209
ELSA,education,low,72,72,FALSE,recovery,D1,R1,0.164513244776214,5209
ELSA,education,low,73,73,FALSE,recovery,D1,R1,0.163522924061966,5209
ELSA,education,low,74,74,FALSE,recovery,D1,R1,0.162362422740665,5209
ELSA,education,low,75,75,FALSE,recovery,D1,R1,0.160974845418028,5209
ELSA,education,low,76,76,FALSE,recovery,D1,R1,0.159306184996813,5209
ELSA,education,low,77,77,FALSE,recovery,D1,R1,0.157306220842187,5209
ELSA,education,low,78,78,FALSE,recovery,D1,R1,0.154929567864502,5209
ELSA,education,low,79,79,FALSE,recovery,D1,R1,0.152136837946056,5209
ELSA,education,low,80,80,FALSE,recovery,D1,R1,0.148895865268024,5209
ELSA,education,low,81,81,FALSE,recovery,D1,R1,0.145109631909743,5209
ELSA,education,low,82,82,FALSE,recovery,D1,R1,0.140415487927182,5209
ELSA,education,low,83,83,FALSE,recovery,D1,R1,0.13444957645834,5209
ELSA,education,low,84,84,FALSE,recovery,D1,R1,0.126955054791056,5209
ELSA,education,low,85,85,FALSE,recovery,D1,R1,0.117816786093995,5209
ELSA,education,low,86,86,FALSE,recovery,D1,R1,0.107090622470479,5209
ELSA,education,low,87,87,FALSE,recovery,D1,R1,0.0950174329839379,5209
ELSA,education,low,88,88,FALSE,recovery,D1,R1,0.0820130954767708,5209
ELSA,education,low,89,89,FALSE,recovery,D1,R1,0.068629629951652,5209
ELSA,education,low,90,90,FALSE,recovery,D1,R1,0.0554892856989038,5209
ELSA,education,low,91,91,FALSE,recovery,D1,R1,0.0432802459290123,5209
ELSA,education,low,92,92,FALSE,recovery,D1,R1,0.032752308044746,5209
ELSA,education,low,93,93,FALSE,recovery,D1,R1,0.0242296869766622,5209
ELSA,education,low,94,94,FALSE,recovery,D1,R1,0.017655885320542,5209
ELSA,education,low,95,95,FALSE,recovery,D1,R1,0.0127687709410336,5209
ELSA,education,low,96,95,TRUE,recovery,D1,R1,0.0127687709410336,5209
ELSA,education,low,97,95,TRUE,recovery,D1,R1,0.0127687709410336,5209
ELSA,education,low,98,95,TRUE,recovery,D1,R1,0.0127687709410336,5209
ELSA,education,low,99,95,TRUE,recovery,D1,R1,0.0127687709410336,5209
ELSA,education,high,60,60,FALSE,recovery,D2,R1,0.232224873668119,1237
ELSA,education,high,61,61,FALSE,recovery,D2,R1,0.23102437626625,1237
ELSA,education,high,62,62,FALSE,recovery,D2,R1,0.229831120314069,1237
ELSA,education,high,63,63,FALSE,recovery,D2,R1,0.228646087768352,1237
ELSA,education,high,64,64,FALSE,recovery,D2,R1,0.227470239714158,1237
ELSA,education,high,65,65,FALSE,recovery,D2,R1,0.226304516750156,1237
ELSA,education,high,66,66,FALSE,recovery,D2,R1,0.225149839413314,1237
ELSA,education,high,67,67,FALSE,recovery,D2,R1,0.224007108641422,1237
ELSA,education,high,68,68,FALSE,recovery,D2,R1,0.222877206271988,1237
ELSA,education,high,69,69,FALSE,recovery,D2,R1,0.221760995576075,1237
ELSA,education,high,70,70,FALSE,recovery,D2,R1,0.220659321825736,1237
ELSA,education,high,71,71,FALSE,recovery,D2,R1,0.219559072298659,1237
ELSA,education,high,72,72,FALSE,recovery,D2,R1,0.218391923320331,1237
ELSA,education,high,73,73,FALSE,recovery,D2,R1,0.217077269015246,1237
ELSA,education,high,74,74,FALSE,recovery,D2,R1,0.215536699343062,1237
ELSA,education,high,75,75,FALSE,recovery,D2,R1,0.21369468546352,1237
ELSA,education,high,76,76,FALSE,recovery,D2,R1,0.211479532761053,1237
ELSA,education,high,77,77,FALSE,recovery,D2,R1,0.208824573162545,1237
ELSA,education,high,78,78,FALSE,recovery,D2,R1,0.205669557798476,1237
ELSA,education,high,79,79,FALSE,recovery,D2,R1,0.201962198801131,1237
ELSA,education,high,80,80,FALSE,recovery,D2,R1,0.197659795930487,1237
ELSA,education,high,81,81,FALSE,recovery,D2,R1,0.192633557548408,1237
ELSA,education,high,82,82,FALSE,recovery,D2,R1,0.186402064551667,1237
ELSA,education,high,83,83,FALSE,recovery,D2,R1,0.1784822956491,1237
ELSA,education,high,84,84,FALSE,recovery,D2,R1,0.168533291217812,1237
ELSA,education,high,85,85,FALSE,recovery,D2,R1,0.156402206700672,1237
ELSA,education,high,86,86,FALSE,recovery,D2,R1,0.142163185965443,1237
ELSA,education,high,87,87,FALSE,recovery,D2,R1,0.126135983558955,1237
ELSA,education,high,88,88,FALSE,recovery,D2,R1,0.108872678810695,1237
ELSA,education,high,89,89,FALSE,recovery,D2,R1,0.0911060802568947,1237
ELSA,education,high,90,90,FALSE,recovery,D2,R1,0.0736622260653818,1237
ELSA,education,high,91,91,FALSE,recovery,D2,R1,0.0574546819198144,1237
ELSA,education,high,92,92,FALSE,recovery,D2,R1,0.0434788065654045,1237
ELSA,education,high,93,93,FALSE,recovery,D2,R1,0.0321649964869449,1237
ELSA,education,high,94,94,FALSE,recovery,D2,R1,0.0234382511774144,1237
ELSA,education,high,95,95,FALSE,recovery,D2,R1,0.0169505892856371,1237
ELSA,education,high,96,95,TRUE,recovery,D2,R1,0.0169505892856371,1237
ELSA,education,high,97,95,TRUE,recovery,D2,R1,0.0169505892856371,1237
ELSA,education,high,98,95,TRUE,recovery,D2,R1,0.0169505892856371,1237
ELSA,education,high,99,95,TRUE,recovery,D2,R1,0.0169505892856371,1237
ELSA,education,middle,60,60,FALSE,recovery,D2,R1,0.251525426953924,1237
ELSA,education,middle,61,61,FALSE,recovery,D2,R1,0.250225154434479,1237
ELSA,education,middle,62,62,FALSE,recovery,D2,R1,0.248932725212335,1237
ELSA,education,middle,63,63,FALSE,recovery,D2,R1,0.247649202856148,1237
ELSA,education,middle,64,64,FALSE,recovery,D2,R1,0.246375628328181,1237
ELSA,education,middle,65,65,FALSE,recovery,D2,R1,0.245113020401652,1237
ELSA,education,middle,66,66,FALSE,recovery,D2,R1,0.243862376120719,1237
ELSA,education,middle,67,67,FALSE,recovery,D2,R1,0.242624671301448,1237
ELSA,education,middle,68,68,FALSE,recovery,D2,R1,0.24140086107217,1237
ELSA,education,middle,69,69,FALSE,recovery,D2,R1,0.240191880451681,1237
ELSA,education,middle,70,70,FALSE,recovery,D2,R1,0.23899864496385,1237
ELSA,education,middle,71,71,FALSE,recovery,D2,R1,0.237806952068585,1237
ELSA,education,middle,72,72,FALSE,recovery,D2,R1,0.236542799609568,1237
ELSA,education,middle,73,73,FALSE,recovery,D2,R1,0.23511888243756,1237
ELSA,education,middle,74,74,FALSE,recovery,D2,R1,0.233450273737606,1237
ELSA,education,middle,75,75,FALSE,recovery,D2,R1,0.231455167355639,1237
ELSA,education,middle,76,76,FALSE,recovery,D2,R1,0.229055910030377,1237
ELSA,education,middle,77,77,FALSE,recovery,D2,R1,0.226180292806381,1237
ELSA,education,middle,78,78,FALSE,recovery,D2,R1,0.22276305944133,1237
ELSA,education,middle,79,79,FALSE,recovery,D2,R1,0.218747576345357,1237
ELSA,education,middle,80,80,FALSE,recovery,D2,R1,0.214087594398233,1237
ELSA,education,middle,81,81,FALSE,recovery,D2,R1,0.208643617897976,1237
ELSA,education,middle,82,82,FALSE,recovery,D2,R1,0.201894216286478,1237
ELSA,education,middle,83,83,FALSE,recovery,D2,R1,0.193316223657481,1237
ELSA,education,middle,84,84,FALSE,recovery,D2,R1,0.182540342728711,1237
ELSA,education,middle,85,85,FALSE,recovery,D2,R1,0.169401025805459,1237
ELSA,education,middle,86,86,FALSE,recovery,D2,R1,0.153978578962178,1237
ELSA,education,middle,87,87,FALSE,recovery,D2,R1,0.136619332019794,1237
ELSA,education,middle,88,88,FALSE,recovery,D2,R1,0.117921248438758,1237
ELSA,education,middle,89,89,FALSE,recovery,D2,R1,0.0986780415583875,1237
ELSA,education,middle,90,90,FALSE,recovery,D2,R1,0.0797844028023914,1237
ELSA,education,middle,91,91,FALSE,recovery,D2,R1,0.0622298256518212,1237
ELSA,education,middle,92,92,FALSE,recovery,D2,R1,0.0470923945918021,1237
ELSA,education,middle,93,93,FALSE,recovery,D2,R1,0.0348382769965997,1237
ELSA,education,middle,94,94,FALSE,recovery,D2,R1,0.0253862389559428,1237
ELSA,education,middle,95,95,FALSE,recovery,D2,R1,0.0183593778730336,1237
ELSA,education,middle,96,95,TRUE,recovery,D2,R1,0.0183593778730336,1237
ELSA,education,middle,97,95,TRUE,recovery,D2,R1,0.0183593778730336,1237
ELSA,education,middle,98,95,TRUE,recovery,D2,R1,0.0183593778730336,1237
ELSA,education,middle,99,95,TRUE,recovery,D2,R1,0.0183593778730336,1237
ELSA,education,low,60,60,FALSE,recovery,D2,R1,0.210941145974712,1237
ELSA,education,low,61,61,FALSE,recovery,D2,R1,0.209850675803752,1237
ELSA,education,low,62,62,FALSE,recovery,D2,R1,0.208766783393701,1237
ELSA,education,low,63,63,FALSE,recovery,D2,R1,0.207690360703648,1237
ELSA,education,low,64,64,FALSE,recovery,D2,R1,0.206622280733893,1237
ELSA,education,low,65,65,FALSE,recovery,D2,R1,0.205563397875948,1237
ELSA,education,low,66,66,FALSE,recovery,D2,R1,0.204514548298307,1237
ELSA,education,low,67,67,FALSE,recovery,D2,R1,0.203476550366578,1237
ELSA,education,low,68,68,FALSE,recovery,D2,R1,0.202450205096655,1237
ELSA,education,low,69,69,FALSE,recovery,D2,R1,0.201436296639623,1237
ELSA,education,low,70,70,FALSE,recovery,D2,R1,0.200435592797197,1237
ELSA,education,low,71,71,FALSE,recovery,D2,R1,0.199436182646019,1237
ELSA,education,low,72,72,FALSE,recovery,D2,R1,0.198376004469914,1237
ELSA,education,low,73,73,FALSE,recovery,D2,R1,0.197181840032251,1237
ELSA,education,low,74,74,FALSE,recovery,D2,R1,0.195782465680266,1237
ELSA,education,low,75,75,FALSE,recovery,D2,R1,0.19410927489534,1237
ELSA,education,low,76,76,FALSE,recovery,D2,R1,0.192097143971608,1237
ELSA,education,low,77,77,FALSE,recovery,D2,R1,0.189685515056153,1237
ELSA,education,low,78,78,FALSE,recovery,D2,R1,0.186819661170856,1237
ELSA,education,low,79,79,FALSE,recovery,D2,R1,0.183452086702682,1237
ELSA,education,low,80,80,FALSE,recovery,D2,R1,0.179544004947083,1237
ELSA,education,low,81,81,FALSE,recovery,D2,R1,0.174978428195934,1237
ELSA,education,low,82,82,FALSE,recovery,D2,R1,0.1693180600661,1237
ELSA,education,low,83,83,FALSE,recovery,D2,R1,0.162124148829226,1237
ELSA,education,low,84,84,FALSE,recovery,D2,R1,0.153086984278789,1237
ELSA,education,low,85,85,FALSE,recovery,D2,R1,0.14206773027063,1237
ELSA,education,low,86,86,FALSE,recovery,D2,R1,0.129133735285496,1237
ELSA,education,low,87,87,FALSE,recovery,D2,R1,0.11457544792811,1237
ELSA,education,low,88,88,FALSE,recovery,D2,R1,0.098894348701362,1237
ELSA,education,low,89,89,FALSE,recovery,D2,R1,0.0827560832355909,1237
ELSA,education,low,90,90,FALSE,recovery,D2,R1,0.0669109821693193,1237
ELSA,education,low,91,91,FALSE,recovery,D2,R1,0.0521888816402102,1237
ELSA,education,low,92,92,FALSE,recovery,D2,R1,0.0394939144013769,1237
ELSA,education,low,93,93,FALSE,recovery,D2,R1,0.0292170305103722,1237
ELSA,education,low,94,94,FALSE,recovery,D2,R1,0.021290103359353,1237
ELSA,education,low,95,95,FALSE,recovery,D2,R1,0.0153970445645239,1237
ELSA,education,low,96,95,TRUE,recovery,D2,R1,0.0153970445645239,1237
ELSA,education,low,97,95,TRUE,recovery,D2,R1,0.0153970445645239,1237
ELSA,education,low,98,95,TRUE,recovery,D2,R1,0.0153970445645239,1237
ELSA,education,low,99,95,TRUE,recovery,D2,R1,0.0153970445645239,1237
ELSA,education,high,60,60,FALSE,relapse,R1,D2,0.0947164279398973,3512
ELSA,education,high,61,61,FALSE,relapse,R1,D2,0.0954254396124307,3512
ELSA,education,high,62,62,FALSE,relapse,R1,D2,0.0961361024354105,3512
ELSA,education,high,63,63,FALSE,relapse,R1,D2,0.096844691256264,3512
ELSA,education,high,64,64,FALSE,relapse,R1,D2,0.0975473726824487,3512
ELSA,education,high,65,65,FALSE,relapse,R1,D2,0.0982402066673655,3512
ELSA,education,high,66,66,FALSE,relapse,R1,D2,0.0989191496520701,3512
ELSA,education,high,67,67,FALSE,relapse,R1,D2,0.0995800593314797,3512
ELSA,education,high,68,68,FALSE,relapse,R1,D2,0.100218701109354,3512
ELSA,education,high,69,69,FALSE,relapse,R1,D2,0.100830756300012,3512
ELSA,education,high,70,70,FALSE,relapse,R1,D2,0.101411832126474,3512
ELSA,education,high,71,71,FALSE,relapse,R1,D2,0.101975437758487,3512
ELSA,education,high,72,72,FALSE,relapse,R1,D2,0.102607692528861,3512
ELSA,education,high,73,73,FALSE,relapse,R1,D2,0.103415162418563,3512
ELSA,education,high,74,74,FALSE,relapse,R1,D2,0.104508359577065,3512
ELSA,education,high,75,75,FALSE,relapse,R1,D2,0.10600416260417,3512
ELSA,education,high,76,76,FALSE,relapse,R1,D2,0.108029519791899,3512
ELSA,education,high,77,77,FALSE,relapse,R1,D2,0.110726652317395,3512
ELSA,education,high,78,78,FALSE,relapse,R1,D2,0.114260114015668,3512
ELSA,education,high,79,79,FALSE,relapse,R1,D2,0.11882626777474,3512
ELSA,education,high,80,80,FALSE,relapse,R1,D2,0.124666033309259,3512
ELSA,education,high,81,81,FALSE,relapse,R1,D2,0.131977712081731,3512
ELSA,education,high,82,82,FALSE,relapse,R1,D2,0.14057044459894,3512
ELSA,education,high,83,83,FALSE,relapse,R1,D2,0.150075202227228,3512
ELSA,education,high,84,84,FALSE,relapse,R1,D2,0.16000217215346,3512
ELSA,education,high,85,85,FALSE,relapse,R1,D2,0.16971700895046,3512
ELSA,education,high,86,86,FALSE,relapse,R1,D2,0.178438242110173,3512
ELSA,education,high,87,87,FALSE,relapse,R1,D2,0.185265309365784,3512
ELSA,education,high,88,88,FALSE,relapse,R1,D2,0.189244996397425,3512
ELSA,education,high,89,89,FALSE,relapse,R1,D2,0.189478248691911,3512
ELSA,education,high,90,90,FALSE,relapse,R1,D2,0.185259079473676,3512
ELSA,education,high,91,91,FALSE,relapse,R1,D2,0.176495271114571,3512
ELSA,education,high,92,92,FALSE,relapse,R1,D2,0.164489891404215,3512
ELSA,education,high,93,93,FALSE,relapse,R1,D2,0.150794249531602,3512
ELSA,education,high,94,94,FALSE,relapse,R1,D2,0.1367277385451,3512
ELSA,education,high,95,95,FALSE,relapse,R1,D2,0.123293909350347,3512
ELSA,education,high,96,95,TRUE,relapse,R1,D2,0.123293909350347,3512
ELSA,education,high,97,95,TRUE,relapse,R1,D2,0.123293909350347,3512
ELSA,education,high,98,95,TRUE,relapse,R1,D2,0.123293909350347,3512
ELSA,education,high,99,95,TRUE,relapse,R1,D2,0.123293909350347,3512
ELSA,education,middle,60,60,FALSE,relapse,R1,D2,0.130125849303574,3512
ELSA,education,middle,61,61,FALSE,relapse,R1,D2,0.131099922630253,3512
ELSA,education,middle,62,62,FALSE,relapse,R1,D2,0.132076264384477,3512
ELSA,education,middle,63,63,FALSE,relapse,R1,D2,0.133049756777783,3512
ELSA,education,middle,64,64,FALSE,relapse,R1,D2,0.134015133316583,3512
ELSA,education,middle,65,65,FALSE,relapse,R1,D2,0.13496698098097,3512
ELSA,education,middle,66,66,FALSE,relapse,R1,D2,0.135899744540946,3512
ELSA,education,middle,67,67,FALSE,relapse,R1,D2,0.136807733104458,3512
ELSA,education,middle,68,68,FALSE,relapse,R1,D2,0.137685128985553,3512
ELSA,education,middle,69,69,FALSE,relapse,R1,D2,0.138525998972285,3512
ELSA,education,middle,70,70,FALSE,relapse,R1,D2,0.139324308062617,3512
ELSA,education,middle,71,71,FALSE,relapse,R1,D2,0.140098615784446,3512
ELSA,education,middle,72,72,FALSE,relapse,R1,D2,0.140967236896545,3512
ELSA,education,middle,73,73,FALSE,relapse,R1,D2,0.142076576717207,3512
ELSA,education,middle,74,74,FALSE,relapse,R1,D2,0.143578461995191,3512
ELSA,education,middle,75,75,FALSE,relapse,R1,D2,0.145633466005863,3512
ELSA,education,middle,76,76,FALSE,relapse,R1,D2,0.14841599623772,3512
ELSA,education,middle,77,77,FALSE,relapse,R1,D2,0.152121442781663,3512
ELSA,education,middle,78,78,FALSE,relapse,R1,D2,0.156975877376274,3512
ELSA,education,middle,79,79,FALSE,relapse,R1,D2,0.163249072521756,3512
ELSA,education,middle,80,80,FALSE,relapse,R1,D2,0.171272014966283,3512
ELSA,education,middle,81,81,FALSE,relapse,R1,D2,0.181317140514162,3512
ELSA,education,middle,82,82,FALSE,relapse,R1,D2,0.193122237485827,3512
ELSA,education,middle,83,83,FALSE,relapse,R1,D2,0.206180317121076,3512
ELSA,education,middle,84,84,FALSE,relapse,R1,D2,0.21981845171671,3512
ELSA,education,middle,85,85,FALSE,relapse,R1,D2,0.23316514791874,3512
ELSA,education,middle,86,86,FALSE,relapse,R1,D2,0.245146785070452,3512
ELSA,education,middle,87,87,FALSE,relapse,R1,D2,0.254526128698705,3512
ELSA,education,middle,88,88,FALSE,relapse,R1,D2,0.2599936084825,3512
ELSA,education,middle,89,89,FALSE,relapse,R1,D2,0.260314061371004,3512
ELSA,education,middle,90,90,FALSE,relapse,R1,D2,0.254517569782166,3512
ELSA,education,middle,91,91,FALSE,relapse,R1,D2,0.242477440834462,3512
ELSA,education,middle,92,92,FALSE,relapse,R1,D2,0.225983889873975,3512
ELSA,education,middle,93,93,FALSE,relapse,R1,D2,0.20716817786716,3512
ELSA,education,middle,94,94,FALSE,relapse,R1,D2,0.187842948562503,3512
ELSA,education,middle,95,95,FALSE,relapse,R1,D2,0.169386927031838,3512
ELSA,education,middle,96,95,TRUE,relapse,R1,D2,0.169386927031838,3512
ELSA,education,middle,97,95,TRUE,relapse,R1,D2,0.169386927031838,3512
ELSA,education,middle,98,95,TRUE,relapse,R1,D2,0.169386927031838,3512
ELSA,education,middle,99,95,TRUE,relapse,R1,D2,0.169386927031838,3512
ELSA,education,low,60,60,FALSE,relapse,R1,D2,0.154487745203118,3512
ELSA,education,low,61,61,FALSE,relapse,R1,D2,0.155644182549783,3512
ELSA,education,low,62,62,FALSE,relapse,R1,D2,0.156803313014368,3512
ELSA,education,low,63,63,FALSE,relapse,R1,D2,0.157959060666499,3512
ELSA,education,low,64,64,FALSE,relapse,R1,D2,0.15910517303041,3512
ELSA,education,low,65,65,FALSE,relapse,R1,D2,0.160235223671655,3512
ELSA,education,low,66,66,FALSE,relapse,R1,D2,0.161342617321414,3512
ELSA,education,low,67,67,FALSE,relapse,R1,D2,0.162420597650441,3512
ELSA,education,low,68,68,FALSE,relapse,R1,D2,0.163462257797494,3512
ELSA,education,low,69,69,FALSE,relapse,R1,D2,0.164460553746795,3512
ELSA,education,low,70,70,FALSE,relapse,R1,D2,0.165408320635546,3512
ELSA,education,low,71,71,FALSE,relapse,R1,D2,0.166327592668574,3512
ELSA,education,low,72,72,FALSE,relapse,R1,D2,0.167358835252289,3512
ELSA,education,low,73,73,FALSE,relapse,R1,D2,0.168675863409841,3512
ELSA,education,low,74,74,FALSE,relapse,R1,D2,0.170458928583988,3512
ELSA,education,low,75,75,FALSE,relapse,R1,D2,0.172898666250955,3512
ELSA,education,low,76,76,FALSE,relapse,R1,D2,0.176202136113245,3512
ELSA,education,low,77,77,FALSE,relapse,R1,D2,0.180601308795752,3512
ELSA,education,low,78,78,FALSE,relapse,R1,D2,0.186364580726511,3512
ELSA,education,low,79,79,FALSE,relapse,R1,D2,0.193812230662565,3512
ELSA,education,low,80,80,FALSE,relapse,R1,D2,0.203337212015485,3512
ELSA,education,low,81,81,FALSE,relapse,R1,D2,0.215262965464776,3512
ELSA,education,low,82,82,FALSE,relapse,R1,D2,0.22927818859544,3512
ELSA,education,low,83,83,FALSE,relapse,R1,D2,0.244780975246432,3512
ELSA,education,low,84,84,FALSE,relapse,R1,D2,0.260972413563509,3512
ELSA,education,low,85,85,FALSE,relapse,R1,D2,0.276817850985803,3512
ELSA,education,low,86,86,FALSE,relapse,R1,D2,0.291042665788675,3512
ELSA,education,low,87,87,FALSE,relapse,R1,D2,0.302177990986313,3512
ELSA,education,low,88,88,FALSE,relapse,R1,D2,0.308669081175255,3512
ELSA,education,low,89,89,FALSE,relapse,R1,D2,0.30904952859945,3512
ELSA,education,low,90,90,FALSE,relapse,R1,D2,0.30216782968689,3512
ELSA,education,low,91,91,FALSE,relapse,R1,D2,0.28787357237337,3512
ELSA,education,low,92,92,FALSE,relapse,R1,D2,0.26829213246796,3512
ELSA,education,low,93,93,FALSE,relapse,R1,D2,0.24595378126502,3512
ELSA,education,low,94,94,FALSE,relapse,R1,D2,0.22301052197574,3512
ELSA,education,low,95,95,FALSE,relapse,R1,D2,0.20109920176571,3512
ELSA,education,low,96,95,TRUE,relapse,R1,D2,0.20109920176571,3512
ELSA,education,low,97,95,TRUE,relapse,R1,D2,0.20109920176571,3512
ELSA,education,low,98,95,TRUE,relapse,R1,D2,0.20109920176571,3512
ELSA,education,low,99,95,TRUE,relapse,R1,D2,0.20109920176571,3512
ELSA,education,high,60,60,FALSE,death_pre,I0,DEAD,0.00352321555808306,22313
ELSA,education,high,61,61,FALSE,death_pre,I0,DEAD,0.00395419740369112,22313
ELSA,education,high,62,62,FALSE,death_pre,I0,DEAD,0.00443676257022494,22313
ELSA,education,high,63,63,FALSE,death_pre,I0,DEAD,0.00497566864499954,22313
ELSA,education,high,64,64,FALSE,death_pre,I0,DEAD,0.00557574423416489,22313
ELSA,education,high,65,65,FALSE,death_pre,I0,DEAD,0.00624178892430782,22313
ELSA,education,high,66,66,FALSE,death_pre,I0,DEAD,0.00697844827654612,22313
ELSA,education,high,67,67,FALSE,death_pre,I0,DEAD,0.00779006194704269,22313
ELSA,education,high,68,68,FALSE,death_pre,I0,DEAD,0.00868048379107412,22313
ELSA,education,high,69,69,FALSE,death_pre,I0,DEAD,0.0096528738796727,22313
ELSA,education,high,70,70,FALSE,death_pre,I0,DEAD,0.010709463767342,22313
ELSA,education,high,71,71,FALSE,death_pre,I0,DEAD,0.0118534531451725,22313
ELSA,education,high,72,72,FALSE,death_pre,I0,DEAD,0.0130969946670262,22313
ELSA,education,high,73,73,FALSE,death_pre,I0,DEAD,0.0144580763863203,22313
ELSA,education,high,74,74,FALSE,death_pre,I0,DEAD,0.0159596726469547,22313
ELSA,education,high,75,75,FALSE,death_pre,I0,DEAD,0.0176309024493352,22313
ELSA,education,high,76,76,FALSE,death_pre,I0,DEAD,0.0195085371065338,22313
ELSA,education,high,77,77,FALSE,death_pre,I0,DEAD,0.0216389888326483,22313
ELSA,education,high,78,78,FALSE,death_pre,I0,DEAD,0.0240809611956966,22313
ELSA,education,high,79,79,FALSE,death_pre,I0,DEAD,0.0269090129922883,22313
ELSA,education,high,80,80,FALSE,death_pre,I0,DEAD,0.0302183894051728,22313
ELSA,education,high,81,81,FALSE,death_pre,I0,DEAD,0.0341122782474311,22313
ELSA,education,high,82,82,FALSE,death_pre,I0,DEAD,0.0386320159250947,22313
ELSA,education,high,83,83,FALSE,death_pre,I0,DEAD,0.043779055870506,22313
ELSA,education,high,84,84,FALSE,death_pre,I0,DEAD,0.0495168404683257,22313
ELSA,education,high,85,85,FALSE,death_pre,I0,DEAD,0.0557560648686067,22313
ELSA,education,high,86,86,FALSE,death_pre,I0,DEAD,0.0623403302212411,22313
ELSA,education,high,87,87,FALSE,death_pre,I0,DEAD,0.0690349504156714,22313
ELSA,education,high,88,88,FALSE,death_pre,I0,DEAD,0.0755226136492212,22313
ELSA,education,high,89,89,FALSE,death_pre,I0,DEAD,0.0814100874233048,22313
ELSA,education,high,90,90,FALSE,death_pre,I0,DEAD,0.0862497384292411,22313
ELSA,education,high,91,91,FALSE,death_pre,I0,DEAD,0.0896756517380058,22313
ELSA,education,high,92,92,FALSE,death_pre,I0,DEAD,0.0917660616967571,22313
ELSA,education,high,93,93,FALSE,death_pre,I0,DEAD,0.0927914033947015,22313
ELSA,education,high,94,94,FALSE,death_pre,I0,DEAD,0.0930848045267634,22313
ELSA,education,high,95,95,FALSE,death_pre,I0,DEAD,0.0930084781450729,22313
ELSA,education,high,96,95,TRUE,death_pre,I0,DEAD,0.0930084781450729,22313
ELSA,education,high,97,95,TRUE,death_pre,I0,DEAD,0.0930084781450729,22313
ELSA,education,high,98,95,TRUE,death_pre,I0,DEAD,0.0930084781450729,22313
ELSA,education,high,99,95,TRUE,death_pre,I0,DEAD,0.0930084781450729,22313
ELSA,education,middle,60,60,FALSE,death_pre,I0,DEAD,0.00332658742723915,22313
ELSA,education,middle,61,61,FALSE,death_pre,I0,DEAD,0.00373351648546237,22313
ELSA,education,middle,62,62,FALSE,death_pre,I0,DEAD,0.00418915003650413,22313
ELSA,education,middle,63,63,FALSE,death_pre,I0,DEAD,0.00469798015014708,22313
ELSA,education,middle,64,64,FALSE,death_pre,I0,DEAD,0.00526456595149857,22313
ELSA,education,middle,65,65,FALSE,death_pre,I0,DEAD,0.00589343916566387,22313
ELSA,education,middle,66,66,FALSE,death_pre,I0,DEAD,0.00658898608832999,22313
ELSA,education,middle,67,67,FALSE,death_pre,I0,DEAD,0.00735530418256499,22313
ELSA,education,middle,68,68,FALSE,death_pre,I0,DEAD,0.0081960322227493,22313
ELSA,education,middle,69,69,FALSE,death_pre,I0,DEAD,0.00911415391861965,22313
ELSA,education,middle,70,70,FALSE,death_pre,I0,DEAD,0.0101117762832249,22313
ELSA,education,middle,71,71,FALSE,death_pre,I0,DEAD,0.0111919204351929,22313
ELSA,education,middle,72,72,FALSE,death_pre,I0,DEAD,0.0123660607974985,22313
ELSA,education,middle,73,73,FALSE,death_pre,I0,DEAD,0.0136511815232119,22313
ELSA,education,middle,74,74,FALSE,death_pre,I0,DEAD,0.0150689747745944,22313
ELSA,education,middle,75,75,FALSE,death_pre,I0,DEAD,0.0166469344415445,22313
ELSA,education,middle,76,76,FALSE,death_pre,I0,DEAD,0.0184197796565514,22313
ELSA,education,middle,77,77,FALSE,death_pre,I0,DEAD,0.0204313324013651,22313
ELSA,education,middle,78,78,FALSE,death_pre,I0,DEAD,0.0227370200400181,22313
ELSA,education,middle,79,79,FALSE,death_pre,I0,DEAD,0.0254072402962099,22313
ELSA,education,middle,80,80,FALSE,death_pre,I0,DEAD,0.0285319227874206,22313
ELSA,education,middle,81,81,FALSE,death_pre,I0,DEAD,0.0322084964889658,22313
ELSA,education,middle,82,82,FALSE,death_pre,I0,DEAD,0.0364759908517336,22313
ELSA,education,middle,83,83,FALSE,death_pre,I0,DEAD,0.0413357781930504,22313
ELSA,education,middle,84,84,FALSE,death_pre,I0,DEAD,0.0467533411518433,22313
ELSA,education,middle,85,85,FALSE,death_pre,I0,DEAD,0.0526443589177251,22313
ELSA,education,middle,86,86,FALSE,death_pre,I0,DEAD,0.0588611611481277,22313
ELSA,education,middle,87,87,FALSE,death_pre,I0,DEAD,0.0651821593958336,22313
ELSA,education,middle,88,88,FALSE,death_pre,I0,DEAD,0.0713077508020634,22313
ELSA,education,middle,89,89,FALSE,death_pre,I0,DEAD,0.0768666488916605,22313
ELSA,education,middle,90,90,FALSE,death_pre,I0,DEAD,0.0814362024495281,22313
ELSA,education,middle,91,91,FALSE,death_pre,I0,DEAD,0.0846709179961263,22313
ELSA,education,middle,92,92,FALSE,death_pre,I0,DEAD,0.0866446636758658,22313
ELSA,education,middle,93,93,FALSE,death_pre,I0,DEAD,0.0876127817897804,22313
ELSA,education,middle,94,94,FALSE,death_pre,I0,DEAD,0.087889808415306,22313
ELSA,education,middle,95,95,FALSE,death_pre,I0,DEAD,0.08781774175418,22313
ELSA,education,middle,96,95,TRUE,death_pre,I0,DEAD,0.08781774175418,22313
ELSA,education,middle,97,95,TRUE,death_pre,I0,DEAD,0.08781774175418,22313
ELSA,education,middle,98,95,TRUE,death_pre,I0,DEAD,0.08781774175418,22313
ELSA,education,middle,99,95,TRUE,death_pre,I0,DEAD,0.08781774175418,22313
ELSA,education,low,60,60,FALSE,death_pre,I0,DEAD,0.00494900522705522,22313
ELSA,education,low,61,61,FALSE,death_pre,I0,DEAD,0.00555439861599698,22313
ELSA,education,low,62,62,FALSE,death_pre,I0,DEAD,0.0062322502808182,22313
ELSA,education,low,63,63,FALSE,death_pre,I0,DEAD,0.00698924312924966,22313
ELSA,education,low,64,64,FALSE,death_pre,I0,DEAD,0.00783215982805742,22313
ELSA,education,low,65,65,FALSE,death_pre,I0,DEAD,0.00876774228068578,22313
ELSA,education,low,66,66,FALSE,death_pre,I0,DEAD,0.00980251603343625,22313
ELSA,education,low,67,67,FALSE,death_pre,I0,DEAD,0.0109425769327536,22313
ELSA,education,low,68,68,FALSE,death_pre,I0,DEAD,0.0121933384282533,22313
ELSA,education,low,69,69,FALSE,death_pre,I0,DEAD,0.0135592394217847,22313
ELSA,education,low,70,70,FALSE,death_pre,I0,DEAD,0.0150434145427002,22313
ELSA,education,low,71,71,FALSE,death_pre,I0,DEAD,0.0166503583465188,22313
ELSA,education,low,72,72,FALSE,death_pre,I0,DEAD,0.0183971414741065,22313
ELSA,education,low,73,73,FALSE,death_pre,I0,DEAD,0.0203090314598843,22313
ELSA,education,low,74,74,FALSE,death_pre,I0,DEAD,0.0224183000017301,22313
ELSA,education,low,75,75,FALSE,death_pre,I0,DEAD,0.0247658500994288,22313
ELSA,education,low,76,76,FALSE,death_pre,I0,DEAD,0.02740333383546,22313
ELSA,education,low,77,77,FALSE,death_pre,I0,DEAD,0.0303959457136461,22313
ELSA,education,low,78,78,FALSE,death_pre,I0,DEAD,0.0338261457084559,22313
ELSA,education,low,79,79,FALSE,death_pre,I0,DEAD,0.0377986653834458,22313
ELSA,education,low,80,80,FALSE,death_pre,I0,DEAD,0.0424472941419342,22313
ELSA,education,low,81,81,FALSE,death_pre,I0,DEAD,0.0479169782745716,22313
ELSA,education,low,82,82,FALSE,death_pre,I0,DEAD,0.0542657823777886,22313
ELSA,education,low,83,83,FALSE,death_pre,I0,DEAD,0.061495748065032,22313
ELSA,education,low,84,84,FALSE,death_pre,I0,DEAD,0.069555523431651,22313
ELSA,education,low,85,85,FALSE,death_pre,I0,DEAD,0.0783196633659562,22313
ELSA,education,low,86,86,FALSE,death_pre,I0,DEAD,0.0875684768743285,22313
ELSA,education,low,87,87,FALSE,death_pre,I0,DEAD,0.096972304085347,22313
ELSA,education,low,88,88,FALSE,death_pre,I0,DEAD,0.10608542212337,22313
ELSA,education,low,89,89,FALSE,death_pre,I0,DEAD,0.114355463510774,22313
ELSA,education,low,90,90,FALSE,death_pre,I0,DEAD,0.121153644811532,22313
ELSA,education,low,91,91,FALSE,death_pre,I0,DEAD,0.125965971106362,22313
ELSA,education,low,92,92,FALSE,death_pre,I0,DEAD,0.128902336946599,22313
ELSA,education,low,93,93,FALSE,death_pre,I0,DEAD,0.130342618229135,22313
ELSA,education,low,94,94,FALSE,death_pre,I0,DEAD,0.130754754163556,22313
ELSA,education,low,95,95,FALSE,death_pre,I0,DEAD,0.130647539701165,22313
ELSA,education,low,96,95,TRUE,death_pre,I0,DEAD,0.130647539701165,22313
ELSA,education,low,97,95,TRUE,death_pre,I0,DEAD,0.130647539701165,22313
ELSA,education,low,98,95,TRUE,death_pre,I0,DEAD,0.130647539701165,22313
ELSA,education,low,99,95,TRUE,death_pre,I0,DEAD,0.130647539701165,22313
ELSA,education,high,60,60,FALSE,death_post,D1,DEAD,0.0212301134099468,3844
ELSA,education,high,61,61,FALSE,death_post,D1,DEAD,0.0219958660646532,3844
ELSA,education,high,62,62,FALSE,death_post,D1,DEAD,0.0228049014757498,3844
ELSA,education,high,63,63,FALSE,death_post,D1,DEAD,0.0236762052767562,3844
ELSA,education,high,64,64,FALSE,death_post,D1,DEAD,0.0246315157121082,3844
ELSA,education,high,65,65,FALSE,death_post,D1,DEAD,0.0256958922808024,3844
ELSA,education,high,66,66,FALSE,death_post,D1,DEAD,0.0268985070223258,3844
ELSA,education,high,67,67,FALSE,death_post,D1,DEAD,0.0282737189160709,3844
ELSA,education,high,68,68,FALSE,death_post,D1,DEAD,0.0298625139834206,3844
ELSA,education,high,69,69,FALSE,death_post,D1,DEAD,0.0317144253679987,3844
ELSA,education,high,70,70,FALSE,death_post,D1,DEAD,0.0338900929248656,3844
ELSA,education,high,71,71,FALSE,death_post,D1,DEAD,0.0364516626855201,3844
ELSA,education,high,72,72,FALSE,death_post,D1,DEAD,0.039419695205761,3844
ELSA,education,high,73,73,FALSE,death_post,D1,DEAD,0.0427984499190561,3844
ELSA,education,high,74,74,FALSE,death_post,D1,DEAD,0.0465831871913153,3844
ELSA,education,high,75,75,FALSE,death_post,D1,DEAD,0.0507556346846728,3844
ELSA,education,high,76,76,FALSE,death_post,D1,DEAD,0.0552790732057136,3844
ELSA,education,high,77,77,FALSE,death_post,D1,DEAD,0.0600933192493241,3844
ELSA,education,high,78,78,FALSE,death_post,D1,DEAD,0.0651100613772464,3844
ELSA,education,high,79,79,FALSE,death_post,D1,DEAD,0.0702091978808937,3844
ELSA,education,high,80,80,FALSE,death_post,D1,DEAD,0.0752369939892887,3844
ELSA,education,high,81,81,FALSE,death_post,D1,DEAD,0.0800744484678368,3844
ELSA,education,high,82,82,FALSE,death_post,D1,DEAD,0.0848749199129261,3844
ELSA,education,high,83,83,FALSE,death_post,D1,DEAD,0.0899190190868631,3844
ELSA,education,high,84,84,FALSE,death_post,D1,DEAD,0.0955596094459175,3844
ELSA,education,high,85,85,FALSE,death_post,D1,DEAD,0.102237837484244,3844
ELSA,education,high,86,86,FALSE,death_post,D1,DEAD,0.110516541944524,3844
ELSA,education,high,87,87,FALSE,death_post,D1,DEAD,0.121139318114529,3844
ELSA,education,high,88,88,FALSE,death_post,D1,DEAD,0.135129144566884,3844
ELSA,education,high,89,89,FALSE,death_post,D1,DEAD,0.153951121309568,3844
ELSA,education,high,90,90,FALSE,death_post,D1,DEAD,0.179783765536749,3844
ELSA,education,high,91,91,FALSE,death_post,D1,DEAD,0.215647869081953,3844
ELSA,education,high,92,92,FALSE,death_post,D1,DEAD,0.264592779104448,3844
ELSA,education,high,93,93,FALSE,death_post,D1,DEAD,0.33020937053602,3844
ELSA,education,high,94,94,FALSE,death_post,D1,DEAD,0.416792463967756,3844
ELSA,education,high,95,95,FALSE,death_post,D1,DEAD,0.529065998947188,3844
ELSA,education,high,96,95,TRUE,death_post,D1,DEAD,0.529065998947188,3844
ELSA,education,high,97,95,TRUE,death_post,D1,DEAD,0.529065998947188,3844
ELSA,education,high,98,95,TRUE,death_post,D1,DEAD,0.529065998947188,3844
ELSA,education,high,99,95,TRUE,death_post,D1,DEAD,0.529065998947188,3844
ELSA,education,middle,60,60,FALSE,death_post,D1,DEAD,0.0244036008169975,3844
ELSA,education,middle,61,61,FALSE,death_post,D1,DEAD,0.025283818541188,3844
ELSA,education,middle,62,62,FALSE,death_post,D1,DEAD,0.0262137889486925,3844
ELSA,education,middle,63,63,FALSE,death_post,D1,DEAD,0.0272153356545209,3844
ELSA,education,middle,64,64,FALSE,death_post,D1,DEAD,0.028313446346182,3844
ELSA,education,middle,65,65,FALSE,death_post,D1,DEAD,0.0295369264284508,3844
ELSA,education,middle,66,66,FALSE,death_post,D1,DEAD,0.0309193085910927,3844
ELSA,education,middle,67,67,FALSE,death_post,D1,DEAD,0.032500087810012,3844
ELSA,education,middle,68,68,FALSE,death_post,D1,DEAD,0.0343263767164787,3844
ELSA,education,middle,69,69,FALSE,death_post,D1,DEAD,0.0364551126918844,3844
ELSA,education,middle,70,70,FALSE,death_post,D1,DEAD,0.0389560000655428,3844
ELSA,education,middle,71,71,FALSE,death_post,D1,DEAD,0.0419004744871733,3844
ELSA,education,middle,72,72,FALSE,death_post,D1,DEAD,0.0453121699141931,3844
ELSA,education,middle,73,73,FALSE,death_post,D1,DEAD,0.0491959824822018,3844
ELSA,education,middle,74,74,FALSE,death_post,D1,DEAD,0.0535464640743609,3844
ELSA,education,middle,75,75,FALSE,death_post,D1,DEAD,0.0583426109950869,3844
ELSA,education,middle,76,76,FALSE,death_post,D1,DEAD,0.0635422152485427,3844
ELSA,education,middle,77,77,FALSE,death_post,D1,DEAD,0.0690760970707677,3844
ELSA,education,middle,78,78,FALSE,death_post,D1,DEAD,0.0748427441878891,3844
ELSA,education,middle,79,79,FALSE,death_post,D1,DEAD,0.0807041020310407,3844
ELSA,education,middle,80,80,FALSE,death_post,D1,DEAD,0.0864834554828709,3844
ELSA,education,middle,81,81,FALSE,death_post,D1,DEAD,0.0920440149478795,3844
ELSA,education,middle,82,82,FALSE,death_post,D1,DEAD,0.0975620631380727,3844
ELSA,education,middle,83,83,FALSE,death_post,D1,DEAD,0.103360156645403,3844
ELSA,education,middle,84,84,FALSE,death_post,D1,DEAD,0.1098439051227,3844
ELSA,education,middle,85,85,FALSE,death_post,D1,DEAD,0.117520397850988,3844
ELSA,education,middle,86,86,FALSE,death_post,D1,DEAD,0.127036606974766,3844
ELSA,education,middle,87,87,FALSE,death_post,D1,DEAD,0.139247280757585,3844
ELSA,education,middle,88,88,FALSE,death_post,D1,DEAD,0.155328313093587,3844
ELSA,education,middle,89,89,FALSE,death_post,D1,DEAD,0.176963807833811,3844
ELSA,education,middle,90,90,FALSE,death_post,D1,DEAD,0.20665792795435,3844
ELSA,education,middle,91,91,FALSE,death_post,D1,DEAD,0.247883014682646,3844
ELSA,education,middle,92,92,FALSE,death_post,D1,DEAD,0.304144233035498,3844
ELSA,education,middle,93,93,FALSE,death_post,D1,DEAD,0.379569223630126,3844
ELSA,education,middle,94,94,FALSE,death_post,D1,DEAD,0.479094798873587,3844
ELSA,education,middle,95,95,FALSE,death_post,D1,DEAD,0.608151035034226,3844
ELSA,education,middle,96,95,TRUE,death_post,D1,DEAD,0.608151035034226,3844
ELSA,education,middle,97,95,TRUE,death_post,D1,DEAD,0.608151035034226,3844
ELSA,education,middle,98,95,TRUE,death_post,D1,DEAD,0.608151035034226,3844
ELSA,education,middle,99,95,TRUE,death_post,D1,DEAD,0.608151035034226,3844
ELSA,education,low,60,60,FALSE,death_post,D1,DEAD,0.0281377889007418,3844
ELSA,education,low,61,61,FALSE,death_post,D1,DEAD,0.0291526957046883,3844
ELSA,education,low,62,62,FALSE,death_post,D1,DEAD,0.0302249682437504,3844
ELSA,education,low,63,63,FALSE,death_post,D1,DEAD,0.0313797695369761,3844
ELSA,education,low,64,64,FALSE,death_post,D1,DEAD,0.032645910835685,3844
ELSA,education,low,65,65,FALSE,death_post,D1,DEAD,0.0340566052875941,3844
ELSA,education,low,66,66,FALSE,death_post,D1,DEAD,0.0356505166846973,3844
ELSA,education,low,67,67,FALSE,death_post,D1,DEAD,0.0374731834417133,3844
ELSA,education,low,68,68,FALSE,death_post,D1,DEAD,0.039578927266458,3844
ELSA,education,low,69,69,FALSE,death_post,D1,DEAD,0.0420333979796349,3844
ELSA,education,low,70,70,FALSE,death_post,D1,DEAD,0.044916965921605,3844
ELSA,education,low,71,71,FALSE,death_post,D1,DEAD,0.0483119976761716,3844
ELSA,education,low,72,72,FALSE,death_post,D1,DEAD,0.0522457436196082,3844
ELSA,education,low,73,73,FALSE,death_post,D1,DEAD,0.0567238490839691,3844
ELSA,education,low,74,74,FALSE,death_post,D1,DEAD,0.0617400322929434,3844
ELSA,education,low,75,75,FALSE,death_post,D1,DEAD,0.0672700756092697,3844
ELSA,education,low,76,76,FALSE,death_post,D1,DEAD,0.0732653124576464,3844
ELSA,education,low,77,77,FALSE,death_post,D1,DEAD,0.0796459773309615,3844
ELSA,education,low,78,78,FALSE,death_post,D1,DEAD,0.0862950247589795,3844
ELSA,education,low,79,79,FALSE,death_post,D1,DEAD,0.0930532753507296,3844
ELSA,education,low,80,80,FALSE,death_post,D1,DEAD,0.0997169734102842,3844
ELSA,education,low,81,81,FALSE,death_post,D1,DEAD,0.106128398083624,3844
ELSA,education,low,82,82,FALSE,death_post,D1,DEAD,0.112490806495568,3844
ELSA,education,low,83,83,FALSE,death_post,D1,DEAD,0.119176112174818,3844
ELSA,education,low,84,84,FALSE,death_post,D1,DEAD,0.126651990317055,3844
ELSA,education,low,85,85,FALSE,death_post,D1,DEAD,0.135503123947147,3844
ELSA,education,low,86,86,FALSE,death_post,D1,DEAD,0.146475483537363,3844
ELSA,education,low,87,87,FALSE,death_post,D1,DEAD,0.160554609147279,3844
ELSA,education,low,88,88,FALSE,death_post,D1,DEAD,0.179096327501452,3844
ELSA,education,low,89,89,FALSE,death_post,D1,DEAD,0.204042440508658,3844
ELSA,education,low,90,90,FALSE,death_post,D1,DEAD,0.238280292939149,3844
ELSA,education,low,91,91,FALSE,death_post,D1,DEAD,0.285813556430643,3844
ELSA,education,low,92,92,FALSE,death_post,D1,DEAD,0.350683749037976,3844
ELSA,education,low,93,93,FALSE,death_post,D1,DEAD,0.437650114334111,3844
ELSA,education,low,94,94,FALSE,death_post,D1,DEAD,0.552404885460955,3844
ELSA,education,low,95,95,FALSE,death_post,D1,DEAD,0.701209037628657,3844
ELSA,education,low,96,95,TRUE,death_post,D1,DEAD,0.701209037628657,3844
ELSA,education,low,97,95,TRUE,death_post,D1,DEAD,0.701209037628657,3844
ELSA,education,low,98,95,TRUE,death_post,D1,DEAD,0.701209037628657,3844
ELSA,education,low,99,95,TRUE,death_post,D1,DEAD,0.701209037628657,3844
ELSA,education,high,60,60,FALSE,death_post,R1,DEAD,0.0101099953880048,1546
ELSA,education,high,61,61,FALSE,death_post,R1,DEAD,0.0104746545708336,1546
ELSA,education,high,62,62,FALSE,death_post,R1,DEAD,0.0108599254413644,1546
ELSA,education,high,63,63,FALSE,death_post,R1,DEAD,0.011274849150891,1546
ELSA,education,high,64,64,FALSE,death_post,R1,DEAD,0.0117297776719509,1546
ELSA,education,high,65,65,FALSE,death_post,R1,DEAD,0.0122366445921981,1546
ELSA,education,high,66,66,FALSE,death_post,R1,DEAD,0.0128093419327904,1546
ELSA,education,high,67,67,FALSE,death_post,R1,DEAD,0.0134642317882906,1546
ELSA,education,high,68,68,FALSE,death_post,R1,DEAD,0.0142208321178896,1546
ELSA,education,high,69,69,FALSE,death_post,R1,DEAD,0.0151027311071011,1546
ELSA,education,high,70,70,FALSE,death_post,R1,DEAD,0.0161388060701039,1546
ELSA,education,high,71,71,FALSE,death_post,R1,DEAD,0.0173586515775771,1546
ELSA,education,high,72,72,FALSE,death_post,R1,DEAD,0.0187720587747814,1546
ELSA,education,high,73,73,FALSE,death_post,R1,DEAD,0.0203810560471468,1546
ELSA,education,high,74,74,FALSE,death_post,R1,DEAD,0.0221833863328354,1546
ELSA,education,high,75,75,FALSE,death_post,R1,DEAD,0.0241703481591803,1546
ELSA,education,high,76,76,FALSE,death_post,R1,DEAD,0.0263244554737563,1546
ELSA,education,high,77,77,FALSE,death_post,R1,DEAD,0.0286170482808592,1546
ELSA,education,high,78,78,FALSE,death_post,R1,DEAD,0.0310060717776598,1546
ELSA,education,high,79,79,FALSE,death_post,R1,DEAD,0.0334343323120819,1546
ELSA,education,high,80,80,FALSE,death_post,R1,DEAD,0.0358286198265276,1546
ELSA,education,high,81,81,FALSE,death_post,R1,DEAD,0.0381322647258003,1546
ELSA,education,high,82,82,FALSE,death_post,R1,DEAD,0.0404182979293423,1546
ELSA,education,high,83,83,FALSE,death_post,R1,DEAD,0.0428203491289958,1546
ELSA,education,high,84,84,FALSE,death_post,R1,DEAD,0.0455064554824807,1546
ELSA,education,high,85,85,FALSE,death_post,R1,DEAD,0.0486866954258008,1546
ELSA,education,high,86,86,FALSE,death_post,R1,DEAD,0.0526290984782909,1546
ELSA,education,high,87,87,FALSE,death_post,R1,DEAD,0.057687772259856,1546
ELSA,education,high,88,88,FALSE,death_post,R1,DEAD,0.064349869545028,1546
ELSA,education,high,89,89,FALSE,death_post,R1,DEAD,0.073313085821231,1546
ELSA,education,high,90,90,FALSE,death_post,R1,DEAD,0.08561485307766,1546
ELSA,education,high,91,91,FALSE,death_post,R1,DEAD,0.102693703031757,1546
ELSA,education,high,92,92,FALSE,death_post,R1,DEAD,0.126001765736777,1546
ELSA,education,high,93,93,FALSE,death_post,R1,DEAD,0.157249052265118,1546
ELSA,education,high,94,94,FALSE,death_post,R1,DEAD,0.198480799753755,1546
ELSA,education,high,95,95,FALSE,death_post,R1,DEAD,0.251946596140185,1546
ELSA,education,high,96,95,TRUE,death_post,R1,DEAD,0.251946596140185,1546
ELSA,education,high,97,95,TRUE,death_post,R1,DEAD,0.251946596140185,1546
ELSA,education,high,98,95,TRUE,death_post,R1,DEAD,0.251946596140185,1546
ELSA,education,high,99,95,TRUE,death_post,R1,DEAD,0.251946596140185,1546
ELSA,education,middle,60,60,FALSE,death_post,R1,DEAD,0.0116212422866737,1546
ELSA,education,middle,61,61,FALSE,death_post,R1,DEAD,0.0120404108968535,1546
ELSA,education,middle,62,62,FALSE,death_post,R1,DEAD,0.0124832722395747,1546
ELSA,education,middle,63,63,FALSE,death_post,R1,DEAD,0.0129602189417083,1546
ELSA,education,middle,64,64,FALSE,death_post,R1,DEAD,0.0134831503935493,1546
ELSA,education,middle,65,65,FALSE,death_post,R1,DEAD,0.014065784021086,1546
ELSA,education,middle,66,66,FALSE,death_post,R1,DEAD,0.0147240884313781,1546
ELSA,education,middle,67,67,FALSE,death_post,R1,DEAD,0.0154768715326327,1546
ELSA,education,middle,68,68,FALSE,death_post,R1,DEAD,0.0163465688378243,1546
ELSA,education,middle,69,69,FALSE,death_post,R1,DEAD,0.0173602945056085,1546
ELSA,education,middle,70,70,FALSE,death_post,R1,DEAD,0.0185512424447636,1546
ELSA,education,middle,71,71,FALSE,death_post,R1,DEAD,0.0199534310364098,1546
ELSA,education,middle,72,72,FALSE,death_post,R1,DEAD,0.0215781150108386,1546
ELSA,education,middle,73,73,FALSE,death_post,R1,DEAD,0.0234276259574946,1546
ELSA,education,middle,74,74,FALSE,death_post,R1,DEAD,0.0254993694278672,1546
ELSA,education,middle,75,75,FALSE,death_post,R1,DEAD,0.0277833432490346,1546
ELSA,education,middle,76,76,FALSE,death_post,R1,DEAD,0.0302594475451736,1546
ELSA,education,middle,77,77,FALSE,death_post,R1,DEAD,0.0328947382108488,1546
ELSA,education,middle,78,78,FALSE,death_post,R1,DEAD,0.035640874071387,1546
ELSA,education,middle,79,79,FALSE,death_post,R1,DEAD,0.0384321121405131,1546
ELSA,education,middle,80,80,FALSE,death_post,R1,DEAD,0.041184298886547,1546
ELSA,education,middle,81,81,FALSE,death_post,R1,DEAD,0.0438322937163638,1546
ELSA,education,middle,82,82,FALSE,death_post,R1,DEAD,0.0464600442458313,1546
ELSA,education,middle,83,83,FALSE,death_post,R1,DEAD,0.0492211551964147,1546
ELSA,education,middle,84,84,FALSE,death_post,R1,DEAD,0.0523087819997522,1546
ELSA,education,middle,85,85,FALSE,death_post,R1,DEAD,0.0559644057159539,1546
ELSA,education,middle,86,86,FALSE,death_post,R1,DEAD,0.0604961210438431,1546
ELSA,education,middle,87,87,FALSE,death_post,R1,DEAD,0.0663109677780525,1546
ELSA,education,middle,88,88,FALSE,death_post,R1,DEAD,0.0739689185205656,1546
ELSA,education,middle,89,89,FALSE,death_post,R1,DEAD,0.0842719606106935,1546
ELSA,education,middle,90,90,FALSE,death_post,R1,DEAD,0.0984126018627017,1546
ELSA,education,middle,91,91,FALSE,death_post,R1,DEAD,0.11804440639644,1546
ELSA,education,middle,92,92,FALSE,death_post,R1,DEAD,0.14483656935325,1546
ELSA,education,middle,93,93,FALSE,death_post,R1,DEAD,0.18075471507049,1546
ELSA,education,middle,94,94,FALSE,death_post,R1,DEAD,0.228149803700986,1546
ELSA,education,middle,95,95,FALSE,death_post,R1,DEAD,0.289607692652535,1546
ELSA,education,middle,96,95,TRUE,death_post,R1,DEAD,0.289607692652535,1546
ELSA,education,middle,97,95,TRUE,death_post,R1,DEAD,0.289607692652535,1546
ELSA,education,middle,98,95,TRUE,death_post,R1,DEAD,0.289607692652535,1546
ELSA,education,middle,99,95,TRUE,death_post,R1,DEAD,0.289607692652535,1546
ELSA,education,low,60,60,FALSE,death_post,R1,DEAD,0.0133995005359636,1546
ELSA,education,low,61,61,FALSE,death_post,R1,DEAD,0.013882809452361,1546
ELSA,education,low,62,62,FALSE,death_post,R1,DEAD,0.014393436513803,1546
ELSA,education,low,63,63,FALSE,death_post,R1,DEAD,0.0149433646052423,1546
ELSA,education,low,64,64,FALSE,death_post,R1,DEAD,0.0155463139368513,1546
ELSA,education,low,65,65,FALSE,death_post,R1,DEAD,0.0162181009465242,1546
ELSA,education,low,66,66,FALSE,death_post,R1,DEAD,0.0169771377242577,1546
ELSA,education,low,67,67,FALSE,death_post,R1,DEAD,0.0178451101251336,1546
ELSA,education,low,68,68,FALSE,death_post,R1,DEAD,0.0188478866975147,1546
ELSA,education,low,69,69,FALSE,death_post,R1,DEAD,0.0200167305520457,1546
ELSA,education,low,70,70,FALSE,death_post,R1,DEAD,0.0213899148601737,1546
ELSA,education,low,71,71,FALSE,death_post,R1,DEAD,0.0230066634247252,1546
ELSA,education,low,72,72,FALSE,death_post,R1,DEAD,0.0248799531513403,1546
ELSA,education,low,73,73,FALSE,death_post,R1,DEAD,0.0270124724044158,1546
ELSA,education,low,74,74,FALSE,death_post,R1,DEAD,0.029401229738343,1546
ELSA,education,low,75,75,FALSE,death_post,R1,DEAD,0.0320346924685671,1546
ELSA,education,low,76,76,FALSE,death_post,R1,DEAD,0.0348896850782008,1546
ELSA,education,low,77,77,FALSE,death_post,R1,DEAD,0.0379282224235264,1546
ELSA,education,low,78,78,FALSE,death_post,R1,DEAD,0.0410945662641764,1546
ELSA,education,low,79,79,FALSE,death_post,R1,DEAD,0.0443129137592755,1546
ELSA,education,low,80,80,FALSE,death_post,R1,DEAD,0.0474862343792958,1546
ELSA,education,low,81,81,FALSE,death_post,R1,DEAD,0.0505394198534552,1546
ELSA,education,low,82,82,FALSE,death_post,R1,DEAD,0.0535692632866615,1546
ELSA,education,low,83,83,FALSE,death_post,R1,DEAD,0.0567528736743929,1546
ELSA,education,low,84,84,FALSE,death_post,R1,DEAD,0.0603129626894563,1546
ELSA,education,low,85,85,FALSE,death_post,R1,DEAD,0.0645279623199774,1546
ELSA,education,low,86,86,FALSE,death_post,R1,DEAD,0.069753111272815,1546
ELSA,education,low,87,87,FALSE,death_post,R1,DEAD,0.0764577337227688,1546
ELSA,education,low,88,88,FALSE,death_post,R1,DEAD,0.0852874881111061,1546
ELSA,education,low,89,89,FALSE,death_post,R1,DEAD,0.0971670802066116,1546
ELSA,education,low,90,90,FALSE,death_post,R1,DEAD,0.113471492881359,1546
ELSA,education,low,91,91,FALSE,death_post,R1,DEAD,0.136107315186984,1546
ELSA,education,low,92,92,FALSE,death_post,R1,DEAD,0.166999159022912,1546
ELSA,education,low,93,93,FALSE,death_post,R1,DEAD,0.208413424461716,1546
ELSA,education,low,94,94,FALSE,death_post,R1,DEAD,0.263060810673999,1546
ELSA,education,low,95,95,FALSE,death_post,R1,DEAD,0.33392285757322,1546
ELSA,education,low,96,95,TRUE,death_post,R1,DEAD,0.33392285757322,1546
ELSA,education,low,97,95,TRUE,death_post,R1,DEAD,0.33392285757322,1546
ELSA,education,low,98,95,TRUE,death_post,R1,DEAD,0.33392285757322,1546
ELSA,education,low,99,95,TRUE,death_post,R1,DEAD,0.33392285757322,1546
ELSA,education,high,60,60,FALSE,death_post,D2,DEAD,0.0214124523007465,386
ELSA,education,high,61,61,FALSE,death_post,D2,DEAD,0.0221847817686329,386
ELSA,education,high,62,62,FALSE,death_post,D2,DEAD,0.0230007657351435,386
ELSA,education,high,63,63,FALSE,death_post,D2,DEAD,0.0238795528955441,386
ELSA,education,high,64,64,FALSE,death_post,D2,DEAD,0.0248430681973416,386
ELSA,education,high,65,65,FALSE,death_post,D2,DEAD,0.0259165863678342,386
ELSA,education,high,66,66,FALSE,death_post,D2,DEAD,0.0271295299961513,386
ELSA,education,high,67,67,FALSE,death_post,D2,DEAD,0.0285165531603535,386
ELSA,education,high,68,68,FALSE,death_post,D2,DEAD,0.0301189938981099,386
ELSA,education,high,69,69,FALSE,death_post,D2,DEAD,0.031986810777925,386
ELSA,education,high,70,70,FALSE,death_post,D2,DEAD,0.0341811644718561,386
ELSA,education,high,71,71,FALSE,death_post,D2,DEAD,0.0367647347644836,386
ELSA,education,high,72,72,FALSE,death_post,D2,DEAD,0.0397582587998732,386
ELSA,education,high,73,73,FALSE,death_post,D2,DEAD,0.043166032594452,386
ELSA,education,high,74,74,FALSE,death_post,D2,DEAD,0.0469832758068758,386
ELSA,education,high,75,75,FALSE,death_post,D2,DEAD,0.0511915591638092,386
ELSA,education,high,76,76,FALSE,death_post,D2,DEAD,0.0557538481020193,386
ELSA,education,high,77,77,FALSE,death_post,D2,DEAD,0.0606094422188444,386
ELSA,education,high,78,78,FALSE,death_post,D2,DEAD,0.0656692715963433,386
ELSA,education,high,79,79,FALSE,death_post,D2,DEAD,0.0708122030094269,386
ELSA,education,high,80,80,FALSE,death_post,D2,DEAD,0.0758831813066246,386
ELSA,education,high,81,81,FALSE,death_post,D2,DEAD,0.0807621831884711,386
ELSA,education,high,82,82,FALSE,death_post,D2,DEAD,0.0856038844010002,386
ELSA,education,high,83,83,FALSE,death_post,D2,DEAD,0.0906913057857374,386
ELSA,education,high,84,84,FALSE,death_post,D2,DEAD,0.0963803414342571,386
ELSA,education,high,85,85,FALSE,death_post,D2,DEAD,0.10311592671178,386
ELSA,education,high,86,86,FALSE,death_post,D2,DEAD,0.111465734409212,386
ELSA,education,high,87,87,FALSE,death_post,D2,DEAD,0.122179746324718,386
ELSA,education,high,88,88,FALSE,death_post,D2,DEAD,0.136289727078115,386
ELSA,education,high,89,89,FALSE,death_post,D2,DEAD,0.155273359969104,386
ELSA,education,high,90,90,FALSE,death_post,D2,DEAD,0.181327872803571,386
ELSA,education,high,91,91,FALSE,death_post,D2,DEAD,0.217500002063649,386
ELSA,education,high,92,92,FALSE,death_post,D2,DEAD,0.266865284810089,386
ELSA,education,high,93,93,FALSE,death_post,D2,DEAD,0.33304543689104,386
ELSA,education,high,94,94,FALSE,death_post,D2,DEAD,0.420372165785927,386
ELSA,education,high,95,95,FALSE,death_post,D2,DEAD,0.533609983500877,386
ELSA,education,high,96,95,TRUE,death_post,D2,DEAD,0.533609983500877,386
ELSA,education,high,97,95,TRUE,death_post,D2,DEAD,0.533609983500877,386
ELSA,education,high,98,95,TRUE,death_post,D2,DEAD,0.533609983500877,386
ELSA,education,high,99,95,TRUE,death_post,D2,DEAD,0.533609983500877,386
ELSA,education,middle,60,60,FALSE,death_post,D2,DEAD,0.0246131958115492,386
ELSA,education,middle,61,61,FALSE,death_post,D2,DEAD,0.0255009734540686,386
ELSA,education,middle,62,62,FALSE,death_post,D2,DEAD,0.0264389310903413,386
ELSA,education,middle,63,63,FALSE,death_post,D2,DEAD,0.0274490797716702,386
ELSA,education,middle,64,64,FALSE,death_post,D2,DEAD,0.0285566217970988,386
ELSA,education,middle,65,65,FALSE,death_post,D2,DEAD,0.0297906099721324,386
ELSA,education,middle,66,66,FALSE,death_post,D2,DEAD,0.0311848649884576,386
ELSA,education,middle,67,67,FALSE,death_post,D2,DEAD,0.0327792210321357,386
ELSA,education,middle,68,68,FALSE,death_post,D2,DEAD,0.034621195370284,386
ELSA,education,middle,69,69,FALSE,death_post,D2,DEAD,0.0367682144018876,386
ELSA,education,middle,70,70,FALSE,death_post,D2,DEAD,0.0392905811252283,386
ELSA,education,middle,71,71,FALSE,death_post,D2,DEAD,0.0422603447287705,386
ELSA,education,middle,72,72,FALSE,death_post,D2,DEAD,0.0457013421546961,386
ELSA,education,middle,73,73,FALSE,death_post,D2,DEAD,0.0496185115900022,386
ELSA,education,middle,74,74,FALSE,death_post,D2,DEAD,0.0540063581256565,386
ELSA,education,middle,75,75,FALSE,death_post,D2,DEAD,0.0588436976718174,386
ELSA,education,middle,76,76,FALSE,death_post,D2,DEAD,0.0640879597212005,386
ELSA,education,middle,77,77,FALSE,death_post,D2,DEAD,0.0696693703462065,386
ELSA,education,middle,78,78,FALSE,death_post,D2,DEAD,0.0754855454153772,386
ELSA,education,middle,79,79,FALSE,death_post,D2,DEAD,0.0813972446517688,386
ELSA,education,middle,80,80,FALSE,death_post,D2,DEAD,0.087226235186435,386
ELSA,education,middle,81,81,FALSE,death_post,D2,DEAD,0.0928345525802637,386
ELSA,education,middle,82,82,FALSE,death_post,D2,DEAD,0.09839999358306,386
ELSA,education,middle,83,83,FALSE,death_post,D2,DEAD,0.104247885125779,386
ELSA,education,middle,84,84,FALSE,death_post,D2,DEAD,0.110787320517353,386
ELSA,education,middle,85,85,FALSE,death_post,D2,DEAD,0.118529744272117,386
ELSA,education,middle,86,86,FALSE,death_post,D2,DEAD,0.12812768517861,386
ELSA,education,middle,87,87,FALSE,death_post,D2,DEAD,0.140443232669378,386
ELSA,education,middle,88,88,FALSE,death_post,D2,DEAD,0.156662380028246,386
ELSA,education,middle,89,89,FALSE,death_post,D2,DEAD,0.178483695354384,386
ELSA,education,middle,90,90,FALSE,death_post,D2,DEAD,0.208432849106703,386
ELSA,education,middle,91,91,FALSE,death_post,D2,DEAD,0.250012005379613,386
ELSA,education,middle,92,92,FALSE,death_post,D2,DEAD,0.306756433970272,386
ELSA,education,middle,93,93,FALSE,death_post,D2,DEAD,0.382829226527048,386
ELSA,education,middle,94,94,FALSE,death_post,D2,DEAD,0.483209596214876,386
ELSA,education,middle,95,95,FALSE,death_post,D2,DEAD,0.613374256551021,386
ELSA,education,middle,96,95,TRUE,death_post,D2,DEAD,0.613374256551021,386
ELSA,education,middle,97,95,TRUE,death_post,D2,DEAD,0.613374256551021,386
ELSA,education,middle,98,95,TRUE,death_post,D2,DEAD,0.613374256551021,386
ELSA,education,middle,99,95,TRUE,death_post,D2,DEAD,0.613374256551021,386
ELSA,education,low,60,60,FALSE,death_post,D2,DEAD,0.0283794556840815,386
ELSA,education,low,61,61,FALSE,death_post,D2,DEAD,0.0294030792092872,386
ELSA,education,low,62,62,FALSE,death_post,D2,DEAD,0.0304845611661999,386
ELSA,education,low,63,63,FALSE,death_post,D2,DEAD,0.0316492806912708,386
ELSA,education,low,64,64,FALSE,death_post,D2,DEAD,0.0329262964867638,386
ELSA,education,low,65,65,FALSE,death_post,D2,DEAD,0.0343491069578694,386
ELSA,education,low,66,66,FALSE,death_post,D2,DEAD,0.0359567079679562,386
ELSA,education,low,67,67,FALSE,death_post,D2,DEAD,0.0377950290471303,386
ELSA,education,low,68,68,FALSE,death_post,D2,DEAD,0.039918858455588,386
ELSA,education,low,69,69,FALSE,death_post,D2,DEAD,0.0423944098600781,386
ELSA,education,low,70,70,FALSE,death_post,D2,DEAD,0.0453027438770066,386
ELSA,education,low,71,71,FALSE,death_post,D2,DEAD,0.0487269345113401,386
ELSA,education,low,72,72,FALSE,death_post,D2,DEAD,0.0526944661844223,386
ELSA,education,low,73,73,FALSE,death_post,D2,DEAD,0.057211032714322,386
ELSA,education,low,74,74,FALSE,death_post,D2,DEAD,0.0622702983724906,386
ELSA,education,low,75,75,FALSE,death_post,D2,DEAD,0.0678478375238556,386
ELSA,education,low,76,76,FALSE,death_post,D2,DEAD,0.0738945656109226,386
ELSA,education,low,77,77,FALSE,death_post,D2,DEAD,0.0803300320452609,386
ELSA,education,low,78,78,FALSE,death_post,D2,DEAD,0.0870361860892205,386
ELSA,education,low,79,79,FALSE,death_post,D2,DEAD,0.0938524812091769,386
ELSA,education,low,80,80,FALSE,death_post,D2,DEAD,0.100573411714425,386
ELSA,education,low,81,81,FALSE,death_post,D2,DEAD,0.107039902135216,386
ELSA,education,low,82,82,FALSE,death_post,D2,DEAD,0.113456955309071,386
ELSA,education,low,83,83,FALSE,death_post,D2,DEAD,0.120199679015191,386
ELSA,education,low,84,84,FALSE,death_post,D2,DEAD,0.127739765167149,386
ELSA,education,low,85,85,FALSE,death_post,D2,DEAD,0.136666918451836,386
ELSA,education,low,86,86,FALSE,death_post,D2,DEAD,0.147733516251641,386
ELSA,education,low,87,87,FALSE,death_post,D2,DEAD,0.161933563125498,386
ELSA,education,low,88,88,FALSE,death_post,D2,DEAD,0.180634530575187,386
ELSA,education,low,89,89,FALSE,death_post,D2,DEAD,0.205794898046684,386
ELSA,education,low,90,90,FALSE,death_post,D2,DEAD,0.240326808823214,386
ELSA,education,low,91,91,FALSE,death_post,D2,DEAD,0.288268320842343,386
ELSA,education,low,92,92,FALSE,death_post,D2,DEAD,0.35369566350995,386
ELSA,education,low,93,93,FALSE,death_post,D2,DEAD,0.441408956072972,386
ELSA,education,low,94,94,FALSE,death_post,D2,DEAD,0.5571493205067,386
ELSA,education,low,95,95,FALSE,death_post,D2,DEAD,0.707231505604737,386
ELSA,education,low,96,95,TRUE,death_post,D2,DEAD,0.707231505604737,386
ELSA,education,low,97,95,TRUE,death_post,D2,DEAD,0.707231505604737,386
ELSA,education,low,98,95,TRUE,death_post,D2,DEAD,0.707231505604737,386
ELSA,education,low,99,95,TRUE,death_post,D2,DEAD,0.707231505604737,386
ELSA,wealth,high,60,60,FALSE,onset,I0,D1,0.00881345508686733,43005
ELSA,wealth,high,61,61,FALSE,onset,I0,D1,0.00909645026263364,43005
ELSA,wealth,high,62,62,FALSE,onset,I0,D1,0.00939659724382799,43005
ELSA,wealth,high,63,63,FALSE,onset,I0,D1,0.00972333156633379,43005
ELSA,wealth,high,64,64,FALSE,onset,I0,D1,0.0100873782907669,43005
ELSA,wealth,high,65,65,FALSE,onset,I0,D1,0.0105010604678539,43005
ELSA,wealth,high,66,66,FALSE,onset,I0,D1,0.0109787415053163,43005
ELSA,wealth,high,67,67,FALSE,onset,I0,D1,0.0115374390291197,43005
ELSA,wealth,high,68,68,FALSE,onset,I0,D1,0.0121976634597222,43005
ELSA,wealth,high,69,69,FALSE,onset,I0,D1,0.0129845574702,43005
ELSA,wealth,high,70,70,FALSE,onset,I0,D1,0.0139294461018385,43005
ELSA,wealth,high,71,71,FALSE,onset,I0,D1,0.0150663540807411,43005
ELSA,wealth,high,72,72,FALSE,onset,I0,D1,0.0164140473329239,43005
ELSA,wealth,high,73,73,FALSE,onset,I0,D1,0.0179870720207704,43005
ELSA,wealth,high,74,74,FALSE,onset,I0,D1,0.0197991541706578,43005
ELSA,wealth,high,75,75,FALSE,onset,I0,D1,0.0218614147718333,43005
ELSA,wealth,high,76,76,FALSE,onset,I0,D1,0.0241801752938926,43005
ELSA,wealth,high,77,77,FALSE,onset,I0,D1,0.0267543418054437,43005
ELSA,wealth,high,78,78,FALSE,onset,I0,D1,0.0295724178509738,43005
ELSA,wealth,high,79,79,FALSE,onset,I0,D1,0.0326092811187913,43005
ELSA,wealth,high,80,80,FALSE,onset,I0,D1,0.0358229654813012,43005
ELSA,wealth,high,81,81,FALSE,onset,I0,D1,0.0391667975420716,43005
ELSA,wealth,high,82,82,FALSE,onset,I0,D1,0.0426428225581709,43005
ELSA,wealth,high,83,83,FALSE,onset,I0,D1,0.0462750094717178,43005
ELSA,wealth,high,84,84,FALSE,onset,I0,D1,0.0500980848146931,43005
ELSA,wealth,high,85,85,FALSE,onset,I0,D1,0.0541590585744938,43005
ELSA,wealth,high,86,86,FALSE,onset,I0,D1,0.0585191226527315,43005
ELSA,wealth,high,87,87,FALSE,onset,I0,D1,0.0632561221299829,43005
ELSA,wealth,high,88,88,FALSE,onset,I0,D1,0.0684678549146827,43005
ELSA,wealth,high,89,89,FALSE,onset,I0,D1,0.0742765323001174,43005
ELSA,wealth,high,90,90,FALSE,onset,I0,D1,0.0808348431971452,43005
ELSA,wealth,high,91,91,FALSE,onset,I0,D1,0.0883085321865097,43005
ELSA,wealth,high,92,92,FALSE,onset,I0,D1,0.0967906643944157,43005
ELSA,wealth,high,93,93,FALSE,onset,I0,D1,0.106349225081536,43005
ELSA,wealth,high,94,94,FALSE,onset,I0,D1,0.117043838947552,43005
ELSA,wealth,high,95,95,FALSE,onset,I0,D1,0.128919754756364,43005
ELSA,wealth,high,96,95,TRUE,onset,I0,D1,0.128919754756364,43005
ELSA,wealth,high,97,95,TRUE,onset,I0,D1,0.128919754756364,43005
ELSA,wealth,high,98,95,TRUE,onset,I0,D1,0.128919754756364,43005
ELSA,wealth,high,99,95,TRUE,onset,I0,D1,0.128919754756364,43005
ELSA,wealth,middle,60,60,FALSE,onset,I0,D1,0.0125548121369764,43005
ELSA,wealth,middle,61,61,FALSE,onset,I0,D1,0.0129579402215242,43005
ELSA,wealth,middle,62,62,FALSE,onset,I0,D1,0.0133855011411901,43005
ELSA,wealth,middle,63,63,FALSE,onset,I0,D1,0.013850935865408,43005
ELSA,wealth,middle,64,64,FALSE,onset,I0,D1,0.0143695222982304,43005
ELSA,wealth,middle,65,65,FALSE,onset,I0,D1,0.0149588146888482,43005
ELSA,wealth,middle,66,66,FALSE,onset,I0,D1,0.0156392737854938,43005
ELSA,wealth,middle,67,67,FALSE,onset,I0,D1,0.0164351412839506,43005
ELSA,wealth,middle,68,68,FALSE,onset,I0,D1,0.0173756343837347,43005
ELSA,wealth,middle,69,69,FALSE,onset,I0,D1,0.018496568952061,43005
ELSA,wealth,middle,70,70,FALSE,onset,I0,D1,0.0198425676714807,43005
ELSA,wealth,middle,71,71,FALSE,onset,I0,D1,0.0214620989394644,43005
ELSA,wealth,middle,72,72,FALSE,onset,I0,D1,0.0233818949142164,43005
ELSA,wealth,middle,73,73,FALSE,onset,I0,D1,0.0256226766789259,43005
ELSA,wealth,middle,74,74,FALSE,onset,I0,D1,0.0282039970288196,43005
ELSA,wealth,middle,75,75,FALSE,onset,I0,D1,0.0311416978703234,43005
ELSA,wealth,middle,76,76,FALSE,onset,I0,D1,0.0344447841694152,43005
ELSA,wealth,middle,77,77,FALSE,onset,I0,D1,0.0381116976151961,43005
ELSA,wealth,middle,78,78,FALSE,onset,I0,D1,0.0421260614476122,43005
ELSA,wealth,middle,79,79,FALSE,onset,I0,D1,0.046452088804346,43005
ELSA,wealth,middle,80,80,FALSE,onset,I0,D1,0.0510299987206251,43005
ELSA,wealth,middle,81,81,FALSE,onset,I0,D1,0.055793304702989,43005
ELSA,wealth,middle,82,82,FALSE,onset,I0,D1,0.0607449202306593,43005
ELSA,wealth,middle,83,83,FALSE,onset,I0,D1,0.06591898918506,43005
ELSA,wealth,middle,84,84,FALSE,onset,I0,D1,0.0713649796897467,43005
ELSA,wealth,middle,85,85,FALSE,onset,I0,D1,0.077149857713742,43005
ELSA,wealth,middle,86,86,FALSE,onset,I0,D1,0.0833607914358665,43005
ELSA,wealth,middle,87,87,FALSE,onset,I0,D1,0.0901086715740956,43005
ELSA,wealth,middle,88,88,FALSE,onset,I0,D1,0.0975328117523925,43005
ELSA,wealth,middle,89,89,FALSE,onset,I0,D1,0.105807302587105,43005
ELSA,wealth,middle,90,90,FALSE,onset,I0,D1,0.115149650217691,43005
ELSA,wealth,middle,91,91,FALSE,onset,I0,D1,0.125795958652561,43005
ELSA,wealth,middle,92,92,FALSE,onset,I0,D1,0.137878799643029,43005
ELSA,wealth,middle,93,93,FALSE,onset,I0,D1,0.151495018542868,43005
ELSA,wealth,middle,94,94,FALSE,onset,I0,D1,0.166729551043681,43005
ELSA,wealth,middle,95,95,FALSE,onset,I0,D1,0.183646854242553,43005
ELSA,wealth,middle,96,95,TRUE,onset,I0,D1,0.183646854242553,43005
ELSA,wealth,middle,97,95,TRUE,onset,I0,D1,0.183646854242553,43005
ELSA,wealth,middle,98,95,TRUE,onset,I0,D1,0.183646854242553,43005
ELSA,wealth,middle,99,95,TRUE,onset,I0,D1,0.183646854242553,43005
ELSA,wealth,low,60,60,FALSE,onset,I0,D1,0.0190331300713572,43005
ELSA,wealth,low,61,61,FALSE,onset,I0,D1,0.0196442733672427,43005
ELSA,wealth,low,62,62,FALSE,onset,I0,D1,0.020292456909031,43005
ELSA,wealth,low,63,63,FALSE,onset,I0,D1,0.0209980572437165,43005
ELSA,wealth,low,64,64,FALSE,onset,I0,D1,0.0217842357162785,43005
ELSA,wealth,low,65,65,FALSE,onset,I0,D1,0.022677604617248,43005
ELSA,wealth,low,66,66,FALSE,onset,I0,D1,0.0237091824977764,43005
ELSA,wealth,low,67,67,FALSE,onset,I0,D1,0.0249157198360039,43005
ELSA,wealth,low,68,68,FALSE,onset,I0,D1,0.0263415099875494,43005
ELSA,wealth,low,69,69,FALSE,onset,I0,D1,0.0280408499065913,43005
ELSA,wealth,low,70,70,FALSE,onset,I0,D1,0.0300813877038191,43005
ELSA,wealth,low,71,71,FALSE,onset,I0,D1,0.032536601604422,43005
ELSA,wealth,low,72,72,FALSE,onset,I0,D1,0.0354470176344881,43005
ELSA,wealth,low,73,73,FALSE,onset,I0,D1,0.0388440490136858,43005
ELSA,wealth,low,74,74,FALSE,onset,I0,D1,0.042757337833888,43005
ELSA,wealth,low,75,75,FALSE,onset,I0,D1,0.047210900469238,43005
ELSA,wealth,low,76,76,FALSE,onset,I0,D1,0.0522183884731703,43005
ELSA,wealth,low,77,77,FALSE,onset,I0,D1,0.0577774394420338,43005
ELSA,wealth,low,78,78,FALSE,onset,I0,D1,0.0638632261620991,43005
ELSA,wealth,low,79,79,FALSE,onset,I0,D1,0.0704214956506934,43005
ELSA,wealth,low,80,80,FALSE,onset,I0,D1,0.0773616197991762,43005
ELSA,wealth,low,81,81,FALSE,onset,I0,D1,0.0845828048987918,43005
ELSA,wealth,low,82,82,FALSE,onset,I0,D1,0.0920894677921323,43005
ELSA,wealth,low,83,83,FALSE,onset,I0,D1,0.099933370698273,43005
ELSA,wealth,low,84,84,FALSE,onset,I0,D1,0.108189507429925,43005
ELSA,wealth,low,85,85,FALSE,onset,I0,D1,0.116959398582128,43005
ELSA,wealth,low,86,86,FALSE,onset,I0,D1,0.126375191356088,43005
ELSA,wealth,low,87,87,FALSE,onset,I0,D1,0.136604996388262,43005
ELSA,wealth,low,88,88,FALSE,onset,I0,D1,0.14786001351953,43005
ELSA,wealth,low,89,89,FALSE,onset,I0,D1,0.160404164607821,43005
ELSA,wealth,low,90,90,FALSE,onset,I0,D1,0.174567189564688,43005
ELSA,wealth,low,91,91,FALSE,onset,I0,D1,0.190707022722674,43005
ELSA,wealth,low,92,92,FALSE,onset,I0,D1,0.209024643224999,43005
ELSA,wealth,low,93,93,FALSE,onset,I0,D1,0.229666868896973,43005
ELSA,wealth,low,94,94,FALSE,onset,I0,D1,0.252762462482982,43005
ELSA,wealth,low,95,95,FALSE,onset,I0,D1,0.278409141121239,43005
ELSA,wealth,low,96,95,TRUE,onset,I0,D1,0.278409141121239,43005
ELSA,wealth,low,97,95,TRUE,onset,I0,D1,0.278409141121239,43005
ELSA,wealth,low,98,95,TRUE,onset,I0,D1,0.278409141121239,43005
ELSA,wealth,low,99,95,TRUE,onset,I0,D1,0.278409141121239,43005
ELSA,wealth,high,60,60,FALSE,recovery,D1,R1,0.241882604355887,5704
ELSA,wealth,high,61,61,FALSE,recovery,D1,R1,0.239924868174779,5704
ELSA,wealth,high,62,62,FALSE,recovery,D1,R1,0.23796833497082,5704
ELSA,wealth,high,63,63,FALSE,recovery,D1,R1,0.235998713464683,5704
ELSA,wealth,high,64,64,FALSE,recovery,D1,R1,0.234002196306557,5704
ELSA,wealth,high,65,65,FALSE,recovery,D1,R1,0.231965471830296,5704
ELSA,wealth,high,66,66,FALSE,recovery,D1,R1,0.22987574355762,5704
ELSA,wealth,high,67,67,FALSE,recovery,D1,R1,0.227720756895577,5704
ELSA,wealth,high,68,68,FALSE,recovery,D1,R1,0.225488832433385,5704
ELSA,wealth,high,69,69,FALSE,recovery,D1,R1,0.223168905197467,5704
ELSA,wealth,high,70,70,FALSE,recovery,D1,R1,0.220750569167643,5704
ELSA,wealth,high,71,71,FALSE,recovery,D1,R1,0.218223829778575,5704
ELSA,wealth,high,72,72,FALSE,recovery,D1,R1,0.215578295809142,5704
ELSA,wealth,high,73,73,FALSE,recovery,D1,R1,0.212804179359012,5704
ELSA,wealth,high,74,74,FALSE,recovery,D1,R1,0.209892667350801,5704
ELSA,wealth,high,75,75,FALSE,recovery,D1,R1,0.206835991713645,5704
ELSA,wealth,high,76,76,FALSE,recovery,D1,R1,0.203627500080552,5704
ELSA,wealth,high,77,77,FALSE,recovery,D1,R1,0.200261725510401,5704
ELSA,wealth,high,78,78,FALSE,recovery,D1,R1,0.196734453671133,5704
ELSA,wealth,high,79,79,FALSE,recovery,D1,R1,0.193042785862416,5704
ELSA,wealth,high,80,80,FALSE,recovery,D1,R1,0.189185196218014,5704
ELSA,wealth,high,81,81,FALSE,recovery,D1,R1,0.185027576692263,5704
ELSA,wealth,high,82,82,FALSE,recovery,D1,R1,0.179928162734439,5704
ELSA,wealth,high,83,83,FALSE,recovery,D1,R1,0.173204199709927,5704
ELSA,wealth,high,84,84,FALSE,recovery,D1,R1,0.164322674412558,5704
ELSA,wealth,high,85,85,FALSE,recovery,D1,R1,0.152967648192882,5704
ELSA,wealth,high,86,86,FALSE,recovery,D1,R1,0.13910665849253,5704
ELSA,wealth,high,87,87,FALSE,recovery,D1,R1,0.123034156500695,5704
ELSA,wealth,high,88,88,FALSE,recovery,D1,R1,0.105369795660382,5704
ELSA,wealth,high,89,89,FALSE,recovery,D1,R1,0.086996635811443,5704
ELSA,wealth,high,90,90,FALSE,recovery,D1,R1,0.0689394594245026,5704
ELSA,wealth,high,91,91,FALSE,recovery,D1,R1,0.0523206324607592,5704
ELSA,wealth,high,92,92,FALSE,recovery,D1,R1,0.0382902272770018,5704
ELSA,wealth,high,93,93,FALSE,recovery,D1,R1,0.0272684397281085,5704
ELSA,wealth,high,94,94,FALSE,recovery,D1,R1,0.0190694232058045,5704
ELSA,wealth,high,95,95,FALSE,recovery,D1,R1,0.0132150036467447,5704
ELSA,wealth,high,96,95,TRUE,recovery,D1,R1,0.0132150036467447,5704
ELSA,wealth,high,97,95,TRUE,recovery,D1,R1,0.0132150036467447,5704
ELSA,wealth,high,98,95,TRUE,recovery,D1,R1,0.0132150036467447,5704
ELSA,wealth,high,99,95,TRUE,recovery,D1,R1,0.0132150036467447,5704
ELSA,wealth,middle,60,60,FALSE,recovery,D1,R1,0.194932977122569,5704
ELSA,wealth,middle,61,61,FALSE,recovery,D1,R1,0.193355239264073,5704
ELSA,wealth,middle,62,62,FALSE,recovery,D1,R1,0.191778470883797,5704
ELSA,wealth,middle,63,63,FALSE,recovery,D1,R1,0.190191154652363,5704
ELSA,wealth,middle,64,64,FALSE,recovery,D1,R1,0.188582163238755,5704
ELSA,wealth,middle,65,65,FALSE,recovery,D1,R1,0.186940768782989,5704
ELSA,wealth,middle,66,66,FALSE,recovery,D1,R1,0.185256658614526,5704
ELSA,wealth,middle,67,67,FALSE,recovery,D1,R1,0.183519956767735,5704
ELSA,wealth,middle,68,68,FALSE,recovery,D1,R1,0.181721250815787,5704
ELSA,wealth,middle,69,69,FALSE,recovery,D1,R1,0.179851623506252,5704
ELSA,wealth,middle,70,70,FALSE,recovery,D1,R1,0.177902688636662,5704
ELSA,wealth,middle,71,71,FALSE,recovery,D1,R1,0.175866391595642,5704
ELSA,wealth,middle,72,72,FALSE,recovery,D1,R1,0.173734358107274,5704
ELSA,wealth,middle,73,73,FALSE,recovery,D1,R1,0.171498700111329,5704
ELSA,wealth,middle,74,74,FALSE,recovery,D1,R1,0.169152315156528,5704
ELSA,wealth,middle,75,75,FALSE,recovery,D1,R1,0.166688942961427,5704
ELSA,wealth,middle,76,76,FALSE,recovery,D1,R1,0.164103222389345,5704
ELSA,wealth,middle,77,77,FALSE,recovery,D1,R1,0.161390747637264,5704
ELSA,wealth,middle,78,78,FALSE,recovery,D1,R1,0.158548122378701,5704
ELSA,wealth,middle,79,79,FALSE,recovery,D1,R1,0.155573010553619,5704
ELSA,wealth,middle,80,80,FALSE,recovery,D1,R1,0.152464182467767,5704
ELSA,wealth,middle,81,81,FALSE,recovery,D1,R1,0.149113560565644,5704
ELSA,wealth,middle,82,82,FALSE,recovery,D1,R1,0.145003947362884,5704
ELSA,wealth,middle,83,83,FALSE,recovery,D1,R1,0.139585111502733,5704
ELSA,wealth,middle,84,84,FALSE,recovery,D1,R1,0.132427498113313,5704
ELSA,wealth,middle,85,85,FALSE,recovery,D1,R1,0.123276492516195,5704
ELSA,wealth,middle,86,86,FALSE,recovery,D1,R1,0.112105933164273,5704
ELSA,wealth,middle,87,87,FALSE,recovery,D1,R1,0.0991531180107403,5704
ELSA,wealth,middle,88,88,FALSE,recovery,D1,R1,0.0849174252177884,5704
ELSA,wealth,middle,89,89,FALSE,recovery,D1,R1,0.070110511930081,5704
ELSA,wealth,middle,90,90,FALSE,recovery,D1,R1,0.0555582494351945,5704
ELSA,wealth,middle,91,91,FALSE,recovery,D1,R1,0.0421651514695347,5704
ELSA,wealth,middle,92,92,FALSE,recovery,D1,R1,0.0308580603292321,5704
ELSA,wealth,middle,93,93,FALSE,recovery,D1,R1,0.0219756114824474,5704
ELSA,wealth,middle,94,94,FALSE,recovery,D1,R1,0.0153680313117862,5704
ELSA,wealth,middle,95,95,FALSE,recovery,D1,R1,0.010649959762114,5704
ELSA,wealth,middle,96,95,TRUE,recovery,D1,R1,0.010649959762114,5704
ELSA,wealth,middle,97,95,TRUE,recovery,D1,R1,0.010649959762114,5704
ELSA,wealth,middle,98,95,TRUE,recovery,D1,R1,0.010649959762114,5704
ELSA,wealth,middle,99,95,TRUE,recovery,D1,R1,0.010649959762114,5704
ELSA,wealth,low,60,60,FALSE,recovery,D1,R1,0.181893976574399,5704
ELSA,wealth,low,61,61,FALSE,recovery,D1,R1,0.180421773064711,5704
ELSA,wealth,low,62,62,FALSE,recovery,D1,R1,0.178950474185175,5704
ELSA,wealth,low,63,63,FALSE,recovery,D1,R1,0.177469332996657,5704
ELSA,wealth,low,64,64,FALSE,recovery,D1,R1,0.175967966471529,5704
ELSA,wealth,low,65,65,FALSE,recovery,D1,R1,0.174436364332715,5704
ELSA,wealth,low,66,66,FALSE,recovery,D1,R1,0.172864903720699,5704
ELSA,wealth,low,67,67,FALSE,recovery,D1,R1,0.171244369269834,5704
ELSA,wealth,low,68,68,FALSE,recovery,D1,R1,0.169565978147319,5704
ELSA,wealth,low,69,69,FALSE,recovery,D1,R1,0.167821409572707,5704
ELSA,wealth,low,70,70,FALSE,recovery,D1,R1,0.166002838293763,5704
ELSA,wealth,low,71,71,FALSE,recovery,D1,R1,0.164102748469327,5704
ELSA,wealth,low,72,72,FALSE,recovery,D1,R1,0.162113325975947,5704
ELSA,wealth,low,73,73,FALSE,recovery,D1,R1,0.160027210383062,5704
ELSA,wealth,low,74,74,FALSE,recovery,D1,R1,0.157837774319944,5704
ELSA,wealth,low,75,75,FALSE,recovery,D1,R1,0.155539176253246,5704
ELSA,wealth,low,76,76,FALSE,recovery,D1,R1,0.153126413650895,5704
ELSA,wealth,low,77,77,FALSE,recovery,D1,R1,0.15059537541254,5704
ELSA,wealth,low,78,78,FALSE,recovery,D1,R1,0.147942892390821,5704
ELSA,wealth,low,79,79,FALSE,recovery,D1,R1,0.145166784783961,5704
ELSA,wealth,low,80,80,FALSE,recovery,D1,R1,0.142265905151542,5704
ELSA,wealth,low,81,81,FALSE,recovery,D1,R1,0.139139405208993,5704
ELSA,wealth,low,82,82,FALSE,recovery,D1,R1,0.135304682635795,5704
ELSA,wealth,low,83,83,FALSE,recovery,D1,R1,0.130248310863527,5704
ELSA,wealth,low,84,84,FALSE,recovery,D1,R1,0.123569467799609,5704
ELSA,wealth,low,85,85,FALSE,recovery,D1,R1,0.115030569854867,5704
ELSA,wealth,low,86,86,FALSE,recovery,D1,R1,0.104607205419183,5704
ELSA,wealth,low,87,87,FALSE,recovery,D1,R1,0.0925207996663596,5704
ELSA,wealth,low,88,88,FALSE,recovery,D1,R1,0.079237327523145,5704
ELSA,wealth,low,89,89,FALSE,recovery,D1,R1,0.065420843629812,5704
ELSA,wealth,low,90,90,FALSE,recovery,D1,R1,0.0518419770243682,5704
ELSA,wealth,low,91,91,FALSE,recovery,D1,R1,0.0393447388269923,5704
ELSA,wealth,low,92,92,FALSE,recovery,D1,R1,0.0287939751678214,5704
ELSA,wealth,low,93,93,FALSE,recovery,D1,R1,0.0205056703037118,5704
ELSA,wealth,low,94,94,FALSE,recovery,D1,R1,0.0143400689236025,5704
ELSA,wealth,low,95,95,FALSE,recovery,D1,R1,0.00993758757539639,5704
ELSA,wealth,low,96,95,TRUE,recovery,D1,R1,0.00993758757539639,5704
ELSA,wealth,low,97,95,TRUE,recovery,D1,R1,0.00993758757539639,5704
ELSA,wealth,low,98,95,TRUE,recovery,D1,R1,0.00993758757539639,5704
ELSA,wealth,low,99,95,TRUE,recovery,D1,R1,0.00993758757539639,5704
ELSA,wealth,high,60,60,FALSE,recovery,D2,R1,0.291972204864996,1362
ELSA,wealth,high,61,61,FALSE,recovery,D2,R1,0.289609056217477,1362
ELSA,wealth,high,62,62,FALSE,recovery,D2,R1,0.287247359662354,1362
ELSA,wealth,high,63,63,FALSE,recovery,D2,R1,0.284869864449635,1362
ELSA,wealth,high,64,64,FALSE,recovery,D2,R1,0.282459903972067,1362
ELSA,wealth,high,65,65,FALSE,recovery,D2,R1,0.280001409953367,1362
ELSA,wealth,high,66,66,FALSE,recovery,D2,R1,0.277478935991394,1362
ELSA,wealth,high,67,67,FALSE,recovery,D2,R1,0.274877689784182,1362
ELSA,wealth,high,68,68,FALSE,recovery,D2,R1,0.272183573321968,1362
ELSA,wealth,high,69,69,FALSE,recovery,D2,R1,0.269383230271251,1362
ELSA,wealth,high,70,70,FALSE,recovery,D2,R1,0.266464099709496,1362
ELSA,wealth,high,71,71,FALSE,recovery,D2,R1,0.263414117374016,1362
ELSA,wealth,high,72,72,FALSE,recovery,D2,R1,0.260220740205957,1362
ELSA,wealth,high,73,73,FALSE,recovery,D2,R1,0.2568721534043,1362
ELSA,wealth,high,74,74,FALSE,recovery,D2,R1,0.253357718859526,1362
ELSA,wealth,high,75,75,FALSE,recovery,D2,R1,0.249668059870967,1362
ELSA,wealth,high,76,76,FALSE,recovery,D2,R1,0.245795146484328,1362
ELSA,wealth,high,77,77,FALSE,recovery,D2,R1,0.241732379651871,1362
ELSA,wealth,high,78,78,FALSE,recovery,D2,R1,0.237474672328057,1362
ELSA,wealth,high,79,79,FALSE,recovery,D2,R1,0.233018525543088,1362
ELSA,wealth,high,80,80,FALSE,recovery,D2,R1,0.228362097450875,1362
ELSA,wealth,high,81,81,FALSE,recovery,D2,R1,0.223343508606275,1362
ELSA,wealth,high,82,82,FALSE,recovery,D2,R1,0.217188096394017,1362
ELSA,wealth,high,83,83,FALSE,recovery,D2,R1,0.209071719795024,1362
ELSA,wealth,high,84,84,FALSE,recovery,D2,R1,0.198350988014652,1362
ELSA,wealth,high,85,85,FALSE,recovery,D2,R1,0.184644537108491,1362
ELSA,wealth,high,86,86,FALSE,recovery,D2,R1,0.167913182097659,1362
ELSA,wealth,high,87,87,FALSE,recovery,D2,R1,0.148512349794114,1362
ELSA,wealth,high,88,88,FALSE,recovery,D2,R1,0.127190012886874,1362
ELSA,wealth,high,89,89,FALSE,recovery,D2,R1,0.10501209725827,1362
ELSA,wealth,high,90,90,FALSE,recovery,D2,R1,0.0832155996665128,1362
ELSA,wealth,high,91,91,FALSE,recovery,D2,R1,0.0631553081718222,1362
ELSA,wealth,high,92,92,FALSE,recovery,D2,R1,0.0462194547335001,1362
ELSA,wealth,high,93,93,FALSE,recovery,D2,R1,0.0329152503208953,1362
ELSA,wealth,high,94,94,FALSE,recovery,D2,R1,0.0230183627868936,1362
ELSA,wealth,high,95,95,FALSE,recovery,D2,R1,0.0159515966942462,1362
ELSA,wealth,high,96,95,TRUE,recovery,D2,R1,0.0159515966942462,1362
ELSA,wealth,high,97,95,TRUE,recovery,D2,R1,0.0159515966942462,1362
ELSA,wealth,high,98,95,TRUE,recovery,D2,R1,0.0159515966942462,1362
ELSA,wealth,high,99,95,TRUE,recovery,D2,R1,0.0159515966942462,1362
ELSA,wealth,middle,60,60,FALSE,recovery,D2,R1,0.235300141913612,1362
ELSA,wealth,middle,61,61,FALSE,recovery,D2,R1,0.233395682506658,1362
ELSA,wealth,middle,62,62,FALSE,recovery,D2,R1,0.231492393339683,1362
ELSA,wealth,middle,63,63,FALSE,recovery,D2,R1,0.229576372048511,1362
ELSA,wealth,middle,64,64,FALSE,recovery,D2,R1,0.227634187029084,1362
ELSA,wealth,middle,65,65,FALSE,recovery,D2,R1,0.225652888871743,1362
ELSA,wealth,middle,66,66,FALSE,recovery,D2,R1,0.22362002933465,1362
ELSA,wealth,middle,67,67,FALSE,recovery,D2,R1,0.221523687314724,1362
ELSA,wealth,middle,68,68,FALSE,recovery,D2,R1,0.219352501238351,1362
ELSA,wealth,middle,69,69,FALSE,recovery,D2,R1,0.217095707248166,1362
ELSA,wealth,middle,70,70,FALSE,recovery,D2,R1,0.214743182507796,1362
ELSA,wealth,middle,71,71,FALSE,recovery,D2,R1,0.212285204438601,1362
ELSA,wealth,middle,72,72,FALSE,recovery,D2,R1,0.209711664600535,1362
ELSA,wealth,middle,73,73,FALSE,recovery,D2,R1,0.207013041455896,1362
ELSA,wealth,middle,74,74,FALSE,recovery,D2,R1,0.204180761761623,1362
ELSA,wealth,middle,75,75,FALSE,recovery,D2,R1,0.201207268842931,1362
ELSA,wealth,middle,76,76,FALSE,recovery,D2,R1,0.198086091366751,1362
ELSA,wealth,middle,77,77,FALSE,recovery,D2,R1,0.194811911166341,1362
ELSA,wealth,middle,78,78,FALSE,recovery,D2,R1,0.191380628596196,1362
ELSA,wealth,middle,79,79,FALSE,recovery,D2,R1,0.187789423839648,1362
ELSA,wealth,middle,80,80,FALSE,recovery,D2,R1,0.18403681255456,1362
ELSA,wealth,middle,81,81,FALSE,recovery,D2,R1,0.17999233623913,1362
ELSA,wealth,middle,82,82,FALSE,recovery,D2,R1,0.175031694976203,1362
ELSA,wealth,middle,83,83,FALSE,recovery,D2,R1,0.168490714246717,1362
ELSA,wealth,middle,84,84,FALSE,recovery,D2,R1,0.159850885977771,1362
ELSA,wealth,middle,85,85,FALSE,recovery,D2,R1,0.148804869303536,1362
ELSA,wealth,middle,86,86,FALSE,recovery,D2,R1,0.135321085084158,1362
ELSA,wealth,middle,87,87,FALSE,recovery,D2,R1,0.119685971473337,1362
ELSA,wealth,middle,88,88,FALSE,recovery,D2,R1,0.102502319000241,1362
ELSA,wealth,middle,89,89,FALSE,recovery,D2,R1,0.0846291563915898,1362
ELSA,wealth,middle,90,90,FALSE,recovery,D2,R1,0.0670633782418111,1362
ELSA,wealth,middle,91,91,FALSE,recovery,D2,R1,0.0508968070515442,1362
ELSA,wealth,middle,92,92,FALSE,recovery,D2,R1,0.0372482177301466,1362
ELSA,wealth,middle,93,93,FALSE,recovery,D2,R1,0.0265263711496438,1362
ELSA,wealth,middle,94,94,FALSE,recovery,D2,R1,0.0185504782308969,1362
ELSA,wealth,middle,95,95,FALSE,recovery,D2,R1,0.0128553776810377,1362
ELSA,wealth,middle,96,95,TRUE,recovery,D2,R1,0.0128553776810377,1362
ELSA,wealth,middle,97,95,TRUE,recovery,D2,R1,0.0128553776810377,1362
ELSA,wealth,middle,98,95,TRUE,recovery,D2,R1,0.0128553776810377,1362
ELSA,wealth,middle,99,95,TRUE,recovery,D2,R1,0.0128553776810377,1362
ELSA,wealth,low,60,60,FALSE,recovery,D2,R1,0.219560995440377,1362
ELSA,wealth,low,61,61,FALSE,recovery,D2,R1,0.217783924675498,1362
ELSA,wealth,low,62,62,FALSE,recovery,D2,R1,0.216007945873643,1362
ELSA,wealth,low,63,63,FALSE,recovery,D2,R1,0.214220086595049,1362
ELSA,wealth,low,64,64,FALSE,recovery,D2,R1,0.212407813671086,1362
ELSA,wealth,low,65,65,FALSE,recovery,D2,R1,0.210559043873702,1362
ELSA,wealth,low,66,66,FALSE,recovery,D2,R1,0.208662161619724,1362
ELSA,wealth,low,67,67,FALSE,recovery,D2,R1,0.206706043204599,1362
ELSA,wealth,low,68,68,FALSE,recovery,D2,R1,0.204680087026512,1362
ELSA,wealth,low,69,69,FALSE,recovery,D2,R1,0.202574249218854,1362
ELSA,wealth,low,70,70,FALSE,recovery,D2,R1,0.200379084058336,1362
ELSA,wealth,low,71,71,FALSE,recovery,D2,R1,0.198085519306296,1362
ELSA,wealth,low,72,72,FALSE,recovery,D2,R1,0.195684122672806,1362
ELSA,wealth,low,73,73,FALSE,recovery,D2,R1,0.193166009512582,1362
ELSA,wealth,low,74,74,FALSE,recovery,D2,R1,0.190523180043874,1362
ELSA,wealth,low,75,75,FALSE,recovery,D2,R1,0.187748583055308,1362
ELSA,wealth,low,76,76,FALSE,recovery,D2,R1,0.184836180079079,1362
ELSA,wealth,low,77,77,FALSE,recovery,D2,R1,0.181781008678813,1362
ELSA,wealth,low,78,78,FALSE,recovery,D2,R1,0.178579243432896,1362
ELSA,wealth,low,79,79,FALSE,recovery,D2,R1,0.175228253141239,1362
ELSA,wealth,low,80,80,FALSE,recovery,D2,R1,0.171726652748847,1362
ELSA,wealth,low,81,81,FALSE,recovery,D2,R1,0.167952710078736,1362
ELSA,wealth,low,82,82,FALSE,recovery,D2,R1,0.163323884422903,1362
ELSA,wealth,low,83,83,FALSE,recovery,D2,R1,0.157220427669998,1362
ELSA,wealth,low,84,84,FALSE,recovery,D2,R1,0.149158514575784,1362
ELSA,wealth,low,85,85,FALSE,recovery,D2,R1,0.13885136220043,1362
ELSA,wealth,low,86,86,FALSE,recovery,D2,R1,0.126269503722007,1362
ELSA,wealth,low,87,87,FALSE,recovery,D2,R1,0.111680217543524,1362
ELSA,wealth,low,88,88,FALSE,recovery,D2,R1,0.0956459737406472,1362
ELSA,wealth,low,89,89,FALSE,recovery,D2,R1,0.0789683409006982,1362
ELSA,wealth,low,90,90,FALSE,recovery,D2,R1,0.0625775316777007,1362
ELSA,wealth,low,91,91,FALSE,recovery,D2,R1,0.0474923369365268,1362
ELSA,wealth,low,92,92,FALSE,recovery,D2,R1,0.0347566971133126,1362
ELSA,wealth,low,93,93,FALSE,recovery,D2,R1,0.0247520312043627,1362
ELSA,wealth,low,94,94,FALSE,recovery,D2,R1,0.0173096430505601,1362
ELSA,wealth,low,95,95,FALSE,recovery,D2,R1,0.0119954858397276,1362
ELSA,wealth,low,96,95,TRUE,recovery,D2,R1,0.0119954858397276,1362
ELSA,wealth,low,97,95,TRUE,recovery,D2,R1,0.0119954858397276,1362
ELSA,wealth,low,98,95,TRUE,recovery,D2,R1,0.0119954858397276,1362
ELSA,wealth,low,99,95,TRUE,recovery,D2,R1,0.0119954858397276,1362
ELSA,wealth,high,60,60,FALSE,relapse,R1,D2,0.100107818818954,3864
ELSA,wealth,high,61,61,FALSE,relapse,R1,D2,0.101789661970496,3864
ELSA,wealth,high,62,62,FALSE,relapse,R1,D2,0.103490177184489,3864
ELSA,wealth,high,63,63,FALSE,relapse,R1,D2,0.10519961711982,3864
ELSA,wealth,high,64,64,FALSE,relapse,R1,D2,0.106907590963129,3864
ELSA,wealth,high,65,65,FALSE,relapse,R1,D2,0.108603061508616,3864
ELSA,wealth,high,66,66,FALSE,relapse,R1,D2,0.110274353092582,3864
ELSA,wealth,high,67,67,FALSE,relapse,R1,D2,0.111909171438582,3864
ELSA,wealth,high,68,68,FALSE,relapse,R1,D2,0.113494636427321,3864
ELSA,wealth,high,69,69,FALSE,relapse,R1,D2,0.115017328727087,3864
ELSA,wealth,high,70,70,FALSE,relapse,R1,D2,0.116463351102357,3864
ELSA,wealth,high,71,71,FALSE,relapse,R1,D2,0.117837483745186,3864
ELSA,wealth,high,72,72,FALSE,relapse,R1,D2,0.119222218872864,3864
ELSA,wealth,high,73,73,FALSE,relapse,R1,D2,0.120723609916649,3864
ELSA,wealth,high,74,74,FALSE,relapse,R1,D2,0.122453220078126,3864
ELSA,wealth,high,75,75,FALSE,relapse,R1,D2,0.124529688233549,3864
ELSA,wealth,high,76,76,FALSE,relapse,R1,D2,0.127081401730308,3864
ELSA,wealth,high,77,77,FALSE,relapse,R1,D2,0.130250442607401,3864
ELSA,wealth,high,78,78,FALSE,relapse,R1,D2,0.13419806233941,3864
ELSA,wealth,high,79,79,FALSE,relapse,R1,D2,0.139112072062664,3864
ELSA,wealth,high,80,80,FALSE,relapse,R1,D2,0.145216726035353,3864
ELSA,wealth,high,81,81,FALSE,relapse,R1,D2,0.152690955197015,3864
ELSA,wealth,high,82,82,FALSE,relapse,R1,D2,0.161356325938632,3864
ELSA,wealth,high,83,83,FALSE,relapse,R1,D2,0.170881776562143,3864
ELSA,wealth,high,84,84,FALSE,relapse,R1,D2,0.180843802276761,3864
ELSA,wealth,high,85,85,FALSE,relapse,R1,D2,0.190708780675066,3864
ELSA,wealth,high,86,86,FALSE,relapse,R1,D2,0.199828756423369,3864
ELSA,wealth,high,87,87,FALSE,relapse,R1,D2,0.207456274215108,3864
ELSA,wealth,high,88,88,FALSE,relapse,R1,D2,0.212783285300837,3864
ELSA,wealth,high,89,89,FALSE,relapse,R1,D2,0.215006628595221,3864
ELSA,wealth,high,90,90,FALSE,relapse,R1,D2,0.21341780438919,3864
ELSA,wealth,high,91,91,FALSE,relapse,R1,D2,0.207749793536364,3864
ELSA,wealth,high,92,92,FALSE,relapse,R1,D2,0.198916571774942,3864
ELSA,wealth,high,93,93,FALSE,relapse,R1,D2,0.188112060054103,3864
ELSA,wealth,high,94,94,FALSE,relapse,R1,D2,0.176430034512775,3864
ELSA,wealth,high,95,95,FALSE,relapse,R1,D2,0.164791004708088,3864
ELSA,wealth,high,96,95,TRUE,relapse,R1,D2,0.164791004708088,3864
ELSA,wealth,high,97,95,TRUE,relapse,R1,D2,0.164791004708088,3864
ELSA,wealth,high,98,95,TRUE,relapse,R1,D2,0.164791004708088,3864
ELSA,wealth,high,99,95,TRUE,relapse,R1,D2,0.164791004708088,3864
ELSA,wealth,middle,60,60,FALSE,relapse,R1,D2,0.128382924513484,3864
ELSA,wealth,middle,61,61,FALSE,relapse,R1,D2,0.130539798421189,3864
ELSA,wealth,middle,62,62,FALSE,relapse,R1,D2,0.132720618250526,3864
ELSA,wealth,middle,63,63,FALSE,relapse,R1,D2,0.134912883557743,3864
ELSA,wealth,middle,64,64,FALSE,relapse,R1,D2,0.137103268680338,3864
ELSA,wealth,middle,65,65,FALSE,relapse,R1,D2,0.139277618992074,3864
ELSA,wealth,middle,66,66,FALSE,relapse,R1,D2,0.141420961078593,3864
ELSA,wealth,middle,67,67,FALSE,relapse,R1,D2,0.143517528187776,3864
ELSA,wealth,middle,68,68,FALSE,relapse,R1,D2,0.14555080225537,3864
ELSA,wealth,middle,69,69,FALSE,relapse,R1,D2,0.147503573706036,3864
ELSA,wealth,middle,70,70,FALSE,relapse,R1,D2,0.149358020078351,3864
ELSA,wealth,middle,71,71,FALSE,relapse,R1,D2,0.151120271713009,3864
ELSA,wealth,middle,72,72,FALSE,relapse,R1,D2,0.152896120467535,3864
ELSA,wealth,middle,73,73,FALSE,relapse,R1,D2,0.154821574196458,3864
ELSA,wealth,middle,74,74,FALSE,relapse,R1,D2,0.157039706740134,3864
ELSA,wealth,middle,75,75,FALSE,relapse,R1,D2,0.159702666113312,3864
ELSA,wealth,middle,76,76,FALSE,relapse,R1,D2,0.162975102223692,3864
ELSA,wealth,middle,77,77,FALSE,relapse,R1,D2,0.167039227688654,3864
ELSA,wealth,middle,78,78,FALSE,relapse,R1,D2,0.17210183890166,3864
ELSA,wealth,middle,79,79,FALSE,relapse,R1,D2,0.178403793602122,3864
ELSA,wealth,middle,80,80,FALSE,relapse,R1,D2,0.186232685884492,3864
ELSA,wealth,middle,81,81,FALSE,relapse,R1,D2,0.195817985110654,3864
ELSA,wealth,middle,82,82,FALSE,relapse,R1,D2,0.206930859718524,3864
ELSA,wealth,middle,83,83,FALSE,relapse,R1,D2,0.219146740783387,3864
ELSA,wealth,middle,84,84,FALSE,relapse,R1,D2,0.231922506057368,3864
ELSA,wealth,middle,85,85,FALSE,relapse,R1,D2,0.244573813337642,3864
ELSA,wealth,middle,86,86,FALSE,relapse,R1,D2,0.256269694557237,3864
ELSA,wealth,middle,87,87,FALSE,relapse,R1,D2,0.266051578254585,3864
ELSA,wealth,middle,88,88,FALSE,relapse,R1,D2,0.272883185117766,3864
ELSA,wealth,middle,89,89,FALSE,relapse,R1,D2,0.275734504002723,3864
ELSA,wealth,middle,90,90,FALSE,relapse,R1,D2,0.273696921918581,3864
ELSA,wealth,middle,91,91,FALSE,relapse,R1,D2,0.26642800108857,3864
ELSA,wealth,middle,92,92,FALSE,relapse,R1,D2,0.255099866523394,3864
ELSA,wealth,middle,93,93,FALSE,relapse,R1,D2,0.241243657997164,3864
ELSA,wealth,middle,94,94,FALSE,relapse,R1,D2,0.226262084919947,3864
ELSA,wealth,middle,95,95,FALSE,relapse,R1,D2,0.211335651575838,3864
ELSA,wealth,middle,96,95,TRUE,relapse,R1,D2,0.211335651575838,3864
ELSA,wealth,middle,97,95,TRUE,relapse,R1,D2,0.211335651575838,3864
ELSA,wealth,middle,98,95,TRUE,relapse,R1,D2,0.211335651575838,3864
ELSA,wealth,middle,99,95,TRUE,relapse,R1,D2,0.211335651575838,3864
ELSA,wealth,low,60,60,FALSE,relapse,R1,D2,0.148503956878602,3864
ELSA,wealth,low,61,61,FALSE,relapse,R1,D2,0.15099887052071,3864
ELSA,wealth,low,62,62,FALSE,relapse,R1,D2,0.153521483049777,3864
ELSA,wealth,low,63,63,FALSE,relapse,R1,D2,0.156057334868725,3864
ELSA,wealth,low,64,64,FALSE,relapse,R1,D2,0.158591011827916,3864
ELSA,wealth,low,65,65,FALSE,relapse,R1,D2,0.161106140893223,3864
ELSA,wealth,low,66,66,FALSE,relapse,R1,D2,0.163585401916437,3864
ELSA,wealth,low,67,67,FALSE,relapse,R1,D2,0.166010557074376,3864
ELSA,wealth,low,68,68,FALSE,relapse,R1,D2,0.168362499481052,3864
ELSA,wealth,low,69,69,FALSE,relapse,R1,D2,0.170621322361139,3864
ELSA,wealth,low,70,70,FALSE,relapse,R1,D2,0.17276640999761,3864
ELSA,wealth,low,71,71,FALSE,relapse,R1,D2,0.174804853519242,3864
ELSA,wealth,low,72,72,FALSE,relapse,R1,D2,0.176859025192494,3864
ELSA,wealth,low,73,73,FALSE,relapse,R1,D2,0.179086248934401,3864
ELSA,wealth,low,74,74,FALSE,relapse,R1,D2,0.18165202207647,3864
ELSA,wealth,low,75,75,FALSE,relapse,R1,D2,0.184732338290037,3864
ELSA,wealth,low,76,76,FALSE,relapse,R1,D2,0.188517652519833,3864
ELSA,wealth,low,77,77,FALSE,relapse,R1,D2,0.193218734965844,3864
ELSA,wealth,low,78,78,FALSE,relapse,R1,D2,0.199074792538286,3864
ELSA,wealth,low,79,79,FALSE,relapse,R1,D2,0.206364431815743,3864
ELSA,wealth,low,80,80,FALSE,relapse,R1,D2,0.215420320566635,3864
ELSA,wealth,low,81,81,FALSE,relapse,R1,D2,0.226507892129168,3864
ELSA,wealth,low,82,82,FALSE,relapse,R1,D2,0.239362450925195,3864
ELSA,wealth,low,83,83,FALSE,relapse,R1,D2,0.253492886742615,3864
ELSA,wealth,low,84,84,FALSE,relapse,R1,D2,0.268270955574807,3864
ELSA,wealth,low,85,85,FALSE,relapse,R1,D2,0.282905060522389,3864
ELSA,wealth,low,86,86,FALSE,relapse,R1,D2,0.2964339986337,3864
ELSA,wealth,low,87,87,FALSE,relapse,R1,D2,0.307748964703271,3864
ELSA,wealth,low,88,88,FALSE,relapse,R1,D2,0.315651266780171,3864
ELSA,wealth,low,89,89,FALSE,relapse,R1,D2,0.318949463470607,3864
ELSA,wealth,low,90,90,FALSE,relapse,R1,D2,0.316592537866156,3864
ELSA,wealth,low,91,91,FALSE,relapse,R1,D2,0.308184383046623,3864
ELSA,wealth,low,92,92,FALSE,relapse,R1,D2,0.295080827310087,3864
ELSA,wealth,low,93,93,FALSE,relapse,R1,D2,0.279052980917913,3864
ELSA,wealth,low,94,94,FALSE,relapse,R1,D2,0.261723395300014,3864
ELSA,wealth,low,95,95,FALSE,relapse,R1,D2,0.244457591283748,3864
ELSA,wealth,low,96,95,TRUE,relapse,R1,D2,0.244457591283748,3864
ELSA,wealth,low,97,95,TRUE,relapse,R1,D2,0.244457591283748,3864
ELSA,wealth,low,98,95,TRUE,relapse,R1,D2,0.244457591283748,3864
ELSA,wealth,low,99,95,TRUE,relapse,R1,D2,0.244457591283748,3864
ELSA,wealth,high,60,60,FALSE,death_pre,I0,DEAD,0.00284136997550328,24515
ELSA,wealth,high,61,61,FALSE,death_pre,I0,DEAD,0.00321868850925079,24515
ELSA,wealth,high,62,62,FALSE,death_pre,I0,DEAD,0.00364513533842706,24515
ELSA,wealth,high,63,63,FALSE,death_pre,I0,DEAD,0.00412586921014895,24515
ELSA,wealth,high,64,64,FALSE,death_pre,I0,DEAD,0.0046662488116115,24515
ELSA,wealth,high,65,65,FALSE,death_pre,I0,DEAD,0.00527174639742761,24515
ELSA,wealth,high,66,66,FALSE,death_pre,I0,DEAD,0.00594783421732684,24515
ELSA,wealth,high,67,67,FALSE,death_pre,I0,DEAD,0.00669984064436463,24515
ELSA,wealth,high,68,68,FALSE,death_pre,I0,DEAD,0.0075327735131053,24515
ELSA,wealth,high,69,69,FALSE,death_pre,I0,DEAD,0.00845110914086423,24515
ELSA,wealth,high,70,70,FALSE,death_pre,I0,DEAD,0.00945854687620678,24515
ELSA,wealth,high,71,71,FALSE,death_pre,I0,DEAD,0.0105591983778519,24515
ELSA,wealth,high,72,72,FALSE,death_pre,I0,DEAD,0.0117630152190189,24515
ELSA,wealth,high,73,73,FALSE,death_pre,I0,DEAD,0.0130837812965993,24515
ELSA,wealth,high,74,74,FALSE,death_pre,I0,DEAD,0.0145385309927207,24515
ELSA,wealth,high,75,75,FALSE,death_pre,I0,DEAD,0.0161482750052778,24515
ELSA,wealth,high,76,76,FALSE,death_pre,I0,DEAD,0.0179389009898827,24515
ELSA,wealth,high,77,77,FALSE,death_pre,I0,DEAD,0.0199423043913093,24515
ELSA,wealth,high,78,78,FALSE,death_pre,I0,DEAD,0.0221978231460737,24515
ELSA,wealth,high,79,79,FALSE,death_pre,I0,DEAD,0.0247540747102479,24515
ELSA,wealth,high,80,80,FALSE,death_pre,I0,DEAD,0.0276713277383609,24515
ELSA,wealth,high,81,81,FALSE,death_pre,I0,DEAD,0.0310143968617521,24515
ELSA,wealth,high,82,82,FALSE,death_pre,I0,DEAD,0.0348160157382974,24515
ELSA,wealth,high,83,83,FALSE,death_pre,I0,DEAD,0.039090107118862,24515
ELSA,wealth,high,84,84,FALSE,death_pre,I0,DEAD,0.0438345329251763,24515
ELSA,wealth,high,85,85,FALSE,death_pre,I0,DEAD,0.0490249670314652,24515
ELSA,wealth,high,86,86,FALSE,death_pre,I0,DEAD,0.054608382545364,24515
ELSA,wealth,high,87,87,FALSE,death_pre,I0,DEAD,0.0604967527964254,24515
ELSA,wealth,high,88,88,FALSE,death_pre,I0,DEAD,0.0665618271501438,24515
ELSA,wealth,high,89,89,FALSE,death_pre,I0,DEAD,0.0726320826892767,24515
ELSA,wealth,high,90,90,FALSE,death_pre,I0,DEAD,0.0784931076338542,24515
ELSA,wealth,high,91,91,FALSE,death_pre,I0,DEAD,0.0839433039601332,24515
ELSA,wealth,high,92,92,FALSE,death_pre,I0,DEAD,0.0889799469216155,24515
ELSA,wealth,high,93,93,FALSE,death_pre,I0,DEAD,0.0936940230601605,24515
ELSA,wealth,high,94,94,FALSE,death_pre,I0,DEAD,0.0982216908944837,24515
ELSA,wealth,high,95,95,FALSE,death_pre,I0,DEAD,0.102740295959856,24515
ELSA,wealth,high,96,95,TRUE,death_pre,I0,DEAD,0.102740295959856,24515
ELSA,wealth,high,97,95,TRUE,death_pre,I0,DEAD,0.102740295959856,24515
ELSA,wealth,high,98,95,TRUE,death_pre,I0,DEAD,0.102740295959856,24515
ELSA,wealth,high,99,95,TRUE,death_pre,I0,DEAD,0.102740295959856,24515
ELSA,wealth,middle,60,60,FALSE,death_pre,I0,DEAD,0.00365853203529813,24515
ELSA,wealth,middle,61,61,FALSE,death_pre,I0,DEAD,0.0041443652619206,24515
ELSA,wealth,middle,62,62,FALSE,death_pre,I0,DEAD,0.00469345580603967,24515
ELSA,wealth,middle,63,63,FALSE,death_pre,I0,DEAD,0.00531244604149323,24515
ELSA,wealth,middle,64,64,FALSE,death_pre,I0,DEAD,0.0060082357838418,24515
ELSA,wealth,middle,65,65,FALSE,death_pre,I0,DEAD,0.00678787107741582,24515
ELSA,wealth,middle,66,66,FALSE,death_pre,I0,DEAD,0.00765839796025798,24515
ELSA,wealth,middle,67,67,FALSE,death_pre,I0,DEAD,0.00862667721561279,24515
ELSA,wealth,middle,68,68,FALSE,death_pre,I0,DEAD,0.00969915690316239,24515
ELSA,wealth,middle,69,69,FALSE,death_pre,I0,DEAD,0.0108816007039619,24515
ELSA,wealth,middle,70,70,FALSE,death_pre,I0,DEAD,0.0121787718784641,24515
ELSA,wealth,middle,71,71,FALSE,death_pre,I0,DEAD,0.0135959645753618,24515
ELSA,wealth,middle,72,72,FALSE,death_pre,I0,DEAD,0.015145992384486,24515
ELSA,wealth,middle,73,73,FALSE,death_pre,I0,DEAD,0.0168466033741222,24515
ELSA,wealth,middle,74,74,FALSE,death_pre,I0,DEAD,0.0187197309191043,24515
ELSA,wealth,middle,75,75,FALSE,death_pre,I0,DEAD,0.0207924282761341,24515
ELSA,wealth,middle,76,76,FALSE,death_pre,I0,DEAD,0.0230980282453018,24515
ELSA,wealth,middle,77,77,FALSE,death_pre,I0,DEAD,0.0256775992223078,24515
ELSA,wealth,middle,78,78,FALSE,death_pre,I0,DEAD,0.0285817925134541,24515
ELSA,wealth,middle,79,79,FALSE,death_pre,I0,DEAD,0.0318732076823483,24515
ELSA,wealth,middle,80,80,FALSE,death_pre,I0,DEAD,0.0356294463103473,24515
ELSA,wealth,middle,81,81,FALSE,death_pre,I0,DEAD,0.0399339633530377,24515
ELSA,wealth,middle,82,82,FALSE,death_pre,I0,DEAD,0.0448289064846064,24515
ELSA,wealth,middle,83,83,FALSE,death_pre,I0,DEAD,0.0503322025609357,24515
ELSA,wealth,middle,84,84,FALSE,death_pre,I0,DEAD,0.0564410986044444,24515
ELSA,wealth,middle,85,85,FALSE,death_pre,I0,DEAD,0.063124272432097,24515
ELSA,wealth,middle,86,86,FALSE,death_pre,I0,DEAD,0.0703134469148608,24515
ELSA,wealth,middle,87,87,FALSE,death_pre,I0,DEAD,0.0778952794058545,24515
ELSA,wealth,middle,88,88,FALSE,death_pre,I0,DEAD,0.0857046351078037,24515
ELSA,wealth,middle,89,89,FALSE,death_pre,I0,DEAD,0.0935206620750169,24515
ELSA,wealth,middle,90,90,FALSE,death_pre,I0,DEAD,0.101067284902838,24515
ELSA,wealth,middle,91,91,FALSE,death_pre,I0,DEAD,0.10808492710722,24515
ELSA,wealth,middle,92,92,FALSE,death_pre,I0,DEAD,0.114570080319863,24515
ELSA,wealth,middle,93,93,FALSE,death_pre,I0,DEAD,0.120639898301468,24515
ELSA,wealth,middle,94,94,FALSE,death_pre,I0,DEAD,0.12646969799664,24515
ELSA,wealth,middle,95,95,FALSE,death_pre,I0,DEAD,0.132287828521368,24515
ELSA,wealth,middle,96,95,TRUE,death_pre,I0,DEAD,0.132287828521368,24515
ELSA,wealth,middle,97,95,TRUE,death_pre,I0,DEAD,0.132287828521368,24515
ELSA,wealth,middle,98,95,TRUE,death_pre,I0,DEAD,0.132287828521368,24515
ELSA,wealth,middle,99,95,TRUE,death_pre,I0,DEAD,0.132287828521368,24515
ELSA,wealth,low,60,60,FALSE,death_pre,I0,DEAD,0.00534837689165909,24515
ELSA,wealth,low,61,61,FALSE,death_pre,I0,DEAD,0.00605861235697627,24515
ELSA,wealth,low,62,62,FALSE,death_pre,I0,DEAD,0.00686132315717175,24515
ELSA,wealth,low,63,63,FALSE,death_pre,I0,DEAD,0.00776621972211126,24515
ELSA,wealth,low,64,64,FALSE,death_pre,I0,DEAD,0.00878338883352708,24515
ELSA,wealth,low,65,65,FALSE,death_pre,I0,DEAD,0.00992313104374757,24515
ELSA,wealth,low,66,66,FALSE,death_pre,I0,DEAD,0.0111957468959091,24515
ELSA,wealth,low,67,67,FALSE,death_pre,I0,DEAD,0.0126112661107328,24515
ELSA,wealth,low,68,68,FALSE,death_pre,I0,DEAD,0.0141791150518714,24515
ELSA,wealth,low,69,69,FALSE,death_pre,I0,DEAD,0.0159077195956789,24515
ELSA,wealth,low,70,70,FALSE,death_pre,I0,DEAD,0.0178040431121323,24515
ELSA,wealth,low,71,71,FALSE,death_pre,I0,DEAD,0.019875825072215,24515
ELSA,wealth,low,72,72,FALSE,death_pre,I0,DEAD,0.0221417975540095,24515
ELSA,wealth,low,73,73,FALSE,death_pre,I0,DEAD,0.0246279063077164,24515
ELSA,wealth,low,74,74,FALSE,death_pre,I0,DEAD,0.0273662155476123,24515
ELSA,wealth,low,75,75,FALSE,death_pre,I0,DEAD,0.0303962741997673,24515
ELSA,wealth,low,76,76,FALSE,death_pre,I0,DEAD,0.033766811201366,24515
ELSA,wealth,low,77,77,FALSE,death_pre,I0,DEAD,0.0375378640910775,24515
ELSA,wealth,low,78,78,FALSE,death_pre,I0,DEAD,0.0417834795831426,24515
ELSA,wealth,low,79,79,FALSE,death_pre,I0,DEAD,0.046595171447619,24515
ELSA,wealth,low,80,80,FALSE,death_pre,I0,DEAD,0.0520863847768224,24515
ELSA,wealth,low,81,81,FALSE,death_pre,I0,DEAD,0.0583791216611127,24515
ELSA,wealth,low,82,82,FALSE,death_pre,I0,DEAD,0.0655349974272064,24515
ELSA,wealth,low,83,83,FALSE,death_pre,I0,DEAD,0.0735802191933728,24515
ELSA,wealth,low,84,84,FALSE,death_pre,I0,DEAD,0.0825107624050812,24515
ELSA,wealth,low,85,85,FALSE,death_pre,I0,DEAD,0.0922808374291327,24515
ELSA,wealth,low,86,86,FALSE,death_pre,I0,DEAD,0.102790630510823,24515
ELSA,wealth,low,87,87,FALSE,death_pre,I0,DEAD,0.113874446997879,24515
ELSA,wealth,low,88,88,FALSE,death_pre,I0,DEAD,0.125290877733506,24515
ELSA,wealth,low,89,89,FALSE,death_pre,I0,DEAD,0.136717061135128,24515
ELSA,wealth,low,90,90,FALSE,death_pre,I0,DEAD,0.147749404914809,24515
ELSA,wealth,low,91,91,FALSE,death_pre,I0,DEAD,0.15800843641644,24515
ELSA,wealth,low,92,92,FALSE,death_pre,I0,DEAD,0.167489026786217,24515
ELSA,wealth,low,93,93,FALSE,death_pre,I0,DEAD,0.176362442111319,24515
ELSA,wealth,low,94,94,FALSE,death_pre,I0,DEAD,0.184884976743196,24515
ELSA,wealth,low,95,95,FALSE,death_pre,I0,DEAD,0.193390452313968,24515
ELSA,wealth,low,96,95,TRUE,death_pre,I0,DEAD,0.193390452313968,24515
ELSA,wealth,low,97,95,TRUE,death_pre,I0,DEAD,0.193390452313968,24515
ELSA,wealth,low,98,95,TRUE,death_pre,I0,DEAD,0.193390452313968,24515
ELSA,wealth,low,99,95,TRUE,death_pre,I0,DEAD,0.193390452313968,24515
ELSA,wealth,high,60,60,FALSE,death_post,D1,DEAD,0.0217630436420795,4203
ELSA,wealth,high,61,61,FALSE,death_post,D1,DEAD,0.0225404771870595,4203
ELSA,wealth,high,62,62,FALSE,death_post,D1,DEAD,0.0233618747491528,4203
ELSA,wealth,high,63,63,FALSE,death_post,D1,DEAD,0.0242468039605023,4203
ELSA,wealth,high,64,64,FALSE,death_post,D1,DEAD,0.0252176520466258,4203
ELSA,wealth,high,65,65,FALSE,death_post,D1,DEAD,0.0263002116954914,4203
ELSA,wealth,high,66,66,FALSE,death_post,D1,DEAD,0.0275244976900674,4203
ELSA,wealth,high,67,67,FALSE,death_post,D1,DEAD,0.0289258569281589,4203
ELSA,wealth,high,68,68,FALSE,death_post,D1,DEAD,0.0305464574871238,4203
ELSA,wealth,high,69,69,FALSE,death_post,D1,DEAD,0.0324372754228471,4203
ELSA,wealth,high,70,70,FALSE,death_post,D1,DEAD,0.034660745213749,4203
ELSA,wealth,high,71,71,FALSE,death_post,D1,DEAD,0.0372810920166018,4203
ELSA,wealth,high,72,72,FALSE,death_post,D1,DEAD,0.0403206996610291,4203
ELSA,wealth,high,73,73,FALSE,death_post,D1,DEAD,0.0437858496959509,4203
ELSA,wealth,high,74,74,FALSE,death_post,D1,DEAD,0.0476741956399016,4203
ELSA,wealth,high,75,75,FALSE,death_post,D1,DEAD,0.0519702037070039,4203
ELSA,wealth,high,76,76,FALSE,death_post,D1,DEAD,0.056640163523104,4203
ELSA,wealth,high,77,77,FALSE,death_post,D1,DEAD,0.0616270238381891,4203
ELSA,wealth,high,78,78,FALSE,death_post,D1,DEAD,0.066845486781682,4203
ELSA,wealth,high,79,79,FALSE,death_post,D1,DEAD,0.0721779872442739,4203
ELSA,wealth,high,80,80,FALSE,death_post,D1,DEAD,0.0774723639114677,4203
ELSA,wealth,high,81,81,FALSE,death_post,D1,DEAD,0.0826095224472088,4203
ELSA,wealth,high,82,82,FALSE,death_post,D1,DEAD,0.087741255945666,4203
ELSA,wealth,high,83,83,FALSE,death_post,D1,DEAD,0.0931475632984799,4203
ELSA,wealth,high,84,84,FALSE,death_post,D1,DEAD,0.0991828428218981,4203
ELSA,wealth,high,85,85,FALSE,death_post,D1,DEAD,0.106292468471243,4203
ELSA,wealth,high,86,86,FALSE,death_post,D1,DEAD,0.115046339865406,4203
ELSA,wealth,high,87,87,FALSE,death_post,D1,DEAD,0.126197565713713,4203
ELSA,wealth,high,88,88,FALSE,death_post,D1,DEAD,0.140779848049289,4203
ELSA,wealth,high,89,89,FALSE,death_post,D1,DEAD,0.160267268457686,4203
ELSA,wealth,high,90,90,FALSE,death_post,D1,DEAD,0.18683898172161,4203
ELSA,wealth,high,91,91,FALSE,death_post,D1,DEAD,0.223494740128124,4203
ELSA,wealth,high,92,92,FALSE,death_post,D1,DEAD,0.27322759588027,4203
ELSA,wealth,high,93,93,FALSE,death_post,D1,DEAD,0.339527452110567,4203
ELSA,wealth,high,94,94,FALSE,death_post,D1,DEAD,0.426534286982468,4203
ELSA,wealth,high,95,95,FALSE,death_post,D1,DEAD,0.538762501593178,4203
ELSA,wealth,high,96,95,TRUE,death_post,D1,DEAD,0.538762501593178,4203
ELSA,wealth,high,97,95,TRUE,death_post,D1,DEAD,0.538762501593178,4203
ELSA,wealth,high,98,95,TRUE,death_post,D1,DEAD,0.538762501593178,4203
ELSA,wealth,high,99,95,TRUE,death_post,D1,DEAD,0.538762501593178,4203
ELSA,wealth,middle,60,60,FALSE,death_post,D1,DEAD,0.0245971103834715,4203
ELSA,wealth,middle,61,61,FALSE,death_post,D1,DEAD,0.0254757842967431,4203
ELSA,wealth,middle,62,62,FALSE,death_post,D1,DEAD,0.0264041473895073,4203
ELSA,wealth,middle,63,63,FALSE,death_post,D1,DEAD,0.0274043154657701,4203
ELSA,wealth,middle,64,64,FALSE,death_post,D1,DEAD,0.0285015911011408,4203
ELSA,wealth,middle,65,65,FALSE,death_post,D1,DEAD,0.0297251258060178,4203
ELSA,wealth,middle,66,66,FALSE,death_post,D1,DEAD,0.0311088430031518,4203
ELSA,wealth,middle,67,67,FALSE,death_post,D1,DEAD,0.0326926925985084,4203
ELSA,wealth,middle,68,68,FALSE,death_post,D1,DEAD,0.034524333957684,4203
ELSA,wealth,middle,69,69,FALSE,death_post,D1,DEAD,0.0366613814334381,4203
ELSA,wealth,middle,70,70,FALSE,death_post,D1,DEAD,0.0391743999606529,4203
ELSA,wealth,middle,71,71,FALSE,death_post,D1,DEAD,0.0421359783415428,4203
ELSA,wealth,middle,72,72,FALSE,death_post,D1,DEAD,0.0455714153135966,4203
ELSA,wealth,middle,73,73,FALSE,death_post,D1,DEAD,0.0494878104330487,4203
ELSA,wealth,middle,74,74,FALSE,death_post,D1,DEAD,0.0538825116506464,4203
ELSA,wealth,middle,75,75,FALSE,death_post,D1,DEAD,0.0587379623115312,4203
ELSA,wealth,middle,76,76,FALSE,death_post,D1,DEAD,0.0640160621477549,4203
ELSA,wealth,middle,77,77,FALSE,death_post,D1,DEAD,0.069652330477426,4203
ELSA,wealth,middle,78,78,FALSE,death_post,D1,DEAD,0.0755503616151739,4203
ELSA,wealth,middle,79,79,FALSE,death_post,D1,DEAD,0.0815772806737138,4203
ELSA,wealth,middle,80,80,FALSE,death_post,D1,DEAD,0.0875611113104748,4203
ELSA,wealth,middle,81,81,FALSE,death_post,D1,DEAD,0.0933672502696734,4203
ELSA,wealth,middle,82,82,FALSE,death_post,D1,DEAD,0.0991672577224934,4203
ELSA,wealth,middle,83,83,FALSE,death_post,D1,DEAD,0.105277595086658,4203
ELSA,wealth,middle,84,84,FALSE,death_post,D1,DEAD,0.112098811781991,4203
ELSA,wealth,middle,85,85,FALSE,death_post,D1,DEAD,0.120134280062906,4203
ELSA,wealth,middle,86,86,FALSE,death_post,D1,DEAD,0.130028114055345,4203
ELSA,wealth,middle,87,87,FALSE,death_post,D1,DEAD,0.142631495163835,4203
ELSA,wealth,middle,88,88,FALSE,death_post,D1,DEAD,0.159112738052012,4203
ELSA,wealth,middle,89,89,FALSE,death_post,D1,DEAD,0.181137884844791,4203
ELSA,wealth,middle,90,90,FALSE,death_post,D1,DEAD,0.211169868191411,4203
ELSA,wealth,middle,91,91,FALSE,death_post,D1,DEAD,0.252599079589561,4203
ELSA,wealth,middle,92,92,FALSE,death_post,D1,DEAD,0.308808337942357,4203
ELSA,wealth,middle,93,93,FALSE,death_post,D1,DEAD,0.383742014909843,4203
ELSA,wealth,middle,94,94,FALSE,death_post,D1,DEAD,0.482079212438715,4203
ELSA,wealth,middle,95,95,FALSE,death_post,D1,DEAD,0.608922214195237,4203
ELSA,wealth,middle,96,95,TRUE,death_post,D1,DEAD,0.608922214195237,4203
ELSA,wealth,middle,97,95,TRUE,death_post,D1,DEAD,0.608922214195237,4203
ELSA,wealth,middle,98,95,TRUE,death_post,D1,DEAD,0.608922214195237,4203
ELSA,wealth,middle,99,95,TRUE,death_post,D1,DEAD,0.608922214195237,4203
ELSA,wealth,low,60,60,FALSE,death_post,D1,DEAD,0.0289484040762754,4203
ELSA,wealth,low,61,61,FALSE,death_post,D1,DEAD,0.0299825177219889,4203
ELSA,wealth,low,62,62,FALSE,death_post,D1,DEAD,0.0310751106940844,4203
ELSA,wealth,low,63,63,FALSE,death_post,D1,DEAD,0.0322522111406191,4203
ELSA,wealth,low,64,64,FALSE,death_post,D1,DEAD,0.0335435977295538,4203
ELSA,wealth,low,65,65,FALSE,death_post,D1,DEAD,0.0349835789503531,4203
ELSA,wealth,low,66,66,FALSE,death_post,D1,DEAD,0.036612079368713,4203
ELSA,wealth,low,67,67,FALSE,death_post,D1,DEAD,0.0384761161343177,4203
ELSA,wealth,low,68,68,FALSE,death_post,D1,DEAD,0.040631779680222,4203
ELSA,wealth,low,69,69,FALSE,death_post,D1,DEAD,0.0431468764901254,4203
ELSA,wealth,low,70,70,FALSE,death_post,D1,DEAD,0.0461044546219805,4203
ELSA,wealth,low,71,71,FALSE,death_post,D1,DEAD,0.04958994402854,4203
ELSA,wealth,low,72,72,FALSE,death_post,D1,DEAD,0.0536331188606705,4203
ELSA,wealth,low,73,73,FALSE,death_post,D1,DEAD,0.058242334604827,4203
ELSA,wealth,low,74,74,FALSE,death_post,D1,DEAD,0.0634144700572502,4203
ELSA,wealth,low,75,75,FALSE,death_post,D1,DEAD,0.0691288627445376,4203
ELSA,wealth,low,76,76,FALSE,death_post,D1,DEAD,0.0753406723608655,4203
ELSA,wealth,low,77,77,FALSE,death_post,D1,DEAD,0.0819740114216713,4203
ELSA,wealth,low,78,78,FALSE,death_post,D1,DEAD,0.0889154198216072,4203
ELSA,wealth,low,79,79,FALSE,death_post,D1,DEAD,0.0960085167554185,4203
ELSA,wealth,low,80,80,FALSE,death_post,D1,DEAD,0.103050902812008,4203
ELSA,wealth,low,81,81,FALSE,death_post,D1,DEAD,0.109884163064677,4203
ELSA,wealth,low,82,82,FALSE,death_post,D1,DEAD,0.116710207131319,4203
ELSA,wealth,low,83,83,FALSE,death_post,D1,DEAD,0.123901479289006,4203
ELSA,wealth,low,84,84,FALSE,death_post,D1,DEAD,0.131929387206231,4203
ELSA,wealth,low,85,85,FALSE,death_post,D1,DEAD,0.141386351016677,4203
ELSA,wealth,low,86,86,FALSE,death_post,D1,DEAD,0.153030430333781,4203
ELSA,wealth,low,87,87,FALSE,death_post,D1,DEAD,0.167863382797215,4203
ELSA,wealth,low,88,88,FALSE,death_post,D1,DEAD,0.187260201015618,4203
ELSA,wealth,low,89,89,FALSE,death_post,D1,DEAD,0.213181654359384,4203
ELSA,wealth,low,90,90,FALSE,death_post,D1,DEAD,0.248526374758498,4203
ELSA,wealth,low,91,91,FALSE,death_post,D1,DEAD,0.297284522907518,4203
ELSA,wealth,low,92,92,FALSE,death_post,D1,DEAD,0.363437347294479,4203
ELSA,wealth,low,93,93,FALSE,death_post,D1,DEAD,0.451626989327941,4203
ELSA,wealth,low,94,94,FALSE,death_post,D1,DEAD,0.567360296428404,4203
ELSA,wealth,low,95,95,FALSE,death_post,D1,DEAD,0.71664215969812,4203
ELSA,wealth,low,96,95,TRUE,death_post,D1,DEAD,0.71664215969812,4203
ELSA,wealth,low,97,95,TRUE,death_post,D1,DEAD,0.71664215969812,4203
ELSA,wealth,low,98,95,TRUE,death_post,D1,DEAD,0.71664215969812,4203
ELSA,wealth,low,99,95,TRUE,death_post,D1,DEAD,0.71664215969812,4203
ELSA,wealth,high,60,60,FALSE,death_post,R1,DEAD,0.0107881898040521,1701
ELSA,wealth,high,61,61,FALSE,death_post,R1,DEAD,0.0111735725097627,1701
ELSA,wealth,high,62,62,FALSE,death_post,R1,DEAD,0.0115807486819096,1701
ELSA,wealth,high,63,63,FALSE,death_post,R1,DEAD,0.0120194182196911,1701
ELSA,wealth,high,64,64,FALSE,death_post,R1,DEAD,0.0125006787270105,1701
ELSA,wealth,high,65,65,FALSE,death_post,R1,DEAD,0.0130373159344821,1701
ELSA,wealth,high,66,66,FALSE,death_post,R1,DEAD,0.0136442085135325,1701
ELSA,wealth,high,67,67,FALSE,death_post,R1,DEAD,0.014338878325937,1701
ELSA,wealth,high,68,68,FALSE,death_post,R1,DEAD,0.0151422285702412,1701
ELSA,wealth,high,69,69,FALSE,death_post,R1,DEAD,0.0160795286607509,1701
ELSA,wealth,high,70,70,FALSE,death_post,R1,DEAD,0.0171817280829607,1701
ELSA,wealth,high,71,71,FALSE,death_post,R1,DEAD,0.0184806639821177,1701
ELSA,wealth,high,72,72,FALSE,death_post,R1,DEAD,0.0199874322787416,1701
ELSA,wealth,high,73,73,FALSE,death_post,R1,DEAD,0.0217051468085225,1701
ELSA,wealth,high,74,74,FALSE,death_post,R1,DEAD,0.023632644393743,1701
ELSA,wealth,high,75,75,FALSE,death_post,R1,DEAD,0.0257622247589648,1701
ELSA,wealth,high,76,76,FALSE,death_post,R1,DEAD,0.0280771772859162,1701
ELSA,wealth,high,77,77,FALSE,death_post,R1,DEAD,0.0305492210170334,1701
ELSA,wealth,high,78,78,FALSE,death_post,R1,DEAD,0.0331360728216661,1701
ELSA,wealth,high,79,79,FALSE,death_post,R1,DEAD,0.0357794543296371,1701
ELSA,wealth,high,80,80,FALSE,death_post,R1,DEAD,0.0384039374359152,1701
ELSA,wealth,high,81,81,FALSE,death_post,R1,DEAD,0.0409504857151239,1701
ELSA,wealth,high,82,82,FALSE,death_post,R1,DEAD,0.0434943447412632,1701
ELSA,wealth,high,83,83,FALSE,death_post,R1,DEAD,0.0461743131694121,1701
ELSA,wealth,high,84,84,FALSE,death_post,R1,DEAD,0.0491660703009033,1701
ELSA,wealth,high,85,85,FALSE,death_post,R1,DEAD,0.0526903931025444,1701
ELSA,wealth,high,86,86,FALSE,death_post,R1,DEAD,0.057029787337728,1701
ELSA,wealth,high,87,87,FALSE,death_post,R1,DEAD,0.0625575776127419,1701
ELSA,wealth,high,88,88,FALSE,death_post,R1,DEAD,0.069786181855776,1701
ELSA,wealth,high,89,89,FALSE,death_post,R1,DEAD,0.0794463191791533,1701
ELSA,wealth,high,90,90,FALSE,death_post,R1,DEAD,0.0926182215483512,1701
ELSA,wealth,high,91,91,FALSE,death_post,R1,DEAD,0.110788900503217,1701
ELSA,wealth,high,92,92,FALSE,death_post,R1,DEAD,0.135442046275268,1701
ELSA,wealth,high,93,93,FALSE,death_post,R1,DEAD,0.168307643788055,1701
ELSA,wealth,high,94,94,FALSE,death_post,R1,DEAD,0.211437927597853,1701
ELSA,wealth,high,95,95,FALSE,death_post,R1,DEAD,0.267070737994338,1701
ELSA,wealth,high,96,95,TRUE,death_post,R1,DEAD,0.267070737994338,1701
ELSA,wealth,high,97,95,TRUE,death_post,R1,DEAD,0.267070737994338,1701
ELSA,wealth,high,98,95,TRUE,death_post,R1,DEAD,0.267070737994338,1701
ELSA,wealth,high,99,95,TRUE,death_post,R1,DEAD,0.267070737994338,1701
ELSA,wealth,middle,60,60,FALSE,death_post,R1,DEAD,0.0121930691226954,1701
ELSA,wealth,middle,61,61,FALSE,death_post,R1,DEAD,0.0126286378376299,1701
ELSA,wealth,middle,62,62,FALSE,death_post,R1,DEAD,0.0130888380475147,1701
ELSA,wealth,middle,63,63,FALSE,death_post,R1,DEAD,0.0135846328095035,1701
ELSA,wealth,middle,64,64,FALSE,death_post,R1,DEAD,0.0141285648999052,1701
ELSA,wealth,middle,65,65,FALSE,death_post,R1,DEAD,0.0147350850560536,1701
ELSA,wealth,middle,66,66,FALSE,death_post,R1,DEAD,0.0154210095068483,1701
ELSA,wealth,middle,67,67,FALSE,death_post,R1,DEAD,0.0162061418778894,1701
ELSA,wealth,middle,68,68,FALSE,death_post,R1,DEAD,0.0171141074621486,1701
ELSA,wealth,middle,69,69,FALSE,death_post,R1,DEAD,0.0181734663536654,1701
ELSA,wealth,middle,70,70,FALSE,death_post,R1,DEAD,0.0194191983982528,1701
ELSA,wealth,middle,71,71,FALSE,death_post,R1,DEAD,0.0208872866959228,1701
ELSA,wealth,middle,72,72,FALSE,death_post,R1,DEAD,0.022590272120384,1701
ELSA,wealth,middle,73,73,FALSE,death_post,R1,DEAD,0.0245316740029139,1701
ELSA,wealth,middle,74,74,FALSE,death_post,R1,DEAD,0.026710177692346,1701
ELSA,wealth,middle,75,75,FALSE,death_post,R1,DEAD,0.0291170801539371,1701
ELSA,wealth,middle,76,76,FALSE,death_post,R1,DEAD,0.0317334946488206,1701
ELSA,wealth,middle,77,77,FALSE,death_post,R1,DEAD,0.0345274573650231,1701
ELSA,wealth,middle,78,78,FALSE,death_post,R1,DEAD,0.0374511789009762,1701
ELSA,wealth,middle,79,79,FALSE,death_post,R1,DEAD,0.0404387916543445,1701
ELSA,wealth,middle,80,80,FALSE,death_post,R1,DEAD,0.0434050449839046,1701
ELSA,wealth,middle,81,81,FALSE,death_post,R1,DEAD,0.0462832145152758,1701
ELSA,wealth,middle,82,82,FALSE,death_post,R1,DEAD,0.0491583445887622,1701
ELSA,wealth,middle,83,83,FALSE,death_post,R1,DEAD,0.0521873087509229,1701
ELSA,wealth,middle,84,84,FALSE,death_post,R1,DEAD,0.0555686639333175,1701
ELSA,wealth,middle,85,85,FALSE,death_post,R1,DEAD,0.0595519375233836,1701
ELSA,wealth,middle,86,86,FALSE,death_post,R1,DEAD,0.064456424265019,1701
ELSA,wealth,middle,87,87,FALSE,death_post,R1,DEAD,0.0707040645219314,1701
ELSA,wealth,middle,88,88,FALSE,death_post,R1,DEAD,0.078874005243851,1701
ELSA,wealth,middle,89,89,FALSE,death_post,R1,DEAD,0.0897921225793865,1701
ELSA,wealth,middle,90,90,FALSE,death_post,R1,DEAD,0.104679320430198,1701
ELSA,wealth,middle,91,91,FALSE,death_post,R1,DEAD,0.125216254663572,1701
ELSA,wealth,middle,92,92,FALSE,death_post,R1,DEAD,0.153079827325002,1701
ELSA,wealth,middle,93,93,FALSE,death_post,R1,DEAD,0.190225308588373,1701
ELSA,wealth,middle,94,94,FALSE,death_post,R1,DEAD,0.238972182839399,1701
ELSA,wealth,middle,95,95,FALSE,death_post,R1,DEAD,0.301849710485358,1701
ELSA,wealth,middle,96,95,TRUE,death_post,R1,DEAD,0.301849710485358,1701
ELSA,wealth,middle,97,95,TRUE,death_post,R1,DEAD,0.301849710485358,1701
ELSA,wealth,middle,98,95,TRUE,death_post,R1,DEAD,0.301849710485358,1701
ELSA,wealth,middle,99,95,TRUE,death_post,R1,DEAD,0.301849710485358,1701
ELSA,wealth,low,60,60,FALSE,death_post,R1,DEAD,0.0143500552053029,1701
ELSA,wealth,low,61,61,FALSE,death_post,R1,DEAD,0.0148626771745639,1701
ELSA,wealth,low,62,62,FALSE,death_post,R1,DEAD,0.0154042880151887,1701
ELSA,wealth,low,63,63,FALSE,death_post,R1,DEAD,0.0159877901780524,1701
ELSA,wealth,low,64,64,FALSE,death_post,R1,DEAD,0.01662794528967,1701
ELSA,wealth,low,65,65,FALSE,death_post,R1,DEAD,0.0173417604609182,1701
ELSA,wealth,low,66,66,FALSE,death_post,R1,DEAD,0.0181490267559357,1701
ELSA,wealth,low,67,67,FALSE,death_post,R1,DEAD,0.0190730511139162,1701
ELSA,wealth,low,68,68,FALSE,death_post,R1,DEAD,0.0201416382044612,1701
ELSA,wealth,low,69,69,FALSE,death_post,R1,DEAD,0.0213884004775626,1701
ELSA,wealth,low,70,70,FALSE,death_post,R1,DEAD,0.0228545058060045,1701
ELSA,wealth,low,71,71,FALSE,death_post,R1,DEAD,0.0245823027950833,1701
ELSA,wealth,low,72,72,FALSE,death_post,R1,DEAD,0.0265865508321388,1701
ELSA,wealth,low,73,73,FALSE,death_post,R1,DEAD,0.0288713918274324,1701
ELSA,wealth,low,74,74,FALSE,death_post,R1,DEAD,0.0314352785645394,1701
ELSA,wealth,low,75,75,FALSE,death_post,R1,DEAD,0.0342679684189192,1701
ELSA,wealth,low,76,76,FALSE,death_post,R1,DEAD,0.0373472335377929,1701
ELSA,wealth,low,77,77,FALSE,death_post,R1,DEAD,0.0406354556265562,1701
ELSA,wealth,low,78,78,FALSE,death_post,R1,DEAD,0.0440763912124757,1701
ELSA,wealth,low,79,79,FALSE,death_post,R1,DEAD,0.0475925205406612,1701
ELSA,wealth,low,80,80,FALSE,death_post,R1,DEAD,0.0510835119066391,1701
ELSA,wealth,low,81,81,FALSE,death_post,R1,DEAD,0.0544708372182394,1701
ELSA,wealth,low,82,82,FALSE,death_post,R1,DEAD,0.0578545853838395,1701
ELSA,wealth,low,83,83,FALSE,death_post,R1,DEAD,0.061419381294082,1701
ELSA,wealth,low,84,84,FALSE,death_post,R1,DEAD,0.0653989071253416,1701
ELSA,wealth,low,85,85,FALSE,death_post,R1,DEAD,0.0700868323179315,1701
ELSA,wealth,low,86,86,FALSE,death_post,R1,DEAD,0.0758589356979692,1701
ELSA,wealth,low,87,87,FALSE,death_post,R1,DEAD,0.0832117999922172,1701
ELSA,wealth,low,88,88,FALSE,death_post,R1,DEAD,0.0928270247731033,1701
ELSA,wealth,low,89,89,FALSE,death_post,R1,DEAD,0.105676585857874,1701
ELSA,wealth,low,90,90,FALSE,death_post,R1,DEAD,0.123197368268085,1701
ELSA,wealth,low,91,91,FALSE,death_post,R1,DEAD,0.147367340326068,1701
ELSA,wealth,low,92,92,FALSE,death_post,R1,DEAD,0.180160052471383,1701
ELSA,wealth,low,93,93,FALSE,death_post,R1,DEAD,0.223876667327994,1701
ELSA,wealth,low,94,94,FALSE,death_post,R1,DEAD,0.281246992186248,1701
ELSA,wealth,low,95,95,FALSE,death_post,R1,DEAD,0.355247720289478,1701
ELSA,wealth,low,96,95,TRUE,death_post,R1,DEAD,0.355247720289478,1701
ELSA,wealth,low,97,95,TRUE,death_post,R1,DEAD,0.355247720289478,1701
ELSA,wealth,low,98,95,TRUE,death_post,R1,DEAD,0.355247720289478,1701
ELSA,wealth,low,99,95,TRUE,death_post,R1,DEAD,0.355247720289478,1701
ELSA,wealth,high,60,60,FALSE,death_post,D2,DEAD,0.0220742600502585,425
ELSA,wealth,high,61,61,FALSE,death_post,D2,DEAD,0.0228628110694045,425
ELSA,wealth,high,62,62,FALSE,death_post,D2,DEAD,0.0236959548009751,425
ELSA,wealth,high,63,63,FALSE,death_post,D2,DEAD,0.0245935386986442,425
ELSA,wealth,high,64,64,FALSE,death_post,D2,DEAD,0.0255782701302785,425
ELSA,wealth,high,65,65,FALSE,death_post,D2,DEAD,0.0266763106250726,425
ELSA,wealth,high,66,66,FALSE,death_post,D2,DEAD,0.0279181041841273,425
ELSA,wealth,high,67,67,FALSE,death_post,D2,DEAD,0.0293395031738188,425
ELSA,wealth,high,68,68,FALSE,death_post,D2,DEAD,0.0309832786844748,425
ELSA,wealth,high,69,69,FALSE,death_post,D2,DEAD,0.0329011357410192,425
ELSA,wealth,high,70,70,FALSE,death_post,D2,DEAD,0.0351564016489258,425
ELSA,wealth,high,71,71,FALSE,death_post,D2,DEAD,0.0378142199991218,425
ELSA,wealth,high,72,72,FALSE,death_post,D2,DEAD,0.0408972947150179,425
ELSA,wealth,high,73,73,FALSE,death_post,D2,DEAD,0.0444119971730937,425
ELSA,wealth,high,74,74,FALSE,death_post,D2,DEAD,0.0483559473366718,425
ELSA,wealth,high,75,75,FALSE,death_post,D2,DEAD,0.0527133892832506,425
ELSA,wealth,high,76,76,FALSE,death_post,D2,DEAD,0.0574501305727608,425
ELSA,wealth,high,77,77,FALSE,death_post,D2,DEAD,0.0625083041095109,425
ELSA,wealth,high,78,78,FALSE,death_post,D2,DEAD,0.0678013922442316,425
ELSA,wealth,high,79,79,FALSE,death_post,D2,DEAD,0.0732101486601668,425
ELSA,wealth,high,80,80,FALSE,death_post,D2,DEAD,0.078580236101874,425
ELSA,wealth,high,81,81,FALSE,death_post,D2,DEAD,0.0837908571575656,425
ELSA,wealth,high,82,82,FALSE,death_post,D2,DEAD,0.0889959755967225,425
ELSA,wealth,high,83,83,FALSE,death_post,D2,DEAD,0.0944795943579739,425
ELSA,wealth,high,84,84,FALSE,death_post,D2,DEAD,0.100601179733024,425
ELSA,wealth,high,85,85,FALSE,death_post,D2,DEAD,0.107812474624708,425
ELSA,wealth,high,86,86,FALSE,death_post,D2,DEAD,0.116691528344365,425
ELSA,wealth,high,87,87,FALSE,death_post,D2,DEAD,0.128002219224879,425
ELSA,wealth,high,88,88,FALSE,death_post,D2,DEAD,0.142793031470433,425
ELSA,wealth,high,89,89,FALSE,death_post,D2,DEAD,0.162559126364068,425
ELSA,wealth,high,90,90,FALSE,death_post,D2,DEAD,0.189510821090933,425
ELSA,wealth,high,91,91,FALSE,death_post,D2,DEAD,0.226690765069004,425
ELSA,wealth,high,92,92,FALSE,death_post,D2,DEAD,0.277134811819534,425
ELSA,wealth,high,93,93,FALSE,death_post,D2,DEAD,0.344382770873044,425
ELSA,wealth,high,94,94,FALSE,death_post,D2,DEAD,0.432633823009827,425
ELSA,wealth,high,95,95,FALSE,death_post,D2,DEAD,0.546466926275906,425
ELSA,wealth,high,96,95,TRUE,death_post,D2,DEAD,0.546466926275906,425
ELSA,wealth,high,97,95,TRUE,death_post,D2,DEAD,0.546466926275906,425
ELSA,wealth,high,98,95,TRUE,death_post,D2,DEAD,0.546466926275906,425
ELSA,wealth,high,99,95,TRUE,death_post,D2,DEAD,0.546466926275906,425
ELSA,wealth,middle,60,60,FALSE,death_post,D2,DEAD,0.0249488545820782,425
ELSA,wealth,middle,61,61,FALSE,death_post,D2,DEAD,0.0258400937295029,425
ELSA,wealth,middle,62,62,FALSE,death_post,D2,DEAD,0.0267817326228384,425
ELSA,wealth,middle,63,63,FALSE,death_post,D2,DEAD,0.0277962033270511,425
ELSA,wealth,middle,64,64,FALSE,death_post,D2,DEAD,0.0289091702502599,425
ELSA,wealth,middle,65,65,FALSE,death_post,D2,DEAD,0.0301502017760043,425
ELSA,wealth,middle,66,66,FALSE,death_post,D2,DEAD,0.0315537064395934,425
ELSA,wealth,middle,67,67,FALSE,death_post,D2,DEAD,0.0331602054396137,425
ELSA,wealth,middle,68,68,FALSE,death_post,D2,DEAD,0.0350180396812854,425
ELSA,wealth,middle,69,69,FALSE,death_post,D2,DEAD,0.0371856474155423,425
ELSA,wealth,middle,70,70,FALSE,death_post,D2,DEAD,0.039734602671672,425
ELSA,wealth,middle,71,71,FALSE,death_post,D2,DEAD,0.0427385322880508,425
ELSA,wealth,middle,72,72,FALSE,death_post,D2,DEAD,0.0462230967797912,425
ELSA,wealth,middle,73,73,FALSE,death_post,D2,DEAD,0.0501954972283752,425
ELSA,wealth,middle,74,74,FALSE,death_post,D2,DEAD,0.0546530436596505,425
ELSA,wealth,middle,75,75,FALSE,death_post,D2,DEAD,0.0595779283546539,425
ELSA,wealth,middle,76,76,FALSE,death_post,D2,DEAD,0.0649315062030553,425
ELSA,wealth,middle,77,77,FALSE,death_post,D2,DEAD,0.0706483744347411,425
ELSA,wealth,middle,78,78,FALSE,death_post,D2,DEAD,0.0766307487414043,425
ELSA,wealth,middle,79,79,FALSE,death_post,D2,DEAD,0.0827438540950522,425
ELSA,wealth,middle,80,80,FALSE,death_post,D2,DEAD,0.0888132548528198,425
ELSA,wealth,middle,81,81,FALSE,death_post,D2,DEAD,0.094702422902158,425
ELSA,wealth,middle,82,82,FALSE,death_post,D2,DEAD,0.1005853717632,425
ELSA,wealth,middle,83,83,FALSE,death_post,D2,DEAD,0.106783088322964,425
ELSA,wealth,middle,84,84,FALSE,death_post,D2,DEAD,0.113701849947869,425
ELSA,wealth,middle,85,85,FALSE,death_post,D2,DEAD,0.121852227228534,425
ELSA,wealth,middle,86,86,FALSE,death_post,D2,DEAD,0.131887545267454,425
ELSA,wealth,middle,87,87,FALSE,death_post,D2,DEAD,0.144671157554267,425
ELSA,wealth,middle,88,88,FALSE,death_post,D2,DEAD,0.161388085914492,425
ELSA,wealth,middle,89,89,FALSE,death_post,D2,DEAD,0.183728197249326,425
ELSA,wealth,middle,90,90,FALSE,death_post,D2,DEAD,0.214189644697629,425
ELSA,wealth,middle,91,91,FALSE,death_post,D2,DEAD,0.256211303116383,425
ELSA,wealth,middle,92,92,FALSE,death_post,D2,DEAD,0.313224366478195,425
ELSA,wealth,middle,93,93,FALSE,death_post,D2,DEAD,0.389229611843053,425
ELSA,wealth,middle,94,94,FALSE,death_post,D2,DEAD,0.48897305336558,425
ELSA,wealth,middle,95,95,FALSE,death_post,D2,DEAD,0.61762993851353,425
ELSA,wealth,middle,96,95,TRUE,death_post,D2,DEAD,0.61762993851353,425
ELSA,wealth,middle,97,95,TRUE,death_post,D2,DEAD,0.61762993851353,425
ELSA,wealth,middle,98,95,TRUE,death_post,D2,DEAD,0.61762993851353,425
ELSA,wealth,middle,99,95,TRUE,death_post,D2,DEAD,0.61762993851353,425
ELSA,wealth,low,60,60,FALSE,death_post,D2,DEAD,0.0293623727512135,425
ELSA,wealth,low,61,61,FALSE,death_post,D2,DEAD,0.0304112744541381,425
ELSA,wealth,low,62,62,FALSE,death_post,D2,DEAD,0.031519491750936,425
ELSA,wealth,low,63,63,FALSE,death_post,D2,DEAD,0.032713424998023,425
ELSA,wealth,low,64,64,FALSE,death_post,D2,DEAD,0.0340232787049945,425
ELSA,wealth,low,65,65,FALSE,death_post,D2,DEAD,0.0354838519804141,425
ELSA,wealth,low,66,66,FALSE,death_post,D2,DEAD,0.0371356403202272,425
ELSA,wealth,low,67,67,FALSE,death_post,D2,DEAD,0.0390263332299102,425
ELSA,wealth,low,68,68,FALSE,death_post,D2,DEAD,0.0412128232482984,425
ELSA,wealth,low,69,69,FALSE,death_post,D2,DEAD,0.0437638865070255,425
ELSA,wealth,low,70,70,FALSE,death_post,D2,DEAD,0.0467637586699106,425
ELSA,wealth,low,71,71,FALSE,death_post,D2,DEAD,0.050299091357203,425
ELSA,wealth,low,72,72,FALSE,death_post,D2,DEAD,0.0544000844968088,425
ELSA,wealth,low,73,73,FALSE,death_post,D2,DEAD,0.0590752130605143,425
ELSA,wealth,low,74,74,FALSE,death_post,D2,DEAD,0.0643213112106461,425
ELSA,wealth,low,75,75,FALSE,death_post,D2,DEAD,0.0701174209957949,425
ELSA,wealth,low,76,76,FALSE,death_post,D2,DEAD,0.0764180608837006,425
ELSA,wealth,low,77,77,FALSE,death_post,D2,DEAD,0.0831462581817405,425
ELSA,wealth,low,78,78,FALSE,death_post,D2,DEAD,0.0901869302795975,425
ELSA,wealth,low,79,79,FALSE,death_post,D2,DEAD,0.0973814600914065,425
ELSA,wealth,low,80,80,FALSE,death_post,D2,DEAD,0.104524553849069,425
ELSA,wealth,low,81,81,FALSE,death_post,D2,DEAD,0.111455531256882,425
ELSA,wealth,low,82,82,FALSE,death_post,D2,DEAD,0.118379189285589,425
ELSA,wealth,low,83,83,FALSE,death_post,D2,DEAD,0.125673298249007,425
ELSA,wealth,low,84,84,FALSE,death_post,D2,DEAD,0.133816007051085,425
ELSA,wealth,low,85,85,FALSE,death_post,D2,DEAD,0.143408207566367,425
ELSA,wealth,low,86,86,FALSE,death_post,D2,DEAD,0.155218799830889,425
ELSA,wealth,low,87,87,FALSE,death_post,D2,DEAD,0.170263866843385,425
ELSA,wealth,low,88,88,FALSE,death_post,D2,DEAD,0.189938063915376,425
ELSA,wealth,low,89,89,FALSE,death_post,D2,DEAD,0.216230199859293,425
ELSA,wealth,low,90,90,FALSE,death_post,D2,DEAD,0.252080357692233,425
ELSA,wealth,low,91,91,FALSE,death_post,D2,DEAD,0.301535758302165,425
ELSA,wealth,low,92,92,FALSE,death_post,D2,DEAD,0.368634582923983,425
ELSA,wealth,low,93,93,FALSE,death_post,D2,DEAD,0.458085356630184,425
ELSA,wealth,low,94,94,FALSE,death_post,D2,DEAD,0.575473675995239,425
ELSA,wealth,low,95,95,FALSE,death_post,D2,DEAD,0.726890303411788,425
ELSA,wealth,low,96,95,TRUE,death_post,D2,DEAD,0.726890303411788,425
ELSA,wealth,low,97,95,TRUE,death_post,D2,DEAD,0.726890303411788,425
ELSA,wealth,low,98,95,TRUE,death_post,D2,DEAD,0.726890303411788,425
ELSA,wealth,low,99,95,TRUE,death_post,D2,DEAD,0.726890303411788,425
MHAS,education,high,60,60,FALSE,onset,I0,D1,0.00591867126088607,21475
MHAS,education,high,61,61,FALSE,onset,I0,D1,0.00635269526024605,21475
MHAS,education,high,62,62,FALSE,onset,I0,D1,0.00681802959093069,21475
MHAS,education,high,63,63,FALSE,onset,I0,D1,0.00731633952450797,21475
MHAS,education,high,64,64,FALSE,onset,I0,D1,0.00784928297939645,21475
MHAS,education,high,65,65,FALSE,onset,I0,D1,0.00841849275106887,21475
MHAS,education,high,66,66,FALSE,onset,I0,D1,0.00902555618624353,21475
MHAS,education,high,67,67,FALSE,onset,I0,D1,0.00967199219059403,21475
MHAS,education,high,68,68,FALSE,onset,I0,D1,0.0103592254930751,21475
MHAS,education,high,69,69,FALSE,onset,I0,D1,0.0110885581321094,21475
MHAS,education,high,70,70,FALSE,onset,I0,D1,0.0118611381802318,21475
MHAS,education,high,71,71,FALSE,onset,I0,D1,0.0126790024885557,21475
MHAS,education,high,72,72,FALSE,onset,I0,D1,0.0135488585149976,21475
MHAS,education,high,73,73,FALSE,onset,I0,D1,0.0144799670627821,21475
MHAS,education,high,74,74,FALSE,onset,I0,D1,0.0154834605888109,21475
MHAS,education,high,75,75,FALSE,onset,I0,D1,0.0165726680527418,21475
MHAS,education,high,76,76,FALSE,onset,I0,D1,0.017763523575418,21475
MHAS,education,high,77,77,FALSE,onset,I0,D1,0.0190750829500614,21475
MHAS,education,high,78,78,FALSE,onset,I0,D1,0.0205301789082841,21475
MHAS,education,high,79,79,FALSE,onset,I0,D1,0.0221562552621307,21475
MHAS,education,high,80,80,FALSE,onset,I0,D1,0.0239864324962825,21475
MHAS,education,high,81,81,FALSE,onset,I0,D1,0.0260518045768461,21475
MHAS,education,high,82,82,FALSE,onset,I0,D1,0.0283494941547077,21475
MHAS,education,high,83,83,FALSE,onset,I0,D1,0.0308581223741836,21475
MHAS,education,high,84,84,FALSE,onset,I0,D1,0.0335422112759958,21475
MHAS,education,high,85,85,FALSE,onset,I0,D1,0.0363490632646906,21475
MHAS,education,high,86,86,FALSE,onset,I0,D1,0.0392062609597284,21475
MHAS,education,high,87,87,FALSE,onset,I0,D1,0.0420203464496595,21475
MHAS,education,high,88,88,FALSE,onset,I0,D1,0.0446773248081101,21475
MHAS,education,high,89,89,FALSE,onset,I0,D1,0.0470456367840341,21475
MHAS,education,high,90,90,FALSE,onset,I0,D1,0.0489821146869611,21475
MHAS,education,high,91,91,FALSE,onset,I0,D1,0.0503767984044036,21475
MHAS,education,high,92,92,FALSE,onset,I0,D1,0.0512763910156004,21475
MHAS,education,high,93,93,FALSE,onset,I0,D1,0.0517874740982398,21475
MHAS,education,high,94,94,FALSE,onset,I0,D1,0.0520330082385165,21475
MHAS,education,high,95,95,FALSE,onset,I0,D1,0.0521442715149426,21475
MHAS,education,high,96,95,TRUE,onset,I0,D1,0.0521442715149426,21475
MHAS,education,high,97,95,TRUE,onset,I0,D1,0.0521442715149426,21475
MHAS,education,high,98,95,TRUE,onset,I0,D1,0.0521442715149426,21475
MHAS,education,high,99,95,TRUE,onset,I0,D1,0.0521442715149426,21475
MHAS,education,middle,60,60,FALSE,onset,I0,D1,0.00561638277493374,21475
MHAS,education,middle,61,61,FALSE,onset,I0,D1,0.00602823955941552,21475
MHAS,education,middle,62,62,FALSE,onset,I0,D1,0.00646980754051188,21475
MHAS,education,middle,63,63,FALSE,onset,I0,D1,0.00694266693819751,21475
MHAS,education,middle,64,64,FALSE,onset,I0,D1,0.00744839099485025,21475
MHAS,education,middle,65,65,FALSE,onset,I0,D1,0.00798852911302416,21475
MHAS,education,middle,66,66,FALSE,onset,I0,D1,0.0085645875677552,21475
MHAS,education,middle,67,67,FALSE,onset,I0,D1,0.00917800768857258,21475
MHAS,education,middle,68,68,FALSE,onset,I0,D1,0.00983014143824082,21475
MHAS,education,middle,69,69,FALSE,onset,I0,D1,0.0105222243552528,21475
MHAS,education,middle,70,70,FALSE,onset,I0,D1,0.0112553458758224,21475
MHAS,education,middle,71,71,FALSE,onset,I0,D1,0.0120314388215246,21475
MHAS,education,middle,72,72,FALSE,onset,I0,D1,0.0128568680755307,21475
MHAS,education,middle,73,73,FALSE,onset,I0,D1,0.0137404214575084,21475
MHAS,education,middle,74,74,FALSE,onset,I0,D1,0.0146926628485097,21475
MHAS,education,middle,75,75,FALSE,onset,I0,D1,0.0157262404488029,21475
MHAS,education,middle,76,76,FALSE,onset,I0,D1,0.0168562745646007,21475
MHAS,education,middle,77,77,FALSE,onset,I0,D1,0.0181008477391121,21475
MHAS,education,middle,78,78,FALSE,onset,I0,D1,0.0194816265516887,21475
MHAS,education,middle,79,79,FALSE,onset,I0,D1,0.0210246531571407,21475
MHAS,education,middle,80,80,FALSE,onset,I0,D1,0.0227613564541957,21475
MHAS,education,middle,81,81,FALSE,onset,I0,D1,0.0247212423248244,21475
MHAS,education,middle,82,82,FALSE,onset,I0,D1,0.0269015803768004,21475
MHAS,education,middle,83,83,FALSE,onset,I0,D1,0.0292820836518662,21475
MHAS,education,middle,84,84,FALSE,onset,I0,D1,0.0318290861816657,21475
MHAS,education,middle,85,85,FALSE,onset,I0,D1,0.0344925818323321,21475
MHAS,education,middle,86,86,FALSE,onset,I0,D1,0.0372038518474518,21475
MHAS,education,middle,87,87,FALSE,onset,I0,D1,0.0398742115576266,21475
MHAS,education,middle,88,88,FALSE,onset,I0,D1,0.0423954881800318,21475
MHAS,education,middle,89,89,FALSE,onset,I0,D1,0.0446428416823545,21475
MHAS,education,middle,90,90,FALSE,onset,I0,D1,0.0464804164788994,21475
MHAS,education,middle,91,91,FALSE,onset,I0,D1,0.047803868527823,21475
MHAS,education,middle,92,92,FALSE,onset,I0,D1,0.0486575156089462,21475
MHAS,education,middle,93,93,FALSE,onset,I0,D1,0.0491424957836123,21475
MHAS,education,middle,94,94,FALSE,onset,I0,D1,0.0493754895849781,21475
MHAS,education,middle,95,95,FALSE,onset,I0,D1,0.0494810702333463,21475
MHAS,education,middle,96,95,TRUE,onset,I0,D1,0.0494810702333463,21475
MHAS,education,middle,97,95,TRUE,onset,I0,D1,0.0494810702333463,21475
MHAS,education,middle,98,95,TRUE,onset,I0,D1,0.0494810702333463,21475
MHAS,education,middle,99,95,TRUE,onset,I0,D1,0.0494810702333463,21475
MHAS,education,low,60,60,FALSE,onset,I0,D1,0.0150797210065908,21475
MHAS,education,low,61,61,FALSE,onset,I0,D1,0.016185536912226,21475
MHAS,education,low,62,62,FALSE,onset,I0,D1,0.0173711259696697,21475
MHAS,education,low,63,63,FALSE,onset,I0,D1,0.0186407309945031,21475
MHAS,education,low,64,64,FALSE,onset,I0,D1,0.0199985760677913,21475
MHAS,education,low,65,65,FALSE,onset,I0,D1,0.0214488212618048,21475
MHAS,education,low,66,66,FALSE,onset,I0,D1,0.0229955108534761,21475
MHAS,education,low,67,67,FALSE,onset,I0,D1,0.0246425147441367,21475
MHAS,education,low,68,68,FALSE,onset,I0,D1,0.0263934628895994,21475
MHAS,education,low,69,69,FALSE,onset,I0,D1,0.0282516726520371,21475
MHAS,education,low,70,70,FALSE,onset,I0,D1,0.0302200691159422,21475
MHAS,education,low,71,71,FALSE,onset,I0,D1,0.0323038418154462,21475
MHAS,education,low,72,72,FALSE,onset,I0,D1,0.0345200801595711,21475
MHAS,education,low,73,73,FALSE,onset,I0,D1,0.0368923790267563,21475
MHAS,education,low,74,74,FALSE,onset,I0,D1,0.0394491019359061,21475
MHAS,education,low,75,75,FALSE,onset,I0,D1,0.0422242087040283,21475
MHAS,education,low,76,76,FALSE,onset,I0,D1,0.0452582966351809,21475
MHAS,education,low,77,77,FALSE,onset,I0,D1,0.0485999164990693,21475
MHAS,education,low,78,78,FALSE,onset,I0,D1,0.0523072420322214,21475
MHAS,education,low,79,79,FALSE,onset,I0,D1,0.0564501951834579,21475
MHAS,education,low,80,80,FALSE,onset,I0,D1,0.061113161053181,21475
MHAS,education,low,81,81,FALSE,onset,I0,D1,0.0663753615331311,21475
MHAS,education,low,82,82,FALSE,onset,I0,D1,0.0722294656498575,21475
MHAS,education,low,83,83,FALSE,onset,I0,D1,0.0786210038839466,21475
MHAS,education,low,84,84,FALSE,onset,I0,D1,0.0854595847092914,21475
MHAS,education,low,85,85,FALSE,onset,I0,D1,0.0926109440314471,21475
MHAS,education,low,86,86,FALSE,onset,I0,D1,0.0998905752531674,21475
MHAS,education,low,87,87,FALSE,onset,I0,D1,0.107060364249102,21475
MHAS,education,low,88,88,FALSE,onset,I0,D1,0.113829872234917,21475
MHAS,education,low,89,89,FALSE,onset,I0,D1,0.119863909652998,21475
MHAS,education,low,90,90,FALSE,onset,I0,D1,0.124797710708067,21475
MHAS,education,low,91,91,FALSE,onset,I0,D1,0.128351116603484,21475
MHAS,education,low,92,92,FALSE,onset,I0,D1,0.130643118473243,21475
MHAS,education,low,93,93,FALSE,onset,I0,D1,0.131945267208605,21475
MHAS,education,low,94,94,FALSE,onset,I0,D1,0.13257084449948,21475
MHAS,education,low,95,95,FALSE,onset,I0,D1,0.132854323525909,21475
MHAS,education,low,96,95,TRUE,onset,I0,D1,0.132854323525909,21475
MHAS,education,low,97,95,TRUE,onset,I0,D1,0.132854323525909,21475
MHAS,education,low,98,95,TRUE,onset,I0,D1,0.132854323525909,21475
MHAS,education,low,99,95,TRUE,onset,I0,D1,0.132854323525909,21475
MHAS,education,high,60,60,FALSE,recovery,D1,R1,0.299070765972221,2893
MHAS,education,high,61,61,FALSE,recovery,D1,R1,0.273836170699363,2893
MHAS,education,high,62,62,FALSE,recovery,D1,R1,0.250977280082909,2893
MHAS,education,high,63,63,FALSE,recovery,D1,R1,0.230479070864901,2893
MHAS,education,high,64,64,FALSE,recovery,D1,R1,0.212279871788903,2893
MHAS,education,high,65,65,FALSE,recovery,D1,R1,0.196287715386044,2893
MHAS,education,high,66,66,FALSE,recovery,D1,R1,0.182394253193076,2893
MHAS,education,high,67,67,FALSE,recovery,D1,R1,0.170486365799398,2893
MHAS,education,high,68,68,FALSE,recovery,D1,R1,0.160455782640741,2893
MHAS,education,high,69,69,FALSE,recovery,D1,R1,0.152207150694831,2893
MHAS,education,high,70,70,FALSE,recovery,D1,R1,0.145665078488846,2893
MHAS,education,high,71,71,FALSE,recovery,D1,R1,0.140698546098979,2893
MHAS,education,high,72,72,FALSE,recovery,D1,R1,0.136897613752902,2893
MHAS,education,high,73,73,FALSE,recovery,D1,R1,0.133837835559382,2893
MHAS,education,high,74,74,FALSE,recovery,D1,R1,0.131142464663717,2893
MHAS,education,high,75,75,FALSE,recovery,D1,R1,0.128467668095904,2893
MHAS,education,high,76,76,FALSE,recovery,D1,R1,0.125497494538419,2893
MHAS,education,high,77,77,FALSE,recovery,D1,R1,0.12194714503993,2893
MHAS,education,high,78,78,FALSE,recovery,D1,R1,0.117573172921253,2893
MHAS,education,high,79,79,FALSE,recovery,D1,R1,0.112188802295264,2893
MHAS,education,high,80,80,FALSE,recovery,D1,R1,0.105681777373977,2893
MHAS,education,high,81,81,FALSE,recovery,D1,R1,0.0981460272380459,2893
MHAS,education,high,82,82,FALSE,recovery,D1,R1,0.0901596518868594,2893
MHAS,education,high,83,83,FALSE,recovery,D1,R1,0.0822946346351235,2893
MHAS,education,high,84,84,FALSE,recovery,D1,R1,0.0749727635208026,2893
MHAS,education,high,85,85,FALSE,recovery,D1,R1,0.0684795864311755,2893
MHAS,education,high,86,86,FALSE,recovery,D1,R1,0.0629937204199276,2893
MHAS,education,high,87,87,FALSE,recovery,D1,R1,0.0586225650866408,2893
MHAS,education,high,88,88,FALSE,recovery,D1,R1,0.0554391693100792,2893
MHAS,education,high,89,89,FALSE,recovery,D1,R1,0.0535187372299441,2893
MHAS,education,high,90,90,FALSE,recovery,D1,R1,0.0529767310776274,2893
MHAS,education,high,91,91,FALSE,recovery,D1,R1,0.0539205027675862,2893
MHAS,education,high,92,92,FALSE,recovery,D1,R1,0.0561949333878456,2893
MHAS,education,high,93,93,FALSE,recovery,D1,R1,0.0596137205011976,2893
MHAS,education,high,94,94,FALSE,recovery,D1,R1,0.0639930071694808,2893
MHAS,education,high,95,95,FALSE,recovery,D1,R1,0.0691014919126789,2893
MHAS,education,high,96,95,TRUE,recovery,D1,R1,0.0691014919126789,2893
MHAS,education,high,97,95,TRUE,recovery,D1,R1,0.0691014919126789,2893
MHAS,education,high,98,95,TRUE,recovery,D1,R1,0.0691014919126789,2893
MHAS,education,high,99,95,TRUE,recovery,D1,R1,0.0691014919126789,2893
MHAS,education,middle,60,60,FALSE,recovery,D1,R1,0.282259853412287,2893
MHAS,education,middle,61,61,FALSE,recovery,D1,R1,0.25844370695785,2893
MHAS,education,middle,62,62,FALSE,recovery,D1,R1,0.236869725650806,2893
MHAS,education,middle,63,63,FALSE,recovery,D1,R1,0.217523730697803,2893
MHAS,education,middle,64,64,FALSE,recovery,D1,R1,0.200347517413589,2893
MHAS,education,middle,65,65,FALSE,recovery,D1,R1,0.185254287865246,2893
MHAS,education,middle,66,66,FALSE,recovery,D1,R1,0.172141783909108,2893
MHAS,education,middle,67,67,FALSE,recovery,D1,R1,0.160903244631411,2893
MHAS,education,middle,68,68,FALSE,recovery,D1,R1,0.151436485408728,2893
MHAS,education,middle,69,69,FALSE,recovery,D1,R1,0.143651513058336,2893
MHAS,education,middle,70,70,FALSE,recovery,D1,R1,0.137477173898601,2893
MHAS,education,middle,71,71,FALSE,recovery,D1,R1,0.132789812699074,2893
MHAS,education,middle,72,72,FALSE,recovery,D1,R1,0.129202532600512,2893
MHAS,education,middle,73,73,FALSE,recovery,D1,R1,0.126314746020739,2893
MHAS,education,middle,74,74,FALSE,recovery,D1,R1,0.123770883228169,2893
MHAS,education,middle,75,75,FALSE,recovery,D1,R1,0.121246438270521,2893
MHAS,education,middle,76,76,FALSE,recovery,D1,R1,0.118443219606806,2893
MHAS,education,middle,77,77,FALSE,recovery,D1,R1,0.115092436972642,2893
MHAS,education,middle,78,78,FALSE,recovery,D1,R1,0.110964327944553,2893
MHAS,education,middle,79,79,FALSE,recovery,D1,R1,0.105882615398466,2893
MHAS,education,middle,80,80,FALSE,recovery,D1,R1,0.0997413534985874,2893
MHAS,education,middle,81,81,FALSE,recovery,D1,R1,0.0926291915264708,2893
MHAS,education,middle,82,82,FALSE,recovery,D1,R1,0.0850917342006325,2893
MHAS,education,middle,83,83,FALSE,recovery,D1,R1,0.0776688133767151,2893
MHAS,education,middle,84,84,FALSE,recovery,D1,R1,0.0707585081828473,2893
MHAS,education,middle,85,85,FALSE,recovery,D1,R1,0.0646303157213066,2893
MHAS,education,middle,86,86,FALSE,recovery,D1,R1,0.0594528128947077,2893
MHAS,education,middle,87,87,FALSE,recovery,D1,R1,0.055327362319139,2893
MHAS,education,middle,88,88,FALSE,recovery,D1,R1,0.0523229067605204,2893
MHAS,education,middle,89,89,FALSE,recovery,D1,R1,0.0505104230974481,2893
MHAS,education,middle,90,90,FALSE,recovery,D1,R1,0.0499988833733826,2893
MHAS,education,middle,91,91,FALSE,recovery,D1,R1,0.0508896051996917,2893
MHAS,education,middle,92,92,FALSE,recovery,D1,R1,0.0530361889735483,2893
MHAS,education,middle,93,93,FALSE,recovery,D1,R1,0.0562628044079441,2893
MHAS,education,middle,94,94,FALSE,recovery,D1,R1,0.060395929252232,2893
MHAS,education,middle,95,95,FALSE,recovery,D1,R1,0.0652172635945794,2893
MHAS,education,middle,96,95,TRUE,recovery,D1,R1,0.0652172635945794,2893
MHAS,education,middle,97,95,TRUE,recovery,D1,R1,0.0652172635945794,2893
MHAS,education,middle,98,95,TRUE,recovery,D1,R1,0.0652172635945794,2893
MHAS,education,middle,99,95,TRUE,recovery,D1,R1,0.0652172635945794,2893
MHAS,education,low,60,60,FALSE,recovery,D1,R1,0.346586005582421,2893
MHAS,education,low,61,61,FALSE,recovery,D1,R1,0.317342232625618,2893
MHAS,education,low,62,62,FALSE,recovery,D1,R1,0.290851607354881,2893
MHAS,education,low,63,63,FALSE,recovery,D1,R1,0.267096719673475,2893
MHAS,education,low,64,64,FALSE,recovery,D1,R1,0.246006100227456,2893
MHAS,education,low,65,65,FALSE,recovery,D1,R1,0.227473170102045,2893
MHAS,education,low,66,66,FALSE,recovery,D1,R1,0.211372366837248,2893
MHAS,education,low,67,67,FALSE,recovery,D1,R1,0.197572599035525,2893
MHAS,education,low,68,68,FALSE,recovery,D1,R1,0.185948394512157,2893
MHAS,education,low,69,69,FALSE,recovery,D1,R1,0.17638925091496,2893
MHAS,education,low,70,70,FALSE,recovery,D1,R1,0.168807798857172,2893
MHAS,education,low,71,71,FALSE,recovery,D1,R1,0.163052202461771,2893
MHAS,education,low,72,72,FALSE,recovery,D1,R1,0.158647392265651,2893
MHAS,education,low,73,73,FALSE,recovery,D1,R1,0.155101488009135,2893
MHAS,education,low,74,74,FALSE,recovery,D1,R1,0.151977886712784,2893
MHAS,education,low,75,75,FALSE,recovery,D1,R1,0.14887812851619,2893
MHAS,education,low,76,76,FALSE,recovery,D1,R1,0.145436064943615,2893
MHAS,education,low,77,77,FALSE,recovery,D1,R1,0.141321649256401,2893
MHAS,education,low,78,78,FALSE,recovery,D1,R1,0.136252756881671,2893
MHAS,education,low,79,79,FALSE,recovery,D1,R1,0.130012937681122,2893
MHAS,education,low,80,80,FALSE,recovery,D1,R1,0.122472101088942,2893
MHAS,education,low,81,81,FALSE,recovery,D1,R1,0.113739099285209,2893
MHAS,education,low,82,82,FALSE,recovery,D1,R1,0.104483878625137,2893
MHAS,education,low,83,83,FALSE,recovery,D1,R1,0.0953692969833817,2893
MHAS,education,low,84,84,FALSE,recovery,D1,R1,0.0868841544966116,2893
MHAS,education,low,85,85,FALSE,recovery,D1,R1,0.0793593658275573,2893
MHAS,education,low,86,86,FALSE,recovery,D1,R1,0.0730019260362827,2893
MHAS,education,low,87,87,FALSE,recovery,D1,R1,0.0679362979672227,2893
MHAS,education,low,88,88,FALSE,recovery,D1,R1,0.0642471362305356,2893
MHAS,education,low,89,89,FALSE,recovery,D1,R1,0.0620215931170767,2893
MHAS,education,low,90,90,FALSE,recovery,D1,R1,0.0613934750637394,2893
MHAS,education,low,91,91,FALSE,recovery,D1,R1,0.0624871896538006,2893
MHAS,education,low,92,92,FALSE,recovery,D1,R1,0.0651229732653732,2893
MHAS,education,low,93,93,FALSE,recovery,D1,R1,0.0690849244300128,2893
MHAS,education,low,94,94,FALSE,recovery,D1,R1,0.074159975710022,2893
MHAS,education,low,95,95,FALSE,recovery,D1,R1,0.0800800773152997,2893
MHAS,education,low,96,95,TRUE,recovery,D1,R1,0.0800800773152997,2893
MHAS,education,low,97,95,TRUE,recovery,D1,R1,0.0800800773152997,2893
MHAS,education,low,98,95,TRUE,recovery,D1,R1,0.0800800773152997,2893
MHAS,education,low,99,95,TRUE,recovery,D1,R1,0.0800800773152997,2893
MHAS,education,high,60,60,FALSE,recovery,D2,R1,0.211291179697569,228
MHAS,education,high,61,61,FALSE,recovery,D2,R1,0.193463133592628,228
MHAS,education,high,62,62,FALSE,recovery,D2,R1,0.177313504426343,228
MHAS,education,high,63,63,FALSE,recovery,D2,R1,0.162831678383329,228
MHAS,education,high,64,64,FALSE,recovery,D2,R1,0.149974085198592,228
MHAS,education,high,65,65,FALSE,recovery,D2,R1,0.138675750567711,228
MHAS,education,high,66,66,FALSE,recovery,D2,R1,0.128860127140618,228
MHAS,education,high,67,67,FALSE,recovery,D2,R1,0.120447296929891,228
MHAS,education,high,68,68,FALSE,recovery,D2,R1,0.11336076762049,228
MHAS,education,high,69,69,FALSE,recovery,D2,R1,0.107533173040737,228
MHAS,education,high,70,70,FALSE,recovery,D2,R1,0.10291124969903,228
MHAS,education,high,71,71,FALSE,recovery,D2,R1,0.0994024330340181,228
MHAS,education,high,72,72,FALSE,recovery,D2,R1,0.0967171037717529,228
MHAS,education,high,73,73,FALSE,recovery,D2,R1,0.094555394177637,228
MHAS,education,high,74,74,FALSE,recovery,D2,R1,0.0926511355169279,228
MHAS,education,high,75,75,FALSE,recovery,D2,R1,0.0907614124594866,228
MHAS,education,high,76,76,FALSE,recovery,D2,R1,0.0886630078466943,228
MHAS,education,high,77,77,FALSE,recovery,D2,R1,0.0861547134253525,228
MHAS,education,high,78,78,FALSE,recovery,D2,R1,0.0830645360022426,228
MHAS,education,high,79,79,FALSE,recovery,D2,R1,0.0792605198597899,228
MHAS,education,high,80,80,FALSE,recovery,D2,R1,0.0746633571532614,228
MHAS,education,high,81,81,FALSE,recovery,D2,R1,0.0693394080506106,228
MHAS,education,high,82,82,FALSE,recovery,D2,R1,0.0636970957237129,228
MHAS,education,high,83,83,FALSE,recovery,D2,R1,0.0581405219540942,228
MHAS,education,high,84,84,FALSE,recovery,D2,R1,0.0529676767236041,228
MHAS,education,high,85,85,FALSE,recovery,D2,R1,0.0483802974028852,228
MHAS,education,high,86,86,FALSE,recovery,D2,R1,0.0445045755568823,228
MHAS,education,high,87,87,FALSE,recovery,D2,R1,0.041416388170833,228
MHAS,education,high,88,88,FALSE,recovery,D2,R1,0.0391673437117821,228
MHAS,education,high,89,89,FALSE,recovery,D2,R1,0.0378105733219323,228
MHAS,education,high,90,90,FALSE,recovery,D2,R1,0.0374276501734459,228
MHAS,education,high,91,91,FALSE,recovery,D2,R1,0.0380944175623891,228
MHAS,education,high,92,92,FALSE,recovery,D2,R1,0.0397012851789301,228
MHAS,education,high,93,93,FALSE,recovery,D2,R1,0.0421166317941927,228
MHAS,education,high,94,94,FALSE,recovery,D2,R1,0.0452105639054354,228
MHAS,education,high,95,95,FALSE,recovery,D2,R1,0.0488196688085794,228
MHAS,education,high,96,95,TRUE,recovery,D2,R1,0.0488196688085794,228
MHAS,education,high,97,95,TRUE,recovery,D2,R1,0.0488196688085794,228
MHAS,education,high,98,95,TRUE,recovery,D2,R1,0.0488196688085794,228
MHAS,education,high,99,95,TRUE,recovery,D2,R1,0.0488196688085794,228
MHAS,education,middle,60,60,FALSE,recovery,D2,R1,0.199414400183416,228
MHAS,education,middle,61,61,FALSE,recovery,D2,R1,0.18258847718205,228
MHAS,education,middle,62,62,FALSE,recovery,D2,R1,0.167346626490558,228
MHAS,education,middle,63,63,FALSE,recovery,D2,R1,0.15367883090126,228
MHAS,education,middle,64,64,FALSE,recovery,D2,R1,0.14154396925485,228
MHAS,education,middle,65,65,FALSE,recovery,D2,R1,0.130880719484019,228
MHAS,education,middle,66,66,FALSE,recovery,D2,R1,0.121616837002309,228
MHAS,education,middle,67,67,FALSE,recovery,D2,R1,0.113676896051068,228
MHAS,education,middle,68,68,FALSE,recovery,D2,R1,0.106988703985317,228
MHAS,education,middle,69,69,FALSE,recovery,D2,R1,0.101488681318507,228
MHAS,education,middle,70,70,FALSE,recovery,D2,R1,0.0971265585256883,228
MHAS,education,middle,71,71,FALSE,recovery,D2,R1,0.0938149741443226,228
MHAS,education,middle,72,72,FALSE,recovery,D2,R1,0.0912805885400769,228
MHAS,education,middle,73,73,FALSE,recovery,D2,R1,0.0892403896889068,228
MHAS,education,middle,74,74,FALSE,recovery,D2,R1,0.0874431703295236,228
MHAS,education,middle,75,75,FALSE,recovery,D2,R1,0.0856596695201107,228
MHAS,education,middle,76,76,FALSE,recovery,D2,R1,0.0836792172466129,228
MHAS,education,middle,77,77,FALSE,recovery,D2,R1,0.0813119152691653,228
MHAS,education,middle,78,78,FALSE,recovery,D2,R1,0.0783954382152162,228
MHAS,education,middle,79,79,FALSE,recovery,D2,R1,0.0748052476619664,228
MHAS,education,middle,80,80,FALSE,recovery,D2,R1,0.0704664936970346,228
MHAS,education,middle,81,81,FALSE,recovery,D2,R1,0.0654418063512032,228
MHAS,education,middle,82,82,FALSE,recovery,D2,R1,0.0601166511321057,228
MHAS,education,middle,83,83,FALSE,recovery,D2,R1,0.0548724150644694,228
MHAS,education,middle,84,84,FALSE,recovery,D2,R1,0.0499903379689829,228
MHAS,education,middle,85,85,FALSE,recovery,D2,R1,0.0456608174610074,228
MHAS,education,middle,86,86,FALSE,recovery,D2,R1,0.0420029518165224,228
MHAS,education,middle,87,87,FALSE,recovery,D2,R1,0.0390883529386873,228
MHAS,education,middle,88,88,FALSE,recovery,D2,R1,0.036965728357626,228
MHAS,education,middle,89,89,FALSE,recovery,D2,R1,0.0356852226883134,228
MHAS,education,middle,90,90,FALSE,recovery,D2,R1,0.0353238238354077,228
MHAS,education,middle,91,91,FALSE,recovery,D2,R1,0.0359531119065819,228
MHAS,education,middle,92,92,FALSE,recovery,D2,R1,0.037469656716381,228
MHAS,education,middle,93,93,FALSE,recovery,D2,R1,0.0397492355289326,228
MHAS,education,middle,94,94,FALSE,recovery,D2,R1,0.0426692562181766,228
MHAS,education,middle,95,95,FALSE,recovery,D2,R1,0.0460754915872518,228
MHAS,education,middle,96,95,TRUE,recovery,D2,R1,0.0460754915872518,228
MHAS,education,middle,97,95,TRUE,recovery,D2,R1,0.0460754915872518,228
MHAS,education,middle,98,95,TRUE,recovery,D2,R1,0.0460754915872518,228
MHAS,education,middle,99,95,TRUE,recovery,D2,R1,0.0460754915872518,228
MHAS,education,low,60,60,FALSE,recovery,D2,R1,0.244860328451427,228
MHAS,education,low,61,61,FALSE,recovery,D2,R1,0.224199829365988,228
MHAS,education,low,62,62,FALSE,recovery,D2,R1,0.205484407796164,228
MHAS,education,low,63,63,FALSE,recovery,D2,R1,0.188701763643463,228
MHAS,education,low,64,64,FALSE,recovery,D2,R1,0.173801404362892,228
MHAS,education,low,65,65,FALSE,recovery,D2,R1,0.160708032776668,228
MHAS,education,low,66,66,FALSE,recovery,D2,R1,0.149332939979355,228
MHAS,education,low,67,67,FALSE,recovery,D2,R1,0.139583510913963,228
MHAS,education,low,68,68,FALSE,recovery,D2,R1,0.131371100453837,228
MHAS,education,low,69,69,FALSE,recovery,D2,R1,0.124617639543058,228
MHAS,education,low,70,70,FALSE,recovery,D2,R1,0.1192614023866,228
MHAS,education,low,71,71,FALSE,recovery,D2,R1,0.115195118113398,228
MHAS,education,low,72,72,FALSE,recovery,D2,R1,0.112083153827432,228
MHAS,education,low,73,73,FALSE,recovery,D2,R1,0.109577999935114,228
MHAS,education,low,74,74,FALSE,recovery,D2,R1,0.107371199813192,228
MHAS,education,low,75,75,FALSE,recovery,D2,R1,0.10518124465657,228
MHAS,education,low,76,76,FALSE,recovery,D2,R1,0.102749453403155,228
MHAS,education,low,77,77,FALSE,recovery,D2,R1,0.0998426505884718,228
MHAS,education,low,78,78,FALSE,recovery,D2,R1,0.0962615173869869,228
MHAS,education,low,79,79,FALSE,recovery,D2,R1,0.0918531334525098,228
MHAS,education,low,80,80,FALSE,recovery,D2,R1,0.0865255908079165,228
MHAS,education,low,81,81,FALSE,recovery,D2,R1,0.0803557926753125,228
MHAS,education,low,82,82,FALSE,recovery,D2,R1,0.0738170509655676,228
MHAS,education,low,83,83,FALSE,recovery,D2,R1,0.0673776696329398,228
MHAS,education,low,84,84,FALSE,recovery,D2,R1,0.0613829821879685,228
MHAS,education,low,85,85,FALSE,recovery,D2,R1,0.0560667772767634,228
MHAS,education,low,86,86,FALSE,recovery,D2,R1,0.0515752953059731,228
MHAS,education,low,87,87,FALSE,recovery,D2,R1,0.04799646831116,228
MHAS,education,low,88,88,FALSE,recovery,D2,R1,0.0453901041187061,228
MHAS,education,low,89,89,FALSE,recovery,D2,R1,0.04381777514706,228
MHAS,education,low,90,90,FALSE,recovery,D2,R1,0.0433740146074849,228
MHAS,education,low,91,91,FALSE,recovery,D2,R1,0.0441467154939632,228
MHAS,education,low,92,92,FALSE,recovery,D2,R1,0.0460088761999963,228
MHAS,education,low,93,93,FALSE,recovery,D2,R1,0.0488079640103997,228
MHAS,education,low,94,94,FALSE,recovery,D2,R1,0.0523934484307606,228
MHAS,education,low,95,95,FALSE,recovery,D2,R1,0.0565759543605605,228
MHAS,education,low,96,95,TRUE,recovery,D2,R1,0.0565759543605605,228
MHAS,education,low,97,95,TRUE,recovery,D2,R1,0.0565759543605605,228
MHAS,education,low,98,95,TRUE,recovery,D2,R1,0.0565759543605605,228
MHAS,education,low,99,95,TRUE,recovery,D2,R1,0.0565759543605605,228
MHAS,education,high,60,60,FALSE,relapse,R1,D2,0.0664925225310583,1184
MHAS,education,high,61,61,FALSE,relapse,R1,D2,0.0610919384270951,1184
MHAS,education,high,62,62,FALSE,relapse,R1,D2,0.0563240128526179,1184
MHAS,education,high,63,63,FALSE,relapse,R1,D2,0.0522878093562929,1184
MHAS,education,high,64,64,FALSE,relapse,R1,D2,0.0490459405180719,1184
MHAS,education,high,65,65,FALSE,relapse,R1,D2,0.0466444564214546,1184
MHAS,education,high,66,66,FALSE,relapse,R1,D2,0.0451325572825556,1184
MHAS,education,high,67,67,FALSE,relapse,R1,D2,0.0445832137954234,1184
MHAS,education,high,68,68,FALSE,relapse,R1,D2,0.0451172802906105,1184
MHAS,education,high,69,69,FALSE,relapse,R1,D2,0.0469356839772979,1184
MHAS,education,high,70,70,FALSE,relapse,R1,D2,0.0503675325425404,1184
MHAS,education,high,71,71,FALSE,relapse,R1,D2,0.0558383811297082,1184
MHAS,education,high,72,72,FALSE,relapse,R1,D2,0.0635465378538651,1184
MHAS,education,high,73,73,FALSE,relapse,R1,D2,0.0736239242258643,1184
MHAS,education,high,74,74,FALSE,relapse,R1,D2,0.0861202102849893,1184
MHAS,education,high,75,75,FALSE,relapse,R1,D2,0.100865190373664,1184
MHAS,education,high,76,76,FALSE,relapse,R1,D2,0.117305591709763,1184
MHAS,education,high,77,77,FALSE,relapse,R1,D2,0.134347115725963,1184
MHAS,education,high,78,78,FALSE,relapse,R1,D2,0.150266188220061,1184
MHAS,education,high,79,79,FALSE,relapse,R1,D2,0.162782810509192,1184
MHAS,education,high,80,80,FALSE,relapse,R1,D2,0.169379647422706,1184
MHAS,education,high,81,81,FALSE,relapse,R1,D2,0.16845584027321,1184
MHAS,education,high,82,82,FALSE,relapse,R1,D2,0.161529790307209,1184
MHAS,education,high,83,83,FALSE,relapse,R1,D2,0.15114929834468,1184
MHAS,education,high,84,84,FALSE,relapse,R1,D2,0.139698528315353,1184
MHAS,education,high,85,85,FALSE,relapse,R1,D2,0.12907881088485,1184
MHAS,education,high,86,86,FALSE,relapse,R1,D2,0.120681514107626,1184
MHAS,education,high,87,87,FALSE,relapse,R1,D2,0.115556519959738,1184
MHAS,education,high,88,88,FALSE,relapse,R1,D2,0.114699442800133,1184
MHAS,education,high,89,89,FALSE,relapse,R1,D2,0.119450109363254,1184
MHAS,education,high,90,90,FALSE,relapse,R1,D2,0.132103834915657,1184
MHAS,education,high,91,91,FALSE,relapse,R1,D2,0.156341401072551,1184
MHAS,education,high,92,92,FALSE,relapse,R1,D2,0.196025093675907,1184
MHAS,education,high,93,93,FALSE,relapse,R1,D2,0.256660279287524,1184
MHAS,education,high,94,94,FALSE,relapse,R1,D2,0.345895731728428,1184
MHAS,education,high,95,95,FALSE,relapse,R1,D2,0.47293506732313,1184
MHAS,education,high,96,95,TRUE,relapse,R1,D2,0.47293506732313,1184
MHAS,education,high,97,95,TRUE,relapse,R1,D2,0.47293506732313,1184
MHAS,education,high,98,95,TRUE,relapse,R1,D2,0.47293506732313,1184
MHAS,education,high,99,95,TRUE,relapse,R1,D2,0.47293506732313,1184
MHAS,education,middle,60,60,FALSE,relapse,R1,D2,0.403433635301348,1184
MHAS,education,middle,61,61,FALSE,relapse,R1,D2,0.370666382761112,1184
MHAS,education,middle,62,62,FALSE,relapse,R1,D2,0.341737693125986,1184
MHAS,education,middle,63,63,FALSE,relapse,R1,D2,0.317248619958731,1184
MHAS,education,middle,64,64,FALSE,relapse,R1,D2,0.297579055911695,1184
MHAS,education,middle,65,65,FALSE,relapse,R1,D2,0.283008403117403,1184
MHAS,education,middle,66,66,FALSE,relapse,R1,D2,0.273835176676338,1184
MHAS,education,middle,67,67,FALSE,relapse,R1,D2,0.270502115580042,1184
MHAS,education,middle,68,68,FALSE,relapse,R1,D2,0.27374248576671,1184
MHAS,education,middle,69,69,FALSE,relapse,R1,D2,0.28477538363012,1184
MHAS,education,middle,70,70,FALSE,relapse,R1,D2,0.305597621827397,1184
MHAS,education,middle,71,71,FALSE,relapse,R1,D2,0.338791193821502,1184
MHAS,education,middle,72,72,FALSE,relapse,R1,D2,0.385559305036513,1184
MHAS,education,middle,73,73,FALSE,relapse,R1,D2,0.446702369905091,1184
MHAS,education,middle,74,74,FALSE,relapse,R1,D2,0.52252175411094,1184
MHAS,education,middle,75,75,FALSE,relapse,R1,D2,0.611984759772089,1184
MHAS,education,middle,76,76,FALSE,relapse,R1,D2,0.711734485370741,1184
MHAS,education,middle,77,77,FALSE,relapse,R1,D2,0.815131434730266,1184
MHAS,education,middle,78,78,FALSE,relapse,R1,D2,0.911718073986131,1184
MHAS,education,middle,79,79,FALSE,relapse,R1,D2,0.987660845287056,1184
MHAS,education,middle,80,80,FALSE,relapse,R1,D2,1.02768618642622,1184
MHAS,education,middle,81,81,FALSE,relapse,R1,D2,1.02208112193999,1184
MHAS,education,middle,82,82,FALSE,relapse,R1,D2,0.980058328854387,1184
MHAS,education,middle,83,83,FALSE,relapse,R1,D2,0.917076215238477,1184
MHAS,education,middle,84,84,FALSE,relapse,R1,D2,0.847600346312418,1184
MHAS,education,middle,85,85,FALSE,relapse,R1,D2,0.783166767230501,1184
MHAS,education,middle,86,86,FALSE,relapse,R1,D2,0.732217399743994,1184
MHAS,education,middle,87,87,FALSE,relapse,R1,D2,0.70112224887173,1184
MHAS,education,middle,88,88,FALSE,relapse,R1,D2,0.695922058819206,1184
MHAS,education,middle,89,89,FALSE,relapse,R1,D2,0.724746031932414,1184
MHAS,education,middle,90,90,FALSE,relapse,R1,D2,0.801520657189365,1184
MHAS,education,middle,91,91,FALSE,relapse,R1,D2,0.948578537584343,1184
MHAS,education,middle,92,92,FALSE,relapse,R1,D2,1.18935352640621,1184
MHAS,education,middle,93,93,FALSE,relapse,R1,D2,1.55724862840118,1184
MHAS,education,middle,94,94,FALSE,relapse,R1,D2,2.09867165772269,1184
MHAS,education,middle,95,95,FALSE,relapse,R1,D2,2.86946420753608,1184
MHAS,education,middle,96,95,TRUE,relapse,R1,D2,2.86946420753608,1184
MHAS,education,middle,97,95,TRUE,relapse,R1,D2,2.86946420753608,1184
MHAS,education,middle,98,95,TRUE,relapse,R1,D2,2.86946420753608,1184
MHAS,education,middle,99,95,TRUE,relapse,R1,D2,2.86946420753608,1184
MHAS,education,low,60,60,FALSE,relapse,R1,D2,0.091533182009932,1184
MHAS,education,low,61,61,FALSE,relapse,R1,D2,0.084098772411212,1184
MHAS,education,low,62,62,FALSE,relapse,R1,D2,0.0775352765051184,1184
MHAS,education,low,63,63,FALSE,relapse,R1,D2,0.0719790645402967,1184
MHAS,education,low,64,64,FALSE,relapse,R1,D2,0.0675163285945728,1184
MHAS,education,low,65,65,FALSE,relapse,R1,D2,0.0642104609188961,1184
MHAS,education,low,66,66,FALSE,relapse,R1,D2,0.0621291902166626,1184
MHAS,education,low,67,67,FALSE,relapse,R1,D2,0.0613729674794344,1184
MHAS,education,low,68,68,FALSE,relapse,R1,D2,0.0621081600070834,1184
MHAS,education,low,69,69,FALSE,relapse,R1,D2,0.0646113629129943,1184
MHAS,education,low,70,70,FALSE,relapse,R1,D2,0.0693356237380538,1184
MHAS,education,low,71,71,FALSE,relapse,R1,D2,0.0768667589757657,1184
MHAS,education,low,72,72,FALSE,relapse,R1,D2,0.0874777583112741,1184
MHAS,education,low,73,73,FALSE,relapse,R1,D2,0.101350224054197,1184
MHAS,education,low,74,74,FALSE,relapse,R1,D2,0.118552531663504,1184
MHAS,education,low,75,75,FALSE,relapse,R1,D2,0.138850377117617,1184
MHAS,education,low,76,76,FALSE,relapse,R1,D2,0.161482128636902,1184
MHAS,education,low,77,77,FALSE,relapse,R1,D2,0.184941381799886,1184
MHAS,education,low,78,78,FALSE,relapse,R1,D2,0.206855475363579,1184
MHAS,education,low,79,79,FALSE,relapse,R1,D2,0.22408577769728,1184
MHAS,education,low,80,80,FALSE,relapse,R1,D2,0.233166941276426,1184
MHAS,education,low,81,81,FALSE,relapse,R1,D2,0.231895234252265,1184
MHAS,education,low,82,82,FALSE,relapse,R1,D2,0.222360878086852,1184
MHAS,education,low,83,83,FALSE,relapse,R1,D2,0.208071159123114,1184
MHAS,education,low,84,84,FALSE,relapse,R1,D2,0.192308102205569,1184
MHAS,education,low,85,85,FALSE,relapse,R1,D2,0.177689066989898,1184
MHAS,education,low,86,86,FALSE,relapse,R1,D2,0.166129401856995,1184
MHAS,education,low,87,87,FALSE,relapse,R1,D2,0.159074367632367,1184
MHAS,education,low,88,88,FALSE,relapse,R1,D2,0.157894520686268,1184
MHAS,education,low,89,89,FALSE,relapse,R1,D2,0.164434257947515,1184
MHAS,education,low,90,90,FALSE,relapse,R1,D2,0.181853295758132,1184
MHAS,education,low,91,91,FALSE,relapse,R1,D2,0.215218574590508,1184
MHAS,education,low,92,92,FALSE,relapse,R1,D2,0.269846892476816,1184
MHAS,education,low,93,93,FALSE,relapse,R1,D2,0.353316901878274,1184
MHAS,education,low,94,94,FALSE,relapse,R1,D2,0.47615785600506,1184
MHAS,education,low,95,95,FALSE,relapse,R1,D2,0.651039394331105,1184
MHAS,education,low,96,95,TRUE,relapse,R1,D2,0.651039394331105,1184
MHAS,education,low,97,95,TRUE,relapse,R1,D2,0.651039394331105,1184
MHAS,education,low,98,95,TRUE,relapse,R1,D2,0.651039394331105,1184
MHAS,education,low,99,95,TRUE,relapse,R1,D2,0.651039394331105,1184
MHAS,education,high,60,60,FALSE,death_pre,I0,DEAD,0.00562393676455551,24588
MHAS,education,high,61,61,FALSE,death_pre,I0,DEAD,0.00645008032739754,24588
MHAS,education,high,62,62,FALSE,death_pre,I0,DEAD,0.0073882472358627,24588
MHAS,education,high,63,63,FALSE,death_pre,I0,DEAD,0.00844152520192474,24588
MHAS,education,high,64,64,FALSE,death_pre,I0,DEAD,0.00960849193124665,24588
MHAS,education,high,65,65,FALSE,death_pre,I0,DEAD,0.0108816799283199,24588
MHAS,education,high,66,66,FALSE,death_pre,I0,DEAD,0.0122460118933062,24588
MHAS,education,high,67,67,FALSE,death_pre,I0,DEAD,0.0136773833737646,24588
MHAS,education,high,68,68,FALSE,death_pre,I0,DEAD,0.0151416282699719,24588
MHAS,education,high,69,69,FALSE,death_pre,I0,DEAD,0.0165941479677731,24588
MHAS,education,high,70,70,FALSE,death_pre,I0,DEAD,0.0179804997216722,24588
MHAS,education,high,71,71,FALSE,death_pre,I0,DEAD,0.0192519892383206,24588
MHAS,education,high,72,72,FALSE,death_pre,I0,DEAD,0.0204165928422592,24588
MHAS,education,high,73,73,FALSE,death_pre,I0,DEAD,0.0215101041209723,24588
MHAS,education,high,74,74,FALSE,death_pre,I0,DEAD,0.0225824535738381,24588
MHAS,education,high,75,75,FALSE,death_pre,I0,DEAD,0.0236966465097376,24588
MHAS,education,high,76,76,FALSE,death_pre,I0,DEAD,0.0249291566437291,24588
MHAS,education,high,77,77,FALSE,death_pre,I0,DEAD,0.0263724815500899,24588
MHAS,education,high,78,78,FALSE,death_pre,I0,DEAD,0.0281407004896155,24588
MHAS,education,high,79,79,FALSE,death_pre,I0,DEAD,0.0303792528383113,24588
MHAS,education,high,80,80,FALSE,death_pre,I0,DEAD,0.0332809207239111,24588
MHAS,education,high,81,81,FALSE,death_pre,I0,DEAD,0.037070947317193,24588
MHAS,education,high,82,82,FALSE,death_pre,I0,DEAD,0.0418833348780107,24588
MHAS,education,high,83,83,FALSE,death_pre,I0,DEAD,0.0478292333494379,24588
MHAS,education,high,84,84,FALSE,death_pre,I0,DEAD,0.0550130289675055,24588
MHAS,education,high,85,85,FALSE,death_pre,I0,DEAD,0.0635086739167782,24588
MHAS,education,high,86,86,FALSE,death_pre,I0,DEAD,0.0733282394475243,24588
MHAS,education,high,87,87,FALSE,death_pre,I0,DEAD,0.0843831191679775,24588
MHAS,education,high,88,88,FALSE,death_pre,I0,DEAD,0.0964409259954215,24588
MHAS,education,high,89,89,FALSE,death_pre,I0,DEAD,0.109084746266772,24588
MHAS,education,high,90,90,FALSE,death_pre,I0,DEAD,0.121685523284776,24588
MHAS,education,high,91,91,FALSE,death_pre,I0,DEAD,0.133557187070616,24588
MHAS,education,high,92,92,FALSE,death_pre,I0,DEAD,0.144561851509775,24588
MHAS,education,high,93,93,FALSE,death_pre,I0,DEAD,0.154849107639796,24588
MHAS,education,high,94,94,FALSE,death_pre,I0,DEAD,0.164718643251946,24588
MHAS,education,high,95,95,FALSE,death_pre,I0,DEAD,0.174608880608835,24588
MHAS,education,high,96,95,TRUE,death_pre,I0,DEAD,0.174608880608835,24588
MHAS,education,high,97,95,TRUE,death_pre,I0,DEAD,0.174608880608835,24588
MHAS,education,high,98,95,TRUE,death_pre,I0,DEAD,0.174608880608835,24588
MHAS,education,high,99,95,TRUE,death_pre,I0,DEAD,0.174608880608835,24588
MHAS,education,middle,60,60,FALSE,death_pre,I0,DEAD,0.00501992603813483,24588
MHAS,education,middle,61,61,FALSE,death_pre,I0,DEAD,0.00575734179438683,24588
MHAS,education,middle,62,62,FALSE,death_pre,I0,DEAD,0.00659474959057726,24588
MHAS,education,middle,63,63,FALSE,death_pre,I0,DEAD,0.00753490551845892,24588
MHAS,education,middle,64,64,FALSE,death_pre,I0,DEAD,0.00857654003808587,24588
MHAS,education,middle,65,65,FALSE,death_pre,I0,DEAD,0.00971298766285815,24588
MHAS,education,middle,66,66,FALSE,death_pre,I0,DEAD,0.0109307903947201,24588
MHAS,education,middle,67,67,FALSE,death_pre,I0,DEAD,0.012208432599071,24588
MHAS,education,middle,68,68,FALSE,death_pre,I0,DEAD,0.0135154176147992,24588
MHAS,education,middle,69,69,FALSE,death_pre,I0,DEAD,0.014811936718259,24588
MHAS,education,middle,70,70,FALSE,death_pre,I0,DEAD,0.0160493943140259,24588
MHAS,education,middle,71,71,FALSE,death_pre,I0,DEAD,0.0171843258751462,24588
MHAS,education,middle,72,72,FALSE,death_pre,I0,DEAD,0.0182238510690215,24588
MHAS,education,middle,73,73,FALSE,death_pre,I0,DEAD,0.0191999192523627,24588
MHAS,education,middle,74,74,FALSE,death_pre,I0,DEAD,0.0201570983896439,24588
MHAS,education,middle,75,75,FALSE,death_pre,I0,DEAD,0.0211516270204917,24588
MHAS,education,middle,76,76,FALSE,death_pre,I0,DEAD,0.0222517655840834,24588
MHAS,education,middle,77,77,FALSE,death_pre,I0,DEAD,0.0235400774165692,24588
MHAS,education,middle,78,78,FALSE,death_pre,I0,DEAD,0.0251183896678005,24588
MHAS,education,middle,79,79,FALSE,death_pre,I0,DEAD,0.0271165215269224,24588
MHAS,education,middle,80,80,FALSE,death_pre,I0,DEAD,0.0297065503239645,24588
MHAS,education,middle,81,81,FALSE,death_pre,I0,DEAD,0.033089528116451,24588
MHAS,education,middle,82,82,FALSE,death_pre,I0,DEAD,0.0373850653234832,24588
MHAS,education,middle,83,83,FALSE,death_pre,I0,DEAD,0.0426923743858714,24588
MHAS,education,middle,84,84,FALSE,death_pre,I0,DEAD,0.0491046304594203,24588
MHAS,education,middle,85,85,FALSE,death_pre,I0,DEAD,0.056687843265152,24588
MHAS,education,middle,86,86,FALSE,death_pre,I0,DEAD,0.0654527876012322,24588
MHAS,education,middle,87,87,FALSE,death_pre,I0,DEAD,0.0753203734010767,24588
MHAS,education,middle,88,88,FALSE,death_pre,I0,DEAD,0.0860831719512609,24588
MHAS,education,middle,89,89,FALSE,death_pre,I0,DEAD,0.0973690461100304,24588
MHAS,education,middle,90,90,FALSE,death_pre,I0,DEAD,0.108616499860234,24588
MHAS,education,middle,91,91,FALSE,death_pre,I0,DEAD,0.119213147128765,24588
MHAS,education,middle,92,92,FALSE,death_pre,I0,DEAD,0.129035910767794,24588
MHAS,education,middle,93,93,FALSE,death_pre,I0,DEAD,0.138218315739613,24588
MHAS,education,middle,94,94,FALSE,death_pre,I0,DEAD,0.147027863371085,24588
MHAS,education,middle,95,95,FALSE,death_pre,I0,DEAD,0.155855889380211,24588
MHAS,education,middle,96,95,TRUE,death_pre,I0,DEAD,0.155855889380211,24588
MHAS,education,middle,97,95,TRUE,death_pre,I0,DEAD,0.155855889380211,24588
MHAS,education,middle,98,95,TRUE,death_pre,I0,DEAD,0.155855889380211,24588
MHAS,education,middle,99,95,TRUE,death_pre,I0,DEAD,0.155855889380211,24588
MHAS,education,low,60,60,FALSE,death_pre,I0,DEAD,0.00594525184577233,24588
MHAS,education,low,61,61,FALSE,death_pre,I0,DEAD,0.00681859586571486,24588
MHAS,education,low,62,62,FALSE,death_pre,I0,DEAD,0.00781036351490817,24588
MHAS,education,low,63,63,FALSE,death_pre,I0,DEAD,0.00892381891705769,24588
MHAS,education,low,64,64,FALSE,death_pre,I0,DEAD,0.0101574585172007,24588
MHAS,education,low,65,65,FALSE,death_pre,I0,DEAD,0.01150338817582,24588
MHAS,education,low,66,66,FALSE,death_pre,I0,DEAD,0.0129456691744617,24588
MHAS,education,low,67,67,FALSE,death_pre,I0,DEAD,0.0144588198894225,24588
MHAS,education,low,68,68,FALSE,death_pre,I0,DEAD,0.0160067221927883,24588
MHAS,education,low,69,69,FALSE,death_pre,I0,DEAD,0.0175422293963541,24588
MHAS,education,low,70,70,FALSE,death_pre,I0,DEAD,0.0190077882510881,24588
MHAS,education,low,71,71,FALSE,death_pre,I0,DEAD,0.0203519223891844,24588
MHAS,education,low,72,72,FALSE,death_pre,I0,DEAD,0.0215830638503663,24588
MHAS,education,low,73,73,FALSE,death_pre,I0,DEAD,0.0227390512343488,24588
MHAS,education,low,74,74,FALSE,death_pre,I0,DEAD,0.0238726677437207,24588
MHAS,education,low,75,75,FALSE,death_pre,I0,DEAD,0.0250505183999463,24588
MHAS,education,low,76,76,FALSE,death_pre,I0,DEAD,0.0263534461275885,24588
MHAS,education,low,77,77,FALSE,death_pre,I0,DEAD,0.0278792332092768,24588
MHAS,education,low,78,78,FALSE,death_pre,I0,DEAD,0.0297484766510236,24588
MHAS,education,low,79,79,FALSE,death_pre,I0,DEAD,0.0321149252865806,24588
MHAS,education,low,80,80,FALSE,death_pre,I0,DEAD,0.0351823755576088,24588
MHAS,education,low,81,81,FALSE,death_pre,I0,DEAD,0.0391889395611812,24588
MHAS,education,low,82,82,FALSE,death_pre,I0,DEAD,0.0442762755726458,24588
MHAS,education,low,83,83,FALSE,death_pre,I0,DEAD,0.0505618839181765,24588
MHAS,education,low,84,84,FALSE,death_pre,I0,DEAD,0.0581561147827804,24588
MHAS,education,low,85,85,FALSE,death_pre,I0,DEAD,0.0671371454967133,24588
MHAS,education,low,86,86,FALSE,death_pre,I0,DEAD,0.077517736982785,24588
MHAS,education,low,87,87,FALSE,death_pre,I0,DEAD,0.089204220457677,24588
MHAS,education,low,88,88,FALSE,death_pre,I0,DEAD,0.101950931755825,24588
MHAS,education,low,89,89,FALSE,death_pre,I0,DEAD,0.115317137485523,24588
MHAS,education,low,90,90,FALSE,death_pre,I0,DEAD,0.128637840751,24588
MHAS,education,low,91,91,FALSE,death_pre,I0,DEAD,0.141187774007714,24588
MHAS,education,low,92,92,FALSE,death_pre,I0,DEAD,0.15282117322752,24588
MHAS,education,low,93,93,FALSE,death_pre,I0,DEAD,0.163696176104579,24588
MHAS,education,low,94,94,FALSE,death_pre,I0,DEAD,0.174129592636724,24588
MHAS,education,low,95,95,FALSE,death_pre,I0,DEAD,0.184584893676336,24588
MHAS,education,low,96,95,TRUE,death_pre,I0,DEAD,0.184584893676336,24588
MHAS,education,low,97,95,TRUE,death_pre,I0,DEAD,0.184584893676336,24588
MHAS,education,low,98,95,TRUE,death_pre,I0,DEAD,0.184584893676336,24588
MHAS,education,low,99,95,TRUE,death_pre,I0,DEAD,0.184584893676336,24588
MHAS,education,high,60,60,FALSE,death_post,D1,DEAD,0.0383368583073482,3471
MHAS,education,high,61,61,FALSE,death_post,D1,DEAD,0.0409326323149902,3471
MHAS,education,high,62,62,FALSE,death_post,D1,DEAD,0.043673889768476,3471
MHAS,education,high,63,63,FALSE,death_post,D1,DEAD,0.0465341903615759,3471
MHAS,education,high,64,64,FALSE,death_post,D1,DEAD,0.0494788485621022,3471
MHAS,education,high,65,65,FALSE,death_post,D1,DEAD,0.052464215750795,3471
MHAS,education,high,66,66,FALSE,death_post,D1,DEAD,0.0554372921916361,3471
MHAS,education,high,67,67,FALSE,death_post,D1,DEAD,0.0583357923177469,3471
MHAS,education,high,68,68,FALSE,death_post,D1,DEAD,0.0610887874324509,3471
MHAS,education,high,69,69,FALSE,death_post,D1,DEAD,0.063618037192541,3471
MHAS,education,high,70,70,FALSE,death_post,D1,DEAD,0.0658400918629365,3471
MHAS,education,high,71,71,FALSE,death_post,D1,DEAD,0.0677097583138564,3471
MHAS,education,high,72,72,FALSE,death_post,D1,DEAD,0.0693526325024126,3471
MHAS,education,high,73,73,FALSE,death_post,D1,DEAD,0.0709554722919475,3471
MHAS,education,high,74,74,FALSE,death_post,D1,DEAD,0.0727244595080639,3471
MHAS,education,high,75,75,FALSE,death_post,D1,DEAD,0.0748871283990741,3471
MHAS,education,high,76,76,FALSE,death_post,D1,DEAD,0.0777009496407488,3471
MHAS,education,high,77,77,FALSE,death_post,D1,DEAD,0.0814701198197517,3471
MHAS,education,high,78,78,FALSE,death_post,D1,DEAD,0.0865732393859608,3471
MHAS,education,high,79,79,FALSE,death_post,D1,DEAD,0.0935066873681357,3471
MHAS,education,high,80,80,FALSE,death_post,D1,DEAD,0.102952233041504,3471
MHAS,education,high,81,81,FALSE,death_post,D1,DEAD,0.115688891329726,3471
MHAS,education,high,82,82,FALSE,death_post,D1,DEAD,0.131950846264411,3471
MHAS,education,high,83,83,FALSE,death_post,D1,DEAD,0.151658747284852,3471
MHAS,education,high,84,84,FALSE,death_post,D1,DEAD,0.174392435811813,3471
MHAS,education,high,85,85,FALSE,death_post,D1,DEAD,0.199187852370801,3471
MHAS,education,high,86,86,FALSE,death_post,D1,DEAD,0.224358853357822,3471
MHAS,education,high,87,87,FALSE,death_post,D1,DEAD,0.247422313200209,3471
MHAS,education,high,88,88,FALSE,death_post,D1,DEAD,0.26522834395589,3471
MHAS,education,high,89,89,FALSE,death_post,D1,DEAD,0.274382592487856,3471
MHAS,education,high,90,90,FALSE,death_post,D1,DEAD,0.271968658285451,3471
MHAS,education,high,91,91,FALSE,death_post,D1,DEAD,0.257171058967037,3471
MHAS,education,high,92,92,FALSE,death_post,D1,DEAD,0.233647951745862,3471
MHAS,education,high,93,93,FALSE,death_post,D1,DEAD,0.206005754066321,3471
MHAS,education,high,94,94,FALSE,death_post,D1,DEAD,0.178038960212573,3471
MHAS,education,high,95,95,FALSE,death_post,D1,DEAD,0.152338582448303,3471
MHAS,education,high,96,95,TRUE,death_post,D1,DEAD,0.152338582448303,3471
MHAS,education,high,97,95,TRUE,death_post,D1,DEAD,0.152338582448303,3471
MHAS,education,high,98,95,TRUE,death_post,D1,DEAD,0.152338582448303,3471
MHAS,education,high,99,95,TRUE,death_post,D1,DEAD,0.152338582448303,3471
MHAS,education,middle,60,60,FALSE,death_post,D1,DEAD,0.031762236428512,3471
MHAS,education,middle,61,61,FALSE,death_post,D1,DEAD,0.0339128453043027,3471
MHAS,education,middle,62,62,FALSE,death_post,D1,DEAD,0.0361839877816284,3471
MHAS,education,middle,63,63,FALSE,death_post,D1,DEAD,0.0385537579637938,3471
MHAS,education,middle,64,64,FALSE,death_post,D1,DEAD,0.0409934187522822,3471
MHAS,education,middle,65,65,FALSE,death_post,D1,DEAD,0.0434668070960268,3471
MHAS,education,middle,66,66,FALSE,death_post,D1,DEAD,0.0459300125073042,3471
MHAS,education,middle,67,67,FALSE,death_post,D1,DEAD,0.048331431151355,3471
MHAS,education,middle,68,68,FALSE,death_post,D1,DEAD,0.0506122983267179,3471
MHAS,education,middle,69,69,FALSE,death_post,D1,DEAD,0.0527077916043018,3471
MHAS,education,middle,70,70,FALSE,death_post,D1,DEAD,0.0545487725535586,3471
MHAS,education,middle,71,71,FALSE,death_post,D1,DEAD,0.0560977984904385,3471
MHAS,education,middle,72,72,FALSE,death_post,D1,DEAD,0.0574589261546013,3471
MHAS,education,middle,73,73,FALSE,death_post,D1,DEAD,0.0587868851632423,3471
MHAS,education,middle,74,74,FALSE,death_post,D1,DEAD,0.0602524979619451,3471
MHAS,education,middle,75,75,FALSE,death_post,D1,DEAD,0.0620442775616753,3471
MHAS,education,middle,76,76,FALSE,death_post,D1,DEAD,0.0643755394201493,3471
MHAS,education,middle,77,77,FALSE,death_post,D1,DEAD,0.067498311594254,3471
MHAS,education,middle,78,78,FALSE,death_post,D1,DEAD,0.0717262660313507,3471
MHAS,education,middle,79,79,FALSE,death_post,D1,DEAD,0.0774706546901475,3471
MHAS,education,middle,80,80,FALSE,death_post,D1,DEAD,0.0852963260706403,3471
MHAS,education,middle,81,81,FALSE,death_post,D1,DEAD,0.0958486970713218,3471
MHAS,education,middle,82,82,FALSE,death_post,D1,DEAD,0.109321790074518,3471
MHAS,education,middle,83,83,FALSE,death_post,D1,DEAD,0.125649862831617,3471
MHAS,education,middle,84,84,FALSE,death_post,D1,DEAD,0.144484812323215,3471
MHAS,education,middle,85,85,FALSE,death_post,D1,DEAD,0.165027911519716,3471
MHAS,education,middle,86,86,FALSE,death_post,D1,DEAD,0.185882183877731,3471
MHAS,education,middle,87,87,FALSE,death_post,D1,DEAD,0.204990350188609,3471
MHAS,education,middle,88,88,FALSE,death_post,D1,DEAD,0.219742716023628,3471
MHAS,education,middle,89,89,FALSE,death_post,D1,DEAD,0.227327046587876,3471
MHAS,education,middle,90,90,FALSE,death_post,D1,DEAD,0.225327092698985,3471
MHAS,education,middle,91,91,FALSE,death_post,D1,DEAD,0.213067224027488,3471
MHAS,education,middle,92,92,FALSE,death_post,D1,DEAD,0.193578238072972,3471
MHAS,education,middle,93,93,FALSE,death_post,D1,DEAD,0.17067656962997,3471
MHAS,education,middle,94,94,FALSE,death_post,D1,DEAD,0.147505971992345,3471
MHAS,education,middle,95,95,FALSE,death_post,D1,DEAD,0.126213108912472,3471
MHAS,education,middle,96,95,TRUE,death_post,D1,DEAD,0.126213108912472,3471
MHAS,education,middle,97,95,TRUE,death_post,D1,DEAD,0.126213108912472,3471
MHAS,education,middle,98,95,TRUE,death_post,D1,DEAD,0.126213108912472,3471
MHAS,education,middle,99,95,TRUE,death_post,D1,DEAD,0.126213108912472,3471
MHAS,education,low,60,60,FALSE,death_post,D1,DEAD,0.0323954627449307,3471
MHAS,education,low,61,61,FALSE,death_post,D1,DEAD,0.0345889471323226,3471
MHAS,education,low,62,62,FALSE,death_post,D1,DEAD,0.0369053681336659,3471
MHAS,education,low,63,63,FALSE,death_post,D1,DEAD,0.039322383126397,3471
MHAS,education,low,64,64,FALSE,death_post,D1,DEAD,0.0418106820962013,3471
MHAS,education,low,65,65,FALSE,death_post,D1,DEAD,0.0443333810290635,3471
MHAS,education,low,66,66,FALSE,death_post,D1,DEAD,0.0468456940179094,3471
MHAS,education,low,67,67,FALSE,death_post,D1,DEAD,0.0492949884305817,3471
MHAS,education,low,68,68,FALSE,death_post,D1,DEAD,0.0516213280059422,3471
MHAS,education,low,69,69,FALSE,death_post,D1,DEAD,0.0537585979856243,3471
MHAS,education,low,70,70,FALSE,death_post,D1,DEAD,0.0556362815640463,3471
MHAS,education,low,71,71,FALSE,death_post,D1,DEAD,0.0572161895828682,3471
MHAS,education,low,72,72,FALSE,death_post,D1,DEAD,0.0586044533039927,3471
MHAS,education,low,73,73,FALSE,death_post,D1,DEAD,0.0599588871042715,3471
MHAS,education,low,74,74,FALSE,death_post,D1,DEAD,0.0614537190228529,3471
MHAS,education,low,75,75,FALSE,death_post,D1,DEAD,0.0632812203513829,3471
MHAS,education,low,76,76,FALSE,death_post,D1,DEAD,0.0656589593010582,3471
MHAS,education,low,77,77,FALSE,death_post,D1,DEAD,0.0688439884741396,3471
MHAS,education,low,78,78,FALSE,death_post,D1,DEAD,0.073156233323853,3471
MHAS,education,low,79,79,FALSE,death_post,D1,DEAD,0.0790151447140284,3471
MHAS,education,low,80,80,FALSE,death_post,D1,DEAD,0.0869968322199261,3471
MHAS,education,low,81,81,FALSE,death_post,D1,DEAD,0.0977595800633492,3471
MHAS,education,low,82,82,FALSE,death_post,D1,DEAD,0.111501278744624,3471
MHAS,education,low,83,83,FALSE,death_post,D1,DEAD,0.128154875347925,3471
MHAS,education,low,84,84,FALSE,death_post,D1,DEAD,0.147365326914554,3471
MHAS,education,low,85,85,FALSE,death_post,D1,DEAD,0.168317982631461,3471
MHAS,education,low,86,86,FALSE,death_post,D1,DEAD,0.189588015198824,3471
MHAS,education,low,87,87,FALSE,death_post,D1,DEAD,0.20907713055886,3471
MHAS,education,low,88,88,FALSE,death_post,D1,DEAD,0.224123606233946,3471
MHAS,education,low,89,89,FALSE,death_post,D1,DEAD,0.23185914144389,3471
MHAS,education,low,90,90,FALSE,death_post,D1,DEAD,0.229819315569381,3471
MHAS,education,low,91,91,FALSE,death_post,D1,DEAD,0.217315028609012,3471
MHAS,education,low,92,92,FALSE,death_post,D1,DEAD,0.197437501412619,3471
MHAS,education,low,93,93,FALSE,death_post,D1,DEAD,0.174079254945565,3471
MHAS,education,low,94,94,FALSE,death_post,D1,DEAD,0.150446717789786,3471
MHAS,education,low,95,95,FALSE,death_post,D1,DEAD,0.128729350557492,3471
MHAS,education,low,96,95,TRUE,death_post,D1,DEAD,0.128729350557492,3471
MHAS,education,low,97,95,TRUE,death_post,D1,DEAD,0.128729350557492,3471
MHAS,education,low,98,95,TRUE,death_post,D1,DEAD,0.128729350557492,3471
MHAS,education,low,99,95,TRUE,death_post,D1,DEAD,0.128729350557492,3471
MHAS,education,high,60,60,FALSE,death_post,R1,DEAD,0.0158499447760019,1321
MHAS,education,high,61,61,FALSE,death_post,R1,DEAD,0.0169231384723206,1321
MHAS,education,high,62,62,FALSE,death_post,R1,DEAD,0.0180564806702186,1321
MHAS,education,high,63,63,FALSE,death_post,R1,DEAD,0.0192390399211603,1321
MHAS,education,high,64,64,FALSE,death_post,R1,DEAD,0.020456475880267,1321
MHAS,education,high,65,65,FALSE,death_post,R1,DEAD,0.0216907425146772,1321
MHAS,education,high,66,66,FALSE,death_post,R1,DEAD,0.0229199276770182,1321
MHAS,education,high,67,67,FALSE,death_post,R1,DEAD,0.0241182800971299,1321
MHAS,education,high,68,68,FALSE,death_post,R1,DEAD,0.0252564750996218,1321
MHAS,education,high,69,69,FALSE,death_post,R1,DEAD,0.02630216509072,1321
MHAS,education,high,70,70,FALSE,death_post,R1,DEAD,0.0272208487119148,1321
MHAS,education,high,71,71,FALSE,death_post,R1,DEAD,0.027993841369765,1321
MHAS,education,high,72,72,FALSE,death_post,R1,DEAD,0.0286730693063313,1321
MHAS,education,high,73,73,FALSE,death_post,R1,DEAD,0.0293357454689222,1321
MHAS,education,high,74,74,FALSE,death_post,R1,DEAD,0.0300671134245359,1321
MHAS,education,high,75,75,FALSE,death_post,R1,DEAD,0.0309612446602381,1321
MHAS,education,high,76,76,FALSE,death_post,R1,DEAD,0.0321245875438029,1321
MHAS,education,high,77,77,FALSE,death_post,R1,DEAD,0.0336829087476324,1321
MHAS,education,high,78,78,FALSE,death_post,R1,DEAD,0.03579273638821,1321
MHAS,education,high,79,79,FALSE,death_post,R1,DEAD,0.0386592928165883,1321
MHAS,education,high,80,80,FALSE,death_post,R1,DEAD,0.0425644479052459,1321
MHAS,education,high,81,81,FALSE,death_post,R1,DEAD,0.0478302766510626,1321
MHAS,education,high,82,82,FALSE,death_post,R1,DEAD,0.054553599819544,1321
MHAS,education,high,83,83,FALSE,death_post,R1,DEAD,0.0627016108099238,1321
MHAS,education,high,84,84,FALSE,death_post,R1,DEAD,0.0721005997624976,1321
MHAS,education,high,85,85,FALSE,death_post,R1,DEAD,0.08235198708295,1321
MHAS,education,high,86,86,FALSE,death_post,R1,DEAD,0.0927586555794267,1321
MHAS,education,high,87,87,FALSE,death_post,R1,DEAD,0.102293984789627,1321
MHAS,education,high,88,88,FALSE,death_post,R1,DEAD,0.109655688815938,1321
MHAS,education,high,89,89,FALSE,death_post,R1,DEAD,0.113440410363391,1321
MHAS,education,high,90,90,FALSE,death_post,R1,DEAD,0.112442396298329,1321
MHAS,education,high,91,91,FALSE,death_post,R1,DEAD,0.10632449456173,1321
MHAS,education,high,92,92,FALSE,death_post,R1,DEAD,0.0965991292898419,1321
MHAS,education,high,93,93,FALSE,death_post,R1,DEAD,0.0851707721929832,1321
MHAS,education,high,94,94,FALSE,death_post,R1,DEAD,0.0736082144426844,1321
MHAS,education,high,95,95,FALSE,death_post,R1,DEAD,0.0629826810455463,1321
MHAS,education,high,96,95,TRUE,death_post,R1,DEAD,0.0629826810455463,1321
MHAS,education,high,97,95,TRUE,death_post,R1,DEAD,0.0629826810455463,1321
MHAS,education,high,98,95,TRUE,death_post,R1,DEAD,0.0629826810455463,1321
MHAS,education,high,99,95,TRUE,death_post,R1,DEAD,0.0629826810455463,1321
MHAS,education,middle,60,60,FALSE,death_post,R1,DEAD,0.0131317409819609,1321
MHAS,education,middle,61,61,FALSE,death_post,R1,DEAD,0.0140208861394171,1321
MHAS,education,middle,62,62,FALSE,death_post,R1,DEAD,0.0149598645647082,1321
MHAS,education,middle,63,63,FALSE,death_post,R1,DEAD,0.0159396195101451,1321
MHAS,education,middle,64,64,FALSE,death_post,R1,DEAD,0.0169482699441403,1321
MHAS,education,middle,65,65,FALSE,death_post,R1,DEAD,0.0179708646581794,1321
MHAS,education,middle,66,66,FALSE,death_post,R1,DEAD,0.018989249352817,1321
MHAS,education,middle,67,67,FALSE,death_post,R1,DEAD,0.0199820890004251,1321
MHAS,education,middle,68,68,FALSE,death_post,R1,DEAD,0.0209250879932238,1321
MHAS,education,middle,69,69,FALSE,death_post,R1,DEAD,0.0217914462237787,1321
MHAS,education,middle,70,70,FALSE,death_post,R1,DEAD,0.0225525791821829,1321
MHAS,education,middle,71,71,FALSE,death_post,R1,DEAD,0.0231930066099942,1321
MHAS,education,middle,72,72,FALSE,death_post,R1,DEAD,0.0237557496010111,1321
MHAS,education,middle,73,73,FALSE,death_post,R1,DEAD,0.0243047793828208,1321
MHAS,education,middle,74,74,FALSE,death_post,R1,DEAD,0.0249107205827023,1321
MHAS,education,middle,75,75,FALSE,death_post,R1,DEAD,0.025651511794095,1321
MHAS,education,middle,76,76,FALSE,death_post,R1,DEAD,0.0266153459043128,1321
MHAS,education,middle,77,77,FALSE,death_post,R1,DEAD,0.0279064210912983,1321
MHAS,education,middle,78,78,FALSE,death_post,R1,DEAD,0.0296544215092301,1321
MHAS,education,middle,79,79,FALSE,death_post,R1,DEAD,0.0320293746752898,1321
MHAS,education,middle,80,80,FALSE,death_post,R1,DEAD,0.0352648108767006,1321
MHAS,education,middle,81,81,FALSE,death_post,R1,DEAD,0.0396275705028494,1321
MHAS,education,middle,82,82,FALSE,death_post,R1,DEAD,0.0451978699350714,1321
MHAS,education,middle,83,83,FALSE,death_post,R1,DEAD,0.0519485287768512,1321
MHAS,education,middle,84,84,FALSE,death_post,R1,DEAD,0.059735627732829,1321
MHAS,education,middle,85,85,FALSE,death_post,R1,DEAD,0.0682289420566595,1321
MHAS,education,middle,86,86,FALSE,death_post,R1,DEAD,0.0768509074396415,1321
MHAS,education,middle,87,87,FALSE,death_post,R1,DEAD,0.0847509648301042,1321
MHAS,education,middle,88,88,FALSE,death_post,R1,DEAD,0.0908501652895119,1321
MHAS,education,middle,89,89,FALSE,death_post,R1,DEAD,0.0939858218329493,1321
MHAS,education,middle,90,90,FALSE,death_post,R1,DEAD,0.0931589632928119,1321
MHAS,education,middle,91,91,FALSE,death_post,R1,DEAD,0.0880902578750021,1321
MHAS,education,middle,92,92,FALSE,death_post,R1,DEAD,0.0800327548672465,1321
MHAS,education,middle,93,93,FALSE,death_post,R1,DEAD,0.0705643164994026,1321
MHAS,education,middle,94,94,FALSE,death_post,R1,DEAD,0.0609846923674763,1321
MHAS,education,middle,95,95,FALSE,death_post,R1,DEAD,0.0521813965618243,1321
MHAS,education,middle,96,95,TRUE,death_post,R1,DEAD,0.0521813965618243,1321
MHAS,education,middle,97,95,TRUE,death_post,R1,DEAD,0.0521813965618243,1321
MHAS,education,middle,98,95,TRUE,death_post,R1,DEAD,0.0521813965618243,1321
MHAS,education,middle,99,95,TRUE,death_post,R1,DEAD,0.0521813965618243,1321
MHAS,education,low,60,60,FALSE,death_post,R1,DEAD,0.0133935413116979,1321
MHAS,education,low,61,61,FALSE,death_post,R1,DEAD,0.0143004128693112,1321
MHAS,education,low,62,62,FALSE,death_post,R1,DEAD,0.0152581111933344,1321
MHAS,education,low,63,63,FALSE,death_post,R1,DEAD,0.0162573989766585,1321
MHAS,education,low,64,64,FALSE,death_post,R1,DEAD,0.0172861583220746,1321
MHAS,education,low,65,65,FALSE,death_post,R1,DEAD,0.0183291399470108,1321
MHAS,education,low,66,66,FALSE,death_post,R1,DEAD,0.0193678276196939,1321
MHAS,education,low,67,67,FALSE,death_post,R1,DEAD,0.0203804609677318,1321
MHAS,education,low,68,68,FALSE,death_post,R1,DEAD,0.0213422600151155,1321
MHAS,education,low,69,69,FALSE,death_post,R1,DEAD,0.0222258903553428,1321
MHAS,education,low,70,70,FALSE,death_post,R1,DEAD,0.023002197604784,1321
MHAS,education,low,71,71,FALSE,death_post,R1,DEAD,0.0236553928835607,1321
MHAS,education,low,72,72,FALSE,death_post,R1,DEAD,0.0242293549734624,1321
MHAS,education,low,73,73,FALSE,death_post,R1,DEAD,0.0247893304614134,1321
MHAS,education,low,74,74,FALSE,death_post,R1,DEAD,0.0254073519792168,1321
MHAS,education,low,75,75,FALSE,death_post,R1,DEAD,0.0261629119393745,1321
MHAS,education,low,76,76,FALSE,death_post,R1,DEAD,0.0271459614825051,1321
MHAS,education,low,77,77,FALSE,death_post,R1,DEAD,0.0284627761285717,1321
MHAS,education,low,78,78,FALSE,death_post,R1,DEAD,0.0302456254737267,1321
MHAS,education,low,79,79,FALSE,death_post,R1,DEAD,0.0326679267806643,1321
MHAS,education,low,80,80,FALSE,death_post,R1,DEAD,0.0359678661020754,1321
MHAS,education,low,81,81,FALSE,death_post,R1,DEAD,0.040417603678083,1321
MHAS,education,low,82,82,FALSE,death_post,R1,DEAD,0.0460989551200952,1321
MHAS,education,low,83,83,FALSE,death_post,R1,DEAD,0.0529841981509134,1321
MHAS,education,low,84,84,FALSE,death_post,R1,DEAD,0.0609265442349887,1321
MHAS,education,low,85,85,FALSE,death_post,R1,DEAD,0.0695891851160208,1321
MHAS,education,low,86,86,FALSE,death_post,R1,DEAD,0.0783830419019285,1321
MHAS,education,low,87,87,FALSE,death_post,R1,DEAD,0.0864405984109473,1321
MHAS,education,low,88,88,FALSE,death_post,R1,DEAD,0.0926613952903269,1321
MHAS,education,low,89,89,FALSE,death_post,R1,DEAD,0.0958595657013575,1321
MHAS,education,low,90,90,FALSE,death_post,R1,DEAD,0.0950162225352477,1321
MHAS,education,low,91,91,FALSE,death_post,R1,DEAD,0.0898464651128678,1321
MHAS,education,low,92,92,FALSE,death_post,R1,DEAD,0.0816283240794927,1321
MHAS,education,low,93,93,FALSE,death_post,R1,DEAD,0.0719711186403061,1321
MHAS,education,low,94,94,FALSE,death_post,R1,DEAD,0.0622005107873377,1321
MHAS,education,low,95,95,FALSE,death_post,R1,DEAD,0.0532217084934099,1321
MHAS,education,low,96,95,TRUE,death_post,R1,DEAD,0.0532217084934099,1321
MHAS,education,low,97,95,TRUE,death_post,R1,DEAD,0.0532217084934099,1321
MHAS,education,low,98,95,TRUE,death_post,R1,DEAD,0.0532217084934099,1321
MHAS,education,low,99,95,TRUE,death_post,R1,DEAD,0.0532217084934099,1321
MHAS,education,high,60,60,FALSE,death_post,D2,DEAD,0.0410611480628188,276
MHAS,education,high,61,61,FALSE,death_post,D2,DEAD,0.0438413826874431,276
MHAS,education,high,62,62,FALSE,death_post,D2,DEAD,0.0467774390870963,276
MHAS,education,high,63,63,FALSE,death_post,D2,DEAD,0.049840998057314,276
MHAS,education,high,64,64,FALSE,death_post,D2,DEAD,0.0529949092463023,276
MHAS,education,high,65,65,FALSE,death_post,D2,DEAD,0.0561924222812528,276
MHAS,education,high,66,66,FALSE,death_post,D2,DEAD,0.0593767711645325,276
MHAS,education,high,67,67,FALSE,death_post,D2,DEAD,0.0624812441989209,276
MHAS,education,high,68,68,FALSE,death_post,D2,DEAD,0.0654298723602278,276
MHAS,education,high,69,69,FALSE,death_post,D2,DEAD,0.0681388553982823,276
MHAS,education,high,70,70,FALSE,death_post,D2,DEAD,0.0705188134817882,276
MHAS,education,high,71,71,FALSE,death_post,D2,DEAD,0.0725213419715729,276
MHAS,education,high,72,72,FALSE,death_post,D2,DEAD,0.0742809619113205,276
MHAS,education,high,73,73,FALSE,death_post,D2,DEAD,0.0759977025318333,276
MHAS,education,high,74,74,FALSE,death_post,D2,DEAD,0.0778923973297184,276
MHAS,education,high,75,75,FALSE,death_post,D2,DEAD,0.0802087495678882,276
MHAS,education,high,76,76,FALSE,death_post,D2,DEAD,0.0832225262759437,276
MHAS,education,high,77,77,FALSE,death_post,D2,DEAD,0.0872595408260987,276
MHAS,education,high,78,78,FALSE,death_post,D2,DEAD,0.0927252977332111,276
MHAS,education,high,79,79,FALSE,death_post,D2,DEAD,0.10015144965989,276
MHAS,education,high,80,80,FALSE,death_post,D2,DEAD,0.110268213697228,276
MHAS,education,high,81,81,FALSE,death_post,D2,DEAD,0.123909963044696,276
MHAS,education,high,82,82,FALSE,death_post,D2,DEAD,0.141327523294696,276
MHAS,education,high,83,83,FALSE,death_post,D2,DEAD,0.162435905085402,276
MHAS,education,high,84,84,FALSE,death_post,D2,DEAD,0.18678509257322,276
MHAS,education,high,85,85,FALSE,death_post,D2,DEAD,0.21334251839162,276
MHAS,education,high,86,86,FALSE,death_post,D2,DEAD,0.240302218378807,276
MHAS,education,high,87,87,FALSE,death_post,D2,DEAD,0.265004611356263,276
MHAS,education,high,88,88,FALSE,death_post,D2,DEAD,0.284075972379343,276
MHAS,education,high,89,89,FALSE,death_post,D2,DEAD,0.293880739148738,276
MHAS,education,high,90,90,FALSE,death_post,D2,DEAD,0.291295266210288,276
MHAS,education,high,91,91,FALSE,death_post,D2,DEAD,0.275446121459915,276
MHAS,education,high,92,92,FALSE,death_post,D2,DEAD,0.250251417690434,276
MHAS,education,high,93,93,FALSE,death_post,D2,DEAD,0.220644913093687,276
MHAS,education,high,94,94,FALSE,death_post,D2,DEAD,0.190690745903859,276
MHAS,education,high,95,95,FALSE,death_post,D2,DEAD,0.163164050623072,276
MHAS,education,high,96,95,TRUE,death_post,D2,DEAD,0.163164050623072,276
MHAS,education,high,97,95,TRUE,death_post,D2,DEAD,0.163164050623072,276
MHAS,education,high,98,95,TRUE,death_post,D2,DEAD,0.163164050623072,276
MHAS,education,high,99,95,TRUE,death_post,D2,DEAD,0.163164050623072,276
MHAS,education,middle,60,60,FALSE,death_post,D2,DEAD,0.0340193211019435,276
MHAS,education,middle,61,61,FALSE,death_post,D2,DEAD,0.0363227563173724,276
MHAS,education,middle,62,62,FALSE,death_post,D2,DEAD,0.0387552904803336,276
MHAS,education,middle,63,63,FALSE,death_post,D2,DEAD,0.0412934610196262,276
MHAS,education,middle,64,64,FALSE,death_post,D2,DEAD,0.0439064887240893,276
MHAS,education,middle,65,65,FALSE,death_post,D2,DEAD,0.0465556407277599,276
MHAS,education,middle,66,66,FALSE,death_post,D2,DEAD,0.0491938861804972,276
MHAS,education,middle,67,67,FALSE,death_post,D2,DEAD,0.0517659541813142,276
MHAS,education,middle,68,68,FALSE,death_post,D2,DEAD,0.0542089040977722,276
MHAS,education,middle,69,69,FALSE,death_post,D2,DEAD,0.0564533070962053,276
MHAS,education,middle,70,70,FALSE,death_post,D2,DEAD,0.0584251116382528,276
MHAS,education,middle,71,71,FALSE,death_post,D2,DEAD,0.0600842142918258,276
MHAS,education,middle,72,72,FALSE,death_post,D2,DEAD,0.0615420662655717,276
MHAS,education,middle,73,73,FALSE,death_post,D2,DEAD,0.0629643925563181,276
MHAS,education,middle,74,74,FALSE,death_post,D2,DEAD,0.0645341545761434,276
MHAS,education,middle,75,75,FALSE,death_post,D2,DEAD,0.0664532614275872,276
MHAS,education,middle,76,76,FALSE,death_post,D2,DEAD,0.068950187168778,276
MHAS,education,middle,77,77,FALSE,death_post,D2,DEAD,0.0722948694476278,276
MHAS,education,middle,78,78,FALSE,death_post,D2,DEAD,0.0768232703341241,276
MHAS,education,middle,79,79,FALSE,death_post,D2,DEAD,0.0829758661300092,276
MHAS,education,middle,80,80,FALSE,death_post,D2,DEAD,0.0913576445394254,276
MHAS,education,middle,81,81,FALSE,death_post,D2,DEAD,0.102659887007993,276
MHAS,education,middle,82,82,FALSE,death_post,D2,DEAD,0.117090403515975,276
MHAS,education,middle,83,83,FALSE,death_post,D2,DEAD,0.134578780046068,276
MHAS,education,middle,84,84,FALSE,death_post,D2,DEAD,0.154752176719055,276
MHAS,education,middle,85,85,FALSE,death_post,D2,DEAD,0.176755107449949,276
MHAS,education,middle,86,86,FALSE,death_post,D2,DEAD,0.199091323896529,276
MHAS,education,middle,87,87,FALSE,death_post,D2,DEAD,0.219557352693405,276
MHAS,education,middle,88,88,FALSE,death_post,D2,DEAD,0.235358049583387,276
MHAS,education,middle,89,89,FALSE,death_post,D2,DEAD,0.243481337041093,276
MHAS,education,middle,90,90,FALSE,death_post,D2,DEAD,0.241339262641251,276
MHAS,education,middle,91,91,FALSE,death_post,D2,DEAD,0.22820818448364,276
MHAS,education,middle,92,92,FALSE,death_post,D2,DEAD,0.207334274278035,276
MHAS,education,middle,93,93,FALSE,death_post,D2,DEAD,0.182805169903213,276
MHAS,education,middle,94,94,FALSE,death_post,D2,DEAD,0.157988025715888,276
MHAS,education,middle,95,95,FALSE,death_post,D2,DEAD,0.135182051460131,276
MHAS,education,middle,96,95,TRUE,death_post,D2,DEAD,0.135182051460131,276
MHAS,education,middle,97,95,TRUE,death_post,D2,DEAD,0.135182051460131,276
MHAS,education,middle,98,95,TRUE,death_post,D2,DEAD,0.135182051460131,276
MHAS,education,middle,99,95,TRUE,death_post,D2,DEAD,0.135182051460131,276
MHAS,education,low,60,60,FALSE,death_post,D2,DEAD,0.0346975456796407,276
MHAS,education,low,61,61,FALSE,death_post,D2,DEAD,0.037046903221725,276
MHAS,education,low,62,62,FALSE,death_post,D2,DEAD,0.039527933486371,276
MHAS,education,low,63,63,FALSE,death_post,D2,DEAD,0.0421167061419426,276
MHAS,education,low,64,64,FALSE,death_post,D2,DEAD,0.0447818283489991,276
MHAS,education,low,65,65,FALSE,death_post,D2,DEAD,0.0474837950456367,276
MHAS,education,low,66,66,FALSE,death_post,D2,DEAD,0.0501746377534069,276
MHAS,education,low,67,67,FALSE,death_post,D2,DEAD,0.052797983665633,276
MHAS,education,low,68,68,FALSE,death_post,D2,DEAD,0.0552896373369502,276
MHAS,education,low,69,69,FALSE,death_post,D2,DEAD,0.0575787857690512,276
MHAS,education,low,70,70,FALSE,death_post,D2,DEAD,0.0595899010986016,276
MHAS,education,low,71,71,FALSE,death_post,D2,DEAD,0.0612820803733453,276
MHAS,education,low,72,72,FALSE,death_post,D2,DEAD,0.0627689967436522,276
MHAS,education,low,73,73,FALSE,death_post,D2,DEAD,0.0642196791748694,276
MHAS,education,low,74,74,FALSE,death_post,D2,DEAD,0.0658207366805684,276
MHAS,education,low,75,75,FALSE,death_post,D2,DEAD,0.0677781037145119,276
MHAS,education,low,76,76,FALSE,death_post,D2,DEAD,0.0703248092970254,276
MHAS,education,low,77,77,FALSE,death_post,D2,DEAD,0.0737361726751044,276
MHAS,education,low,78,78,FALSE,death_post,D2,DEAD,0.0783548538105711,276
MHAS,education,low,79,79,FALSE,death_post,D2,DEAD,0.0846301105400151,276
MHAS,education,low,80,80,FALSE,death_post,D2,DEAD,0.0931789918761782,276
MHAS,education,low,81,81,FALSE,death_post,D2,DEAD,0.104706560964354,276
MHAS,education,low,82,82,FALSE,death_post,D2,DEAD,0.119424770778598,276
MHAS,education,low,83,83,FALSE,death_post,D2,DEAD,0.137261803495896,276
MHAS,education,low,84,84,FALSE,death_post,D2,DEAD,0.157837386132508,276
MHAS,education,low,85,85,FALSE,death_post,D2,DEAD,0.180278977245787,276
MHAS,education,low,86,86,FALSE,death_post,D2,DEAD,0.203060498609577,276
MHAS,education,low,87,87,FALSE,death_post,D2,DEAD,0.223934547416503,276
MHAS,education,low,88,88,FALSE,death_post,D2,DEAD,0.240050254148786,276
MHAS,education,low,89,89,FALSE,death_post,D2,DEAD,0.248335491140671,276
MHAS,education,low,90,90,FALSE,death_post,D2,DEAD,0.246150711376401,276
MHAS,education,low,91,91,FALSE,death_post,D2,DEAD,0.232757846103419,276
MHAS,education,low,92,92,FALSE,death_post,D2,DEAD,0.211467784179452,276
MHAS,education,low,93,93,FALSE,death_post,D2,DEAD,0.1864496564815,276
MHAS,education,low,94,94,FALSE,death_post,D2,DEAD,0.161137746479018,276
MHAS,education,low,95,95,FALSE,death_post,D2,DEAD,0.137877102001823,276
MHAS,education,low,96,95,TRUE,death_post,D2,DEAD,0.137877102001823,276
MHAS,education,low,97,95,TRUE,death_post,D2,DEAD,0.137877102001823,276
MHAS,education,low,98,95,TRUE,death_post,D2,DEAD,0.137877102001823,276
MHAS,education,low,99,95,TRUE,death_post,D2,DEAD,0.137877102001823,276
MHAS,wealth,high,60,60,FALSE,onset,I0,D1,0.011703015212693,21594
MHAS,wealth,high,61,61,FALSE,onset,I0,D1,0.0126551588336721,21594
MHAS,wealth,high,62,62,FALSE,onset,I0,D1,0.0136824023325003,21594
MHAS,wealth,high,63,63,FALSE,onset,I0,D1,0.014787915645341,21594
MHAS,wealth,high,64,64,FALSE,onset,I0,D1,0.0159744660041684,21594
MHAS,wealth,high,65,65,FALSE,onset,I0,D1,0.0172442947339864,21594
MHAS,wealth,high,66,66,FALSE,onset,I0,D1,0.0185989811015344,21594
MHAS,wealth,high,67,67,FALSE,onset,I0,D1,0.0200392942955188,21594
MHAS,wealth,high,68,68,FALSE,onset,I0,D1,0.0215650352983399,21594
MHAS,wealth,high,69,69,FALSE,onset,I0,D1,0.0231748711863155,21594
MHAS,wealth,high,70,70,FALSE,onset,I0,D1,0.024866165256985,21594
MHAS,wealth,high,71,71,FALSE,onset,I0,D1,0.0266386011723178,21594
MHAS,wealth,high,72,72,FALSE,onset,I0,D1,0.0285075134404694,21594
MHAS,wealth,high,73,73,FALSE,onset,I0,D1,0.0304964050081774,21594
MHAS,wealth,high,74,74,FALSE,onset,I0,D1,0.0326343830964624,21594
MHAS,wealth,high,75,75,FALSE,onset,I0,D1,0.0349571231964784,21594
MHAS,wealth,high,76,76,FALSE,onset,I0,D1,0.0375081414033041,21594
MHAS,wealth,high,77,77,FALSE,onset,I0,D1,0.0403404790280584,21594
MHAS,wealth,high,78,78,FALSE,onset,I0,D1,0.0435189360550432,21594
MHAS,wealth,high,79,79,FALSE,onset,I0,D1,0.0471230361476201,21594
MHAS,wealth,high,80,80,FALSE,onset,I0,D1,0.0512509714027572,21594
MHAS,wealth,high,81,81,FALSE,onset,I0,D1,0.0559977703242276,21594
MHAS,wealth,high,82,82,FALSE,onset,I0,D1,0.0613599050503703,21594
MHAS,wealth,high,83,83,FALSE,onset,I0,D1,0.0672789704123199,21594
MHAS,wealth,high,84,84,FALSE,onset,I0,D1,0.0736529441818953,21594
MHAS,wealth,high,85,85,FALSE,onset,I0,D1,0.0803253095589886,21594
MHAS,wealth,high,86,86,FALSE,onset,I0,D1,0.0870766331025276,21594
MHAS,wealth,high,87,87,FALSE,onset,I0,D1,0.0936209786294926,21594
MHAS,wealth,high,88,88,FALSE,onset,I0,D1,0.0996098889967957,21594
MHAS,wealth,high,89,89,FALSE,onset,I0,D1,0.104646539285835,21594
MHAS,wealth,high,90,90,FALSE,onset,I0,D1,0.108311812487067,21594
MHAS,wealth,high,91,91,FALSE,onset,I0,D1,0.110306054999587,21594
MHAS,wealth,high,92,92,FALSE,onset,I0,D1,0.110808744834367,21594
MHAS,wealth,high,93,93,FALSE,onset,I0,D1,0.11017602090716,21594
MHAS,wealth,high,94,94,FALSE,onset,I0,D1,0.108799201526034,21594
MHAS,wealth,high,95,95,FALSE,onset,I0,D1,0.107072297376652,21594
MHAS,wealth,high,96,95,TRUE,onset,I0,D1,0.107072297376652,21594
MHAS,wealth,high,97,95,TRUE,onset,I0,D1,0.107072297376652,21594
MHAS,wealth,high,98,95,TRUE,onset,I0,D1,0.107072297376652,21594
MHAS,wealth,high,99,95,TRUE,onset,I0,D1,0.107072297376652,21594
MHAS,wealth,middle,60,60,FALSE,onset,I0,D1,0.0134251009578885,21594
MHAS,wealth,middle,61,61,FALSE,onset,I0,D1,0.0145173514596387,21594
MHAS,wealth,middle,62,62,FALSE,onset,I0,D1,0.0156957527032042,21594
MHAS,wealth,middle,63,63,FALSE,onset,I0,D1,0.0169639410773489,21594
MHAS,wealth,middle,64,64,FALSE,onset,I0,D1,0.0183250910091716,21594
MHAS,wealth,middle,65,65,FALSE,onset,I0,D1,0.0197817736321716,21594
MHAS,wealth,middle,66,66,FALSE,onset,I0,D1,0.0213358006004422,21594
MHAS,wealth,middle,67,67,FALSE,onset,I0,D1,0.0229880542879575,21594
MHAS,wealth,middle,68,68,FALSE,onset,I0,D1,0.024738306391898,21594
MHAS,wealth,middle,69,69,FALSE,onset,I0,D1,0.0265850278503358,21594
MHAS,wealth,middle,70,70,FALSE,onset,I0,D1,0.0285251939729595,21594
MHAS,wealth,middle,71,71,FALSE,onset,I0,D1,0.030558441872947,21594
MHAS,wealth,middle,72,72,FALSE,onset,I0,D1,0.0327023625143692,21594
MHAS,wealth,middle,73,73,FALSE,onset,I0,D1,0.0349839172765825,21594
MHAS,wealth,middle,74,74,FALSE,onset,I0,D1,0.0374364964759882,21594
MHAS,wealth,middle,75,75,FALSE,onset,I0,D1,0.0401010252128072,21594
MHAS,wealth,middle,76,76,FALSE,onset,I0,D1,0.043027422927381,21594
MHAS,wealth,middle,77,77,FALSE,onset,I0,D1,0.0462765359010967,21594
MHAS,wealth,middle,78,78,FALSE,onset,I0,D1,0.0499226993642784,21594
MHAS,wealth,middle,79,79,FALSE,onset,I0,D1,0.0540571387993995,21594
MHAS,wealth,middle,80,80,FALSE,onset,I0,D1,0.058792495161898,21594
MHAS,wealth,middle,81,81,FALSE,onset,I0,D1,0.0642377802947772,21594
MHAS,wealth,middle,82,82,FALSE,onset,I0,D1,0.0703889472154345,21594
MHAS,wealth,middle,83,83,FALSE,onset,I0,D1,0.077178996499001,21594
MHAS,wealth,middle,84,84,FALSE,onset,I0,D1,0.0844908934592539,21594
MHAS,wealth,middle,85,85,FALSE,onset,I0,D1,0.0921450900220544,21594
MHAS,wealth,middle,86,86,FALSE,onset,I0,D1,0.0998898633581667,21594
MHAS,wealth,middle,87,87,FALSE,onset,I0,D1,0.10739720209148,21594
MHAS,wealth,middle,88,88,FALSE,onset,I0,D1,0.114267373995691,21594
MHAS,wealth,middle,89,89,FALSE,onset,I0,D1,0.120045161804306,21594
MHAS,wealth,middle,90,90,FALSE,onset,I0,D1,0.124249775903364,21594
MHAS,wealth,middle,91,91,FALSE,onset,I0,D1,0.126537468996,21594
MHAS,wealth,middle,92,92,FALSE,onset,I0,D1,0.127114129084001,21594
MHAS,wealth,middle,93,93,FALSE,onset,I0,D1,0.126388300530688,21594
MHAS,wealth,middle,94,94,FALSE,onset,I0,D1,0.12480888370037,21594
MHAS,wealth,middle,95,95,FALSE,onset,I0,D1,0.122827867515335,21594
MHAS,wealth,middle,96,95,TRUE,onset,I0,D1,0.122827867515335,21594
MHAS,wealth,middle,97,95,TRUE,onset,I0,D1,0.122827867515335,21594
MHAS,wealth,middle,98,95,TRUE,onset,I0,D1,0.122827867515335,21594
MHAS,wealth,middle,99,95,TRUE,onset,I0,D1,0.122827867515335,21594
MHAS,wealth,low,60,60,FALSE,onset,I0,D1,0.0154121328965638,21594
MHAS,wealth,low,61,61,FALSE,onset,I0,D1,0.0166660459913045,21594
MHAS,wealth,low,62,62,FALSE,onset,I0,D1,0.0180188608884346,21594
MHAS,wealth,low,63,63,FALSE,onset,I0,D1,0.0194747521939455,21594
MHAS,wealth,low,64,64,FALSE,onset,I0,D1,0.0210373641778109,21594
MHAS,wealth,low,65,65,FALSE,onset,I0,D1,0.022709648523695,21594
MHAS,wealth,low,66,66,FALSE,onset,I0,D1,0.0244936850262852,21594
MHAS,wealth,low,67,67,FALSE,onset,I0,D1,0.0263904866585932,21594
MHAS,wealth,low,68,68,FALSE,onset,I0,D1,0.0283997913269928,21594
MHAS,wealth,low,69,69,FALSE,onset,I0,D1,0.0305198436550654,21594
MHAS,wealth,low,70,70,FALSE,onset,I0,D1,0.0327471712719737,21594
MHAS,wealth,low,71,71,FALSE,onset,I0,D1,0.0350813575804836,21594
MHAS,wealth,low,72,72,FALSE,onset,I0,D1,0.03754259716065,21594
MHAS,wealth,low,73,73,FALSE,onset,I0,D1,0.0401618419109368,21594
MHAS,wealth,low,74,74,FALSE,onset,I0,D1,0.0429774242055621,21594
MHAS,wealth,low,75,75,FALSE,onset,I0,D1,0.0460363264162332,21594
MHAS,wealth,low,76,76,FALSE,onset,I0,D1,0.0493958564954994,21594
MHAS,wealth,low,77,77,FALSE,onset,I0,D1,0.0531258665046555,21594
MHAS,wealth,low,78,78,FALSE,onset,I0,D1,0.0573116939359295,21594
MHAS,wealth,low,79,79,FALSE,onset,I0,D1,0.0620580664382114,21594
MHAS,wealth,low,80,80,FALSE,onset,I0,D1,0.0674942968099861,21594
MHAS,wealth,low,81,81,FALSE,onset,I0,D1,0.0737455315970366,21594
MHAS,wealth,low,82,82,FALSE,onset,I0,D1,0.0808071248280664,21594
MHAS,wealth,low,83,83,FALSE,onset,I0,D1,0.0886021605794403,21594
MHAS,wealth,low,84,84,FALSE,onset,I0,D1,0.096996282011442,21594
MHAS,wealth,low,85,85,FALSE,onset,I0,D1,0.105783366370237,21594
MHAS,wealth,low,86,86,FALSE,onset,I0,D1,0.114674433654151,21594
MHAS,wealth,low,87,87,FALSE,onset,I0,D1,0.12329292394486,21594
MHAS,wealth,low,88,88,FALSE,onset,I0,D1,0.131179941162985,21594
MHAS,wealth,low,89,89,FALSE,onset,I0,D1,0.13781289191947,21594
MHAS,wealth,low,90,90,FALSE,onset,I0,D1,0.142639825547509,21594
MHAS,wealth,low,91,91,FALSE,onset,I0,D1,0.145266117154615,21594
MHAS,wealth,low,92,92,FALSE,onset,I0,D1,0.145928127961111,21594
MHAS,wealth,low,93,93,FALSE,onset,I0,D1,0.145094870456466,21594
MHAS,wealth,low,94,94,FALSE,onset,I0,D1,0.143281686170978,21594
MHAS,wealth,low,95,95,FALSE,onset,I0,D1,0.141007462326422,21594
MHAS,wealth,low,96,95,TRUE,onset,I0,D1,0.141007462326422,21594
MHAS,wealth,low,97,95,TRUE,onset,I0,D1,0.141007462326422,21594
MHAS,wealth,low,98,95,TRUE,onset,I0,D1,0.141007462326422,21594
MHAS,wealth,low,99,95,TRUE,onset,I0,D1,0.141007462326422,21594
MHAS,wealth,high,60,60,FALSE,recovery,D1,R1,0.350892809020801,2905
MHAS,wealth,high,61,61,FALSE,recovery,D1,R1,0.321718901582594,2905
MHAS,wealth,high,62,62,FALSE,recovery,D1,R1,0.295249336597613,2905
MHAS,wealth,high,63,63,FALSE,recovery,D1,R1,0.271469955561663,2905
MHAS,wealth,high,64,64,FALSE,recovery,D1,R1,0.250314118281482,2905
MHAS,wealth,high,65,65,FALSE,recovery,D1,R1,0.231680720696325,2905
MHAS,wealth,high,66,66,FALSE,recovery,D1,R1,0.215449587012365,2905
MHAS,wealth,high,67,67,FALSE,recovery,D1,R1,0.201494363040389,2905
MHAS,wealth,high,68,68,FALSE,recovery,D1,R1,0.189693235674175,2905
MHAS,wealth,high,69,69,FALSE,recovery,D1,R1,0.179937938613708,2905
MHAS,wealth,high,70,70,FALSE,recovery,D1,R1,0.172141599484752,2905
MHAS,wealth,high,71,71,FALSE,recovery,D1,R1,0.166153273680488,2905
MHAS,wealth,high,72,72,FALSE,recovery,D1,R1,0.161506446995728,2905
MHAS,wealth,high,73,73,FALSE,recovery,D1,R1,0.157719055287012,2905
MHAS,wealth,high,74,74,FALSE,recovery,D1,R1,0.154364441328279,2905
MHAS,wealth,high,75,75,FALSE,recovery,D1,R1,0.15105482761216,2905
MHAS,wealth,high,76,76,FALSE,recovery,D1,R1,0.147435358662455,2905
MHAS,wealth,high,77,77,FALSE,recovery,D1,R1,0.143187082342923,2905
MHAS,wealth,high,78,78,FALSE,recovery,D1,R1,0.138037354755159,2905
MHAS,wealth,high,79,79,FALSE,recovery,D1,R1,0.131775741045251,2905
MHAS,wealth,high,80,80,FALSE,recovery,D1,R1,0.124272721100318,2905
MHAS,wealth,high,81,81,FALSE,recovery,D1,R1,0.115625673312043,2905
MHAS,wealth,high,82,82,FALSE,recovery,D1,R1,0.106471209003886,2905
MHAS,wealth,high,83,83,FALSE,recovery,D1,R1,0.0974433108112451,2905
MHAS,wealth,high,84,84,FALSE,recovery,D1,R1,0.0890135872341409,2905
MHAS,wealth,high,85,85,FALSE,recovery,D1,R1,0.0815056081812613,2905
MHAS,wealth,high,86,86,FALSE,recovery,D1,R1,0.0751256235212206,2905
MHAS,wealth,high,87,87,FALSE,recovery,D1,R1,0.0700004103445127,2905
MHAS,wealth,high,88,88,FALSE,recovery,D1,R1,0.0662166907175029,2905
MHAS,wealth,high,89,89,FALSE,recovery,D1,R1,0.0638603420259899,2905
MHAS,wealth,high,90,90,FALSE,recovery,D1,R1,0.0630571561465895,2905
MHAS,wealth,high,91,91,FALSE,recovery,D1,R1,0.0639159978086905,2905
MHAS,wealth,high,92,92,FALSE,recovery,D1,R1,0.066244565626615,2905
MHAS,wealth,high,93,93,FALSE,recovery,D1,R1,0.0698136040023066,2905
MHAS,wealth,high,94,94,FALSE,recovery,D1,R1,0.0743982302953617,2905
MHAS,wealth,high,95,95,FALSE,recovery,D1,R1,0.0797262844339935,2905
MHAS,wealth,high,96,95,TRUE,recovery,D1,R1,0.0797262844339935,2905
MHAS,wealth,high,97,95,TRUE,recovery,D1,R1,0.0797262844339935,2905
MHAS,wealth,high,98,95,TRUE,recovery,D1,R1,0.0797262844339935,2905
MHAS,wealth,high,99,95,TRUE,recovery,D1,R1,0.0797262844339935,2905
MHAS,wealth,middle,60,60,FALSE,recovery,D1,R1,0.339526062065246,2905
MHAS,wealth,middle,61,61,FALSE,recovery,D1,R1,0.311297207973901,2905
MHAS,wealth,middle,62,62,FALSE,recovery,D1,R1,0.285685092442066,2905
MHAS,wealth,middle,63,63,FALSE,recovery,D1,R1,0.262676015613118,2905
MHAS,wealth,middle,64,64,FALSE,recovery,D1,R1,0.242205496022028,2905
MHAS,wealth,middle,65,65,FALSE,recovery,D1,R1,0.22417570475147,2905
MHAS,wealth,middle,66,66,FALSE,recovery,D1,R1,0.208470358956701,2905
MHAS,wealth,middle,67,67,FALSE,recovery,D1,R1,0.194967197539214,2905
MHAS,wealth,middle,68,68,FALSE,recovery,D1,R1,0.183548353380616,2905
MHAS,wealth,middle,69,69,FALSE,recovery,D1,R1,0.174109067336369,2905
MHAS,wealth,middle,70,70,FALSE,recovery,D1,R1,0.166565281157431,2905
MHAS,wealth,middle,71,71,FALSE,recovery,D1,R1,0.160770939904445,2905
MHAS,wealth,middle,72,72,FALSE,recovery,D1,R1,0.156274641534071,2905
MHAS,wealth,middle,73,73,FALSE,recovery,D1,R1,0.152609937786087,2905
MHAS,wealth,middle,74,74,FALSE,recovery,D1,R1,0.149363992477787,2905
MHAS,wealth,middle,75,75,FALSE,recovery,D1,R1,0.14616158968382,2905
MHAS,wealth,middle,76,76,FALSE,recovery,D1,R1,0.142659369040741,2905
MHAS,wealth,middle,77,77,FALSE,recovery,D1,R1,0.138548710479908,2905
MHAS,wealth,middle,78,78,FALSE,recovery,D1,R1,0.133565802071322,2905
MHAS,wealth,middle,79,79,FALSE,recovery,D1,R1,0.127507025742928,2905
MHAS,wealth,middle,80,80,FALSE,recovery,D1,R1,0.120247057028809,2905
MHAS,wealth,middle,81,81,FALSE,recovery,D1,R1,0.11188011986576,2905
MHAS,wealth,middle,82,82,FALSE,recovery,D1,R1,0.103022203325552,2905
MHAS,wealth,middle,83,83,FALSE,recovery,D1,R1,0.0942867529450583,2905
MHAS,wealth,middle,84,84,FALSE,recovery,D1,R1,0.0861301000389481,2905
MHAS,wealth,middle,85,85,FALSE,recovery,D1,R1,0.0788653328611703,2905
MHAS,wealth,middle,86,86,FALSE,recovery,D1,R1,0.0726920200660031,2905
MHAS,wealth,middle,87,87,FALSE,recovery,D1,R1,0.0677328319538596,2905
MHAS,wealth,middle,88,88,FALSE,recovery,D1,R1,0.0640716813349495,2905
MHAS,wealth,middle,89,89,FALSE,recovery,D1,R1,0.0617916637013177,2905
MHAS,wealth,middle,90,90,FALSE,recovery,D1,R1,0.0610144960543084,2905
MHAS,wealth,middle,91,91,FALSE,recovery,D1,R1,0.0618455165824419,2905
MHAS,wealth,middle,92,92,FALSE,recovery,D1,R1,0.0640986532701901,2905
MHAS,wealth,middle,93,93,FALSE,recovery,D1,R1,0.0675520769765347,2905
MHAS,wealth,middle,94,94,FALSE,recovery,D1,R1,0.0719881898614513,2905
MHAS,wealth,middle,95,95,FALSE,recovery,D1,R1,0.0771436481485799,2905
MHAS,wealth,middle,96,95,TRUE,recovery,D1,R1,0.0771436481485799,2905
MHAS,wealth,middle,97,95,TRUE,recovery,D1,R1,0.0771436481485799,2905
MHAS,wealth,middle,98,95,TRUE,recovery,D1,R1,0.0771436481485799,2905
MHAS,wealth,middle,99,95,TRUE,recovery,D1,R1,0.0771436481485799,2905
MHAS,wealth,low,60,60,FALSE,recovery,D1,R1,0.343674074460609,2905
MHAS,wealth,low,61,61,FALSE,recovery,D1,R1,0.315100346588542,2905
MHAS,wealth,low,62,62,FALSE,recovery,D1,R1,0.289175326144338,2905
MHAS,wealth,low,63,63,FALSE,recovery,D1,R1,0.265885145899318,2905
MHAS,wealth,low,64,64,FALSE,recovery,D1,R1,0.24516453661412,2905
MHAS,wealth,low,65,65,FALSE,recovery,D1,R1,0.226914474189057,2905
MHAS,wealth,low,66,66,FALSE,recovery,D1,R1,0.211017255144164,2905
MHAS,wealth,low,67,67,FALSE,recovery,D1,R1,0.197349124708995,2905
MHAS,wealth,low,68,68,FALSE,recovery,D1,R1,0.185790775774762,2905
MHAS,wealth,low,69,69,FALSE,recovery,D1,R1,0.176236169347517,2905
MHAS,wealth,low,70,70,FALSE,recovery,D1,R1,0.168600220233022,2905
MHAS,wealth,low,71,71,FALSE,recovery,D1,R1,0.162735089129048,2905
MHAS,wealth,low,72,72,FALSE,recovery,D1,R1,0.158183859183583,2905
MHAS,wealth,low,73,73,FALSE,recovery,D1,R1,0.154474383507107,2905
MHAS,wealth,low,74,74,FALSE,recovery,D1,R1,0.151188782269917,2905
MHAS,wealth,low,75,75,FALSE,recovery,D1,R1,0.147947255508843,2905
MHAS,wealth,low,76,76,FALSE,recovery,D1,R1,0.144402248004129,2905
MHAS,wealth,low,77,77,FALSE,recovery,D1,R1,0.14024136925531,2905
MHAS,wealth,low,78,78,FALSE,recovery,D1,R1,0.135197584324555,2905
MHAS,wealth,low,79,79,FALSE,recovery,D1,R1,0.129064787524337,2905
MHAS,wealth,low,80,80,FALSE,recovery,D1,R1,0.121716123291433,2905
MHAS,wealth,low,81,81,FALSE,recovery,D1,R1,0.113246966702716,2905
MHAS,wealth,low,82,82,FALSE,recovery,D1,R1,0.104280832409259,2905
MHAS,wealth,low,83,83,FALSE,recovery,D1,R1,0.0954386604527049,2905
MHAS,wealth,low,84,84,FALSE,recovery,D1,R1,0.0871823571776261,2905
MHAS,wealth,low,85,85,FALSE,recovery,D1,R1,0.0798288358579143,2905
MHAS,wealth,low,86,86,FALSE,recovery,D1,R1,0.073580103291319,2905
MHAS,wealth,low,87,87,FALSE,recovery,D1,R1,0.0685603284494413,2905
MHAS,wealth,low,88,88,FALSE,recovery,D1,R1,0.0648544493108524,2905
MHAS,wealth,low,89,89,FALSE,recovery,D1,R1,0.0625465765507293,2905
MHAS,wealth,low,90,90,FALSE,recovery,D1,R1,0.0617599141950856,2905
MHAS,wealth,low,91,91,FALSE,recovery,D1,R1,0.0626010873560701,2905
MHAS,wealth,low,92,92,FALSE,recovery,D1,R1,0.0648817507640128,2905
MHAS,wealth,low,93,93,FALSE,recovery,D1,R1,0.0683773651765826,2905
MHAS,wealth,low,94,94,FALSE,recovery,D1,R1,0.0728676743465264,2905
MHAS,wealth,low,95,95,FALSE,recovery,D1,R1,0.0780861172091209,2905
MHAS,wealth,low,96,95,TRUE,recovery,D1,R1,0.0780861172091209,2905
MHAS,wealth,low,97,95,TRUE,recovery,D1,R1,0.0780861172091209,2905
MHAS,wealth,low,98,95,TRUE,recovery,D1,R1,0.0780861172091209,2905
MHAS,wealth,low,99,95,TRUE,recovery,D1,R1,0.0780861172091209,2905
MHAS,wealth,high,60,60,FALSE,recovery,D2,R1,0.248024305653504,228
MHAS,wealth,high,61,61,FALSE,recovery,D2,R1,0.227403084729219,228
MHAS,wealth,high,62,62,FALSE,recovery,D2,R1,0.208693395309618,228
MHAS,wealth,high,63,63,FALSE,recovery,D2,R1,0.191885229628566,228
MHAS,wealth,high,64,64,FALSE,recovery,D2,R1,0.176931483877611,228
MHAS,wealth,high,65,65,FALSE,recovery,D2,R1,0.163760693883592,228
MHAS,wealth,high,66,66,FALSE,recovery,D2,R1,0.15228791485125,228
MHAS,wealth,high,67,67,FALSE,recovery,D2,R1,0.142423834861845,228
MHAS,wealth,high,68,68,FALSE,recovery,D2,R1,0.134082351805803,228
MHAS,wealth,high,69,69,FALSE,recovery,D2,R1,0.127186938968424,228
MHAS,wealth,high,70,70,FALSE,recovery,D2,R1,0.12167619167071,228
MHAS,wealth,high,71,71,FALSE,recovery,D2,R1,0.117443416556926,228
MHAS,wealth,high,72,72,FALSE,recovery,D2,R1,0.114158863746635,228
MHAS,wealth,high,73,73,FALSE,recovery,D2,R1,0.111481792075051,228
MHAS,wealth,high,74,74,FALSE,recovery,D2,R1,0.109110624081692,228
MHAS,wealth,high,75,75,FALSE,recovery,D2,R1,0.106771263961396,228
MHAS,wealth,high,76,76,FALSE,recovery,D2,R1,0.10421288644551,228
MHAS,wealth,high,77,77,FALSE,recovery,D2,R1,0.101210044103666,228
MHAS,wealth,high,78,78,FALSE,recovery,D2,R1,0.0975700219190443,228
MHAS,wealth,high,79,79,FALSE,recovery,D2,R1,0.0931440765797704,228
MHAS,wealth,high,80,80,FALSE,recovery,D2,R1,0.0878406583725418,228
MHAS,wealth,high,81,81,FALSE,recovery,D2,R1,0.0817285980267504,228
MHAS,wealth,high,82,82,FALSE,recovery,D2,R1,0.075257876497869,228
MHAS,wealth,high,83,83,FALSE,recovery,D2,R1,0.0688766166852535,228
MHAS,wealth,high,84,84,FALSE,recovery,D2,R1,0.0629181693095529,228
MHAS,wealth,high,85,85,FALSE,recovery,D2,R1,0.0576112458173102,228
MHAS,wealth,high,86,86,FALSE,recovery,D2,R1,0.053101631414546,228
MHAS,wealth,high,87,87,FALSE,recovery,D2,R1,0.0494789369426173,228
MHAS,wealth,high,88,88,FALSE,recovery,D2,R1,0.0468044608372349,228
MHAS,wealth,high,89,89,FALSE,recovery,D2,R1,0.0451389044819452,228
MHAS,wealth,high,90,90,FALSE,recovery,D2,R1,0.0445711823316826,228
MHAS,wealth,high,91,91,FALSE,recovery,D2,R1,0.0451782440936587,228
MHAS,wealth,high,92,92,FALSE,recovery,D2,R1,0.0468241638770236,228
MHAS,wealth,high,93,93,FALSE,recovery,D2,R1,0.0493468951562763,228
MHAS,wealth,high,94,94,FALSE,recovery,D2,R1,0.0525874823777385,228
MHAS,wealth,high,95,95,FALSE,recovery,D2,R1,0.0563535525115385,228
MHAS,wealth,high,96,95,TRUE,recovery,D2,R1,0.0563535525115385,228
MHAS,wealth,high,97,95,TRUE,recovery,D2,R1,0.0563535525115385,228
MHAS,wealth,high,98,95,TRUE,recovery,D2,R1,0.0563535525115385,228
MHAS,wealth,high,99,95,TRUE,recovery,D2,R1,0.0563535525115385,228
MHAS,wealth,middle,60,60,FALSE,recovery,D2,R1,0.239989859096853,228
MHAS,wealth,middle,61,61,FALSE,recovery,D2,R1,0.220036637613238,228
MHAS,wealth,middle,62,62,FALSE,recovery,D2,R1,0.201933025889681,228
MHAS,wealth,middle,63,63,FALSE,recovery,D2,R1,0.185669340349492,228
MHAS,wealth,middle,64,64,FALSE,recovery,D2,R1,0.171200003054963,228
MHAS,wealth,middle,65,65,FALSE,recovery,D2,R1,0.158455864828145,228
MHAS,wealth,middle,66,66,FALSE,recovery,D2,R1,0.147354732557393,228
MHAS,wealth,middle,67,67,FALSE,recovery,D2,R1,0.137810187475248,228
MHAS,wealth,middle,68,68,FALSE,recovery,D2,R1,0.129738916645546,228
MHAS,wealth,middle,69,69,FALSE,recovery,D2,R1,0.123066872343691,228
MHAS,wealth,middle,70,70,FALSE,recovery,D2,R1,0.117734639020782,228
MHAS,wealth,middle,71,71,FALSE,recovery,D2,R1,0.113638979522939,228
MHAS,wealth,middle,72,72,FALSE,recovery,D2,R1,0.110460825817153,228
MHAS,wealth,middle,73,73,FALSE,recovery,D2,R1,0.107870474635389,228
MHAS,wealth,middle,74,74,FALSE,recovery,D2,R1,0.10557611775322,228
MHAS,wealth,middle,75,75,FALSE,recovery,D2,R1,0.103312538366646,228
MHAS,wealth,middle,76,76,FALSE,recovery,D2,R1,0.100837036387369,228
MHAS,wealth,middle,77,77,FALSE,recovery,D2,R1,0.097931467481086,228
MHAS,wealth,middle,78,78,FALSE,recovery,D2,R1,0.0944093594002065,228
MHAS,wealth,middle,79,79,FALSE,recovery,D2,R1,0.090126787192035,228
MHAS,wealth,middle,80,80,FALSE,recovery,D2,R1,0.0849951667851925,228
MHAS,wealth,middle,81,81,FALSE,recovery,D2,R1,0.0790810992210758,228
MHAS,wealth,middle,82,82,FALSE,recovery,D2,R1,0.0728199888678806,228
MHAS,wealth,middle,83,83,FALSE,recovery,D2,R1,0.0666454422271595,228
MHAS,wealth,middle,84,84,FALSE,recovery,D2,R1,0.0608800115272825,228
MHAS,wealth,middle,85,85,FALSE,recovery,D2,R1,0.0557449993848823,228
MHAS,wealth,middle,86,86,FALSE,recovery,D2,R1,0.0513814684710514,228
MHAS,wealth,middle,87,87,FALSE,recovery,D2,R1,0.0478761267926285,228
MHAS,wealth,middle,88,88,FALSE,recovery,D2,R1,0.0452882870968477,228
MHAS,wealth,middle,89,89,FALSE,recovery,D2,R1,0.043676684419559,228
MHAS,wealth,middle,90,90,FALSE,recovery,D2,R1,0.0431273529397725,228
MHAS,wealth,middle,91,91,FALSE,recovery,D2,R1,0.0437147496722655,228
MHAS,wealth,middle,92,92,FALSE,recovery,D2,R1,0.04530735188056,228
MHAS,wealth,middle,93,93,FALSE,recovery,D2,R1,0.0477483623398045,228
MHAS,wealth,middle,94,94,FALSE,recovery,D2,R1,0.0508839746686875,228
MHAS,wealth,middle,95,95,FALSE,recovery,D2,R1,0.0545280475283136,228
MHAS,wealth,middle,96,95,TRUE,recovery,D2,R1,0.0545280475283136,228
MHAS,wealth,middle,97,95,TRUE,recovery,D2,R1,0.0545280475283136,228
MHAS,wealth,middle,98,95,TRUE,recovery,D2,R1,0.0545280475283136,228
MHAS,wealth,middle,99,95,TRUE,recovery,D2,R1,0.0545280475283136,228
MHAS,wealth,low,60,60,FALSE,recovery,D2,R1,0.242921831105835,228
MHAS,wealth,low,61,61,FALSE,recovery,D2,R1,0.222724839793364,228
MHAS,wealth,low,62,62,FALSE,recovery,D2,R1,0.204400055045936,228
MHAS,wealth,low,63,63,FALSE,recovery,D2,R1,0.187937674981961,228
MHAS,wealth,low,64,64,FALSE,recovery,D2,R1,0.173291564835047,228
MHAS,wealth,low,65,65,FALSE,recovery,D2,R1,0.160391730627157,228
MHAS,wealth,low,66,66,FALSE,recovery,D2,R1,0.149154975087953,228
MHAS,wealth,low,67,67,FALSE,recovery,D2,R1,0.139493823666171,228
MHAS,wealth,low,68,68,FALSE,recovery,D2,R1,0.131323945585985,228
MHAS,wealth,low,69,69,FALSE,recovery,D2,R1,0.124570388476841,228
MHAS,wealth,low,70,70,FALSE,recovery,D2,R1,0.119173010906143,228
MHAS,wealth,low,71,71,FALSE,recovery,D2,R1,0.115027314464858,228
MHAS,wealth,low,72,72,FALSE,recovery,D2,R1,0.111810333044682,228
MHAS,wealth,low,73,73,FALSE,recovery,D2,R1,0.109188335370908,228
MHAS,wealth,low,74,74,FALSE,recovery,D2,R1,0.106865948178698,228
MHAS,wealth,low,75,75,FALSE,recovery,D2,R1,0.104574714492787,228
MHAS,wealth,low,76,76,FALSE,recovery,D2,R1,0.102068969141815,228
MHAS,wealth,low,77,77,FALSE,recovery,D2,R1,0.0991279027076977,228
MHAS,wealth,low,78,78,FALSE,recovery,D2,R1,0.0955627647990388,228
MHAS,wealth,low,79,79,FALSE,recovery,D2,R1,0.0912278721224606,228
MHAS,wealth,low,80,80,FALSE,recovery,D2,R1,0.086033558369115,228
MHAS,wealth,low,81,81,FALSE,recovery,D2,R1,0.0800472382497342,228
MHAS,wealth,low,82,82,FALSE,recovery,D2,R1,0.0737096354965276,228
MHAS,wealth,low,83,83,FALSE,recovery,D2,R1,0.0674596540104057,228
MHAS,wealth,low,84,84,FALSE,recovery,D2,R1,0.0616237866616828,228
MHAS,wealth,low,85,85,FALSE,recovery,D2,R1,0.0564260397357216,228
MHAS,wealth,low,86,86,FALSE,recovery,D2,R1,0.052009199275613,228
MHAS,wealth,low,87,87,FALSE,recovery,D2,R1,0.0484610326056604,228
MHAS,wealth,low,88,88,FALSE,recovery,D2,R1,0.0458415771008603,228
MHAS,wealth,low,89,89,FALSE,recovery,D2,R1,0.0442102853668874,228
MHAS,wealth,low,90,90,FALSE,recovery,D2,R1,0.0436542426680166,228
MHAS,wealth,low,91,91,FALSE,recovery,D2,R1,0.0442488156653081,228
MHAS,wealth,low,92,92,FALSE,recovery,D2,R1,0.0458608748002983,228
MHAS,wealth,low,93,93,FALSE,recovery,D2,R1,0.0483317072460513,228
MHAS,wealth,low,94,94,FALSE,recovery,D2,R1,0.0515056275585045,228
MHAS,wealth,low,95,95,FALSE,recovery,D2,R1,0.0551942202976927,228
MHAS,wealth,low,96,95,TRUE,recovery,D2,R1,0.0551942202976927,228
MHAS,wealth,low,97,95,TRUE,recovery,D2,R1,0.0551942202976927,228
MHAS,wealth,low,98,95,TRUE,recovery,D2,R1,0.0551942202976927,228
MHAS,wealth,low,99,95,TRUE,recovery,D2,R1,0.0551942202976927,228
MHAS,wealth,high,60,60,FALSE,relapse,R1,D2,0.0799338645510215,1189
MHAS,wealth,high,61,61,FALSE,relapse,R1,D2,0.0722880103534476,1189
MHAS,wealth,high,62,62,FALSE,relapse,R1,D2,0.0656184828877934,1189
MHAS,wealth,high,63,63,FALSE,relapse,R1,D2,0.0600115721137396,1189
MHAS,wealth,high,64,64,FALSE,relapse,R1,D2,0.0555030923660355,1189
MHAS,wealth,high,65,65,FALSE,relapse,R1,D2,0.0521071316780714,1189
MHAS,wealth,high,66,66,FALSE,relapse,R1,D2,0.0498424540252526,1189
MHAS,wealth,high,67,67,FALSE,relapse,R1,D2,0.0487582805439579,1189
MHAS,wealth,high,68,68,FALSE,relapse,R1,D2,0.0489630558281033,1189
MHAS,wealth,high,69,69,FALSE,relapse,R1,D2,0.0506622260061735,1189
MHAS,wealth,high,70,70,FALSE,relapse,R1,D2,0.0542150789198103,1189
MHAS,wealth,high,71,71,FALSE,relapse,R1,D2,0.0601019220680193,1189
MHAS,wealth,high,72,72,FALSE,relapse,R1,D2,0.0685572036123794,1189
MHAS,wealth,high,73,73,FALSE,relapse,R1,D2,0.0797565274973611,1189
MHAS,wealth,high,74,74,FALSE,relapse,R1,D2,0.0937950089755589,1189
MHAS,wealth,high,75,75,FALSE,relapse,R1,D2,0.110521179965109,1189
MHAS,wealth,high,76,76,FALSE,relapse,R1,D2,0.129334839808301,1189
MHAS,wealth,high,77,77,FALSE,relapse,R1,D2,0.148984717023218,1189
MHAS,wealth,high,78,78,FALSE,relapse,R1,D2,0.167446481821482,1189
MHAS,wealth,high,79,79,FALSE,relapse,R1,D2,0.181999582230686,1189
MHAS,wealth,high,80,80,FALSE,relapse,R1,D2,0.1896167741126,1189
MHAS,wealth,high,81,81,FALSE,relapse,R1,D2,0.188372119969378,1189
MHAS,wealth,high,82,82,FALSE,relapse,R1,D2,0.180090080040907,1189
MHAS,wealth,high,83,83,FALSE,relapse,R1,D2,0.167828458137529,1189
MHAS,wealth,high,84,84,FALSE,relapse,R1,D2,0.154423510135901,1189
MHAS,wealth,high,85,85,FALSE,relapse,R1,D2,0.142102785458768,1189
MHAS,wealth,high,86,86,FALSE,relapse,R1,D2,0.132465404904563,1189
MHAS,wealth,high,87,87,FALSE,relapse,R1,D2,0.126701692132719,1189
MHAS,wealth,high,88,88,FALSE,relapse,R1,D2,0.125953945388757,1189
MHAS,wealth,high,89,89,FALSE,relapse,R1,D2,0.131813504842683,1189
MHAS,wealth,high,90,90,FALSE,relapse,R1,D2,0.147094408633209,1189
MHAS,wealth,high,91,91,FALSE,relapse,R1,D2,0.176460061063749,1189
MHAS,wealth,high,92,92,FALSE,relapse,R1,D2,0.225145187723677,1189
MHAS,wealth,high,93,93,FALSE,relapse,R1,D2,0.300852344023129,1189
MHAS,wealth,high,94,94,FALSE,relapse,R1,D2,0.414597922767108,1189
MHAS,wealth,high,95,95,FALSE,relapse,R1,D2,0.580219525947882,1189
MHAS,wealth,high,96,95,TRUE,relapse,R1,D2,0.580219525947882,1189
MHAS,wealth,high,97,95,TRUE,relapse,R1,D2,0.580219525947882,1189
MHAS,wealth,high,98,95,TRUE,relapse,R1,D2,0.580219525947882,1189
MHAS,wealth,high,99,95,TRUE,relapse,R1,D2,0.580219525947882,1189
MHAS,wealth,middle,60,60,FALSE,relapse,R1,D2,0.106064012172889,1189
MHAS,wealth,middle,61,61,FALSE,relapse,R1,D2,0.0959187504963937,1189
MHAS,wealth,middle,62,62,FALSE,relapse,R1,D2,0.0870689739182448,1189
MHAS,wealth,middle,63,63,FALSE,relapse,R1,D2,0.0796291803347386,1189
MHAS,wealth,middle,64,64,FALSE,relapse,R1,D2,0.0736468916823929,1189
MHAS,wealth,middle,65,65,FALSE,relapse,R1,D2,0.069140801331701,1189
MHAS,wealth,middle,66,66,FALSE,relapse,R1,D2,0.0661358071470031,1189
MHAS,wealth,middle,67,67,FALSE,relapse,R1,D2,0.0646972205108701,1189
MHAS,wealth,middle,68,68,FALSE,relapse,R1,D2,0.0649689362392699,1189
MHAS,wealth,middle,69,69,FALSE,relapse,R1,D2,0.0672235602020039,1189
MHAS,wealth,middle,70,70,FALSE,relapse,R1,D2,0.0719378303902031,1189
MHAS,wealth,middle,71,71,FALSE,relapse,R1,D2,0.0797490654260495,1189
MHAS,wealth,middle,72,72,FALSE,relapse,R1,D2,0.0909683538926266,1189
MHAS,wealth,middle,73,73,FALSE,relapse,R1,D2,0.105828704152642,1189
MHAS,wealth,middle,74,74,FALSE,relapse,R1,D2,0.124456324357869,1189
MHAS,wealth,middle,75,75,FALSE,relapse,R1,D2,0.146650231951428,1189
MHAS,wealth,middle,76,76,FALSE,relapse,R1,D2,0.171614022427882,1189
MHAS,wealth,middle,77,77,FALSE,relapse,R1,D2,0.197687387300518,1189
MHAS,wealth,middle,78,78,FALSE,relapse,R1,D2,0.222184249266277,1189
MHAS,wealth,middle,79,79,FALSE,relapse,R1,D2,0.241494715832921,1189
MHAS,wealth,middle,80,80,FALSE,relapse,R1,D2,0.251601945566207,1189
MHAS,wealth,middle,81,81,FALSE,relapse,R1,D2,0.249950417606947,1189
MHAS,wealth,middle,82,82,FALSE,relapse,R1,D2,0.238961002936159,1189
MHAS,wealth,middle,83,83,FALSE,relapse,R1,D2,0.222691092528048,1189
MHAS,wealth,middle,84,84,FALSE,relapse,R1,D2,0.204904106048568,1189
MHAS,wealth,middle,85,85,FALSE,relapse,R1,D2,0.188555772342019,1189
MHAS,wealth,middle,86,86,FALSE,relapse,R1,D2,0.175767960140551,1189
MHAS,wealth,middle,87,87,FALSE,relapse,R1,D2,0.168120106442652,1189
MHAS,wealth,middle,88,88,FALSE,relapse,R1,D2,0.167127923464896,1189
MHAS,wealth,middle,89,89,FALSE,relapse,R1,D2,0.174902955846225,1189
MHAS,wealth,middle,90,90,FALSE,relapse,R1,D2,0.195179142600797,1189
MHAS,wealth,middle,91,91,FALSE,relapse,R1,D2,0.234144341322916,1189
MHAS,wealth,middle,92,92,FALSE,relapse,R1,D2,0.298744494158029,1189
MHAS,wealth,middle,93,93,FALSE,relapse,R1,D2,0.399200099456513,1189
MHAS,wealth,middle,94,94,FALSE,relapse,R1,D2,0.5501287767609,1189
MHAS,wealth,middle,95,95,FALSE,relapse,R1,D2,0.769891599871326,1189
MHAS,wealth,middle,96,95,TRUE,relapse,R1,D2,0.769891599871326,1189
MHAS,wealth,middle,97,95,TRUE,relapse,R1,D2,0.769891599871326,1189
MHAS,wealth,middle,98,95,TRUE,relapse,R1,D2,0.769891599871326,1189
MHAS,wealth,middle,99,95,TRUE,relapse,R1,D2,0.769891599871326,1189
MHAS,wealth,low,60,60,FALSE,relapse,R1,D2,0.111696762520367,1189
MHAS,wealth,low,61,61,FALSE,relapse,R1,D2,0.101012715585208,1189
MHAS,wealth,low,62,62,FALSE,relapse,R1,D2,0.0916929531836448,1189
MHAS,wealth,low,63,63,FALSE,relapse,R1,D2,0.0838580538613104,1189
MHAS,wealth,low,64,64,FALSE,relapse,R1,D2,0.0775580633061714,1189
MHAS,wealth,low,65,65,FALSE,relapse,R1,D2,0.0728126676391083,1189
MHAS,wealth,low,66,66,FALSE,relapse,R1,D2,0.0696480869774211,1189
MHAS,wealth,low,67,67,FALSE,relapse,R1,D2,0.0681331012007262,1189
MHAS,wealth,low,68,68,FALSE,relapse,R1,D2,0.0684192469589938,1189
MHAS,wealth,low,69,69,FALSE,relapse,R1,D2,0.070793607424707,1189
MHAS,wealth,low,70,70,FALSE,relapse,R1,D2,0.0757582387532843,1189
MHAS,wealth,low,71,71,FALSE,relapse,R1,D2,0.0839843057001722,1189
MHAS,wealth,low,72,72,FALSE,relapse,R1,D2,0.0957994178558019,1189
MHAS,wealth,low,73,73,FALSE,relapse,R1,D2,0.111448957977448,1189
MHAS,wealth,low,74,74,FALSE,relapse,R1,D2,0.131065836763735,1189
MHAS,wealth,low,75,75,FALSE,relapse,R1,D2,0.154438398060359,1189
MHAS,wealth,low,76,76,FALSE,relapse,R1,D2,0.180727942641338,1189
MHAS,wealth,low,77,77,FALSE,relapse,R1,D2,0.208185987878573,1189
MHAS,wealth,low,78,78,FALSE,relapse,R1,D2,0.233983806737466,1189
MHAS,wealth,low,79,79,FALSE,relapse,R1,D2,0.254319795863882,1189
MHAS,wealth,low,80,80,FALSE,relapse,R1,D2,0.264963791090249,1189
MHAS,wealth,low,81,81,FALSE,relapse,R1,D2,0.263224555297806,1189
MHAS,wealth,low,82,82,FALSE,relapse,R1,D2,0.251651524864826,1189
MHAS,wealth,low,83,83,FALSE,relapse,R1,D2,0.234517566966645,1189
MHAS,wealth,low,84,84,FALSE,relapse,R1,D2,0.215785965511544,1189
MHAS,wealth,low,85,85,FALSE,relapse,R1,D2,0.198569419482269,1189
MHAS,wealth,low,86,86,FALSE,relapse,R1,D2,0.185102483870838,1189
MHAS,wealth,low,87,87,FALSE,relapse,R1,D2,0.177048474968249,1189
MHAS,wealth,low,88,88,FALSE,relapse,R1,D2,0.176003600046277,1189
MHAS,wealth,low,89,89,FALSE,relapse,R1,D2,0.184191541721252,1189
MHAS,wealth,low,90,90,FALSE,relapse,R1,D2,0.205544537618224,1189
MHAS,wealth,low,91,91,FALSE,relapse,R1,D2,0.246579064401249,1189
MHAS,wealth,low,92,92,FALSE,relapse,R1,D2,0.314609942945059,1189
MHAS,wealth,low,93,93,FALSE,relapse,R1,D2,0.420400452459016,1189
MHAS,wealth,low,94,94,FALSE,relapse,R1,D2,0.57934451162681,1189
MHAS,wealth,low,95,95,FALSE,relapse,R1,D2,0.810778297327453,1189
MHAS,wealth,low,96,95,TRUE,relapse,R1,D2,0.810778297327453,1189
MHAS,wealth,low,97,95,TRUE,relapse,R1,D2,0.810778297327453,1189
MHAS,wealth,low,98,95,TRUE,relapse,R1,D2,0.810778297327453,1189
MHAS,wealth,low,99,95,TRUE,relapse,R1,D2,0.810778297327453,1189
MHAS,wealth,high,60,60,FALSE,death_pre,I0,DEAD,0.00510419812443713,24745
MHAS,wealth,high,61,61,FALSE,death_pre,I0,DEAD,0.00586240159331146,24745
MHAS,wealth,high,62,62,FALSE,death_pre,I0,DEAD,0.00672460666997688,24745
MHAS,wealth,high,63,63,FALSE,death_pre,I0,DEAD,0.0076938686350743,24745
MHAS,wealth,high,64,64,FALSE,death_pre,I0,DEAD,0.00876904875183451,24745
MHAS,wealth,high,65,65,FALSE,death_pre,I0,DEAD,0.00994336356961925,24745
MHAS,wealth,high,66,66,FALSE,death_pre,I0,DEAD,0.0112029023455785,24745
MHAS,wealth,high,67,67,FALSE,death_pre,I0,DEAD,0.0125252803946822,24745
MHAS,wealth,high,68,68,FALSE,death_pre,I0,DEAD,0.013878653027227,24745
MHAS,wealth,high,69,69,FALSE,death_pre,I0,DEAD,0.015221358468845,24745
MHAS,wealth,high,70,70,FALSE,death_pre,I0,DEAD,0.0165024726930608,24745
MHAS,wealth,high,71,71,FALSE,death_pre,I0,DEAD,0.0176764706521646,24745
MHAS,wealth,high,72,72,FALSE,death_pre,I0,DEAD,0.0187511088709959,24745
MHAS,wealth,high,73,73,FALSE,death_pre,I0,DEAD,0.0197603799933963,24745
MHAS,wealth,high,74,74,FALSE,death_pre,I0,DEAD,0.0207516502126077,24745
MHAS,wealth,high,75,75,FALSE,death_pre,I0,DEAD,0.0217846741124373,24745
MHAS,wealth,high,76,76,FALSE,death_pre,I0,DEAD,0.0229320379423132,24745
MHAS,wealth,high,77,77,FALSE,death_pre,I0,DEAD,0.0242817209258396,24745
MHAS,wealth,high,78,78,FALSE,death_pre,I0,DEAD,0.0259426045190874,24745
MHAS,wealth,high,79,79,FALSE,death_pre,I0,DEAD,0.0280541464231929,24745
MHAS,wealth,high,80,80,FALSE,death_pre,I0,DEAD,0.0308022178874635,24745
MHAS,wealth,high,81,81,FALSE,death_pre,I0,DEAD,0.0344053091110107,24745
MHAS,wealth,high,82,82,FALSE,death_pre,I0,DEAD,0.0389946208247344,24745
MHAS,wealth,high,83,83,FALSE,death_pre,I0,DEAD,0.0446788458928323,24745
MHAS,wealth,high,84,84,FALSE,death_pre,I0,DEAD,0.0515584012903842,24745
MHAS,wealth,high,85,85,FALSE,death_pre,I0,DEAD,0.0597007015855445,24745
MHAS,wealth,high,86,86,FALSE,death_pre,I0,DEAD,0.0691073386354919,24745
MHAS,wealth,high,87,87,FALSE,death_pre,I0,DEAD,0.0796738653963923,24745
MHAS,wealth,high,88,88,FALSE,death_pre,I0,DEAD,0.091145836954958,24745
MHAS,wealth,high,89,89,FALSE,death_pre,I0,DEAD,0.103078778167826,24745
MHAS,wealth,high,90,90,FALSE,death_pre,I0,DEAD,0.114814147820525,24745
MHAS,wealth,high,91,91,FALSE,death_pre,I0,DEAD,0.125643861772601,24745
MHAS,wealth,high,92,92,FALSE,death_pre,I0,DEAD,0.135427829356151,24745
MHAS,wealth,high,93,93,FALSE,death_pre,I0,DEAD,0.144324525272754,24745
MHAS,wealth,high,94,94,FALSE,death_pre,I0,DEAD,0.152645056328054,24745
MHAS,wealth,high,95,95,FALSE,death_pre,I0,DEAD,0.160834992167478,24745
MHAS,wealth,high,96,95,TRUE,death_pre,I0,DEAD,0.160834992167478,24745
MHAS,wealth,high,97,95,TRUE,death_pre,I0,DEAD,0.160834992167478,24745
MHAS,wealth,high,98,95,TRUE,death_pre,I0,DEAD,0.160834992167478,24745
MHAS,wealth,high,99,95,TRUE,death_pre,I0,DEAD,0.160834992167478,24745
MHAS,wealth,middle,60,60,FALSE,death_pre,I0,DEAD,0.00570801932372015,24745
MHAS,wealth,middle,61,61,FALSE,death_pre,I0,DEAD,0.00655591745504976,24745
MHAS,wealth,middle,62,62,FALSE,death_pre,I0,DEAD,0.00752012047355202,24745
MHAS,wealth,middle,63,63,FALSE,death_pre,I0,DEAD,0.00860404509631206,24745
MHAS,wealth,middle,64,64,FALSE,death_pre,I0,DEAD,0.00980641787521428,24745
MHAS,wealth,middle,65,65,FALSE,death_pre,I0,DEAD,0.0111196528846381,24745
MHAS,wealth,middle,66,66,FALSE,death_pre,I0,DEAD,0.012528193755677,24745
MHAS,wealth,middle,67,67,FALSE,death_pre,I0,DEAD,0.0140070077189144,24745
MHAS,wealth,middle,68,68,FALSE,death_pre,I0,DEAD,0.0155204828917873,24745
MHAS,wealth,middle,69,69,FALSE,death_pre,I0,DEAD,0.0170220289564132,24745
MHAS,wealth,middle,70,70,FALSE,death_pre,I0,DEAD,0.0184546976282475,24745
MHAS,wealth,middle,71,71,FALSE,death_pre,I0,DEAD,0.0197675782949461,24745
MHAS,wealth,middle,72,72,FALSE,death_pre,I0,DEAD,0.0209693450699718,24745
MHAS,wealth,middle,73,73,FALSE,death_pre,I0,DEAD,0.0220980118907115,24745
MHAS,wealth,middle,74,74,FALSE,death_pre,I0,DEAD,0.0232065483205961,24745
MHAS,wealth,middle,75,75,FALSE,death_pre,I0,DEAD,0.0243617778470249,24745
MHAS,wealth,middle,76,76,FALSE,death_pre,I0,DEAD,0.0256448735953881,24745
MHAS,wealth,middle,77,77,FALSE,death_pre,I0,DEAD,0.0271542226376952,24745
MHAS,wealth,middle,78,78,FALSE,death_pre,I0,DEAD,0.0290115869902504,24745
MHAS,wealth,middle,79,79,FALSE,death_pre,I0,DEAD,0.0313729220516334,24745
MHAS,wealth,middle,80,80,FALSE,death_pre,I0,DEAD,0.0344460874418877,24745
MHAS,wealth,middle,81,81,FALSE,death_pre,I0,DEAD,0.0384754205178645,24745
MHAS,wealth,middle,82,82,FALSE,death_pre,I0,DEAD,0.0436076429171271,24745
MHAS,wealth,middle,83,83,FALSE,death_pre,I0,DEAD,0.0499643057538886,24745
MHAS,wealth,middle,84,84,FALSE,death_pre,I0,DEAD,0.0576577052243804,24745
MHAS,wealth,middle,85,85,FALSE,death_pre,I0,DEAD,0.066763230968335,24745
MHAS,wealth,middle,86,86,FALSE,death_pre,I0,DEAD,0.0772826631579393,24745
MHAS,wealth,middle,87,87,FALSE,death_pre,I0,DEAD,0.0890991987753683,24745
MHAS,wealth,middle,88,88,FALSE,death_pre,I0,DEAD,0.101928292345219,24745
MHAS,wealth,middle,89,89,FALSE,death_pre,I0,DEAD,0.115272887788284,24745
MHAS,wealth,middle,90,90,FALSE,death_pre,I0,DEAD,0.128396539166138,24745
MHAS,wealth,middle,91,91,FALSE,death_pre,I0,DEAD,0.140507396739016,24745
MHAS,wealth,middle,92,92,FALSE,death_pre,I0,DEAD,0.151448797262279,24745
MHAS,wealth,middle,93,93,FALSE,death_pre,I0,DEAD,0.161397962825839,24745
MHAS,wealth,middle,94,94,FALSE,death_pre,I0,DEAD,0.170702803838942,24745
MHAS,wealth,middle,95,95,FALSE,death_pre,I0,DEAD,0.179861600361288,24745
MHAS,wealth,middle,96,95,TRUE,death_pre,I0,DEAD,0.179861600361288,24745
MHAS,wealth,middle,97,95,TRUE,death_pre,I0,DEAD,0.179861600361288,24745
MHAS,wealth,middle,98,95,TRUE,death_pre,I0,DEAD,0.179861600361288,24745
MHAS,wealth,middle,99,95,TRUE,death_pre,I0,DEAD,0.179861600361288,24745
MHAS,wealth,low,60,60,FALSE,death_pre,I0,DEAD,0.00664736897406744,24745
MHAS,wealth,low,61,61,FALSE,death_pre,I0,DEAD,0.00763480286518062,24745
MHAS,wealth,low,62,62,FALSE,death_pre,I0,DEAD,0.00875768154978129,24745
MHAS,wealth,low,63,63,FALSE,death_pre,I0,DEAD,0.0100199840226585,24745
MHAS,wealth,low,64,64,FALSE,death_pre,I0,DEAD,0.0114202272685992,24745
MHAS,wealth,low,65,65,FALSE,death_pre,I0,DEAD,0.0129495769715735,24745
MHAS,wealth,low,66,66,FALSE,death_pre,I0,DEAD,0.0145899167030704,24745
MHAS,wealth,low,67,67,FALSE,death_pre,I0,DEAD,0.0163120941345292,24745
MHAS,wealth,low,68,68,FALSE,death_pre,I0,DEAD,0.0180746368549732,24745
MHAS,wealth,low,69,69,FALSE,death_pre,I0,DEAD,0.0198232873337214,24745
MHAS,wealth,low,70,70,FALSE,death_pre,I0,DEAD,0.0214917254974982,24745
MHAS,wealth,low,71,71,FALSE,death_pre,I0,DEAD,0.0230206625447499,24745
MHAS,wealth,low,72,72,FALSE,death_pre,I0,DEAD,0.0244202000587828,24745
MHAS,wealth,low,73,73,FALSE,death_pre,I0,DEAD,0.0257346078035266,24745
MHAS,wealth,low,74,74,FALSE,death_pre,I0,DEAD,0.0270255723663158,24745
MHAS,wealth,low,75,75,FALSE,death_pre,I0,DEAD,0.0283709141523881,24745
MHAS,wealth,low,76,76,FALSE,death_pre,I0,DEAD,0.0298651646769061,24745
MHAS,wealth,low,77,77,FALSE,death_pre,I0,DEAD,0.0316229022432764,24745
MHAS,wealth,low,78,78,FALSE,death_pre,I0,DEAD,0.0337859268356086,24745
MHAS,wealth,low,79,79,FALSE,death_pre,I0,DEAD,0.0365358589108534,24745
MHAS,wealth,low,80,80,FALSE,death_pre,I0,DEAD,0.0401147648515642,24745
MHAS,wealth,low,81,81,FALSE,death_pre,I0,DEAD,0.0448071917962536,24745
MHAS,wealth,low,82,82,FALSE,death_pre,I0,DEAD,0.0507840068716863,24745
MHAS,wealth,low,83,83,FALSE,death_pre,I0,DEAD,0.0581867644524291,24745
MHAS,wealth,low,84,84,FALSE,death_pre,I0,DEAD,0.0671462409441667,24745
MHAS,wealth,low,85,85,FALSE,death_pre,I0,DEAD,0.0777502326075109,24745
MHAS,wealth,low,86,86,FALSE,death_pre,I0,DEAD,0.090000812571632,24745
MHAS,wealth,low,87,87,FALSE,death_pre,I0,DEAD,0.103761955936694,24745
MHAS,wealth,low,88,88,FALSE,death_pre,I0,DEAD,0.118702290530035,24745
MHAS,wealth,low,89,89,FALSE,death_pre,I0,DEAD,0.134242961415834,24745
MHAS,wealth,low,90,90,FALSE,death_pre,I0,DEAD,0.149526328210529,24745
MHAS,wealth,low,91,91,FALSE,death_pre,I0,DEAD,0.163630229110926,24745
MHAS,wealth,low,92,92,FALSE,death_pre,I0,DEAD,0.176372219326155,24745
MHAS,wealth,low,93,93,FALSE,death_pre,I0,DEAD,0.187958685792769,24745
MHAS,wealth,low,94,94,FALSE,death_pre,I0,DEAD,0.19879479337252,24745
MHAS,wealth,low,95,95,FALSE,death_pre,I0,DEAD,0.209460822408099,24745
MHAS,wealth,low,96,95,TRUE,death_pre,I0,DEAD,0.209460822408099,24745
MHAS,wealth,low,97,95,TRUE,death_pre,I0,DEAD,0.209460822408099,24745
MHAS,wealth,low,98,95,TRUE,death_pre,I0,DEAD,0.209460822408099,24745
MHAS,wealth,low,99,95,TRUE,death_pre,I0,DEAD,0.209460822408099,24745
MHAS,wealth,high,60,60,FALSE,death_post,D1,DEAD,0.0325400453081543,3483
MHAS,wealth,high,61,61,FALSE,death_post,D1,DEAD,0.0346793176884939,3483
MHAS,wealth,high,62,62,FALSE,death_post,D1,DEAD,0.0369353409670352,3483
MHAS,wealth,high,63,63,FALSE,death_post,D1,DEAD,0.0392872866706513,3483
MHAS,wealth,high,64,64,FALSE,death_post,D1,DEAD,0.0417080121588547,3483
MHAS,wealth,high,65,65,FALSE,death_post,D1,DEAD,0.0441635175551526,3483
MHAS,wealth,high,66,66,FALSE,death_post,D1,DEAD,0.046612640967572,3483
MHAS,wealth,high,67,67,FALSE,death_post,D1,DEAD,0.0490070800827328,3483
MHAS,wealth,high,68,68,FALSE,death_post,D1,DEAD,0.0512918291685454,3483
MHAS,wealth,high,69,69,FALSE,death_post,D1,DEAD,0.0534061125451599,3483
MHAS,wealth,high,70,70,FALSE,death_post,D1,DEAD,0.0552848764358154,3483
MHAS,wealth,high,71,71,FALSE,death_post,D1,DEAD,0.0568934789654042,3483
MHAS,wealth,high,72,72,FALSE,death_post,D1,DEAD,0.0583342436091284,3483
MHAS,wealth,high,73,73,FALSE,death_post,D1,DEAD,0.0597589199978816,3483
MHAS,wealth,high,74,74,FALSE,death_post,D1,DEAD,0.0613356759331691,3483
MHAS,wealth,high,75,75,FALSE,death_post,D1,DEAD,0.0632510843374178,3483
MHAS,wealth,high,76,76,FALSE,death_post,D1,DEAD,0.0657173974220863,3483
MHAS,wealth,high,77,77,FALSE,death_post,D1,DEAD,0.0689863957059283,3483
MHAS,wealth,high,78,78,FALSE,death_post,D1,DEAD,0.0733720123210714,3483
MHAS,wealth,high,79,79,FALSE,death_post,D1,DEAD,0.0792856221842853,3483
MHAS,wealth,high,80,80,FALSE,death_post,D1,DEAD,0.087290832899666,3483
MHAS,wealth,high,81,81,FALSE,death_post,D1,DEAD,0.0980283957107222,3483
MHAS,wealth,high,82,82,FALSE,death_post,D1,DEAD,0.111682705332543,3483
MHAS,wealth,high,83,83,FALSE,death_post,D1,DEAD,0.128173473193746,3483
MHAS,wealth,high,84,84,FALSE,death_post,D1,DEAD,0.147135002793396,3483
MHAS,wealth,high,85,85,FALSE,death_post,D1,DEAD,0.167751687314978,3483
MHAS,wealth,high,86,86,FALSE,death_post,D1,DEAD,0.188615884029354,3483
MHAS,wealth,high,87,87,FALSE,death_post,D1,DEAD,0.207671799109799,3483
MHAS,wealth,high,88,88,FALSE,death_post,D1,DEAD,0.222326948579021,3483
MHAS,wealth,high,89,89,FALSE,death_post,D1,DEAD,0.229799687754069,3483
MHAS,wealth,high,90,90,FALSE,death_post,D1,DEAD,0.227707287844478,3483
MHAS,wealth,high,91,91,FALSE,death_post,D1,DEAD,0.215390989002959,3483
MHAS,wealth,high,92,92,FALSE,death_post,D1,DEAD,0.19586471524233,3483
MHAS,wealth,high,93,93,FALSE,death_post,D1,DEAD,0.172919287355267,3483
MHAS,wealth,high,94,94,FALSE,death_post,D1,DEAD,0.149682044380136,3483
MHAS,wealth,high,95,95,FALSE,death_post,D1,DEAD,0.128296702486367,3483
MHAS,wealth,high,96,95,TRUE,death_post,D1,DEAD,0.128296702486367,3483
MHAS,wealth,high,97,95,TRUE,death_post,D1,DEAD,0.128296702486367,3483
MHAS,wealth,high,98,95,TRUE,death_post,D1,DEAD,0.128296702486367,3483
MHAS,wealth,high,99,95,TRUE,death_post,D1,DEAD,0.128296702486367,3483
MHAS,wealth,middle,60,60,FALSE,death_post,D1,DEAD,0.0322696167450096,3483
MHAS,wealth,middle,61,61,FALSE,death_post,D1,DEAD,0.0343911104052979,3483
MHAS,wealth,middle,62,62,FALSE,death_post,D1,DEAD,0.0366283846892432,3483
MHAS,wealth,middle,63,63,FALSE,death_post,D1,DEAD,0.0389607842216355,3483
MHAS,wealth,middle,64,64,FALSE,death_post,D1,DEAD,0.0413613919346685,3483
MHAS,wealth,middle,65,65,FALSE,death_post,D1,DEAD,0.0437964905125423,3483
MHAS,wealth,middle,66,66,FALSE,death_post,D1,DEAD,0.0462252601449005,3483
MHAS,wealth,middle,67,67,FALSE,death_post,D1,DEAD,0.0485997999414428,3483
MHAS,wealth,middle,68,68,FALSE,death_post,D1,DEAD,0.0508655613028508,3483
MHAS,wealth,middle,69,69,FALSE,death_post,D1,DEAD,0.0529622736339979,3483
MHAS,wealth,middle,70,70,FALSE,death_post,D1,DEAD,0.0548254237965647,3483
MHAS,wealth,middle,71,71,FALSE,death_post,D1,DEAD,0.0564206578115547,3483
MHAS,wealth,middle,72,72,FALSE,death_post,D1,DEAD,0.0578494487807267,3483
MHAS,wealth,middle,73,73,FALSE,death_post,D1,DEAD,0.0592622851986038,3483
MHAS,wealth,middle,74,74,FALSE,death_post,D1,DEAD,0.0608259372848348,3483
MHAS,wealth,middle,75,75,FALSE,death_post,D1,DEAD,0.0627254274216782,3483
MHAS,wealth,middle,76,76,FALSE,death_post,D1,DEAD,0.0651712438691283,3483
MHAS,wealth,middle,77,77,FALSE,death_post,D1,DEAD,0.0684130746889901,3483
MHAS,wealth,middle,78,78,FALSE,death_post,D1,DEAD,0.0727622440285223,3483
MHAS,wealth,middle,79,79,FALSE,death_post,D1,DEAD,0.0786267080161493,3483
MHAS,wealth,middle,80,80,FALSE,death_post,D1,DEAD,0.0865653903167435,3483
MHAS,wealth,middle,81,81,FALSE,death_post,D1,DEAD,0.0972137171216673,3483
MHAS,wealth,middle,82,82,FALSE,death_post,D1,DEAD,0.110754550708135,3483
MHAS,wealth,middle,83,83,FALSE,death_post,D1,DEAD,0.127108269754083,3483
MHAS,wealth,middle,84,84,FALSE,death_post,D1,DEAD,0.145912216930104,3483
MHAS,wealth,middle,85,85,FALSE,death_post,D1,DEAD,0.166357563633339,3483
MHAS,wealth,middle,86,86,FALSE,death_post,D1,DEAD,0.187048365544936,3483
MHAS,wealth,middle,87,87,FALSE,death_post,D1,DEAD,0.205945913798113,3483
MHAS,wealth,middle,88,88,FALSE,death_post,D1,DEAD,0.220479269613513,3483
MHAS,wealth,middle,89,89,FALSE,death_post,D1,DEAD,0.227889905552418,3483
MHAS,wealth,middle,90,90,FALSE,death_post,D1,DEAD,0.225814894822704,3483
MHAS,wealth,middle,91,91,FALSE,death_post,D1,DEAD,0.21360095229223,3483
MHAS,wealth,middle,92,92,FALSE,death_post,D1,DEAD,0.194236954339967,3483
MHAS,wealth,middle,93,93,FALSE,death_post,D1,DEAD,0.171482217616223,3483
MHAS,wealth,middle,94,94,FALSE,death_post,D1,DEAD,0.148438090974203,3483
MHAS,wealth,middle,95,95,FALSE,death_post,D1,DEAD,0.127230474932563,3483
MHAS,wealth,middle,96,95,TRUE,death_post,D1,DEAD,0.127230474932563,3483
MHAS,wealth,middle,97,95,TRUE,death_post,D1,DEAD,0.127230474932563,3483
MHAS,wealth,middle,98,95,TRUE,death_post,D1,DEAD,0.127230474932563,3483
MHAS,wealth,middle,99,95,TRUE,death_post,D1,DEAD,0.127230474932563,3483
MHAS,wealth,low,60,60,FALSE,death_post,D1,DEAD,0.0332116706396163,3483
MHAS,wealth,low,61,61,FALSE,death_post,D1,DEAD,0.0353950975227516,3483
MHAS,wealth,low,62,62,FALSE,death_post,D1,DEAD,0.0376976850383088,3483
MHAS,wealth,low,63,63,FALSE,death_post,D1,DEAD,0.040098174814246,3483
MHAS,wealth,low,64,64,FALSE,death_post,D1,DEAD,0.0425688639869801,3483
MHAS,wealth,low,65,65,FALSE,death_post,D1,DEAD,0.0450750509238253,3483
MHAS,wealth,low,66,66,FALSE,death_post,D1,DEAD,0.0475747241528808,3483
MHAS,wealth,low,67,67,FALSE,death_post,D1,DEAD,0.0500185844028052,3483
MHAS,wealth,low,68,68,FALSE,death_post,D1,DEAD,0.0523504906252331,3483
MHAS,wealth,low,69,69,FALSE,death_post,D1,DEAD,0.0545084127325308,3483
MHAS,wealth,low,70,70,FALSE,death_post,D1,DEAD,0.0564259542403916,3483
MHAS,wealth,low,71,71,FALSE,death_post,D1,DEAD,0.0580677582666868,3483
MHAS,wealth,low,72,72,FALSE,death_post,D1,DEAD,0.0595382602393617,3483
MHAS,wealth,low,73,73,FALSE,death_post,D1,DEAD,0.0609923418960782,3483
MHAS,wealth,low,74,74,FALSE,death_post,D1,DEAD,0.0626016420155438,3483
MHAS,wealth,low,75,75,FALSE,death_post,D1,DEAD,0.0645565843784027,3483
MHAS,wealth,low,76,76,FALSE,death_post,D1,DEAD,0.0670738020739067,3483
MHAS,wealth,low,77,77,FALSE,death_post,D1,DEAD,0.0704102723614026,3483
MHAS,wealth,low,78,78,FALSE,death_post,D1,DEAD,0.0748864079412527,3483
MHAS,wealth,low,79,79,FALSE,death_post,D1,DEAD,0.0809220744932913,3483
MHAS,wealth,low,80,80,FALSE,death_post,D1,DEAD,0.0890925124617143,3483
MHAS,wealth,low,81,81,FALSE,death_post,D1,DEAD,0.100051698171994,3483
MHAS,wealth,low,82,82,FALSE,death_post,D1,DEAD,0.113987832239319,3483
MHAS,wealth,low,83,83,FALSE,death_post,D1,DEAD,0.130818968939163,3483
MHAS,wealth,low,84,84,FALSE,death_post,D1,DEAD,0.150171863808338,3483
MHAS,wealth,low,85,85,FALSE,death_post,D1,DEAD,0.171214075935807,3483
MHAS,wealth,low,86,86,FALSE,death_post,D1,DEAD,0.192508908898574,3483
MHAS,wealth,low,87,87,FALSE,death_post,D1,DEAD,0.211958137361377,3483
MHAS,wealth,low,88,88,FALSE,death_post,D1,DEAD,0.226915768573531,3483
MHAS,wealth,low,89,89,FALSE,death_post,D1,DEAD,0.234542744808726,3483
MHAS,wealth,low,90,90,FALSE,death_post,D1,DEAD,0.232407157842401,3483
MHAS,wealth,low,91,91,FALSE,death_post,D1,DEAD,0.219836651048389,3483
MHAS,wealth,low,92,92,FALSE,death_post,D1,DEAD,0.199907355719643,3483
MHAS,wealth,low,93,93,FALSE,death_post,D1,DEAD,0.176488335049772,3483
MHAS,wealth,low,94,94,FALSE,death_post,D1,DEAD,0.152771476239209,3483
MHAS,wealth,low,95,95,FALSE,death_post,D1,DEAD,0.130944741679825,3483
MHAS,wealth,low,96,95,TRUE,death_post,D1,DEAD,0.130944741679825,3483
MHAS,wealth,low,97,95,TRUE,death_post,D1,DEAD,0.130944741679825,3483
MHAS,wealth,low,98,95,TRUE,death_post,D1,DEAD,0.130944741679825,3483
MHAS,wealth,low,99,95,TRUE,death_post,D1,DEAD,0.130944741679825,3483
MHAS,wealth,high,60,60,FALSE,death_post,R1,DEAD,0.0133901624693264,1327
MHAS,wealth,high,61,61,FALSE,death_post,R1,DEAD,0.0142704687033104,1327
MHAS,wealth,high,62,62,FALSE,death_post,R1,DEAD,0.0151988176944743,1327
MHAS,wealth,high,63,63,FALSE,death_post,R1,DEAD,0.016166638568484,1327
MHAS,wealth,high,64,64,FALSE,death_post,R1,DEAD,0.0171627621839775,1327
MHAS,wealth,high,65,65,FALSE,death_post,R1,DEAD,0.0181731976609219,1327
MHAS,wealth,high,66,66,FALSE,death_post,R1,DEAD,0.019181006964479,1327
MHAS,wealth,high,67,67,FALSE,death_post,R1,DEAD,0.0201663137909228,1327
MHAS,wealth,high,68,68,FALSE,death_post,R1,DEAD,0.0211064833933606,1327
MHAS,wealth,high,69,69,FALSE,death_post,R1,DEAD,0.0219765067031305,1327
MHAS,wealth,high,70,70,FALSE,death_post,R1,DEAD,0.0227496142233919,1327
MHAS,wealth,high,71,71,FALSE,death_post,R1,DEAD,0.0234115508929874,1327
MHAS,wealth,high,72,72,FALSE,death_post,R1,DEAD,0.0240044226138726,1327
MHAS,wealth,high,73,73,FALSE,death_post,R1,DEAD,0.0245906740505551,1327
MHAS,wealth,high,74,74,FALSE,death_post,R1,DEAD,0.0252395059113602,1327
MHAS,wealth,high,75,75,FALSE,death_post,R1,DEAD,0.0260276925744432,1327
MHAS,wealth,high,76,76,FALSE,death_post,R1,DEAD,0.0270425753931731,1327
MHAS,wealth,high,77,77,FALSE,death_post,R1,DEAD,0.0283877615389841,1327
MHAS,wealth,high,78,78,FALSE,death_post,R1,DEAD,0.0301924338573176,1327
MHAS,wealth,high,79,79,FALSE,death_post,R1,DEAD,0.0326258722898327,1327
MHAS,wealth,high,80,80,FALSE,death_post,R1,DEAD,0.0359200002194358,1327
MHAS,wealth,high,81,81,FALSE,death_post,R1,DEAD,0.0403384854797686,1327
MHAS,wealth,high,82,82,FALSE,death_post,R1,DEAD,0.0459572061210962,1327
MHAS,wealth,high,83,83,FALSE,death_post,R1,DEAD,0.052743123559574,1327
MHAS,wealth,high,84,84,FALSE,death_post,R1,DEAD,0.0605457544287644,1327
MHAS,wealth,high,85,85,FALSE,death_post,R1,DEAD,0.0690294781823279,1327
MHAS,wealth,high,86,86,FALSE,death_post,R1,DEAD,0.0776150526998738,1327
MHAS,wealth,high,87,87,FALSE,death_post,R1,DEAD,0.0854565230024647,1327
MHAS,wealth,high,88,88,FALSE,death_post,R1,DEAD,0.0914870872056428,1327
MHAS,wealth,high,89,89,FALSE,death_post,R1,DEAD,0.0945621041792583,1327
MHAS,wealth,high,90,90,FALSE,death_post,R1,DEAD,0.0937010858716653,1327
MHAS,wealth,high,91,91,FALSE,death_post,R1,DEAD,0.0886329539453896,1327
MHAS,wealth,high,92,92,FALSE,death_post,R1,DEAD,0.0805979320024468,1327
MHAS,wealth,high,93,93,FALSE,death_post,R1,DEAD,0.0711559350898306,1327
MHAS,wealth,high,94,94,FALSE,death_post,R1,DEAD,0.0615938568619231,1327
MHAS,wealth,high,95,95,FALSE,death_post,R1,DEAD,0.0527938321628826,1327
MHAS,wealth,high,96,95,TRUE,death_post,R1,DEAD,0.0527938321628826,1327
MHAS,wealth,high,97,95,TRUE,death_post,R1,DEAD,0.0527938321628826,1327
MHAS,wealth,high,98,95,TRUE,death_post,R1,DEAD,0.0527938321628826,1327
MHAS,wealth,high,99,95,TRUE,death_post,R1,DEAD,0.0527938321628826,1327
MHAS,wealth,middle,60,60,FALSE,death_post,R1,DEAD,0.0132788816655487,1327
MHAS,wealth,middle,61,61,FALSE,death_post,R1,DEAD,0.0141518719923873,1327
MHAS,wealth,middle,62,62,FALSE,death_post,R1,DEAD,0.0150725058104037,1327
MHAS,wealth,middle,63,63,FALSE,death_post,R1,DEAD,0.0160322834747048,1327
MHAS,wealth,middle,64,64,FALSE,death_post,R1,DEAD,0.0170201286666283,1327
MHAS,wealth,middle,65,65,FALSE,death_post,R1,DEAD,0.0180221667792914,1327
MHAS,wealth,middle,66,66,FALSE,death_post,R1,DEAD,0.0190216005437457,1327
MHAS,wealth,middle,67,67,FALSE,death_post,R1,DEAD,0.0199987188410461,1327
MHAS,wealth,middle,68,68,FALSE,death_post,R1,DEAD,0.0209310750335058,1327
MHAS,wealth,middle,69,69,FALSE,death_post,R1,DEAD,0.0217938678937992,1327
MHAS,wealth,middle,70,70,FALSE,death_post,R1,DEAD,0.0225605503967049,1327
MHAS,wealth,middle,71,71,FALSE,death_post,R1,DEAD,0.0232169859497298,1327
MHAS,wealth,middle,72,72,FALSE,death_post,R1,DEAD,0.023804930527887,1327
MHAS,wealth,middle,73,73,FALSE,death_post,R1,DEAD,0.0243863098406323,1327
MHAS,wealth,middle,74,74,FALSE,death_post,R1,DEAD,0.0250297494941993,1327
MHAS,wealth,middle,75,75,FALSE,death_post,R1,DEAD,0.0258113858226172,1327
MHAS,wealth,middle,76,76,FALSE,death_post,R1,DEAD,0.0268178343168146,1327
MHAS,wealth,middle,77,77,FALSE,death_post,R1,DEAD,0.0281518411064469,1327
MHAS,wealth,middle,78,78,FALSE,death_post,R1,DEAD,0.0299415154449874,1327
MHAS,wealth,middle,79,79,FALSE,death_post,R1,DEAD,0.0323547304496439,1327
MHAS,wealth,middle,80,80,FALSE,death_post,R1,DEAD,0.0356214820718576,1327
MHAS,wealth,middle,81,81,FALSE,death_post,R1,DEAD,0.0400032468971415,1327
MHAS,wealth,middle,82,82,FALSE,death_post,R1,DEAD,0.0455752723806918,1327
MHAS,wealth,middle,83,83,FALSE,death_post,R1,DEAD,0.0523047945104007,1327
MHAS,wealth,middle,84,84,FALSE,death_post,R1,DEAD,0.0600425805327348,1327
MHAS,wealth,middle,85,85,FALSE,death_post,R1,DEAD,0.0684557991224897,1327
MHAS,wealth,middle,86,86,FALSE,death_post,R1,DEAD,0.0769700220313158,1327
MHAS,wealth,middle,87,87,FALSE,death_post,R1,DEAD,0.0847463247065481,1327
MHAS,wealth,middle,88,88,FALSE,death_post,R1,DEAD,0.0907267710688636,1327
MHAS,wealth,middle,89,89,FALSE,death_post,R1,DEAD,0.0937762326871024,1327
MHAS,wealth,middle,90,90,FALSE,death_post,R1,DEAD,0.0929223699916654,1327
MHAS,wealth,middle,91,91,FALSE,death_post,R1,DEAD,0.0878963574792281,1327
MHAS,wealth,middle,92,92,FALSE,death_post,R1,DEAD,0.0799281117014163,1327
MHAS,wealth,middle,93,93,FALSE,death_post,R1,DEAD,0.0705645838147069,1327
MHAS,wealth,middle,94,94,FALSE,death_post,R1,DEAD,0.0610819725651444,1327
MHAS,wealth,middle,95,95,FALSE,death_post,R1,DEAD,0.0523550816928231,1327
MHAS,wealth,middle,96,95,TRUE,death_post,R1,DEAD,0.0523550816928231,1327
MHAS,wealth,middle,97,95,TRUE,death_post,R1,DEAD,0.0523550816928231,1327
MHAS,wealth,middle,98,95,TRUE,death_post,R1,DEAD,0.0523550816928231,1327
MHAS,wealth,middle,99,95,TRUE,death_post,R1,DEAD,0.0523550816928231,1327
MHAS,wealth,low,60,60,FALSE,death_post,R1,DEAD,0.0136665349273739,1327
MHAS,wealth,low,61,61,FALSE,death_post,R1,DEAD,0.0145650106494637,1327
MHAS,wealth,low,62,62,FALSE,death_post,R1,DEAD,0.0155125207294643,1327
MHAS,wealth,low,63,63,FALSE,death_post,R1,DEAD,0.0165003173905126,1327
MHAS,wealth,low,64,64,FALSE,death_post,R1,DEAD,0.0175170009605821,1327
MHAS,wealth,low,65,65,FALSE,death_post,R1,DEAD,0.0185482917883933,1327
MHAS,wealth,low,66,66,FALSE,death_post,R1,DEAD,0.0195769022386956,1327
MHAS,wealth,low,67,67,FALSE,death_post,R1,DEAD,0.0205825457615894,1327
MHAS,wealth,low,68,68,FALSE,death_post,R1,DEAD,0.0215421204298435,1327
MHAS,wealth,low,69,69,FALSE,death_post,R1,DEAD,0.0224301009885437,1327
MHAS,wealth,low,70,70,FALSE,death_post,R1,DEAD,0.0232191654194251,1327
MHAS,wealth,low,71,71,FALSE,death_post,R1,DEAD,0.0238947644373951,1327
MHAS,wealth,low,72,72,FALSE,death_post,R1,DEAD,0.0244998730086682,1327
MHAS,wealth,low,73,73,FALSE,death_post,R1,DEAD,0.0250982246533177,1327
MHAS,wealth,low,74,74,FALSE,death_post,R1,DEAD,0.0257604483797287,1327
MHAS,wealth,low,75,75,FALSE,death_post,R1,DEAD,0.0265649031863817,1327
MHAS,wealth,low,76,76,FALSE,death_post,R1,DEAD,0.0276007331489483,1327
MHAS,wealth,low,77,77,FALSE,death_post,R1,DEAD,0.0289736838870487,1327
MHAS,wealth,low,78,78,FALSE,death_post,R1,DEAD,0.0308156045752755,1327
MHAS,wealth,low,79,79,FALSE,death_post,R1,DEAD,0.0332992690870217,1327
MHAS,wealth,low,80,80,FALSE,death_post,R1,DEAD,0.0366613876952377,1327
MHAS,wealth,low,81,81,FALSE,death_post,R1,DEAD,0.0411710703278982,1327
MHAS,wealth,low,82,82,FALSE,death_post,R1,DEAD,0.0469057611554191,1327
MHAS,wealth,low,83,83,FALSE,death_post,R1,DEAD,0.0538317396788072,1327
MHAS,wealth,low,84,84,FALSE,death_post,R1,DEAD,0.0617954165605084,1327
MHAS,wealth,low,85,85,FALSE,death_post,R1,DEAD,0.0704542440585215,1327
MHAS,wealth,low,86,86,FALSE,death_post,R1,DEAD,0.0792170245165181,1327
MHAS,wealth,low,87,87,FALSE,death_post,R1,DEAD,0.0872203424760883,1327
MHAS,wealth,low,88,88,FALSE,death_post,R1,DEAD,0.0933753773013416,1327
MHAS,wealth,low,89,89,FALSE,death_post,R1,DEAD,0.0965138625115436,1327
MHAS,wealth,low,90,90,FALSE,death_post,R1,DEAD,0.0956350728179321,1327
MHAS,wealth,low,91,91,FALSE,death_post,R1,DEAD,0.0904623348361748,1327
MHAS,wealth,low,92,92,FALSE,death_post,R1,DEAD,0.0822614703375556,1327
MHAS,wealth,low,93,93,FALSE,death_post,R1,DEAD,0.0726245909579347,1327
MHAS,wealth,low,94,94,FALSE,death_post,R1,DEAD,0.0628651517891168,1327
MHAS,wealth,low,95,95,FALSE,death_post,R1,DEAD,0.0538834949058124,1327
MHAS,wealth,low,96,95,TRUE,death_post,R1,DEAD,0.0538834949058124,1327
MHAS,wealth,low,97,95,TRUE,death_post,R1,DEAD,0.0538834949058124,1327
MHAS,wealth,low,98,95,TRUE,death_post,R1,DEAD,0.0538834949058124,1327
MHAS,wealth,low,99,95,TRUE,death_post,R1,DEAD,0.0538834949058124,1327
MHAS,wealth,high,60,60,FALSE,death_post,D2,DEAD,0.0348258480325842,276
MHAS,wealth,high,61,61,FALSE,death_post,D2,DEAD,0.0371153953922291,276
MHAS,wealth,high,62,62,FALSE,death_post,D2,DEAD,0.0395298949146611,276
MHAS,wealth,high,63,63,FALSE,death_post,D2,DEAD,0.0420470550132212,276
MHAS,wealth,high,64,64,FALSE,death_post,D2,DEAD,0.0446378263899177,276
MHAS,wealth,high,65,65,FALSE,death_post,D2,DEAD,0.0472658208184697,276
MHAS,wealth,high,66,66,FALSE,death_post,D2,DEAD,0.049886984955343,276
MHAS,wealth,high,67,67,FALSE,death_post,D2,DEAD,0.0524496234507162,276
MHAS,wealth,high,68,68,FALSE,death_post,D2,DEAD,0.0548948666487998,276
MHAS,wealth,high,69,69,FALSE,death_post,D2,DEAD,0.0571576696312327,276
MHAS,wealth,high,70,70,FALSE,death_post,D2,DEAD,0.0591684088642441,276
MHAS,wealth,high,71,71,FALSE,death_post,D2,DEAD,0.060890009025208,276
MHAS,wealth,high,72,72,FALSE,death_post,D2,DEAD,0.0624319813875048,276
MHAS,wealth,high,73,73,FALSE,death_post,D2,DEAD,0.0639567353618915,276
MHAS,wealth,high,74,74,FALSE,death_post,D2,DEAD,0.0656442518378761,276
MHAS,wealth,high,75,75,FALSE,death_post,D2,DEAD,0.067694209709016,276
MHAS,wealth,high,76,76,FALSE,death_post,D2,DEAD,0.0703337710210562,276
MHAS,wealth,high,77,77,FALSE,death_post,D2,DEAD,0.0738324028260749,276
MHAS,wealth,high,78,78,FALSE,death_post,D2,DEAD,0.0785260907518836,276
MHAS,wealth,high,79,79,FALSE,death_post,D2,DEAD,0.0848551070906737,276
MHAS,wealth,high,80,80,FALSE,death_post,D2,DEAD,0.0934226505345299,276
MHAS,wealth,high,81,81,FALSE,death_post,D2,DEAD,0.104914482434483,276
MHAS,wealth,high,82,82,FALSE,death_post,D2,DEAD,0.119527950466754,276
MHAS,wealth,high,83,83,FALSE,death_post,D2,DEAD,0.13717712612205,276
MHAS,wealth,high,84,84,FALSE,death_post,D2,DEAD,0.157470624242573,276
MHAS,wealth,high,85,85,FALSE,death_post,D2,DEAD,0.179535545028175,276
MHAS,wealth,high,86,86,FALSE,death_post,D2,DEAD,0.201865364707766,276
MHAS,wealth,high,87,87,FALSE,death_post,D2,DEAD,0.2222598784962,276
MHAS,wealth,high,88,88,FALSE,death_post,D2,DEAD,0.237944491208833,276
MHAS,wealth,high,89,89,FALSE,death_post,D2,DEAD,0.245942159203233,276
MHAS,wealth,high,90,90,FALSE,death_post,D2,DEAD,0.243702776910285,276
MHAS,wealth,high,91,91,FALSE,death_post,D2,DEAD,0.230521309345729,276
MHAS,wealth,high,92,92,FALSE,death_post,D2,DEAD,0.209623396137849,276
MHAS,wealth,high,93,93,FALSE,death_post,D2,DEAD,0.185066147459488,276
MHAS,wealth,high,94,94,FALSE,death_post,D2,DEAD,0.160196584897896,276
MHAS,wealth,high,95,95,FALSE,death_post,D2,DEAD,0.137309011759496,276
MHAS,wealth,high,96,95,TRUE,death_post,D2,DEAD,0.137309011759496,276
MHAS,wealth,high,97,95,TRUE,death_post,D2,DEAD,0.137309011759496,276
MHAS,wealth,high,98,95,TRUE,death_post,D2,DEAD,0.137309011759496,276
MHAS,wealth,high,99,95,TRUE,death_post,D2,DEAD,0.137309011759496,276
MHAS,wealth,middle,60,60,FALSE,death_post,D2,DEAD,0.034536422988625,276
MHAS,wealth,middle,61,61,FALSE,death_post,D2,DEAD,0.0368069427471447,276
MHAS,wealth,middle,62,62,FALSE,death_post,D2,DEAD,0.039201376236159,276
MHAS,wealth,middle,63,63,FALSE,death_post,D2,DEAD,0.0416976171263341,276
MHAS,wealth,middle,64,64,FALSE,death_post,D2,DEAD,0.0442668575379012,276
MHAS,wealth,middle,65,65,FALSE,death_post,D2,DEAD,0.0468730116539849,276
MHAS,wealth,middle,66,66,FALSE,death_post,D2,DEAD,0.0494723922424768,276
MHAS,wealth,middle,67,67,FALSE,death_post,D2,DEAD,0.0520137335749359,276
MHAS,wealth,middle,68,68,FALSE,death_post,D2,DEAD,0.054438655240018,276
MHAS,wealth,middle,69,69,FALSE,death_post,D2,DEAD,0.0566826528841847,276
MHAS,wealth,middle,70,70,FALSE,death_post,D2,DEAD,0.0586766815897063,276
MHAS,wealth,middle,71,71,FALSE,death_post,D2,DEAD,0.0603839741535716,276
MHAS,wealth,middle,72,72,FALSE,death_post,D2,DEAD,0.0619131317405232,276
MHAS,wealth,middle,73,73,FALSE,death_post,D2,DEAD,0.0634252140353675,276
MHAS,wealth,middle,74,74,FALSE,death_post,D2,DEAD,0.0650987061714484,276
MHAS,wealth,middle,75,75,FALSE,death_post,D2,DEAD,0.0671316275831627,276
MHAS,wealth,middle,76,76,FALSE,death_post,D2,DEAD,0.0697492524545438,276
MHAS,wealth,middle,77,77,FALSE,death_post,D2,DEAD,0.0732188083943311,276
MHAS,wealth,middle,78,78,FALSE,death_post,D2,DEAD,0.0778734887751408,276
MHAS,wealth,middle,79,79,FALSE,death_post,D2,DEAD,0.0841499069451696,276
MHAS,wealth,middle,80,80,FALSE,death_post,D2,DEAD,0.0926462486300466,276
MHAS,wealth,middle,81,81,FALSE,death_post,D2,DEAD,0.10404257606591,276
MHAS,wealth,middle,82,82,FALSE,death_post,D2,DEAD,0.118534596843726,276
MHAS,wealth,middle,83,83,FALSE,death_post,D2,DEAD,0.136037096575004,276
MHAS,wealth,middle,84,84,FALSE,death_post,D2,DEAD,0.156161942762626,276
MHAS,wealth,middle,85,85,FALSE,death_post,D2,DEAD,0.178043489961392,276
MHAS,wealth,middle,86,86,FALSE,death_post,D2,DEAD,0.20018773457512,276
MHAS,wealth,middle,87,87,FALSE,death_post,D2,DEAD,0.220412756925924,276
MHAS,wealth,middle,88,88,FALSE,death_post,D2,DEAD,0.235967020487559,276
MHAS,wealth,middle,89,89,FALSE,death_post,D2,DEAD,0.243898222752003,276
MHAS,wealth,middle,90,90,FALSE,death_post,D2,DEAD,0.24167745115643,276
MHAS,wealth,middle,91,91,FALSE,death_post,D2,DEAD,0.228605530007678,276
MHAS,wealth,middle,92,92,FALSE,death_post,D2,DEAD,0.207881291808176,276
MHAS,wealth,middle,93,93,FALSE,death_post,D2,DEAD,0.183528129553543,276
MHAS,wealth,middle,94,94,FALSE,death_post,D2,DEAD,0.158865248943555,276
MHAS,wealth,middle,95,95,FALSE,death_post,D2,DEAD,0.136167886158554,276
MHAS,wealth,middle,96,95,TRUE,death_post,D2,DEAD,0.136167886158554,276
MHAS,wealth,middle,97,95,TRUE,death_post,D2,DEAD,0.136167886158554,276
MHAS,wealth,middle,98,95,TRUE,death_post,D2,DEAD,0.136167886158554,276
MHAS,wealth,middle,99,95,TRUE,death_post,D2,DEAD,0.136167886158554,276
MHAS,wealth,low,60,60,FALSE,death_post,D2,DEAD,0.0355446522477236,276
MHAS,wealth,low,61,61,FALSE,death_post,D2,DEAD,0.0378814557801783,276
MHAS,wealth,low,62,62,FALSE,death_post,D2,DEAD,0.0403457904834378,276
MHAS,wealth,low,63,63,FALSE,death_post,D2,DEAD,0.0429149046733191,276
MHAS,wealth,low,64,64,FALSE,death_post,D2,DEAD,0.0455591494753946,276
MHAS,wealth,low,65,65,FALSE,death_post,D2,DEAD,0.0482413856117391,276
MHAS,wealth,low,66,66,FALSE,death_post,D2,DEAD,0.0509166504794371,276
MHAS,wealth,low,67,67,FALSE,death_post,D2,DEAD,0.0535321817385596,276
MHAS,wealth,low,68,68,FALSE,death_post,D2,DEAD,0.0560278946657989,276
MHAS,wealth,low,69,69,FALSE,death_post,D2,DEAD,0.0583374018180852,276
MHAS,wealth,low,70,70,FALSE,death_post,D2,DEAD,0.0603896426344862,276
MHAS,wealth,low,71,71,FALSE,death_post,D2,DEAD,0.0621467765590881,276
MHAS,wealth,low,72,72,FALSE,death_post,D2,DEAD,0.0637205751739031,276
MHAS,wealth,low,73,73,FALSE,death_post,D2,DEAD,0.0652768000139186,276
MHAS,wealth,low,74,74,FALSE,death_post,D2,DEAD,0.0669991467675441,276
MHAS,wealth,low,75,75,FALSE,death_post,D2,DEAD,0.0690914156933137,276
MHAS,wealth,low,76,76,FALSE,death_post,D2,DEAD,0.0717854574531937,276
MHAS,wealth,low,77,77,FALSE,death_post,D2,DEAD,0.0753563008892491,276
MHAS,wealth,low,78,78,FALSE,death_post,D2,DEAD,0.0801468663602208,276
MHAS,wealth,low,79,79,FALSE,death_post,D2,DEAD,0.0866065133621251,276
MHAS,wealth,low,80,80,FALSE,death_post,D2,DEAD,0.0953508905857379,276
MHAS,wealth,low,81,81,FALSE,death_post,D2,DEAD,0.107079913471009,276
MHAS,wealth,low,82,82,FALSE,death_post,D2,DEAD,0.121995002942895,276
MHAS,wealth,low,83,83,FALSE,death_post,D2,DEAD,0.14000845693085,276
MHAS,wealth,low,84,84,FALSE,death_post,D2,DEAD,0.160720812101898,276
MHAS,wealth,low,85,85,FALSE,death_post,D2,DEAD,0.183241152036305,276
MHAS,wealth,low,86,86,FALSE,death_post,D2,DEAD,0.206031858368073,276
MHAS,wealth,low,87,87,FALSE,death_post,D2,DEAD,0.226847314166681,276
MHAS,wealth,low,88,88,FALSE,death_post,D2,DEAD,0.242855656705509,276
MHAS,wealth,low,89,89,FALSE,death_post,D2,DEAD,0.25101839627147,276
MHAS,wealth,low,90,90,FALSE,death_post,D2,DEAD,0.248732793210833,276
MHAS,wealth,low,91,91,FALSE,death_post,D2,DEAD,0.235279260643344,276
MHAS,wealth,low,92,92,FALSE,death_post,D2,DEAD,0.213950015279893,276
MHAS,wealth,low,93,93,FALSE,death_post,D2,DEAD,0.188885905897216,276
MHAS,wealth,low,94,94,FALSE,death_post,D2,DEAD,0.16350303648431,276
MHAS,wealth,low,95,95,FALSE,death_post,D2,DEAD,0.140143064682974,276
MHAS,wealth,low,96,95,TRUE,death_post,D2,DEAD,0.140143064682974,276
MHAS,wealth,low,97,95,TRUE,death_post,D2,DEAD,0.140143064682974,276
MHAS,wealth,low,98,95,TRUE,death_post,D2,DEAD,0.140143064682974,276
MHAS,wealth,low,99,95,TRUE,death_post,D2,DEAD,0.140143064682974,276
