cohort,exposure,process,term,estimate,hazard_ratio,sensitivity
CHARLS,education,death_post,(Intercept),-4.82973585695788,0.00798863112861919,primary_reproduction
CHARLS,education,death_post,"ns(age_model, knots = c(70, 80, 90), Boundary.knots = c(60, 95))1",1.84973836523218,6.35815579035225,primary_reproduction
CHARLS,education,death_post,"ns(age_model, knots = c(70, 80, 90), Boundary.knots = c(60, 95))2",2.62003491207022,13.7362031359953,primary_reproduction
CHARLS,education,death_post,"ns(age_model, knots = c(70, 80, 90), Boundary.knots = c(60, 95))3",3.5884101131581,36.1765136168369,primary_reproduction
CHARLS,education,death_post,"ns(age_model, knots = c(70, 80, 90), Boundary.knots = c(60, 95))4",2.52816014768573,12.5304307734899,primary_reproduction
CHARLS,education,death_post,origin_factorD2,-0.593147366596783,0.552585356236582,primary_reproduction
CHARLS,education,death_post,origin_factorR1,-0.971264535046693,0.378603977274551,primary_reproduction
CHARLS,education,death_post,period_factor2,0.308161500893046,1.36092076110826,primary_reproduction
CHARLS,education,death_post,period_factor3,0.303027960398997,1.35395232096016,primary_reproduction
CHARLS,education,death_post,period_factor4,0.199370628007083,1.22063428332575,primary_reproduction
CHARLS,education,death_post,seslow,0.255471279022416,1.29106993169485,primary_reproduction
CHARLS,education,death_post,sesmiddle,-0.168931958758812,0.844566366774933,primary_reproduction
CHARLS,education,death_post,sex_factormale,0.550943747566177,1.73488954329656,primary_reproduction
CHARLS,education,death_pre,(Intercept),-5.97435332929354,0.00254314613323983,primary_reproduction
CHARLS,education,death_pre,"ns(age_model, knots = c(70, 80, 90), Boundary.knots = c(60, 95))1",1.89211790363643,6.63340272217107,primary_reproduction
CHARLS,education,death_pre,"ns(age_model, knots = c(70, 80, 90), Boundary.knots = c(60, 95))2",2.40437729681414,11.0715338557916,primary_reproduction
CHARLS,education,death_pre,"ns(age_model, knots = c(70, 80, 90), Boundary.knots = c(60, 95))3",3.7489738713841,42.4774722794611,primary_reproduction
CHARLS,education,death_pre,"ns(age_model, knots = c(70, 80, 90), Boundary.knots = c(60, 95))4",1.87278216941495,6.50637307360896,primary_reproduction
CHARLS,education,death_pre,period_factor2,0.195352366678413,1.21573929704203,primary_reproduction
CHARLS,education,death_pre,period_factor3,0.294956819850602,1.34306836354158,primary_reproduction
CHARLS,education,death_pre,period_factor4,-0.10203114022071,0.903001431567165,primary_reproduction
CHARLS,education,death_pre,seslow,0.288726462768995,1.33472658117692,primary_reproduction
CHARLS,education,death_pre,sesmiddle,-0.366982072163193,0.692822065733984,primary_reproduction
CHARLS,education,death_pre,sex_factormale,0.509591134979796,1.66461045480272,primary_reproduction
CHARLS,education,onset,(Intercept),-2.93721590824041,0.0530131168539118,primary_reproduction
CHARLS,education,onset,"ns(age_model, knots = c(70, 80, 90), Boundary.knots = c(60, 95))1",0.847321974212532,2.33338959960416,primary_reproduction
CHARLS,education,onset,"ns(age_model, knots = c(70, 80, 90), Boundary.knots = c(60, 95))2",1.08163774972471,2.94950615049175,primary_reproduction
CHARLS,education,onset,"ns(age_model, knots = c(70, 80, 90), Boundary.knots = c(60, 95))3",1.30265721367521,3.67905973844093,primary_reproduction
CHARLS,education,onset,"ns(age_model, knots = c(70, 80, 90), Boundary.knots = c(60, 95))4",0.842396423936256,2.32192463063704,primary_reproduction
CHARLS,education,onset,period_factor2,-0.1611447203337,0.851168880748834,primary_reproduction
CHARLS,education,onset,period_factor3,-0.645141427208305,0.524588345794773,primary_reproduction
CHARLS,education,onset,period_factor4,-0.45799536334105,0.63255040912108,primary_reproduction
CHARLS,education,onset,seslow,0.848697056700572,2.33660040983888,primary_reproduction
CHARLS,education,onset,sesmiddle,0.196574786922472,1.21722635008693,primary_reproduction
CHARLS,education,onset,sex_factormale,-0.415516267716449,0.659999456322067,primary_reproduction
CHARLS,education,recovery,(Intercept),-0.89691968003788,0.407823955203398,primary_reproduction
CHARLS,education,recovery,"ns(age_model, knots = c(70, 80, 90), Boundary.knots = c(60, 95))1",-0.92942400560166,0.39478103656164,primary_reproduction
CHARLS,education,recovery,"ns(age_model, knots = c(70, 80, 90), Boundary.knots = c(60, 95))2",-1.62038083499983,0.19782334668191,primary_reproduction
CHARLS,education,recovery,"ns(age_model, knots = c(70, 80, 90), Boundary.knots = c(60, 95))3",-3.09187989392635,0.0454164959085206,primary_reproduction
CHARLS,education,recovery,"ns(age_model, knots = c(70, 80, 90), Boundary.knots = c(60, 95))4",-3.13717080407486,0.0434054268062197,primary_reproduction
CHARLS,education,recovery,origin_factorD2,0.230245493841458,1.25890902641004,primary_reproduction
CHARLS,education,recovery,period_factor2,-0.14069138540056,0.868757381541722,primary_reproduction
CHARLS,education,recovery,period_factor3,-0.619397543125419,0.538268623563473,primary_reproduction
CHARLS,education,recovery,period_factor4,-0.205275331069855,0.814423049569464,primary_reproduction
CHARLS,education,recovery,seslow,-0.330454540282244,0.718597027891259,primary_reproduction
CHARLS,education,recovery,sesmiddle,-0.485350007777926,0.6154817356653,primary_reproduction
CHARLS,education,recovery,sex_factormale,0.126591235367525,1.13495299430616,primary_reproduction
CHARLS,education,relapse,(Intercept),-1.64655665460531,0.192712342629181,primary_reproduction
CHARLS,education,relapse,"ns(age_model, knots = c(70, 80, 90), Boundary.knots = c(60, 95))1",0.617184753920195,1.85370206162565,primary_reproduction
CHARLS,education,relapse,"ns(age_model, knots = c(70, 80, 90), Boundary.knots = c(60, 95))2",0.17537048395769,1.19168763598962,primary_reproduction
CHARLS,education,relapse,"ns(age_model, knots = c(70, 80, 90), Boundary.knots = c(60, 95))3",0.354484497947634,1.42544564469291,primary_reproduction
CHARLS,education,relapse,"ns(age_model, knots = c(70, 80, 90), Boundary.knots = c(60, 95))4",0.309660913728185,1.36296287376744,primary_reproduction
CHARLS,education,relapse,period_factor3,-0.618072964714483,0.538982074968381,primary_reproduction
CHARLS,education,relapse,period_factor4,-0.301783696124544,0.739498003875327,primary_reproduction
CHARLS,education,relapse,seslow,0.381511522806336,1.46449653722414,primary_reproduction
CHARLS,education,relapse,sesmiddle,0.261918216030556,1.29942026633624,primary_reproduction
CHARLS,education,relapse,sex_factormale,-0.393127370934755,0.67494277401895,primary_reproduction
CHARLS,wealth,death_post,(Intercept),-24.4356272633216,2.44197895963402e-11,primary_reproduction
CHARLS,wealth,death_post,"ns(age_model, knots = c(70, 80, 90), Boundary.knots = c(60, 95))1",1.82909205346114,6.22822919143695,primary_reproduction
CHARLS,wealth,death_post,"ns(age_model, knots = c(70, 80, 90), Boundary.knots = c(60, 95))2",2.01324946670259,7.48760859395438,primary_reproduction
CHARLS,wealth,death_post,"ns(age_model, knots = c(70, 80, 90), Boundary.knots = c(60, 95))3",2.91042498301939,18.36460155265,primary_reproduction
CHARLS,wealth,death_post,"ns(age_model, knots = c(70, 80, 90), Boundary.knots = c(60, 95))4",2.16749665582729,8.73638646144882,primary_reproduction
CHARLS,wealth,death_post,origin_factorD2,-0.541776636417402,0.581713839766288,primary_reproduction
CHARLS,wealth,death_post,origin_factorR1,-0.981793752120095,0.374638487201772,primary_reproduction
CHARLS,wealth,death_post,period_factor2,0.184932461606517,1.20313717943138,primary_reproduction
CHARLS,wealth,death_post,period_factor3,19.2270992146931,223987143.860666,primary_reproduction
CHARLS,wealth,death_post,period_factor4,19.982867395751,476923851.54937,primary_reproduction
CHARLS,wealth,death_post,seslow,0.261985448118883,1.29950763201122,primary_reproduction
CHARLS,wealth,death_post,sesmiddle,-0.0142581095455149,0.985843055918227,primary_reproduction
CHARLS,wealth,death_post,sex_factormale,0.760088469894776,2.13846540193735,primary_reproduction
CHARLS,wealth,death_pre,(Intercept),-25.3356717779409,9.92790360043502e-12,primary_reproduction
CHARLS,wealth,death_pre,"ns(age_model, knots = c(70, 80, 90), Boundary.knots = c(60, 95))1",1.80142073355483,6.05824851001083,primary_reproduction
CHARLS,wealth,death_pre,"ns(age_model, knots = c(70, 80, 90), Boundary.knots = c(60, 95))2",1.53620547927201,4.64692392537183,primary_reproduction
CHARLS,wealth,death_pre,"ns(age_model, knots = c(70, 80, 90), Boundary.knots = c(60, 95))3",3.05047015227591,21.1252741838446,primary_reproduction
CHARLS,wealth,death_pre,"ns(age_model, knots = c(70, 80, 90), Boundary.knots = c(60, 95))4",1.85489348189861,6.39101745531773,primary_reproduction
CHARLS,wealth,death_pre,period_factor2,-0.00142450576500996,0.998576508361727,primary_reproduction
CHARLS,wealth,death_pre,period_factor3,19.5184562561253,299749072.051405,primary_reproduction
CHARLS,wealth,death_pre,period_factor4,19.6430494779995,339522059.062499,primary_reproduction
CHARLS,wealth,death_pre,seslow,0.119210567086638,1.12660711969305,primary_reproduction
CHARLS,wealth,death_pre,sesmiddle,0.164691846307984,1.17902974035859,primary_reproduction
CHARLS,wealth,death_pre,sex_factormale,0.610238343359083,1.84087010566274,primary_reproduction
CHARLS,wealth,onset,(Intercept),-2.45613918567109,0.0857654370123191,primary_reproduction
CHARLS,wealth,onset,"ns(age_model, knots = c(70, 80, 90), Boundary.knots = c(60, 95))1",0.726189058630753,2.06718764650058,primary_reproduction
CHARLS,wealth,onset,"ns(age_model, knots = c(70, 80, 90), Boundary.knots = c(60, 95))2",1.24409703089597,3.46980026192091,primary_reproduction
CHARLS,wealth,onset,"ns(age_model, knots = c(70, 80, 90), Boundary.knots = c(60, 95))3",1.35007640744398,3.8577202779824,primary_reproduction
CHARLS,wealth,onset,"ns(age_model, knots = c(70, 80, 90), Boundary.knots = c(60, 95))4",0.941652664654669,2.56421570710189,primary_reproduction
CHARLS,wealth,onset,period_factor2,-0.0376760384154229,0.963024873425374,primary_reproduction
CHARLS,wealth,onset,period_factor3,-0.539113084880599,0.583265329877857,primary_reproduction
CHARLS,wealth,onset,period_factor4,-0.339081880782291,0.712424112857233,primary_reproduction
CHARLS,wealth,onset,seslow,0.497268162407195,1.64422337850556,primary_reproduction
CHARLS,wealth,onset,sesmiddle,0.373321190339402,1.4525508102036,primary_reproduction
CHARLS,wealth,onset,sex_factormale,-0.506602695196019,0.602539114618454,primary_reproduction
CHARLS,wealth,recovery,(Intercept),-0.997141367950773,0.368932577679948,primary_reproduction
CHARLS,wealth,recovery,"ns(age_model, knots = c(70, 80, 90), Boundary.knots = c(60, 95))1",-0.690843439229602,0.501153198490661,primary_reproduction
CHARLS,wealth,recovery,"ns(age_model, knots = c(70, 80, 90), Boundary.knots = c(60, 95))2",-1.06366862080165,0.345187123925009,primary_reproduction
CHARLS,wealth,recovery,"ns(age_model, knots = c(70, 80, 90), Boundary.knots = c(60, 95))3",-1.94924107540338,0.142382087861821,primary_reproduction
CHARLS,wealth,recovery,"ns(age_model, knots = c(70, 80, 90), Boundary.knots = c(60, 95))4",-2.06197443238401,0.127202568917976,primary_reproduction
CHARLS,wealth,recovery,origin_factorD2,0.248928498725298,1.28265031865822,primary_reproduction
CHARLS,wealth,recovery,period_factor2,-0.16919802679334,0.844341684553401,primary_reproduction
CHARLS,wealth,recovery,period_factor3,-0.747221291886881,0.47368094682651,primary_reproduction
CHARLS,wealth,recovery,period_factor4,-0.445923302524556,0.640232874423774,primary_reproduction
CHARLS,wealth,recovery,seslow,-0.241801922878232,0.785211694621583,primary_reproduction
CHARLS,wealth,recovery,sesmiddle,-0.141689532690931,0.867890666342019,primary_reproduction
CHARLS,wealth,recovery,sex_factormale,0.138425579630572,1.14846420925905,primary_reproduction
CHARLS,wealth,relapse,(Intercept),-1.3305919074842,0.264320761550716,primary_reproduction
CHARLS,wealth,relapse,"ns(age_model, knots = c(70, 80, 90), Boundary.knots = c(60, 95))1",0.645272367005313,1.90650622795434,primary_reproduction
CHARLS,wealth,relapse,"ns(age_model, knots = c(70, 80, 90), Boundary.knots = c(60, 95))2",0.34962423410636,1.41853441158135,primary_reproduction
CHARLS,wealth,relapse,"ns(age_model, knots = c(70, 80, 90), Boundary.knots = c(60, 95))3",0.776536532505398,2.17392987616604,primary_reproduction
CHARLS,wealth,relapse,"ns(age_model, knots = c(70, 80, 90), Boundary.knots = c(60, 95))4",0.73528754359092,2.08608174570941,primary_reproduction
CHARLS,wealth,relapse,period_factor3,-0.606954290297085,0.545008280804794,primary_reproduction
CHARLS,wealth,relapse,period_factor4,-0.353896988850684,0.701947272026487,primary_reproduction
CHARLS,wealth,relapse,seslow,0.0640383625804974,1.06613329760146,primary_reproduction
CHARLS,wealth,relapse,sesmiddle,0.152023694898929,1.16418782141806,primary_reproduction
CHARLS,wealth,relapse,sex_factormale,-0.416432735677792,0.659394865052425,primary_reproduction
ELSA,education,death_post,(Intercept),-3.64837728784793,0.0260333391376395,primary_reproduction
ELSA,education,death_post,"ns(age_model, knots = c(70, 80, 90), Boundary.knots = c(60, 95))1",1.50675598286169,4.5120697951605,primary_reproduction
ELSA,education,death_post,"ns(age_model, knots = c(70, 80, 90), Boundary.knots = c(60, 95))2",1.88922710280419,6.61425456614861,primary_reproduction
ELSA,education,death_post,"ns(age_model, knots = c(70, 80, 90), Boundary.knots = c(60, 95))3",3.43119341739982,30.9135134690854,primary_reproduction
ELSA,education,death_post,"ns(age_model, knots = c(70, 80, 90), Boundary.knots = c(60, 95))4",2.90594425866732,18.2824989122707,primary_reproduction
ELSA,education,death_post,origin_factorD2,-0.133840052356361,0.874729964411342,primary_reproduction
ELSA,education,death_post,origin_factorR1,-0.561776998170701,0.57019492771316,primary_reproduction
ELSA,education,death_post,period_factor2,-0.102170702962857,0.902875415005026,primary_reproduction
ELSA,education,death_post,period_factor3,-0.112690585594091,0.893427056555217,primary_reproduction
ELSA,education,death_post,period_factor4,-0.0678285557256704,0.93442066091735,primary_reproduction
ELSA,education,death_post,period_factor5,-0.324985093295924,0.722538124223796,primary_reproduction
ELSA,education,death_post,proxy_factorself,-0.813828201718456,0.443158315379745,primary_reproduction
ELSA,education,death_post,seslow,0.317250595488997,1.37334668329094,primary_reproduction
ELSA,education,death_post,sesmiddle,0.0932631299430748,1.09775054830802,primary_reproduction
ELSA,education,death_post,sex_factormale,0.557845538615962,1.74690480413344,primary_reproduction
ELSA,education,death_pre,(Intercept),-5.10193202147298,0.00608497889159553,primary_reproduction
ELSA,education,death_pre,"ns(age_model, knots = c(70, 80, 90), Boundary.knots = c(60, 95))1",1.97666737755769,7.21864583300251,primary_reproduction
ELSA,education,death_pre,"ns(age_model, knots = c(70, 80, 90), Boundary.knots = c(60, 95))2",3.06578044594574,21.4511969556584,primary_reproduction
ELSA,education,death_pre,"ns(age_model, knots = c(70, 80, 90), Boundary.knots = c(60, 95))3",3.85360817425877,47.1629286604172,primary_reproduction
ELSA,education,death_pre,"ns(age_model, knots = c(70, 80, 90), Boundary.knots = c(60, 95))4",2.23591243506461,9.35501380180241,primary_reproduction
ELSA,education,death_pre,period_factor2,-0.105160180795395,0.90018031943772,primary_reproduction
ELSA,education,death_pre,period_factor3,-0.157729523920651,0.854080759145354,primary_reproduction
ELSA,education,death_pre,period_factor4,-0.153934424692283,0.85732823873126,primary_reproduction
ELSA,education,death_pre,period_factor5,-0.701394479315013,0.49589330845586,primary_reproduction
ELSA,education,death_pre,proxy_factorself,-0.760312040978414,0.467520518686326,primary_reproduction
ELSA,education,death_pre,seslow,0.346512162716125,1.4141266933473,primary_reproduction
ELSA,education,death_pre,sesmiddle,-0.0862571480781202,0.917358303962519,primary_reproduction
ELSA,education,death_pre,sex_factormale,0.554104182629023,1.74038122251607,primary_reproduction
ELSA,education,onset,(Intercept),-3.50078744739833,0.0301736139311465,primary_reproduction
ELSA,education,onset,"ns(age_model, knots = c(70, 80, 90), Boundary.knots = c(60, 95))1",1.25325350320344,3.50171729263965,primary_reproduction
ELSA,education,onset,"ns(age_model, knots = c(70, 80, 90), Boundary.knots = c(60, 95))2",1.37112918132904,3.93979692982902,primary_reproduction
ELSA,education,onset,"ns(age_model, knots = c(70, 80, 90), Boundary.knots = c(60, 95))3",2.35173766059599,10.5038059256399,primary_reproduction
ELSA,education,onset,"ns(age_model, knots = c(70, 80, 90), Boundary.knots = c(60, 95))4",2.42453111971958,11.2969312689762,primary_reproduction
ELSA,education,onset,period_factor10,-0.380718885350713,0.683369967929489,primary_reproduction
ELSA,education,onset,period_factor2,-0.20211204567516,0.817003381118174,primary_reproduction
ELSA,education,onset,period_factor3,-0.238722626496719,0.787633320690248,primary_reproduction
ELSA,education,onset,period_factor4,-0.250614406092325,0.778322430092119,primary_reproduction
ELSA,education,onset,period_factor5,-0.362600289103636,0.695864522549837,primary_reproduction
ELSA,education,onset,period_factor6,-0.483501528387312,0.61662049312958,primary_reproduction
ELSA,education,onset,period_factor7,-0.433755592888871,0.648070629201022,primary_reproduction
ELSA,education,onset,period_factor8,-0.621434471158349,0.537173325015755,primary_reproduction
ELSA,education,onset,period_factor9,-0.811080676427215,0.444377578270082,primary_reproduction
ELSA,education,onset,proxy_factorself,-0.0529227529585864,0.948453274862013,primary_reproduction
ELSA,education,onset,seslow,0.466704246436247,1.59472968667643,primary_reproduction
ELSA,education,onset,sesmiddle,0.266875848628059,1.30587830968238,primary_reproduction
ELSA,education,onset,sex_factormale,-0.0656220005343773,0.936484788145374,primary_reproduction
ELSA,education,recovery,(Intercept),-2.70353481897193,0.066968372788619,primary_reproduction
ELSA,education,recovery,"ns(age_model, knots = c(70, 80, 90), Boundary.knots = c(60, 95))1",-0.232782838564777,0.792325617411231,primary_reproduction
ELSA,education,recovery,"ns(age_model, knots = c(70, 80, 90), Boundary.knots = c(60, 95))2",-0.870196925964171,0.418869054932765,primary_reproduction
ELSA,education,recovery,"ns(age_model, knots = c(70, 80, 90), Boundary.knots = c(60, 95))3",-2.24292710798035,0.106147344463012,primary_reproduction
ELSA,education,recovery,"ns(age_model, knots = c(70, 80, 90), Boundary.knots = c(60, 95))4",-2.44929556365907,0.0863543962534755,primary_reproduction
ELSA,education,recovery,origin_factorD2,0.0835508638627611,1.08714051005232,primary_reproduction
ELSA,education,recovery,period_factor10,0.362991041661581,1.43762298047035,primary_reproduction
ELSA,education,recovery,period_factor2,0.286207179199075,1.33136825849043,primary_reproduction
ELSA,education,recovery,period_factor3,0.0589297494896106,1.06070072335556,primary_reproduction
ELSA,education,recovery,period_factor4,0.147758806522615,1.15923326313964,primary_reproduction
ELSA,education,recovery,period_factor5,0.274990291699241,1.31651789365391,primary_reproduction
ELSA,education,recovery,period_factor6,0.384451071717498,1.46880782994898,primary_reproduction
ELSA,education,recovery,period_factor7,0.308321396876373,1.36113838426965,primary_reproduction
ELSA,education,recovery,period_factor8,0.200178263372823,1.22162050894333,primary_reproduction
ELSA,education,recovery,period_factor9,-0.420818392020734,0.656509317914105,primary_reproduction
ELSA,education,recovery,proxy_factorself,1.12319121009706,3.07465041955112,primary_reproduction
ELSA,education,recovery,seslow,-0.363477717440832,0.695254219086834,primary_reproduction
ELSA,education,recovery,sesmiddle,-0.100603003458704,0.90429196241566,primary_reproduction
ELSA,education,recovery,sex_factormale,-0.0203020311511493,0.979902667476842,primary_reproduction
ELSA,education,relapse,(Intercept),-1.89692847989122,0.150028728499937,primary_reproduction
ELSA,education,relapse,"ns(age_model, knots = c(70, 80, 90), Boundary.knots = c(60, 95))1",0.485423338544098,1.62486273028706,primary_reproduction
ELSA,education,relapse,"ns(age_model, knots = c(70, 80, 90), Boundary.knots = c(60, 95))2",0.756291125339447,2.13036031063821,primary_reproduction
ELSA,education,relapse,"ns(age_model, knots = c(70, 80, 90), Boundary.knots = c(60, 95))3",1.54455109195131,4.68586763111229,primary_reproduction
ELSA,education,relapse,"ns(age_model, knots = c(70, 80, 90), Boundary.knots = c(60, 95))4",1.53697533846774,4.65050277991793,primary_reproduction
ELSA,education,relapse,period_factor10,-0.364856171032401,0.694296503646274,primary_reproduction
ELSA,education,relapse,period_factor3,-0.278993668934546,0.756544692933855,primary_reproduction
ELSA,education,relapse,period_factor4,-0.263464098480623,0.768385208140481,primary_reproduction
ELSA,education,relapse,period_factor5,-0.294154836161637,0.745161104625252,primary_reproduction
ELSA,education,relapse,period_factor6,-0.36017013171093,0.697557639300479,primary_reproduction
ELSA,education,relapse,period_factor7,-0.418104373038891,0.658293516744241,primary_reproduction
ELSA,education,relapse,period_factor8,-0.37419237061105,0.687844578019039,primary_reproduction
ELSA,education,relapse,period_factor9,-0.625387944647537,0.535053816986259,primary_reproduction
ELSA,education,relapse,proxy_factorself,-0.158839166609142,0.853133560298916,primary_reproduction
ELSA,education,relapse,seslow,0.509551746517192,1.66454488964733,primary_reproduction
ELSA,education,relapse,sesmiddle,0.24292864866436,1.27497764951471,primary_reproduction
ELSA,education,relapse,sex_factormale,-0.0339232547042223,0.966645687300069,primary_reproduction
ELSA,wealth,death_post,(Intercept),-3.80081611077411,0.022352522276081,primary_reproduction
ELSA,wealth,death_post,"ns(age_model, knots = c(70, 80, 90), Boundary.knots = c(60, 95))1",1.62721078370185,5.08965874291985,primary_reproduction
ELSA,wealth,death_post,"ns(age_model, knots = c(70, 80, 90), Boundary.knots = c(60, 95))2",1.96957143608952,7.16760405360431,primary_reproduction
ELSA,wealth,death_post,"ns(age_model, knots = c(70, 80, 90), Boundary.knots = c(60, 95))3",3.59098293592293,36.2697092110874,primary_reproduction
ELSA,wealth,death_post,"ns(age_model, knots = c(70, 80, 90), Boundary.knots = c(60, 95))4",2.97212474394377,19.5333789638181,primary_reproduction
ELSA,wealth,death_post,origin_factorD2,-0.027881883510319,0.972503228685148,primary_reproduction
ELSA,wealth,death_post,origin_factorR1,-0.493984894673098,0.610190000140491,primary_reproduction
ELSA,wealth,death_post,period_factor2,-0.0676934539764174,0.93454691131131,primary_reproduction
ELSA,wealth,death_post,period_factor3,-0.106187673900785,0.899255865382306,primary_reproduction
ELSA,wealth,death_post,period_factor4,-0.033912315558193,0.966656261636238,primary_reproduction
ELSA,wealth,death_post,period_factor5,-0.295554859555712,0.744118591588025,primary_reproduction
ELSA,wealth,death_post,proxy_factorself,-0.832289849112964,0.435051941570331,primary_reproduction
ELSA,wealth,death_post,seslow,0.468156223420971,1.59704687932644,primary_reproduction
ELSA,wealth,death_post,sesmiddle,0.125763083520212,1.13401346997541,primary_reproduction
ELSA,wealth,death_post,sex_factormale,0.584595444994267,1.79426495991999,primary_reproduction
ELSA,wealth,death_pre,(Intercept),-5.09801817185331,0.00610884125029714,primary_reproduction
ELSA,wealth,death_pre,"ns(age_model, knots = c(70, 80, 90), Boundary.knots = c(60, 95))1",2.11343761265522,8.27664433462175,primary_reproduction
ELSA,wealth,death_pre,"ns(age_model, knots = c(70, 80, 90), Boundary.knots = c(60, 95))2",3.08634323376465,21.896859698204,primary_reproduction
ELSA,wealth,death_pre,"ns(age_model, knots = c(70, 80, 90), Boundary.knots = c(60, 95))3",4.15083908309363,63.487249032267,primary_reproduction
ELSA,wealth,death_pre,"ns(age_model, knots = c(70, 80, 90), Boundary.knots = c(60, 95))4",2.46555100899008,11.7699657224896,primary_reproduction
ELSA,wealth,death_pre,period_factor2,-0.0343844599851569,0.966199967996243,primary_reproduction
ELSA,wealth,death_pre,period_factor3,-0.165085590754096,0.847821135332042,primary_reproduction
ELSA,wealth,death_pre,period_factor4,-0.224778645527194,0.798692993460221,primary_reproduction
ELSA,wealth,death_pre,period_factor5,-0.708277908668407,0.492491583099955,primary_reproduction
ELSA,wealth,death_pre,proxy_factorself,-0.925559690575306,0.396309546272774,primary_reproduction
ELSA,wealth,death_pre,seslow,0.469124003628511,1.59859321782397,primary_reproduction
ELSA,wealth,death_pre,sesmiddle,0.297342033997933,1.34627569276604,primary_reproduction
ELSA,wealth,death_pre,sex_factormale,0.586047932466241,1.79687300091058,primary_reproduction
ELSA,wealth,onset,(Intercept),-3.43359991846235,0.0322705600331521,primary_reproduction
ELSA,wealth,onset,"ns(age_model, knots = c(70, 80, 90), Boundary.knots = c(60, 95))1",1.23434801095096,3.43613746621405,primary_reproduction
ELSA,wealth,onset,"ns(age_model, knots = c(70, 80, 90), Boundary.knots = c(60, 95))2",1.5643189336325,4.7794187258232,primary_reproduction
ELSA,wealth,onset,"ns(age_model, knots = c(70, 80, 90), Boundary.knots = c(60, 95))3",2.20667379639621,9.08544603491808,primary_reproduction
ELSA,wealth,onset,"ns(age_model, knots = c(70, 80, 90), Boundary.knots = c(60, 95))4",1.95865414174077,7.08977880393542,primary_reproduction
ELSA,wealth,onset,period_factor10,-0.405109699021898,0.666903648167706,primary_reproduction
ELSA,wealth,onset,period_factor2,-0.196380771083485,0.821699295771775,primary_reproduction
ELSA,wealth,onset,period_factor3,-0.253382867923738,0.77617065408109,primary_reproduction
ELSA,wealth,onset,period_factor4,-0.261000588392966,0.770280466387338,primary_reproduction
ELSA,wealth,onset,period_factor5,-0.373025655012638,0.688647565355335,primary_reproduction
ELSA,wealth,onset,period_factor6,-0.520242510889383,0.594376387744268,primary_reproduction
ELSA,wealth,onset,period_factor7,-0.451517701401488,0.636661156472991,primary_reproduction
ELSA,wealth,onset,period_factor8,-0.630590229630622,0.532277542296441,primary_reproduction
ELSA,wealth,onset,period_factor9,-0.786965543523538,0.455224059160467,primary_reproduction
ELSA,wealth,onset,proxy_factorself,-0.127091840923253,0.880652788917798,primary_reproduction
ELSA,wealth,onset,seslow,0.657215695655815,1.92941277633905,primary_reproduction
ELSA,wealth,onset,sesmiddle,0.339125174876443,1.40371904457389,primary_reproduction
ELSA,wealth,onset,sex_factormale,-0.0972900594089082,0.907292799149259,primary_reproduction
ELSA,wealth,recovery,(Intercept),-2.65432804766382,0.0703460920083195,primary_reproduction
ELSA,wealth,recovery,"ns(age_model, knots = c(70, 80, 90), Boundary.knots = c(60, 95))1",-0.390182216461913,0.676933514829402,primary_reproduction
ELSA,wealth,recovery,"ns(age_model, knots = c(70, 80, 90), Boundary.knots = c(60, 95))2",-0.906943916961715,0.403756253119908,primary_reproduction
ELSA,wealth,recovery,"ns(age_model, knots = c(70, 80, 90), Boundary.knots = c(60, 95))3",-2.58494110595686,0.0754005201118513,primary_reproduction
ELSA,wealth,recovery,"ns(age_model, knots = c(70, 80, 90), Boundary.knots = c(60, 95))4",-2.80353401903289,0.0605955379968407,primary_reproduction
ELSA,wealth,recovery,origin_factorD2,0.10309407399935,1.10859569420129,primary_reproduction
ELSA,wealth,recovery,period_factor10,0.454096073159711,1.57474928134695,primary_reproduction
ELSA,wealth,recovery,period_factor2,0.280933040511712,1.32436492216875,primary_reproduction
ELSA,wealth,recovery,period_factor3,0.0648866586405643,1.06703807798388,primary_reproduction
ELSA,wealth,recovery,period_factor4,0.152986627802216,1.16530939609083,primary_reproduction
ELSA,wealth,recovery,period_factor5,0.282189419054505,1.32602987152411,primary_reproduction
ELSA,wealth,recovery,period_factor6,0.413386650891664,1.51192950182266,primary_reproduction
ELSA,wealth,recovery,period_factor7,0.316063007608179,1.37171668149047,primary_reproduction
ELSA,wealth,recovery,period_factor8,0.245103388231208,1.27775341104118,primary_reproduction
ELSA,wealth,recovery,period_factor9,-0.344146050799948,0.708825395973118,primary_reproduction
ELSA,wealth,recovery,proxy_factorself,1.1442887571436,3.14020711251182,primary_reproduction
ELSA,wealth,recovery,seslow,-0.470680792286894,0.624576916363744,primary_reproduction
ELSA,wealth,recovery,sesmiddle,-0.204153897324445,0.815336883366549,primary_reproduction
ELSA,wealth,recovery,sex_factormale,0.00841389638544952,1.00844939269589,primary_reproduction
ELSA,wealth,relapse,(Intercept),-1.78162301400652,0.168364667184582,primary_reproduction
ELSA,wealth,relapse,"ns(age_model, knots = c(70, 80, 90), Boundary.knots = c(60, 95))1",0.645009310852068,1.90600477571781,primary_reproduction
ELSA,wealth,relapse,"ns(age_model, knots = c(70, 80, 90), Boundary.knots = c(60, 95))2",0.785166968223289,2.19277303358692,primary_reproduction
ELSA,wealth,relapse,"ns(age_model, knots = c(70, 80, 90), Boundary.knots = c(60, 95))3",1.91063921557242,6.75740685799165,primary_reproduction
ELSA,wealth,relapse,"ns(age_model, knots = c(70, 80, 90), Boundary.knots = c(60, 95))4",1.99856118885426,7.37843228732106,primary_reproduction
ELSA,wealth,relapse,period_factor10,-0.369418866822105,0.691135855932535,primary_reproduction
ELSA,wealth,relapse,period_factor3,-0.300703676439553,0.740297107722792,primary_reproduction
ELSA,wealth,relapse,period_factor4,-0.251480710405407,0.777648457988582,primary_reproduction
ELSA,wealth,relapse,period_factor5,-0.324378426655682,0.722976596990018,primary_reproduction
ELSA,wealth,relapse,period_factor6,-0.407451385913834,0.665343795692442,primary_reproduction
ELSA,wealth,relapse,period_factor7,-0.446816518255947,0.639661263672447,primary_reproduction
ELSA,wealth,relapse,period_factor8,-0.43658292313898,0.646240907339727,primary_reproduction
ELSA,wealth,relapse,period_factor9,-0.681185563910948,0.506016721442849,primary_reproduction
ELSA,wealth,relapse,proxy_factorself,-0.161217958114288,0.851106545311785,primary_reproduction
ELSA,wealth,relapse,seslow,0.439510879527963,1.55194794332734,primary_reproduction
ELSA,wealth,relapse,sesmiddle,0.160853724055228,1.1745131532268,primary_reproduction
ELSA,wealth,relapse,sex_factormale,-0.0368919316241785,0.963780283891299,primary_reproduction
HRS,education,death_post,(Intercept),-3.1039877421321,0.0448699155036842,primary_reproduction
HRS,education,death_post,"ns(age_model, knots = c(70, 80, 90), Boundary.knots = c(60, 95))1",1.24951301037103,3.48864361045579,primary_reproduction
HRS,education,death_post,"ns(age_model, knots = c(70, 80, 90), Boundary.knots = c(60, 95))2",1.70113785607653,5.4801795009788,primary_reproduction
HRS,education,death_post,"ns(age_model, knots = c(70, 80, 90), Boundary.knots = c(60, 95))3",2.82473698091052,16.8565108188519,primary_reproduction
HRS,education,death_post,"ns(age_model, knots = c(70, 80, 90), Boundary.knots = c(60, 95))4",1.95737473015629,7.08071385893658,primary_reproduction
HRS,education,death_post,origin_factorD2,-0.191726718921697,0.825532440063453,primary_reproduction
HRS,education,death_post,origin_factorR1,-0.842105067830494,0.430802699344999,primary_reproduction
HRS,education,death_post,period_factor10,-0.440799853512985,0.643521492250518,primary_reproduction
HRS,education,death_post,period_factor11,-0.132798780741943,0.875641270269685,primary_reproduction
HRS,education,death_post,period_factor12,-0.0883985747966145,0.915395950248217,primary_reproduction
HRS,education,death_post,period_factor13,-0.27783196600546,0.757424083816204,primary_reproduction
HRS,education,death_post,period_factor14,-0.112424116576015,0.893665158907741,primary_reproduction
HRS,education,death_post,period_factor15,-0.239701411925266,0.786862773834452,primary_reproduction
HRS,education,death_post,period_factor3,0.0390402617902742,1.03981234751406,primary_reproduction
HRS,education,death_post,period_factor4,-0.0668547474854299,0.935331050657373,primary_reproduction
HRS,education,death_post,period_factor5,-0.0881387127939708,0.915633857783286,primary_reproduction
HRS,education,death_post,period_factor6,-0.143379906580817,0.866424845861724,primary_reproduction
HRS,education,death_post,period_factor7,-0.0615149456766355,0.940338891633403,primary_reproduction
HRS,education,death_post,period_factor8,-0.127297905527765,0.880471336245266,primary_reproduction
HRS,education,death_post,period_factor9,-0.0457083092434278,0.95532057973633,primary_reproduction
HRS,education,death_post,proxy_factorself,-0.784494097208689,0.456350512394887,primary_reproduction
HRS,education,death_post,seslow,0.118010414898788,1.1252558307319,primary_reproduction
HRS,education,death_post,sesmiddle,0.156208703449436,1.16907016660737,primary_reproduction
HRS,education,death_post,sex_factormale,0.441475712722971,1.55500025982773,primary_reproduction
HRS,education,death_pre,(Intercept),-5.79440035147544,0.00304455554266034,primary_reproduction
HRS,education,death_pre,"ns(age_model, knots = c(70, 80, 90), Boundary.knots = c(60, 95))1",1.75291221610399,5.7713857486967,primary_reproduction
HRS,education,death_pre,"ns(age_model, knots = c(70, 80, 90), Boundary.knots = c(60, 95))2",2.49599772907737,12.1338337599666,primary_reproduction
HRS,education,death_pre,"ns(age_model, knots = c(70, 80, 90), Boundary.knots = c(60, 95))3",4.2315381686952,68.8230122021049,primary_reproduction
HRS,education,death_pre,"ns(age_model, knots = c(70, 80, 90), Boundary.knots = c(60, 95))4",2.74695409397865,15.5950583865242,primary_reproduction
HRS,education,death_pre,period_factor10,-0.67387955141898,0.509727223914698,primary_reproduction
HRS,education,death_pre,period_factor11,-0.42461313223439,0.654022756515927,primary_reproduction
HRS,education,death_pre,period_factor12,-0.399736068982934,0.67049698763631,primary_reproduction
HRS,education,death_pre,period_factor13,-0.514146002906465,0.598011076333353,primary_reproduction
HRS,education,death_pre,period_factor14,-0.58158914187218,0.559009315228379,primary_reproduction
HRS,education,death_pre,period_factor15,-0.583235964952329,0.558089483394075,primary_reproduction
HRS,education,death_pre,period_factor3,0.0587381084020572,1.06049746899193,primary_reproduction
HRS,education,death_pre,period_factor4,-0.0815890729387928,0.921650612069039,primary_reproduction
HRS,education,death_pre,period_factor5,0.0148402706014673,1.01495093416531,primary_reproduction
HRS,education,death_pre,period_factor6,-0.292629784476505,0.746298380805611,primary_reproduction
HRS,education,death_pre,period_factor7,-0.341776228415014,0.710507178239053,primary_reproduction
HRS,education,death_pre,period_factor8,-0.305259600887917,0.73693204134532,primary_reproduction
HRS,education,death_pre,period_factor9,-0.445948162258944,0.640216958602402,primary_reproduction
HRS,education,death_pre,proxy_factorself,-0.0421215784264369,0.958753209779795,primary_reproduction
HRS,education,death_pre,seslow,0.570363729970763,1.76891034014125,primary_reproduction
HRS,education,death_pre,sesmiddle,0.434827268775912,1.54469621863748,primary_reproduction
HRS,education,death_pre,sex_factormale,0.658874223580602,1.93261541640692,primary_reproduction
HRS,education,onset,(Intercept),-3.28557884351859,0.0374189191246015,primary_reproduction
HRS,education,onset,"ns(age_model, knots = c(70, 80, 90), Boundary.knots = c(60, 95))1",1.19388345669824,3.2998712636563,primary_reproduction
HRS,education,onset,"ns(age_model, knots = c(70, 80, 90), Boundary.knots = c(60, 95))2",1.54527624474703,4.68926683344693,primary_reproduction
HRS,education,onset,"ns(age_model, knots = c(70, 80, 90), Boundary.knots = c(60, 95))3",2.11163979832324,8.26177783242584,primary_reproduction
HRS,education,onset,"ns(age_model, knots = c(70, 80, 90), Boundary.knots = c(60, 95))4",1.98504326374245,7.27936231109717,primary_reproduction
HRS,education,onset,period_factor10,-0.656446010902737,0.518691486502592,primary_reproduction
HRS,education,onset,period_factor11,-0.567363556131146,0.567018381940838,primary_reproduction
HRS,education,onset,period_factor12,-0.618667797571843,0.538661566054728,primary_reproduction
HRS,education,onset,period_factor13,-0.80759395554463,0.445929703192718,primary_reproduction
HRS,education,onset,period_factor14,-0.793938626589711,0.45206078568412,primary_reproduction
HRS,education,onset,period_factor15,-0.882638446151617,0.413689971770083,primary_reproduction
HRS,education,onset,period_factor3,-0.185698657057949,0.830523829771102,primary_reproduction
HRS,education,onset,period_factor4,-0.346617099662277,0.707076016076566,primary_reproduction
HRS,education,onset,period_factor5,-0.428960143827843,0.651185882440467,primary_reproduction
HRS,education,onset,period_factor6,-0.507060069139569,0.602263591940708,primary_reproduction
HRS,education,onset,period_factor7,-0.49493242251759,0.609612101955475,primary_reproduction
HRS,education,onset,period_factor8,-0.599415513660911,0.549132502760013,primary_reproduction
HRS,education,onset,period_factor9,-0.435161776820755,0.647159963127572,primary_reproduction
HRS,education,onset,proxy_factorself,-0.129880385183293,0.878200470426597,primary_reproduction
HRS,education,onset,seslow,0.580730417025284,1.78734346017754,primary_reproduction
HRS,education,onset,sesmiddle,0.233331254002124,1.26279971751221,primary_reproduction
HRS,education,onset,sex_factormale,-0.0943216675390153,0.909990000913261,primary_reproduction
HRS,education,recovery,(Intercept),-2.57572103931946,0.0760989326893873,primary_reproduction
HRS,education,recovery,"ns(age_model, knots = c(70, 80, 90), Boundary.knots = c(60, 95))1",-0.524716857228473,0.591722882706878,primary_reproduction
HRS,education,recovery,"ns(age_model, knots = c(70, 80, 90), Boundary.knots = c(60, 95))2",-0.940613375512916,0.390388307277488,primary_reproduction
HRS,education,recovery,"ns(age_model, knots = c(70, 80, 90), Boundary.knots = c(60, 95))3",-2.03876641704056,0.130189211055192,primary_reproduction
HRS,education,recovery,"ns(age_model, knots = c(70, 80, 90), Boundary.knots = c(60, 95))4",-2.38883380330609,0.0917366044449953,primary_reproduction
HRS,education,recovery,origin_factorD2,0.107849334433924,1.11387990939614,primary_reproduction
HRS,education,recovery,period_factor10,0.141550311780601,1.15205846491547,primary_reproduction
HRS,education,recovery,period_factor11,-0.00550387745352069,0.99451124113033,primary_reproduction
HRS,education,recovery,period_factor12,0.102989677123229,1.10847996631485,primary_reproduction
HRS,education,recovery,period_factor13,0.0463733102102551,1.04746536749494,primary_reproduction
HRS,education,recovery,period_factor14,0.0905204163873358,1.09474385812813,primary_reproduction
HRS,education,recovery,period_factor15,0.161717383903932,1.17552797124472,primary_reproduction
HRS,education,recovery,period_factor3,0.117843246149927,1.12506773884451,primary_reproduction
HRS,education,recovery,period_factor4,0.245334566408957,1.2780488338927,primary_reproduction
HRS,education,recovery,period_factor5,0.241637734907835,1.27333282521927,primary_reproduction
HRS,education,recovery,period_factor6,0.310708655730299,1.36439165558426,primary_reproduction
HRS,education,recovery,period_factor7,0.0819572011364803,1.08540935454861,primary_reproduction
HRS,education,recovery,period_factor8,0.182445609993736,1.20014887307364,primary_reproduction
HRS,education,recovery,period_factor9,-0.000553464665109577,0.999446688468206,primary_reproduction
HRS,education,recovery,proxy_factorself,1.0084991597398,2.74148339719136,primary_reproduction
HRS,education,recovery,seslow,-0.435614478525395,0.646867059013188,primary_reproduction
HRS,education,recovery,sesmiddle,-0.187956779691727,0.828650520989702,primary_reproduction
HRS,education,recovery,sex_factormale,0.186216754083822,1.20468335211654,primary_reproduction
HRS,education,relapse,(Intercept),-2.07088253699345,0.12607446721144,primary_reproduction
HRS,education,relapse,"ns(age_model, knots = c(70, 80, 90), Boundary.knots = c(60, 95))1",0.322778165631305,1.38095897276237,primary_reproduction
HRS,education,relapse,"ns(age_model, knots = c(70, 80, 90), Boundary.knots = c(60, 95))2",0.616593671383603,1.85260669446707,primary_reproduction
HRS,education,relapse,"ns(age_model, knots = c(70, 80, 90), Boundary.knots = c(60, 95))3",0.493731809805697,1.63841909393089,primary_reproduction
HRS,education,relapse,"ns(age_model, knots = c(70, 80, 90), Boundary.knots = c(60, 95))4",0.91661779825335,2.50081779967809,primary_reproduction
HRS,education,relapse,period_factor10,-0.217915296423945,0.804193556851825,primary_reproduction
HRS,education,relapse,period_factor11,-0.0766304419199695,0.926232086916762,primary_reproduction
HRS,education,relapse,period_factor12,-0.251096343009767,0.777947418152692,primary_reproduction
HRS,education,relapse,period_factor13,-0.283419948551197,0.753203414751371,primary_reproduction
HRS,education,relapse,period_factor14,-0.212965769710195,0.808183801108742,primary_reproduction
HRS,education,relapse,period_factor15,-0.0562523661407306,0.945300543935294,primary_reproduction
HRS,education,relapse,period_factor4,0.0333083864948302,1.03386932142087,primary_reproduction
HRS,education,relapse,period_factor5,0.0271066260327936,1.02747735275685,primary_reproduction
HRS,education,relapse,period_factor6,-0.0159213226532746,0.984204751627682,primary_reproduction
HRS,education,relapse,period_factor7,0.00445287783200662,1.00446280662426,primary_reproduction
HRS,education,relapse,period_factor8,0.0453178994922888,1.04636044449574,primary_reproduction
HRS,education,relapse,period_factor9,0.0638004790742216,1.06587971223755,primary_reproduction
HRS,education,relapse,proxy_factorself,0.0995127318500038,1.10463253466616,primary_reproduction
HRS,education,relapse,seslow,0.400600453845484,1.49272073850643,primary_reproduction
HRS,education,relapse,sesmiddle,0.150862972321611,1.16283730626784,primary_reproduction
HRS,education,relapse,sex_factormale,-0.158009212658448,0.853841915778309,primary_reproduction
HRS,wealth,death_post,(Intercept),-3.19319391757349,0.0410405811529278,primary_reproduction
HRS,wealth,death_post,"ns(age_model, knots = c(70, 80, 90), Boundary.knots = c(60, 95))1",1.29869541495157,3.66451287915636,primary_reproduction
HRS,wealth,death_post,"ns(age_model, knots = c(70, 80, 90), Boundary.knots = c(60, 95))2",1.74886140276845,5.74805423005881,primary_reproduction
HRS,wealth,death_post,"ns(age_model, knots = c(70, 80, 90), Boundary.knots = c(60, 95))3",2.88281799313651,17.8645444779837,primary_reproduction
HRS,wealth,death_post,"ns(age_model, knots = c(70, 80, 90), Boundary.knots = c(60, 95))4",1.97688452035628,7.22021348015616,primary_reproduction
HRS,wealth,death_post,origin_factorD2,-0.199856914230553,0.818847910179313,primary_reproduction
HRS,wealth,death_post,origin_factorR1,-0.839188497343403,0.432060999852764,primary_reproduction
HRS,wealth,death_post,period_factor10,-0.394597440023425,0.673951290463465,primary_reproduction
HRS,wealth,death_post,period_factor11,-0.0867900599081419,0.916869563109427,primary_reproduction
HRS,wealth,death_post,period_factor12,-0.0451167751892779,0.955885851564159,primary_reproduction
HRS,wealth,death_post,period_factor13,-0.236584407656078,0.789319254901873,primary_reproduction
HRS,wealth,death_post,period_factor14,-0.0743913972210046,0.92830828544425,primary_reproduction
HRS,wealth,death_post,period_factor15,-0.202108546967205,0.817006239579403,primary_reproduction
HRS,wealth,death_post,period_factor3,0.0542685626275905,1.0557681039405,primary_reproduction
HRS,wealth,death_post,period_factor4,-0.0419748553366396,0.958893891333451,primary_reproduction
HRS,wealth,death_post,period_factor5,-0.0560299846719277,0.945510784634665,primary_reproduction
HRS,wealth,death_post,period_factor6,-0.106628766356585,0.89885929787215,primary_reproduction
HRS,wealth,death_post,period_factor7,-0.0243952903407665,0.97589986971146,primary_reproduction
HRS,wealth,death_post,period_factor8,-0.0884884455822177,0.915313686591635,primary_reproduction
HRS,wealth,death_post,period_factor9,-0.00365023948122141,0.996356414544189,primary_reproduction
HRS,wealth,death_post,proxy_factorself,-0.776627181600918,0.459954741859675,primary_reproduction
HRS,wealth,death_post,seslow,0.221302534404393,1.2477008459029,primary_reproduction
HRS,wealth,death_post,sesmiddle,0.123167769635906,1.13107416493124,primary_reproduction
HRS,wealth,death_post,sex_factormale,0.446925237376033,1.56349740374829,primary_reproduction
HRS,wealth,death_pre,(Intercept),-5.75138981193908,0.0031783604022291,primary_reproduction
HRS,wealth,death_pre,"ns(age_model, knots = c(70, 80, 90), Boundary.knots = c(60, 95))1",1.86870014136686,6.47986801024159,primary_reproduction
HRS,wealth,death_pre,"ns(age_model, knots = c(70, 80, 90), Boundary.knots = c(60, 95))2",2.59133469474308,13.3475746574595,primary_reproduction
HRS,wealth,death_pre,"ns(age_model, knots = c(70, 80, 90), Boundary.knots = c(60, 95))3",4.40568922675607,81.9155818020301,primary_reproduction
HRS,wealth,death_pre,"ns(age_model, knots = c(70, 80, 90), Boundary.knots = c(60, 95))4",2.84983906552612,17.2849998643564,primary_reproduction
HRS,wealth,death_pre,period_factor10,-0.667493120051077,0.512992979007075,primary_reproduction
HRS,wealth,death_pre,period_factor11,-0.420275958518202,0.656865527164047,primary_reproduction
HRS,wealth,death_pre,period_factor12,-0.404728134958839,0.667158163187174,primary_reproduction
HRS,wealth,death_pre,period_factor13,-0.523344187389328,0.592535680585044,primary_reproduction
HRS,wealth,death_pre,period_factor14,-0.602832866690144,0.547259125956358,primary_reproduction
HRS,wealth,death_pre,period_factor15,-0.607695431035927,0.544604502611601,primary_reproduction
HRS,wealth,death_pre,period_factor3,0.0783437508930099,1.08149435943203,primary_reproduction
HRS,wealth,death_pre,period_factor4,-0.0544981898007364,0.946960223042972,primary_reproduction
HRS,wealth,death_pre,period_factor5,0.0392129548412473,1.03999193138678,primary_reproduction
HRS,wealth,death_pre,period_factor6,-0.26483804359352,0.767330213956946,primary_reproduction
HRS,wealth,death_pre,period_factor7,-0.31347839989356,0.73090016635449,primary_reproduction
HRS,wealth,death_pre,period_factor8,-0.28031541183697,0.755545395907961,primary_reproduction
HRS,wealth,death_pre,period_factor9,-0.431384386531642,0.649609161765133,primary_reproduction
HRS,wealth,death_pre,proxy_factorself,-0.0840616024121568,0.919374618656456,primary_reproduction
HRS,wealth,death_pre,seslow,0.68148544302603,1.97681199394178,primary_reproduction
HRS,wealth,death_pre,sesmiddle,0.300570872095524,1.35062962430009,primary_reproduction
HRS,wealth,death_pre,sex_factormale,0.651096011699225,1.91764143510699,primary_reproduction
HRS,wealth,onset,(Intercept),-3.25980305509307,0.0383959591615668,primary_reproduction
HRS,wealth,onset,"ns(age_model, knots = c(70, 80, 90), Boundary.knots = c(60, 95))1",1.30188780040549,3.67623010977458,primary_reproduction
HRS,wealth,onset,"ns(age_model, knots = c(70, 80, 90), Boundary.knots = c(60, 95))2",1.65040774588483,5.20910338468325,primary_reproduction
HRS,wealth,onset,"ns(age_model, knots = c(70, 80, 90), Boundary.knots = c(60, 95))3",2.30705914831461,10.0448407884911,primary_reproduction
HRS,wealth,onset,"ns(age_model, knots = c(70, 80, 90), Boundary.knots = c(60, 95))4",2.10767488044106,8.22908541596142,primary_reproduction
HRS,wealth,onset,period_factor10,-0.684345929903803,0.504420047770127,primary_reproduction
HRS,wealth,onset,period_factor11,-0.601822568420073,0.547812300293078,primary_reproduction
HRS,wealth,onset,period_factor12,-0.662933260687888,0.515337496117472,primary_reproduction
HRS,wealth,onset,period_factor13,-0.85881821738632,0.423662463522068,primary_reproduction
HRS,wealth,onset,period_factor14,-0.848673711149578,0.427982183694155,primary_reproduction
HRS,wealth,onset,period_factor15,-0.944018853035158,0.38906110982531,primary_reproduction
HRS,wealth,onset,period_factor3,-0.176602416099253,0.838112938501632,primary_reproduction
HRS,wealth,onset,period_factor4,-0.336690800124873,0.714129614556859,primary_reproduction
HRS,wealth,onset,period_factor5,-0.426464742860962,0.652812881484342,primary_reproduction
HRS,wealth,onset,period_factor6,-0.508995341544847,0.601099174926002,primary_reproduction
HRS,wealth,onset,period_factor7,-0.496685642783159,0.608544254024035,primary_reproduction
HRS,wealth,onset,period_factor8,-0.606073474785279,0.54548854403319,primary_reproduction
HRS,wealth,onset,period_factor9,-0.452051544054293,0.636321370296528,primary_reproduction
HRS,wealth,onset,proxy_factorself,-0.194271972578721,0.823433922364218,primary_reproduction
HRS,wealth,onset,seslow,0.606612718163253,1.83420788528044,primary_reproduction
HRS,wealth,onset,sesmiddle,0.213461537118952,1.23795588200253,primary_reproduction
HRS,wealth,onset,sex_factormale,-0.0874382304009391,0.916275467871176,primary_reproduction
HRS,wealth,recovery,(Intercept),-2.47786288194742,0.0839223861268075,primary_reproduction
HRS,wealth,recovery,"ns(age_model, knots = c(70, 80, 90), Boundary.knots = c(60, 95))1",-0.674911707020096,0.509201377529823,primary_reproduction
HRS,wealth,recovery,"ns(age_model, knots = c(70, 80, 90), Boundary.knots = c(60, 95))2",-1.09045246802238,0.336064400905894,primary_reproduction
HRS,wealth,recovery,"ns(age_model, knots = c(70, 80, 90), Boundary.knots = c(60, 95))3",-2.27012372290545,0.103299398790697,primary_reproduction
HRS,wealth,recovery,"ns(age_model, knots = c(70, 80, 90), Boundary.knots = c(60, 95))4",-2.48329951207642,0.083467369154126,primary_reproduction
HRS,wealth,recovery,origin_factorD2,0.113271683860385,1.11993616019929,primary_reproduction
HRS,wealth,recovery,period_factor10,0.13623753510428,1.14595406558685,primary_reproduction
HRS,wealth,recovery,period_factor11,-0.0120766460490142,0.987995983971194,primary_reproduction
HRS,wealth,recovery,period_factor12,0.105560678823776,1.11133353688881,primary_reproduction
HRS,wealth,recovery,period_factor13,0.0696140653292589,1.07209434302481,primary_reproduction
HRS,wealth,recovery,period_factor14,0.126784012196236,1.13517180803557,primary_reproduction
HRS,wealth,recovery,period_factor15,0.206800781904382,1.22973756140122,primary_reproduction
HRS,wealth,recovery,period_factor3,0.0776244510099455,1.08071672037712,primary_reproduction
HRS,wealth,recovery,period_factor4,0.208657358664771,1.23202278426852,primary_reproduction
HRS,wealth,recovery,period_factor5,0.211810534445503,1.23591369981974,primary_reproduction
HRS,wealth,recovery,period_factor6,0.284793975906372,1.32948809332444,primary_reproduction
HRS,wealth,recovery,period_factor7,0.0602645521119462,1.06211749480738,primary_reproduction
HRS,wealth,recovery,period_factor8,0.161846387968091,1.17567962891256,primary_reproduction
HRS,wealth,recovery,period_factor9,-0.00792432937027833,0.992106985357041,primary_reproduction
HRS,wealth,recovery,proxy_factorself,1.04817360157307,2.85243667183412,primary_reproduction
HRS,wealth,recovery,seslow,-0.491023730291964,0.611999550901007,primary_reproduction
HRS,wealth,recovery,sesmiddle,-0.178056172883861,0.836895411339632,primary_reproduction
HRS,wealth,recovery,sex_factormale,0.173329954000697,1.18925844093453,primary_reproduction
HRS,wealth,relapse,(Intercept),-1.99181255517961,0.136447881855084,primary_reproduction
HRS,wealth,relapse,"ns(age_model, knots = c(70, 80, 90), Boundary.knots = c(60, 95))1",0.417964810874546,1.51886722585248,primary_reproduction
HRS,wealth,relapse,"ns(age_model, knots = c(70, 80, 90), Boundary.knots = c(60, 95))2",0.69359353027194,2.0008928986817,primary_reproduction
HRS,wealth,relapse,"ns(age_model, knots = c(70, 80, 90), Boundary.knots = c(60, 95))3",0.621890858915553,1.86244633775998,primary_reproduction
HRS,wealth,relapse,"ns(age_model, knots = c(70, 80, 90), Boundary.knots = c(60, 95))4",0.992227167957484,2.69723498312447,primary_reproduction
HRS,wealth,relapse,period_factor10,-0.233839003670141,0.791489232500061,primary_reproduction
HRS,wealth,relapse,period_factor11,-0.105028554661542,0.90029881449129,primary_reproduction
HRS,wealth,relapse,period_factor12,-0.288086431126529,0.749696792300402,primary_reproduction
HRS,wealth,relapse,period_factor13,-0.324160785361042,0.723133963676705,primary_reproduction
HRS,wealth,relapse,period_factor14,-0.259815782347168,0.771193640200977,primary_reproduction
HRS,wealth,relapse,period_factor15,-0.114996576356735,0.891369195631751,primary_reproduction
HRS,wealth,relapse,period_factor4,0.0489858950040764,1.05020553749073,primary_reproduction
HRS,wealth,relapse,period_factor5,0.0424618196233828,1.04337621911618,primary_reproduction
HRS,wealth,relapse,period_factor6,-0.00417876837056226,0.995829950532998,primary_reproduction
HRS,wealth,relapse,period_factor7,0.00567389864427249,1.00569002569384,primary_reproduction
HRS,wealth,relapse,period_factor8,0.0436899857284388,1.04465844565574,primary_reproduction
HRS,wealth,relapse,period_factor9,0.055771757328338,1.05735632236126,primary_reproduction
HRS,wealth,relapse,proxy_factorself,0.0298633190482829,1.03031370007199,primary_reproduction
HRS,wealth,relapse,seslow,0.315584937899644,1.37106106202475,primary_reproduction
HRS,wealth,relapse,sesmiddle,0.0620361577487653,1.0640008159067,primary_reproduction
HRS,wealth,relapse,sex_factormale,-0.163884607048678,0.848839966377966,primary_reproduction
MHAS,education,death_post,(Intercept),-4.14715350191976,0.0158093537927529,primary_reproduction
MHAS,education,death_post,"ns(age_model, knots = c(70, 80, 90), Boundary.knots = c(60, 95))1",0.855539767272615,2.35264391810778,primary_reproduction
MHAS,education,death_post,"ns(age_model, knots = c(70, 80, 90), Boundary.knots = c(60, 95))2",2.75759889793215,15.7619514216018,primary_reproduction
MHAS,education,death_post,"ns(age_model, knots = c(70, 80, 90), Boundary.knots = c(60, 95))3",2.84426283582376,17.1888829687094,primary_reproduction
MHAS,education,death_post,"ns(age_model, knots = c(70, 80, 90), Boundary.knots = c(60, 95))4",1.08726767463043,2.96615848032681,primary_reproduction
MHAS,education,death_post,origin_factorD2,0.0713726107068303,1.07398132826436,primary_reproduction
MHAS,education,death_post,origin_factorR1,-0.60599874709579,0.545529308654833,primary_reproduction
MHAS,education,death_post,period_factor3,-0.0409560961581566,0.959871271059188,primary_reproduction
MHAS,education,death_post,period_factor4,-0.335252392218242,0.715157563368409,primary_reproduction
MHAS,education,death_post,period_factor5,-0.0656452512916568,0.936463014417997,primary_reproduction
MHAS,education,death_post,seslow,0.158218603478048,1.17142224369678,primary_reproduction
MHAS,education,death_post,sesmiddle,-0.0767029477761935,0.926164932100825,primary_reproduction
MHAS,education,death_post,sex_factormale,0.234368764372601,1.26411056520641,primary_reproduction
MHAS,education,death_pre,(Intercept),-5.35122685756376,0.00474232926639279,primary_reproduction
MHAS,education,death_pre,"ns(age_model, knots = c(70, 80, 90), Boundary.knots = c(60, 95))1",1.58866592420222,4.89721131736684,primary_reproduction
MHAS,education,death_pre,"ns(age_model, knots = c(70, 80, 90), Boundary.knots = c(60, 95))2",2.56373294596337,12.9841962643954,primary_reproduction
MHAS,education,death_pre,"ns(age_model, knots = c(70, 80, 90), Boundary.knots = c(60, 95))3",5.00147582415435,148.632352533298,primary_reproduction
MHAS,education,death_pre,"ns(age_model, knots = c(70, 80, 90), Boundary.knots = c(60, 95))4",3.47938488355535,32.4397617066313,primary_reproduction
MHAS,education,death_pre,period_factor3,-0.256643480897076,0.773643983462912,primary_reproduction
MHAS,education,death_pre,period_factor4,-0.306493853315376,0.736023042266973,primary_reproduction
MHAS,education,death_pre,period_factor5,-0.134954046017911,0.873756063335948,primary_reproduction
MHAS,education,death_pre,seslow,-0.0141077909629763,0.985991257587452,primary_reproduction
MHAS,education,death_pre,sesmiddle,-0.145978089193351,0.864176637784427,primary_reproduction
MHAS,education,death_pre,sex_factormale,0.675487999410545,1.96499165680323,primary_reproduction
MHAS,education,onset,(Intercept),-3.66772482157009,0.0255344994502792,primary_reproduction
MHAS,education,onset,"ns(age_model, knots = c(70, 80, 90), Boundary.knots = c(60, 95))1",0.967587224536004,2.63158736389319,primary_reproduction
MHAS,education,onset,"ns(age_model, knots = c(70, 80, 90), Boundary.knots = c(60, 95))2",1.48237261846901,4.4033808394043,primary_reproduction
MHAS,education,onset,"ns(age_model, knots = c(70, 80, 90), Boundary.knots = c(60, 95))3",1.18800978470958,3.28054571378022,primary_reproduction
MHAS,education,onset,"ns(age_model, knots = c(70, 80, 90), Boundary.knots = c(60, 95))4",0.468926096628524,1.59827687634016,primary_reproduction
MHAS,education,onset,period_factor2,-16.7537929609209,5.2956608783032e-08,primary_reproduction
MHAS,education,onset,period_factor3,0.0903212357632397,1.09452582807764,primary_reproduction
MHAS,education,onset,period_factor4,-0.091441845528594,0.912614387216122,primary_reproduction
MHAS,education,onset,period_factor5,-0.0574252706487354,0.944192446639084,primary_reproduction
MHAS,education,onset,seslow,0.641795059930056,1.89988823342699,primary_reproduction
MHAS,education,onset,sesmiddle,-0.390495153357734,0.676721710499018,primary_reproduction
MHAS,education,onset,sex_factormale,-0.527582791980526,0.59002947129613,primary_reproduction
MHAS,education,recovery,(Intercept),-0.276865558675418,0.758156417812229,primary_reproduction
MHAS,education,recovery,"ns(age_model, knots = c(70, 80, 90), Boundary.knots = c(60, 95))1",-1.06797905159636,0.343702420869785,primary_reproduction
MHAS,education,recovery,"ns(age_model, knots = c(70, 80, 90), Boundary.knots = c(60, 95))2",-1.38866114884701,0.249409002726648,primary_reproduction
MHAS,education,recovery,"ns(age_model, knots = c(70, 80, 90), Boundary.knots = c(60, 95))3",-4.12078052695649,0.0162318401075061,primary_reproduction
MHAS,education,recovery,"ns(age_model, knots = c(70, 80, 90), Boundary.knots = c(60, 95))4",-4.10612581796658,0.0164714645252339,primary_reproduction
MHAS,education,recovery,origin_factorD2,0.0122768242258853,1.01235249377595,primary_reproduction
MHAS,education,recovery,period_factor2,-18.0127422980274,1.50371459856007e-08,primary_reproduction
MHAS,education,recovery,period_factor3,-0.842290819442388,0.430722684480862,primary_reproduction
MHAS,education,recovery,period_factor4,-0.627361074338478,0.533999127275683,primary_reproduction
MHAS,education,recovery,period_factor5,-1.05227168941983,0.349143701485174,primary_reproduction
MHAS,education,recovery,seslow,-0.287983146360598,0.749774228557039,primary_reproduction
MHAS,education,recovery,sesmiddle,-0.854449354222323,0.425517435962819,primary_reproduction
MHAS,education,recovery,sex_factormale,0.242820310219374,1.27483952790085,primary_reproduction
MHAS,education,relapse,(Intercept),-20.5032878032785,1.24604935915272e-09,primary_reproduction
MHAS,education,relapse,"ns(age_model, knots = c(70, 80, 90), Boundary.knots = c(60, 95))1",1.66956856518387,5.30987643736607,primary_reproduction
MHAS,education,relapse,"ns(age_model, knots = c(70, 80, 90), Boundary.knots = c(60, 95))2",0.527823074464801,1.69523788219794,primary_reproduction
MHAS,education,relapse,"ns(age_model, knots = c(70, 80, 90), Boundary.knots = c(60, 95))3",2.36856690709769,10.6820729068228,primary_reproduction
MHAS,education,relapse,"ns(age_model, knots = c(70, 80, 90), Boundary.knots = c(60, 95))4",2.52279744051883,12.4634135999251,primary_reproduction
MHAS,education,relapse,period_factor3,17.7989749172269,53702757.9818793,primary_reproduction
MHAS,education,relapse,period_factor4,17.8733880055699,57851388.0675826,primary_reproduction
MHAS,education,relapse,period_factor5,17.8502519932538,56528302.1244688,primary_reproduction
MHAS,education,relapse,seslow,0.183513899500296,1.20143166459541,primary_reproduction
MHAS,education,relapse,sesmiddle,0.20959255131595,1.23317550184495,primary_reproduction
MHAS,education,relapse,sex_factormale,-0.6200203471777,0.537933492054966,primary_reproduction
MHAS,wealth,death_post,(Intercept),-4.00028794419877,0.0183103657659885,primary_reproduction
MHAS,wealth,death_post,"ns(age_model, knots = c(70, 80, 90), Boundary.knots = c(60, 95))1",0.869320849033832,2.38529033106394,primary_reproduction
MHAS,wealth,death_post,"ns(age_model, knots = c(70, 80, 90), Boundary.knots = c(60, 95))2",2.7601790819573,15.8026726684289,primary_reproduction
MHAS,wealth,death_post,"ns(age_model, knots = c(70, 80, 90), Boundary.knots = c(60, 95))3",2.87999072181325,17.8141078962257,primary_reproduction
MHAS,wealth,death_post,"ns(age_model, knots = c(70, 80, 90), Boundary.knots = c(60, 95))4",1.09753821414881,2.99677950627682,primary_reproduction
MHAS,wealth,death_post,origin_factorD2,0.0798799969876131,1.0831570777633,primary_reproduction
MHAS,wealth,death_post,origin_factorR1,-0.598836341416666,0.549450637182445,primary_reproduction
MHAS,wealth,death_post,period_factor3,-0.0471650726375285,0.953929916865455,primary_reproduction
MHAS,wealth,death_post,period_factor4,-0.348021330552029,0.706083814896201,primary_reproduction
MHAS,wealth,death_post,period_factor5,-0.0851240339812231,0.918398364731122,primary_reproduction
MHAS,wealth,death_post,seslow,0.0270925005014488,1.02746283919581,primary_reproduction
MHAS,wealth,death_post,sesmiddle,-0.0211708638792299,0.979051665711631,primary_reproduction
MHAS,wealth,death_post,sex_factormale,0.222887243066085,1.24967965574504,primary_reproduction
MHAS,wealth,death_pre,(Intercept),-5.5508693522065,0.00388407914253635,primary_reproduction
MHAS,wealth,death_pre,"ns(age_model, knots = c(70, 80, 90), Boundary.knots = c(60, 95))1",1.59660338648841,4.93623742674402,primary_reproduction
MHAS,wealth,death_pre,"ns(age_model, knots = c(70, 80, 90), Boundary.knots = c(60, 95))2",2.63560935497714,13.951811479206,primary_reproduction
MHAS,wealth,death_pre,"ns(age_model, knots = c(70, 80, 90), Boundary.knots = c(60, 95))3",5.02506855015665,152.180687765105,primary_reproduction
MHAS,wealth,death_pre,"ns(age_model, knots = c(70, 80, 90), Boundary.knots = c(60, 95))4",3.48913484724969,32.7575951198298,primary_reproduction
MHAS,wealth,death_pre,period_factor3,-0.247944233394331,0.78040346251672,primary_reproduction
MHAS,wealth,death_pre,period_factor4,-0.308979133118002,0.734196090249599,primary_reproduction
MHAS,wealth,death_pre,period_factor5,-0.135047169138767,0.873674700232915,primary_reproduction
MHAS,wealth,death_pre,seslow,0.347545391579282,1.41558856495695,primary_reproduction
MHAS,wealth,death_pre,sesmiddle,0.190837631121339,1.2102629270926,primary_reproduction
MHAS,wealth,death_pre,sex_factormale,0.658240720571695,1.93139148644815,primary_reproduction
MHAS,wealth,onset,(Intercept),-3.18317171905005,0.04145396605737,primary_reproduction
MHAS,wealth,onset,"ns(age_model, knots = c(70, 80, 90), Boundary.knots = c(60, 95))1",1.01927900081491,2.77119601343473,primary_reproduction
MHAS,wealth,onset,"ns(age_model, knots = c(70, 80, 90), Boundary.knots = c(60, 95))2",1.57307142582661,4.82143415254096,primary_reproduction
MHAS,wealth,onset,"ns(age_model, knots = c(70, 80, 90), Boundary.knots = c(60, 95))3",1.3283776815937,3.77491430429267,primary_reproduction
MHAS,wealth,onset,"ns(age_model, knots = c(70, 80, 90), Boundary.knots = c(60, 95))4",0.50360636275352,1.65467789209457,primary_reproduction
MHAS,wealth,onset,period_factor2,-16.7534490812728,5.29748226145287e-08,primary_reproduction
MHAS,wealth,onset,period_factor3,0.0703935120889153,1.07293030923979,primary_reproduction
MHAS,wealth,onset,period_factor4,-0.120850369681963,0.886166547055346,primary_reproduction
MHAS,wealth,onset,period_factor5,-0.0936613680922619,0.910591065226794,primary_reproduction
MHAS,wealth,onset,seslow,0.231419658242635,1.26038806071797,primary_reproduction
MHAS,wealth,onset,sesmiddle,0.0513648374672336,1.05270689014626,primary_reproduction
MHAS,wealth,onset,sex_factormale,-0.568550203781011,0.566345929971161,primary_reproduction
MHAS,wealth,recovery,(Intercept),-0.41376385199692,0.661157063752688,primary_reproduction
MHAS,wealth,recovery,"ns(age_model, knots = c(70, 80, 90), Boundary.knots = c(60, 95))1",-1.15065083464864,0.31643075824537,primary_reproduction
MHAS,wealth,recovery,"ns(age_model, knots = c(70, 80, 90), Boundary.knots = c(60, 95))2",-1.36532736931177,0.255297085875106,primary_reproduction
MHAS,wealth,recovery,"ns(age_model, knots = c(70, 80, 90), Boundary.knots = c(60, 95))3",-4.20677810999286,0.0148942788436222,primary_reproduction
MHAS,wealth,recovery,"ns(age_model, knots = c(70, 80, 90), Boundary.knots = c(60, 95))4",-4.23307381846275,0.0145077278193976,primary_reproduction
MHAS,wealth,recovery,origin_factorD2,-0.00939594631152505,0.990648057664509,primary_reproduction
MHAS,wealth,recovery,period_factor2,-18.0511055746583,1.44711970317093e-08,primary_reproduction
MHAS,wealth,recovery,period_factor3,-0.845061077123995,0.429531122883906,primary_reproduction
MHAS,wealth,recovery,period_factor4,-0.626624454628533,0.534392626469766,primary_reproduction
MHAS,wealth,recovery,period_factor5,-1.04635472067974,0.351215697776168,primary_reproduction
MHAS,wealth,recovery,seslow,-0.028492347327905,0.971909731824161,primary_reproduction
MHAS,wealth,recovery,sesmiddle,-0.334582584592849,0.715636741818486,primary_reproduction
MHAS,wealth,recovery,sex_factormale,0.239532828052337,1.27065539708311,primary_reproduction
MHAS,wealth,relapse,(Intercept),-20.0212138256272,2.01788919342687e-09,primary_reproduction
MHAS,wealth,relapse,"ns(age_model, knots = c(70, 80, 90), Boundary.knots = c(60, 95))1",1.61409095498942,5.02331942383865,primary_reproduction
MHAS,wealth,relapse,"ns(age_model, knots = c(70, 80, 90), Boundary.knots = c(60, 95))2",0.399721550381429,1.49140935745158,primary_reproduction
MHAS,wealth,relapse,"ns(age_model, knots = c(70, 80, 90), Boundary.knots = c(60, 95))3",2.09273844066734,8.10708556709451,primary_reproduction
MHAS,wealth,relapse,"ns(age_model, knots = c(70, 80, 90), Boundary.knots = c(60, 95))4",2.54345320729908,12.7235321905365,primary_reproduction
MHAS,wealth,relapse,period_factor3,17.8015957381346,53843687.8881541,primary_reproduction
MHAS,wealth,relapse,period_factor4,17.857022130447,56912304.8941457,primary_reproduction
MHAS,wealth,relapse,period_factor5,17.8302415223825,55408386.5695645,primary_reproduction
MHAS,wealth,relapse,seslow,-0.141166150038613,0.868345024152017,primary_reproduction
MHAS,wealth,relapse,sesmiddle,-0.410453417907403,0.663349407437543,primary_reproduction
MHAS,wealth,relapse,sex_factormale,-0.560615494316395,0.570857596090842,primary_reproduction
CHARLS,education,death_post,(Intercept),-4.67084665124242,0.00936433784152616,unweighted
CHARLS,education,death_post,"ns(age_model, knots = c(70, 80, 90), Boundary.knots = c(60, 95))1",1.79264137774541,6.00529378507808,unweighted
CHARLS,education,death_post,"ns(age_model, knots = c(70, 80, 90), Boundary.knots = c(60, 95))2",2.35479575770614,10.5359767498674,unweighted
CHARLS,education,death_post,"ns(age_model, knots = c(70, 80, 90), Boundary.knots = c(60, 95))3",3.22172745471617,25.0713924902983,unweighted
CHARLS,education,death_post,"ns(age_model, knots = c(70, 80, 90), Boundary.knots = c(60, 95))4",2.47863696138657,11.924999101,unweighted
CHARLS,education,death_post,origin_factorD2,-0.531527258451282,0.587706703880565,unweighted
CHARLS,education,death_post,origin_factorR1,-0.973459414783665,0.377773898371418,unweighted
CHARLS,education,death_post,period_factor2,0.196170903701748,1.21673483205293,unweighted
CHARLS,education,death_post,period_factor3,0.21937481031427,1.24529793973916,unweighted
CHARLS,education,death_post,period_factor4,0.176617886219343,1.19317507736794,unweighted
CHARLS,education,death_post,seslow,0.211913756511307,1.23604127996942,unweighted
CHARLS,education,death_post,sesmiddle,-0.0950694480611824,0.909309782473958,unweighted
CHARLS,education,death_post,sex_factormale,0.643979297302619,1.90404257569329,unweighted
CHARLS,education,death_pre,(Intercept),-5.90531034885838,0.00272493596872561,unweighted
CHARLS,education,death_pre,"ns(age_model, knots = c(70, 80, 90), Boundary.knots = c(60, 95))1",2.00804069758219,7.44870876758186,unweighted
CHARLS,education,death_pre,"ns(age_model, knots = c(70, 80, 90), Boundary.knots = c(60, 95))2",2.30203645937417,9.99451516852026,unweighted
CHARLS,education,death_pre,"ns(age_model, knots = c(70, 80, 90), Boundary.knots = c(60, 95))3",3.28971542863424,26.835226032303,unweighted
CHARLS,education,death_pre,"ns(age_model, knots = c(70, 80, 90), Boundary.knots = c(60, 95))4",1.63362177325232,5.12239331030295,unweighted
CHARLS,education,death_pre,period_factor2,0.111281967852388,1.11771002072052,unweighted
CHARLS,education,death_pre,period_factor3,0.186798991008469,1.20538496748002,unweighted
CHARLS,education,death_pre,period_factor4,-0.207944071613874,0.812252463411012,unweighted
CHARLS,education,death_pre,seslow,0.392384201607497,1.48050641509144,unweighted
CHARLS,education,death_pre,sesmiddle,-0.202815808967723,0.816428606405038,unweighted
CHARLS,education,death_pre,sex_factormale,0.465178564024736,1.59229849073039,unweighted
CHARLS,education,onset,(Intercept),-2.83100108118932,0.0589538065721118,unweighted
CHARLS,education,onset,"ns(age_model, knots = c(70, 80, 90), Boundary.knots = c(60, 95))1",0.781623859407829,2.18501754750016,unweighted
CHARLS,education,onset,"ns(age_model, knots = c(70, 80, 90), Boundary.knots = c(60, 95))2",1.09611474416014,2.99251671528431,unweighted
CHARLS,education,onset,"ns(age_model, knots = c(70, 80, 90), Boundary.knots = c(60, 95))3",1.265151225935,3.54362858413684,unweighted
CHARLS,education,onset,"ns(age_model, knots = c(70, 80, 90), Boundary.knots = c(60, 95))4",0.677575454509372,1.96909777283177,unweighted
CHARLS,education,onset,period_factor2,-0.0998448651744921,0.90497780071976,unweighted
CHARLS,education,onset,period_factor3,-0.625239182868309,0.535133418464738,unweighted
CHARLS,education,onset,period_factor4,-0.447172669262885,0.639433488232925,unweighted
CHARLS,education,onset,seslow,0.70822570479853,2.0303855574518,unweighted
CHARLS,education,onset,sesmiddle,0.0876749230895106,1.09163319959487,unweighted
CHARLS,education,onset,sex_factormale,-0.407588191838988,0.665252778944884,unweighted
CHARLS,education,recovery,(Intercept),-0.820406678727751,0.440252576737112,unweighted
CHARLS,education,recovery,"ns(age_model, knots = c(70, 80, 90), Boundary.knots = c(60, 95))1",-0.884307822050754,0.412999943819759,unweighted
CHARLS,education,recovery,"ns(age_model, knots = c(70, 80, 90), Boundary.knots = c(60, 95))2",-1.41422293862997,0.243114454919949,unweighted
CHARLS,education,recovery,"ns(age_model, knots = c(70, 80, 90), Boundary.knots = c(60, 95))3",-2.96694411211399,0.0514603272873895,unweighted
CHARLS,education,recovery,"ns(age_model, knots = c(70, 80, 90), Boundary.knots = c(60, 95))4",-2.97304902309745,0.0511471235832431,unweighted
CHARLS,education,recovery,origin_factorD2,0.224887764210344,1.25218216865029,unweighted
CHARLS,education,recovery,period_factor2,-0.148547993182768,0.861958638039335,unweighted
CHARLS,education,recovery,period_factor3,-0.648901390393243,0.522619616421699,unweighted
CHARLS,education,recovery,period_factor4,-0.250435130429905,0.778461976869646,unweighted
CHARLS,education,recovery,seslow,-0.402584046305677,0.668590144033088,unweighted
CHARLS,education,recovery,sesmiddle,-0.379039353375032,0.684518674016124,unweighted
CHARLS,education,recovery,sex_factormale,0.133968189237626,1.14335644802587,unweighted
CHARLS,education,relapse,(Intercept),-1.63334864709297,0.195274572424923,unweighted
CHARLS,education,relapse,"ns(age_model, knots = c(70, 80, 90), Boundary.knots = c(60, 95))1",0.65744527566282,1.92985578178841,unweighted
CHARLS,education,relapse,"ns(age_model, knots = c(70, 80, 90), Boundary.knots = c(60, 95))2",0.232718205823353,1.26202579769454,unweighted
CHARLS,education,relapse,"ns(age_model, knots = c(70, 80, 90), Boundary.knots = c(60, 95))3",0.216495511945921,1.24171751244598,unweighted
CHARLS,education,relapse,"ns(age_model, knots = c(70, 80, 90), Boundary.knots = c(60, 95))4",0.05413751851143,1.05562976080718,unweighted
CHARLS,education,relapse,period_factor3,-0.586745485141265,0.556134289987037,unweighted
CHARLS,education,relapse,period_factor4,-0.250951075178925,0.778060437095445,unweighted
CHARLS,education,relapse,seslow,0.318607493615936,1.37521143968926,unweighted
CHARLS,education,relapse,sesmiddle,0.176490911777115,1.19302358424609,unweighted
CHARLS,education,relapse,sex_factormale,-0.372774075992434,0.688820836429862,unweighted
CHARLS,wealth,death_post,(Intercept),-24.3025103772016,2.78967651797424e-11,unweighted
CHARLS,wealth,death_post,"ns(age_model, knots = c(70, 80, 90), Boundary.knots = c(60, 95))1",1.84420015432398,6.32304031081846,unweighted
CHARLS,wealth,death_post,"ns(age_model, knots = c(70, 80, 90), Boundary.knots = c(60, 95))2",1.92389177507185,6.84755582732507,unweighted
CHARLS,wealth,death_post,"ns(age_model, knots = c(70, 80, 90), Boundary.knots = c(60, 95))3",2.71773034043463,15.145907151412,unweighted
CHARLS,wealth,death_post,"ns(age_model, knots = c(70, 80, 90), Boundary.knots = c(60, 95))4",2.06195152495752,7.86129636643341,unweighted
CHARLS,wealth,death_post,origin_factorD2,-0.474837911719519,0.621985864914193,unweighted
CHARLS,wealth,death_post,origin_factorR1,-1.00291346768481,0.366809196126904,unweighted
CHARLS,wealth,death_post,period_factor2,0.15411495195851,1.16662498489773,unweighted
CHARLS,wealth,death_post,period_factor3,19.1919484157517,216250586.465482,unweighted
CHARLS,wealth,death_post,period_factor4,19.9181114125619,447018890.612041,unweighted
CHARLS,wealth,death_post,seslow,0.163212645793233,1.17728700820266,unweighted
CHARLS,wealth,death_post,sesmiddle,-0.063204234752335,0.938751728382522,unweighted
CHARLS,wealth,death_post,sex_factormale,0.792919255227622,2.20983810066296,unweighted
CHARLS,wealth,death_pre,(Intercept),-25.2192348189847,1.11538674798511e-11,unweighted
CHARLS,wealth,death_pre,"ns(age_model, knots = c(70, 80, 90), Boundary.knots = c(60, 95))1",1.76993805399309,5.87048969672363,unweighted
CHARLS,wealth,death_pre,"ns(age_model, knots = c(70, 80, 90), Boundary.knots = c(60, 95))2",1.84522193117505,6.32950434887627,unweighted
CHARLS,wealth,death_pre,"ns(age_model, knots = c(70, 80, 90), Boundary.knots = c(60, 95))3",2.15267926612223,8.60789035804396,unweighted
CHARLS,wealth,death_pre,"ns(age_model, knots = c(70, 80, 90), Boundary.knots = c(60, 95))4",1.04328856202128,2.83853638524071,unweighted
CHARLS,wealth,death_pre,period_factor2,-0.026949270293852,0.97341062110659,unweighted
CHARLS,wealth,death_pre,period_factor3,19.5135512460503,298282399.794663,unweighted
CHARLS,wealth,death_pre,period_factor4,19.5784190952449,318272691.984014,unweighted
CHARLS,wealth,death_pre,seslow,0.162955762391347,1.17698462155171,unweighted
CHARLS,wealth,death_pre,sesmiddle,0.173320884116535,1.18924765454715,unweighted
CHARLS,wealth,death_pre,sex_factormale,0.602922682181652,1.82745206446277,unweighted
CHARLS,wealth,onset,(Intercept),-2.4559966108434,0.0857776658764663,unweighted
CHARLS,wealth,onset,"ns(age_model, knots = c(70, 80, 90), Boundary.knots = c(60, 95))1",0.604404418550364,1.83016187376447,unweighted
CHARLS,wealth,onset,"ns(age_model, knots = c(70, 80, 90), Boundary.knots = c(60, 95))2",1.335553959737,3.80210157433705,unweighted
CHARLS,wealth,onset,"ns(age_model, knots = c(70, 80, 90), Boundary.knots = c(60, 95))3",1.1051012073592,3.01953005200525,unweighted
CHARLS,wealth,onset,"ns(age_model, knots = c(70, 80, 90), Boundary.knots = c(60, 95))4",0.513756758216944,1.6715590573763,unweighted
CHARLS,wealth,onset,period_factor2,-0.0238033230681448,0.976477741519408,unweighted
CHARLS,wealth,onset,period_factor3,-0.546881778035087,0.578751675800024,unweighted
CHARLS,wealth,onset,period_factor4,-0.369126339346648,0.691338061733602,unweighted
CHARLS,wealth,onset,seslow,0.523797908396321,1.68842798287883,unweighted
CHARLS,wealth,onset,sesmiddle,0.350289400058575,1.41947828625583,unweighted
CHARLS,wealth,onset,sex_factormale,-0.479095399590133,0.619343396768159,unweighted
CHARLS,wealth,recovery,(Intercept),-0.994202317533497,0.370018484111528,unweighted
CHARLS,wealth,recovery,"ns(age_model, knots = c(70, 80, 90), Boundary.knots = c(60, 95))1",-0.6103055577536,0.54318486936607,unweighted
CHARLS,wealth,recovery,"ns(age_model, knots = c(70, 80, 90), Boundary.knots = c(60, 95))2",-1.22232137330398,0.294545622345148,unweighted
CHARLS,wealth,recovery,"ns(age_model, knots = c(70, 80, 90), Boundary.knots = c(60, 95))3",-1.88486333328125,0.151849810826774,unweighted
CHARLS,wealth,recovery,"ns(age_model, knots = c(70, 80, 90), Boundary.knots = c(60, 95))4",-1.79700272165773,0.165795078237581,unweighted
CHARLS,wealth,recovery,origin_factorD2,0.215225514668278,1.24014153554058,unweighted
CHARLS,wealth,recovery,period_factor2,-0.16435191239544,0.848443391591109,unweighted
CHARLS,wealth,recovery,period_factor3,-0.76243672201595,0.466528241215461,unweighted
CHARLS,wealth,recovery,period_factor4,-0.450241995937129,0.637473866868577,unweighted
CHARLS,wealth,recovery,seslow,-0.235987471029861,0.789790569133271,unweighted
CHARLS,wealth,recovery,sesmiddle,-0.130643885061944,0.877530220374472,unweighted
CHARLS,wealth,recovery,sex_factormale,0.158322495794806,1.17154395178974,unweighted
CHARLS,wealth,relapse,(Intercept),-1.43940241891287,0.237069384541978,unweighted
CHARLS,wealth,relapse,"ns(age_model, knots = c(70, 80, 90), Boundary.knots = c(60, 95))1",0.610023905043343,1.84047539489986,unweighted
CHARLS,wealth,relapse,"ns(age_model, knots = c(70, 80, 90), Boundary.knots = c(60, 95))2",0.600374336981272,1.82280101452279,unweighted
CHARLS,wealth,relapse,"ns(age_model, knots = c(70, 80, 90), Boundary.knots = c(60, 95))3",0.65259026249755,1.92050901425996,unweighted
CHARLS,wealth,relapse,"ns(age_model, knots = c(70, 80, 90), Boundary.knots = c(60, 95))4",0.428056540744364,1.53427282744292,unweighted
CHARLS,wealth,relapse,period_factor3,-0.581122282485825,0.559270354903924,unweighted
CHARLS,wealth,relapse,period_factor4,-0.30213206138276,0.739240433329177,unweighted
CHARLS,wealth,relapse,seslow,0.147995601339551,1.15950779607067,unweighted
CHARLS,wealth,relapse,sesmiddle,0.180061413045331,1.19729089014374,unweighted
CHARLS,wealth,relapse,sex_factormale,-0.362043114080545,0.696252348914806,unweighted
ELSA,education,death_post,(Intercept),-3.5177407095548,0.0296663844894533,unweighted
ELSA,education,death_post,"ns(age_model, knots = c(70, 80, 90), Boundary.knots = c(60, 95))1",1.50216062431307,4.49138278517392,unweighted
ELSA,education,death_post,"ns(age_model, knots = c(70, 80, 90), Boundary.knots = c(60, 95))2",1.90522124688622,6.72089444012009,unweighted
ELSA,education,death_post,"ns(age_model, knots = c(70, 80, 90), Boundary.knots = c(60, 95))3",3.33017828009691,27.9433229975225,unweighted
ELSA,education,death_post,"ns(age_model, knots = c(70, 80, 90), Boundary.knots = c(60, 95))4",2.86502168697317,17.5494337945595,unweighted
ELSA,education,death_post,origin_factorD2,-0.141253792160032,0.868268923886819,unweighted
ELSA,education,death_post,origin_factorR1,-0.589648061823705,0.554522408001816,unweighted
ELSA,education,death_post,period_factor2,-0.090561647408051,0.913418022311696,unweighted
ELSA,education,death_post,period_factor3,-0.123251730188136,0.88404109471738,unweighted
ELSA,education,death_post,period_factor4,-0.0989476293073301,0.905790143638655,unweighted
ELSA,education,death_post,period_factor5,-0.326283416987801,0.721600644566545,unweighted
ELSA,education,death_post,proxy_factorself,-0.900381075025887,0.406414755713891,unweighted
ELSA,education,death_post,seslow,0.286597597571964,1.33188815060073,unweighted
ELSA,education,death_post,sesmiddle,0.04464904350963,1.0456608140545,unweighted
ELSA,education,death_post,sex_factormale,0.568537255952561,1.76568242011785,unweighted
ELSA,education,death_pre,(Intercept),-5.14137544374483,0.00584963832904266,unweighted
ELSA,education,death_pre,"ns(age_model, knots = c(70, 80, 90), Boundary.knots = c(60, 95))1",2.02440346453703,7.57159287351575,unweighted
ELSA,education,death_pre,"ns(age_model, knots = c(70, 80, 90), Boundary.knots = c(60, 95))2",3.13287379828306,22.9398092909801,unweighted
ELSA,education,death_pre,"ns(age_model, knots = c(70, 80, 90), Boundary.knots = c(60, 95))3",3.95322289185314,52.10301892265,unweighted
ELSA,education,death_pre,"ns(age_model, knots = c(70, 80, 90), Boundary.knots = c(60, 95))4",2.19172958159988,8.95068066723416,unweighted
ELSA,education,death_pre,period_factor2,-0.118127360400602,0.88858287513666,unweighted
ELSA,education,death_pre,period_factor3,-0.148332609651999,0.862144309728767,unweighted
ELSA,education,death_pre,period_factor4,-0.21784988113573,0.804246165125801,unweighted
ELSA,education,death_pre,period_factor5,-0.844089124619542,0.429948809687519,unweighted
ELSA,education,death_pre,proxy_factorself,-0.743065252459785,0.475653680056397,unweighted
ELSA,education,death_pre,seslow,0.337701050285857,1.4017213965517,unweighted
ELSA,education,death_pre,sesmiddle,-0.0618131965168603,0.940058476587967,unweighted
ELSA,education,death_pre,sex_factormale,0.514935724415253,1.67353093116129,unweighted
ELSA,education,onset,(Intercept),-3.51307523239923,0.0298051157005823,unweighted
ELSA,education,onset,"ns(age_model, knots = c(70, 80, 90), Boundary.knots = c(60, 95))1",1.26570475501747,3.54559062858985,unweighted
ELSA,education,onset,"ns(age_model, knots = c(70, 80, 90), Boundary.knots = c(60, 95))2",1.45794640649731,4.29712591126874,unweighted
ELSA,education,onset,"ns(age_model, knots = c(70, 80, 90), Boundary.knots = c(60, 95))3",2.5514711940013,12.8259593836447,unweighted
ELSA,education,onset,"ns(age_model, knots = c(70, 80, 90), Boundary.knots = c(60, 95))4",2.54946405369133,12.8002417016837,unweighted
ELSA,education,onset,period_factor10,-0.520857693933834,0.594010849916371,unweighted
ELSA,education,onset,period_factor2,-0.20481149687385,0.814800894451783,unweighted
ELSA,education,onset,period_factor3,-0.258025716205799,0.772575364144405,unweighted
ELSA,education,onset,period_factor4,-0.273333958800198,0.760838656431775,unweighted
ELSA,education,onset,period_factor5,-0.395252655035837,0.673509852094635,unweighted
ELSA,education,onset,period_factor6,-0.526034730555214,0.590943580526505,unweighted
ELSA,education,onset,period_factor7,-0.502431898310785,0.605057430923213,unweighted
ELSA,education,onset,period_factor8,-0.647379493336844,0.523415595222809,unweighted
ELSA,education,onset,period_factor9,-0.825005782597666,0.438232458335632,unweighted
ELSA,education,onset,proxy_factorself,-0.0149346152487744,0.985176353007967,unweighted
ELSA,education,onset,seslow,0.414959524893408,1.51430944761533,unweighted
ELSA,education,onset,sesmiddle,0.217053429394018,1.24241048160359,unweighted
ELSA,education,onset,sex_factormale,-0.0679745527759132,0.934284248215338,unweighted
ELSA,education,recovery,(Intercept),-2.69386826778997,0.067618864934285,unweighted
ELSA,education,recovery,"ns(age_model, knots = c(70, 80, 90), Boundary.knots = c(60, 95))1",-0.194869953343418,0.822941671910465,unweighted
ELSA,education,recovery,"ns(age_model, knots = c(70, 80, 90), Boundary.knots = c(60, 95))2",-0.87438212267759,0.417119668856637,unweighted
ELSA,education,recovery,"ns(age_model, knots = c(70, 80, 90), Boundary.knots = c(60, 95))3",-2.20809184225276,0.109910174498593,unweighted
ELSA,education,recovery,"ns(age_model, knots = c(70, 80, 90), Boundary.knots = c(60, 95))4",-2.41535039248306,0.0893360307633556,unweighted
ELSA,education,recovery,origin_factorD2,0.0565631949541064,1.058193485176,unweighted
ELSA,education,recovery,period_factor10,0.399854091604923,1.49160704377305,unweighted
ELSA,education,recovery,period_factor2,0.307313973436463,1.35976783203552,unweighted
ELSA,education,recovery,period_factor3,0.0846817996243725,1.08837069163008,unweighted
ELSA,education,recovery,period_factor4,0.175887511378,1.19230393048072,unweighted
ELSA,education,recovery,period_factor5,0.284498357887424,1.32909513077435,unweighted
ELSA,education,recovery,period_factor6,0.419258445132381,1.5208333559814,unweighted
ELSA,education,recovery,period_factor7,0.329957204063248,1.39090860195349,unweighted
ELSA,education,recovery,period_factor8,0.220274099838979,1.24641832683219,unweighted
ELSA,education,recovery,period_factor9,-0.387048294561732,0.679058299311762,unweighted
ELSA,education,recovery,proxy_factorself,1.11502129898388,3.04963313257789,unweighted
ELSA,education,recovery,seslow,-0.377384472954945,0.685652408405618,unweighted
ELSA,education,recovery,sesmiddle,-0.106678511973315,0.898814584674176,unweighted
ELSA,education,recovery,sex_factormale,-0.0364780071614262,0.964179298702819,unweighted
ELSA,education,relapse,(Intercept),-1.9366099360016,0.14419194205945,unweighted
ELSA,education,relapse,"ns(age_model, knots = c(70, 80, 90), Boundary.knots = c(60, 95))1",0.469697189384102,1.59950977133802,unweighted
ELSA,education,relapse,"ns(age_model, knots = c(70, 80, 90), Boundary.knots = c(60, 95))2",0.912310160344105,2.49006835110816,unweighted
ELSA,education,relapse,"ns(age_model, knots = c(70, 80, 90), Boundary.knots = c(60, 95))3",1.56501345168439,4.78273927136175,unweighted
ELSA,education,relapse,"ns(age_model, knots = c(70, 80, 90), Boundary.knots = c(60, 95))4",1.48857141385036,4.43076127138708,unweighted
ELSA,education,relapse,period_factor10,-0.403759473497887,0.667804726688229,unweighted
ELSA,education,relapse,period_factor3,-0.291925101939497,0.74682446958298,unweighted
ELSA,education,relapse,period_factor4,-0.302212901913146,0.739180675155938,unweighted
ELSA,education,relapse,period_factor5,-0.32700160020354,0.721082589146772,unweighted
ELSA,education,relapse,period_factor6,-0.416254231440264,0.659512580336067,unweighted
ELSA,education,relapse,period_factor7,-0.438003470203413,0.645323543449446,unweighted
ELSA,education,relapse,period_factor8,-0.414195362955863,0.660871828779531,unweighted
ELSA,education,relapse,period_factor9,-0.705105549001906,0.49405642434153,unweighted
ELSA,education,relapse,proxy_factorself,-0.0894993945443764,0.914388818745989,unweighted
ELSA,education,relapse,seslow,0.485763961269474,1.62541628973072,unweighted
ELSA,education,relapse,sesmiddle,0.216270132884957,1.24143768685364,unweighted
ELSA,education,relapse,sex_factormale,-0.0238560062695455,0.976426298900981,unweighted
ELSA,wealth,death_post,(Intercept),-3.70212040032426,0.0246711582372251,unweighted
ELSA,wealth,death_post,"ns(age_model, knots = c(70, 80, 90), Boundary.knots = c(60, 95))1",1.63935599226727,5.15185061201868,unweighted
ELSA,wealth,death_post,"ns(age_model, knots = c(70, 80, 90), Boundary.knots = c(60, 95))2",1.94481084378585,6.99230909121657,unweighted
ELSA,wealth,death_post,"ns(age_model, knots = c(70, 80, 90), Boundary.knots = c(60, 95))3",3.56614413872095,35.3799097807367,unweighted
ELSA,wealth,death_post,"ns(age_model, knots = c(70, 80, 90), Boundary.knots = c(60, 95))4",3.03138378178473,20.7258928680534,unweighted
ELSA,wealth,death_post,origin_factorD2,-0.0409814600885257,0.95984692525986,unweighted
ELSA,wealth,death_post,origin_factorR1,-0.514978735907843,0.59751330006103,unweighted
ELSA,wealth,death_post,period_factor2,-0.0584054078978824,0.943267461831853,unweighted
ELSA,wealth,death_post,period_factor3,-0.124029695277676,0.883353609062565,unweighted
ELSA,wealth,death_post,period_factor4,-0.0714031487696972,0.931086450096343,unweighted
ELSA,wealth,death_post,period_factor5,-0.306112155047978,0.736304034610705,unweighted
ELSA,wealth,death_post,proxy_factorself,-0.920234139562332,0.398425742933474,unweighted
ELSA,wealth,death_post,seslow,0.482422870645054,1.61999468867794,unweighted
ELSA,wealth,death_post,sesmiddle,0.11573721345199,1.12270080269643,unweighted
ELSA,wealth,death_post,sex_factormale,0.592200613404702,1.8079626677794,unweighted
ELSA,wealth,death_pre,(Intercept),-5.13787207625418,0.00587016770176778,unweighted
ELSA,wealth,death_pre,"ns(age_model, knots = c(70, 80, 90), Boundary.knots = c(60, 95))1",2.15014421393057,8.58609654262748,unweighted
ELSA,wealth,death_pre,"ns(age_model, knots = c(70, 80, 90), Boundary.knots = c(60, 95))2",3.12698968468894,22.8052251896608,unweighted
ELSA,wealth,death_pre,"ns(age_model, knots = c(70, 80, 90), Boundary.knots = c(60, 95))3",4.27716740890164,72.0361019197694,unweighted
ELSA,wealth,death_pre,"ns(age_model, knots = c(70, 80, 90), Boundary.knots = c(60, 95))4",2.4824562208715,11.9706308512036,unweighted
ELSA,wealth,death_pre,period_factor2,-0.0534365320530941,0.947966104556947,unweighted
ELSA,wealth,death_pre,period_factor3,-0.151869763853775,0.859100159349621,unweighted
ELSA,wealth,death_pre,period_factor4,-0.300266398335808,0.740620894225479,unweighted
ELSA,wealth,death_pre,period_factor5,-0.852132870598794,0.426504282700614,unweighted
ELSA,wealth,death_pre,proxy_factorself,-0.909404603388139,0.40276395695382,unweighted
ELSA,wealth,death_pre,seslow,0.470761367307893,1.60121284034907,unweighted
ELSA,wealth,death_pre,sesmiddle,0.319666556638165,1.37666864677365,unweighted
ELSA,wealth,death_pre,sex_factormale,0.551642631678509,1.7361024538276,unweighted
ELSA,wealth,onset,(Intercept),-3.47407253099642,0.0309905632851253,unweighted
ELSA,wealth,onset,"ns(age_model, knots = c(70, 80, 90), Boundary.knots = c(60, 95))1",1.25643273373891,3.51286777476765,unweighted
ELSA,wealth,onset,"ns(age_model, knots = c(70, 80, 90), Boundary.knots = c(60, 95))2",1.64130715834943,5.16191254124852,unweighted
ELSA,wealth,onset,"ns(age_model, knots = c(70, 80, 90), Boundary.knots = c(60, 95))3",2.36787322307616,10.6746654930298,unweighted
ELSA,wealth,onset,"ns(age_model, knots = c(70, 80, 90), Boundary.knots = c(60, 95))4",2.08229026953039,8.02282231465202,unweighted
ELSA,wealth,onset,period_factor10,-0.533642385421064,0.586464943284474,unweighted
ELSA,wealth,onset,period_factor2,-0.202705446730159,0.816518714265014,unweighted
ELSA,wealth,onset,period_factor3,-0.26855492214533,0.764483434586524,unweighted
ELSA,wealth,onset,period_factor4,-0.28549548780526,0.751641732724561,unweighted
ELSA,wealth,onset,period_factor5,-0.411176598580104,0.662869859387677,unweighted
ELSA,wealth,onset,period_factor6,-0.56340539426696,0.569267180094073,unweighted
ELSA,wealth,onset,period_factor7,-0.516350902190944,0.596693974710847,unweighted
ELSA,wealth,onset,period_factor8,-0.662337922719124,0.515644387438602,unweighted
ELSA,wealth,onset,period_factor9,-0.793861329908851,0.452095729832916,unweighted
ELSA,wealth,onset,proxy_factorself,-0.0847153859454802,0.918773743112494,unweighted
ELSA,wealth,onset,seslow,0.634892648300185,1.88681957729726,unweighted
ELSA,wealth,onset,sesmiddle,0.305554075850069,1.35737688443843,unweighted
ELSA,wealth,onset,sex_factormale,-0.0909082395929993,0.913101493619926,unweighted
ELSA,wealth,recovery,(Intercept),-2.63329442284246,0.0718413960189133,unweighted
ELSA,wealth,recovery,"ns(age_model, knots = c(70, 80, 90), Boundary.knots = c(60, 95))1",-0.371930931266659,0.689401856992894,unweighted
ELSA,wealth,recovery,"ns(age_model, knots = c(70, 80, 90), Boundary.knots = c(60, 95))2",-0.915338405296088,0.400381112074002,unweighted
ELSA,wealth,recovery,"ns(age_model, knots = c(70, 80, 90), Boundary.knots = c(60, 95))3",-2.60434291571608,0.0739517137452363,unweighted
ELSA,wealth,recovery,"ns(age_model, knots = c(70, 80, 90), Boundary.knots = c(60, 95))4",-2.82458752019229,0.0593331254988726,unweighted
ELSA,wealth,recovery,origin_factorD2,0.081940316682574,1.08539102815911,unweighted
ELSA,wealth,recovery,period_factor10,0.512844944291215,1.67003560120993,unweighted
ELSA,wealth,recovery,period_factor2,0.299890152571646,1.34971053720106,unweighted
ELSA,wealth,recovery,period_factor3,0.0964685129503616,1.10127490470028,unweighted
ELSA,wealth,recovery,period_factor4,0.188592742716143,1.20754906917413,unweighted
ELSA,wealth,recovery,period_factor5,0.296980598493951,1.34578918885772,unweighted
ELSA,wealth,recovery,period_factor6,0.455190722412887,1.57647402329324,unweighted
ELSA,wealth,recovery,period_factor7,0.348756649794511,1.41730424709291,unweighted
ELSA,wealth,recovery,period_factor8,0.280593221763527,1.3239149545968,unweighted
ELSA,wealth,recovery,period_factor9,-0.303182739116839,0.738464137755399,unweighted
ELSA,wealth,recovery,proxy_factorself,1.13586358567514,3.11386146826953,unweighted
ELSA,wealth,recovery,seslow,-0.49778284117509,0.60787692640944,unweighted
ELSA,wealth,recovery,sesmiddle,-0.212574736569241,0.808499889555459,unweighted
ELSA,wealth,recovery,sex_factormale,-0.0111623530605925,0.988899714846374,unweighted
ELSA,wealth,relapse,(Intercept),-1.88202376023812,0.152281612231877,unweighted
ELSA,wealth,relapse,"ns(age_model, knots = c(70, 80, 90), Boundary.knots = c(60, 95))1",0.641337407318468,1.8990189435468,unweighted
ELSA,wealth,relapse,"ns(age_model, knots = c(70, 80, 90), Boundary.knots = c(60, 95))2",0.975664660050088,2.65292992165064,unweighted
ELSA,wealth,relapse,"ns(age_model, knots = c(70, 80, 90), Boundary.knots = c(60, 95))3",1.82092968920771,6.17759902813926,unweighted
ELSA,wealth,relapse,"ns(age_model, knots = c(70, 80, 90), Boundary.knots = c(60, 95))4",1.78325791020316,5.94920686220896,unweighted
ELSA,wealth,relapse,period_factor10,-0.45320021488053,0.635590866137088,unweighted
ELSA,wealth,relapse,period_factor3,-0.305914487255849,0.73644959258915,unweighted
ELSA,wealth,relapse,period_factor4,-0.298769973636821,0.741730007269291,unweighted
ELSA,wealth,relapse,period_factor5,-0.357390333434618,0.699499406433919,unweighted
ELSA,wealth,relapse,period_factor6,-0.456430846032819,0.633540819739736,unweighted
ELSA,wealth,relapse,period_factor7,-0.4742421961268,0.622356501978551,unweighted
ELSA,wealth,relapse,period_factor8,-0.485687887443323,0.615273812030958,unweighted
ELSA,wealth,relapse,period_factor9,-0.751718350316414,0.471555558511298,unweighted
ELSA,wealth,relapse,proxy_factorself,-0.0755755931488676,0.927209637188608,unweighted
ELSA,wealth,relapse,seslow,0.447278721198806,1.56405017247911,unweighted
ELSA,wealth,relapse,sesmiddle,0.177087620228767,1.19373568393865,unweighted
ELSA,wealth,relapse,sex_factormale,-0.0285497576622234,0.97185393576318,unweighted
HRS,education,death_post,(Intercept),-3.11423485821598,0.0444124759914532,unweighted
HRS,education,death_post,"ns(age_model, knots = c(70, 80, 90), Boundary.knots = c(60, 95))1",1.19831088306395,3.31451359068646,unweighted
HRS,education,death_post,"ns(age_model, knots = c(70, 80, 90), Boundary.knots = c(60, 95))2",1.74280674747558,5.71335688930698,unweighted
HRS,education,death_post,"ns(age_model, knots = c(70, 80, 90), Boundary.knots = c(60, 95))3",2.80039061393209,16.4510715339534,unweighted
HRS,education,death_post,"ns(age_model, knots = c(70, 80, 90), Boundary.knots = c(60, 95))4",1.84335599792068,6.31770492811735,unweighted
HRS,education,death_post,origin_factorD2,-0.121335276267668,0.885736943227928,unweighted
HRS,education,death_post,origin_factorR1,-0.841122552012859,0.431226177814466,unweighted
HRS,education,death_post,period_factor10,-0.397513671927352,0.671988755203342,unweighted
HRS,education,death_post,period_factor11,-0.145908274856161,0.864236971809675,unweighted
HRS,education,death_post,period_factor12,-0.105552117783374,0.899827574606071,unweighted
HRS,education,death_post,period_factor13,-0.291253878680879,0.747325923812112,unweighted
HRS,education,death_post,period_factor14,-0.108141435788746,0.897500648741019,unweighted
HRS,education,death_post,period_factor15,-0.148915507430574,0.861641914162669,unweighted
HRS,education,death_post,period_factor3,0.0605345020897495,1.06240425210485,unweighted
HRS,education,death_post,period_factor4,-0.0755882708377781,0.927197882387785,unweighted
HRS,education,death_post,period_factor5,-0.0707517484030049,0.931693157734693,unweighted
HRS,education,death_post,period_factor6,-0.158941223409548,0.853046496660227,unweighted
HRS,education,death_post,period_factor7,-0.0605197635799072,0.941275165867619,unweighted
HRS,education,death_post,period_factor8,-0.144181081062458,0.865730966381342,unweighted
HRS,education,death_post,period_factor9,-0.00435473162521437,0.995654736469892,unweighted
HRS,education,death_post,proxy_factorself,-0.798965478013362,0.449794045336729,unweighted
HRS,education,death_post,seslow,0.132415231957285,1.1415822422953,unweighted
HRS,education,death_post,sesmiddle,0.161403776349201,1.17515937459251,unweighted
HRS,education,death_post,sex_factormale,0.4459033273224,1.56190046613485,unweighted
HRS,education,death_pre,(Intercept),-5.5737117985582,0.003796362913718,unweighted
HRS,education,death_pre,"ns(age_model, knots = c(70, 80, 90), Boundary.knots = c(60, 95))1",1.6037988512902,4.97188404258689,unweighted
HRS,education,death_pre,"ns(age_model, knots = c(70, 80, 90), Boundary.knots = c(60, 95))2",2.31169363704436,10.0915015307427,unweighted
HRS,education,death_pre,"ns(age_model, knots = c(70, 80, 90), Boundary.knots = c(60, 95))3",3.77442005397236,43.57223144428,unweighted
HRS,education,death_pre,"ns(age_model, knots = c(70, 80, 90), Boundary.knots = c(60, 95))4",2.54086463041689,12.6906389409685,unweighted
HRS,education,death_pre,period_factor10,-0.674060889397492,0.509634799390612,unweighted
HRS,education,death_pre,period_factor11,-0.421514653495177,0.65605237486281,unweighted
HRS,education,death_pre,period_factor12,-0.414667194632791,0.660560082068094,unweighted
HRS,education,death_pre,period_factor13,-0.440121153978869,0.643958398234675,unweighted
HRS,education,death_pre,period_factor14,-0.502192789332941,0.605202122884942,unweighted
HRS,education,death_pre,period_factor15,-0.477414827272716,0.620385123238896,unweighted
HRS,education,death_pre,period_factor3,0.0477133030606689,1.04886990442299,unweighted
HRS,education,death_pre,period_factor4,-0.0970253581324436,0.907532992499662,unweighted
HRS,education,death_pre,period_factor5,-0.0239701833471804,0.976314819763949,unweighted
HRS,education,death_pre,period_factor6,-0.347369452617668,0.706544245410883,unweighted
HRS,education,death_pre,period_factor7,-0.376132989815847,0.686511027995925,unweighted
HRS,education,death_pre,period_factor8,-0.342862215286441,0.709735995594337,unweighted
HRS,education,death_pre,period_factor9,-0.460381152138997,0.631043076244784,unweighted
HRS,education,death_pre,proxy_factorself,-0.0208470168959504,0.979368779985525,unweighted
HRS,education,death_pre,seslow,0.54221284788775,1.71980832882771,unweighted
HRS,education,death_pre,sesmiddle,0.374468250268583,1.45421792899288,unweighted
HRS,education,death_pre,sex_factormale,0.659044267247107,1.93294407336049,unweighted
HRS,education,onset,(Intercept),-3.07054638276982,0.04639579806615,unweighted
HRS,education,onset,"ns(age_model, knots = c(70, 80, 90), Boundary.knots = c(60, 95))1",1.0999175634414,3.00391838104552,unweighted
HRS,education,onset,"ns(age_model, knots = c(70, 80, 90), Boundary.knots = c(60, 95))2",1.44390554765613,4.23721217737405,unweighted
HRS,education,onset,"ns(age_model, knots = c(70, 80, 90), Boundary.knots = c(60, 95))3",1.90956029381433,6.75012007634477,unweighted
HRS,education,onset,"ns(age_model, knots = c(70, 80, 90), Boundary.knots = c(60, 95))4",1.9142724177188,6.78200253657259,unweighted
HRS,education,onset,period_factor10,-0.681612664598219,0.5058006474993,unweighted
HRS,education,onset,period_factor11,-0.604057969425771,0.546589087820633,unweighted
HRS,education,onset,period_factor12,-0.633295887300481,0.530839328016762,unweighted
HRS,education,onset,period_factor13,-0.798962670243153,0.449795308256823,unweighted
HRS,education,onset,period_factor14,-0.828180572673731,0.436843368477,unweighted
HRS,education,onset,period_factor15,-0.790709498009428,0.453522907506385,unweighted
HRS,education,onset,period_factor3,-0.227575658443301,0.796462160130697,unweighted
HRS,education,onset,period_factor4,-0.429393174810012,0.650903959823239,unweighted
HRS,education,onset,period_factor5,-0.48914296018296,0.613151664453818,unweighted
HRS,education,onset,period_factor6,-0.541068676799281,0.582125815488024,unweighted
HRS,education,onset,period_factor7,-0.533821702749196,0.58635978938604,unweighted
HRS,education,onset,period_factor8,-0.634418828455379,0.530243561256805,unweighted
HRS,education,onset,period_factor9,-0.466269857559309,0.627337969309678,unweighted
HRS,education,onset,proxy_factorself,-0.184740501338118,0.831319982287187,unweighted
HRS,education,onset,seslow,0.541919937577919,1.71930465300678,unweighted
HRS,education,onset,sesmiddle,0.20827454191267,1.23155123557186,unweighted
HRS,education,onset,sex_factormale,-0.11398773592794,0.892268898665377,unweighted
HRS,education,recovery,(Intercept),-2.59271264640775,0.0748168130092985,unweighted
HRS,education,recovery,"ns(age_model, knots = c(70, 80, 90), Boundary.knots = c(60, 95))1",-0.560248140797495,0.571067341160493,unweighted
HRS,education,recovery,"ns(age_model, knots = c(70, 80, 90), Boundary.knots = c(60, 95))2",-0.983745180523594,0.373908119878347,unweighted
HRS,education,recovery,"ns(age_model, knots = c(70, 80, 90), Boundary.knots = c(60, 95))3",-2.08565528274282,0.124225690537754,unweighted
HRS,education,recovery,"ns(age_model, knots = c(70, 80, 90), Boundary.knots = c(60, 95))4",-2.31150300818507,0.0991121731471928,unweighted
HRS,education,recovery,origin_factorD2,0.149122737870422,1.16081545648292,unweighted
HRS,education,recovery,period_factor10,0.0628102848348217,1.06482480665351,unweighted
HRS,education,recovery,period_factor11,-0.115910403338127,0.89055501047924,unweighted
HRS,education,recovery,period_factor12,-0.00321492575141304,0.996790236588719,unweighted
HRS,education,recovery,period_factor13,-0.0752625742087965,0.927499916795602,unweighted
HRS,education,recovery,period_factor14,-0.00714362086914903,0.992881834140699,unweighted
HRS,education,recovery,period_factor15,0.0832379412041166,1.08680037237476,unweighted
HRS,education,recovery,period_factor3,0.101679242109511,1.10702832670241,unweighted
HRS,education,recovery,period_factor4,0.244533487124913,1.27702542541826,unweighted
HRS,education,recovery,period_factor5,0.217197039820932,1.24258891751558,unweighted
HRS,education,recovery,period_factor6,0.272148403211035,1.31278180789147,unweighted
HRS,education,recovery,period_factor7,0.0641162009876117,1.06621628694895,unweighted
HRS,education,recovery,period_factor8,0.151799857702057,1.16392726204201,unweighted
HRS,education,recovery,period_factor9,-0.0137761570208626,0.986318299981277,unweighted
HRS,education,recovery,proxy_factorself,1.0798920677947,2.94436174245887,unweighted
HRS,education,recovery,seslow,-0.42508245998891,0.653715877503258,unweighted
HRS,education,recovery,sesmiddle,-0.165599172164674,0.847385821951438,unweighted
HRS,education,recovery,sex_factormale,0.189210762435978,1.20829558896977,unweighted
HRS,education,relapse,(Intercept),-1.87785668225045,0.152917505574545,unweighted
HRS,education,relapse,"ns(age_model, knots = c(70, 80, 90), Boundary.knots = c(60, 95))1",0.340728940204389,1.40597208670026,unweighted
HRS,education,relapse,"ns(age_model, knots = c(70, 80, 90), Boundary.knots = c(60, 95))2",0.63716443099522,1.89111089398549,unweighted
HRS,education,relapse,"ns(age_model, knots = c(70, 80, 90), Boundary.knots = c(60, 95))3",0.439332196879708,1.55167066193229,unweighted
HRS,education,relapse,"ns(age_model, knots = c(70, 80, 90), Boundary.knots = c(60, 95))4",0.743607135730699,2.10350949034504,unweighted
HRS,education,relapse,period_factor10,-0.286030179856565,0.751239943291025,unweighted
HRS,education,relapse,period_factor11,-0.135440889246472,0.873330784643524,unweighted
HRS,education,relapse,period_factor12,-0.312122321362419,0.731891996726433,unweighted
HRS,education,relapse,period_factor13,-0.366991506252885,0.692815529619307,unweighted
HRS,education,relapse,period_factor14,-0.271014861903249,0.762605162556701,unweighted
HRS,education,relapse,period_factor15,-0.156073117207834,0.85549663655879,unweighted
HRS,education,relapse,period_factor4,0.00227271877044133,1.00227530335339,unweighted
HRS,education,relapse,period_factor5,-0.0227274484557294,0.977528874473336,unweighted
HRS,education,relapse,period_factor6,-0.103598677538844,0.901587051960877,unweighted
HRS,education,relapse,period_factor7,-0.0732864832673706,0.929334553086422,unweighted
HRS,education,relapse,period_factor8,-0.0188723795057221,0.98130458882856,unweighted
HRS,education,relapse,period_factor9,0.000541577558883022,1.00054172423849,unweighted
HRS,education,relapse,proxy_factorself,-0.0440152885675372,0.956939327129677,unweighted
HRS,education,relapse,seslow,0.350451254431758,1.41970805361802,unweighted
HRS,education,relapse,sesmiddle,0.144972140317443,1.1560073638212,unweighted
HRS,education,relapse,sex_factormale,-0.179801494376386,0.835436033703258,unweighted
HRS,wealth,death_post,(Intercept),-3.1617104895626,0.0423532343219128,unweighted
HRS,wealth,death_post,"ns(age_model, knots = c(70, 80, 90), Boundary.knots = c(60, 95))1",1.23028743040584,3.42221304302186,unweighted
HRS,wealth,death_post,"ns(age_model, knots = c(70, 80, 90), Boundary.knots = c(60, 95))2",1.77503341317947,5.90047828676522,unweighted
HRS,wealth,death_post,"ns(age_model, knots = c(70, 80, 90), Boundary.knots = c(60, 95))3",2.84139251354812,17.1396160747871,unweighted
HRS,wealth,death_post,"ns(age_model, knots = c(70, 80, 90), Boundary.knots = c(60, 95))4",1.85627232191603,6.39983572403094,unweighted
HRS,wealth,death_post,origin_factorD2,-0.126923845416828,0.880800747056861,unweighted
HRS,wealth,death_post,origin_factorR1,-0.838819496483774,0.432220460151806,unweighted
HRS,wealth,death_post,period_factor10,-0.366373003211442,0.693244170675769,unweighted
HRS,wealth,death_post,period_factor11,-0.115208739028896,0.891180100421505,unweighted
HRS,wealth,death_post,period_factor12,-0.0748714818346981,0.927862725881347,unweighted
HRS,wealth,death_post,period_factor13,-0.261640171545294,0.769787965492895,unweighted
HRS,wealth,death_post,period_factor14,-0.0818193187332397,0.921438430319576,unweighted
HRS,wealth,death_post,period_factor15,-0.124884529796753,0.882598810564856,unweighted
HRS,wealth,death_post,period_factor3,0.0713145505856337,1.07391897458842,unweighted
HRS,wealth,death_post,period_factor4,-0.0581769353937185,0.943482997131961,unweighted
HRS,wealth,death_post,period_factor5,-0.0480497600915449,0.953086360232997,unweighted
HRS,wealth,death_post,period_factor6,-0.13245444095901,0.875942840312919,unweighted
HRS,wealth,death_post,period_factor7,-0.0335209303207519,0.967034670673747,unweighted
HRS,wealth,death_post,period_factor8,-0.116919365171398,0.889656927605097,unweighted
HRS,wealth,death_post,period_factor9,0.0250597142210144,1.02537634824621,unweighted
HRS,wealth,death_post,proxy_factorself,-0.794009692655977,0.452028660643882,unweighted
HRS,wealth,death_post,seslow,0.181197381673179,1.19865174783283,unweighted
HRS,wealth,death_post,sesmiddle,0.141676609955099,1.15220397698527,unweighted
HRS,wealth,death_post,sex_factormale,0.44927994474536,1.56718332053144,unweighted
HRS,wealth,death_pre,(Intercept),-5.54054326129415,0.0039243942875725,unweighted
HRS,wealth,death_pre,"ns(age_model, knots = c(70, 80, 90), Boundary.knots = c(60, 95))1",1.70272558783692,5.488887467153,unweighted
HRS,wealth,death_pre,"ns(age_model, knots = c(70, 80, 90), Boundary.knots = c(60, 95))2",2.4123746598036,11.1604319321693,unweighted
HRS,wealth,death_pre,"ns(age_model, knots = c(70, 80, 90), Boundary.knots = c(60, 95))3",3.93739560663947,51.2848612681135,unweighted
HRS,wealth,death_pre,"ns(age_model, knots = c(70, 80, 90), Boundary.knots = c(60, 95))4",2.60926611885569,13.5890744260334,unweighted
HRS,wealth,death_pre,period_factor10,-0.66871008888275,0.512369062261375,unweighted
HRS,wealth,death_pre,period_factor11,-0.419266072959345,0.657529221245169,unweighted
HRS,wealth,death_pre,period_factor12,-0.421032279643752,0.656368913712503,unweighted
HRS,wealth,death_pre,period_factor13,-0.458203000267035,0.632419081933258,unweighted
HRS,wealth,death_pre,period_factor14,-0.530403077027391,0.588367764346092,unweighted
HRS,wealth,death_pre,period_factor15,-0.512948396920264,0.598727687001146,unweighted
HRS,wealth,death_pre,period_factor3,0.0720223232013294,1.07467933407918,unweighted
HRS,wealth,death_pre,period_factor4,-0.0697208522835951,0.932654131842616,unweighted
HRS,wealth,death_pre,period_factor5,0.000210536757023941,1.00021055892144,unweighted
HRS,wealth,death_pre,period_factor6,-0.322028470658701,0.724677557988774,unweighted
HRS,wealth,death_pre,period_factor7,-0.353420922319403,0.702281525186482,unweighted
HRS,wealth,death_pre,period_factor8,-0.321237374042988,0.725251074776066,unweighted
HRS,wealth,death_pre,period_factor9,-0.446434163369433,0.639905888046008,unweighted
HRS,wealth,death_pre,proxy_factorself,-0.0590150539942129,0.942692577761671,unweighted
HRS,wealth,death_pre,seslow,0.594910335962098,1.81286838857263,unweighted
HRS,wealth,death_pre,sesmiddle,0.262001390553815,1.29952834949223,unweighted
HRS,wealth,death_pre,sex_factormale,0.663216174858407,1.94102498213422,unweighted
HRS,wealth,onset,(Intercept),-3.08729653753765,0.0456251336605418,unweighted
HRS,wealth,onset,"ns(age_model, knots = c(70, 80, 90), Boundary.knots = c(60, 95))1",1.2025017380142,3.32843338391978,unweighted
HRS,wealth,onset,"ns(age_model, knots = c(70, 80, 90), Boundary.knots = c(60, 95))2",1.54949205523837,4.70907762368726,unweighted
HRS,wealth,onset,"ns(age_model, knots = c(70, 80, 90), Boundary.knots = c(60, 95))3",2.08987856292788,8.08393341549069,unweighted
HRS,wealth,onset,"ns(age_model, knots = c(70, 80, 90), Boundary.knots = c(60, 95))4",2.00339710810019,7.41420020570048,unweighted
HRS,wealth,onset,period_factor10,-0.698612415646308,0.49727483607069,unweighted
HRS,wealth,onset,period_factor11,-0.625938518846432,0.534759311240677,unweighted
HRS,wealth,onset,period_factor12,-0.666386221467948,0.513561124590455,unweighted
HRS,wealth,onset,period_factor13,-0.843473288328748,0.430213669314423,unweighted
HRS,wealth,onset,period_factor14,-0.878859660446821,0.415256174830814,unweighted
HRS,wealth,onset,period_factor15,-0.850645529180197,0.427139112172537,unweighted
HRS,wealth,onset,period_factor3,-0.214154851424119,0.807223375654689,unweighted
HRS,wealth,onset,period_factor4,-0.413113460486646,0.661587214561965,unweighted
HRS,wealth,onset,period_factor5,-0.478417106489433,0.619763635627598,unweighted
HRS,wealth,onset,period_factor6,-0.536881453811214,0.584568416373062,unweighted
HRS,wealth,onset,period_factor7,-0.529196747460757,0.589077958053986,unweighted
HRS,wealth,onset,period_factor8,-0.633478589105956,0.530742351572272,unweighted
HRS,wealth,onset,period_factor9,-0.47241127755639,0.623497029843651,unweighted
HRS,wealth,onset,proxy_factorself,-0.240377284809896,0.786331134302302,unweighted
HRS,wealth,onset,seslow,0.567834385805143,1.76444181069966,unweighted
HRS,wealth,onset,sesmiddle,0.237170724446162,1.26765751943016,unweighted
HRS,wealth,onset,sex_factormale,-0.0974251183189762,0.907170269447244,unweighted
HRS,wealth,recovery,(Intercept),-2.44259328983096,0.0869351109440334,unweighted
HRS,wealth,recovery,"ns(age_model, knots = c(70, 80, 90), Boundary.knots = c(60, 95))1",-0.712110288606812,0.490607780266781,unweighted
HRS,wealth,recovery,"ns(age_model, knots = c(70, 80, 90), Boundary.knots = c(60, 95))2",-1.13131634710373,0.32260831227911,unweighted
HRS,wealth,recovery,"ns(age_model, knots = c(70, 80, 90), Boundary.knots = c(60, 95))3",-2.30960541148614,0.0993004266378921,unweighted
HRS,wealth,recovery,"ns(age_model, knots = c(70, 80, 90), Boundary.knots = c(60, 95))4",-2.41173337886449,0.0896597454906203,unweighted
HRS,wealth,recovery,origin_factorD2,0.148948154221839,1.16061281477468,unweighted
HRS,wealth,recovery,period_factor10,0.0563380467274078,1.05795526160812,unweighted
HRS,wealth,recovery,period_factor11,-0.115644097465031,0.890792202090203,unweighted
HRS,wealth,recovery,period_factor12,-0.000392900678476455,0.999607176496887,unweighted
HRS,wealth,recovery,period_factor13,-0.0493314000400987,0.951865629115282,unweighted
HRS,wealth,recovery,period_factor14,0.0281626014679876,1.02856291666512,unweighted
HRS,wealth,recovery,period_factor15,0.13586042910558,1.14552200090669,unweighted
HRS,wealth,recovery,period_factor3,0.0568137114628556,1.05845861332159,unweighted
HRS,wealth,recovery,period_factor4,0.200131070341548,1.22156285832881,unweighted
HRS,wealth,recovery,period_factor5,0.17908168184691,1.1961184413412,unweighted
HRS,wealth,recovery,period_factor6,0.241885469898595,1.27364831339207,unweighted
HRS,wealth,recovery,period_factor7,0.036592263867245,1.03727000214472,unweighted
HRS,wealth,recovery,period_factor8,0.125397280141191,1.13359871987936,unweighted
HRS,wealth,recovery,period_factor9,-0.0283962218575889,0.972003161594656,unweighted
HRS,wealth,recovery,proxy_factorself,1.11148253859066,3.03886028414136,unweighted
HRS,wealth,recovery,seslow,-0.5248521090944,0.591642856494849,unweighted
HRS,wealth,recovery,sesmiddle,-0.203334991295996,0.81600484111554,unweighted
HRS,wealth,recovery,sex_factormale,0.168473336859998,1.18349667068675,unweighted
HRS,wealth,relapse,(Intercept),-1.83676983673647,0.159331261762091,unweighted
HRS,wealth,relapse,"ns(age_model, knots = c(70, 80, 90), Boundary.knots = c(60, 95))1",0.40948920458951,1.50604830604369,unweighted
HRS,wealth,relapse,"ns(age_model, knots = c(70, 80, 90), Boundary.knots = c(60, 95))2",0.717514514715326,2.04933328764772,unweighted
HRS,wealth,relapse,"ns(age_model, knots = c(70, 80, 90), Boundary.knots = c(60, 95))3",0.547262597807824,1.72851489528896,unweighted
HRS,wealth,relapse,"ns(age_model, knots = c(70, 80, 90), Boundary.knots = c(60, 95))4",0.788309391281859,2.19967449210184,unweighted
HRS,wealth,relapse,period_factor10,-0.303572017283,0.738176725735319,unweighted
HRS,wealth,relapse,period_factor11,-0.162623342635736,0.849911253465965,unweighted
HRS,wealth,relapse,period_factor12,-0.346684227493862,0.707028553189898,unweighted
HRS,wealth,relapse,period_factor13,-0.407882454624129,0.665057048608818,unweighted
HRS,wealth,relapse,period_factor14,-0.314366619242268,0.73025125491527,unweighted
HRS,wealth,relapse,period_factor15,-0.20945111553329,0.811029285198147,unweighted
HRS,wealth,relapse,period_factor4,0.00323548087573578,1.00324072069357,unweighted
HRS,wealth,relapse,period_factor5,-0.0195588310987968,0.980631201880481,unweighted
HRS,wealth,relapse,period_factor6,-0.0991150491809649,0.905638509060943,unweighted
HRS,wealth,relapse,period_factor7,-0.078450668425405,0.924547668198841,unweighted
HRS,wealth,relapse,period_factor8,-0.0273931048821961,0.97297868366576,unweighted
HRS,wealth,relapse,period_factor9,-0.0131609294191593,0.986925296924981,unweighted
HRS,wealth,relapse,proxy_factorself,-0.0942873752353432,0.910021207101774,unweighted
HRS,wealth,relapse,seslow,0.314203702307021,1.36916861094748,unweighted
HRS,wealth,relapse,sesmiddle,0.104639939564818,1.11031075939955,unweighted
HRS,wealth,relapse,sex_factormale,-0.179572989254813,0.835626956928343,unweighted
MHAS,education,death_post,(Intercept),-4.18749655704431,0.0151842502354487,unweighted
MHAS,education,death_post,"ns(age_model, knots = c(70, 80, 90), Boundary.knots = c(60, 95))1",1.05820779364413,2.8812026495846,unweighted
MHAS,education,death_post,"ns(age_model, knots = c(70, 80, 90), Boundary.knots = c(60, 95))2",2.05864556503895,7.8353501479485,unweighted
MHAS,education,death_post,"ns(age_model, knots = c(70, 80, 90), Boundary.knots = c(60, 95))3",2.75312931331428,15.6916592514014,unweighted
MHAS,education,death_post,"ns(age_model, knots = c(70, 80, 90), Boundary.knots = c(60, 95))4",1.57624405621238,4.83675507199244,unweighted
MHAS,education,death_post,origin_factorD2,0.010302735930336,1.01035599185092,unweighted
MHAS,education,death_post,origin_factorR1,-0.649133617371076,0.522498264138803,unweighted
MHAS,education,death_post,period_factor3,-0.160325840056396,0.851866171617839,unweighted
MHAS,education,death_post,period_factor4,-0.271068485989803,0.76256426964789,unweighted
MHAS,education,death_post,period_factor5,-0.000805408465566736,0.999194915788773,unweighted
MHAS,education,death_post,seslow,0.379563244168036,1.46164606756102,unweighted
MHAS,education,death_post,sesmiddle,0.326686408986761,1.38636665688134,unweighted
MHAS,education,death_post,sex_factormale,0.375685544233932,1.45598921757287,unweighted
MHAS,education,death_pre,(Intercept),-5.32452794198842,0.00487064970084323,unweighted
MHAS,education,death_pre,"ns(age_model, knots = c(70, 80, 90), Boundary.knots = c(60, 95))1",1.6573924882146,5.24561499324359,unweighted
MHAS,education,death_pre,"ns(age_model, knots = c(70, 80, 90), Boundary.knots = c(60, 95))2",1.79026553897371,5.99104311062378,unweighted
MHAS,education,death_pre,"ns(age_model, knots = c(70, 80, 90), Boundary.knots = c(60, 95))3",3.98820393458076,53.9578903801352,unweighted
MHAS,education,death_pre,"ns(age_model, knots = c(70, 80, 90), Boundary.knots = c(60, 95))4",3.26400213453996,26.1539997922236,unweighted
MHAS,education,death_pre,period_factor3,-0.176012851448944,0.83860720595013,unweighted
MHAS,education,death_pre,period_factor4,-0.279953323087519,0.755819019930619,unweighted
MHAS,education,death_pre,period_factor5,-0.0184397584177521,0.98172921373163,unweighted
MHAS,education,death_pre,seslow,0.282614071914034,1.32659309347931,unweighted
MHAS,education,death_pre,sesmiddle,0.156947501361336,1.16993419233623,unweighted
MHAS,education,death_pre,sex_factormale,0.574162980396048,1.77564365618101,unweighted
MHAS,education,onset,(Intercept),-3.49768789975017,0.0302672835770165,unweighted
MHAS,education,onset,"ns(age_model, knots = c(70, 80, 90), Boundary.knots = c(60, 95))1",1.15393133993169,3.17063327722183,unweighted
MHAS,education,onset,"ns(age_model, knots = c(70, 80, 90), Boundary.knots = c(60, 95))2",1.10928790505084,3.03219841229651,unweighted
MHAS,education,onset,"ns(age_model, knots = c(70, 80, 90), Boundary.knots = c(60, 95))3",2.07923879331252,7.99837817747793,unweighted
MHAS,education,onset,"ns(age_model, knots = c(70, 80, 90), Boundary.knots = c(60, 95))4",1.81508571330045,6.1416025719116,unweighted
MHAS,education,onset,period_factor2,-16.7347473623635,5.39748649645434e-08,unweighted
MHAS,education,onset,period_factor3,0.000473614591402725,1.0004737267645,unweighted
MHAS,education,onset,period_factor4,-0.348271234030717,0.705907384140862,unweighted
MHAS,education,onset,period_factor5,-0.199764045274254,0.818923959261344,unweighted
MHAS,education,onset,seslow,0.532616442013277,1.70338328681251,unweighted
MHAS,education,onset,sesmiddle,0.194303469871663,1.21446478051053,unweighted
MHAS,education,onset,sex_factormale,-0.524744690553918,0.591706413320511,unweighted
MHAS,education,recovery,(Intercept),-0.538393611087226,0.583685124994972,unweighted
MHAS,education,recovery,"ns(age_model, knots = c(70, 80, 90), Boundary.knots = c(60, 95))1",-0.93342768587033,0.393203619359272,unweighted
MHAS,education,recovery,"ns(age_model, knots = c(70, 80, 90), Boundary.knots = c(60, 95))2",-1.94230230827176,0.143373479553586,unweighted
MHAS,education,recovery,"ns(age_model, knots = c(70, 80, 90), Boundary.knots = c(60, 95))3",-2.96916670967307,0.0513460787009174,unweighted
MHAS,education,recovery,"ns(age_model, knots = c(70, 80, 90), Boundary.knots = c(60, 95))4",-2.43291108942332,0.0877809221599665,unweighted
MHAS,education,recovery,origin_factorD2,-0.196613875334522,0.821507776495702,unweighted
MHAS,education,recovery,period_factor2,-18.8587257167804,6.45296761384412e-09,unweighted
MHAS,education,recovery,period_factor3,-0.797189726138852,0.450593477542428,unweighted
MHAS,education,recovery,period_factor4,-0.608856111459842,0.543972757524644,unweighted
MHAS,education,recovery,period_factor5,-0.919854288735298,0.398577114028837,unweighted
MHAS,education,recovery,seslow,-0.147579039298733,0.862794240974518,unweighted
MHAS,education,recovery,sesmiddle,0.0324371210706598,1.03296893912094,unweighted
MHAS,education,recovery,sex_factormale,0.25714004127612,1.29322621912889,unweighted
MHAS,education,relapse,(Intercept),-20.1173990718866,1.8328401624081e-09,unweighted
MHAS,education,relapse,"ns(age_model, knots = c(70, 80, 90), Boundary.knots = c(60, 95))1",1.22776737008911,3.41359971734524,unweighted
MHAS,education,relapse,"ns(age_model, knots = c(70, 80, 90), Boundary.knots = c(60, 95))2",0.482796439487311,1.62059998127044,unweighted
MHAS,education,relapse,"ns(age_model, knots = c(70, 80, 90), Boundary.knots = c(60, 95))3",1.58172052188761,4.86331605890626,unweighted
MHAS,education,relapse,"ns(age_model, knots = c(70, 80, 90), Boundary.knots = c(60, 95))4",1.7364617735148,5.67722055190902,unweighted
MHAS,education,relapse,period_factor3,17.7398259247953,50618411.149901,unweighted
MHAS,education,relapse,period_factor4,17.4502580560558,37892283.8151077,unweighted
MHAS,education,relapse,period_factor5,17.7358523652232,50417674.9604754,unweighted
MHAS,education,relapse,seslow,0.291567985863113,1.33852463114949,unweighted
MHAS,education,relapse,sesmiddle,0.0348678603994287,1.03548287146597,unweighted
MHAS,education,relapse,sex_factormale,-0.549726376468822,0.577107699024955,unweighted
MHAS,wealth,death_post,(Intercept),-3.97735251568794,0.0187351748180102,unweighted
MHAS,wealth,death_post,"ns(age_model, knots = c(70, 80, 90), Boundary.knots = c(60, 95))1",1.10375821503341,3.01547756815439,unweighted
MHAS,wealth,death_post,"ns(age_model, knots = c(70, 80, 90), Boundary.knots = c(60, 95))2",2.09490043848072,8.12463202923517,unweighted
MHAS,wealth,death_post,"ns(age_model, knots = c(70, 80, 90), Boundary.knots = c(60, 95))3",2.80951905578773,16.6019316954431,unweighted
MHAS,wealth,death_post,"ns(age_model, knots = c(70, 80, 90), Boundary.knots = c(60, 95))4",1.57436843927373,4.82769167463915,unweighted
MHAS,wealth,death_post,origin_factorD2,0.013269029358921,1.01335745359741,unweighted
MHAS,wealth,death_post,origin_factorR1,-0.643853763384244,0.525264274321137,unweighted
MHAS,wealth,death_post,period_factor3,-0.152266331033852,0.858759535966516,unweighted
MHAS,wealth,death_post,period_factor4,-0.261813445282894,0.769654593010263,unweighted
MHAS,wealth,death_post,period_factor5,0.00738943721943949,1.0074168064836,unweighted
MHAS,wealth,death_post,seslow,0.205669199877302,1.2283467995077,unweighted
MHAS,wealth,death_post,sesmiddle,0.138838657940437,1.14893871291039,unweighted
MHAS,wealth,death_post,sex_factormale,0.371245831826256,1.44953937250119,unweighted
MHAS,wealth,death_pre,(Intercept),-5.20157947972008,0.00550785799675377,unweighted
MHAS,wealth,death_pre,"ns(age_model, knots = c(70, 80, 90), Boundary.knots = c(60, 95))1",1.70585862313452,5.50611131270122,unweighted
MHAS,wealth,death_pre,"ns(age_model, knots = c(70, 80, 90), Boundary.knots = c(60, 95))2",1.84206235508868,6.30953735852035,unweighted
MHAS,wealth,death_pre,"ns(age_model, knots = c(70, 80, 90), Boundary.knots = c(60, 95))3",4.0276761429997,56.1303207302955,unweighted
MHAS,wealth,death_pre,"ns(age_model, knots = c(70, 80, 90), Boundary.knots = c(60, 95))4",3.29131544738125,26.8781972652568,unweighted
MHAS,wealth,death_pre,period_factor3,-0.178176659250469,0.836794582926635,unweighted
MHAS,wealth,death_pre,period_factor4,-0.297981934663225,0.742314749792594,unweighted
MHAS,wealth,death_pre,period_factor5,-0.0320904244849174,0.968419009329794,unweighted
MHAS,wealth,death_pre,seslow,0.227818199055187,1.25585698868996,unweighted
MHAS,wealth,death_pre,sesmiddle,0.203854706352612,1.22611999306781,unweighted
MHAS,wealth,death_pre,sex_factormale,0.54912539909813,1.73173777592737,unweighted
MHAS,wealth,onset,(Intercept),-3.11588913590784,0.044339066160045,unweighted
MHAS,wealth,onset,"ns(age_model, knots = c(70, 80, 90), Boundary.knots = c(60, 95))1",1.18990323221005,3.28676313918894,unweighted
MHAS,wealth,onset,"ns(age_model, knots = c(70, 80, 90), Boundary.knots = c(60, 95))2",1.14658810264612,3.14743584110039,unweighted
MHAS,wealth,onset,"ns(age_model, knots = c(70, 80, 90), Boundary.knots = c(60, 95))3",2.10595737910227,8.21496408091965,unweighted
MHAS,wealth,onset,"ns(age_model, knots = c(70, 80, 90), Boundary.knots = c(60, 95))4",1.8206746726516,6.17602383896828,unweighted
MHAS,wealth,onset,period_factor2,-16.744073017554,5.34738537448579e-08,unweighted
MHAS,wealth,onset,period_factor3,-0.0123899909536866,0.987686448961922,unweighted
MHAS,wealth,onset,period_factor4,-0.364835586308742,0.694310795695037,unweighted
MHAS,wealth,onset,period_factor5,-0.225982402195265,0.797732139876582,unweighted
MHAS,wealth,onset,seslow,0.242267341071465,1.27413477584442,unweighted
MHAS,wealth,onset,sesmiddle,0.135558299633644,1.1451759572271,unweighted
MHAS,wealth,onset,sex_factormale,-0.549568603635191,0.577198758125077,unweighted
MHAS,wealth,recovery,(Intercept),-0.609466245898769,0.543640962241598,unweighted
MHAS,wealth,recovery,"ns(age_model, knots = c(70, 80, 90), Boundary.knots = c(60, 95))1",-0.958241004082545,0.383566985693882,unweighted
MHAS,wealth,recovery,"ns(age_model, knots = c(70, 80, 90), Boundary.knots = c(60, 95))2",-1.95208866167735,0.14197721930542,unweighted
MHAS,wealth,recovery,"ns(age_model, knots = c(70, 80, 90), Boundary.knots = c(60, 95))3",-3.0169996029955,0.0489478612748694,unweighted
MHAS,wealth,recovery,"ns(age_model, knots = c(70, 80, 90), Boundary.knots = c(60, 95))4",-2.44462280010959,0.0867588541607741,unweighted
MHAS,wealth,recovery,origin_factorD2,-0.20147417059995,0.81752469345975,unweighted
MHAS,wealth,recovery,period_factor2,-18.862233220778,6.43037345186298e-09,unweighted
MHAS,wealth,recovery,period_factor3,-0.793412766283079,0.452298569022426,unweighted
MHAS,wealth,recovery,period_factor4,-0.603314771693862,0.546995462580682,unweighted
MHAS,wealth,recovery,period_factor5,-0.908992147702165,0.402930113501722,unweighted
MHAS,wealth,recovery,seslow,-0.0605960784966939,0.94120333527257,unweighted
MHAS,wealth,recovery,sesmiddle,-0.104775935605752,0.900526275857063,unweighted
MHAS,wealth,recovery,sex_factormale,0.268120140903447,1.30750421531685,unweighted
MHAS,wealth,relapse,(Intercept),-19.851315685066,2.3915702339868e-09,unweighted
MHAS,wealth,relapse,"ns(age_model, knots = c(70, 80, 90), Boundary.knots = c(60, 95))1",1.24779257390724,3.48264678084053,unweighted
MHAS,wealth,relapse,"ns(age_model, knots = c(70, 80, 90), Boundary.knots = c(60, 95))2",0.494573768415618,1.63979915588968,unweighted
MHAS,wealth,relapse,"ns(age_model, knots = c(70, 80, 90), Boundary.knots = c(60, 95))3",1.53419264175176,4.63757982976901,unweighted
MHAS,wealth,relapse,"ns(age_model, knots = c(70, 80, 90), Boundary.knots = c(60, 95))4",1.6817007539732,5.37468922626674,unweighted
MHAS,wealth,relapse,period_factor3,17.7585984082446,51577619.6290105,unweighted
MHAS,wealth,relapse,period_factor4,17.4615063317842,38320912.8207565,unweighted
MHAS,wealth,relapse,period_factor5,17.7473774098044,51002102.2182299,unweighted
MHAS,wealth,relapse,seslow,0.085527747679964,1.0892917862446,unweighted
MHAS,wealth,relapse,sesmiddle,-0.0991793146512608,0.905580309646367,unweighted
MHAS,wealth,relapse,sex_factormale,-0.543937955469318,0.580457928263262,unweighted
CHARLS,education,death_post,(Intercept),-5.43827659583587,0.00434696840237874,interval_1_to_3_years
CHARLS,education,death_post,"ns(age_model, knots = c(70, 80, 90), Boundary.knots = c(60, 95))1",1.90854215503691,6.74325101476517,interval_1_to_3_years
CHARLS,education,death_post,"ns(age_model, knots = c(70, 80, 90), Boundary.knots = c(60, 95))2",2.6316856107507,13.897175398566,interval_1_to_3_years
CHARLS,education,death_post,"ns(age_model, knots = c(70, 80, 90), Boundary.knots = c(60, 95))3",3.70236682883514,40.54314958621,interval_1_to_3_years
CHARLS,education,death_post,"ns(age_model, knots = c(70, 80, 90), Boundary.knots = c(60, 95))4",2.57714142288905,13.1594669912074,interval_1_to_3_years
CHARLS,education,death_post,origin_factorD2,-0.59671259022666,0.550618773603513,interval_1_to_3_years
CHARLS,education,death_post,origin_factorR1,-0.96717048990257,0.380157176313292,interval_1_to_3_years
CHARLS,education,death_post,period_factor2,0.893463645598817,2.44357870119956,interval_1_to_3_years
CHARLS,education,death_post,period_factor3,0.881799366221481,2.41524170316194,interval_1_to_3_years
CHARLS,education,death_post,period_factor4,0.730604023470893,2.0763343836821,interval_1_to_3_years
CHARLS,education,death_post,seslow,0.237355519512048,1.26789179793107,interval_1_to_3_years
CHARLS,education,death_post,sesmiddle,-0.0961053361208528,0.908368327033164,interval_1_to_3_years
CHARLS,education,death_post,sex_factormale,0.542240455033978,1.71985580848311,interval_1_to_3_years
CHARLS,education,death_pre,(Intercept),-6.36285619168788,0.0017244343562591,interval_1_to_3_years
CHARLS,education,death_pre,"ns(age_model, knots = c(70, 80, 90), Boundary.knots = c(60, 95))1",1.87660226431706,6.53127557088637,interval_1_to_3_years
CHARLS,education,death_pre,"ns(age_model, knots = c(70, 80, 90), Boundary.knots = c(60, 95))2",2.47634586605669,11.8977090652251,interval_1_to_3_years
CHARLS,education,death_pre,"ns(age_model, knots = c(70, 80, 90), Boundary.knots = c(60, 95))3",3.65903732800553,38.8239501462352,interval_1_to_3_years
CHARLS,education,death_pre,"ns(age_model, knots = c(70, 80, 90), Boundary.knots = c(60, 95))4",1.74635570992599,5.73366940122408,interval_1_to_3_years
CHARLS,education,death_pre,period_factor2,0.641872130248716,1.90003466406122,interval_1_to_3_years
CHARLS,education,death_pre,period_factor3,0.74087881252719,2.09777825847533,interval_1_to_3_years
CHARLS,education,death_pre,period_factor4,0.331464368341914,1.39300651026235,interval_1_to_3_years
CHARLS,education,death_pre,seslow,0.222404585865213,1.24907663439841,interval_1_to_3_years
CHARLS,education,death_pre,sesmiddle,-0.485180995194637,0.615585768614604,interval_1_to_3_years
CHARLS,education,death_pre,sex_factormale,0.52928956166671,1.69772575062412,interval_1_to_3_years
CHARLS,education,onset,(Intercept),-2.84108887653033,0.0583620822517516,interval_1_to_3_years
CHARLS,education,onset,"ns(age_model, knots = c(70, 80, 90), Boundary.knots = c(60, 95))1",0.846824154062694,2.33222828033211,interval_1_to_3_years
CHARLS,education,onset,"ns(age_model, knots = c(70, 80, 90), Boundary.knots = c(60, 95))2",1.15686760359935,3.1799567739409,interval_1_to_3_years
CHARLS,education,onset,"ns(age_model, knots = c(70, 80, 90), Boundary.knots = c(60, 95))3",1.22574537920057,3.40670442327979,interval_1_to_3_years
CHARLS,education,onset,"ns(age_model, knots = c(70, 80, 90), Boundary.knots = c(60, 95))4",0.705246896616572,2.02434642751115,interval_1_to_3_years
CHARLS,education,onset,period_factor2,-0.225058819250685,0.798469252015018,interval_1_to_3_years
CHARLS,education,onset,period_factor3,-0.708942059217775,0.49216460313846,interval_1_to_3_years
CHARLS,education,onset,period_factor4,-0.522579031869176,0.592989236030028,interval_1_to_3_years
CHARLS,education,onset,seslow,0.81257935397687,2.25371362125609,interval_1_to_3_years
CHARLS,education,onset,sesmiddle,0.153141794907347,1.1654902278056,interval_1_to_3_years
CHARLS,education,onset,sex_factormale,-0.416310361603024,0.6594755628265,interval_1_to_3_years
CHARLS,education,recovery,(Intercept),-0.792748013083503,0.452599335900144,interval_1_to_3_years
CHARLS,education,recovery,"ns(age_model, knots = c(70, 80, 90), Boundary.knots = c(60, 95))1",-0.93534555607615,0.392450228536717,interval_1_to_3_years
CHARLS,education,recovery,"ns(age_model, knots = c(70, 80, 90), Boundary.knots = c(60, 95))2",-1.48075716228679,0.227465394946395,interval_1_to_3_years
CHARLS,education,recovery,"ns(age_model, knots = c(70, 80, 90), Boundary.knots = c(60, 95))3",-3.15999658920569,0.0424258857862346,interval_1_to_3_years
CHARLS,education,recovery,"ns(age_model, knots = c(70, 80, 90), Boundary.knots = c(60, 95))4",-3.34752725419116,0.0351712161400157,interval_1_to_3_years
CHARLS,education,recovery,origin_factorD2,0.231306898915544,1.26024594822077,interval_1_to_3_years
CHARLS,education,recovery,period_factor2,-0.270782698698807,0.76278223196867,interval_1_to_3_years
CHARLS,education,recovery,period_factor3,-0.749075229405156,0.472803585485347,interval_1_to_3_years
CHARLS,education,recovery,period_factor4,-0.338685324530135,0.712706685117568,interval_1_to_3_years
CHARLS,education,recovery,seslow,-0.326365154909709,0.721541664839884,interval_1_to_3_years
CHARLS,education,recovery,sesmiddle,-0.411890312521795,0.662396928716187,interval_1_to_3_years
CHARLS,education,recovery,sex_factormale,0.127339506037558,1.13580256415813,interval_1_to_3_years
CHARLS,education,relapse,(Intercept),-1.64767515539842,0.192496914221989,interval_1_to_3_years
CHARLS,education,relapse,"ns(age_model, knots = c(70, 80, 90), Boundary.knots = c(60, 95))1",0.618903318245921,1.85689050684865,interval_1_to_3_years
CHARLS,education,relapse,"ns(age_model, knots = c(70, 80, 90), Boundary.knots = c(60, 95))2",0.173611122227324,1.18959286963453,interval_1_to_3_years
CHARLS,education,relapse,"ns(age_model, knots = c(70, 80, 90), Boundary.knots = c(60, 95))3",0.357379559182757,1.42957837649094,interval_1_to_3_years
CHARLS,education,relapse,"ns(age_model, knots = c(70, 80, 90), Boundary.knots = c(60, 95))4",0.311327902372846,1.36523681218929,interval_1_to_3_years
CHARLS,education,relapse,period_factor3,-0.616664860190882,0.539741552652777,interval_1_to_3_years
CHARLS,education,relapse,period_factor4,-0.301790993567793,0.739492607450301,interval_1_to_3_years
CHARLS,education,relapse,seslow,0.381992370563247,1.46520090643267,interval_1_to_3_years
CHARLS,education,relapse,sesmiddle,0.262311634637741,1.29993158302173,interval_1_to_3_years
CHARLS,education,relapse,sex_factormale,-0.393836365718634,0.674464412710628,interval_1_to_3_years
CHARLS,wealth,death_post,(Intercept),-24.431902055608,2.45109280343202e-11,interval_1_to_3_years
CHARLS,wealth,death_post,"ns(age_model, knots = c(70, 80, 90), Boundary.knots = c(60, 95))1",1.87278308151206,6.50637900805576,interval_1_to_3_years
CHARLS,wealth,death_post,"ns(age_model, knots = c(70, 80, 90), Boundary.knots = c(60, 95))2",1.94886649819629,7.02072506415491,interval_1_to_3_years
CHARLS,wealth,death_post,"ns(age_model, knots = c(70, 80, 90), Boundary.knots = c(60, 95))3",2.78107729304912,16.1363952141612,interval_1_to_3_years
CHARLS,wealth,death_post,"ns(age_model, knots = c(70, 80, 90), Boundary.knots = c(60, 95))4",2.06186033928317,7.86057956150468,interval_1_to_3_years
CHARLS,wealth,death_post,origin_factorD2,-0.517221709045951,0.596174595679558,interval_1_to_3_years
CHARLS,wealth,death_post,origin_factorR1,-0.996375744262544,0.369215149358761,interval_1_to_3_years
CHARLS,wealth,death_post,period_factor2,0.186460726398634,1.20497729735836,interval_1_to_3_years
CHARLS,wealth,death_post,period_factor3,19.2330002142364,225312799.393839,interval_1_to_3_years
CHARLS,wealth,death_post,period_factor4,19.9475641369604,460380618.557082,interval_1_to_3_years
CHARLS,wealth,death_post,seslow,0.270480252931524,1.31059371609208,interval_1_to_3_years
CHARLS,wealth,death_post,sesmiddle,-0.00069081690237156,0.999309421656688,interval_1_to_3_years
CHARLS,wealth,death_post,sex_factormale,0.743201450092101,2.10265629982943,interval_1_to_3_years
CHARLS,wealth,death_pre,(Intercept),-25.3195988666179,1.0088763192605e-11,interval_1_to_3_years
CHARLS,wealth,death_pre,"ns(age_model, knots = c(70, 80, 90), Boundary.knots = c(60, 95))1",1.80148985324653,6.05866726875216,interval_1_to_3_years
CHARLS,wealth,death_pre,"ns(age_model, knots = c(70, 80, 90), Boundary.knots = c(60, 95))2",1.52591399345614,4.59934542039873,interval_1_to_3_years
CHARLS,wealth,death_pre,"ns(age_model, knots = c(70, 80, 90), Boundary.knots = c(60, 95))3",3.01082307202366,20.3041047902626,interval_1_to_3_years
CHARLS,wealth,death_pre,"ns(age_model, knots = c(70, 80, 90), Boundary.knots = c(60, 95))4",1.87216566459271,6.50236309944505,interval_1_to_3_years
CHARLS,wealth,death_pre,period_factor2,-0.00140541023382375,0.998595576892646,interval_1_to_3_years
CHARLS,wealth,death_pre,period_factor3,19.5180723521265,299634019.270009,interval_1_to_3_years
CHARLS,wealth,death_pre,period_factor4,19.6309212335658,335429122.77594,interval_1_to_3_years
CHARLS,wealth,death_pre,seslow,0.118710253218695,1.12604360350658,interval_1_to_3_years
CHARLS,wealth,death_pre,sesmiddle,0.144784774842714,1.15579078824272,interval_1_to_3_years
CHARLS,wealth,death_pre,sex_factormale,0.619930208085962,1.85879830822747,interval_1_to_3_years
CHARLS,wealth,onset,(Intercept),-2.41360979853535,0.0894916639255925,interval_1_to_3_years
CHARLS,wealth,onset,"ns(age_model, knots = c(70, 80, 90), Boundary.knots = c(60, 95))1",0.720972953556946,2.05643305146205,interval_1_to_3_years
CHARLS,wealth,onset,"ns(age_model, knots = c(70, 80, 90), Boundary.knots = c(60, 95))2",1.26602233313018,3.54671680938584,interval_1_to_3_years
CHARLS,wealth,onset,"ns(age_model, knots = c(70, 80, 90), Boundary.knots = c(60, 95))3",1.30274919780097,3.67939816909946,interval_1_to_3_years
CHARLS,wealth,onset,"ns(age_model, knots = c(70, 80, 90), Boundary.knots = c(60, 95))4",0.856595109887524,2.35512807407954,interval_1_to_3_years
CHARLS,wealth,onset,period_factor2,-0.0807809975972066,0.922395676195641,interval_1_to_3_years
CHARLS,wealth,onset,period_factor3,-0.582598885260552,0.558445144150232,interval_1_to_3_years
CHARLS,wealth,onset,period_factor4,-0.383424541176794,0.681523503070026,interval_1_to_3_years
CHARLS,wealth,onset,seslow,0.492389363066782,1.63622107925018,interval_1_to_3_years
CHARLS,wealth,onset,sesmiddle,0.36047885935954,1.43401594212776,interval_1_to_3_years
CHARLS,wealth,onset,sex_factormale,-0.497047510660182,0.608324081245887,interval_1_to_3_years
CHARLS,wealth,recovery,(Intercept),-0.910368644614811,0.402375862994044,interval_1_to_3_years
CHARLS,wealth,recovery,"ns(age_model, knots = c(70, 80, 90), Boundary.knots = c(60, 95))1",-0.685210544241244,0.503984107452014,interval_1_to_3_years
CHARLS,wealth,recovery,"ns(age_model, knots = c(70, 80, 90), Boundary.knots = c(60, 95))2",-1.05100786309757,0.349585237438972,interval_1_to_3_years
CHARLS,wealth,recovery,"ns(age_model, knots = c(70, 80, 90), Boundary.knots = c(60, 95))3",-1.95049685533385,0.14220339951353,interval_1_to_3_years
CHARLS,wealth,recovery,"ns(age_model, knots = c(70, 80, 90), Boundary.knots = c(60, 95))4",-2.09428317537628,0.123158495061678,interval_1_to_3_years
CHARLS,wealth,recovery,origin_factorD2,0.247649653666834,1.28101105604133,interval_1_to_3_years
CHARLS,wealth,recovery,period_factor2,-0.260924612548826,0.770338991319208,interval_1_to_3_years
CHARLS,wealth,recovery,period_factor3,-0.839275236830761,0.43202352472844,interval_1_to_3_years
CHARLS,wealth,recovery,period_factor4,-0.53890558324818,0.583386370943616,interval_1_to_3_years
CHARLS,wealth,recovery,seslow,-0.250956036404207,0.778056576971909,interval_1_to_3_years
CHARLS,wealth,recovery,sesmiddle,-0.130232984784502,0.877890871876314,interval_1_to_3_years
CHARLS,wealth,recovery,sex_factormale,0.134398512323938,1.14384856657873,interval_1_to_3_years
CHARLS,wealth,relapse,(Intercept),-1.33166071894971,0.264038403410886,interval_1_to_3_years
CHARLS,wealth,relapse,"ns(age_model, knots = c(70, 80, 90), Boundary.knots = c(60, 95))1",0.647291893024637,1.91036035733506,interval_1_to_3_years
CHARLS,wealth,relapse,"ns(age_model, knots = c(70, 80, 90), Boundary.knots = c(60, 95))2",0.347070137157641,1.41491596007411,interval_1_to_3_years
CHARLS,wealth,relapse,"ns(age_model, knots = c(70, 80, 90), Boundary.knots = c(60, 95))3",0.779682516978267,2.18077979502115,interval_1_to_3_years
CHARLS,wealth,relapse,"ns(age_model, knots = c(70, 80, 90), Boundary.knots = c(60, 95))4",0.737503462337121,2.09070945878029,interval_1_to_3_years
CHARLS,wealth,relapse,period_factor3,-0.60531571422918,0.545902050385278,interval_1_to_3_years
CHARLS,wealth,relapse,period_factor4,-0.353868902949644,0.701966987124961,interval_1_to_3_years
CHARLS,wealth,relapse,seslow,0.0650862081670131,1.06725102617319,interval_1_to_3_years
CHARLS,wealth,relapse,sesmiddle,0.152021716175793,1.16418551781497,interval_1_to_3_years
CHARLS,wealth,relapse,sex_factormale,-0.417276912102834,0.658838454340001,interval_1_to_3_years
ELSA,education,death_post,(Intercept),-3.64621100894821,0.0260897957391968,interval_1_to_3_years
ELSA,education,death_post,"ns(age_model, knots = c(70, 80, 90), Boundary.knots = c(60, 95))1",1.50718682937863,4.51401422356095,interval_1_to_3_years
ELSA,education,death_post,"ns(age_model, knots = c(70, 80, 90), Boundary.knots = c(60, 95))2",1.88727914374133,6.60138280991966,interval_1_to_3_years
ELSA,education,death_post,"ns(age_model, knots = c(70, 80, 90), Boundary.knots = c(60, 95))3",3.43133684015536,30.9179474883326,interval_1_to_3_years
ELSA,education,death_post,"ns(age_model, knots = c(70, 80, 90), Boundary.knots = c(60, 95))4",2.90661362238401,18.2947406503236,interval_1_to_3_years
ELSA,education,death_post,origin_factorD2,-0.133829133814586,0.87473951523914,interval_1_to_3_years
ELSA,education,death_post,origin_factorR1,-0.561978954654701,0.570079784777687,interval_1_to_3_years
ELSA,education,death_post,period_factor2,-0.104179092481449,0.901063909198485,interval_1_to_3_years
ELSA,education,death_post,period_factor3,-0.115111341663227,0.891266903242738,interval_1_to_3_years
ELSA,education,death_post,period_factor4,-0.0702559847187732,0.932155171882601,interval_1_to_3_years
ELSA,education,death_post,period_factor5,-0.327399112972877,0.720796006573729,interval_1_to_3_years
ELSA,education,death_post,proxy_factorself,-0.814038169817169,0.443065276038825,interval_1_to_3_years
ELSA,education,death_post,seslow,0.317870578715784,1.37419839919665,interval_1_to_3_years
ELSA,education,death_post,sesmiddle,0.0942717921631681,1.0988583664264,interval_1_to_3_years
ELSA,education,death_post,sex_factormale,0.558210067054887,1.74754171669396,interval_1_to_3_years
ELSA,education,death_pre,(Intercept),-5.10469620192027,0.00606818213724609,interval_1_to_3_years
ELSA,education,death_pre,"ns(age_model, knots = c(70, 80, 90), Boundary.knots = c(60, 95))1",1.97294064554473,7.19179394046793,interval_1_to_3_years
ELSA,education,death_pre,"ns(age_model, knots = c(70, 80, 90), Boundary.knots = c(60, 95))2",3.08170561458477,21.7955455115804,interval_1_to_3_years
ELSA,education,death_pre,"ns(age_model, knots = c(70, 80, 90), Boundary.knots = c(60, 95))3",3.83384448388922,46.2399657604533,interval_1_to_3_years
ELSA,education,death_pre,"ns(age_model, knots = c(70, 80, 90), Boundary.knots = c(60, 95))4",2.20002297270241,9.02522083076498,interval_1_to_3_years
ELSA,education,death_pre,period_factor2,-0.107330754816581,0.898228530439516,interval_1_to_3_years
ELSA,education,death_pre,period_factor3,-0.154308319379847,0.857007748175891,interval_1_to_3_years
ELSA,education,death_pre,period_factor4,-0.156056825938714,0.855510573798255,interval_1_to_3_years
ELSA,education,death_pre,period_factor5,-0.703569622627727,0.494815841689282,interval_1_to_3_years
ELSA,education,death_pre,proxy_factorself,-0.758345590750256,0.468440779043511,interval_1_to_3_years
ELSA,education,death_pre,seslow,0.347675174171183,1.41577229563224,interval_1_to_3_years
ELSA,education,death_pre,sesmiddle,-0.0880038017123602,0.915757395270499,interval_1_to_3_years
ELSA,education,death_pre,sex_factormale,0.556551480207603,1.7446456693245,interval_1_to_3_years
ELSA,education,onset,(Intercept),-3.48587463426976,0.0306269593230031,interval_1_to_3_years
ELSA,education,onset,"ns(age_model, knots = c(70, 80, 90), Boundary.knots = c(60, 95))1",1.20325419633349,3.33093883381481,interval_1_to_3_years
ELSA,education,onset,"ns(age_model, knots = c(70, 80, 90), Boundary.knots = c(60, 95))2",1.41728216560376,4.12589169786049,interval_1_to_3_years
ELSA,education,onset,"ns(age_model, knots = c(70, 80, 90), Boundary.knots = c(60, 95))3",2.52148526695574,12.4470701631513,interval_1_to_3_years
ELSA,education,onset,"ns(age_model, knots = c(70, 80, 90), Boundary.knots = c(60, 95))4",2.66448511902836,14.3605536663363,interval_1_to_3_years
ELSA,education,onset,period_factor10,-0.401886204496444,0.669056877022791,interval_1_to_3_years
ELSA,education,onset,period_factor2,-0.167628325522632,0.845668089525991,interval_1_to_3_years
ELSA,education,onset,period_factor3,-0.232255092248564,0.792743874694223,interval_1_to_3_years
ELSA,education,onset,period_factor4,-0.235665538624035,0.790044869242818,interval_1_to_3_years
ELSA,education,onset,period_factor5,-0.390937684034358,0.676422306635168,interval_1_to_3_years
ELSA,education,onset,period_factor6,-0.514761409142622,0.597643169805283,interval_1_to_3_years
ELSA,education,onset,period_factor7,-0.442253999725238,0.642586397956746,interval_1_to_3_years
ELSA,education,onset,period_factor8,-0.643701293360257,0.52534436748339,interval_1_to_3_years
ELSA,education,onset,period_factor9,-1.01954143643175,0.360760333794382,interval_1_to_3_years
ELSA,education,onset,proxy_factorself,-0.0706285330481609,0.931807963710514,interval_1_to_3_years
ELSA,education,onset,seslow,0.507944669794814,1.66187198665719,interval_1_to_3_years
ELSA,education,onset,sesmiddle,0.301425827941749,1.3517848467552,interval_1_to_3_years
ELSA,education,onset,sex_factormale,-0.0576823305285782,0.943949763835545,interval_1_to_3_years
ELSA,education,recovery,(Intercept),-2.62970283972134,0.0720998842774219,interval_1_to_3_years
ELSA,education,recovery,"ns(age_model, knots = c(70, 80, 90), Boundary.knots = c(60, 95))1",-0.226083811431361,0.797651246571401,interval_1_to_3_years
ELSA,education,recovery,"ns(age_model, knots = c(70, 80, 90), Boundary.knots = c(60, 95))2",-0.85990912691312,0.423200538109691,interval_1_to_3_years
ELSA,education,recovery,"ns(age_model, knots = c(70, 80, 90), Boundary.knots = c(60, 95))3",-2.10538806862249,0.121798398959736,interval_1_to_3_years
ELSA,education,recovery,"ns(age_model, knots = c(70, 80, 90), Boundary.knots = c(60, 95))4",-2.33165766214023,0.0971345972161001,interval_1_to_3_years
ELSA,education,recovery,origin_factorD2,0.0926628274927962,1.09709176371886,interval_1_to_3_years
ELSA,education,recovery,period_factor10,0.29612181801608,1.34463394749536,interval_1_to_3_years
ELSA,education,recovery,period_factor2,0.318475448968638,1.37502986236816,interval_1_to_3_years
ELSA,education,recovery,period_factor3,0.0551796080725788,1.05673039494142,interval_1_to_3_years
ELSA,education,recovery,period_factor4,0.145090729096905,1.15614446145249,interval_1_to_3_years
ELSA,education,recovery,period_factor5,0.225867620879538,1.25340972901768,interval_1_to_3_years
ELSA,education,recovery,period_factor6,0.339953343328789,1.40488204191494,interval_1_to_3_years
ELSA,education,recovery,period_factor7,0.258211978820991,1.2946132201236,interval_1_to_3_years
ELSA,education,recovery,period_factor8,0.136165691858945,1.1458717394851,interval_1_to_3_years
ELSA,education,recovery,period_factor9,-0.861727406524804,0.422431740356046,interval_1_to_3_years
ELSA,education,recovery,proxy_factorself,1.11776080341778,3.05799907009571,interval_1_to_3_years
ELSA,education,recovery,seslow,-0.37717510705383,0.685795975668476,interval_1_to_3_years
ELSA,education,recovery,sesmiddle,-0.124308746422903,0.883107142616287,interval_1_to_3_years
ELSA,education,recovery,sex_factormale,-0.0323466899572941,0.968170868771196,interval_1_to_3_years
ELSA,education,relapse,(Intercept),-1.80420728110396,0.164604890278599,interval_1_to_3_years
ELSA,education,relapse,"ns(age_model, knots = c(70, 80, 90), Boundary.knots = c(60, 95))1",0.496713770926246,1.643312087701,interval_1_to_3_years
ELSA,education,relapse,"ns(age_model, knots = c(70, 80, 90), Boundary.knots = c(60, 95))2",0.842440428192643,2.32202680745189,interval_1_to_3_years
ELSA,education,relapse,"ns(age_model, knots = c(70, 80, 90), Boundary.knots = c(60, 95))3",1.825807903662,6.20780830476869,interval_1_to_3_years
ELSA,education,relapse,"ns(age_model, knots = c(70, 80, 90), Boundary.knots = c(60, 95))4",1.61588433598345,5.03233623229013,interval_1_to_3_years
ELSA,education,relapse,period_factor10,-0.42160147164556,0.65599542008146,interval_1_to_3_years
ELSA,education,relapse,period_factor3,-0.262806604479864,0.768890582927344,interval_1_to_3_years
ELSA,education,relapse,period_factor4,-0.298922693862765,0.741616738744409,interval_1_to_3_years
ELSA,education,relapse,period_factor5,-0.341944937989655,0.710387318986219,interval_1_to_3_years
ELSA,education,relapse,period_factor6,-0.404931822190201,0.667022285426786,interval_1_to_3_years
ELSA,education,relapse,period_factor7,-0.467755831665461,0.626406453606993,interval_1_to_3_years
ELSA,education,relapse,period_factor8,-0.429506079679495,0.650830473745155,interval_1_to_3_years
ELSA,education,relapse,period_factor9,-0.795595755567321,0.451312283010544,interval_1_to_3_years
ELSA,education,relapse,proxy_factorself,-0.229428296905623,0.79498796969166,interval_1_to_3_years
ELSA,education,relapse,seslow,0.463100999973365,1.58899382264546,interval_1_to_3_years
ELSA,education,relapse,sesmiddle,0.217844895118143,1.2433941961519,interval_1_to_3_years
ELSA,education,relapse,sex_factormale,-0.0546238125592158,0.946841270759296,interval_1_to_3_years
ELSA,wealth,death_post,(Intercept),-3.79878747536161,0.022397913419803,interval_1_to_3_years
ELSA,wealth,death_post,"ns(age_model, knots = c(70, 80, 90), Boundary.knots = c(60, 95))1",1.62822107533757,5.09480338093129,interval_1_to_3_years
ELSA,wealth,death_post,"ns(age_model, knots = c(70, 80, 90), Boundary.knots = c(60, 95))2",1.96752271283222,7.15293464838737,interval_1_to_3_years
ELSA,wealth,death_post,"ns(age_model, knots = c(70, 80, 90), Boundary.knots = c(60, 95))3",3.5913608092957,36.2834171582073,interval_1_to_3_years
ELSA,wealth,death_post,"ns(age_model, knots = c(70, 80, 90), Boundary.knots = c(60, 95))4",2.97303387041258,19.5511453503817,interval_1_to_3_years
ELSA,wealth,death_post,origin_factorD2,-0.0278019265272134,0.972580990218121,interval_1_to_3_years
ELSA,wealth,death_post,origin_factorR1,-0.494076944511183,0.61013383483482,interval_1_to_3_years
ELSA,wealth,death_post,period_factor2,-0.070003990202989,0.932390099472764,interval_1_to_3_years
ELSA,wealth,death_post,period_factor3,-0.108900341861406,0.89681978843566,interval_1_to_3_years
ELSA,wealth,death_post,period_factor4,-0.0366057704885514,0.964056119816711,interval_1_to_3_years
ELSA,wealth,death_post,period_factor5,-0.298190996947327,0.742159575996539,interval_1_to_3_years
ELSA,wealth,death_post,proxy_factorself,-0.832388720463472,0.435008929523691,interval_1_to_3_years
ELSA,wealth,death_post,seslow,0.469478038002039,1.5991592749683,interval_1_to_3_years
ELSA,wealth,death_post,sesmiddle,0.12569493589544,1.13393619228415,interval_1_to_3_years
ELSA,wealth,death_post,sex_factormale,0.585283296765303,1.79549957281703,interval_1_to_3_years
ELSA,wealth,death_pre,(Intercept),-5.10188335475618,0.00608527503474607,interval_1_to_3_years
ELSA,wealth,death_pre,"ns(age_model, knots = c(70, 80, 90), Boundary.knots = c(60, 95))1",2.11088652415979,8.25555679200913,interval_1_to_3_years
ELSA,wealth,death_pre,"ns(age_model, knots = c(70, 80, 90), Boundary.knots = c(60, 95))2",3.10026419722005,22.2038166932396,interval_1_to_3_years
ELSA,wealth,death_pre,"ns(age_model, knots = c(70, 80, 90), Boundary.knots = c(60, 95))3",4.13744457673485,62.642538540713,interval_1_to_3_years
ELSA,wealth,death_pre,"ns(age_model, knots = c(70, 80, 90), Boundary.knots = c(60, 95))4",2.43720096877186,11.4409722447746,interval_1_to_3_years
ELSA,wealth,death_pre,period_factor2,-0.0364730192149828,0.964184107989517,interval_1_to_3_years
ELSA,wealth,death_pre,period_factor3,-0.162613509353687,0.849919610924128,interval_1_to_3_years
ELSA,wealth,death_pre,period_factor4,-0.226924887102263,0.796980643567514,interval_1_to_3_years
ELSA,wealth,death_pre,period_factor5,-0.710608576199472,0.491345085529215,interval_1_to_3_years
ELSA,wealth,death_pre,proxy_factorself,-0.923906344565941,0.396965325044801,interval_1_to_3_years
ELSA,wealth,death_pre,seslow,0.469502641258251,1.59919861997767,interval_1_to_3_years
ELSA,wealth,death_pre,sesmiddle,0.301008455834904,1.35122076718944,interval_1_to_3_years
ELSA,wealth,death_pre,sex_factormale,0.587769398252658,1.79996892029929,interval_1_to_3_years
ELSA,wealth,onset,(Intercept),-3.37220750032683,0.0343138059375182,interval_1_to_3_years
ELSA,wealth,onset,"ns(age_model, knots = c(70, 80, 90), Boundary.knots = c(60, 95))1",1.1903679877228,3.28829103549857,interval_1_to_3_years
ELSA,wealth,onset,"ns(age_model, knots = c(70, 80, 90), Boundary.knots = c(60, 95))2",1.55549099338194,4.73741199215392,interval_1_to_3_years
ELSA,wealth,onset,"ns(age_model, knots = c(70, 80, 90), Boundary.knots = c(60, 95))3",2.44753381143349,11.5598028827485,interval_1_to_3_years
ELSA,wealth,onset,"ns(age_model, knots = c(70, 80, 90), Boundary.knots = c(60, 95))4",2.33014984347794,10.2794817309402,interval_1_to_3_years
ELSA,wealth,onset,period_factor10,-0.431300719276516,0.649663515054366,interval_1_to_3_years
ELSA,wealth,onset,period_factor2,-0.162888253190274,0.849686132824236,interval_1_to_3_years
ELSA,wealth,onset,period_factor3,-0.248643741352705,0.779857754969584,interval_1_to_3_years
ELSA,wealth,onset,period_factor4,-0.249406484532939,0.779263150579478,interval_1_to_3_years
ELSA,wealth,onset,period_factor5,-0.404626893028001,0.667225710987067,interval_1_to_3_years
ELSA,wealth,onset,period_factor6,-0.551757911440205,0.57593647464659,interval_1_to_3_years
ELSA,wealth,onset,period_factor7,-0.46837089828093,0.626021290372331,interval_1_to_3_years
ELSA,wealth,onset,period_factor8,-0.657811721014559,0.517983587796799,interval_1_to_3_years
ELSA,wealth,onset,period_factor9,-1.0066313248191,0.365447983904392,interval_1_to_3_years
ELSA,wealth,onset,proxy_factorself,-0.161293606454611,0.851042162949434,interval_1_to_3_years
ELSA,wealth,onset,seslow,0.685642161934861,1.98504614741089,interval_1_to_3_years
ELSA,wealth,onset,sesmiddle,0.35507596982993,1.42628900509888,interval_1_to_3_years
ELSA,wealth,onset,sex_factormale,-0.0917976805416624,0.912289704833827,interval_1_to_3_years
ELSA,wealth,recovery,(Intercept),-2.61537464164276,0.0731403821295691,interval_1_to_3_years
ELSA,wealth,recovery,"ns(age_model, knots = c(70, 80, 90), Boundary.knots = c(60, 95))1",-0.378700525331177,0.684750647436753,interval_1_to_3_years
ELSA,wealth,recovery,"ns(age_model, knots = c(70, 80, 90), Boundary.knots = c(60, 95))2",-0.887324748156753,0.411755831149113,interval_1_to_3_years
ELSA,wealth,recovery,"ns(age_model, knots = c(70, 80, 90), Boundary.knots = c(60, 95))3",-2.43651245942585,0.0874653591507497,interval_1_to_3_years
ELSA,wealth,recovery,"ns(age_model, knots = c(70, 80, 90), Boundary.knots = c(60, 95))4",-2.68775945263463,0.0680332003418907,interval_1_to_3_years
ELSA,wealth,recovery,origin_factorD2,0.119453152496564,1.1268804512948,interval_1_to_3_years
ELSA,wealth,recovery,period_factor10,0.386066229609705,1.47118210340476,interval_1_to_3_years
ELSA,wealth,recovery,period_factor2,0.317922858441816,1.37427024379047,interval_1_to_3_years
ELSA,wealth,recovery,period_factor3,0.0578809039580046,1.05958879536379,interval_1_to_3_years
ELSA,wealth,recovery,period_factor4,0.152001171963565,1.16416160078629,interval_1_to_3_years
ELSA,wealth,recovery,period_factor5,0.235300749935377,1.26528924717491,interval_1_to_3_years
ELSA,wealth,recovery,period_factor6,0.365527546372808,1.4412741465757,interval_1_to_3_years
ELSA,wealth,recovery,period_factor7,0.266100653825579,1.30486639187144,interval_1_to_3_years
ELSA,wealth,recovery,period_factor8,0.179206939751883,1.19626827401493,interval_1_to_3_years
ELSA,wealth,recovery,period_factor9,-0.691708251143312,0.50071998258615,interval_1_to_3_years
ELSA,wealth,recovery,proxy_factorself,1.13812516206419,3.12091167312837,interval_1_to_3_years
ELSA,wealth,recovery,seslow,-0.456825526670812,0.633290822782531,interval_1_to_3_years
ELSA,wealth,recovery,sesmiddle,-0.188301967229909,0.828364530519361,interval_1_to_3_years
ELSA,wealth,recovery,sex_factormale,-0.00228155096357203,0.99772104979553,interval_1_to_3_years
ELSA,wealth,relapse,(Intercept),-1.7267212569393,0.177866633958686,interval_1_to_3_years
ELSA,wealth,relapse,"ns(age_model, knots = c(70, 80, 90), Boundary.knots = c(60, 95))1",0.657528497093754,1.93001639383116,interval_1_to_3_years
ELSA,wealth,relapse,"ns(age_model, knots = c(70, 80, 90), Boundary.knots = c(60, 95))2",0.853572583605764,2.348020384579,interval_1_to_3_years
ELSA,wealth,relapse,"ns(age_model, knots = c(70, 80, 90), Boundary.knots = c(60, 95))3",2.11665838328328,8.30334448203797,interval_1_to_3_years
ELSA,wealth,relapse,"ns(age_model, knots = c(70, 80, 90), Boundary.knots = c(60, 95))4",2.01864135804772,7.52809000353425,interval_1_to_3_years
ELSA,wealth,relapse,period_factor10,-0.418892994062079,0.657774577287686,interval_1_to_3_years
ELSA,wealth,relapse,period_factor3,-0.274281861913757,0.760117796806945,interval_1_to_3_years
ELSA,wealth,relapse,period_factor4,-0.28292936490267,0.753573014683091,interval_1_to_3_years
ELSA,wealth,relapse,period_factor5,-0.36330944695048,0.695371219698798,interval_1_to_3_years
ELSA,wealth,relapse,period_factor6,-0.444478850269916,0.641158328468912,interval_1_to_3_years
ELSA,wealth,relapse,period_factor7,-0.49153982224711,0.611683784345532,interval_1_to_3_years
ELSA,wealth,relapse,period_factor8,-0.485437177816049,0.615428086437275,interval_1_to_3_years
ELSA,wealth,relapse,period_factor9,-0.86642651546582,0.420451344280618,interval_1_to_3_years
ELSA,wealth,relapse,proxy_factorself,-0.221159113048399,0.801589126853219,interval_1_to_3_years
ELSA,wealth,relapse,seslow,0.421524739142553,1.52428392002598,interval_1_to_3_years
ELSA,wealth,relapse,sesmiddle,0.174841189872489,1.19105704967001,interval_1_to_3_years
ELSA,wealth,relapse,sex_factormale,-0.0539277894333437,0.947500523581265,interval_1_to_3_years
HRS,education,death_post,(Intercept),-4.12515146983632,0.0161610464916973,interval_1_to_3_years
HRS,education,death_post,"ns(age_model, knots = c(70, 80, 90), Boundary.knots = c(60, 95))1",1.10504632863369,3.01936434859119,interval_1_to_3_years
HRS,education,death_post,"ns(age_model, knots = c(70, 80, 90), Boundary.knots = c(60, 95))2",1.67015025893762,5.31296605784225,interval_1_to_3_years
HRS,education,death_post,"ns(age_model, knots = c(70, 80, 90), Boundary.knots = c(60, 95))3",2.47560172288654,11.8888587596394,interval_1_to_3_years
HRS,education,death_post,"ns(age_model, knots = c(70, 80, 90), Boundary.knots = c(60, 95))4",1.97472852297306,7.20466348768165,interval_1_to_3_years
HRS,education,death_post,origin_factorD2,-0.227964834356254,0.796152256549811,interval_1_to_3_years
HRS,education,death_post,origin_factorR1,-0.799923103737799,0.449363517163544,interval_1_to_3_years
HRS,education,death_post,period_factor10,0.319750024233609,1.37678355879096,interval_1_to_3_years
HRS,education,death_post,period_factor11,0.429930979944384,1.53715142560999,interval_1_to_3_years
HRS,education,death_post,period_factor12,0.509167590642388,1.66390556775659,interval_1_to_3_years
HRS,education,death_post,period_factor13,0.413446458068757,1.51201992876219,interval_1_to_3_years
HRS,education,death_post,period_factor14,0.535431844844576,1.70818575420892,interval_1_to_3_years
HRS,education,death_post,period_factor15,0.347134049825899,1.41500639401838,interval_1_to_3_years
HRS,education,death_post,period_factor3,0.275375575603785,1.31702522453532,interval_1_to_3_years
HRS,education,death_post,period_factor4,0.36784690906886,1.44462086369118,interval_1_to_3_years
HRS,education,death_post,period_factor5,0.431583418607413,1.53969357385017,interval_1_to_3_years
HRS,education,death_post,period_factor6,0.350743694617377,1.42012329401828,interval_1_to_3_years
HRS,education,death_post,period_factor7,0.393947624838157,1.4828228835524,interval_1_to_3_years
HRS,education,death_post,period_factor8,0.412870508282311,1.51114933194121,interval_1_to_3_years
HRS,education,death_post,period_factor9,0.539064293041635,1.71440193361183,interval_1_to_3_years
HRS,education,death_post,proxy_factorself,-0.707365863445148,0.492940962591876,interval_1_to_3_years
HRS,education,death_post,seslow,0.0994593583062392,1.10457357808661,interval_1_to_3_years
HRS,education,death_post,sesmiddle,0.150228162501252,1.1620993599789,interval_1_to_3_years
HRS,education,death_post,sex_factormale,0.399489511464425,1.49106333258664,interval_1_to_3_years
HRS,education,death_pre,(Intercept),-6.84101231146167,0.00106902066982534,interval_1_to_3_years
HRS,education,death_pre,"ns(age_model, knots = c(70, 80, 90), Boundary.knots = c(60, 95))1",1.81395959762706,6.13469030972948,interval_1_to_3_years
HRS,education,death_pre,"ns(age_model, knots = c(70, 80, 90), Boundary.knots = c(60, 95))2",2.60038924362817,13.468979729325,interval_1_to_3_years
HRS,education,death_pre,"ns(age_model, knots = c(70, 80, 90), Boundary.knots = c(60, 95))3",4.28891228629064,72.8871450199609,interval_1_to_3_years
HRS,education,death_pre,"ns(age_model, knots = c(70, 80, 90), Boundary.knots = c(60, 95))4",2.93603050368873,18.84090876066,interval_1_to_3_years
HRS,education,death_pre,period_factor10,0.0145038834898572,1.01460957516974,interval_1_to_3_years
HRS,education,death_pre,period_factor11,0.161009040050917,1.1746955880738,interval_1_to_3_years
HRS,education,death_pre,period_factor12,0.260409627910579,1.29746145425141,interval_1_to_3_years
HRS,education,death_pre,period_factor13,0.1945743587942,1.21479381012961,interval_1_to_3_years
HRS,education,death_pre,period_factor14,0.106951623651418,1.11288041608615,interval_1_to_3_years
HRS,education,death_pre,period_factor15,-0.0187671280298053,0.981407878020433,interval_1_to_3_years
HRS,education,death_pre,period_factor3,0.318797823489049,1.37547320841849,interval_1_to_3_years
HRS,education,death_pre,period_factor4,0.371367220331868,1.44971534059948,interval_1_to_3_years
HRS,education,death_pre,period_factor5,0.479734160186853,1.61564484237536,interval_1_to_3_years
HRS,education,death_pre,period_factor6,0.348348185148812,1.41672544663359,interval_1_to_3_years
HRS,education,death_pre,period_factor7,0.140648249942027,1.15101970552151,interval_1_to_3_years
HRS,education,death_pre,period_factor8,0.147858209608344,1.15934850023044,interval_1_to_3_years
HRS,education,death_pre,period_factor9,0.143855492212493,1.15471723083542,interval_1_to_3_years
HRS,education,death_pre,proxy_factorself,-0.0818043467125004,0.92145222621814,interval_1_to_3_years
HRS,education,death_pre,seslow,0.618588748800808,1.85630647769595,interval_1_to_3_years
HRS,education,death_pre,sesmiddle,0.439598309853913,1.55208363657365,interval_1_to_3_years
HRS,education,death_pre,sex_factormale,0.63532469570181,1.88763494891988,interval_1_to_3_years
HRS,education,onset,(Intercept),-3.28928289069947,0.0372805740592052,interval_1_to_3_years
HRS,education,onset,"ns(age_model, knots = c(70, 80, 90), Boundary.knots = c(60, 95))1",1.17618776930043,3.24199139570108,interval_1_to_3_years
HRS,education,onset,"ns(age_model, knots = c(70, 80, 90), Boundary.knots = c(60, 95))2",1.53494802364715,4.64108429704977,interval_1_to_3_years
HRS,education,onset,"ns(age_model, knots = c(70, 80, 90), Boundary.knots = c(60, 95))3",2.11609932200618,8.29870370102899,interval_1_to_3_years
HRS,education,onset,"ns(age_model, knots = c(70, 80, 90), Boundary.knots = c(60, 95))4",1.9814391648094,7.25317399015603,interval_1_to_3_years
HRS,education,onset,period_factor10,-0.712292892608402,0.490518201501863,interval_1_to_3_years
HRS,education,onset,period_factor11,-0.629272069353242,0.532979632040985,interval_1_to_3_years
HRS,education,onset,period_factor12,-0.663567730753736,0.515010633605581,interval_1_to_3_years
HRS,education,onset,period_factor13,-0.813891426305051,0.44313029776417,interval_1_to_3_years
HRS,education,onset,period_factor14,-0.843450779318272,0.430223353107398,interval_1_to_3_years
HRS,education,onset,period_factor15,-0.921620153604261,0.39787390177724,interval_1_to_3_years
HRS,education,onset,period_factor3,-0.262641558707543,0.76901749554034,interval_1_to_3_years
HRS,education,onset,period_factor4,-0.400756548661386,0.669813108087903,interval_1_to_3_years
HRS,education,onset,period_factor5,-0.494958973629712,0.60959591629108,interval_1_to_3_years
HRS,education,onset,period_factor6,-0.600185485079188,0.548709849164517,interval_1_to_3_years
HRS,education,onset,period_factor7,-0.554865567783397,0.574149440190554,interval_1_to_3_years
HRS,education,onset,period_factor8,-0.699654674148408,0.496756817146623,interval_1_to_3_years
HRS,education,onset,period_factor9,-0.519078173490702,0.595068845450385,interval_1_to_3_years
HRS,education,onset,proxy_factorself,-0.108254548911838,0.897399135381017,interval_1_to_3_years
HRS,education,onset,seslow,0.629990186520869,1.87759215346252,interval_1_to_3_years
HRS,education,onset,sesmiddle,0.245378348450628,1.27810479070494,interval_1_to_3_years
HRS,education,onset,sex_factormale,-0.0644677022378484,0.937566395069475,interval_1_to_3_years
HRS,education,recovery,(Intercept),-2.60422721882878,0.0739602702232963,interval_1_to_3_years
HRS,education,recovery,"ns(age_model, knots = c(70, 80, 90), Boundary.knots = c(60, 95))1",-0.468416307304807,0.62599286400202,interval_1_to_3_years
HRS,education,recovery,"ns(age_model, knots = c(70, 80, 90), Boundary.knots = c(60, 95))2",-0.828199636644534,0.43683504058716,interval_1_to_3_years
HRS,education,recovery,"ns(age_model, knots = c(70, 80, 90), Boundary.knots = c(60, 95))3",-1.85208464953862,0.156909723347914,interval_1_to_3_years
HRS,education,recovery,"ns(age_model, knots = c(70, 80, 90), Boundary.knots = c(60, 95))4",-2.27703099729299,0.102588340065119,interval_1_to_3_years
HRS,education,recovery,origin_factorD2,0.0918786786936189,1.09623181773663,interval_1_to_3_years
HRS,education,recovery,period_factor10,0.142458856004026,1.15310563660768,interval_1_to_3_years
HRS,education,recovery,period_factor11,0.0170187022060387,1.01716434536452,interval_1_to_3_years
HRS,education,recovery,period_factor12,0.120440848598395,1.12799401656528,interval_1_to_3_years
HRS,education,recovery,period_factor13,0.118657131178868,1.12598378736222,interval_1_to_3_years
HRS,education,recovery,period_factor14,0.096450148137242,1.10125468017817,interval_1_to_3_years
HRS,education,recovery,period_factor15,0.0987583191255355,1.1037995000916,interval_1_to_3_years
HRS,education,recovery,period_factor3,0.111648495566113,1.11811976750621,interval_1_to_3_years
HRS,education,recovery,period_factor4,0.310813722085412,1.36453501477344,interval_1_to_3_years
HRS,education,recovery,period_factor5,0.227893328576724,1.25595134416904,interval_1_to_3_years
HRS,education,recovery,period_factor6,0.371586656793429,1.45003349591025,interval_1_to_3_years
HRS,education,recovery,period_factor7,0.104661179262289,1.11033434231463,interval_1_to_3_years
HRS,education,recovery,period_factor8,0.228683720661008,1.25694443058183,interval_1_to_3_years
HRS,education,recovery,period_factor9,0.0103878939979922,1.01044203547844,interval_1_to_3_years
HRS,education,recovery,proxy_factorself,1.05725385721909,2.87845547595207,interval_1_to_3_years
HRS,education,recovery,seslow,-0.422417607423092,0.655460257161742,interval_1_to_3_years
HRS,education,recovery,sesmiddle,-0.183427505847919,0.832412218568584,interval_1_to_3_years
HRS,education,recovery,sex_factormale,0.201549972880384,1.22329736722838,interval_1_to_3_years
HRS,education,relapse,(Intercept),-2.07257497365282,0.125861274619688,interval_1_to_3_years
HRS,education,relapse,"ns(age_model, knots = c(70, 80, 90), Boundary.knots = c(60, 95))1",0.282618143494509,1.32659849482085,interval_1_to_3_years
HRS,education,relapse,"ns(age_model, knots = c(70, 80, 90), Boundary.knots = c(60, 95))2",0.610952147015038,1.84218459456198,interval_1_to_3_years
HRS,education,relapse,"ns(age_model, knots = c(70, 80, 90), Boundary.knots = c(60, 95))3",0.532045075560476,1.70241030873615,interval_1_to_3_years
HRS,education,relapse,"ns(age_model, knots = c(70, 80, 90), Boundary.knots = c(60, 95))4",1.00301802538021,2.72649806417541,interval_1_to_3_years
HRS,education,relapse,period_factor10,-0.217550717459933,0.80448680235797,interval_1_to_3_years
HRS,education,relapse,period_factor11,-0.0530514377466663,0.948331231206083,interval_1_to_3_years
HRS,education,relapse,period_factor12,-0.224937091374284,0.798566453897406,interval_1_to_3_years
HRS,education,relapse,period_factor13,-0.19924410382937,0.819349862480745,interval_1_to_3_years
HRS,education,relapse,period_factor14,-0.202087400088944,0.81702351689357,interval_1_to_3_years
HRS,education,relapse,period_factor15,-0.0536256299557148,0.947786863102445,interval_1_to_3_years
HRS,education,relapse,period_factor4,0.0583695878763638,1.06010672591001,interval_1_to_3_years
HRS,education,relapse,period_factor5,0.0403979725312084,1.04122507072455,interval_1_to_3_years
HRS,education,relapse,period_factor6,0.00681970435908647,1.00684301149533,interval_1_to_3_years
HRS,education,relapse,period_factor7,0.0312019933839312,1.03169387817833,interval_1_to_3_years
HRS,education,relapse,period_factor8,0.0264747840321976,1.0268283544645,interval_1_to_3_years
HRS,education,relapse,period_factor9,0.0947119567969246,1.09934215148154,interval_1_to_3_years
HRS,education,relapse,proxy_factorself,0.0986959233432901,1.10373062980698,interval_1_to_3_years
HRS,education,relapse,seslow,0.424206362004225,1.52837696017583,interval_1_to_3_years
HRS,education,relapse,sesmiddle,0.162809061085483,1.17681196903523,interval_1_to_3_years
HRS,education,relapse,sex_factormale,-0.145737242821355,0.86438479665855,interval_1_to_3_years
HRS,wealth,death_post,(Intercept),-4.24313155077509,0.014362544308843,interval_1_to_3_years
HRS,wealth,death_post,"ns(age_model, knots = c(70, 80, 90), Boundary.knots = c(60, 95))1",1.1631284260986,3.19992837293898,interval_1_to_3_years
HRS,wealth,death_post,"ns(age_model, knots = c(70, 80, 90), Boundary.knots = c(60, 95))2",1.7292249527794,5.63628382902195,interval_1_to_3_years
HRS,wealth,death_post,"ns(age_model, knots = c(70, 80, 90), Boundary.knots = c(60, 95))3",2.54742142942238,12.7741223024763,interval_1_to_3_years
HRS,wealth,death_post,"ns(age_model, knots = c(70, 80, 90), Boundary.knots = c(60, 95))4",2.00047300154219,7.39255196056959,interval_1_to_3_years
HRS,wealth,death_post,origin_factorD2,-0.23811814597686,0.788109573617704,interval_1_to_3_years
HRS,wealth,death_post,origin_factorR1,-0.79519272406535,0.451494212737066,interval_1_to_3_years
HRS,wealth,death_post,period_factor10,0.379507329899347,1.46156434297488,interval_1_to_3_years
HRS,wealth,death_post,period_factor11,0.49007267525363,1.63243485326147,interval_1_to_3_years
HRS,wealth,death_post,period_factor12,0.565170853151562,1.75974841560181,interval_1_to_3_years
HRS,wealth,death_post,period_factor13,0.468005857275806,1.59680675559724,interval_1_to_3_years
HRS,wealth,death_post,period_factor14,0.586100227695845,1.79696697125382,interval_1_to_3_years
HRS,wealth,death_post,period_factor15,0.398420812506103,1.4894706859378,interval_1_to_3_years
HRS,wealth,death_post,period_factor3,0.295642947095249,1.34399019554809,interval_1_to_3_years
HRS,wealth,death_post,period_factor4,0.400718053757981,1.49289629265703,interval_1_to_3_years
HRS,wealth,death_post,period_factor5,0.474383051812638,1.60702244200372,interval_1_to_3_years
HRS,wealth,death_post,period_factor6,0.398585330628529,1.48971575101673,interval_1_to_3_years
HRS,wealth,death_post,period_factor7,0.441896891661038,1.55565533112729,interval_1_to_3_years
HRS,wealth,death_post,period_factor8,0.464111411542627,1.59060017178756,interval_1_to_3_years
HRS,wealth,death_post,period_factor9,0.594061147881377,1.81132957580834,interval_1_to_3_years
HRS,wealth,death_post,proxy_factorself,-0.693701452961078,0.499722940589719,interval_1_to_3_years
HRS,wealth,death_post,seslow,0.242468986246054,1.27439172487914,interval_1_to_3_years
HRS,wealth,death_post,sesmiddle,0.076996343074497,1.08003812676641,interval_1_to_3_years
HRS,wealth,death_post,sex_factormale,0.405697111451076,1.50034804538665,interval_1_to_3_years
HRS,wealth,death_pre,(Intercept),-6.7839967545906,0.00113174254977947,interval_1_to_3_years
HRS,wealth,death_pre,"ns(age_model, knots = c(70, 80, 90), Boundary.knots = c(60, 95))1",1.94174963602994,6.97093690942904,interval_1_to_3_years
HRS,wealth,death_pre,"ns(age_model, knots = c(70, 80, 90), Boundary.knots = c(60, 95))2",2.71261947490844,15.0686959328358,interval_1_to_3_years
HRS,wealth,death_pre,"ns(age_model, knots = c(70, 80, 90), Boundary.knots = c(60, 95))3",4.48345586079635,88.5401269215043,interval_1_to_3_years
HRS,wealth,death_pre,"ns(age_model, knots = c(70, 80, 90), Boundary.knots = c(60, 95))4",3.05984039780234,21.3241535086557,interval_1_to_3_years
HRS,wealth,death_pre,period_factor10,0.0205151217415927,1.02072700329647,interval_1_to_3_years
HRS,wealth,death_pre,period_factor11,0.16445824257768,1.17875434678084,interval_1_to_3_years
HRS,wealth,death_pre,period_factor12,0.255085268732124,1.29057166159061,interval_1_to_3_years
HRS,wealth,death_pre,period_factor13,0.184533475552062,1.20265724022608,interval_1_to_3_years
HRS,wealth,death_pre,period_factor14,0.0845988492995524,1.08828041467199,interval_1_to_3_years
HRS,wealth,death_pre,period_factor15,-0.0442771445202395,0.956688779675595,interval_1_to_3_years
HRS,wealth,death_pre,period_factor3,0.337744017477042,1.40178162587686,interval_1_to_3_years
HRS,wealth,death_pre,period_factor4,0.400044515606517,1.49189110860065,interval_1_to_3_years
HRS,wealth,death_pre,period_factor5,0.505382127076989,1.65761882048724,interval_1_to_3_years
HRS,wealth,death_pre,period_factor6,0.376001580495293,1.45644943568074,interval_1_to_3_years
HRS,wealth,death_pre,period_factor7,0.170835221341817,1.18629525677506,interval_1_to_3_years
HRS,wealth,death_pre,period_factor8,0.174688044176313,1.19087465837553,interval_1_to_3_years
HRS,wealth,death_pre,period_factor9,0.159469187874294,1.17288812248769,interval_1_to_3_years
HRS,wealth,death_pre,proxy_factorself,-0.130855085231765,0.87734490541287,interval_1_to_3_years
HRS,wealth,death_pre,seslow,0.727451570357411,2.06979914332129,interval_1_to_3_years
HRS,wealth,death_pre,sesmiddle,0.251575040770184,1.28604940258071,interval_1_to_3_years
HRS,wealth,death_pre,sex_factormale,0.62815930694679,1.87415765337772,interval_1_to_3_years
HRS,wealth,onset,(Intercept),-3.24549113292665,0.0389494303112899,interval_1_to_3_years
HRS,wealth,onset,"ns(age_model, knots = c(70, 80, 90), Boundary.knots = c(60, 95))1",1.28789004806424,3.6251296314391,interval_1_to_3_years
HRS,wealth,onset,"ns(age_model, knots = c(70, 80, 90), Boundary.knots = c(60, 95))2",1.647581789081,5.19440346398475,interval_1_to_3_years
HRS,wealth,onset,"ns(age_model, knots = c(70, 80, 90), Boundary.knots = c(60, 95))3",2.32943125874924,10.272097705691,interval_1_to_3_years
HRS,wealth,onset,"ns(age_model, knots = c(70, 80, 90), Boundary.knots = c(60, 95))4",2.12657416658545,8.38608820304392,interval_1_to_3_years
HRS,wealth,onset,period_factor10,-0.746743685519702,0.473907233896497,interval_1_to_3_years
HRS,wealth,onset,period_factor11,-0.674272214554483,0.509527112115539,interval_1_to_3_years
HRS,wealth,onset,period_factor12,-0.716924823605135,0.488251408906102,interval_1_to_3_years
HRS,wealth,onset,period_factor13,-0.873487448125183,0.417493022199635,interval_1_to_3_years
HRS,wealth,onset,period_factor14,-0.909496221596745,0.40272705813192,interval_1_to_3_years
HRS,wealth,onset,period_factor15,-0.992941754024821,0.370485210017153,interval_1_to_3_years
HRS,wealth,onset,period_factor3,-0.256107755752133,0.774058555036381,interval_1_to_3_years
HRS,wealth,onset,period_factor4,-0.393030413091401,0.675008218187318,interval_1_to_3_years
HRS,wealth,onset,period_factor5,-0.494602239532982,0.60981341873261,interval_1_to_3_years
HRS,wealth,onset,period_factor6,-0.60409095017682,0.546571061199268,interval_1_to_3_years
HRS,wealth,onset,period_factor7,-0.559829124197201,0.571306677995877,interval_1_to_3_years
HRS,wealth,onset,period_factor8,-0.716346007446966,0.48853409851559,interval_1_to_3_years
HRS,wealth,onset,period_factor9,-0.545456304030916,0.57957725955304,interval_1_to_3_years
HRS,wealth,onset,proxy_factorself,-0.182880253881327,0.83286788246232,interval_1_to_3_years
HRS,wealth,onset,seslow,0.627905621032339,1.87368226628166,interval_1_to_3_years
HRS,wealth,onset,sesmiddle,0.231834520750931,1.26091105694853,interval_1_to_3_years
HRS,wealth,onset,sex_factormale,-0.0592982684148278,0.942425631432752,interval_1_to_3_years
HRS,wealth,recovery,(Intercept),-2.50372353005636,0.0817799209996815,interval_1_to_3_years
HRS,wealth,recovery,"ns(age_model, knots = c(70, 80, 90), Boundary.knots = c(60, 95))1",-0.616364547729006,0.539903668108658,interval_1_to_3_years
HRS,wealth,recovery,"ns(age_model, knots = c(70, 80, 90), Boundary.knots = c(60, 95))2",-0.978260491803367,0.375964523738346,interval_1_to_3_years
HRS,wealth,recovery,"ns(age_model, knots = c(70, 80, 90), Boundary.knots = c(60, 95))3",-2.08536132739731,0.124262212711218,interval_1_to_3_years
HRS,wealth,recovery,"ns(age_model, knots = c(70, 80, 90), Boundary.knots = c(60, 95))4",-2.37821599486582,0.0927158355825877,interval_1_to_3_years
HRS,wealth,recovery,origin_factorD2,0.0962940042498771,1.10108273941553,interval_1_to_3_years
HRS,wealth,recovery,period_factor10,0.133488134843062,1.14280770646188,interval_1_to_3_years
HRS,wealth,recovery,period_factor11,0.00644491705076646,1.00646573021768,interval_1_to_3_years
HRS,wealth,recovery,period_factor12,0.121530701983615,1.12922403481077,interval_1_to_3_years
HRS,wealth,recovery,period_factor13,0.14141884382287,1.15190701609745,interval_1_to_3_years
HRS,wealth,recovery,period_factor14,0.126548820472671,1.13490485641513,interval_1_to_3_years
HRS,wealth,recovery,period_factor15,0.139597021153227,1.14981035623335,interval_1_to_3_years
HRS,wealth,recovery,period_factor3,0.0720977038255721,1.07476034713162,interval_1_to_3_years
HRS,wealth,recovery,period_factor4,0.274099837053882,1.31534611596468,interval_1_to_3_years
HRS,wealth,recovery,period_factor5,0.198492195163517,1.21956250889114,interval_1_to_3_years
HRS,wealth,recovery,period_factor6,0.347546069944095,1.41558952524274,interval_1_to_3_years
HRS,wealth,recovery,period_factor7,0.0846301622489684,1.0883144924751,interval_1_to_3_years
HRS,wealth,recovery,period_factor8,0.215186292728203,1.24009289573747,interval_1_to_3_years
HRS,wealth,recovery,period_factor9,-0.001988859417157,0.998013117053209,interval_1_to_3_years
HRS,wealth,recovery,proxy_factorself,1.09925214622843,3.0019201869385,interval_1_to_3_years
HRS,wealth,recovery,seslow,-0.490385388827142,0.61239034030607,interval_1_to_3_years
HRS,wealth,recovery,sesmiddle,-0.176264291423294,0.838396373082793,interval_1_to_3_years
HRS,wealth,recovery,sex_factormale,0.194125854273085,1.214249091777,interval_1_to_3_years
HRS,wealth,relapse,(Intercept),-1.95165518133812,0.142038776979665,interval_1_to_3_years
HRS,wealth,relapse,"ns(age_model, knots = c(70, 80, 90), Boundary.knots = c(60, 95))1",0.377185279292753,1.45817445387589,interval_1_to_3_years
HRS,wealth,relapse,"ns(age_model, knots = c(70, 80, 90), Boundary.knots = c(60, 95))2",0.688786231562998,1.99129709226704,interval_1_to_3_years
HRS,wealth,relapse,"ns(age_model, knots = c(70, 80, 90), Boundary.knots = c(60, 95))3",0.653657452170259,1.92255965566336,interval_1_to_3_years
HRS,wealth,relapse,"ns(age_model, knots = c(70, 80, 90), Boundary.knots = c(60, 95))4",1.08019696163872,2.94525959709695,interval_1_to_3_years
HRS,wealth,relapse,period_factor10,-0.242187106014763,0.784909302560108,interval_1_to_3_years
HRS,wealth,relapse,period_factor11,-0.0933839239756374,0.910843738410215,interval_1_to_3_years
HRS,wealth,relapse,period_factor12,-0.274410164860409,0.760020277709939,interval_1_to_3_years
HRS,wealth,relapse,period_factor13,-0.25275654868194,0.776656936964927,interval_1_to_3_years
HRS,wealth,relapse,period_factor14,-0.259346258544055,0.771555818990989,interval_1_to_3_years
HRS,wealth,relapse,period_factor15,-0.122374737072323,0.884816732736432,interval_1_to_3_years
HRS,wealth,relapse,period_factor4,0.0651664158967805,1.06733663138815,interval_1_to_3_years
HRS,wealth,relapse,period_factor5,0.0515400316139727,1.05289133438795,interval_1_to_3_years
HRS,wealth,relapse,period_factor6,0.00827458101762285,1.00830890998374,interval_1_to_3_years
HRS,wealth,relapse,period_factor7,0.0260899813991491,1.02643330422308,interval_1_to_3_years
HRS,wealth,relapse,period_factor8,0.0164638351888954,1.01660011097026,interval_1_to_3_years
HRS,wealth,relapse,period_factor9,0.0792512108336272,1.08247621767035,interval_1_to_3_years
HRS,wealth,relapse,proxy_factorself,0.0187028674192536,1.01887886153009,interval_1_to_3_years
HRS,wealth,relapse,seslow,0.309986204260977,1.36340630480487,interval_1_to_3_years
HRS,wealth,relapse,sesmiddle,0.0464115012962981,1.04750537209882,interval_1_to_3_years
HRS,wealth,relapse,sex_factormale,-0.15349637854339,0.857703870330554,interval_1_to_3_years
MHAS,education,death_post,(Intercept),-4.54548351517236,0.0106150389428396,interval_1_to_3_years
MHAS,education,death_post,"ns(age_model, knots = c(70, 80, 90), Boundary.knots = c(60, 95))1",0.736113838225974,2.0878061762099,interval_1_to_3_years
MHAS,education,death_post,"ns(age_model, knots = c(70, 80, 90), Boundary.knots = c(60, 95))2",2.78031297879656,16.1240666493631,interval_1_to_3_years
MHAS,education,death_post,"ns(age_model, knots = c(70, 80, 90), Boundary.knots = c(60, 95))3",3.22104543425158,25.0542991172218,interval_1_to_3_years
MHAS,education,death_post,"ns(age_model, knots = c(70, 80, 90), Boundary.knots = c(60, 95))4",1.10336867903817,3.01430315985074,interval_1_to_3_years
MHAS,education,death_post,origin_factorD2,0.289634821815582,1.33593954296066,interval_1_to_3_years
MHAS,education,death_post,origin_factorR1,-0.583009982743437,0.55821561593961,interval_1_to_3_years
MHAS,education,death_post,period_factor3,0.227572108976716,1.2555479727695,interval_1_to_3_years
MHAS,education,death_post,period_factor4,0.608519753460037,1.8377091218891,interval_1_to_3_years
MHAS,education,death_post,period_factor5,0.94407819820336,2.57044284734136,interval_1_to_3_years
MHAS,education,death_post,seslow,0.190728189650046,1.21013048138487,interval_1_to_3_years
MHAS,education,death_post,sesmiddle,0.161512438495861,1.1752870768709,interval_1_to_3_years
MHAS,education,death_post,sex_factormale,0.226709903108745,1.25446589849229,interval_1_to_3_years
MHAS,education,death_pre,(Intercept),-5.66807283319805,0.00345451629435315,interval_1_to_3_years
MHAS,education,death_pre,"ns(age_model, knots = c(70, 80, 90), Boundary.knots = c(60, 95))1",1.77650594777694,5.90917334550037,interval_1_to_3_years
MHAS,education,death_pre,"ns(age_model, knots = c(70, 80, 90), Boundary.knots = c(60, 95))2",2.4263676897998,11.3176979388282,interval_1_to_3_years
MHAS,education,death_pre,"ns(age_model, knots = c(70, 80, 90), Boundary.knots = c(60, 95))3",4.83354291431609,125.655359127806,interval_1_to_3_years
MHAS,education,death_pre,"ns(age_model, knots = c(70, 80, 90), Boundary.knots = c(60, 95))4",3.41647120147518,30.4617318223186,interval_1_to_3_years
MHAS,education,death_pre,period_factor3,0.199455478648563,1.22073785932188,interval_1_to_3_years
MHAS,education,death_pre,period_factor4,0.775684608419374,2.17207864161083,interval_1_to_3_years
MHAS,education,death_pre,period_factor5,1.01898151011601,2.77037173101015,interval_1_to_3_years
MHAS,education,death_pre,seslow,-0.184286245901277,0.831697699692492,interval_1_to_3_years
MHAS,education,death_pre,sesmiddle,-0.00807571855641646,0.991956802456287,interval_1_to_3_years
MHAS,education,death_pre,sex_factormale,0.734897891274794,2.08526905746878,interval_1_to_3_years
MHAS,education,onset,(Intercept),-3.38363900786845,0.0339237809403524,interval_1_to_3_years
MHAS,education,onset,"ns(age_model, knots = c(70, 80, 90), Boundary.knots = c(60, 95))1",1.08888064001665,2.97094665182497,interval_1_to_3_years
MHAS,education,onset,"ns(age_model, knots = c(70, 80, 90), Boundary.knots = c(60, 95))2",0.86326770247649,2.37089543028335,interval_1_to_3_years
MHAS,education,onset,"ns(age_model, knots = c(70, 80, 90), Boundary.knots = c(60, 95))3",1.14611777177787,3.1459558529378,interval_1_to_3_years
MHAS,education,onset,"ns(age_model, knots = c(70, 80, 90), Boundary.knots = c(60, 95))4",0.981427108445591,2.66826142449345,interval_1_to_3_years
MHAS,education,onset,period_factor2,-16.547113382376,6.51148383294744e-08,interval_1_to_3_years
MHAS,education,onset,period_factor3,-0.00916215987942238,0.990879684813968,interval_1_to_3_years
MHAS,education,onset,period_factor4,-0.0257711599139993,0.97455808204828,interval_1_to_3_years
MHAS,education,onset,period_factor5,-0.135582837240983,0.873206825888156,interval_1_to_3_years
MHAS,education,onset,seslow,0.431063329424818,1.53889300407978,interval_1_to_3_years
MHAS,education,onset,sesmiddle,-0.437941755188716,0.645363370830375,interval_1_to_3_years
MHAS,education,onset,sex_factormale,-0.462512640995395,0.629699447433483,interval_1_to_3_years
MHAS,education,recovery,(Intercept),-0.0754728376211308,0.927304917999431,interval_1_to_3_years
MHAS,education,recovery,"ns(age_model, knots = c(70, 80, 90), Boundary.knots = c(60, 95))1",-1.25315786120568,0.285601481499873,interval_1_to_3_years
MHAS,education,recovery,"ns(age_model, knots = c(70, 80, 90), Boundary.knots = c(60, 95))2",-2.10484448579001,0.121864624476331,interval_1_to_3_years
MHAS,education,recovery,"ns(age_model, knots = c(70, 80, 90), Boundary.knots = c(60, 95))3",-4.31281943111804,0.0133957279692811,interval_1_to_3_years
MHAS,education,recovery,"ns(age_model, knots = c(70, 80, 90), Boundary.knots = c(60, 95))4",-3.51507303811698,0.0297456303099294,interval_1_to_3_years
MHAS,education,recovery,origin_factorD2,0.181986157170096,1.19959758793957,interval_1_to_3_years
MHAS,education,recovery,period_factor2,-18.8119490108447,6.76198729973174e-09,interval_1_to_3_years
MHAS,education,recovery,period_factor3,-0.956374399692842,0.384283622143419,interval_1_to_3_years
MHAS,education,recovery,period_factor4,-1.11420637457048,0.328175624098271,interval_1_to_3_years
MHAS,education,recovery,period_factor5,-1.26653076502705,0.281807584605491,interval_1_to_3_years
MHAS,education,recovery,seslow,-0.229539857931561,0.794899284965124,interval_1_to_3_years
MHAS,education,recovery,sesmiddle,-0.699378826608498,0.496893865193881,interval_1_to_3_years
MHAS,education,recovery,sex_factormale,0.184800771669998,1.20297874880468,interval_1_to_3_years
MHAS,education,relapse,(Intercept),-20.6822866497896,1.04183042186659e-09,interval_1_to_3_years
MHAS,education,relapse,"ns(age_model, knots = c(70, 80, 90), Boundary.knots = c(60, 95))1",1.96537074442351,7.13755830962603,interval_1_to_3_years
MHAS,education,relapse,"ns(age_model, knots = c(70, 80, 90), Boundary.knots = c(60, 95))2",0.555854839027158,1.74343070055374,interval_1_to_3_years
MHAS,education,relapse,"ns(age_model, knots = c(70, 80, 90), Boundary.knots = c(60, 95))3",2.4609739137963,11.7162165702794,interval_1_to_3_years
MHAS,education,relapse,"ns(age_model, knots = c(70, 80, 90), Boundary.knots = c(60, 95))4",2.10110416234237,8.17519166969215,interval_1_to_3_years
MHAS,education,relapse,period_factor3,17.4404487595562,37522404.2630994,interval_1_to_3_years
MHAS,education,relapse,period_factor4,17.9154577672442,60337102.2742063,interval_1_to_3_years
MHAS,education,relapse,period_factor5,17.5618686064251,42366503.9337965,interval_1_to_3_years
MHAS,education,relapse,seslow,0.31463682160097,1.36976175273086,interval_1_to_3_years
MHAS,education,relapse,sesmiddle,0.520439063101321,1.68276632812663,interval_1_to_3_years
MHAS,education,relapse,sex_factormale,-0.643012464085927,0.525706364725653,interval_1_to_3_years
MHAS,wealth,death_post,(Intercept),-4.33555893759712,0.0130945529891846,interval_1_to_3_years
MHAS,wealth,death_post,"ns(age_model, knots = c(70, 80, 90), Boundary.knots = c(60, 95))1",0.765242200603836,2.14951492542671,interval_1_to_3_years
MHAS,wealth,death_post,"ns(age_model, knots = c(70, 80, 90), Boundary.knots = c(60, 95))2",2.75749301307723,15.7602825580174,interval_1_to_3_years
MHAS,wealth,death_post,"ns(age_model, knots = c(70, 80, 90), Boundary.knots = c(60, 95))3",3.23712399644711,25.4603921714929,interval_1_to_3_years
MHAS,wealth,death_post,"ns(age_model, knots = c(70, 80, 90), Boundary.knots = c(60, 95))4",1.13638864798474,3.11549686886986,interval_1_to_3_years
MHAS,wealth,death_post,origin_factorD2,0.29291106926065,1.34032358916368,interval_1_to_3_years
MHAS,wealth,death_post,origin_factorR1,-0.579005256647165,0.560455598849412,interval_1_to_3_years
MHAS,wealth,death_post,period_factor3,0.221827309173895,1.24835577965804,interval_1_to_3_years
MHAS,wealth,death_post,period_factor4,0.595127330375276,1.81326181356875,interval_1_to_3_years
MHAS,wealth,death_post,period_factor5,0.918371583842487,2.50520754610808,interval_1_to_3_years
MHAS,wealth,death_post,seslow,0.0154292192046515,1.01554886415802,interval_1_to_3_years
MHAS,wealth,death_post,sesmiddle,-0.0676251530331646,0.934610743926756,interval_1_to_3_years
MHAS,wealth,death_post,sex_factormale,0.215431684951558,1.24039724223093,interval_1_to_3_years
MHAS,wealth,death_pre,(Intercept),-5.92770222186862,0.00266459761403708,interval_1_to_3_years
MHAS,wealth,death_pre,"ns(age_model, knots = c(70, 80, 90), Boundary.knots = c(60, 95))1",1.76898612817998,5.86490408501149,interval_1_to_3_years
MHAS,wealth,death_pre,"ns(age_model, knots = c(70, 80, 90), Boundary.knots = c(60, 95))2",2.48168779386526,11.9614358284802,interval_1_to_3_years
MHAS,wealth,death_pre,"ns(age_model, knots = c(70, 80, 90), Boundary.knots = c(60, 95))3",4.79503618500382,120.908756787725,interval_1_to_3_years
MHAS,wealth,death_pre,"ns(age_model, knots = c(70, 80, 90), Boundary.knots = c(60, 95))4",3.36956400660722,29.0658517754985,interval_1_to_3_years
MHAS,wealth,death_pre,period_factor3,0.215217244587064,1.24013127951177,interval_1_to_3_years
MHAS,wealth,death_pre,period_factor4,0.776762032465035,2.17442015254194,interval_1_to_3_years
MHAS,wealth,death_pre,period_factor5,1.03076699976346,2.80321507566002,interval_1_to_3_years
MHAS,wealth,death_pre,seslow,0.220543319728248,1.24675393260997,interval_1_to_3_years
MHAS,wealth,death_pre,sesmiddle,0.0627315668655529,1.06474098910612,interval_1_to_3_years
MHAS,wealth,death_pre,sex_factormale,0.73190146043229,2.07903004500288,interval_1_to_3_years
MHAS,wealth,onset,(Intercept),-3.16653922516043,0.0421492147264227,interval_1_to_3_years
MHAS,wealth,onset,"ns(age_model, knots = c(70, 80, 90), Boundary.knots = c(60, 95))1",1.12834850689049,3.09054826401474,interval_1_to_3_years
MHAS,wealth,onset,"ns(age_model, knots = c(70, 80, 90), Boundary.knots = c(60, 95))2",0.938203085299099,2.55538548057535,interval_1_to_3_years
MHAS,wealth,onset,"ns(age_model, knots = c(70, 80, 90), Boundary.knots = c(60, 95))3",1.15587375560012,3.17679795021881,interval_1_to_3_years
MHAS,wealth,onset,"ns(age_model, knots = c(70, 80, 90), Boundary.knots = c(60, 95))4",0.934043470809673,2.54477813862528,interval_1_to_3_years
MHAS,wealth,onset,period_factor2,-16.5626788026186,6.41091458251197e-08,interval_1_to_3_years
MHAS,wealth,onset,period_factor3,-0.0131419452262814,0.986944033083019,interval_1_to_3_years
MHAS,wealth,onset,period_factor4,-0.0529089191831844,0.948466395642351,interval_1_to_3_years
MHAS,wealth,onset,period_factor5,-0.163487741565989,0.849176908516878,interval_1_to_3_years
MHAS,wealth,onset,seslow,0.335996697353629,1.39933440329661,interval_1_to_3_years
MHAS,wealth,onset,sesmiddle,0.179037189970289,1.19606522497094,interval_1_to_3_years
MHAS,wealth,onset,sex_factormale,-0.484325799751022,0.616112439930433,interval_1_to_3_years
MHAS,wealth,recovery,(Intercept),-0.245656182370028,0.782191109792704,interval_1_to_3_years
MHAS,wealth,recovery,"ns(age_model, knots = c(70, 80, 90), Boundary.knots = c(60, 95))1",-1.32903393219219,0.264732887724212,interval_1_to_3_years
MHAS,wealth,recovery,"ns(age_model, knots = c(70, 80, 90), Boundary.knots = c(60, 95))2",-1.97511253527275,0.138745697579451,interval_1_to_3_years
MHAS,wealth,recovery,"ns(age_model, knots = c(70, 80, 90), Boundary.knots = c(60, 95))3",-4.37800420089288,0.0125503816828229,interval_1_to_3_years
MHAS,wealth,recovery,"ns(age_model, knots = c(70, 80, 90), Boundary.knots = c(60, 95))4",-3.69954529382174,0.024734770966851,interval_1_to_3_years
MHAS,wealth,recovery,origin_factorD2,0.163649453505513,1.17780136857752,interval_1_to_3_years
MHAS,wealth,recovery,period_factor2,-18.8357972099141,6.6026337801748e-09,interval_1_to_3_years
MHAS,wealth,recovery,period_factor3,-0.960323969691954,0.382768860376144,interval_1_to_3_years
MHAS,wealth,recovery,period_factor4,-1.11044362701309,0.32941279224227,interval_1_to_3_years
MHAS,wealth,recovery,period_factor5,-1.23502260458912,0.290828188241851,interval_1_to_3_years
MHAS,wealth,recovery,seslow,0.000453145752643387,1.00045324843869,interval_1_to_3_years
MHAS,wealth,recovery,sesmiddle,-0.160925166599168,0.851355778571627,interval_1_to_3_years
MHAS,wealth,recovery,sex_factormale,0.190129951791621,1.20940675202001,interval_1_to_3_years
MHAS,wealth,relapse,(Intercept),-20.1084827322437,1.84925546124439e-09,interval_1_to_3_years
MHAS,wealth,relapse,"ns(age_model, knots = c(70, 80, 90), Boundary.knots = c(60, 95))1",1.85148550204389,6.36927406813616,interval_1_to_3_years
MHAS,wealth,relapse,"ns(age_model, knots = c(70, 80, 90), Boundary.knots = c(60, 95))2",0.303467932420253,1.35454815316464,interval_1_to_3_years
MHAS,wealth,relapse,"ns(age_model, knots = c(70, 80, 90), Boundary.knots = c(60, 95))3",1.86759606779944,6.47271770720777,interval_1_to_3_years
MHAS,wealth,relapse,"ns(age_model, knots = c(70, 80, 90), Boundary.knots = c(60, 95))4",2.14364626150276,8.53048537080164,interval_1_to_3_years
MHAS,wealth,relapse,period_factor3,17.4526758209176,37984009.2880787,interval_1_to_3_years
MHAS,wealth,relapse,period_factor4,17.928465518823,61127079.0838754,interval_1_to_3_years
MHAS,wealth,relapse,period_factor5,17.5798218195094,43133987.5910102,interval_1_to_3_years
MHAS,wealth,relapse,seslow,0.0809041482911022,1.08426696274444,interval_1_to_3_years
MHAS,wealth,relapse,sesmiddle,-0.292588805936339,0.746328963650401,interval_1_to_3_years
MHAS,wealth,relapse,sex_factormale,-0.519657710471809,0.594724080959677,interval_1_to_3_years
CHARLS,education,death_post,(Intercept),-4.82973585695788,0.00798863112861919,exclude_explicit_proxy
CHARLS,education,death_post,"ns(age_model, knots = c(70, 80, 90), Boundary.knots = c(60, 95))1",1.84973836523218,6.35815579035225,exclude_explicit_proxy
CHARLS,education,death_post,"ns(age_model, knots = c(70, 80, 90), Boundary.knots = c(60, 95))2",2.62003491207022,13.7362031359953,exclude_explicit_proxy
CHARLS,education,death_post,"ns(age_model, knots = c(70, 80, 90), Boundary.knots = c(60, 95))3",3.5884101131581,36.1765136168369,exclude_explicit_proxy
CHARLS,education,death_post,"ns(age_model, knots = c(70, 80, 90), Boundary.knots = c(60, 95))4",2.52816014768573,12.5304307734899,exclude_explicit_proxy
CHARLS,education,death_post,origin_factorD2,-0.593147366596783,0.552585356236582,exclude_explicit_proxy
CHARLS,education,death_post,origin_factorR1,-0.971264535046693,0.378603977274551,exclude_explicit_proxy
CHARLS,education,death_post,period_factor2,0.308161500893046,1.36092076110826,exclude_explicit_proxy
CHARLS,education,death_post,period_factor3,0.303027960398997,1.35395232096016,exclude_explicit_proxy
CHARLS,education,death_post,period_factor4,0.199370628007083,1.22063428332575,exclude_explicit_proxy
CHARLS,education,death_post,seslow,0.255471279022416,1.29106993169485,exclude_explicit_proxy
CHARLS,education,death_post,sesmiddle,-0.168931958758812,0.844566366774933,exclude_explicit_proxy
CHARLS,education,death_post,sex_factormale,0.550943747566177,1.73488954329656,exclude_explicit_proxy
CHARLS,education,death_pre,(Intercept),-5.97435332929354,0.00254314613323983,exclude_explicit_proxy
CHARLS,education,death_pre,"ns(age_model, knots = c(70, 80, 90), Boundary.knots = c(60, 95))1",1.89211790363643,6.63340272217107,exclude_explicit_proxy
CHARLS,education,death_pre,"ns(age_model, knots = c(70, 80, 90), Boundary.knots = c(60, 95))2",2.40437729681414,11.0715338557916,exclude_explicit_proxy
CHARLS,education,death_pre,"ns(age_model, knots = c(70, 80, 90), Boundary.knots = c(60, 95))3",3.7489738713841,42.4774722794611,exclude_explicit_proxy
CHARLS,education,death_pre,"ns(age_model, knots = c(70, 80, 90), Boundary.knots = c(60, 95))4",1.87278216941495,6.50637307360896,exclude_explicit_proxy
CHARLS,education,death_pre,period_factor2,0.195352366678413,1.21573929704203,exclude_explicit_proxy
CHARLS,education,death_pre,period_factor3,0.294956819850602,1.34306836354158,exclude_explicit_proxy
CHARLS,education,death_pre,period_factor4,-0.10203114022071,0.903001431567165,exclude_explicit_proxy
CHARLS,education,death_pre,seslow,0.288726462768995,1.33472658117692,exclude_explicit_proxy
CHARLS,education,death_pre,sesmiddle,-0.366982072163193,0.692822065733984,exclude_explicit_proxy
CHARLS,education,death_pre,sex_factormale,0.509591134979796,1.66461045480272,exclude_explicit_proxy
CHARLS,education,onset,(Intercept),-2.93721590824041,0.0530131168539118,exclude_explicit_proxy
CHARLS,education,onset,"ns(age_model, knots = c(70, 80, 90), Boundary.knots = c(60, 95))1",0.847321974212532,2.33338959960416,exclude_explicit_proxy
CHARLS,education,onset,"ns(age_model, knots = c(70, 80, 90), Boundary.knots = c(60, 95))2",1.08163774972471,2.94950615049175,exclude_explicit_proxy
CHARLS,education,onset,"ns(age_model, knots = c(70, 80, 90), Boundary.knots = c(60, 95))3",1.30265721367521,3.67905973844093,exclude_explicit_proxy
CHARLS,education,onset,"ns(age_model, knots = c(70, 80, 90), Boundary.knots = c(60, 95))4",0.842396423936256,2.32192463063704,exclude_explicit_proxy
CHARLS,education,onset,period_factor2,-0.1611447203337,0.851168880748834,exclude_explicit_proxy
CHARLS,education,onset,period_factor3,-0.645141427208305,0.524588345794773,exclude_explicit_proxy
CHARLS,education,onset,period_factor4,-0.45799536334105,0.63255040912108,exclude_explicit_proxy
CHARLS,education,onset,seslow,0.848697056700572,2.33660040983888,exclude_explicit_proxy
CHARLS,education,onset,sesmiddle,0.196574786922472,1.21722635008693,exclude_explicit_proxy
CHARLS,education,onset,sex_factormale,-0.415516267716449,0.659999456322067,exclude_explicit_proxy
CHARLS,education,recovery,(Intercept),-0.89691968003788,0.407823955203398,exclude_explicit_proxy
CHARLS,education,recovery,"ns(age_model, knots = c(70, 80, 90), Boundary.knots = c(60, 95))1",-0.92942400560166,0.39478103656164,exclude_explicit_proxy
CHARLS,education,recovery,"ns(age_model, knots = c(70, 80, 90), Boundary.knots = c(60, 95))2",-1.62038083499983,0.19782334668191,exclude_explicit_proxy
CHARLS,education,recovery,"ns(age_model, knots = c(70, 80, 90), Boundary.knots = c(60, 95))3",-3.09187989392635,0.0454164959085206,exclude_explicit_proxy
CHARLS,education,recovery,"ns(age_model, knots = c(70, 80, 90), Boundary.knots = c(60, 95))4",-3.13717080407486,0.0434054268062197,exclude_explicit_proxy
CHARLS,education,recovery,origin_factorD2,0.230245493841458,1.25890902641004,exclude_explicit_proxy
CHARLS,education,recovery,period_factor2,-0.14069138540056,0.868757381541722,exclude_explicit_proxy
CHARLS,education,recovery,period_factor3,-0.619397543125419,0.538268623563473,exclude_explicit_proxy
CHARLS,education,recovery,period_factor4,-0.205275331069855,0.814423049569464,exclude_explicit_proxy
CHARLS,education,recovery,seslow,-0.330454540282244,0.718597027891259,exclude_explicit_proxy
CHARLS,education,recovery,sesmiddle,-0.485350007777926,0.6154817356653,exclude_explicit_proxy
CHARLS,education,recovery,sex_factormale,0.126591235367525,1.13495299430616,exclude_explicit_proxy
CHARLS,education,relapse,(Intercept),-1.64655665460531,0.192712342629181,exclude_explicit_proxy
CHARLS,education,relapse,"ns(age_model, knots = c(70, 80, 90), Boundary.knots = c(60, 95))1",0.617184753920195,1.85370206162565,exclude_explicit_proxy
CHARLS,education,relapse,"ns(age_model, knots = c(70, 80, 90), Boundary.knots = c(60, 95))2",0.17537048395769,1.19168763598962,exclude_explicit_proxy
CHARLS,education,relapse,"ns(age_model, knots = c(70, 80, 90), Boundary.knots = c(60, 95))3",0.354484497947634,1.42544564469291,exclude_explicit_proxy
CHARLS,education,relapse,"ns(age_model, knots = c(70, 80, 90), Boundary.knots = c(60, 95))4",0.309660913728185,1.36296287376744,exclude_explicit_proxy
CHARLS,education,relapse,period_factor3,-0.618072964714483,0.538982074968381,exclude_explicit_proxy
CHARLS,education,relapse,period_factor4,-0.301783696124544,0.739498003875327,exclude_explicit_proxy
CHARLS,education,relapse,seslow,0.381511522806336,1.46449653722414,exclude_explicit_proxy
CHARLS,education,relapse,sesmiddle,0.261918216030556,1.29942026633624,exclude_explicit_proxy
CHARLS,education,relapse,sex_factormale,-0.393127370934755,0.67494277401895,exclude_explicit_proxy
CHARLS,wealth,death_post,(Intercept),-24.4356272633216,2.44197895963402e-11,exclude_explicit_proxy
CHARLS,wealth,death_post,"ns(age_model, knots = c(70, 80, 90), Boundary.knots = c(60, 95))1",1.82909205346114,6.22822919143695,exclude_explicit_proxy
CHARLS,wealth,death_post,"ns(age_model, knots = c(70, 80, 90), Boundary.knots = c(60, 95))2",2.01324946670259,7.48760859395438,exclude_explicit_proxy
CHARLS,wealth,death_post,"ns(age_model, knots = c(70, 80, 90), Boundary.knots = c(60, 95))3",2.91042498301939,18.36460155265,exclude_explicit_proxy
CHARLS,wealth,death_post,"ns(age_model, knots = c(70, 80, 90), Boundary.knots = c(60, 95))4",2.16749665582729,8.73638646144882,exclude_explicit_proxy
CHARLS,wealth,death_post,origin_factorD2,-0.541776636417402,0.581713839766288,exclude_explicit_proxy
CHARLS,wealth,death_post,origin_factorR1,-0.981793752120095,0.374638487201772,exclude_explicit_proxy
CHARLS,wealth,death_post,period_factor2,0.184932461606517,1.20313717943138,exclude_explicit_proxy
CHARLS,wealth,death_post,period_factor3,19.2270992146931,223987143.860666,exclude_explicit_proxy
CHARLS,wealth,death_post,period_factor4,19.982867395751,476923851.54937,exclude_explicit_proxy
CHARLS,wealth,death_post,seslow,0.261985448118883,1.29950763201122,exclude_explicit_proxy
CHARLS,wealth,death_post,sesmiddle,-0.0142581095455149,0.985843055918227,exclude_explicit_proxy
CHARLS,wealth,death_post,sex_factormale,0.760088469894776,2.13846540193735,exclude_explicit_proxy
CHARLS,wealth,death_pre,(Intercept),-25.3356717779409,9.92790360043502e-12,exclude_explicit_proxy
CHARLS,wealth,death_pre,"ns(age_model, knots = c(70, 80, 90), Boundary.knots = c(60, 95))1",1.80142073355483,6.05824851001083,exclude_explicit_proxy
CHARLS,wealth,death_pre,"ns(age_model, knots = c(70, 80, 90), Boundary.knots = c(60, 95))2",1.53620547927201,4.64692392537183,exclude_explicit_proxy
CHARLS,wealth,death_pre,"ns(age_model, knots = c(70, 80, 90), Boundary.knots = c(60, 95))3",3.05047015227591,21.1252741838446,exclude_explicit_proxy
CHARLS,wealth,death_pre,"ns(age_model, knots = c(70, 80, 90), Boundary.knots = c(60, 95))4",1.85489348189861,6.39101745531773,exclude_explicit_proxy
CHARLS,wealth,death_pre,period_factor2,-0.00142450576500996,0.998576508361727,exclude_explicit_proxy
CHARLS,wealth,death_pre,period_factor3,19.5184562561253,299749072.051405,exclude_explicit_proxy
CHARLS,wealth,death_pre,period_factor4,19.6430494779995,339522059.062499,exclude_explicit_proxy
CHARLS,wealth,death_pre,seslow,0.119210567086638,1.12660711969305,exclude_explicit_proxy
CHARLS,wealth,death_pre,sesmiddle,0.164691846307984,1.17902974035859,exclude_explicit_proxy
CHARLS,wealth,death_pre,sex_factormale,0.610238343359083,1.84087010566274,exclude_explicit_proxy
CHARLS,wealth,onset,(Intercept),-2.45613918567109,0.0857654370123191,exclude_explicit_proxy
CHARLS,wealth,onset,"ns(age_model, knots = c(70, 80, 90), Boundary.knots = c(60, 95))1",0.726189058630753,2.06718764650058,exclude_explicit_proxy
CHARLS,wealth,onset,"ns(age_model, knots = c(70, 80, 90), Boundary.knots = c(60, 95))2",1.24409703089597,3.46980026192091,exclude_explicit_proxy
CHARLS,wealth,onset,"ns(age_model, knots = c(70, 80, 90), Boundary.knots = c(60, 95))3",1.35007640744398,3.8577202779824,exclude_explicit_proxy
CHARLS,wealth,onset,"ns(age_model, knots = c(70, 80, 90), Boundary.knots = c(60, 95))4",0.941652664654669,2.56421570710189,exclude_explicit_proxy
CHARLS,wealth,onset,period_factor2,-0.0376760384154229,0.963024873425374,exclude_explicit_proxy
CHARLS,wealth,onset,period_factor3,-0.539113084880599,0.583265329877857,exclude_explicit_proxy
CHARLS,wealth,onset,period_factor4,-0.339081880782291,0.712424112857233,exclude_explicit_proxy
CHARLS,wealth,onset,seslow,0.497268162407195,1.64422337850556,exclude_explicit_proxy
CHARLS,wealth,onset,sesmiddle,0.373321190339402,1.4525508102036,exclude_explicit_proxy
CHARLS,wealth,onset,sex_factormale,-0.506602695196019,0.602539114618454,exclude_explicit_proxy
CHARLS,wealth,recovery,(Intercept),-0.997141367950773,0.368932577679948,exclude_explicit_proxy
CHARLS,wealth,recovery,"ns(age_model, knots = c(70, 80, 90), Boundary.knots = c(60, 95))1",-0.690843439229602,0.501153198490661,exclude_explicit_proxy
CHARLS,wealth,recovery,"ns(age_model, knots = c(70, 80, 90), Boundary.knots = c(60, 95))2",-1.06366862080165,0.345187123925009,exclude_explicit_proxy
CHARLS,wealth,recovery,"ns(age_model, knots = c(70, 80, 90), Boundary.knots = c(60, 95))3",-1.94924107540338,0.142382087861821,exclude_explicit_proxy
CHARLS,wealth,recovery,"ns(age_model, knots = c(70, 80, 90), Boundary.knots = c(60, 95))4",-2.06197443238401,0.127202568917976,exclude_explicit_proxy
CHARLS,wealth,recovery,origin_factorD2,0.248928498725298,1.28265031865822,exclude_explicit_proxy
CHARLS,wealth,recovery,period_factor2,-0.16919802679334,0.844341684553401,exclude_explicit_proxy
CHARLS,wealth,recovery,period_factor3,-0.747221291886881,0.47368094682651,exclude_explicit_proxy
CHARLS,wealth,recovery,period_factor4,-0.445923302524556,0.640232874423774,exclude_explicit_proxy
CHARLS,wealth,recovery,seslow,-0.241801922878232,0.785211694621583,exclude_explicit_proxy
CHARLS,wealth,recovery,sesmiddle,-0.141689532690931,0.867890666342019,exclude_explicit_proxy
CHARLS,wealth,recovery,sex_factormale,0.138425579630572,1.14846420925905,exclude_explicit_proxy
CHARLS,wealth,relapse,(Intercept),-1.3305919074842,0.264320761550716,exclude_explicit_proxy
CHARLS,wealth,relapse,"ns(age_model, knots = c(70, 80, 90), Boundary.knots = c(60, 95))1",0.645272367005313,1.90650622795434,exclude_explicit_proxy
CHARLS,wealth,relapse,"ns(age_model, knots = c(70, 80, 90), Boundary.knots = c(60, 95))2",0.34962423410636,1.41853441158135,exclude_explicit_proxy
CHARLS,wealth,relapse,"ns(age_model, knots = c(70, 80, 90), Boundary.knots = c(60, 95))3",0.776536532505398,2.17392987616604,exclude_explicit_proxy
CHARLS,wealth,relapse,"ns(age_model, knots = c(70, 80, 90), Boundary.knots = c(60, 95))4",0.73528754359092,2.08608174570941,exclude_explicit_proxy
CHARLS,wealth,relapse,period_factor3,-0.606954290297085,0.545008280804794,exclude_explicit_proxy
CHARLS,wealth,relapse,period_factor4,-0.353896988850684,0.701947272026487,exclude_explicit_proxy
CHARLS,wealth,relapse,seslow,0.0640383625804974,1.06613329760146,exclude_explicit_proxy
CHARLS,wealth,relapse,sesmiddle,0.152023694898929,1.16418782141806,exclude_explicit_proxy
CHARLS,wealth,relapse,sex_factormale,-0.416432735677792,0.659394865052425,exclude_explicit_proxy
ELSA,education,death_post,(Intercept),-4.48722004062063,0.0112518801413402,exclude_explicit_proxy
ELSA,education,death_post,"ns(age_model, knots = c(70, 80, 90), Boundary.knots = c(60, 95))1",1.39068179851792,4.01758830517205,exclude_explicit_proxy
ELSA,education,death_post,"ns(age_model, knots = c(70, 80, 90), Boundary.knots = c(60, 95))2",1.99958729012218,7.3860071916912,exclude_explicit_proxy
ELSA,education,death_post,"ns(age_model, knots = c(70, 80, 90), Boundary.knots = c(60, 95))3",3.54681140287171,34.7024886316218,exclude_explicit_proxy
ELSA,education,death_post,"ns(age_model, knots = c(70, 80, 90), Boundary.knots = c(60, 95))4",2.95016876160788,19.1091783517915,exclude_explicit_proxy
ELSA,education,death_post,origin_factorD2,-0.0697248679582426,0.932650386614584,exclude_explicit_proxy
ELSA,education,death_post,origin_factorR1,-0.495666440220334,0.609164800064669,exclude_explicit_proxy
ELSA,education,death_post,period_factor2,-0.0929630296647763,0.91122718804802,exclude_explicit_proxy
ELSA,education,death_post,period_factor3,-0.0848058417903431,0.918690638416032,exclude_explicit_proxy
ELSA,education,death_post,period_factor4,-0.0607488344817177,0.941059571810627,exclude_explicit_proxy
ELSA,education,death_post,period_factor5,-0.457717545541553,0.632726167297057,exclude_explicit_proxy
ELSA,education,death_post,seslow,0.342629001642431,1.40864605959709,exclude_explicit_proxy
ELSA,education,death_post,sesmiddle,0.0696189952357811,1.07209962836274,exclude_explicit_proxy
ELSA,education,death_post,sex_factormale,0.553207661236361,1.73882163272596,exclude_explicit_proxy
ELSA,education,death_pre,(Intercept),-5.88483360222521,0.00278130899045001,exclude_explicit_proxy
ELSA,education,death_pre,"ns(age_model, knots = c(70, 80, 90), Boundary.knots = c(60, 95))1",1.98022564861108,7.24437748446036,exclude_explicit_proxy
ELSA,education,death_pre,"ns(age_model, knots = c(70, 80, 90), Boundary.knots = c(60, 95))2",3.16483190760838,23.6847624698367,exclude_explicit_proxy
ELSA,education,death_pre,"ns(age_model, knots = c(70, 80, 90), Boundary.knots = c(60, 95))3",3.8691670134873,47.9024673480185,exclude_explicit_proxy
ELSA,education,death_pre,"ns(age_model, knots = c(70, 80, 90), Boundary.knots = c(60, 95))4",2.10113264305556,8.17542450829702,exclude_explicit_proxy
ELSA,education,death_pre,period_factor2,-0.100878773678466,0.904042620004642,exclude_explicit_proxy
ELSA,education,death_pre,period_factor3,-0.167829746628237,0.845497771277844,exclude_explicit_proxy
ELSA,education,death_pre,period_factor4,-0.14555029477003,0.864546406817761,exclude_explicit_proxy
ELSA,education,death_pre,period_factor5,-0.711146427002708,0.491080886236567,exclude_explicit_proxy
ELSA,education,death_pre,seslow,0.330284446168214,1.39136384029472,exclude_explicit_proxy
ELSA,education,death_pre,sesmiddle,-0.0999865930986264,0.904849549183303,exclude_explicit_proxy
ELSA,education,death_pre,sex_factormale,0.546774988913796,1.72767226150712,exclude_explicit_proxy
ELSA,education,onset,(Intercept),-3.53914330236311,0.0290381933808756,exclude_explicit_proxy
ELSA,education,onset,"ns(age_model, knots = c(70, 80, 90), Boundary.knots = c(60, 95))1",1.25767368831808,3.51722979009044,exclude_explicit_proxy
ELSA,education,onset,"ns(age_model, knots = c(70, 80, 90), Boundary.knots = c(60, 95))2",1.35620183920139,3.88142300087789,exclude_explicit_proxy
ELSA,education,onset,"ns(age_model, knots = c(70, 80, 90), Boundary.knots = c(60, 95))3",2.22236441156586,9.22912654229302,exclude_explicit_proxy
ELSA,education,onset,"ns(age_model, knots = c(70, 80, 90), Boundary.knots = c(60, 95))4",2.31104153951754,10.0849230326968,exclude_explicit_proxy
ELSA,education,onset,period_factor10,-0.388784176205795,0.677880556981125,exclude_explicit_proxy
ELSA,education,onset,period_factor2,-0.198571286119872,0.819901321073247,exclude_explicit_proxy
ELSA,education,onset,period_factor3,-0.243337292442865,0.784007029523584,exclude_explicit_proxy
ELSA,education,onset,period_factor4,-0.254268355131345,0.775483669099076,exclude_explicit_proxy
ELSA,education,onset,period_factor5,-0.355817122605764,0.700600732556841,exclude_explicit_proxy
ELSA,education,onset,period_factor6,-0.490167261190898,0.612523934133183,exclude_explicit_proxy
ELSA,education,onset,period_factor7,-0.418902146404975,0.657768557136755,exclude_explicit_proxy
ELSA,education,onset,period_factor8,-0.623417754479364,0.53610901388388,exclude_explicit_proxy
ELSA,education,onset,period_factor9,-0.816304093469326,0.44206246053116,exclude_explicit_proxy
ELSA,education,onset,seslow,0.469392680691219,1.59902278085848,exclude_explicit_proxy
ELSA,education,onset,sesmiddle,0.270097311892453,1.31009193205562,exclude_explicit_proxy
ELSA,education,onset,sex_factormale,-0.0721681001508303,0.930374486573844,exclude_explicit_proxy
ELSA,education,recovery,(Intercept),-1.56854876100815,0.20834732482516,exclude_explicit_proxy
ELSA,education,recovery,"ns(age_model, knots = c(70, 80, 90), Boundary.knots = c(60, 95))1",-0.229779821563809,0.794708560929764,exclude_explicit_proxy
ELSA,education,recovery,"ns(age_model, knots = c(70, 80, 90), Boundary.knots = c(60, 95))2",-0.85551198913815,0.425065506438644,exclude_explicit_proxy
ELSA,education,recovery,"ns(age_model, knots = c(70, 80, 90), Boundary.knots = c(60, 95))3",-2.14576508385782,0.116978504433062,exclude_explicit_proxy
ELSA,education,recovery,"ns(age_model, knots = c(70, 80, 90), Boundary.knots = c(60, 95))4",-2.29393039297991,0.100869226020951,exclude_explicit_proxy
ELSA,education,recovery,origin_factorD2,0.0871370656566621,1.09104621443584,exclude_explicit_proxy
ELSA,education,recovery,period_factor10,0.362849473211532,1.43741947281872,exclude_explicit_proxy
ELSA,education,recovery,period_factor2,0.288070124887774,1.33385083698411,exclude_explicit_proxy
ELSA,education,recovery,period_factor3,0.0544259603377583,1.05593429250104,exclude_explicit_proxy
ELSA,education,recovery,period_factor4,0.161434969733596,1.17519603236235,exclude_explicit_proxy
ELSA,education,recovery,period_factor5,0.277512075152897,1.31984205634217,exclude_explicit_proxy
ELSA,education,recovery,period_factor6,0.376279171755298,1.45685378943467,exclude_explicit_proxy
ELSA,education,recovery,period_factor7,0.292171050283815,1.33933209118151,exclude_explicit_proxy
ELSA,education,recovery,period_factor8,0.193515571032119,1.21350828198082,exclude_explicit_proxy
ELSA,education,recovery,period_factor9,-0.427917522895272,0.651865176534079,exclude_explicit_proxy
ELSA,education,recovery,seslow,-0.375779250234023,0.686753917077094,exclude_explicit_proxy
ELSA,education,recovery,sesmiddle,-0.110210831536383,0.895645285117925,exclude_explicit_proxy
ELSA,education,recovery,sex_factormale,-0.0179770626676286,0.982183560770712,exclude_explicit_proxy
ELSA,education,relapse,(Intercept),-2.0615793180096,0.127252838411864,exclude_explicit_proxy
ELSA,education,relapse,"ns(age_model, knots = c(70, 80, 90), Boundary.knots = c(60, 95))1",0.499017063849835,1.64710147916785,exclude_explicit_proxy
ELSA,education,relapse,"ns(age_model, knots = c(70, 80, 90), Boundary.knots = c(60, 95))2",0.758130877684212,2.13428325353009,exclude_explicit_proxy
ELSA,education,relapse,"ns(age_model, knots = c(70, 80, 90), Boundary.knots = c(60, 95))3",1.54990617081974,4.71102812994475,exclude_explicit_proxy
ELSA,education,relapse,"ns(age_model, knots = c(70, 80, 90), Boundary.knots = c(60, 95))4",1.57363034321657,4.82412968915433,exclude_explicit_proxy
ELSA,education,relapse,period_factor10,-0.37992358189767,0.683913670600337,exclude_explicit_proxy
ELSA,education,relapse,period_factor3,-0.281048806951656,0.754991485748008,exclude_explicit_proxy
ELSA,education,relapse,period_factor4,-0.247071365796734,0.781084948792579,exclude_explicit_proxy
ELSA,education,relapse,period_factor5,-0.284666040891641,0.752265438269478,exclude_explicit_proxy
ELSA,education,relapse,period_factor6,-0.342251674894171,0.710169450394862,exclude_explicit_proxy
ELSA,education,relapse,period_factor7,-0.40025911831247,0.670146376337967,exclude_explicit_proxy
ELSA,education,relapse,period_factor8,-0.381250824212198,0.68300655355246,exclude_explicit_proxy
ELSA,education,relapse,period_factor9,-0.606915463309089,0.545029442245586,exclude_explicit_proxy
ELSA,education,relapse,seslow,0.51146810314009,1.6677378096803,exclude_explicit_proxy
ELSA,education,relapse,sesmiddle,0.239366236700946,1.27044373451443,exclude_explicit_proxy
ELSA,education,relapse,sex_factormale,-0.0344300254680899,0.966155943631095,exclude_explicit_proxy
ELSA,wealth,death_post,(Intercept),-4.73557576045288,0.00877739370045609,exclude_explicit_proxy
ELSA,wealth,death_post,"ns(age_model, knots = c(70, 80, 90), Boundary.knots = c(60, 95))1",1.53079162471258,4.621834132617,exclude_explicit_proxy
ELSA,wealth,death_post,"ns(age_model, knots = c(70, 80, 90), Boundary.knots = c(60, 95))2",2.08149354346071,8.01643286861867,exclude_explicit_proxy
ELSA,wealth,death_post,"ns(age_model, knots = c(70, 80, 90), Boundary.knots = c(60, 95))3",3.72102204857027,41.3065898830048,exclude_explicit_proxy
ELSA,wealth,death_post,"ns(age_model, knots = c(70, 80, 90), Boundary.knots = c(60, 95))4",3.01954094665332,20.4818872469019,exclude_explicit_proxy
ELSA,wealth,death_post,origin_factorD2,0.0415023312257745,1.04237559186149,exclude_explicit_proxy
ELSA,wealth,death_post,origin_factorR1,-0.428736913277315,0.651331263249615,exclude_explicit_proxy
ELSA,wealth,death_post,period_factor2,-0.0625216680863565,0.939392707750635,exclude_explicit_proxy
ELSA,wealth,death_post,period_factor3,-0.0789357262387722,0.924099317875255,exclude_explicit_proxy
ELSA,wealth,death_post,period_factor4,-0.0141166158114659,0.985982556402385,exclude_explicit_proxy
ELSA,wealth,death_post,period_factor5,-0.418037656261809,0.658337437431159,exclude_explicit_proxy
ELSA,wealth,death_post,seslow,0.591079703132977,1.80593723922809,exclude_explicit_proxy
ELSA,wealth,death_post,sesmiddle,0.159976047383136,1.17348276267217,exclude_explicit_proxy
ELSA,wealth,death_post,sex_factormale,0.586404516774502,1.79751385187856,exclude_explicit_proxy
ELSA,wealth,death_pre,(Intercept),-6.04987925329415,0.0023581467277496,exclude_explicit_proxy
ELSA,wealth,death_pre,"ns(age_model, knots = c(70, 80, 90), Boundary.knots = c(60, 95))1",2.09896641576059,8.15773384849209,exclude_explicit_proxy
ELSA,wealth,death_pre,"ns(age_model, knots = c(70, 80, 90), Boundary.knots = c(60, 95))2",3.18008962093792,24.0489087412453,exclude_explicit_proxy
ELSA,wealth,death_pre,"ns(age_model, knots = c(70, 80, 90), Boundary.knots = c(60, 95))3",4.12897628077785,62.1143027700078,exclude_explicit_proxy
ELSA,wealth,death_pre,"ns(age_model, knots = c(70, 80, 90), Boundary.knots = c(60, 95))4",2.31019070033869,10.0763460344054,exclude_explicit_proxy
ELSA,wealth,death_pre,period_factor2,-0.0296352620830005,0.970799556389828,exclude_explicit_proxy
ELSA,wealth,death_pre,period_factor3,-0.170161962451268,0.84352818563948,exclude_explicit_proxy
ELSA,wealth,death_pre,period_factor4,-0.224534562200077,0.79888796489708,exclude_explicit_proxy
ELSA,wealth,death_pre,period_factor5,-0.706468222348245,0.493383645313623,exclude_explicit_proxy
ELSA,wealth,death_pre,seslow,0.475399688685112,1.60865703102411,exclude_explicit_proxy
ELSA,wealth,death_pre,sesmiddle,0.298136750454934,1.34734602546392,exclude_explicit_proxy
ELSA,wealth,death_pre,sex_factormale,0.578767610763399,1.78383869195748,exclude_explicit_proxy
ELSA,wealth,onset,(Intercept),-3.53830643855067,0.029062504565251,exclude_explicit_proxy
ELSA,wealth,onset,"ns(age_model, knots = c(70, 80, 90), Boundary.knots = c(60, 95))1",1.23170219401183,3.42705809197838,exclude_explicit_proxy
ELSA,wealth,onset,"ns(age_model, knots = c(70, 80, 90), Boundary.knots = c(60, 95))2",1.55554254069239,4.73765619929467,exclude_explicit_proxy
ELSA,wealth,onset,"ns(age_model, knots = c(70, 80, 90), Boundary.knots = c(60, 95))3",2.07579740160077,7.97089993392947,exclude_explicit_proxy
ELSA,wealth,onset,"ns(age_model, knots = c(70, 80, 90), Boundary.knots = c(60, 95))4",1.84048235564618,6.29957616442431,exclude_explicit_proxy
ELSA,wealth,onset,period_factor10,-0.413094161965353,0.661599982340112,exclude_explicit_proxy
ELSA,wealth,onset,period_factor2,-0.193560488294873,0.8240199911234,exclude_explicit_proxy
ELSA,wealth,onset,period_factor3,-0.25763933468248,0.772873930667062,exclude_explicit_proxy
ELSA,wealth,onset,period_factor4,-0.264700611971144,0.767435676639936,exclude_explicit_proxy
ELSA,wealth,onset,period_factor5,-0.374895986093102,0.687360770152012,exclude_explicit_proxy
ELSA,wealth,onset,period_factor6,-0.528014949061136,0.589774540971281,exclude_explicit_proxy
ELSA,wealth,onset,period_factor7,-0.438450563131111,0.645035088345016,exclude_explicit_proxy
ELSA,wealth,onset,period_factor8,-0.631413656781144,0.531839430917658,exclude_explicit_proxy
ELSA,wealth,onset,period_factor9,-0.789167828992441,0.45422262895223,exclude_explicit_proxy
ELSA,wealth,onset,seslow,0.646890391734118,1.90959349914381,exclude_explicit_proxy
ELSA,wealth,onset,sesmiddle,0.337817730105152,1.40188495869296,exclude_explicit_proxy
ELSA,wealth,onset,sex_factormale,-0.10261183802126,0.902477212843022,exclude_explicit_proxy
ELSA,wealth,recovery,(Intercept),-1.50519930823982,0.221973048365297,exclude_explicit_proxy
ELSA,wealth,recovery,"ns(age_model, knots = c(70, 80, 90), Boundary.knots = c(60, 95))1",-0.389033267619636,0.677711723783094,exclude_explicit_proxy
ELSA,wealth,recovery,"ns(age_model, knots = c(70, 80, 90), Boundary.knots = c(60, 95))2",-0.893885241440674,0.409063351438809,exclude_explicit_proxy
ELSA,wealth,recovery,"ns(age_model, knots = c(70, 80, 90), Boundary.knots = c(60, 95))3",-2.4994605836856,0.0821292885556056,exclude_explicit_proxy
ELSA,wealth,recovery,"ns(age_model, knots = c(70, 80, 90), Boundary.knots = c(60, 95))4",-2.6642306582841,0.0696529198220901,exclude_explicit_proxy
ELSA,wealth,recovery,origin_factorD2,0.107503917148359,1.11349522246398,exclude_explicit_proxy
ELSA,wealth,recovery,period_factor10,0.455046649551985,1.57624691253121,exclude_explicit_proxy
ELSA,wealth,recovery,period_factor2,0.282848383266956,1.32690396572085,exclude_explicit_proxy
ELSA,wealth,recovery,period_factor3,0.0616672897962334,1.06360841248122,exclude_explicit_proxy
ELSA,wealth,recovery,period_factor4,0.16369204385698,1.17785153262001,exclude_explicit_proxy
ELSA,wealth,recovery,period_factor5,0.283774894983123,1.32813392749033,exclude_explicit_proxy
ELSA,wealth,recovery,period_factor6,0.404899009395449,1.49915109223639,exclude_explicit_proxy
ELSA,wealth,recovery,period_factor7,0.301005808804787,1.3512171904721,exclude_explicit_proxy
ELSA,wealth,recovery,period_factor8,0.240793809373683,1.27225868044744,exclude_explicit_proxy
ELSA,wealth,recovery,period_factor9,-0.348555162534142,0.705706985364535,exclude_explicit_proxy
ELSA,wealth,recovery,seslow,-0.476359167764755,0.621040384498377,exclude_explicit_proxy
ELSA,wealth,recovery,sesmiddle,-0.207033298115557,0.812992578416034,exclude_explicit_proxy
ELSA,wealth,recovery,sex_factormale,0.0115721742788599,1.01163939091829,exclude_explicit_proxy
ELSA,wealth,relapse,(Intercept),-1.94364494491798,0.143181110235787,exclude_explicit_proxy
ELSA,wealth,relapse,"ns(age_model, knots = c(70, 80, 90), Boundary.knots = c(60, 95))1",0.659676386418298,1.93416631062521,exclude_explicit_proxy
ELSA,wealth,relapse,"ns(age_model, knots = c(70, 80, 90), Boundary.knots = c(60, 95))2",0.789239540417686,2.20172146927921,exclude_explicit_proxy
ELSA,wealth,relapse,"ns(age_model, knots = c(70, 80, 90), Boundary.knots = c(60, 95))3",1.90211210370075,6.70003066800585,exclude_explicit_proxy
ELSA,wealth,relapse,"ns(age_model, knots = c(70, 80, 90), Boundary.knots = c(60, 95))4",2.02249683002917,7.55717036685722,exclude_explicit_proxy
ELSA,wealth,relapse,period_factor10,-0.382394899591459,0.682225589396782,exclude_explicit_proxy
ELSA,wealth,relapse,period_factor3,-0.304658200431294,0.73737536590592,exclude_explicit_proxy
ELSA,wealth,relapse,period_factor4,-0.240561670646271,0.786186159344512,exclude_explicit_proxy
ELSA,wealth,relapse,period_factor5,-0.315489057057851,0.729432053129415,exclude_explicit_proxy
ELSA,wealth,relapse,period_factor6,-0.388000965764528,0.678411688077844,exclude_explicit_proxy
ELSA,wealth,relapse,period_factor7,-0.431425569459177,0.64958240950897,exclude_explicit_proxy
ELSA,wealth,relapse,period_factor8,-0.443856118956983,0.641557722181176,exclude_explicit_proxy
ELSA,wealth,relapse,period_factor9,-0.665549459431246,0.513991032883423,exclude_explicit_proxy
ELSA,wealth,relapse,seslow,0.437239392710505,1.54842671475885,exclude_explicit_proxy
ELSA,wealth,relapse,sesmiddle,0.155386297460751,1.16810911154405,exclude_explicit_proxy
ELSA,wealth,relapse,sex_factormale,-0.038213203818483,0.96250770869502,exclude_explicit_proxy
HRS,education,death_post,(Intercept),-3.98431496907909,0.018605185085404,exclude_explicit_proxy
HRS,education,death_post,"ns(age_model, knots = c(70, 80, 90), Boundary.knots = c(60, 95))1",1.23916785936586,3.45273910448462,exclude_explicit_proxy
HRS,education,death_post,"ns(age_model, knots = c(70, 80, 90), Boundary.knots = c(60, 95))2",1.72269299137021,5.59958781949273,exclude_explicit_proxy
HRS,education,death_post,"ns(age_model, knots = c(70, 80, 90), Boundary.knots = c(60, 95))3",2.88249258549761,17.8587321644821,exclude_explicit_proxy
HRS,education,death_post,"ns(age_model, knots = c(70, 80, 90), Boundary.knots = c(60, 95))4",2.07492909828497,7.96398177905005,exclude_explicit_proxy
HRS,education,death_post,origin_factorD2,-0.162744791100381,0.849808039316875,exclude_explicit_proxy
HRS,education,death_post,origin_factorR1,-0.77855408412927,0.459069307251714,exclude_explicit_proxy
HRS,education,death_post,period_factor10,-0.414069848576902,0.660954782902552,exclude_explicit_proxy
HRS,education,death_post,period_factor11,-0.118977504931307,0.887827772284044,exclude_explicit_proxy
HRS,education,death_post,period_factor12,-0.165657753918717,0.847336182057647,exclude_explicit_proxy
HRS,education,death_post,period_factor13,-0.307515687343827,0.73527133300312,exclude_explicit_proxy
HRS,education,death_post,period_factor14,-0.152484151299688,0.858572501106833,exclude_explicit_proxy
HRS,education,death_post,period_factor15,-0.265753767526687,0.766627872939702,exclude_explicit_proxy
HRS,education,death_post,period_factor3,-0.00526770773488674,0.994746142307506,exclude_explicit_proxy
HRS,education,death_post,period_factor4,-0.108579233278888,0.897107811207516,exclude_explicit_proxy
HRS,education,death_post,period_factor5,-0.0822577150843344,0.92103456360728,exclude_explicit_proxy
HRS,education,death_post,period_factor6,-0.131508848092757,0.876771517347764,exclude_explicit_proxy
HRS,education,death_post,period_factor7,-0.0920466877959294,0.912062566360068,exclude_explicit_proxy
HRS,education,death_post,period_factor8,-0.13571518948606,0.873091262652029,exclude_explicit_proxy
HRS,education,death_post,period_factor9,-0.0903072109935313,0.913650458687136,exclude_explicit_proxy
HRS,education,death_post,seslow,0.276645609103863,1.31869895331176,exclude_explicit_proxy
HRS,education,death_post,sesmiddle,0.221433318255986,1.24786403569622,exclude_explicit_proxy
HRS,education,death_post,sex_factormale,0.470138887406694,1.60021642769401,exclude_explicit_proxy
HRS,education,death_pre,(Intercept),-5.85647541947794,0.00286131085147902,exclude_explicit_proxy
HRS,education,death_pre,"ns(age_model, knots = c(70, 80, 90), Boundary.knots = c(60, 95))1",1.76088040173006,5.81755692763275,exclude_explicit_proxy
HRS,education,death_pre,"ns(age_model, knots = c(70, 80, 90), Boundary.knots = c(60, 95))2",2.45568954662519,11.6544670772565,exclude_explicit_proxy
HRS,education,death_pre,"ns(age_model, knots = c(70, 80, 90), Boundary.knots = c(60, 95))3",4.26050153565582,70.8455060929573,exclude_explicit_proxy
HRS,education,death_pre,"ns(age_model, knots = c(70, 80, 90), Boundary.knots = c(60, 95))4",2.81963510766255,16.770730044636,exclude_explicit_proxy
HRS,education,death_pre,period_factor10,-0.633246112596653,0.530865751044688,exclude_explicit_proxy
HRS,education,death_pre,period_factor11,-0.404119056346865,0.667564638730389,exclude_explicit_proxy
HRS,education,death_pre,period_factor12,-0.359669460091628,0.697906974057006,exclude_explicit_proxy
HRS,education,death_pre,period_factor13,-0.493544023842925,0.610459074421559,exclude_explicit_proxy
HRS,education,death_pre,period_factor14,-0.550186516960287,0.576842209490624,exclude_explicit_proxy
HRS,education,death_pre,period_factor15,-0.555566530577708,0.573747123815485,exclude_explicit_proxy
HRS,education,death_pre,period_factor3,0.0836378473225284,1.08723507740797,exclude_explicit_proxy
HRS,education,death_pre,period_factor4,-0.0564259583249508,0.945136461391263,exclude_explicit_proxy
HRS,education,death_pre,period_factor5,0.0549297479261423,1.05646639311334,exclude_explicit_proxy
HRS,education,death_pre,period_factor6,-0.257328438104898,0.773114251882594,exclude_explicit_proxy
HRS,education,death_pre,period_factor7,-0.30181927574878,0.739471693282289,exclude_explicit_proxy
HRS,education,death_pre,period_factor8,-0.271577009429713,0.762176586423694,exclude_explicit_proxy
HRS,education,death_pre,period_factor9,-0.422534756737061,0.655383474939862,exclude_explicit_proxy
HRS,education,death_pre,seslow,0.581100472440777,1.78800499869973,exclude_explicit_proxy
HRS,education,death_pre,sesmiddle,0.419077192369895,1.52055772571448,exclude_explicit_proxy
HRS,education,death_pre,sex_factormale,0.665160681372285,1.94480298984546,exclude_explicit_proxy
HRS,education,onset,(Intercept),-3.39938294988848,0.0333938692950341,exclude_explicit_proxy
HRS,education,onset,"ns(age_model, knots = c(70, 80, 90), Boundary.knots = c(60, 95))1",1.18326433271099,3.26501492102728,exclude_explicit_proxy
HRS,education,onset,"ns(age_model, knots = c(70, 80, 90), Boundary.knots = c(60, 95))2",1.54705410240384,4.69761109765077,exclude_explicit_proxy
HRS,education,onset,"ns(age_model, knots = c(70, 80, 90), Boundary.knots = c(60, 95))3",2.11133081462222,8.25922547207335,exclude_explicit_proxy
HRS,education,onset,"ns(age_model, knots = c(70, 80, 90), Boundary.knots = c(60, 95))4",2.00077973048628,7.39481981801751,exclude_explicit_proxy
HRS,education,onset,period_factor10,-0.667515099054492,0.512981704056544,exclude_explicit_proxy
HRS,education,onset,period_factor11,-0.58244771015314,0.558529573536533,exclude_explicit_proxy
HRS,education,onset,period_factor12,-0.608467731826594,0.544184066496103,exclude_explicit_proxy
HRS,education,onset,period_factor13,-0.807767803561434,0.44585218593649,exclude_explicit_proxy
HRS,education,onset,period_factor14,-0.810245030932702,0.444749075589638,exclude_explicit_proxy
HRS,education,onset,period_factor15,-0.887645961676215,0.411623590849254,exclude_explicit_proxy
HRS,education,onset,period_factor3,-0.188692972820342,0.828040698671169,exclude_explicit_proxy
HRS,education,onset,period_factor4,-0.370788848130521,0.690189661010998,exclude_explicit_proxy
HRS,education,onset,period_factor5,-0.425551015556555,0.653409647037793,exclude_explicit_proxy
HRS,education,onset,period_factor6,-0.522031721854526,0.593313873808137,exclude_explicit_proxy
HRS,education,onset,period_factor7,-0.514470710776248,0.597816928952946,exclude_explicit_proxy
HRS,education,onset,period_factor8,-0.601271163780124,0.548114449832954,exclude_explicit_proxy
HRS,education,onset,period_factor9,-0.437802714397225,0.645453108902737,exclude_explicit_proxy
HRS,education,onset,seslow,0.577164909121435,1.78098202056433,exclude_explicit_proxy
HRS,education,onset,sesmiddle,0.227985436801946,1.25606703294618,exclude_explicit_proxy
HRS,education,onset,sex_factormale,-0.0920013383158006,0.912103928861174,exclude_explicit_proxy
HRS,education,recovery,(Intercept),-1.60001778048734,0.201892928208087,exclude_explicit_proxy
HRS,education,recovery,"ns(age_model, knots = c(70, 80, 90), Boundary.knots = c(60, 95))1",-0.492940364307198,0.610827695112508,exclude_explicit_proxy
HRS,education,recovery,"ns(age_model, knots = c(70, 80, 90), Boundary.knots = c(60, 95))2",-0.878131842657541,0.415558515673139,exclude_explicit_proxy
HRS,education,recovery,"ns(age_model, knots = c(70, 80, 90), Boundary.knots = c(60, 95))3",-1.95376722177818,0.141739101912953,exclude_explicit_proxy
HRS,education,recovery,"ns(age_model, knots = c(70, 80, 90), Boundary.knots = c(60, 95))4",-2.32682899370447,0.0976047622015785,exclude_explicit_proxy
HRS,education,recovery,origin_factorD2,0.105943710026594,1.11175929384408,exclude_explicit_proxy
HRS,education,recovery,period_factor10,0.165717739758686,1.1802399198989,exclude_explicit_proxy
HRS,education,recovery,period_factor11,0.0333736859892134,1.03393683476908,exclude_explicit_proxy
HRS,education,recovery,period_factor12,0.135825804574235,1.14548233843092,exclude_explicit_proxy
HRS,education,recovery,period_factor13,0.0847018890452066,1.08839255658656,exclude_explicit_proxy
HRS,education,recovery,period_factor14,0.133795419410098,1.14315892759282,exclude_explicit_proxy
HRS,education,recovery,period_factor15,0.189890041035435,1.20911663713383,exclude_explicit_proxy
HRS,education,recovery,period_factor3,0.127974111080295,1.13652357894851,exclude_explicit_proxy
HRS,education,recovery,period_factor4,0.278623147534342,1.32130931136116,exclude_explicit_proxy
HRS,education,recovery,period_factor5,0.261746857034947,1.29919761806147,exclude_explicit_proxy
HRS,education,recovery,period_factor6,0.341846871680936,1.40754474605004,exclude_explicit_proxy
HRS,education,recovery,period_factor7,0.0837048737094181,1.08730795328919,exclude_explicit_proxy
HRS,education,recovery,period_factor8,0.206393162356612,1.22923639848141,exclude_explicit_proxy
HRS,education,recovery,period_factor9,0.0343819546523499,1.03497984660896,exclude_explicit_proxy
HRS,education,recovery,seslow,-0.454421554499306,0.634815067684072,exclude_explicit_proxy
HRS,education,recovery,sesmiddle,-0.194562794669967,0.823194484407524,exclude_explicit_proxy
HRS,education,recovery,sex_factormale,0.169976765458296,1.1852773116253,exclude_explicit_proxy
HRS,education,relapse,(Intercept),-1.99408520675257,0.136138135467885,exclude_explicit_proxy
HRS,education,relapse,"ns(age_model, knots = c(70, 80, 90), Boundary.knots = c(60, 95))1",0.306736540694963,1.35898288421756,exclude_explicit_proxy
HRS,education,relapse,"ns(age_model, knots = c(70, 80, 90), Boundary.knots = c(60, 95))2",0.598564890544801,1.8195057359368,exclude_explicit_proxy
HRS,education,relapse,"ns(age_model, knots = c(70, 80, 90), Boundary.knots = c(60, 95))3",0.558437950447457,1.74793999780812,exclude_explicit_proxy
HRS,education,relapse,"ns(age_model, knots = c(70, 80, 90), Boundary.knots = c(60, 95))4",0.990075149621356,2.69143672520036,exclude_explicit_proxy
HRS,education,relapse,period_factor10,-0.189549565919442,0.827331708424342,exclude_explicit_proxy
HRS,education,relapse,period_factor11,-0.0611825441284751,0.940651513691927,exclude_explicit_proxy
HRS,education,relapse,period_factor12,-0.21946452567589,0.802948641248154,exclude_explicit_proxy
HRS,education,relapse,period_factor13,-0.248252066596153,0.780163265392362,exclude_explicit_proxy
HRS,education,relapse,period_factor14,-0.17645423641211,0.838237139016419,exclude_explicit_proxy
HRS,education,relapse,period_factor15,-0.0279409097813861,0.972445827140074,exclude_explicit_proxy
HRS,education,relapse,period_factor4,0.0567336783474804,1.05837390497105,exclude_explicit_proxy
HRS,education,relapse,period_factor5,0.0680488269683566,1.07041757244776,exclude_explicit_proxy
HRS,education,relapse,period_factor6,-0.0257723384505369,0.974556933496649,exclude_explicit_proxy
HRS,education,relapse,period_factor7,0.00500430152095657,1.00501684395112,exclude_explicit_proxy
HRS,education,relapse,period_factor8,0.0579712644986279,1.05968454470609,exclude_explicit_proxy
HRS,education,relapse,period_factor9,0.0900579480261524,1.09423769078236,exclude_explicit_proxy
HRS,education,relapse,seslow,0.408168120246532,1.50406000285409,exclude_explicit_proxy
HRS,education,relapse,sesmiddle,0.146910175499075,1.15824991913615,exclude_explicit_proxy
HRS,education,relapse,sex_factormale,-0.159238680272893,0.852792789860327,exclude_explicit_proxy
HRS,wealth,death_post,(Intercept),-4.05284127786032,0.0173729430897945,exclude_explicit_proxy
HRS,wealth,death_post,"ns(age_model, knots = c(70, 80, 90), Boundary.knots = c(60, 95))1",1.32624907485237,3.76688754219731,exclude_explicit_proxy
HRS,wealth,death_post,"ns(age_model, knots = c(70, 80, 90), Boundary.knots = c(60, 95))2",1.81075692610385,6.11507434029108,exclude_explicit_proxy
HRS,wealth,death_post,"ns(age_model, knots = c(70, 80, 90), Boundary.knots = c(60, 95))3",3.00183995550731,20.1225274374812,exclude_explicit_proxy
HRS,wealth,death_post,"ns(age_model, knots = c(70, 80, 90), Boundary.knots = c(60, 95))4",2.1285703989881,8.40284550421539,exclude_explicit_proxy
HRS,wealth,death_post,origin_factorD2,-0.168269344096795,0.845126174280453,exclude_explicit_proxy
HRS,wealth,death_post,origin_factorR1,-0.774445251880443,0.460959426458011,exclude_explicit_proxy
HRS,wealth,death_post,period_factor10,-0.375258961601999,0.687111320301502,exclude_explicit_proxy
HRS,wealth,death_post,period_factor11,-0.0788164981556095,0.924209503034029,exclude_explicit_proxy
HRS,wealth,death_post,period_factor12,-0.132478056363666,0.875922154812539,exclude_explicit_proxy
HRS,wealth,death_post,period_factor13,-0.279635263776559,0.75605945344134,exclude_explicit_proxy
HRS,wealth,death_post,period_factor14,-0.135102146477569,0.873626669243238,exclude_explicit_proxy
HRS,wealth,death_post,period_factor15,-0.249568722779518,0.779136734547339,exclude_explicit_proxy
HRS,wealth,death_post,period_factor3,0.0179613303587164,1.01812360515397,exclude_explicit_proxy
HRS,wealth,death_post,period_factor4,-0.0757824631761953,0.927017845144321,exclude_explicit_proxy
HRS,wealth,death_post,period_factor5,-0.0433606353073904,0.957565995682869,exclude_explicit_proxy
HRS,wealth,death_post,period_factor6,-0.0928596673327029,0.911321379483065,exclude_explicit_proxy
HRS,wealth,death_post,period_factor7,-0.0536744115829007,0.947740629644719,exclude_explicit_proxy
HRS,wealth,death_post,period_factor8,-0.0925748559686708,0.911580971133798,exclude_explicit_proxy
HRS,wealth,death_post,period_factor9,-0.0522984297921712,0.949045601096027,exclude_explicit_proxy
HRS,wealth,death_post,seslow,0.327009077739215,1.38681406625959,exclude_explicit_proxy
HRS,wealth,death_post,sesmiddle,0.123379481603667,1.13131365221865,exclude_explicit_proxy
HRS,wealth,death_post,sex_factormale,0.476798954155976,1.61090954482695,exclude_explicit_proxy
HRS,wealth,death_pre,(Intercept),-5.86448819151697,0.00283847542958633,exclude_explicit_proxy
HRS,wealth,death_pre,"ns(age_model, knots = c(70, 80, 90), Boundary.knots = c(60, 95))1",1.88087366544798,6.55923293479762,exclude_explicit_proxy
HRS,wealth,death_pre,"ns(age_model, knots = c(70, 80, 90), Boundary.knots = c(60, 95))2",2.55822785416954,12.9129134613028,exclude_explicit_proxy
HRS,wealth,death_pre,"ns(age_model, knots = c(70, 80, 90), Boundary.knots = c(60, 95))3",4.44261671254114,84.9970638150343,exclude_explicit_proxy
HRS,wealth,death_pre,"ns(age_model, knots = c(70, 80, 90), Boundary.knots = c(60, 95))4",2.92849875680813,18.6995368618553,exclude_explicit_proxy
HRS,wealth,death_pre,period_factor10,-0.631621549339031,0.531728876950051,exclude_explicit_proxy
HRS,wealth,death_pre,period_factor11,-0.404039840240725,0.667617522696269,exclude_explicit_proxy
HRS,wealth,death_pre,period_factor12,-0.370582249497623,0.690332267982099,exclude_explicit_proxy
HRS,wealth,death_pre,period_factor13,-0.507747240501318,0.60184987581132,exclude_explicit_proxy
HRS,wealth,death_pre,period_factor14,-0.577367368373324,0.56137431467433,exclude_explicit_proxy
HRS,wealth,death_pre,period_factor15,-0.586560248071502,0.556237316215152,exclude_explicit_proxy
HRS,wealth,death_pre,period_factor3,0.104785023050227,1.11047185884057,exclude_explicit_proxy
HRS,wealth,death_pre,period_factor4,-0.031453891556281,0.969035636148767,exclude_explicit_proxy
HRS,wealth,death_pre,period_factor5,0.0751100343665456,1.0780027617099,exclude_explicit_proxy
HRS,wealth,death_pre,period_factor6,-0.234200348122396,0.791203283922955,exclude_explicit_proxy
HRS,wealth,death_pre,period_factor7,-0.276769131455018,0.758229528253089,exclude_explicit_proxy
HRS,wealth,death_pre,period_factor8,-0.250325658041042,0.778547201626687,exclude_explicit_proxy
HRS,wealth,death_pre,period_factor9,-0.412285089284855,0.662135481410864,exclude_explicit_proxy
HRS,wealth,death_pre,seslow,0.686162320575827,1.98607895490577,exclude_explicit_proxy
HRS,wealth,death_pre,sesmiddle,0.30218733063895,1.35281462660234,exclude_explicit_proxy
HRS,wealth,death_pre,sex_factormale,0.658638720611678,1.93216033332738,exclude_explicit_proxy
HRS,wealth,onset,(Intercept),-3.44502134813777,0.0319040809426226,exclude_explicit_proxy
HRS,wealth,onset,"ns(age_model, knots = c(70, 80, 90), Boundary.knots = c(60, 95))1",1.29278805592709,3.64292910026205,exclude_explicit_proxy
HRS,wealth,onset,"ns(age_model, knots = c(70, 80, 90), Boundary.knots = c(60, 95))2",1.65409930558798,5.22836863836654,exclude_explicit_proxy
HRS,wealth,onset,"ns(age_model, knots = c(70, 80, 90), Boundary.knots = c(60, 95))3",2.30600866133991,10.0342943544954,exclude_explicit_proxy
HRS,wealth,onset,"ns(age_model, knots = c(70, 80, 90), Boundary.knots = c(60, 95))4",2.12229550819135,8.35028364871132,exclude_explicit_proxy
HRS,wealth,onset,period_factor10,-0.694931428994058,0.499108671195421,exclude_explicit_proxy
HRS,wealth,onset,period_factor11,-0.616802418925565,0.539667311594108,exclude_explicit_proxy
HRS,wealth,onset,period_factor12,-0.653263537894575,0.52034483763518,exclude_explicit_proxy
HRS,wealth,onset,period_factor13,-0.857896747148864,0.424053035795657,exclude_explicit_proxy
HRS,wealth,onset,period_factor14,-0.864820095656949,0.421127308444483,exclude_explicit_proxy
HRS,wealth,onset,period_factor15,-0.949209376620084,0.387046910854548,exclude_explicit_proxy
HRS,wealth,onset,period_factor3,-0.178139669472877,0.836825536344624,exclude_explicit_proxy
HRS,wealth,onset,period_factor4,-0.361043179358745,0.696948904010395,exclude_explicit_proxy
HRS,wealth,onset,period_factor5,-0.425501014989374,0.653442318707541,exclude_explicit_proxy
HRS,wealth,onset,period_factor6,-0.524170659913932,0.592046168437227,exclude_explicit_proxy
HRS,wealth,onset,period_factor7,-0.515882616349425,0.596973463486134,exclude_explicit_proxy
HRS,wealth,onset,period_factor8,-0.608494996423778,0.544169229738996,exclude_explicit_proxy
HRS,wealth,onset,period_factor9,-0.455217981888011,0.634309684854483,exclude_explicit_proxy
HRS,wealth,onset,seslow,0.613661432589257,1.84718236584684,exclude_explicit_proxy
HRS,wealth,onset,sesmiddle,0.214087717790623,1.23873130880152,exclude_explicit_proxy
HRS,wealth,onset,sex_factormale,-0.0846201183453368,0.918861276651564,exclude_explicit_proxy
HRS,wealth,recovery,(Intercept),-1.47824171253457,0.228038292963755,exclude_explicit_proxy
HRS,wealth,recovery,"ns(age_model, knots = c(70, 80, 90), Boundary.knots = c(60, 95))1",-0.644562737338687,0.524892007610738,exclude_explicit_proxy
HRS,wealth,recovery,"ns(age_model, knots = c(70, 80, 90), Boundary.knots = c(60, 95))2",-1.03300456454236,0.355935919925143,exclude_explicit_proxy
HRS,wealth,recovery,"ns(age_model, knots = c(70, 80, 90), Boundary.knots = c(60, 95))3",-2.18448732311636,0.112535413172473,exclude_explicit_proxy
HRS,wealth,recovery,"ns(age_model, knots = c(70, 80, 90), Boundary.knots = c(60, 95))4",-2.4204775829333,0.0888791601517359,exclude_explicit_proxy
HRS,wealth,recovery,origin_factorD2,0.110447747576804,1.1167779931712,exclude_explicit_proxy
HRS,wealth,recovery,period_factor10,0.16602585012989,1.18060362008575,exclude_explicit_proxy
HRS,wealth,recovery,period_factor11,0.0321457974203417,1.03266805466844,exclude_explicit_proxy
HRS,wealth,recovery,period_factor12,0.144053615129365,1.15494602944573,exclude_explicit_proxy
HRS,wealth,recovery,period_factor13,0.112379048771003,1.11893691193321,exclude_explicit_proxy
HRS,wealth,recovery,period_factor14,0.176452817095425,1.19297813725805,exclude_explicit_proxy
HRS,wealth,recovery,period_factor15,0.241397485520577,1.27302694453353,exclude_explicit_proxy
HRS,wealth,recovery,period_factor3,0.0887214295005294,1.09277619871036,exclude_explicit_proxy
HRS,wealth,recovery,period_factor4,0.243384374627937,1.2755588223503,exclude_explicit_proxy
HRS,wealth,recovery,period_factor5,0.235372395964725,1.26537990337299,exclude_explicit_proxy
HRS,wealth,recovery,period_factor6,0.320616993256747,1.37797770505712,exclude_explicit_proxy
HRS,wealth,recovery,period_factor7,0.0670534481967462,1.06935263161706,exclude_explicit_proxy
HRS,wealth,recovery,period_factor8,0.189558026056287,1.20871525893424,exclude_explicit_proxy
HRS,wealth,recovery,period_factor9,0.0325590802750468,1.03309492687344,exclude_explicit_proxy
HRS,wealth,recovery,seslow,-0.489628665955845,0.612853925463365,exclude_explicit_proxy
HRS,wealth,recovery,sesmiddle,-0.171023364535032,0.842801881567488,exclude_explicit_proxy
HRS,wealth,recovery,sex_factormale,0.158348933912403,1.17157492561595,exclude_explicit_proxy
HRS,wealth,relapse,(Intercept),-1.970610112972,0.139371797728322,exclude_explicit_proxy
HRS,wealth,relapse,"ns(age_model, knots = c(70, 80, 90), Boundary.knots = c(60, 95))1",0.404001219815079,1.49780577400309,exclude_explicit_proxy
HRS,wealth,relapse,"ns(age_model, knots = c(70, 80, 90), Boundary.knots = c(60, 95))2",0.67288241248162,1.95987836468325,exclude_explicit_proxy
HRS,wealth,relapse,"ns(age_model, knots = c(70, 80, 90), Boundary.knots = c(60, 95))3",0.68829125753285,1.99031169581301,exclude_explicit_proxy
HRS,wealth,relapse,"ns(age_model, knots = c(70, 80, 90), Boundary.knots = c(60, 95))4",1.06926833577043,2.91324720123974,exclude_explicit_proxy
HRS,wealth,relapse,period_factor10,-0.214786610127199,0.806713566316989,exclude_explicit_proxy
HRS,wealth,relapse,period_factor11,-0.0989427352791178,0.90579457661202,exclude_explicit_proxy
HRS,wealth,relapse,period_factor12,-0.26629889292638,0.766210078499577,exclude_explicit_proxy
HRS,wealth,relapse,period_factor13,-0.29948566559173,0.741199346987673,exclude_explicit_proxy
HRS,wealth,relapse,period_factor14,-0.232633280581921,0.792444124893985,exclude_explicit_proxy
HRS,wealth,relapse,period_factor15,-0.0961768540333463,0.90830336474965,exclude_explicit_proxy
HRS,wealth,relapse,period_factor4,0.0660390093736692,1.06826838883395,exclude_explicit_proxy
HRS,wealth,relapse,period_factor5,0.0750942175014404,1.07798571122048,exclude_explicit_proxy
HRS,wealth,relapse,period_factor6,-0.0227485743716979,0.977508223498614,exclude_explicit_proxy
HRS,wealth,relapse,period_factor7,-0.00123739450104734,0.998763370755854,exclude_explicit_proxy
HRS,wealth,relapse,period_factor8,0.0494559985278766,1.05069935887911,exclude_explicit_proxy
HRS,wealth,relapse,period_factor9,0.072680092854051,1.0753864580684,exclude_explicit_proxy
HRS,wealth,relapse,seslow,0.306777506558527,1.35903855726532,exclude_explicit_proxy
HRS,wealth,relapse,sesmiddle,0.0560127383742432,1.05761115589751,exclude_explicit_proxy
HRS,wealth,relapse,sex_factormale,-0.165153368662532,0.847763673736096,exclude_explicit_proxy
MHAS,education,death_post,(Intercept),-4.14715350191976,0.0158093537927529,exclude_explicit_proxy
MHAS,education,death_post,"ns(age_model, knots = c(70, 80, 90), Boundary.knots = c(60, 95))1",0.855539767272615,2.35264391810778,exclude_explicit_proxy
MHAS,education,death_post,"ns(age_model, knots = c(70, 80, 90), Boundary.knots = c(60, 95))2",2.75759889793215,15.7619514216018,exclude_explicit_proxy
MHAS,education,death_post,"ns(age_model, knots = c(70, 80, 90), Boundary.knots = c(60, 95))3",2.84426283582376,17.1888829687094,exclude_explicit_proxy
MHAS,education,death_post,"ns(age_model, knots = c(70, 80, 90), Boundary.knots = c(60, 95))4",1.08726767463043,2.96615848032681,exclude_explicit_proxy
MHAS,education,death_post,origin_factorD2,0.0713726107068303,1.07398132826436,exclude_explicit_proxy
MHAS,education,death_post,origin_factorR1,-0.60599874709579,0.545529308654833,exclude_explicit_proxy
MHAS,education,death_post,period_factor3,-0.0409560961581566,0.959871271059188,exclude_explicit_proxy
MHAS,education,death_post,period_factor4,-0.335252392218242,0.715157563368409,exclude_explicit_proxy
MHAS,education,death_post,period_factor5,-0.0656452512916568,0.936463014417997,exclude_explicit_proxy
MHAS,education,death_post,seslow,0.158218603478048,1.17142224369678,exclude_explicit_proxy
MHAS,education,death_post,sesmiddle,-0.0767029477761935,0.926164932100825,exclude_explicit_proxy
MHAS,education,death_post,sex_factormale,0.234368764372601,1.26411056520641,exclude_explicit_proxy
MHAS,education,death_pre,(Intercept),-5.35122685756376,0.00474232926639279,exclude_explicit_proxy
MHAS,education,death_pre,"ns(age_model, knots = c(70, 80, 90), Boundary.knots = c(60, 95))1",1.58866592420222,4.89721131736684,exclude_explicit_proxy
MHAS,education,death_pre,"ns(age_model, knots = c(70, 80, 90), Boundary.knots = c(60, 95))2",2.56373294596337,12.9841962643954,exclude_explicit_proxy
MHAS,education,death_pre,"ns(age_model, knots = c(70, 80, 90), Boundary.knots = c(60, 95))3",5.00147582415435,148.632352533298,exclude_explicit_proxy
MHAS,education,death_pre,"ns(age_model, knots = c(70, 80, 90), Boundary.knots = c(60, 95))4",3.47938488355535,32.4397617066313,exclude_explicit_proxy
MHAS,education,death_pre,period_factor3,-0.256643480897076,0.773643983462912,exclude_explicit_proxy
MHAS,education,death_pre,period_factor4,-0.306493853315376,0.736023042266973,exclude_explicit_proxy
MHAS,education,death_pre,period_factor5,-0.134954046017911,0.873756063335948,exclude_explicit_proxy
MHAS,education,death_pre,seslow,-0.0141077909629763,0.985991257587452,exclude_explicit_proxy
MHAS,education,death_pre,sesmiddle,-0.145978089193351,0.864176637784427,exclude_explicit_proxy
MHAS,education,death_pre,sex_factormale,0.675487999410545,1.96499165680323,exclude_explicit_proxy
MHAS,education,onset,(Intercept),-3.66772482157009,0.0255344994502792,exclude_explicit_proxy
MHAS,education,onset,"ns(age_model, knots = c(70, 80, 90), Boundary.knots = c(60, 95))1",0.967587224536004,2.63158736389319,exclude_explicit_proxy
MHAS,education,onset,"ns(age_model, knots = c(70, 80, 90), Boundary.knots = c(60, 95))2",1.48237261846901,4.4033808394043,exclude_explicit_proxy
MHAS,education,onset,"ns(age_model, knots = c(70, 80, 90), Boundary.knots = c(60, 95))3",1.18800978470958,3.28054571378022,exclude_explicit_proxy
MHAS,education,onset,"ns(age_model, knots = c(70, 80, 90), Boundary.knots = c(60, 95))4",0.468926096628524,1.59827687634016,exclude_explicit_proxy
MHAS,education,onset,period_factor2,-16.7537929609209,5.2956608783032e-08,exclude_explicit_proxy
MHAS,education,onset,period_factor3,0.0903212357632397,1.09452582807764,exclude_explicit_proxy
MHAS,education,onset,period_factor4,-0.091441845528594,0.912614387216122,exclude_explicit_proxy
MHAS,education,onset,period_factor5,-0.0574252706487354,0.944192446639084,exclude_explicit_proxy
MHAS,education,onset,seslow,0.641795059930056,1.89988823342699,exclude_explicit_proxy
MHAS,education,onset,sesmiddle,-0.390495153357734,0.676721710499018,exclude_explicit_proxy
MHAS,education,onset,sex_factormale,-0.527582791980526,0.59002947129613,exclude_explicit_proxy
MHAS,education,recovery,(Intercept),-0.276865558675418,0.758156417812229,exclude_explicit_proxy
MHAS,education,recovery,"ns(age_model, knots = c(70, 80, 90), Boundary.knots = c(60, 95))1",-1.06797905159636,0.343702420869785,exclude_explicit_proxy
MHAS,education,recovery,"ns(age_model, knots = c(70, 80, 90), Boundary.knots = c(60, 95))2",-1.38866114884701,0.249409002726648,exclude_explicit_proxy
MHAS,education,recovery,"ns(age_model, knots = c(70, 80, 90), Boundary.knots = c(60, 95))3",-4.12078052695649,0.0162318401075061,exclude_explicit_proxy
MHAS,education,recovery,"ns(age_model, knots = c(70, 80, 90), Boundary.knots = c(60, 95))4",-4.10612581796658,0.0164714645252339,exclude_explicit_proxy
MHAS,education,recovery,origin_factorD2,0.0122768242258853,1.01235249377595,exclude_explicit_proxy
MHAS,education,recovery,period_factor2,-18.0127422980274,1.50371459856007e-08,exclude_explicit_proxy
MHAS,education,recovery,period_factor3,-0.842290819442388,0.430722684480862,exclude_explicit_proxy
MHAS,education,recovery,period_factor4,-0.627361074338478,0.533999127275683,exclude_explicit_proxy
MHAS,education,recovery,period_factor5,-1.05227168941983,0.349143701485174,exclude_explicit_proxy
MHAS,education,recovery,seslow,-0.287983146360598,0.749774228557039,exclude_explicit_proxy
MHAS,education,recovery,sesmiddle,-0.854449354222323,0.425517435962819,exclude_explicit_proxy
MHAS,education,recovery,sex_factormale,0.242820310219374,1.27483952790085,exclude_explicit_proxy
MHAS,education,relapse,(Intercept),-20.5032878032785,1.24604935915272e-09,exclude_explicit_proxy
MHAS,education,relapse,"ns(age_model, knots = c(70, 80, 90), Boundary.knots = c(60, 95))1",1.66956856518387,5.30987643736607,exclude_explicit_proxy
MHAS,education,relapse,"ns(age_model, knots = c(70, 80, 90), Boundary.knots = c(60, 95))2",0.527823074464801,1.69523788219794,exclude_explicit_proxy
MHAS,education,relapse,"ns(age_model, knots = c(70, 80, 90), Boundary.knots = c(60, 95))3",2.36856690709769,10.6820729068228,exclude_explicit_proxy
MHAS,education,relapse,"ns(age_model, knots = c(70, 80, 90), Boundary.knots = c(60, 95))4",2.52279744051883,12.4634135999251,exclude_explicit_proxy
MHAS,education,relapse,period_factor3,17.7989749172269,53702757.9818793,exclude_explicit_proxy
MHAS,education,relapse,period_factor4,17.8733880055699,57851388.0675826,exclude_explicit_proxy
MHAS,education,relapse,period_factor5,17.8502519932538,56528302.1244688,exclude_explicit_proxy
MHAS,education,relapse,seslow,0.183513899500296,1.20143166459541,exclude_explicit_proxy
MHAS,education,relapse,sesmiddle,0.20959255131595,1.23317550184495,exclude_explicit_proxy
MHAS,education,relapse,sex_factormale,-0.6200203471777,0.537933492054966,exclude_explicit_proxy
MHAS,wealth,death_post,(Intercept),-4.00028794419877,0.0183103657659885,exclude_explicit_proxy
MHAS,wealth,death_post,"ns(age_model, knots = c(70, 80, 90), Boundary.knots = c(60, 95))1",0.869320849033832,2.38529033106394,exclude_explicit_proxy
MHAS,wealth,death_post,"ns(age_model, knots = c(70, 80, 90), Boundary.knots = c(60, 95))2",2.7601790819573,15.8026726684289,exclude_explicit_proxy
MHAS,wealth,death_post,"ns(age_model, knots = c(70, 80, 90), Boundary.knots = c(60, 95))3",2.87999072181325,17.8141078962257,exclude_explicit_proxy
MHAS,wealth,death_post,"ns(age_model, knots = c(70, 80, 90), Boundary.knots = c(60, 95))4",1.09753821414881,2.99677950627682,exclude_explicit_proxy
MHAS,wealth,death_post,origin_factorD2,0.0798799969876131,1.0831570777633,exclude_explicit_proxy
MHAS,wealth,death_post,origin_factorR1,-0.598836341416666,0.549450637182445,exclude_explicit_proxy
MHAS,wealth,death_post,period_factor3,-0.0471650726375285,0.953929916865455,exclude_explicit_proxy
MHAS,wealth,death_post,period_factor4,-0.348021330552029,0.706083814896201,exclude_explicit_proxy
MHAS,wealth,death_post,period_factor5,-0.0851240339812231,0.918398364731122,exclude_explicit_proxy
MHAS,wealth,death_post,seslow,0.0270925005014488,1.02746283919581,exclude_explicit_proxy
MHAS,wealth,death_post,sesmiddle,-0.0211708638792299,0.979051665711631,exclude_explicit_proxy
MHAS,wealth,death_post,sex_factormale,0.222887243066085,1.24967965574504,exclude_explicit_proxy
MHAS,wealth,death_pre,(Intercept),-5.5508693522065,0.00388407914253635,exclude_explicit_proxy
MHAS,wealth,death_pre,"ns(age_model, knots = c(70, 80, 90), Boundary.knots = c(60, 95))1",1.59660338648841,4.93623742674402,exclude_explicit_proxy
MHAS,wealth,death_pre,"ns(age_model, knots = c(70, 80, 90), Boundary.knots = c(60, 95))2",2.63560935497714,13.951811479206,exclude_explicit_proxy
MHAS,wealth,death_pre,"ns(age_model, knots = c(70, 80, 90), Boundary.knots = c(60, 95))3",5.02506855015665,152.180687765105,exclude_explicit_proxy
MHAS,wealth,death_pre,"ns(age_model, knots = c(70, 80, 90), Boundary.knots = c(60, 95))4",3.48913484724969,32.7575951198298,exclude_explicit_proxy
MHAS,wealth,death_pre,period_factor3,-0.247944233394331,0.78040346251672,exclude_explicit_proxy
MHAS,wealth,death_pre,period_factor4,-0.308979133118002,0.734196090249599,exclude_explicit_proxy
MHAS,wealth,death_pre,period_factor5,-0.135047169138767,0.873674700232915,exclude_explicit_proxy
MHAS,wealth,death_pre,seslow,0.347545391579282,1.41558856495695,exclude_explicit_proxy
MHAS,wealth,death_pre,sesmiddle,0.190837631121339,1.2102629270926,exclude_explicit_proxy
MHAS,wealth,death_pre,sex_factormale,0.658240720571695,1.93139148644815,exclude_explicit_proxy
MHAS,wealth,onset,(Intercept),-3.18317171905005,0.04145396605737,exclude_explicit_proxy
MHAS,wealth,onset,"ns(age_model, knots = c(70, 80, 90), Boundary.knots = c(60, 95))1",1.01927900081491,2.77119601343473,exclude_explicit_proxy
MHAS,wealth,onset,"ns(age_model, knots = c(70, 80, 90), Boundary.knots = c(60, 95))2",1.57307142582661,4.82143415254096,exclude_explicit_proxy
MHAS,wealth,onset,"ns(age_model, knots = c(70, 80, 90), Boundary.knots = c(60, 95))3",1.3283776815937,3.77491430429267,exclude_explicit_proxy
MHAS,wealth,onset,"ns(age_model, knots = c(70, 80, 90), Boundary.knots = c(60, 95))4",0.50360636275352,1.65467789209457,exclude_explicit_proxy
MHAS,wealth,onset,period_factor2,-16.7534490812728,5.29748226145287e-08,exclude_explicit_proxy
MHAS,wealth,onset,period_factor3,0.0703935120889153,1.07293030923979,exclude_explicit_proxy
MHAS,wealth,onset,period_factor4,-0.120850369681963,0.886166547055346,exclude_explicit_proxy
MHAS,wealth,onset,period_factor5,-0.0936613680922619,0.910591065226794,exclude_explicit_proxy
MHAS,wealth,onset,seslow,0.231419658242635,1.26038806071797,exclude_explicit_proxy
MHAS,wealth,onset,sesmiddle,0.0513648374672336,1.05270689014626,exclude_explicit_proxy
MHAS,wealth,onset,sex_factormale,-0.568550203781011,0.566345929971161,exclude_explicit_proxy
MHAS,wealth,recovery,(Intercept),-0.41376385199692,0.661157063752688,exclude_explicit_proxy
MHAS,wealth,recovery,"ns(age_model, knots = c(70, 80, 90), Boundary.knots = c(60, 95))1",-1.15065083464864,0.31643075824537,exclude_explicit_proxy
MHAS,wealth,recovery,"ns(age_model, knots = c(70, 80, 90), Boundary.knots = c(60, 95))2",-1.36532736931177,0.255297085875106,exclude_explicit_proxy
MHAS,wealth,recovery,"ns(age_model, knots = c(70, 80, 90), Boundary.knots = c(60, 95))3",-4.20677810999286,0.0148942788436222,exclude_explicit_proxy
MHAS,wealth,recovery,"ns(age_model, knots = c(70, 80, 90), Boundary.knots = c(60, 95))4",-4.23307381846275,0.0145077278193976,exclude_explicit_proxy
MHAS,wealth,recovery,origin_factorD2,-0.00939594631152505,0.990648057664509,exclude_explicit_proxy
MHAS,wealth,recovery,period_factor2,-18.0511055746583,1.44711970317093e-08,exclude_explicit_proxy
MHAS,wealth,recovery,period_factor3,-0.845061077123995,0.429531122883906,exclude_explicit_proxy
MHAS,wealth,recovery,period_factor4,-0.626624454628533,0.534392626469766,exclude_explicit_proxy
MHAS,wealth,recovery,period_factor5,-1.04635472067974,0.351215697776168,exclude_explicit_proxy
MHAS,wealth,recovery,seslow,-0.028492347327905,0.971909731824161,exclude_explicit_proxy
MHAS,wealth,recovery,sesmiddle,-0.334582584592849,0.715636741818486,exclude_explicit_proxy
MHAS,wealth,recovery,sex_factormale,0.239532828052337,1.27065539708311,exclude_explicit_proxy
MHAS,wealth,relapse,(Intercept),-20.0212138256272,2.01788919342687e-09,exclude_explicit_proxy
MHAS,wealth,relapse,"ns(age_model, knots = c(70, 80, 90), Boundary.knots = c(60, 95))1",1.61409095498942,5.02331942383865,exclude_explicit_proxy
MHAS,wealth,relapse,"ns(age_model, knots = c(70, 80, 90), Boundary.knots = c(60, 95))2",0.399721550381429,1.49140935745158,exclude_explicit_proxy
MHAS,wealth,relapse,"ns(age_model, knots = c(70, 80, 90), Boundary.knots = c(60, 95))3",2.09273844066734,8.10708556709451,exclude_explicit_proxy
MHAS,wealth,relapse,"ns(age_model, knots = c(70, 80, 90), Boundary.knots = c(60, 95))4",2.54345320729908,12.7235321905365,exclude_explicit_proxy
MHAS,wealth,relapse,period_factor3,17.8015957381346,53843687.8881541,exclude_explicit_proxy
MHAS,wealth,relapse,period_factor4,17.857022130447,56912304.8941457,exclude_explicit_proxy
MHAS,wealth,relapse,period_factor5,17.8302415223825,55408386.5695645,exclude_explicit_proxy
MHAS,wealth,relapse,seslow,-0.141166150038613,0.868345024152017,exclude_explicit_proxy
MHAS,wealth,relapse,sesmiddle,-0.410453417907403,0.663349407437543,exclude_explicit_proxy
MHAS,wealth,relapse,sex_factormale,-0.560615494316395,0.570857596090842,exclude_explicit_proxy
CHARLS,education,death_post,(Intercept),-4.79900635023097,0.00823792859939909,exclude_pandemic_crossing
CHARLS,education,death_post,"ns(age_model, knots = c(70, 80, 90), Boundary.knots = c(60, 95))1",1.73235896819144,5.65397573828597,exclude_pandemic_crossing
CHARLS,education,death_post,"ns(age_model, knots = c(70, 80, 90), Boundary.knots = c(60, 95))2",2.9431315202574,18.9751745134166,exclude_pandemic_crossing
CHARLS,education,death_post,"ns(age_model, knots = c(70, 80, 90), Boundary.knots = c(60, 95))3",3.53612060113512,34.3334672876213,exclude_pandemic_crossing
CHARLS,education,death_post,"ns(age_model, knots = c(70, 80, 90), Boundary.knots = c(60, 95))4",2.07579864980871,7.97090988327628,exclude_pandemic_crossing
CHARLS,education,death_post,origin_factorD2,-0.600497693827985,0.548538563888829,exclude_pandemic_crossing
CHARLS,education,death_post,origin_factorR1,-0.928376715805178,0.395194703289738,exclude_pandemic_crossing
CHARLS,education,death_post,period_factor2,0.30944439668173,1.36266780101688,exclude_pandemic_crossing
CHARLS,education,death_post,period_factor3,0.305910494039804,1.35786076447707,exclude_pandemic_crossing
CHARLS,education,death_post,period_factor4,11.5570166194354,104507.761403771,exclude_pandemic_crossing
CHARLS,education,death_post,seslow,0.185342215383686,1.20363027045116,exclude_pandemic_crossing
CHARLS,education,death_post,sesmiddle,-0.147686092496576,0.862701881035743,exclude_pandemic_crossing
CHARLS,education,death_post,sex_factormale,0.490527471274803,1.63317744698909,exclude_pandemic_crossing
CHARLS,education,death_pre,(Intercept),-6.31472246445673,0.00180946788257157,exclude_pandemic_crossing
CHARLS,education,death_pre,"ns(age_model, knots = c(70, 80, 90), Boundary.knots = c(60, 95))1",1.79048495688871,5.99235779703941,exclude_pandemic_crossing
CHARLS,education,death_pre,"ns(age_model, knots = c(70, 80, 90), Boundary.knots = c(60, 95))2",2.65687372680222,14.2516647834858,exclude_pandemic_crossing
CHARLS,education,death_pre,"ns(age_model, knots = c(70, 80, 90), Boundary.knots = c(60, 95))3",3.7120927955096,40.9393947178926,exclude_pandemic_crossing
CHARLS,education,death_pre,"ns(age_model, knots = c(70, 80, 90), Boundary.knots = c(60, 95))4",1.69452217557103,5.44404404639437,exclude_pandemic_crossing
CHARLS,education,death_pre,period_factor2,0.197458783508408,1.21830284976564,exclude_pandemic_crossing
CHARLS,education,death_pre,period_factor3,0.299061860417575,1.34859304542155,exclude_pandemic_crossing
CHARLS,education,death_pre,period_factor4,7.33075081996724,1526.52748914247,exclude_pandemic_crossing
CHARLS,education,death_pre,seslow,0.649811522499176,1.91517982668719,exclude_pandemic_crossing
CHARLS,education,death_pre,sesmiddle,-0.172739213221875,0.841357001018421,exclude_pandemic_crossing
CHARLS,education,death_pre,sex_factormale,0.494827968935228,1.64021604667185,exclude_pandemic_crossing
CHARLS,education,onset,(Intercept),-2.94118518442971,0.052803110214364,exclude_pandemic_crossing
CHARLS,education,onset,"ns(age_model, knots = c(70, 80, 90), Boundary.knots = c(60, 95))1",0.859969850626908,2.36308944696639,exclude_pandemic_crossing
CHARLS,education,onset,"ns(age_model, knots = c(70, 80, 90), Boundary.knots = c(60, 95))2",0.9545877152019,2.59759941137196,exclude_pandemic_crossing
CHARLS,education,onset,"ns(age_model, knots = c(70, 80, 90), Boundary.knots = c(60, 95))3",1.35167769858797,3.86390255979509,exclude_pandemic_crossing
CHARLS,education,onset,"ns(age_model, knots = c(70, 80, 90), Boundary.knots = c(60, 95))4",0.856080469876622,2.35391634277127,exclude_pandemic_crossing
CHARLS,education,onset,period_factor2,-0.160885746920321,0.851389339404477,exclude_pandemic_crossing
CHARLS,education,onset,period_factor3,-0.643743590188107,0.525322147553037,exclude_pandemic_crossing
CHARLS,education,onset,period_factor4,-11.5469547370377,9.66543211505353e-06,exclude_pandemic_crossing
CHARLS,education,onset,seslow,0.859301258238523,2.36151003140053,exclude_pandemic_crossing
CHARLS,education,onset,sesmiddle,0.184575441567864,1.20270771201787,exclude_pandemic_crossing
CHARLS,education,onset,sex_factormale,-0.467124473444785,0.626802065344182,exclude_pandemic_crossing
CHARLS,education,recovery,(Intercept),-0.766813869505626,0.464490640987193,exclude_pandemic_crossing
CHARLS,education,recovery,"ns(age_model, knots = c(70, 80, 90), Boundary.knots = c(60, 95))1",-1.0444771456199,0.351875751066829,exclude_pandemic_crossing
CHARLS,education,recovery,"ns(age_model, knots = c(70, 80, 90), Boundary.knots = c(60, 95))2",-1.93316608571758,0.144689373568254,exclude_pandemic_crossing
CHARLS,education,recovery,"ns(age_model, knots = c(70, 80, 90), Boundary.knots = c(60, 95))3",-2.88840644506415,0.0556648469625032,exclude_pandemic_crossing
CHARLS,education,recovery,"ns(age_model, knots = c(70, 80, 90), Boundary.knots = c(60, 95))4",-2.74461965723409,0.0642727419686783,exclude_pandemic_crossing
CHARLS,education,recovery,origin_factorD2,0.0648594108015313,1.06700900389819,exclude_pandemic_crossing
CHARLS,education,recovery,period_factor2,-0.141343989677022,0.86819061171764,exclude_pandemic_crossing
CHARLS,education,recovery,period_factor3,-0.598237235321727,0.549779915034385,exclude_pandemic_crossing
CHARLS,education,recovery,period_factor4,-13.6517791773244,1.1778978664213e-06,exclude_pandemic_crossing
CHARLS,education,recovery,seslow,-0.409712373040563,0.663841161294177,exclude_pandemic_crossing
CHARLS,education,recovery,sesmiddle,-0.489847635950706,0.6127197435339,exclude_pandemic_crossing
CHARLS,education,recovery,sex_factormale,0.0841624658075109,1.08780561067017,exclude_pandemic_crossing
CHARLS,education,relapse,(Intercept),-1.57930689422529,0.206117910221096,exclude_pandemic_crossing
CHARLS,education,relapse,"ns(age_model, knots = c(70, 80, 90), Boundary.knots = c(60, 95))1",0.532866044924888,1.70380850930667,exclude_pandemic_crossing
CHARLS,education,relapse,"ns(age_model, knots = c(70, 80, 90), Boundary.knots = c(60, 95))2",0.53206138021978,1.70243806618252,exclude_pandemic_crossing
CHARLS,education,relapse,"ns(age_model, knots = c(70, 80, 90), Boundary.knots = c(60, 95))3",0.778307448650875,2.17778313457461,exclude_pandemic_crossing
CHARLS,education,relapse,"ns(age_model, knots = c(70, 80, 90), Boundary.knots = c(60, 95))4",0.398882425258171,1.4901584033176,exclude_pandemic_crossing
CHARLS,education,relapse,period_factor3,-0.613276172198335,0.541573670856594,exclude_pandemic_crossing
CHARLS,education,relapse,period_factor4,-13.9758937373697,8.51817327566442e-07,exclude_pandemic_crossing
CHARLS,education,relapse,seslow,0.252186557881138,1.28683608430607,exclude_pandemic_crossing
CHARLS,education,relapse,sesmiddle,-0.0801034196569143,0.923020882947284,exclude_pandemic_crossing
CHARLS,education,relapse,sex_factormale,-0.443229841595306,0.641959641102011,exclude_pandemic_crossing
CHARLS,wealth,death_post,(Intercept),-25.3232923766792,1.00515689751389e-11,exclude_pandemic_crossing
CHARLS,wealth,death_post,"ns(age_model, knots = c(70, 80, 90), Boundary.knots = c(60, 95))1",1.42422119417833,4.15462093948554,exclude_pandemic_crossing
CHARLS,wealth,death_post,"ns(age_model, knots = c(70, 80, 90), Boundary.knots = c(60, 95))2",2.80681146199486,16.5570412082617,exclude_pandemic_crossing
CHARLS,wealth,death_post,"ns(age_model, knots = c(70, 80, 90), Boundary.knots = c(60, 95))3",0.359031193126761,1.43194146760673,exclude_pandemic_crossing
CHARLS,wealth,death_post,"ns(age_model, knots = c(70, 80, 90), Boundary.knots = c(60, 95))4",-2.22833469078982,0.107707647405524,exclude_pandemic_crossing
CHARLS,wealth,death_post,origin_factorD2,-0.275928136463672,0.758867463701299,exclude_pandemic_crossing
CHARLS,wealth,death_post,origin_factorR1,-0.665147097276027,0.514197885035125,exclude_pandemic_crossing
CHARLS,wealth,death_post,period_factor2,0.130201804190126,1.13905822685512,exclude_pandemic_crossing
CHARLS,wealth,death_post,period_factor3,20.2006215177426,592950522.607073,exclude_pandemic_crossing
CHARLS,wealth,death_post,period_factor4,52.3468093596525,5.41914098903827e+22,exclude_pandemic_crossing
CHARLS,wealth,death_post,seslow,-0.0625916887969246,0.939326933108556,exclude_pandemic_crossing
CHARLS,wealth,death_post,sesmiddle,-0.248959073853436,0.779611879241837,exclude_pandemic_crossing
CHARLS,wealth,death_post,sex_factormale,0.774714240401571,2.16997194826409,exclude_pandemic_crossing
CHARLS,wealth,death_pre,(Intercept),-26.2095392050441,4.14325582898895e-12,exclude_pandemic_crossing
CHARLS,wealth,death_pre,"ns(age_model, knots = c(70, 80, 90), Boundary.knots = c(60, 95))1",1.31096714956388,3.70975987039576,exclude_pandemic_crossing
CHARLS,wealth,death_pre,"ns(age_model, knots = c(70, 80, 90), Boundary.knots = c(60, 95))2",1.32866410299562,3.77599567539636,exclude_pandemic_crossing
CHARLS,wealth,death_pre,"ns(age_model, knots = c(70, 80, 90), Boundary.knots = c(60, 95))3",1.93681433419323,6.9366179884725,exclude_pandemic_crossing
CHARLS,wealth,death_pre,"ns(age_model, knots = c(70, 80, 90), Boundary.knots = c(60, 95))4",0.668382790828341,1.9510794642628,exclude_pandemic_crossing
CHARLS,wealth,death_pre,period_factor2,0.0033783767392024,1.00338408988581,exclude_pandemic_crossing
CHARLS,wealth,death_pre,period_factor3,20.5594186013392,848871689.343853,exclude_pandemic_crossing
CHARLS,wealth,death_pre,period_factor4,28.8172423196148,3274683436112.46,exclude_pandemic_crossing
CHARLS,wealth,death_pre,seslow,0.100757080021154,1.10600793770312,exclude_pandemic_crossing
CHARLS,wealth,death_pre,sesmiddle,0.00380671475467447,1.00381396949594,exclude_pandemic_crossing
CHARLS,wealth,death_pre,sex_factormale,0.6947676126154,2.00324349132984,exclude_pandemic_crossing
CHARLS,wealth,onset,(Intercept),-2.45311433872885,0.086025257092096,exclude_pandemic_crossing
CHARLS,wealth,onset,"ns(age_model, knots = c(70, 80, 90), Boundary.knots = c(60, 95))1",0.694780373457829,2.00326905456748,exclude_pandemic_crossing
CHARLS,wealth,onset,"ns(age_model, knots = c(70, 80, 90), Boundary.knots = c(60, 95))2",1.20633992069601,3.34123306733975,exclude_pandemic_crossing
CHARLS,wealth,onset,"ns(age_model, knots = c(70, 80, 90), Boundary.knots = c(60, 95))3",1.25792960187924,3.51813001207602,exclude_pandemic_crossing
CHARLS,wealth,onset,"ns(age_model, knots = c(70, 80, 90), Boundary.knots = c(60, 95))4",0.802857330295624,2.23190912770319,exclude_pandemic_crossing
CHARLS,wealth,onset,period_factor2,-0.034810927061028,0.965788003372103,exclude_pandemic_crossing
CHARLS,wealth,onset,period_factor3,-0.532897688646707,0.586901844495281,exclude_pandemic_crossing
CHARLS,wealth,onset,period_factor4,-12.7926128072483,2.78124244553323e-06,exclude_pandemic_crossing
CHARLS,wealth,onset,seslow,0.537645775229408,1.71197174796999,exclude_pandemic_crossing
CHARLS,wealth,onset,sesmiddle,0.385587603338233,1.47047812548455,exclude_pandemic_crossing
CHARLS,wealth,onset,sex_factormale,-0.566002086447472,0.567790886029059,exclude_pandemic_crossing
CHARLS,wealth,recovery,(Intercept),-0.981483264398855,0.374754825911889,exclude_pandemic_crossing
CHARLS,wealth,recovery,"ns(age_model, knots = c(70, 80, 90), Boundary.knots = c(60, 95))1",-0.862127863222288,0.422262608603622,exclude_pandemic_crossing
CHARLS,wealth,recovery,"ns(age_model, knots = c(70, 80, 90), Boundary.knots = c(60, 95))2",-0.751091485853665,0.471851252603517,exclude_pandemic_crossing
CHARLS,wealth,recovery,"ns(age_model, knots = c(70, 80, 90), Boundary.knots = c(60, 95))3",-1.39184552210162,0.248616054560429,exclude_pandemic_crossing
CHARLS,wealth,recovery,"ns(age_model, knots = c(70, 80, 90), Boundary.knots = c(60, 95))4",-1.50547134870372,0.22191267092717,exclude_pandemic_crossing
CHARLS,wealth,recovery,origin_factorD2,0.0252400551797383,1.02556128227499,exclude_pandemic_crossing
CHARLS,wealth,recovery,period_factor2,-0.168421075436169,0.844997951882013,exclude_pandemic_crossing
CHARLS,wealth,recovery,period_factor3,-0.713913150806831,0.489724078879975,exclude_pandemic_crossing
CHARLS,wealth,recovery,period_factor4,-14.0411190303984,7.98030491442891e-07,exclude_pandemic_crossing
CHARLS,wealth,recovery,seslow,-0.256211431786495,0.773978307874956,exclude_pandemic_crossing
CHARLS,wealth,recovery,sesmiddle,-0.182279372547817,0.833368487613254,exclude_pandemic_crossing
CHARLS,wealth,recovery,sex_factormale,0.1424883756879,1.15313967642397,exclude_pandemic_crossing
CHARLS,wealth,relapse,(Intercept),-1.45482354293182,0.233441552678995,exclude_pandemic_crossing
CHARLS,wealth,relapse,"ns(age_model, knots = c(70, 80, 90), Boundary.knots = c(60, 95))1",0.646243453454543,1.90835850953489,exclude_pandemic_crossing
CHARLS,wealth,relapse,"ns(age_model, knots = c(70, 80, 90), Boundary.knots = c(60, 95))2",0.824037684398806,2.27968593209927,exclude_pandemic_crossing
CHARLS,wealth,relapse,"ns(age_model, knots = c(70, 80, 90), Boundary.knots = c(60, 95))3",1.16913632899273,3.21921109824173,exclude_pandemic_crossing
CHARLS,wealth,relapse,"ns(age_model, knots = c(70, 80, 90), Boundary.knots = c(60, 95))4",0.778183092257078,2.177512330156,exclude_pandemic_crossing
CHARLS,wealth,relapse,period_factor3,-0.600803984691997,0.548370577265848,exclude_pandemic_crossing
CHARLS,wealth,relapse,period_factor4,-14.1952516218236,6.84038508574117e-07,exclude_pandemic_crossing
CHARLS,wealth,relapse,seslow,0.156624369316377,1.16955621018055,exclude_pandemic_crossing
CHARLS,wealth,relapse,sesmiddle,0.164040333469506,1.17826183752224,exclude_pandemic_crossing
CHARLS,wealth,relapse,sex_factormale,-0.462507013495181,0.629702991077229,exclude_pandemic_crossing
ELSA,education,death_post,(Intercept),-3.64837728784793,0.0260333391376395,exclude_pandemic_crossing
ELSA,education,death_post,"ns(age_model, knots = c(70, 80, 90), Boundary.knots = c(60, 95))1",1.50675598286169,4.5120697951605,exclude_pandemic_crossing
ELSA,education,death_post,"ns(age_model, knots = c(70, 80, 90), Boundary.knots = c(60, 95))2",1.88922710280419,6.61425456614861,exclude_pandemic_crossing
ELSA,education,death_post,"ns(age_model, knots = c(70, 80, 90), Boundary.knots = c(60, 95))3",3.43119341739982,30.9135134690854,exclude_pandemic_crossing
ELSA,education,death_post,"ns(age_model, knots = c(70, 80, 90), Boundary.knots = c(60, 95))4",2.90594425866732,18.2824989122707,exclude_pandemic_crossing
ELSA,education,death_post,origin_factorD2,-0.133840052356361,0.874729964411342,exclude_pandemic_crossing
ELSA,education,death_post,origin_factorR1,-0.561776998170701,0.57019492771316,exclude_pandemic_crossing
ELSA,education,death_post,period_factor2,-0.102170702962857,0.902875415005026,exclude_pandemic_crossing
ELSA,education,death_post,period_factor3,-0.112690585594091,0.893427056555217,exclude_pandemic_crossing
ELSA,education,death_post,period_factor4,-0.0678285557256704,0.93442066091735,exclude_pandemic_crossing
ELSA,education,death_post,period_factor5,-0.324985093295924,0.722538124223796,exclude_pandemic_crossing
ELSA,education,death_post,proxy_factorself,-0.813828201718456,0.443158315379745,exclude_pandemic_crossing
ELSA,education,death_post,seslow,0.317250595488997,1.37334668329094,exclude_pandemic_crossing
ELSA,education,death_post,sesmiddle,0.0932631299430748,1.09775054830802,exclude_pandemic_crossing
ELSA,education,death_post,sex_factormale,0.557845538615962,1.74690480413344,exclude_pandemic_crossing
ELSA,education,death_pre,(Intercept),-5.10193202147298,0.00608497889159553,exclude_pandemic_crossing
ELSA,education,death_pre,"ns(age_model, knots = c(70, 80, 90), Boundary.knots = c(60, 95))1",1.97666737755769,7.21864583300251,exclude_pandemic_crossing
ELSA,education,death_pre,"ns(age_model, knots = c(70, 80, 90), Boundary.knots = c(60, 95))2",3.06578044594574,21.4511969556584,exclude_pandemic_crossing
ELSA,education,death_pre,"ns(age_model, knots = c(70, 80, 90), Boundary.knots = c(60, 95))3",3.85360817425877,47.1629286604172,exclude_pandemic_crossing
ELSA,education,death_pre,"ns(age_model, knots = c(70, 80, 90), Boundary.knots = c(60, 95))4",2.23591243506461,9.35501380180241,exclude_pandemic_crossing
ELSA,education,death_pre,period_factor2,-0.105160180795395,0.90018031943772,exclude_pandemic_crossing
ELSA,education,death_pre,period_factor3,-0.157729523920651,0.854080759145354,exclude_pandemic_crossing
ELSA,education,death_pre,period_factor4,-0.153934424692283,0.85732823873126,exclude_pandemic_crossing
ELSA,education,death_pre,period_factor5,-0.701394479315013,0.49589330845586,exclude_pandemic_crossing
ELSA,education,death_pre,proxy_factorself,-0.760312040978414,0.467520518686326,exclude_pandemic_crossing
ELSA,education,death_pre,seslow,0.346512162716125,1.4141266933473,exclude_pandemic_crossing
ELSA,education,death_pre,sesmiddle,-0.0862571480781202,0.917358303962519,exclude_pandemic_crossing
ELSA,education,death_pre,sex_factormale,0.554104182629023,1.74038122251607,exclude_pandemic_crossing
ELSA,education,onset,(Intercept),-3.54450763896181,0.0288828397943664,exclude_pandemic_crossing
ELSA,education,onset,"ns(age_model, knots = c(70, 80, 90), Boundary.knots = c(60, 95))1",1.20752482043491,3.34519443998006,exclude_pandemic_crossing
ELSA,education,onset,"ns(age_model, knots = c(70, 80, 90), Boundary.knots = c(60, 95))2",1.43225009337618,4.18811224144477,exclude_pandemic_crossing
ELSA,education,onset,"ns(age_model, knots = c(70, 80, 90), Boundary.knots = c(60, 95))3",2.25857791775946,9.56947091128551,exclude_pandemic_crossing
ELSA,education,onset,"ns(age_model, knots = c(70, 80, 90), Boundary.knots = c(60, 95))4",2.25181344605071,9.50495694349605,exclude_pandemic_crossing
ELSA,education,onset,period_factor10,-0.378399352831603,0.684956906559055,exclude_pandemic_crossing
ELSA,education,onset,period_factor2,-0.201959733707713,0.817127829987849,exclude_pandemic_crossing
ELSA,education,onset,period_factor3,-0.239058670485077,0.787368685714786,exclude_pandemic_crossing
ELSA,education,onset,period_factor4,-0.251208281061013,0.77786034110844,exclude_pandemic_crossing
ELSA,education,onset,period_factor5,-0.362592617101439,0.695869861244462,exclude_pandemic_crossing
ELSA,education,onset,period_factor6,-0.482887316178,0.616999345300876,exclude_pandemic_crossing
ELSA,education,onset,period_factor7,-0.432555843425452,0.648848618193282,exclude_pandemic_crossing
ELSA,education,onset,period_factor8,-0.620216768075613,0.537827841051811,exclude_pandemic_crossing
ELSA,education,onset,proxy_factorself,-0.0276835657022089,0.972696112519358,exclude_pandemic_crossing
ELSA,education,onset,seslow,0.488339354871292,1.62960777148451,exclude_pandemic_crossing
ELSA,education,onset,sesmiddle,0.29061694625041,1.33725224634277,exclude_pandemic_crossing
ELSA,education,onset,sex_factormale,-0.0640450494265651,0.937962743895189,exclude_pandemic_crossing
ELSA,education,recovery,(Intercept),-2.72239007383141,0.065717496903104,exclude_pandemic_crossing
ELSA,education,recovery,"ns(age_model, knots = c(70, 80, 90), Boundary.knots = c(60, 95))1",-0.222227575671047,0.800733116221574,exclude_pandemic_crossing
ELSA,education,recovery,"ns(age_model, knots = c(70, 80, 90), Boundary.knots = c(60, 95))2",-0.890808889450091,0.410323711956578,exclude_pandemic_crossing
ELSA,education,recovery,"ns(age_model, knots = c(70, 80, 90), Boundary.knots = c(60, 95))3",-2.1436130111498,0.11723052176242,exclude_pandemic_crossing
ELSA,education,recovery,"ns(age_model, knots = c(70, 80, 90), Boundary.knots = c(60, 95))4",-2.33307369447909,0.0969971488238716,exclude_pandemic_crossing
ELSA,education,recovery,origin_factorD2,0.0853700097560906,1.08911997717051,exclude_pandemic_crossing
ELSA,education,recovery,period_factor10,0.361413240705093,1.43535648606541,exclude_pandemic_crossing
ELSA,education,recovery,period_factor2,0.286468177188714,1.33171578827968,exclude_pandemic_crossing
ELSA,education,recovery,period_factor3,0.0590283359390677,1.06080529922861,exclude_pandemic_crossing
ELSA,education,recovery,period_factor4,0.148018743334957,1.15953462970525,exclude_pandemic_crossing
ELSA,education,recovery,period_factor5,0.274519998022687,1.31589888918181,exclude_pandemic_crossing
ELSA,education,recovery,period_factor6,0.383950303549464,1.4680724818776,exclude_pandemic_crossing
ELSA,education,recovery,period_factor7,0.307691945188094,1.36028188300706,exclude_pandemic_crossing
ELSA,education,recovery,period_factor8,0.203218865809154,1.22534062406854,exclude_pandemic_crossing
ELSA,education,recovery,proxy_factorself,1.13871930925842,3.12276650500941,exclude_pandemic_crossing
ELSA,education,recovery,seslow,-0.36234874939026,0.696039582128683,exclude_pandemic_crossing
ELSA,education,recovery,sesmiddle,-0.0948216823362264,0.909535106184016,exclude_pandemic_crossing
ELSA,education,recovery,sex_factormale,-0.035061087770213,0.965546431377427,exclude_pandemic_crossing
ELSA,education,relapse,(Intercept),-1.87607246146275,0.153190587713763,exclude_pandemic_crossing
ELSA,education,relapse,"ns(age_model, knots = c(70, 80, 90), Boundary.knots = c(60, 95))1",0.50137151967537,1.65098407574821,exclude_pandemic_crossing
ELSA,education,relapse,"ns(age_model, knots = c(70, 80, 90), Boundary.knots = c(60, 95))2",0.778909962463741,2.17909567436659,exclude_pandemic_crossing
ELSA,education,relapse,"ns(age_model, knots = c(70, 80, 90), Boundary.knots = c(60, 95))3",1.78172332880036,5.94008432142777,exclude_pandemic_crossing
ELSA,education,relapse,"ns(age_model, knots = c(70, 80, 90), Boundary.knots = c(60, 95))4",1.59819633872117,4.94410688334453,exclude_pandemic_crossing
ELSA,education,relapse,period_factor10,-0.381673096924346,0.682718199409004,exclude_pandemic_crossing
ELSA,education,relapse,period_factor3,-0.282014963316759,0.754262398181465,exclude_pandemic_crossing
ELSA,education,relapse,period_factor4,-0.263071482548561,0.768686947645149,exclude_pandemic_crossing
ELSA,education,relapse,period_factor5,-0.29717762988386,0.742912037262029,exclude_pandemic_crossing
ELSA,education,relapse,period_factor6,-0.367082675052085,0.692752369338571,exclude_pandemic_crossing
ELSA,education,relapse,period_factor7,-0.427041216301816,0.652436660647397,exclude_pandemic_crossing
ELSA,education,relapse,period_factor8,-0.381025416206751,0.683160526050068,exclude_pandemic_crossing
ELSA,education,relapse,proxy_factorself,-0.200840363585543,0.81804301058408,exclude_pandemic_crossing
ELSA,education,relapse,seslow,0.473355392033204,1.60537181796066,exclude_pandemic_crossing
ELSA,education,relapse,sesmiddle,0.223852954811281,1.25088706897906,exclude_pandemic_crossing
ELSA,education,relapse,sex_factormale,-0.0539749554581543,0.947455834801966,exclude_pandemic_crossing
ELSA,wealth,death_post,(Intercept),-3.80081611077411,0.022352522276081,exclude_pandemic_crossing
ELSA,wealth,death_post,"ns(age_model, knots = c(70, 80, 90), Boundary.knots = c(60, 95))1",1.62721078370185,5.08965874291985,exclude_pandemic_crossing
ELSA,wealth,death_post,"ns(age_model, knots = c(70, 80, 90), Boundary.knots = c(60, 95))2",1.96957143608952,7.16760405360431,exclude_pandemic_crossing
ELSA,wealth,death_post,"ns(age_model, knots = c(70, 80, 90), Boundary.knots = c(60, 95))3",3.59098293592293,36.2697092110874,exclude_pandemic_crossing
ELSA,wealth,death_post,"ns(age_model, knots = c(70, 80, 90), Boundary.knots = c(60, 95))4",2.97212474394377,19.5333789638181,exclude_pandemic_crossing
ELSA,wealth,death_post,origin_factorD2,-0.027881883510319,0.972503228685148,exclude_pandemic_crossing
ELSA,wealth,death_post,origin_factorR1,-0.493984894673098,0.610190000140491,exclude_pandemic_crossing
ELSA,wealth,death_post,period_factor2,-0.0676934539764174,0.93454691131131,exclude_pandemic_crossing
ELSA,wealth,death_post,period_factor3,-0.106187673900785,0.899255865382306,exclude_pandemic_crossing
ELSA,wealth,death_post,period_factor4,-0.033912315558193,0.966656261636238,exclude_pandemic_crossing
ELSA,wealth,death_post,period_factor5,-0.295554859555712,0.744118591588025,exclude_pandemic_crossing
ELSA,wealth,death_post,proxy_factorself,-0.832289849112964,0.435051941570331,exclude_pandemic_crossing
ELSA,wealth,death_post,seslow,0.468156223420971,1.59704687932644,exclude_pandemic_crossing
ELSA,wealth,death_post,sesmiddle,0.125763083520212,1.13401346997541,exclude_pandemic_crossing
ELSA,wealth,death_post,sex_factormale,0.584595444994267,1.79426495991999,exclude_pandemic_crossing
ELSA,wealth,death_pre,(Intercept),-5.09801817185331,0.00610884125029714,exclude_pandemic_crossing
ELSA,wealth,death_pre,"ns(age_model, knots = c(70, 80, 90), Boundary.knots = c(60, 95))1",2.11343761265522,8.27664433462175,exclude_pandemic_crossing
ELSA,wealth,death_pre,"ns(age_model, knots = c(70, 80, 90), Boundary.knots = c(60, 95))2",3.08634323376465,21.896859698204,exclude_pandemic_crossing
ELSA,wealth,death_pre,"ns(age_model, knots = c(70, 80, 90), Boundary.knots = c(60, 95))3",4.15083908309363,63.487249032267,exclude_pandemic_crossing
ELSA,wealth,death_pre,"ns(age_model, knots = c(70, 80, 90), Boundary.knots = c(60, 95))4",2.46555100899008,11.7699657224896,exclude_pandemic_crossing
ELSA,wealth,death_pre,period_factor2,-0.0343844599851569,0.966199967996243,exclude_pandemic_crossing
ELSA,wealth,death_pre,period_factor3,-0.165085590754096,0.847821135332042,exclude_pandemic_crossing
ELSA,wealth,death_pre,period_factor4,-0.224778645527194,0.798692993460221,exclude_pandemic_crossing
ELSA,wealth,death_pre,period_factor5,-0.708277908668407,0.492491583099955,exclude_pandemic_crossing
ELSA,wealth,death_pre,proxy_factorself,-0.925559690575306,0.396309546272774,exclude_pandemic_crossing
ELSA,wealth,death_pre,seslow,0.469124003628511,1.59859321782397,exclude_pandemic_crossing
ELSA,wealth,death_pre,sesmiddle,0.297342033997933,1.34627569276604,exclude_pandemic_crossing
ELSA,wealth,death_pre,sex_factormale,0.586047932466241,1.79687300091058,exclude_pandemic_crossing
ELSA,wealth,onset,(Intercept),-3.43643391970638,0.032179234695057,exclude_pandemic_crossing
ELSA,wealth,onset,"ns(age_model, knots = c(70, 80, 90), Boundary.knots = c(60, 95))1",1.18325824760917,3.26499505313947,exclude_pandemic_crossing
ELSA,wealth,onset,"ns(age_model, knots = c(70, 80, 90), Boundary.knots = c(60, 95))2",1.58899098339546,4.89880345968303,exclude_pandemic_crossing
ELSA,wealth,onset,"ns(age_model, knots = c(70, 80, 90), Boundary.knots = c(60, 95))3",2.15119856492556,8.59515407613098,exclude_pandemic_crossing
ELSA,wealth,onset,"ns(age_model, knots = c(70, 80, 90), Boundary.knots = c(60, 95))4",1.85547296929274,6.39472204264594,exclude_pandemic_crossing
ELSA,wealth,onset,period_factor10,-0.404006662488091,0.66763967311274,exclude_pandemic_crossing
ELSA,wealth,onset,period_factor2,-0.19575997775847,0.822209559577554,exclude_pandemic_crossing
ELSA,wealth,onset,period_factor3,-0.253432325498339,0.776132267512324,exclude_pandemic_crossing
ELSA,wealth,onset,period_factor4,-0.261866986580198,0.76961338580803,exclude_pandemic_crossing
ELSA,wealth,onset,period_factor5,-0.374023115720998,0.687961008930436,exclude_pandemic_crossing
ELSA,wealth,onset,period_factor6,-0.521206456881742,0.593803717063497,exclude_pandemic_crossing
ELSA,wealth,onset,period_factor7,-0.452023999818603,0.636338897523712,exclude_pandemic_crossing
ELSA,wealth,onset,period_factor8,-0.630869164564004,0.532129092200561,exclude_pandemic_crossing
ELSA,wealth,onset,proxy_factorself,-0.124537330716452,0.882905301263725,exclude_pandemic_crossing
ELSA,wealth,onset,seslow,0.671664310999434,1.95749248735769,exclude_pandemic_crossing
ELSA,wealth,onset,sesmiddle,0.352790024309756,1.4230323098693,exclude_pandemic_crossing
ELSA,wealth,onset,sex_factormale,-0.0978912860303248,0.906747474513262,exclude_pandemic_crossing
ELSA,wealth,recovery,(Intercept),-2.66521193279626,0.0695846047105916,exclude_pandemic_crossing
ELSA,wealth,recovery,"ns(age_model, knots = c(70, 80, 90), Boundary.knots = c(60, 95))1",-0.376695540522923,0.686124939339116,exclude_pandemic_crossing
ELSA,wealth,recovery,"ns(age_model, knots = c(70, 80, 90), Boundary.knots = c(60, 95))2",-0.947994881493998,0.38751726300373,exclude_pandemic_crossing
ELSA,wealth,recovery,"ns(age_model, knots = c(70, 80, 90), Boundary.knots = c(60, 95))3",-2.47746808763171,0.0839555247488506,exclude_pandemic_crossing
ELSA,wealth,recovery,"ns(age_model, knots = c(70, 80, 90), Boundary.knots = c(60, 95))4",-2.64952269037545,0.0706849436137277,exclude_pandemic_crossing
ELSA,wealth,recovery,origin_factorD2,0.113256401272153,1.11991904480689,exclude_pandemic_crossing
ELSA,wealth,recovery,period_factor10,0.449094899981344,1.56689334829347,exclude_pandemic_crossing
ELSA,wealth,recovery,period_factor2,0.280801919909642,1.32419128202695,exclude_pandemic_crossing
ELSA,wealth,recovery,period_factor3,0.0633506701375418,1.06540037783009,exclude_pandemic_crossing
ELSA,wealth,recovery,period_factor4,0.150977644616347,1.16297065913595,exclude_pandemic_crossing
ELSA,wealth,recovery,period_factor5,0.27911901616227,1.32196466966884,exclude_pandemic_crossing
ELSA,wealth,recovery,period_factor6,0.409588777893908,1.50619827571647,exclude_pandemic_crossing
ELSA,wealth,recovery,period_factor7,0.31209880179313,1.36628967823112,exclude_pandemic_crossing
ELSA,wealth,recovery,period_factor8,0.24357518512765,1.27580223558876,exclude_pandemic_crossing
ELSA,wealth,recovery,proxy_factorself,1.15158908651107,3.16321554108289,exclude_pandemic_crossing
ELSA,wealth,recovery,seslow,-0.464639173702753,0.628361793748955,exclude_pandemic_crossing
ELSA,wealth,recovery,sesmiddle,-0.183933376071055,0.83199123250497,exclude_pandemic_crossing
ELSA,wealth,recovery,sex_factormale,-0.00815749540560146,0.991875686671196,exclude_pandemic_crossing
ELSA,wealth,relapse,(Intercept),-1.76746080538834,0.170766047009648,exclude_pandemic_crossing
ELSA,wealth,relapse,"ns(age_model, knots = c(70, 80, 90), Boundary.knots = c(60, 95))1",0.663159578714782,1.94091513071416,exclude_pandemic_crossing
ELSA,wealth,relapse,"ns(age_model, knots = c(70, 80, 90), Boundary.knots = c(60, 95))2",0.775994912120245,2.17275275023569,exclude_pandemic_crossing
ELSA,wealth,relapse,"ns(age_model, knots = c(70, 80, 90), Boundary.knots = c(60, 95))3",2.11996505934515,8.33084639737369,exclude_pandemic_crossing
ELSA,wealth,relapse,"ns(age_model, knots = c(70, 80, 90), Boundary.knots = c(60, 95))4",2.06426918350239,7.87953729709004,exclude_pandemic_crossing
ELSA,wealth,relapse,period_factor10,-0.38428695476969,0.680936001308266,exclude_pandemic_crossing
ELSA,wealth,relapse,period_factor3,-0.302944677103377,0.738639958942244,exclude_pandemic_crossing
ELSA,wealth,relapse,period_factor4,-0.252556011831003,0.776812700919009,exclude_pandemic_crossing
ELSA,wealth,relapse,period_factor5,-0.32856041810099,0.719959428330293,exclude_pandemic_crossing
ELSA,wealth,relapse,period_factor6,-0.413854678209135,0.661097016087901,exclude_pandemic_crossing
ELSA,wealth,relapse,period_factor7,-0.454990103473023,0.634454246810728,exclude_pandemic_crossing
ELSA,wealth,relapse,period_factor8,-0.442106086532294,0.64268145199231,exclude_pandemic_crossing
ELSA,wealth,relapse,proxy_factorself,-0.200135644650815,0.818619704162635,exclude_pandemic_crossing
ELSA,wealth,relapse,seslow,0.404290115761408,1.49823854652969,exclude_pandemic_crossing
ELSA,wealth,relapse,sesmiddle,0.156262170943277,1.16913267553039,exclude_pandemic_crossing
ELSA,wealth,relapse,sex_factormale,-0.0509187681065149,0.950355866603522,exclude_pandemic_crossing
HRS,education,death_post,(Intercept),-3.13855937184944,0.043345197255399,exclude_pandemic_crossing
HRS,education,death_post,"ns(age_model, knots = c(70, 80, 90), Boundary.knots = c(60, 95))1",1.23564739666112,3.4406052361854,exclude_pandemic_crossing
HRS,education,death_post,"ns(age_model, knots = c(70, 80, 90), Boundary.knots = c(60, 95))2",1.74256634076523,5.71198352506178,exclude_pandemic_crossing
HRS,education,death_post,"ns(age_model, knots = c(70, 80, 90), Boundary.knots = c(60, 95))3",2.85961403677902,17.4547887298339,exclude_pandemic_crossing
HRS,education,death_post,"ns(age_model, knots = c(70, 80, 90), Boundary.knots = c(60, 95))4",1.84691650648324,6.34023926365089,exclude_pandemic_crossing
HRS,education,death_post,origin_factorD2,-0.180585282404381,0.834781485488922,exclude_pandemic_crossing
HRS,education,death_post,origin_factorR1,-0.824041030343272,0.438655448095113,exclude_pandemic_crossing
HRS,education,death_post,period_factor10,-0.450476021869288,0.637324698907922,exclude_pandemic_crossing
HRS,education,death_post,period_factor11,-0.143300039032395,0.866494047853515,exclude_pandemic_crossing
HRS,education,death_post,period_factor12,-0.0997951917115989,0.905022755217476,exclude_pandemic_crossing
HRS,education,death_post,period_factor13,-0.287909871125945,0.749829170452488,exclude_pandemic_crossing
HRS,education,death_post,period_factor14,11.1318918519288,68315.4926319096,exclude_pandemic_crossing
HRS,education,death_post,period_factor15,-0.2531697551412,0.776336083595852,exclude_pandemic_crossing
HRS,education,death_post,period_factor3,0.0387905498997563,1.03955272642356,exclude_pandemic_crossing
HRS,education,death_post,period_factor4,-0.0727164031112956,0.929864499315053,exclude_pandemic_crossing
HRS,education,death_post,period_factor5,-0.0947766076400716,0.909576104126547,exclude_pandemic_crossing
HRS,education,death_post,period_factor6,-0.151685255365974,0.859258685245129,exclude_pandemic_crossing
HRS,education,death_post,period_factor7,-0.0711576600273042,0.931315049396165,exclude_pandemic_crossing
HRS,education,death_post,period_factor8,-0.136819086954067,0.872127991192131,exclude_pandemic_crossing
HRS,education,death_post,period_factor9,-0.0570825404652787,0.944516105350176,exclude_pandemic_crossing
HRS,education,death_post,proxy_factorself,-0.783270947586484,0.456909038862801,exclude_pandemic_crossing
HRS,education,death_post,seslow,0.127086128249912,1.13551481347357,exclude_pandemic_crossing
HRS,education,death_post,sesmiddle,0.169547968899877,1.18476917774412,exclude_pandemic_crossing
HRS,education,death_post,sex_factormale,0.451731209203374,1.57102961351896,exclude_pandemic_crossing
HRS,education,death_pre,(Intercept),-5.74178134023369,0.00320904677671683,exclude_pandemic_crossing
HRS,education,death_pre,"ns(age_model, knots = c(70, 80, 90), Boundary.knots = c(60, 95))1",1.73348782427441,5.66036186702308,exclude_pandemic_crossing
HRS,education,death_pre,"ns(age_model, knots = c(70, 80, 90), Boundary.knots = c(60, 95))2",2.41261079461658,11.1630676098518,exclude_pandemic_crossing
HRS,education,death_pre,"ns(age_model, knots = c(70, 80, 90), Boundary.knots = c(60, 95))3",4.16722970348887,64.5364192178083,exclude_pandemic_crossing
HRS,education,death_pre,"ns(age_model, knots = c(70, 80, 90), Boundary.knots = c(60, 95))4",2.7444488732526,15.5560382205027,exclude_pandemic_crossing
HRS,education,death_pre,period_factor10,-0.679202762218972,0.507021047615069,exclude_pandemic_crossing
HRS,education,death_pre,period_factor11,-0.430251255801628,0.650345671070686,exclude_pandemic_crossing
HRS,education,death_pre,period_factor12,-0.406570364291602,0.665930236258141,exclude_pandemic_crossing
HRS,education,death_pre,period_factor13,-0.521920599873402,0.593379807684506,exclude_pandemic_crossing
HRS,education,death_pre,period_factor14,11.2399070386772,76107.8763639392,exclude_pandemic_crossing
HRS,education,death_pre,period_factor15,-0.592108324178517,0.553159814252865,exclude_pandemic_crossing
HRS,education,death_pre,period_factor3,0.0550320954320175,1.05657452534715,exclude_pandemic_crossing
HRS,education,death_pre,period_factor4,-0.088273847610412,0.915510132129997,exclude_pandemic_crossing
HRS,education,death_pre,period_factor5,0.00872029963178906,1.00875843220652,exclude_pandemic_crossing
HRS,education,death_pre,period_factor6,-0.298125736110108,0.742208011532273,exclude_pandemic_crossing
HRS,education,death_pre,period_factor7,-0.347294953464072,0.706596884319897,exclude_pandemic_crossing
HRS,education,death_pre,period_factor8,-0.310343889046313,0.733194775213621,exclude_pandemic_crossing
HRS,education,death_pre,period_factor9,-0.451219444135622,0.636851073609479,exclude_pandemic_crossing
HRS,education,death_pre,proxy_factorself,-0.0385952908041512,0.962140017275449,exclude_pandemic_crossing
HRS,education,death_pre,seslow,0.550031972943181,1.73330843595359,exclude_pandemic_crossing
HRS,education,death_pre,sesmiddle,0.395837467250184,1.4856278347503,exclude_pandemic_crossing
HRS,education,death_pre,sex_factormale,0.674849535921725,1.9637374817896,exclude_pandemic_crossing
HRS,education,onset,(Intercept),-3.26640443210383,0.038143327734533,exclude_pandemic_crossing
HRS,education,onset,"ns(age_model, knots = c(70, 80, 90), Boundary.knots = c(60, 95))1",1.18523105679726,3.27144262320096,exclude_pandemic_crossing
HRS,education,onset,"ns(age_model, knots = c(70, 80, 90), Boundary.knots = c(60, 95))2",1.49669405929184,4.46689733576973,exclude_pandemic_crossing
HRS,education,onset,"ns(age_model, knots = c(70, 80, 90), Boundary.knots = c(60, 95))3",2.05540474254235,7.80999827157498,exclude_pandemic_crossing
HRS,education,onset,"ns(age_model, knots = c(70, 80, 90), Boundary.knots = c(60, 95))4",2.02416408117227,7.56978057706262,exclude_pandemic_crossing
HRS,education,onset,period_factor10,-0.658000994881669,0.517885556317728,exclude_pandemic_crossing
HRS,education,onset,period_factor11,-0.56878608858214,0.566212353329069,exclude_pandemic_crossing
HRS,education,onset,period_factor12,-0.619737375900357,0.538085733321275,exclude_pandemic_crossing
HRS,education,onset,period_factor13,-0.779338137418925,0.458709513518346,exclude_pandemic_crossing
HRS,education,onset,period_factor14,-13.6372876945689,1.19509163373732e-06,exclude_pandemic_crossing
HRS,education,onset,period_factor15,-0.882766841053549,0.413636859496473,exclude_pandemic_crossing
HRS,education,onset,period_factor3,-0.1904750959947,0.826566342285306,exclude_pandemic_crossing
HRS,education,onset,period_factor4,-0.349295955104891,0.705184396461538,exclude_pandemic_crossing
HRS,education,onset,period_factor5,-0.431255637069914,0.649692803979374,exclude_pandemic_crossing
HRS,education,onset,period_factor6,-0.509166453141091,0.600996328686023,exclude_pandemic_crossing
HRS,education,onset,period_factor7,-0.497017455939175,0.608342364531179,exclude_pandemic_crossing
HRS,education,onset,period_factor8,-0.601204850472836,0.548150798320076,exclude_pandemic_crossing
HRS,education,onset,period_factor9,-0.436906513456999,0.646031823869521,exclude_pandemic_crossing
HRS,education,onset,proxy_factorself,-0.121400537009001,0.885679141264507,exclude_pandemic_crossing
HRS,education,onset,seslow,0.594655267987494,1.81240604287183,exclude_pandemic_crossing
HRS,education,onset,sesmiddle,0.235185268972023,1.26514313879026,exclude_pandemic_crossing
HRS,education,onset,sex_factormale,-0.0992419325630679,0.905523605873757,exclude_pandemic_crossing
HRS,education,recovery,(Intercept),-2.47407313417038,0.0842410342196525,exclude_pandemic_crossing
HRS,education,recovery,"ns(age_model, knots = c(70, 80, 90), Boundary.knots = c(60, 95))1",-0.559794894299054,0.571326234099975,exclude_pandemic_crossing
HRS,education,recovery,"ns(age_model, knots = c(70, 80, 90), Boundary.knots = c(60, 95))2",-0.982607750162133,0.374333656289433,exclude_pandemic_crossing
HRS,education,recovery,"ns(age_model, knots = c(70, 80, 90), Boundary.knots = c(60, 95))3",-2.14410198840034,0.117173212716761,exclude_pandemic_crossing
HRS,education,recovery,"ns(age_model, knots = c(70, 80, 90), Boundary.knots = c(60, 95))4",-2.39665010994196,0.091022358035776,exclude_pandemic_crossing
HRS,education,recovery,origin_factorD2,0.126251003919089,1.13456691328718,exclude_pandemic_crossing
HRS,education,recovery,period_factor10,0.123998727065935,1.13201443001853,exclude_pandemic_crossing
HRS,education,recovery,period_factor11,-0.0222210327872602,0.978024035779891,exclude_pandemic_crossing
HRS,education,recovery,period_factor12,0.0866034885762504,1.09046421246741,exclude_pandemic_crossing
HRS,education,recovery,period_factor13,0.154597833633388,1.16718846276001,exclude_pandemic_crossing
HRS,education,recovery,period_factor14,-15.3743311863082,2.10384045925503e-07,exclude_pandemic_crossing
HRS,education,recovery,period_factor15,0.143016104169249,1.15374838167561,exclude_pandemic_crossing
HRS,education,recovery,period_factor3,0.107969717192839,1.11401400940424,exclude_pandemic_crossing
HRS,education,recovery,period_factor4,0.238537340406544,1.26939110473137,exclude_pandemic_crossing
HRS,education,recovery,period_factor5,0.232738541520911,1.26205146213042,exclude_pandemic_crossing
HRS,education,recovery,period_factor6,0.299883714754456,1.34970184803933,exclude_pandemic_crossing
HRS,education,recovery,period_factor7,0.0687073644354532,1.07112271468046,exclude_pandemic_crossing
HRS,education,recovery,period_factor8,0.167014391799947,1.18177127300172,exclude_pandemic_crossing
HRS,education,recovery,period_factor9,-0.016258378540897,0.983873075521353,exclude_pandemic_crossing
HRS,education,recovery,proxy_factorself,0.956260538701154,2.60194837321758,exclude_pandemic_crossing
HRS,education,recovery,seslow,-0.438509051617152,0.644997362322535,exclude_pandemic_crossing
HRS,education,recovery,sesmiddle,-0.204570314740212,0.814997433569907,exclude_pandemic_crossing
HRS,education,recovery,sex_factormale,0.19570598431433,1.21616927991843,exclude_pandemic_crossing
HRS,education,relapse,(Intercept),-2.04413647254877,0.129491961575038,exclude_pandemic_crossing
HRS,education,relapse,"ns(age_model, knots = c(70, 80, 90), Boundary.knots = c(60, 95))1",0.347450454132206,1.41545417897171,exclude_pandemic_crossing
HRS,education,relapse,"ns(age_model, knots = c(70, 80, 90), Boundary.knots = c(60, 95))2",0.621401581495371,1.861535307712,exclude_pandemic_crossing
HRS,education,relapse,"ns(age_model, knots = c(70, 80, 90), Boundary.knots = c(60, 95))3",0.40201577201044,1.49483490904191,exclude_pandemic_crossing
HRS,education,relapse,"ns(age_model, knots = c(70, 80, 90), Boundary.knots = c(60, 95))4",0.771324056563357,2.16262780047534,exclude_pandemic_crossing
HRS,education,relapse,period_factor10,-0.201774155177637,0.817279485440985,exclude_pandemic_crossing
HRS,education,relapse,period_factor11,-0.0589812841019969,0.942724412925947,exclude_pandemic_crossing
HRS,education,relapse,period_factor12,-0.232707409297822,0.792385384205796,exclude_pandemic_crossing
HRS,education,relapse,period_factor13,-0.199068698748754,0.819493593214608,exclude_pandemic_crossing
HRS,education,relapse,period_factor14,-15.1436651316693,2.64965785221057e-07,exclude_pandemic_crossing
HRS,education,relapse,period_factor15,-0.037751477717292,0.962952226241501,exclude_pandemic_crossing
HRS,education,relapse,period_factor4,0.0379627115257983,1.03869250089785,exclude_pandemic_crossing
HRS,education,relapse,period_factor5,0.0338226321469526,1.03440112095035,exclude_pandemic_crossing
HRS,education,relapse,period_factor6,-0.00695993826062619,0.993064226016544,exclude_pandemic_crossing
HRS,education,relapse,period_factor7,0.0152377045374866,1.01535439027821,exclude_pandemic_crossing
HRS,education,relapse,period_factor8,0.0584179014850006,1.06015794472875,exclude_pandemic_crossing
HRS,education,relapse,period_factor9,0.0795256223669095,1.08277330238885,exclude_pandemic_crossing
HRS,education,relapse,proxy_factorself,0.0336594534006315,1.03423234244314,exclude_pandemic_crossing
HRS,education,relapse,seslow,0.447584341851422,1.56452825156525,exclude_pandemic_crossing
HRS,education,relapse,sesmiddle,0.156284195449092,1.16915842538336,exclude_pandemic_crossing
HRS,education,relapse,sex_factormale,-0.160711114924389,0.851538032207015,exclude_pandemic_crossing
HRS,wealth,death_post,(Intercept),-3.2363920768347,0.0393054506305451,exclude_pandemic_crossing
HRS,wealth,death_post,"ns(age_model, knots = c(70, 80, 90), Boundary.knots = c(60, 95))1",1.28688406708556,3.62148465368116,exclude_pandemic_crossing
HRS,wealth,death_post,"ns(age_model, knots = c(70, 80, 90), Boundary.knots = c(60, 95))2",1.79209275126647,6.00200002549826,exclude_pandemic_crossing
HRS,wealth,death_post,"ns(age_model, knots = c(70, 80, 90), Boundary.knots = c(60, 95))3",2.91633938800651,18.4735390764221,exclude_pandemic_crossing
HRS,wealth,death_post,"ns(age_model, knots = c(70, 80, 90), Boundary.knots = c(60, 95))4",1.86440992534427,6.45212752556489,exclude_pandemic_crossing
HRS,wealth,death_post,origin_factorD2,-0.189331630748001,0.827512032750848,exclude_pandemic_crossing
HRS,wealth,death_post,origin_factorR1,-0.820059856471343,0.440405292610266,exclude_pandemic_crossing
HRS,wealth,death_post,period_factor10,-0.40131489893041,0.669439222148177,exclude_pandemic_crossing
HRS,wealth,death_post,period_factor11,-0.0943637240329799,0.90995173072904,exclude_pandemic_crossing
HRS,wealth,death_post,period_factor12,-0.0538144772233195,0.947607893042612,exclude_pandemic_crossing
HRS,wealth,death_post,period_factor13,-0.244209029673025,0.783323879214282,exclude_pandemic_crossing
HRS,wealth,death_post,period_factor14,11.1347757691784,68512.7932220683,exclude_pandemic_crossing
HRS,wealth,death_post,period_factor15,-0.21348514981892,0.807764155505475,exclude_pandemic_crossing
HRS,wealth,death_post,period_factor3,0.054891538224744,1.05642602661912,exclude_pandemic_crossing
HRS,wealth,death_post,period_factor4,-0.0464525066999112,0.954609897067681,exclude_pandemic_crossing
HRS,wealth,death_post,period_factor5,-0.0607238465731361,0.941083087214976,exclude_pandemic_crossing
HRS,wealth,death_post,period_factor6,-0.112510743668342,0.893587746646559,exclude_pandemic_crossing
HRS,wealth,death_post,period_factor7,-0.0316938668358482,0.968803119451317,exclude_pandemic_crossing
HRS,wealth,death_post,period_factor8,-0.0955593654521957,0.908864404905722,exclude_pandemic_crossing
HRS,wealth,death_post,period_factor9,-0.0123450502557748,0.98773083727767,exclude_pandemic_crossing
HRS,wealth,death_post,proxy_factorself,-0.773885398180988,0.461217568552372,exclude_pandemic_crossing
HRS,wealth,death_post,seslow,0.241548453579551,1.2732191454481,exclude_pandemic_crossing
HRS,wealth,death_post,sesmiddle,0.13906032713453,1.14919342545886,exclude_pandemic_crossing
HRS,wealth,death_post,sex_factormale,0.458935493493427,1.58238862512798,exclude_pandemic_crossing
HRS,wealth,death_pre,(Intercept),-5.73503942788804,0.00323075498398797,exclude_pandemic_crossing
HRS,wealth,death_pre,"ns(age_model, knots = c(70, 80, 90), Boundary.knots = c(60, 95))1",1.84738409724641,6.3432045941934,exclude_pandemic_crossing
HRS,wealth,death_pre,"ns(age_model, knots = c(70, 80, 90), Boundary.knots = c(60, 95))2",2.50826400749451,12.2835873249193,exclude_pandemic_crossing
HRS,wealth,death_pre,"ns(age_model, knots = c(70, 80, 90), Boundary.knots = c(60, 95))3",4.34172088483861,76.8396578274977,exclude_pandemic_crossing
HRS,wealth,death_pre,"ns(age_model, knots = c(70, 80, 90), Boundary.knots = c(60, 95))4",2.83551830024611,17.0392294489405,exclude_pandemic_crossing
HRS,wealth,death_pre,period_factor10,-0.674236313455865,0.509545405027005,exclude_pandemic_crossing
HRS,wealth,death_pre,period_factor11,-0.427444939221254,0.6521733101779,exclude_pandemic_crossing
HRS,wealth,death_pre,period_factor12,-0.412618439421042,0.661914795242887,exclude_pandemic_crossing
HRS,wealth,death_pre,period_factor13,-0.531947323670001,0.587459880580028,exclude_pandemic_crossing
HRS,wealth,death_pre,period_factor14,11.640010523491,113551.359878097,exclude_pandemic_crossing
HRS,wealth,death_pre,period_factor15,-0.61675479167553,0.539693015076182,exclude_pandemic_crossing
HRS,wealth,death_pre,period_factor3,0.074622862633837,1.07747771714043,exclude_pandemic_crossing
HRS,wealth,death_pre,period_factor4,-0.0623291722956184,0.939573554298268,exclude_pandemic_crossing
HRS,wealth,death_pre,period_factor5,0.0318158477251321,1.032327382364,exclude_pandemic_crossing
HRS,wealth,death_pre,period_factor6,-0.271895837862201,0.761933621591472,exclude_pandemic_crossing
HRS,wealth,death_pre,period_factor7,-0.320722208050186,0.72562479572193,exclude_pandemic_crossing
HRS,wealth,death_pre,period_factor8,-0.287046672404559,0.750476701467445,exclude_pandemic_crossing
HRS,wealth,death_pre,period_factor9,-0.438141929150469,0.645234198816534,exclude_pandemic_crossing
HRS,wealth,death_pre,proxy_factorself,-0.0787989082881355,0.924225759899683,exclude_pandemic_crossing
HRS,wealth,death_pre,seslow,0.682778446829702,1.97936967255684,exclude_pandemic_crossing
HRS,wealth,death_pre,sesmiddle,0.309970253914365,1.36338455817517,exclude_pandemic_crossing
HRS,wealth,death_pre,sex_factormale,0.672244456478628,1.95862844725392,exclude_pandemic_crossing
HRS,wealth,onset,(Intercept),-3.21963871406356,0.0399694960692248,exclude_pandemic_crossing
HRS,wealth,onset,"ns(age_model, knots = c(70, 80, 90), Boundary.knots = c(60, 95))1",1.29045337792068,3.63443395438658,exclude_pandemic_crossing
HRS,wealth,onset,"ns(age_model, knots = c(70, 80, 90), Boundary.knots = c(60, 95))2",1.60698035125884,4.98772728077972,exclude_pandemic_crossing
HRS,wealth,onset,"ns(age_model, knots = c(70, 80, 90), Boundary.knots = c(60, 95))3",2.25497126538514,9.53501932110241,exclude_pandemic_crossing
HRS,wealth,onset,"ns(age_model, knots = c(70, 80, 90), Boundary.knots = c(60, 95))4",2.13672334686877,8.47163349708994,exclude_pandemic_crossing
HRS,wealth,onset,period_factor10,-0.691765435946974,0.500691349830943,exclude_pandemic_crossing
HRS,wealth,onset,period_factor11,-0.609295010031478,0.543734061043961,exclude_pandemic_crossing
HRS,wealth,onset,period_factor12,-0.670495380518047,0.511455150102941,exclude_pandemic_crossing
HRS,wealth,onset,period_factor13,-0.83674133882143,0.433119616383498,exclude_pandemic_crossing
HRS,wealth,onset,period_factor14,-13.7091814801683,1.11218781260661e-06,exclude_pandemic_crossing
HRS,wealth,onset,period_factor15,-0.952243139516127,0.385874481632731,exclude_pandemic_crossing
HRS,wealth,onset,period_factor3,-0.182275492338682,0.833371721263546,exclude_pandemic_crossing
HRS,wealth,onset,period_factor4,-0.341941325979627,0.710389884916973,exclude_pandemic_crossing
HRS,wealth,onset,period_factor5,-0.43208770072785,0.649152443046883,exclude_pandemic_crossing
HRS,wealth,onset,period_factor6,-0.515151769441703,0.59740991916763,exclude_pandemic_crossing
HRS,wealth,onset,period_factor7,-0.503433267022023,0.604451848599584,exclude_pandemic_crossing
HRS,wealth,onset,period_factor8,-0.612995793233292,0.541725538011106,exclude_pandemic_crossing
HRS,wealth,onset,period_factor9,-0.459083498109984,0.631862483373651,exclude_pandemic_crossing
HRS,wealth,onset,proxy_factorself,-0.189065610226369,0.827732197216293,exclude_pandemic_crossing
HRS,wealth,onset,seslow,0.580682030599116,1.78725697910744,exclude_pandemic_crossing
HRS,wealth,onset,sesmiddle,0.205122820270839,1.22767583918299,exclude_pandemic_crossing
HRS,wealth,onset,sex_factormale,-0.0926232684945258,0.911536840264716,exclude_pandemic_crossing
HRS,wealth,recovery,(Intercept),-2.38291123575199,0.0922815327765716,exclude_pandemic_crossing
HRS,wealth,recovery,"ns(age_model, knots = c(70, 80, 90), Boundary.knots = c(60, 95))1",-0.709269906971249,0.492003274526038,exclude_pandemic_crossing
HRS,wealth,recovery,"ns(age_model, knots = c(70, 80, 90), Boundary.knots = c(60, 95))2",-1.12650283112841,0.324164935954931,exclude_pandemic_crossing
HRS,wealth,recovery,"ns(age_model, knots = c(70, 80, 90), Boundary.knots = c(60, 95))3",-2.36484499380938,0.0939638642203549,exclude_pandemic_crossing
HRS,wealth,recovery,"ns(age_model, knots = c(70, 80, 90), Boundary.knots = c(60, 95))4",-2.49191336902871,0.0827514808821159,exclude_pandemic_crossing
HRS,wealth,recovery,origin_factorD2,0.128821612041834,1.13748719204832,exclude_pandemic_crossing
HRS,wealth,recovery,period_factor10,0.117864377287322,1.12509151305667,exclude_pandemic_crossing
HRS,wealth,recovery,period_factor11,-0.0300693084317809,0.97037827582124,exclude_pandemic_crossing
HRS,wealth,recovery,period_factor12,0.088299244774352,1.09231494266461,exclude_pandemic_crossing
HRS,wealth,recovery,period_factor13,0.181156125779988,1.19860229740442,exclude_pandemic_crossing
HRS,wealth,recovery,period_factor14,-15.3282376096116,2.20308365726736e-07,exclude_pandemic_crossing
HRS,wealth,recovery,period_factor15,0.188365884824824,1.20727515820924,exclude_pandemic_crossing
HRS,wealth,recovery,period_factor3,0.066364303309089,1.06861594658839,exclude_pandemic_crossing
HRS,wealth,recovery,period_factor4,0.199931554325873,1.22131916128596,exclude_pandemic_crossing
HRS,wealth,recovery,period_factor5,0.201175544811993,1.22283941609833,exclude_pandemic_crossing
HRS,wealth,recovery,period_factor6,0.272311180474413,1.31299551631453,exclude_pandemic_crossing
HRS,wealth,recovery,period_factor7,0.0456892215742016,1.04674905337948,exclude_pandemic_crossing
HRS,wealth,recovery,period_factor8,0.145458577461329,1.15656982553161,exclude_pandemic_crossing
HRS,wealth,recovery,period_factor9,-0.0239742364682568,0.976310862649795,exclude_pandemic_crossing
HRS,wealth,recovery,proxy_factorself,0.994622997296384,2.70370484507874,exclude_pandemic_crossing
HRS,wealth,recovery,seslow,-0.50556391068131,0.603165348124748,exclude_pandemic_crossing
HRS,wealth,recovery,sesmiddle,-0.171236326963012,0.842622415542921,exclude_pandemic_crossing
HRS,wealth,recovery,sex_factormale,0.18290693092613,1.20070265459646,exclude_pandemic_crossing
HRS,wealth,relapse,(Intercept),-1.93072992167465,0.145042290324546,exclude_pandemic_crossing
HRS,wealth,relapse,"ns(age_model, knots = c(70, 80, 90), Boundary.knots = c(60, 95))1",0.44656271906713,1.56293071003814,exclude_pandemic_crossing
HRS,wealth,relapse,"ns(age_model, knots = c(70, 80, 90), Boundary.knots = c(60, 95))2",0.704432440844651,2.02269835810982,exclude_pandemic_crossing
HRS,wealth,relapse,"ns(age_model, knots = c(70, 80, 90), Boundary.knots = c(60, 95))3",0.533434380733504,1.7047771199155,exclude_pandemic_crossing
HRS,wealth,relapse,"ns(age_model, knots = c(70, 80, 90), Boundary.knots = c(60, 95))4",0.841686947295763,2.32027786359107,exclude_pandemic_crossing
HRS,wealth,relapse,period_factor10,-0.227808086600623,0.796277061410352,exclude_pandemic_crossing
HRS,wealth,relapse,period_factor11,-0.0982953288702044,0.906381183692181,exclude_pandemic_crossing
HRS,wealth,relapse,period_factor12,-0.282036807297932,0.75424592226779,exclude_pandemic_crossing
HRS,wealth,relapse,period_factor13,-0.256833165200455,0.773497249259873,exclude_pandemic_crossing
HRS,wealth,relapse,period_factor14,-15.2472798154263,2.38885897477546e-07,exclude_pandemic_crossing
HRS,wealth,relapse,period_factor15,-0.111220281007963,0.894741632630637,exclude_pandemic_crossing
HRS,wealth,relapse,period_factor4,0.0511242472199795,1.0524536496001,exclude_pandemic_crossing
HRS,wealth,relapse,period_factor5,0.0455519506044145,1.04660537498346,exclude_pandemic_crossing
HRS,wealth,relapse,period_factor6,-0.00068822746280437,0.999312009311395,exclude_pandemic_crossing
HRS,wealth,relapse,period_factor7,0.0100556231636575,1.01010635083246,exclude_pandemic_crossing
HRS,wealth,relapse,period_factor8,0.0491218348845228,1.0503483120101,exclude_pandemic_crossing
HRS,wealth,relapse,period_factor9,0.0625846015148576,1.06458452057126,exclude_pandemic_crossing
HRS,wealth,relapse,proxy_factorself,-0.0442191743365278,0.956744240707436,exclude_pandemic_crossing
HRS,wealth,relapse,seslow,0.320577144755835,1.37792279580531,exclude_pandemic_crossing
HRS,wealth,relapse,sesmiddle,0.0405151638485874,1.04134710041255,exclude_pandemic_crossing
HRS,wealth,relapse,sex_factormale,-0.165718566173633,0.847284655200493,exclude_pandemic_crossing
MHAS,education,death_post,(Intercept),-3.91210370537988,0.0199983860660883,exclude_pandemic_crossing
MHAS,education,death_post,"ns(age_model, knots = c(70, 80, 90), Boundary.knots = c(60, 95))1",0.700900723261252,2.01556735850302,exclude_pandemic_crossing
MHAS,education,death_post,"ns(age_model, knots = c(70, 80, 90), Boundary.knots = c(60, 95))2",2.96248128588346,19.3459149962443,exclude_pandemic_crossing
MHAS,education,death_post,"ns(age_model, knots = c(70, 80, 90), Boundary.knots = c(60, 95))3",2.48826670120816,12.0403884326485,exclude_pandemic_crossing
MHAS,education,death_post,"ns(age_model, knots = c(70, 80, 90), Boundary.knots = c(60, 95))4",0.977132753117385,2.6568275300025,exclude_pandemic_crossing
MHAS,education,death_post,origin_factorD2,-0.0369972330465805,0.96367880179972,exclude_pandemic_crossing
MHAS,education,death_post,origin_factorR1,-0.752841046066196,0.471026442163886,exclude_pandemic_crossing
MHAS,education,death_post,period_factor3,0.0106039715758693,1.01066039293627,exclude_pandemic_crossing
MHAS,education,death_post,period_factor4,-0.271965907221048,0.761880235261518,exclude_pandemic_crossing
MHAS,education,death_post,period_factor5,8.84034063978844,6907.34515624498,exclude_pandemic_crossing
MHAS,education,death_post,seslow,-0.0410386146611392,0.959792067186782,exclude_pandemic_crossing
MHAS,education,death_post,sesmiddle,0.211330016839616,1.23531996418925,exclude_pandemic_crossing
MHAS,education,death_post,sex_factormale,0.278303856073897,1.32088749592605,exclude_pandemic_crossing
MHAS,education,death_pre,(Intercept),-4.98231025106099,0.0068582000773904,exclude_pandemic_crossing
MHAS,education,death_pre,"ns(age_model, knots = c(70, 80, 90), Boundary.knots = c(60, 95))1",1.59734460864688,4.9398976316491,exclude_pandemic_crossing
MHAS,education,death_pre,"ns(age_model, knots = c(70, 80, 90), Boundary.knots = c(60, 95))2",2.72311935887942,15.2277490500972,exclude_pandemic_crossing
MHAS,education,death_pre,"ns(age_model, knots = c(70, 80, 90), Boundary.knots = c(60, 95))3",4.7732373390964,118.301605118545,exclude_pandemic_crossing
MHAS,education,death_pre,"ns(age_model, knots = c(70, 80, 90), Boundary.knots = c(60, 95))4",3.69906354835039,40.409445144606,exclude_pandemic_crossing
MHAS,education,death_pre,period_factor3,-0.263010571201107,0.768733770828918,exclude_pandemic_crossing
MHAS,education,death_pre,period_factor4,-0.315943930326177,0.729100329439225,exclude_pandemic_crossing
MHAS,education,death_pre,period_factor5,9.41842862337367,12313.2183062636,exclude_pandemic_crossing
MHAS,education,death_pre,seslow,-0.246901726425311,0.781217462791798,exclude_pandemic_crossing
MHAS,education,death_pre,sesmiddle,-0.38173039076837,0.682679084979494,exclude_pandemic_crossing
MHAS,education,death_pre,sex_factormale,0.600596442111528,1.82320591294289,exclude_pandemic_crossing
MHAS,education,onset,(Intercept),-3.99068010000649,0.0184871367415485,exclude_pandemic_crossing
MHAS,education,onset,"ns(age_model, knots = c(70, 80, 90), Boundary.knots = c(60, 95))1",1.01123171387523,2.74898489344015,exclude_pandemic_crossing
MHAS,education,onset,"ns(age_model, knots = c(70, 80, 90), Boundary.knots = c(60, 95))2",1.29140449019937,3.63789235354893,exclude_pandemic_crossing
MHAS,education,onset,"ns(age_model, knots = c(70, 80, 90), Boundary.knots = c(60, 95))3",1.51401020570428,4.54492036354782,exclude_pandemic_crossing
MHAS,education,onset,"ns(age_model, knots = c(70, 80, 90), Boundary.knots = c(60, 95))4",0.858779267659518,2.36027766708117,exclude_pandemic_crossing
MHAS,education,onset,period_factor2,-17.753484726048,1.94876534941804e-08,exclude_pandemic_crossing
MHAS,education,onset,period_factor3,0.095169344519302,1.09984509209498,exclude_pandemic_crossing
MHAS,education,onset,period_factor4,-0.0831102192559029,0.920249712391647,exclude_pandemic_crossing
MHAS,education,onset,period_factor5,-16.5190003705747,6.69713868592422e-08,exclude_pandemic_crossing
MHAS,education,onset,seslow,0.963897441934006,2.62189527047717,exclude_pandemic_crossing
MHAS,education,onset,sesmiddle,0.103231914344545,1.10874851394658,exclude_pandemic_crossing
MHAS,education,onset,sex_factormale,-0.584215444086962,0.557543114012218,exclude_pandemic_crossing
MHAS,education,recovery,(Intercept),-0.200731312777285,0.818132223699866,exclude_pandemic_crossing
MHAS,education,recovery,"ns(age_model, knots = c(70, 80, 90), Boundary.knots = c(60, 95))1",-1.07918908923487,0.339871018997642,exclude_pandemic_crossing
MHAS,education,recovery,"ns(age_model, knots = c(70, 80, 90), Boundary.knots = c(60, 95))2",-1.43935478270615,0.237080677897172,exclude_pandemic_crossing
MHAS,education,recovery,"ns(age_model, knots = c(70, 80, 90), Boundary.knots = c(60, 95))3",-3.96000469170696,0.0190630248532755,exclude_pandemic_crossing
MHAS,education,recovery,"ns(age_model, knots = c(70, 80, 90), Boundary.knots = c(60, 95))4",-3.69596278323907,0.0248235424630682,exclude_pandemic_crossing
MHAS,education,recovery,origin_factorD2,0.0429082835173758,1.04384215292944,exclude_pandemic_crossing
MHAS,education,recovery,period_factor2,-19.0295190061834,5.43982467105538e-09,exclude_pandemic_crossing
MHAS,education,recovery,period_factor3,-0.845308067711393,0.429425045840114,exclude_pandemic_crossing
MHAS,education,recovery,period_factor4,-0.628467397965873,0.533408678098331,exclude_pandemic_crossing
MHAS,education,recovery,period_factor5,-18.2639695265507,1.16965778830894e-08,exclude_pandemic_crossing
MHAS,education,recovery,seslow,-0.32796538706952,0.720387954011945,exclude_pandemic_crossing
MHAS,education,recovery,sesmiddle,-0.862014385885356,0.422310528558796,exclude_pandemic_crossing
MHAS,education,recovery,sex_factormale,0.255951124555109,1.29168959449329,exclude_pandemic_crossing
MHAS,education,relapse,(Intercept),-21.6918513456046,3.79619627189466e-10,exclude_pandemic_crossing
MHAS,education,relapse,"ns(age_model, knots = c(70, 80, 90), Boundary.knots = c(60, 95))1",1.76891195435321,5.8644690787651,exclude_pandemic_crossing
MHAS,education,relapse,"ns(age_model, knots = c(70, 80, 90), Boundary.knots = c(60, 95))2",0.945714617600243,2.57465261340732,exclude_pandemic_crossing
MHAS,education,relapse,"ns(age_model, knots = c(70, 80, 90), Boundary.knots = c(60, 95))3",1.18140974481623,3.25896527541225,exclude_pandemic_crossing
MHAS,education,relapse,"ns(age_model, knots = c(70, 80, 90), Boundary.knots = c(60, 95))4",1.70051979097003,5.47679343976277,exclude_pandemic_crossing
MHAS,education,relapse,period_factor3,18.9515547913548,170041790.513616,exclude_pandemic_crossing
MHAS,education,relapse,period_factor4,19.0134969625146,180907600.157407,exclude_pandemic_crossing
MHAS,education,relapse,period_factor5,1.39478521596232,4.03410801756598,exclude_pandemic_crossing
MHAS,education,relapse,seslow,0.411862527367361,1.50962688968025,exclude_pandemic_crossing
MHAS,education,relapse,sesmiddle,0.0849565639580754,1.08866977816527,exclude_pandemic_crossing
MHAS,education,relapse,sex_factormale,-0.685564261090439,0.503805871305904,exclude_pandemic_crossing
MHAS,wealth,death_post,(Intercept),-4.05531972187309,0.017329938537211,exclude_pandemic_crossing
MHAS,wealth,death_post,"ns(age_model, knots = c(70, 80, 90), Boundary.knots = c(60, 95))1",0.698758811589493,2.01125481144881,exclude_pandemic_crossing
MHAS,wealth,death_post,"ns(age_model, knots = c(70, 80, 90), Boundary.knots = c(60, 95))2",2.96931398702998,19.4785524719121,exclude_pandemic_crossing
MHAS,wealth,death_post,"ns(age_model, knots = c(70, 80, 90), Boundary.knots = c(60, 95))3",2.50000281116845,12.1825282077943,exclude_pandemic_crossing
MHAS,wealth,death_post,"ns(age_model, knots = c(70, 80, 90), Boundary.knots = c(60, 95))4",0.951403178868285,2.58934041917635,exclude_pandemic_crossing
MHAS,wealth,death_post,origin_factorD2,-0.0068657278524733,0.993157787409759,exclude_pandemic_crossing
MHAS,wealth,death_post,origin_factorR1,-0.757187843724931,0.468983429027079,exclude_pandemic_crossing
MHAS,wealth,death_post,period_factor3,0.0118088255887813,1.0118788250354,exclude_pandemic_crossing
MHAS,wealth,death_post,period_factor4,-0.269891507514268,0.763462319768638,exclude_pandemic_crossing
MHAS,wealth,death_post,period_factor5,8.8896725383465,7256.64252222406,exclude_pandemic_crossing
MHAS,wealth,death_post,seslow,0.203161231625709,1.22527000459729,exclude_pandemic_crossing
MHAS,wealth,death_post,sesmiddle,0.0476159481621446,1.0487677967703,exclude_pandemic_crossing
MHAS,wealth,death_post,sex_factormale,0.285432547086488,1.33033733722763,exclude_pandemic_crossing
MHAS,wealth,death_pre,(Intercept),-5.3378326822134,0.004806276158072,exclude_pandemic_crossing
MHAS,wealth,death_pre,"ns(age_model, knots = c(70, 80, 90), Boundary.knots = c(60, 95))1",1.57964074212276,4.8532119433865,exclude_pandemic_crossing
MHAS,wealth,death_pre,"ns(age_model, knots = c(70, 80, 90), Boundary.knots = c(60, 95))2",2.74125096546051,15.5063709027419,exclude_pandemic_crossing
MHAS,wealth,death_pre,"ns(age_model, knots = c(70, 80, 90), Boundary.knots = c(60, 95))3",4.71202065271402,111.276784621853,exclude_pandemic_crossing
MHAS,wealth,death_pre,"ns(age_model, knots = c(70, 80, 90), Boundary.knots = c(60, 95))4",3.65286181080192,38.5849309673431,exclude_pandemic_crossing
MHAS,wealth,death_pre,period_factor3,-0.251986672480459,0.77725509688241,exclude_pandemic_crossing
MHAS,wealth,death_pre,period_factor4,-0.313942876565767,0.730560759106982,exclude_pandemic_crossing
MHAS,wealth,death_pre,period_factor5,9.73874655557282,16962.2667914794,exclude_pandemic_crossing
MHAS,wealth,death_pre,seslow,0.244117104700447,1.27649380516187,exclude_pandemic_crossing
MHAS,wealth,death_pre,sesmiddle,0.141554274330296,1.15206303001343,exclude_pandemic_crossing
MHAS,wealth,death_pre,sex_factormale,0.606148210765391,1.83335607999875,exclude_pandemic_crossing
MHAS,wealth,onset,(Intercept),-3.24889802631084,0.0388169595398732,exclude_pandemic_crossing
MHAS,wealth,onset,"ns(age_model, knots = c(70, 80, 90), Boundary.knots = c(60, 95))1",1.04219367337748,2.83543020475864,exclude_pandemic_crossing
MHAS,wealth,onset,"ns(age_model, knots = c(70, 80, 90), Boundary.knots = c(60, 95))2",1.42864381716656,4.17303595287483,exclude_pandemic_crossing
MHAS,wealth,onset,"ns(age_model, knots = c(70, 80, 90), Boundary.knots = c(60, 95))3",1.60702460075981,4.98794799010596,exclude_pandemic_crossing
MHAS,wealth,onset,"ns(age_model, knots = c(70, 80, 90), Boundary.knots = c(60, 95))4",0.797208782218172,2.21933762049791,exclude_pandemic_crossing
MHAS,wealth,onset,period_factor2,-17.7512487217123,1.95312767245776e-08,exclude_pandemic_crossing
MHAS,wealth,onset,period_factor3,0.0729740671512039,1.07570264051906,exclude_pandemic_crossing
MHAS,wealth,onset,period_factor4,-0.115754229405821,0.890694102818177,exclude_pandemic_crossing
MHAS,wealth,onset,period_factor5,-16.4994625883606,6.82927252086727e-08,exclude_pandemic_crossing
MHAS,wealth,onset,seslow,0.284335389321462,1.32887854769545,exclude_pandemic_crossing
MHAS,wealth,onset,sesmiddle,0.170807042016397,1.18626182824597,exclude_pandemic_crossing
MHAS,wealth,onset,sex_factormale,-0.632655809858847,0.531179215061168,exclude_pandemic_crossing
MHAS,wealth,recovery,(Intercept),-0.386951217580071,0.679124223441638,exclude_pandemic_crossing
MHAS,wealth,recovery,"ns(age_model, knots = c(70, 80, 90), Boundary.knots = c(60, 95))1",-1.14509694559843,0.318193068877631,exclude_pandemic_crossing
MHAS,wealth,recovery,"ns(age_model, knots = c(70, 80, 90), Boundary.knots = c(60, 95))2",-1.47775508912441,0.228149288739906,exclude_pandemic_crossing
MHAS,wealth,recovery,"ns(age_model, knots = c(70, 80, 90), Boundary.knots = c(60, 95))3",-4.02940477542016,0.0177849128210171,exclude_pandemic_crossing
MHAS,wealth,recovery,"ns(age_model, knots = c(70, 80, 90), Boundary.knots = c(60, 95))4",-3.7629817824309,0.0232144167322946,exclude_pandemic_crossing
MHAS,wealth,recovery,origin_factorD2,0.0293787152401555,1.0298145270897,exclude_pandemic_crossing
MHAS,wealth,recovery,period_factor2,-19.0575818442003,5.28928984864473e-09,exclude_pandemic_crossing
MHAS,wealth,recovery,period_factor3,-0.848875016053976,0.427896037452704,exclude_pandemic_crossing
MHAS,wealth,recovery,period_factor4,-0.628766195202216,0.533249320868409,exclude_pandemic_crossing
MHAS,wealth,recovery,period_factor5,-18.3215531220434,1.10420721159916e-08,exclude_pandemic_crossing
MHAS,wealth,recovery,seslow,-0.0472919491105177,0.953808893279809,exclude_pandemic_crossing
MHAS,wealth,recovery,sesmiddle,-0.27409825932346,0.760257369215904,exclude_pandemic_crossing
MHAS,wealth,recovery,sex_factormale,0.25711530327142,1.29319422768831,exclude_pandemic_crossing
MHAS,wealth,relapse,(Intercept),-21.0021297224987,7.56642886234751e-10,exclude_pandemic_crossing
MHAS,wealth,relapse,"ns(age_model, knots = c(70, 80, 90), Boundary.knots = c(60, 95))1",1.81453563469268,6.13822513673197,exclude_pandemic_crossing
MHAS,wealth,relapse,"ns(age_model, knots = c(70, 80, 90), Boundary.knots = c(60, 95))2",0.827622534847473,2.28787293105151,exclude_pandemic_crossing
MHAS,wealth,relapse,"ns(age_model, knots = c(70, 80, 90), Boundary.knots = c(60, 95))3",1.14838057040943,3.15308257766736,exclude_pandemic_crossing
MHAS,wealth,relapse,"ns(age_model, knots = c(70, 80, 90), Boundary.knots = c(60, 95))4",1.99528389379035,7.35429056898173,exclude_pandemic_crossing
MHAS,wealth,relapse,period_factor3,18.99208636526,177075431.294327,exclude_pandemic_crossing
MHAS,wealth,relapse,period_factor4,19.026660636845,183304751.93722,exclude_pandemic_crossing
MHAS,wealth,relapse,period_factor5,1.45237830837896,4.27326558254019,exclude_pandemic_crossing
MHAS,wealth,relapse,seslow,-0.177938994846256,0.836993482847414,exclude_pandemic_crossing
MHAS,wealth,relapse,sesmiddle,-0.529846422621385,0.588695373028415,exclude_pandemic_crossing
MHAS,wealth,relapse,sex_factormale,-0.658043323927672,0.517863635180145,exclude_pandemic_crossing
CHARLS,education,death_post,(Intercept),-4.79900635023097,0.00823792859939909,pre_pandemic_end_before_2020
CHARLS,education,death_post,"ns(age_model, knots = c(70, 80, 90), Boundary.knots = c(60, 95))1",1.73235896819144,5.65397573828597,pre_pandemic_end_before_2020
CHARLS,education,death_post,"ns(age_model, knots = c(70, 80, 90), Boundary.knots = c(60, 95))2",2.9431315202574,18.9751745134166,pre_pandemic_end_before_2020
CHARLS,education,death_post,"ns(age_model, knots = c(70, 80, 90), Boundary.knots = c(60, 95))3",3.53612060113512,34.3334672876213,pre_pandemic_end_before_2020
CHARLS,education,death_post,"ns(age_model, knots = c(70, 80, 90), Boundary.knots = c(60, 95))4",2.07579864980871,7.97090988327628,pre_pandemic_end_before_2020
CHARLS,education,death_post,origin_factorD2,-0.600497693827985,0.548538563888829,pre_pandemic_end_before_2020
CHARLS,education,death_post,origin_factorR1,-0.928376715805178,0.395194703289738,pre_pandemic_end_before_2020
CHARLS,education,death_post,period_factor2,0.30944439668173,1.36266780101688,pre_pandemic_end_before_2020
CHARLS,education,death_post,period_factor3,0.305910494039804,1.35786076447707,pre_pandemic_end_before_2020
CHARLS,education,death_post,period_factor4,11.5570166194354,104507.761403771,pre_pandemic_end_before_2020
CHARLS,education,death_post,seslow,0.185342215383686,1.20363027045116,pre_pandemic_end_before_2020
CHARLS,education,death_post,sesmiddle,-0.147686092496576,0.862701881035743,pre_pandemic_end_before_2020
CHARLS,education,death_post,sex_factormale,0.490527471274803,1.63317744698909,pre_pandemic_end_before_2020
CHARLS,education,death_pre,(Intercept),-6.31472246445673,0.00180946788257157,pre_pandemic_end_before_2020
CHARLS,education,death_pre,"ns(age_model, knots = c(70, 80, 90), Boundary.knots = c(60, 95))1",1.79048495688871,5.99235779703941,pre_pandemic_end_before_2020
CHARLS,education,death_pre,"ns(age_model, knots = c(70, 80, 90), Boundary.knots = c(60, 95))2",2.65687372680222,14.2516647834858,pre_pandemic_end_before_2020
CHARLS,education,death_pre,"ns(age_model, knots = c(70, 80, 90), Boundary.knots = c(60, 95))3",3.7120927955096,40.9393947178926,pre_pandemic_end_before_2020
CHARLS,education,death_pre,"ns(age_model, knots = c(70, 80, 90), Boundary.knots = c(60, 95))4",1.69452217557103,5.44404404639437,pre_pandemic_end_before_2020
CHARLS,education,death_pre,period_factor2,0.197458783508408,1.21830284976564,pre_pandemic_end_before_2020
CHARLS,education,death_pre,period_factor3,0.299061860417575,1.34859304542155,pre_pandemic_end_before_2020
CHARLS,education,death_pre,period_factor4,7.33075081996724,1526.52748914247,pre_pandemic_end_before_2020
CHARLS,education,death_pre,seslow,0.649811522499176,1.91517982668719,pre_pandemic_end_before_2020
CHARLS,education,death_pre,sesmiddle,-0.172739213221875,0.841357001018421,pre_pandemic_end_before_2020
CHARLS,education,death_pre,sex_factormale,0.494827968935228,1.64021604667185,pre_pandemic_end_before_2020
CHARLS,education,onset,(Intercept),-2.94118518442971,0.052803110214364,pre_pandemic_end_before_2020
CHARLS,education,onset,"ns(age_model, knots = c(70, 80, 90), Boundary.knots = c(60, 95))1",0.859969850626908,2.36308944696639,pre_pandemic_end_before_2020
CHARLS,education,onset,"ns(age_model, knots = c(70, 80, 90), Boundary.knots = c(60, 95))2",0.9545877152019,2.59759941137196,pre_pandemic_end_before_2020
CHARLS,education,onset,"ns(age_model, knots = c(70, 80, 90), Boundary.knots = c(60, 95))3",1.35167769858797,3.86390255979509,pre_pandemic_end_before_2020
CHARLS,education,onset,"ns(age_model, knots = c(70, 80, 90), Boundary.knots = c(60, 95))4",0.856080469876622,2.35391634277127,pre_pandemic_end_before_2020
CHARLS,education,onset,period_factor2,-0.160885746920321,0.851389339404477,pre_pandemic_end_before_2020
CHARLS,education,onset,period_factor3,-0.643743590188107,0.525322147553037,pre_pandemic_end_before_2020
CHARLS,education,onset,period_factor4,-11.5469547370377,9.66543211505353e-06,pre_pandemic_end_before_2020
CHARLS,education,onset,seslow,0.859301258238523,2.36151003140053,pre_pandemic_end_before_2020
CHARLS,education,onset,sesmiddle,0.184575441567864,1.20270771201787,pre_pandemic_end_before_2020
CHARLS,education,onset,sex_factormale,-0.467124473444785,0.626802065344182,pre_pandemic_end_before_2020
CHARLS,education,recovery,(Intercept),-0.766813869505626,0.464490640987193,pre_pandemic_end_before_2020
CHARLS,education,recovery,"ns(age_model, knots = c(70, 80, 90), Boundary.knots = c(60, 95))1",-1.0444771456199,0.351875751066829,pre_pandemic_end_before_2020
CHARLS,education,recovery,"ns(age_model, knots = c(70, 80, 90), Boundary.knots = c(60, 95))2",-1.93316608571758,0.144689373568254,pre_pandemic_end_before_2020
CHARLS,education,recovery,"ns(age_model, knots = c(70, 80, 90), Boundary.knots = c(60, 95))3",-2.88840644506415,0.0556648469625032,pre_pandemic_end_before_2020
CHARLS,education,recovery,"ns(age_model, knots = c(70, 80, 90), Boundary.knots = c(60, 95))4",-2.74461965723409,0.0642727419686783,pre_pandemic_end_before_2020
CHARLS,education,recovery,origin_factorD2,0.0648594108015313,1.06700900389819,pre_pandemic_end_before_2020
CHARLS,education,recovery,period_factor2,-0.141343989677022,0.86819061171764,pre_pandemic_end_before_2020
CHARLS,education,recovery,period_factor3,-0.598237235321727,0.549779915034385,pre_pandemic_end_before_2020
CHARLS,education,recovery,period_factor4,-13.6517791773244,1.1778978664213e-06,pre_pandemic_end_before_2020
CHARLS,education,recovery,seslow,-0.409712373040563,0.663841161294177,pre_pandemic_end_before_2020
CHARLS,education,recovery,sesmiddle,-0.489847635950706,0.6127197435339,pre_pandemic_end_before_2020
CHARLS,education,recovery,sex_factormale,0.0841624658075109,1.08780561067017,pre_pandemic_end_before_2020
CHARLS,education,relapse,(Intercept),-1.57930689422529,0.206117910221096,pre_pandemic_end_before_2020
CHARLS,education,relapse,"ns(age_model, knots = c(70, 80, 90), Boundary.knots = c(60, 95))1",0.532866044924888,1.70380850930667,pre_pandemic_end_before_2020
CHARLS,education,relapse,"ns(age_model, knots = c(70, 80, 90), Boundary.knots = c(60, 95))2",0.53206138021978,1.70243806618252,pre_pandemic_end_before_2020
CHARLS,education,relapse,"ns(age_model, knots = c(70, 80, 90), Boundary.knots = c(60, 95))3",0.778307448650875,2.17778313457461,pre_pandemic_end_before_2020
CHARLS,education,relapse,"ns(age_model, knots = c(70, 80, 90), Boundary.knots = c(60, 95))4",0.398882425258171,1.4901584033176,pre_pandemic_end_before_2020
CHARLS,education,relapse,period_factor3,-0.613276172198335,0.541573670856594,pre_pandemic_end_before_2020
CHARLS,education,relapse,period_factor4,-13.9758937373697,8.51817327566442e-07,pre_pandemic_end_before_2020
CHARLS,education,relapse,seslow,0.252186557881138,1.28683608430607,pre_pandemic_end_before_2020
CHARLS,education,relapse,sesmiddle,-0.0801034196569143,0.923020882947284,pre_pandemic_end_before_2020
CHARLS,education,relapse,sex_factormale,-0.443229841595306,0.641959641102011,pre_pandemic_end_before_2020
CHARLS,wealth,death_post,(Intercept),-25.3232923766792,1.00515689751389e-11,pre_pandemic_end_before_2020
CHARLS,wealth,death_post,"ns(age_model, knots = c(70, 80, 90), Boundary.knots = c(60, 95))1",1.42422119417833,4.15462093948554,pre_pandemic_end_before_2020
CHARLS,wealth,death_post,"ns(age_model, knots = c(70, 80, 90), Boundary.knots = c(60, 95))2",2.80681146199486,16.5570412082617,pre_pandemic_end_before_2020
CHARLS,wealth,death_post,"ns(age_model, knots = c(70, 80, 90), Boundary.knots = c(60, 95))3",0.359031193126761,1.43194146760673,pre_pandemic_end_before_2020
CHARLS,wealth,death_post,"ns(age_model, knots = c(70, 80, 90), Boundary.knots = c(60, 95))4",-2.22833469078982,0.107707647405524,pre_pandemic_end_before_2020
CHARLS,wealth,death_post,origin_factorD2,-0.275928136463672,0.758867463701299,pre_pandemic_end_before_2020
CHARLS,wealth,death_post,origin_factorR1,-0.665147097276027,0.514197885035125,pre_pandemic_end_before_2020
CHARLS,wealth,death_post,period_factor2,0.130201804190126,1.13905822685512,pre_pandemic_end_before_2020
CHARLS,wealth,death_post,period_factor3,20.2006215177426,592950522.607073,pre_pandemic_end_before_2020
CHARLS,wealth,death_post,period_factor4,52.3468093596525,5.41914098903827e+22,pre_pandemic_end_before_2020
CHARLS,wealth,death_post,seslow,-0.0625916887969246,0.939326933108556,pre_pandemic_end_before_2020
CHARLS,wealth,death_post,sesmiddle,-0.248959073853436,0.779611879241837,pre_pandemic_end_before_2020
CHARLS,wealth,death_post,sex_factormale,0.774714240401571,2.16997194826409,pre_pandemic_end_before_2020
CHARLS,wealth,death_pre,(Intercept),-26.2095392050441,4.14325582898895e-12,pre_pandemic_end_before_2020
CHARLS,wealth,death_pre,"ns(age_model, knots = c(70, 80, 90), Boundary.knots = c(60, 95))1",1.31096714956388,3.70975987039576,pre_pandemic_end_before_2020
CHARLS,wealth,death_pre,"ns(age_model, knots = c(70, 80, 90), Boundary.knots = c(60, 95))2",1.32866410299562,3.77599567539636,pre_pandemic_end_before_2020
CHARLS,wealth,death_pre,"ns(age_model, knots = c(70, 80, 90), Boundary.knots = c(60, 95))3",1.93681433419323,6.9366179884725,pre_pandemic_end_before_2020
CHARLS,wealth,death_pre,"ns(age_model, knots = c(70, 80, 90), Boundary.knots = c(60, 95))4",0.668382790828341,1.9510794642628,pre_pandemic_end_before_2020
CHARLS,wealth,death_pre,period_factor2,0.0033783767392024,1.00338408988581,pre_pandemic_end_before_2020
CHARLS,wealth,death_pre,period_factor3,20.5594186013392,848871689.343853,pre_pandemic_end_before_2020
CHARLS,wealth,death_pre,period_factor4,28.8172423196148,3274683436112.46,pre_pandemic_end_before_2020
CHARLS,wealth,death_pre,seslow,0.100757080021154,1.10600793770312,pre_pandemic_end_before_2020
CHARLS,wealth,death_pre,sesmiddle,0.00380671475467447,1.00381396949594,pre_pandemic_end_before_2020
CHARLS,wealth,death_pre,sex_factormale,0.6947676126154,2.00324349132984,pre_pandemic_end_before_2020
CHARLS,wealth,onset,(Intercept),-2.45311433872885,0.086025257092096,pre_pandemic_end_before_2020
CHARLS,wealth,onset,"ns(age_model, knots = c(70, 80, 90), Boundary.knots = c(60, 95))1",0.694780373457829,2.00326905456748,pre_pandemic_end_before_2020
CHARLS,wealth,onset,"ns(age_model, knots = c(70, 80, 90), Boundary.knots = c(60, 95))2",1.20633992069601,3.34123306733975,pre_pandemic_end_before_2020
CHARLS,wealth,onset,"ns(age_model, knots = c(70, 80, 90), Boundary.knots = c(60, 95))3",1.25792960187924,3.51813001207602,pre_pandemic_end_before_2020
CHARLS,wealth,onset,"ns(age_model, knots = c(70, 80, 90), Boundary.knots = c(60, 95))4",0.802857330295624,2.23190912770319,pre_pandemic_end_before_2020
CHARLS,wealth,onset,period_factor2,-0.034810927061028,0.965788003372103,pre_pandemic_end_before_2020
CHARLS,wealth,onset,period_factor3,-0.532897688646707,0.586901844495281,pre_pandemic_end_before_2020
CHARLS,wealth,onset,period_factor4,-12.7926128072483,2.78124244553323e-06,pre_pandemic_end_before_2020
CHARLS,wealth,onset,seslow,0.537645775229408,1.71197174796999,pre_pandemic_end_before_2020
CHARLS,wealth,onset,sesmiddle,0.385587603338233,1.47047812548455,pre_pandemic_end_before_2020
CHARLS,wealth,onset,sex_factormale,-0.566002086447472,0.567790886029059,pre_pandemic_end_before_2020
CHARLS,wealth,recovery,(Intercept),-0.981483264398855,0.374754825911889,pre_pandemic_end_before_2020
CHARLS,wealth,recovery,"ns(age_model, knots = c(70, 80, 90), Boundary.knots = c(60, 95))1",-0.862127863222288,0.422262608603622,pre_pandemic_end_before_2020
CHARLS,wealth,recovery,"ns(age_model, knots = c(70, 80, 90), Boundary.knots = c(60, 95))2",-0.751091485853665,0.471851252603517,pre_pandemic_end_before_2020
CHARLS,wealth,recovery,"ns(age_model, knots = c(70, 80, 90), Boundary.knots = c(60, 95))3",-1.39184552210162,0.248616054560429,pre_pandemic_end_before_2020
CHARLS,wealth,recovery,"ns(age_model, knots = c(70, 80, 90), Boundary.knots = c(60, 95))4",-1.50547134870372,0.22191267092717,pre_pandemic_end_before_2020
CHARLS,wealth,recovery,origin_factorD2,0.0252400551797383,1.02556128227499,pre_pandemic_end_before_2020
CHARLS,wealth,recovery,period_factor2,-0.168421075436169,0.844997951882013,pre_pandemic_end_before_2020
CHARLS,wealth,recovery,period_factor3,-0.713913150806831,0.489724078879975,pre_pandemic_end_before_2020
CHARLS,wealth,recovery,period_factor4,-14.0411190303984,7.98030491442891e-07,pre_pandemic_end_before_2020
CHARLS,wealth,recovery,seslow,-0.256211431786495,0.773978307874956,pre_pandemic_end_before_2020
CHARLS,wealth,recovery,sesmiddle,-0.182279372547817,0.833368487613254,pre_pandemic_end_before_2020
CHARLS,wealth,recovery,sex_factormale,0.1424883756879,1.15313967642397,pre_pandemic_end_before_2020
CHARLS,wealth,relapse,(Intercept),-1.45482354293182,0.233441552678995,pre_pandemic_end_before_2020
CHARLS,wealth,relapse,"ns(age_model, knots = c(70, 80, 90), Boundary.knots = c(60, 95))1",0.646243453454543,1.90835850953489,pre_pandemic_end_before_2020
CHARLS,wealth,relapse,"ns(age_model, knots = c(70, 80, 90), Boundary.knots = c(60, 95))2",0.824037684398806,2.27968593209927,pre_pandemic_end_before_2020
CHARLS,wealth,relapse,"ns(age_model, knots = c(70, 80, 90), Boundary.knots = c(60, 95))3",1.16913632899273,3.21921109824173,pre_pandemic_end_before_2020
CHARLS,wealth,relapse,"ns(age_model, knots = c(70, 80, 90), Boundary.knots = c(60, 95))4",0.778183092257078,2.177512330156,pre_pandemic_end_before_2020
CHARLS,wealth,relapse,period_factor3,-0.600803984691997,0.548370577265848,pre_pandemic_end_before_2020
CHARLS,wealth,relapse,period_factor4,-14.1952516218236,6.84038508574117e-07,pre_pandemic_end_before_2020
CHARLS,wealth,relapse,seslow,0.156624369316377,1.16955621018055,pre_pandemic_end_before_2020
CHARLS,wealth,relapse,sesmiddle,0.164040333469506,1.17826183752224,pre_pandemic_end_before_2020
CHARLS,wealth,relapse,sex_factormale,-0.462507013495181,0.629702991077229,pre_pandemic_end_before_2020
ELSA,education,death_post,(Intercept),-3.64837728784793,0.0260333391376395,pre_pandemic_end_before_2020
ELSA,education,death_post,"ns(age_model, knots = c(70, 80, 90), Boundary.knots = c(60, 95))1",1.50675598286169,4.5120697951605,pre_pandemic_end_before_2020
ELSA,education,death_post,"ns(age_model, knots = c(70, 80, 90), Boundary.knots = c(60, 95))2",1.88922710280419,6.61425456614861,pre_pandemic_end_before_2020
ELSA,education,death_post,"ns(age_model, knots = c(70, 80, 90), Boundary.knots = c(60, 95))3",3.43119341739982,30.9135134690854,pre_pandemic_end_before_2020
ELSA,education,death_post,"ns(age_model, knots = c(70, 80, 90), Boundary.knots = c(60, 95))4",2.90594425866732,18.2824989122707,pre_pandemic_end_before_2020
ELSA,education,death_post,origin_factorD2,-0.133840052356361,0.874729964411342,pre_pandemic_end_before_2020
ELSA,education,death_post,origin_factorR1,-0.561776998170701,0.57019492771316,pre_pandemic_end_before_2020
ELSA,education,death_post,period_factor2,-0.102170702962857,0.902875415005026,pre_pandemic_end_before_2020
ELSA,education,death_post,period_factor3,-0.112690585594091,0.893427056555217,pre_pandemic_end_before_2020
ELSA,education,death_post,period_factor4,-0.0678285557256704,0.93442066091735,pre_pandemic_end_before_2020
ELSA,education,death_post,period_factor5,-0.324985093295924,0.722538124223796,pre_pandemic_end_before_2020
ELSA,education,death_post,proxy_factorself,-0.813828201718456,0.443158315379745,pre_pandemic_end_before_2020
ELSA,education,death_post,seslow,0.317250595488997,1.37334668329094,pre_pandemic_end_before_2020
ELSA,education,death_post,sesmiddle,0.0932631299430748,1.09775054830802,pre_pandemic_end_before_2020
ELSA,education,death_post,sex_factormale,0.557845538615962,1.74690480413344,pre_pandemic_end_before_2020
ELSA,education,death_pre,(Intercept),-5.10193202147298,0.00608497889159553,pre_pandemic_end_before_2020
ELSA,education,death_pre,"ns(age_model, knots = c(70, 80, 90), Boundary.knots = c(60, 95))1",1.97666737755769,7.21864583300251,pre_pandemic_end_before_2020
ELSA,education,death_pre,"ns(age_model, knots = c(70, 80, 90), Boundary.knots = c(60, 95))2",3.06578044594574,21.4511969556584,pre_pandemic_end_before_2020
ELSA,education,death_pre,"ns(age_model, knots = c(70, 80, 90), Boundary.knots = c(60, 95))3",3.85360817425877,47.1629286604172,pre_pandemic_end_before_2020
ELSA,education,death_pre,"ns(age_model, knots = c(70, 80, 90), Boundary.knots = c(60, 95))4",2.23591243506461,9.35501380180241,pre_pandemic_end_before_2020
ELSA,education,death_pre,period_factor2,-0.105160180795395,0.90018031943772,pre_pandemic_end_before_2020
ELSA,education,death_pre,period_factor3,-0.157729523920651,0.854080759145354,pre_pandemic_end_before_2020
ELSA,education,death_pre,period_factor4,-0.153934424692283,0.85732823873126,pre_pandemic_end_before_2020
ELSA,education,death_pre,period_factor5,-0.701394479315013,0.49589330845586,pre_pandemic_end_before_2020
ELSA,education,death_pre,proxy_factorself,-0.760312040978414,0.467520518686326,pre_pandemic_end_before_2020
ELSA,education,death_pre,seslow,0.346512162716125,1.4141266933473,pre_pandemic_end_before_2020
ELSA,education,death_pre,sesmiddle,-0.0862571480781202,0.917358303962519,pre_pandemic_end_before_2020
ELSA,education,death_pre,sex_factormale,0.554104182629023,1.74038122251607,pre_pandemic_end_before_2020
ELSA,education,onset,(Intercept),-3.62328047626339,0.0266949605118937,pre_pandemic_end_before_2020
ELSA,education,onset,"ns(age_model, knots = c(70, 80, 90), Boundary.knots = c(60, 95))1",1.29896263350186,3.66549223582074,pre_pandemic_end_before_2020
ELSA,education,onset,"ns(age_model, knots = c(70, 80, 90), Boundary.knots = c(60, 95))2",1.40058800291021,4.05758513740157,pre_pandemic_end_before_2020
ELSA,education,onset,"ns(age_model, knots = c(70, 80, 90), Boundary.knots = c(60, 95))3",2.34052054994442,10.3866419216052,pre_pandemic_end_before_2020
ELSA,education,onset,"ns(age_model, knots = c(70, 80, 90), Boundary.knots = c(60, 95))4",2.25681856864679,9.55264967268353,pre_pandemic_end_before_2020
ELSA,education,onset,period_factor2,-0.201833334545358,0.817231120788894,pre_pandemic_end_before_2020
ELSA,education,onset,period_factor3,-0.239727329398684,0.786842380603699,pre_pandemic_end_before_2020
ELSA,education,onset,period_factor4,-0.249871630195696,0.778900763992648,pre_pandemic_end_before_2020
ELSA,education,onset,period_factor5,-0.362233611984368,0.696119726934311,pre_pandemic_end_before_2020
ELSA,education,onset,period_factor6,-0.485411551365284,0.615443857876913,pre_pandemic_end_before_2020
ELSA,education,onset,period_factor7,-0.436891668130082,0.646041414494333,pre_pandemic_end_before_2020
ELSA,education,onset,period_factor8,-0.625045504145298,0.535237072459329,pre_pandemic_end_before_2020
ELSA,education,onset,proxy_factorself,0.0158195608098091,1.01594535250969,pre_pandemic_end_before_2020
ELSA,education,onset,seslow,0.466599690433183,1.59456295683088,pre_pandemic_end_before_2020
ELSA,education,onset,sesmiddle,0.295523924786538,1.34383024025144,pre_pandemic_end_before_2020
ELSA,education,onset,sex_factormale,-0.0647149364882961,0.937334625196451,pre_pandemic_end_before_2020
ELSA,education,recovery,(Intercept),-2.69144341965452,0.0677830293693151,pre_pandemic_end_before_2020
ELSA,education,recovery,"ns(age_model, knots = c(70, 80, 90), Boundary.knots = c(60, 95))1",-0.214226358166879,0.807165655804121,pre_pandemic_end_before_2020
ELSA,education,recovery,"ns(age_model, knots = c(70, 80, 90), Boundary.knots = c(60, 95))2",-0.962022898550588,0.382119115404589,pre_pandemic_end_before_2020
ELSA,education,recovery,"ns(age_model, knots = c(70, 80, 90), Boundary.knots = c(60, 95))3",-2.10845502973771,0.121425420254185,pre_pandemic_end_before_2020
ELSA,education,recovery,"ns(age_model, knots = c(70, 80, 90), Boundary.knots = c(60, 95))4",-2.29551619560321,0.10070939410215,pre_pandemic_end_before_2020
ELSA,education,recovery,origin_factorD2,0.0885988955279007,1.09264230470499,pre_pandemic_end_before_2020
ELSA,education,recovery,period_factor2,0.287238562666455,1.33274211806747,pre_pandemic_end_before_2020
ELSA,education,recovery,period_factor3,0.0591906844567419,1.06097753337708,pre_pandemic_end_before_2020
ELSA,education,recovery,period_factor4,0.148436584078737,1.16001923175356,pre_pandemic_end_before_2020
ELSA,education,recovery,period_factor5,0.275408494874328,1.31706858075862,pre_pandemic_end_before_2020
ELSA,education,recovery,period_factor6,0.384049810483868,1.46821857253816,pre_pandemic_end_before_2020
ELSA,education,recovery,period_factor7,0.307647116308591,1.36022090446124,pre_pandemic_end_before_2020
ELSA,education,recovery,period_factor8,0.203394531107226,1.22555589280157,pre_pandemic_end_before_2020
ELSA,education,recovery,proxy_factorself,1.12125928360439,3.06871615507697,pre_pandemic_end_before_2020
ELSA,education,recovery,seslow,-0.374367258856214,0.687724292606402,pre_pandemic_end_before_2020
ELSA,education,recovery,sesmiddle,-0.121074743290369,0.885967736974236,pre_pandemic_end_before_2020
ELSA,education,recovery,sex_factormale,-0.0360579540847272,0.964584390257749,pre_pandemic_end_before_2020
ELSA,education,relapse,(Intercept),-1.91385466405937,0.147510685160584,pre_pandemic_end_before_2020
ELSA,education,relapse,"ns(age_model, knots = c(70, 80, 90), Boundary.knots = c(60, 95))1",0.508948529543099,1.66354111069445,pre_pandemic_end_before_2020
ELSA,education,relapse,"ns(age_model, knots = c(70, 80, 90), Boundary.knots = c(60, 95))2",0.731857158306263,2.07893794159202,pre_pandemic_end_before_2020
ELSA,education,relapse,"ns(age_model, knots = c(70, 80, 90), Boundary.knots = c(60, 95))3",1.72214544321657,5.5965226147712,pre_pandemic_end_before_2020
ELSA,education,relapse,"ns(age_model, knots = c(70, 80, 90), Boundary.knots = c(60, 95))4",1.5374186940419,4.65256506337672,pre_pandemic_end_before_2020
ELSA,education,relapse,period_factor3,-0.278797570651184,0.756693064596665,pre_pandemic_end_before_2020
ELSA,education,relapse,period_factor4,-0.261106469720186,0.770198912386824,pre_pandemic_end_before_2020
ELSA,education,relapse,period_factor5,-0.29484961512595,0.744643562174357,pre_pandemic_end_before_2020
ELSA,education,relapse,period_factor6,-0.364221475558507,0.694737310368896,pre_pandemic_end_before_2020
ELSA,education,relapse,period_factor7,-0.423568156838791,0.654706551416847,pre_pandemic_end_before_2020
ELSA,education,relapse,period_factor8,-0.376892738696763,0.685989650093886,pre_pandemic_end_before_2020
ELSA,education,relapse,proxy_factorself,-0.117501612152464,0.889139078317537,pre_pandemic_end_before_2020
ELSA,education,relapse,seslow,0.441633136729555,1.55524507346814,pre_pandemic_end_before_2020
ELSA,education,relapse,sesmiddle,0.154084958783843,1.16658999463553,pre_pandemic_end_before_2020
ELSA,education,relapse,sex_factormale,-0.0432532716045123,0.957668809033028,pre_pandemic_end_before_2020
ELSA,wealth,death_post,(Intercept),-3.80081611077411,0.022352522276081,pre_pandemic_end_before_2020
ELSA,wealth,death_post,"ns(age_model, knots = c(70, 80, 90), Boundary.knots = c(60, 95))1",1.62721078370185,5.08965874291985,pre_pandemic_end_before_2020
ELSA,wealth,death_post,"ns(age_model, knots = c(70, 80, 90), Boundary.knots = c(60, 95))2",1.96957143608952,7.16760405360431,pre_pandemic_end_before_2020
ELSA,wealth,death_post,"ns(age_model, knots = c(70, 80, 90), Boundary.knots = c(60, 95))3",3.59098293592293,36.2697092110874,pre_pandemic_end_before_2020
ELSA,wealth,death_post,"ns(age_model, knots = c(70, 80, 90), Boundary.knots = c(60, 95))4",2.97212474394377,19.5333789638181,pre_pandemic_end_before_2020
ELSA,wealth,death_post,origin_factorD2,-0.027881883510319,0.972503228685148,pre_pandemic_end_before_2020
ELSA,wealth,death_post,origin_factorR1,-0.493984894673098,0.610190000140491,pre_pandemic_end_before_2020
ELSA,wealth,death_post,period_factor2,-0.0676934539764174,0.93454691131131,pre_pandemic_end_before_2020
ELSA,wealth,death_post,period_factor3,-0.106187673900785,0.899255865382306,pre_pandemic_end_before_2020
ELSA,wealth,death_post,period_factor4,-0.033912315558193,0.966656261636238,pre_pandemic_end_before_2020
ELSA,wealth,death_post,period_factor5,-0.295554859555712,0.744118591588025,pre_pandemic_end_before_2020
ELSA,wealth,death_post,proxy_factorself,-0.832289849112964,0.435051941570331,pre_pandemic_end_before_2020
ELSA,wealth,death_post,seslow,0.468156223420971,1.59704687932644,pre_pandemic_end_before_2020
ELSA,wealth,death_post,sesmiddle,0.125763083520212,1.13401346997541,pre_pandemic_end_before_2020
ELSA,wealth,death_post,sex_factormale,0.584595444994267,1.79426495991999,pre_pandemic_end_before_2020
ELSA,wealth,death_pre,(Intercept),-5.09801817185331,0.00610884125029714,pre_pandemic_end_before_2020
ELSA,wealth,death_pre,"ns(age_model, knots = c(70, 80, 90), Boundary.knots = c(60, 95))1",2.11343761265522,8.27664433462175,pre_pandemic_end_before_2020
ELSA,wealth,death_pre,"ns(age_model, knots = c(70, 80, 90), Boundary.knots = c(60, 95))2",3.08634323376465,21.896859698204,pre_pandemic_end_before_2020
ELSA,wealth,death_pre,"ns(age_model, knots = c(70, 80, 90), Boundary.knots = c(60, 95))3",4.15083908309363,63.487249032267,pre_pandemic_end_before_2020
ELSA,wealth,death_pre,"ns(age_model, knots = c(70, 80, 90), Boundary.knots = c(60, 95))4",2.46555100899008,11.7699657224896,pre_pandemic_end_before_2020
ELSA,wealth,death_pre,period_factor2,-0.0343844599851569,0.966199967996243,pre_pandemic_end_before_2020
ELSA,wealth,death_pre,period_factor3,-0.165085590754096,0.847821135332042,pre_pandemic_end_before_2020
ELSA,wealth,death_pre,period_factor4,-0.224778645527194,0.798692993460221,pre_pandemic_end_before_2020
ELSA,wealth,death_pre,period_factor5,-0.708277908668407,0.492491583099955,pre_pandemic_end_before_2020
ELSA,wealth,death_pre,proxy_factorself,-0.925559690575306,0.396309546272774,pre_pandemic_end_before_2020
ELSA,wealth,death_pre,seslow,0.469124003628511,1.59859321782397,pre_pandemic_end_before_2020
ELSA,wealth,death_pre,sesmiddle,0.297342033997933,1.34627569276604,pre_pandemic_end_before_2020
ELSA,wealth,death_pre,sex_factormale,0.586047932466241,1.79687300091058,pre_pandemic_end_before_2020
ELSA,wealth,onset,(Intercept),-3.50438888027897,0.030065141131804,pre_pandemic_end_before_2020
ELSA,wealth,onset,"ns(age_model, knots = c(70, 80, 90), Boundary.knots = c(60, 95))1",1.25142072168341,3.49530528759437,pre_pandemic_end_before_2020
ELSA,wealth,onset,"ns(age_model, knots = c(70, 80, 90), Boundary.knots = c(60, 95))2",1.53960085314463,4.66272878597752,pre_pandemic_end_before_2020
ELSA,wealth,onset,"ns(age_model, knots = c(70, 80, 90), Boundary.knots = c(60, 95))3",2.22819002162113,9.28304874704852,pre_pandemic_end_before_2020
ELSA,wealth,onset,"ns(age_model, knots = c(70, 80, 90), Boundary.knots = c(60, 95))4",1.87249951416559,6.50453427299103,pre_pandemic_end_before_2020
ELSA,wealth,onset,period_factor2,-0.195238665584073,0.822638299174743,pre_pandemic_end_before_2020
ELSA,wealth,onset,period_factor3,-0.253454711385103,0.776114893297739,pre_pandemic_end_before_2020
ELSA,wealth,onset,period_factor4,-0.260093403356495,0.770979570360716,pre_pandemic_end_before_2020
ELSA,wealth,onset,period_factor5,-0.372678324690236,0.688886795079694,pre_pandemic_end_before_2020
ELSA,wealth,onset,period_factor6,-0.52121753122039,0.593797141116456,pre_pandemic_end_before_2020
ELSA,wealth,onset,period_factor7,-0.452714893540124,0.635899406812822,pre_pandemic_end_before_2020
ELSA,wealth,onset,period_factor8,-0.63156911833752,0.531756756758479,pre_pandemic_end_before_2020
ELSA,wealth,onset,proxy_factorself,-0.087701223947462,0.916034525020885,pre_pandemic_end_before_2020
ELSA,wealth,onset,seslow,0.651199237713974,1.91783939580722,pre_pandemic_end_before_2020
ELSA,wealth,onset,sesmiddle,0.35685051261329,1.42882226298234,pre_pandemic_end_before_2020
ELSA,wealth,onset,sex_factormale,-0.0931321288286962,0.911073113319701,pre_pandemic_end_before_2020
ELSA,wealth,recovery,(Intercept),-2.6600666519901,0.0699435597118406,pre_pandemic_end_before_2020
ELSA,wealth,recovery,"ns(age_model, knots = c(70, 80, 90), Boundary.knots = c(60, 95))1",-0.354712439804175,0.701375101774308,pre_pandemic_end_before_2020
ELSA,wealth,recovery,"ns(age_model, knots = c(70, 80, 90), Boundary.knots = c(60, 95))2",-1.0376854181084,0.354273729275532,pre_pandemic_end_before_2020
ELSA,wealth,recovery,"ns(age_model, knots = c(70, 80, 90), Boundary.knots = c(60, 95))3",-2.3924953547839,0.0914013203500025,pre_pandemic_end_before_2020
ELSA,wealth,recovery,"ns(age_model, knots = c(70, 80, 90), Boundary.knots = c(60, 95))4",-2.5214214264738,0.080345320578364,pre_pandemic_end_before_2020
ELSA,wealth,recovery,origin_factorD2,0.118529802992541,1.12584042701584,pre_pandemic_end_before_2020
ELSA,wealth,recovery,period_factor2,0.281265351385678,1.32480509616674,pre_pandemic_end_before_2020
ELSA,wealth,recovery,period_factor3,0.0626236348835429,1.06462607570237,pre_pandemic_end_before_2020
ELSA,wealth,recovery,period_factor4,0.149886750777873,1.16170267335426,pre_pandemic_end_before_2020
ELSA,wealth,recovery,period_factor5,0.277620611682649,1.31998531519305,pre_pandemic_end_before_2020
ELSA,wealth,recovery,period_factor6,0.407387073596787,1.5028857204722,pre_pandemic_end_before_2020
ELSA,wealth,recovery,period_factor7,0.309737956143369,1.3630678837641,pre_pandemic_end_before_2020
ELSA,wealth,recovery,period_factor8,0.240959401793062,1.27246937428458,pre_pandemic_end_before_2020
ELSA,wealth,recovery,proxy_factorself,1.13103077264633,3.0988490632882,pre_pandemic_end_before_2020
ELSA,wealth,recovery,seslow,-0.443865052069697,0.64155199109933,pre_pandemic_end_before_2020
ELSA,wealth,recovery,sesmiddle,-0.166788679657531,0.846378449424251,pre_pandemic_end_before_2020
ELSA,wealth,recovery,sex_factormale,-0.00752251314428369,0.99250571014336,pre_pandemic_end_before_2020
ELSA,wealth,relapse,(Intercept),-1.83360644027268,0.159836087773544,pre_pandemic_end_before_2020
ELSA,wealth,relapse,"ns(age_model, knots = c(70, 80, 90), Boundary.knots = c(60, 95))1",0.670152663892823,1.95453568488695,pre_pandemic_end_before_2020
ELSA,wealth,relapse,"ns(age_model, knots = c(70, 80, 90), Boundary.knots = c(60, 95))2",0.780956338954116,2.18355949029113,pre_pandemic_end_before_2020
ELSA,wealth,relapse,"ns(age_model, knots = c(70, 80, 90), Boundary.knots = c(60, 95))3",2.03184868383341,7.62817541623138,pre_pandemic_end_before_2020
ELSA,wealth,relapse,"ns(age_model, knots = c(70, 80, 90), Boundary.knots = c(60, 95))4",1.84791443809201,6.34656954688874,pre_pandemic_end_before_2020
ELSA,wealth,relapse,period_factor3,-0.302796541191146,0.738749386151222,pre_pandemic_end_before_2020
ELSA,wealth,relapse,period_factor4,-0.254304127352909,0.775455928821614,pre_pandemic_end_before_2020
ELSA,wealth,relapse,period_factor5,-0.329984096695469,0.718935166785908,pre_pandemic_end_before_2020
ELSA,wealth,relapse,period_factor6,-0.417123612965092,0.658939461448915,pre_pandemic_end_before_2020
ELSA,wealth,relapse,period_factor7,-0.460644867537213,0.630876682409913,pre_pandemic_end_before_2020
ELSA,wealth,relapse,period_factor8,-0.447262673798775,0.639375938908472,pre_pandemic_end_before_2020
ELSA,wealth,relapse,proxy_factorself,-0.123698204585343,0.883646481101504,pre_pandemic_end_before_2020
ELSA,wealth,relapse,seslow,0.368831009372937,1.44604321527594,pre_pandemic_end_before_2020
ELSA,wealth,relapse,sesmiddle,0.135163017371177,1.14472337893778,pre_pandemic_end_before_2020
ELSA,wealth,relapse,sex_factormale,-0.0555649756775601,0.945950557895129,pre_pandemic_end_before_2020
HRS,education,death_post,(Intercept),-3.07774404264782,0.0460630558112014,pre_pandemic_end_before_2020
HRS,education,death_post,"ns(age_model, knots = c(70, 80, 90), Boundary.knots = c(60, 95))1",1.19415516660262,3.30076799318143,pre_pandemic_end_before_2020
HRS,education,death_post,"ns(age_model, knots = c(70, 80, 90), Boundary.knots = c(60, 95))2",1.71677651070849,5.5665557795144,pre_pandemic_end_before_2020
HRS,education,death_post,"ns(age_model, knots = c(70, 80, 90), Boundary.knots = c(60, 95))3",2.78338813764411,16.1737270332279,pre_pandemic_end_before_2020
HRS,education,death_post,"ns(age_model, knots = c(70, 80, 90), Boundary.knots = c(60, 95))4",1.80760561924097,6.09583419627683,pre_pandemic_end_before_2020
HRS,education,death_post,origin_factorD2,-0.136075931516787,0.872776358739883,pre_pandemic_end_before_2020
HRS,education,death_post,origin_factorR1,-0.831458338512988,0.435413842312587,pre_pandemic_end_before_2020
HRS,education,death_post,period_factor10,-0.467635303434582,0.62648195781876,pre_pandemic_end_before_2020
HRS,education,death_post,period_factor11,-0.160310787566725,0.851878994421096,pre_pandemic_end_before_2020
HRS,education,death_post,period_factor12,-0.118831840648502,0.887957106499208,pre_pandemic_end_before_2020
HRS,education,death_post,period_factor13,-0.30666773686724,0.735895071092493,pre_pandemic_end_before_2020
HRS,education,death_post,period_factor14,11.0808311564863,64914.815362007,pre_pandemic_end_before_2020
HRS,education,death_post,period_factor3,0.0365585497338283,1.03723503207497,pre_pandemic_end_before_2020
HRS,education,death_post,period_factor4,-0.077434478359185,0.925487661880242,pre_pandemic_end_before_2020
HRS,education,death_post,period_factor5,-0.101388168413651,0.903582222725559,pre_pandemic_end_before_2020
HRS,education,death_post,period_factor6,-0.160820916158052,0.851444537413584,pre_pandemic_end_before_2020
HRS,education,death_post,period_factor7,-0.0825735056035871,0.92074375554382,pre_pandemic_end_before_2020
HRS,education,death_post,period_factor8,-0.151293509249127,0.859595362440128,pre_pandemic_end_before_2020
HRS,education,death_post,period_factor9,-0.0725873931598044,0.929984468827467,pre_pandemic_end_before_2020
HRS,education,death_post,proxy_factorself,-0.78163529474987,0.457656994959794,pre_pandemic_end_before_2020
HRS,education,death_post,seslow,0.0999208154378178,1.10508340906509,pre_pandemic_end_before_2020
HRS,education,death_post,sesmiddle,0.136624131843604,1.14639717333851,pre_pandemic_end_before_2020
HRS,education,death_post,sex_factormale,0.461100160515887,1.58581767964314,pre_pandemic_end_before_2020
HRS,education,death_pre,(Intercept),-5.79670865554603,0.00303753588757417,pre_pandemic_end_before_2020
HRS,education,death_pre,"ns(age_model, knots = c(70, 80, 90), Boundary.knots = c(60, 95))1",1.78334071202497,5.94969948777035,pre_pandemic_end_before_2020
HRS,education,death_pre,"ns(age_model, knots = c(70, 80, 90), Boundary.knots = c(60, 95))2",2.39787275272389,10.9997522819701,pre_pandemic_end_before_2020
HRS,education,death_pre,"ns(age_model, knots = c(70, 80, 90), Boundary.knots = c(60, 95))3",4.275572280857,71.9212867101961,pre_pandemic_end_before_2020
HRS,education,death_pre,"ns(age_model, knots = c(70, 80, 90), Boundary.knots = c(60, 95))4",2.74126225697964,15.5065459942142,pre_pandemic_end_before_2020
HRS,education,death_pre,period_factor10,-0.67314413270803,0.510102224727051,pre_pandemic_end_before_2020
HRS,education,death_pre,period_factor11,-0.424281690986332,0.654239562561853,pre_pandemic_end_before_2020
HRS,education,death_pre,period_factor12,-0.401031992029037,0.669628637916424,pre_pandemic_end_before_2020
HRS,education,death_pre,period_factor13,-0.516996678339666,0.596308768365814,pre_pandemic_end_before_2020
HRS,education,death_pre,period_factor14,11.3572962822826,85587.6505359872,pre_pandemic_end_before_2020
HRS,education,death_pre,period_factor3,0.0610172831853402,1.06291728462488,pre_pandemic_end_before_2020
HRS,education,death_pre,period_factor4,-0.0864479807037016,0.917183258771473,pre_pandemic_end_before_2020
HRS,education,death_pre,period_factor5,0.0113978912991157,1.01146309475397,pre_pandemic_end_before_2020
HRS,education,death_pre,period_factor6,-0.29447227696421,0.744924597626625,pre_pandemic_end_before_2020
HRS,education,death_pre,period_factor7,-0.34311841304756,0.709554186111866,pre_pandemic_end_before_2020
HRS,education,death_pre,period_factor8,-0.305283511341501,0.736914421176605,pre_pandemic_end_before_2020
HRS,education,death_pre,period_factor9,-0.445422997922282,0.640553266017387,pre_pandemic_end_before_2020
HRS,education,death_pre,proxy_factorself,-0.0331061951983146,0.967435817095296,pre_pandemic_end_before_2020
HRS,education,death_pre,seslow,0.548480122119924,1.73062068586329,pre_pandemic_end_before_2020
HRS,education,death_pre,sesmiddle,0.39371142514872,1.48247268260812,pre_pandemic_end_before_2020
HRS,education,death_pre,sex_factormale,0.677879858959654,1.96969726619646,pre_pandemic_end_before_2020
HRS,education,onset,(Intercept),-3.27696704669841,0.0377425547955062,pre_pandemic_end_before_2020
HRS,education,onset,"ns(age_model, knots = c(70, 80, 90), Boundary.knots = c(60, 95))1",1.16608552976791,3.20940489749931,pre_pandemic_end_before_2020
HRS,education,onset,"ns(age_model, knots = c(70, 80, 90), Boundary.knots = c(60, 95))2",1.49299593189161,4.45040868769067,pre_pandemic_end_before_2020
HRS,education,onset,"ns(age_model, knots = c(70, 80, 90), Boundary.knots = c(60, 95))3",2.07252203177236,7.94483499823474,pre_pandemic_end_before_2020
HRS,education,onset,"ns(age_model, knots = c(70, 80, 90), Boundary.knots = c(60, 95))4",2.01907282463024,7.53133882362924,pre_pandemic_end_before_2020
HRS,education,onset,period_factor10,-0.662717959794004,0.515448460685995,pre_pandemic_end_before_2020
HRS,education,onset,period_factor11,-0.573800375807669,0.563380308236457,pre_pandemic_end_before_2020
HRS,education,onset,period_factor12,-0.624908565362027,0.535310372191467,pre_pandemic_end_before_2020
HRS,education,onset,period_factor13,-0.784300780515619,0.45643874109459,pre_pandemic_end_before_2020
HRS,education,onset,period_factor14,-13.6639657447445,1.1636304466682e-06,pre_pandemic_end_before_2020
HRS,education,onset,period_factor3,-0.192144598041581,0.825187539362382,pre_pandemic_end_before_2020
HRS,education,onset,period_factor4,-0.353496380582684,0.702228534241584,pre_pandemic_end_before_2020
HRS,education,onset,period_factor5,-0.435534116501395,0.646919044648117,pre_pandemic_end_before_2020
HRS,education,onset,period_factor6,-0.51343289489615,0.598437674909496,pre_pandemic_end_before_2020
HRS,education,onset,period_factor7,-0.501431945159683,0.605662762609086,pre_pandemic_end_before_2020
HRS,education,onset,period_factor8,-0.60574710788264,0.545666602494345,pre_pandemic_end_before_2020
HRS,education,onset,period_factor9,-0.441618567299249,0.642994847947948,pre_pandemic_end_before_2020
HRS,education,onset,proxy_factorself,-0.124188769946699,0.883213101055502,pre_pandemic_end_before_2020
HRS,education,onset,seslow,0.599316169888757,1.82087320662434,pre_pandemic_end_before_2020
HRS,education,onset,sesmiddle,0.257888159634162,1.29419406739191,pre_pandemic_end_before_2020
HRS,education,onset,sex_factormale,-0.0901084653647509,0.913832060767746,pre_pandemic_end_before_2020
HRS,education,recovery,(Intercept),-2.46513939576614,0.0849969933248612,pre_pandemic_end_before_2020
HRS,education,recovery,"ns(age_model, knots = c(70, 80, 90), Boundary.knots = c(60, 95))1",-0.595171389436043,0.551468041971153,pre_pandemic_end_before_2020
HRS,education,recovery,"ns(age_model, knots = c(70, 80, 90), Boundary.knots = c(60, 95))2",-1.03552848809027,0.355038697611851,pre_pandemic_end_before_2020
HRS,education,recovery,"ns(age_model, knots = c(70, 80, 90), Boundary.knots = c(60, 95))3",-2.28176161189899,0.102104180254842,pre_pandemic_end_before_2020
HRS,education,recovery,"ns(age_model, knots = c(70, 80, 90), Boundary.knots = c(60, 95))4",-2.48583900528045,0.0832556732513233,pre_pandemic_end_before_2020
HRS,education,recovery,origin_factorD2,0.130026188691824,1.13885820814073,pre_pandemic_end_before_2020
HRS,education,recovery,period_factor10,0.115187717532535,1.12208405265291,pre_pandemic_end_before_2020
HRS,education,recovery,period_factor11,-0.0319677092078423,0.968537856428877,pre_pandemic_end_before_2020
HRS,education,recovery,period_factor12,0.0778237155679679,1.08093209037385,pre_pandemic_end_before_2020
HRS,education,recovery,period_factor13,0.146447595745273,1.15771426007578,pre_pandemic_end_before_2020
HRS,education,recovery,period_factor14,-15.3822201605306,2.0873086115037e-07,pre_pandemic_end_before_2020
HRS,education,recovery,period_factor3,0.0989546767601624,1.10401626083116,pre_pandemic_end_before_2020
HRS,education,recovery,period_factor4,0.229494728792426,1.25796423621521,pre_pandemic_end_before_2020
HRS,education,recovery,period_factor5,0.225350441673155,1.25276165916732,pre_pandemic_end_before_2020
HRS,education,recovery,period_factor6,0.291970503836202,1.33906351981986,pre_pandemic_end_before_2020
HRS,education,recovery,period_factor7,0.060027613743655,1.0618658682324,pre_pandemic_end_before_2020
HRS,education,recovery,period_factor8,0.157331112561218,1.17038307828887,pre_pandemic_end_before_2020
HRS,education,recovery,period_factor9,-0.0253292237682301,0.974988869674189,pre_pandemic_end_before_2020
HRS,education,recovery,proxy_factorself,0.956506532828855,2.60258851597043,pre_pandemic_end_before_2020
HRS,education,recovery,seslow,-0.39179453144379,0.675842964173534,pre_pandemic_end_before_2020
HRS,education,recovery,sesmiddle,-0.174683153935751,0.83972304156394,pre_pandemic_end_before_2020
HRS,education,recovery,sex_factormale,0.191980353661246,1.2116467123093,pre_pandemic_end_before_2020
HRS,education,relapse,(Intercept),-2.05409671733279,0.128208591888167,pre_pandemic_end_before_2020
HRS,education,relapse,"ns(age_model, knots = c(70, 80, 90), Boundary.knots = c(60, 95))1",0.379009281443478,1.46083659435279,pre_pandemic_end_before_2020
HRS,education,relapse,"ns(age_model, knots = c(70, 80, 90), Boundary.knots = c(60, 95))2",0.636513717303331,1.88988072252201,pre_pandemic_end_before_2020
HRS,education,relapse,"ns(age_model, knots = c(70, 80, 90), Boundary.knots = c(60, 95))3",0.267524493886371,1.30672563623336,pre_pandemic_end_before_2020
HRS,education,relapse,"ns(age_model, knots = c(70, 80, 90), Boundary.knots = c(60, 95))4",0.680375564748843,1.97461919034925,pre_pandemic_end_before_2020
HRS,education,relapse,period_factor10,-0.190438618132866,0.826596494208072,pre_pandemic_end_before_2020
HRS,education,relapse,period_factor11,-0.0469543814161663,0.954130922699072,pre_pandemic_end_before_2020
HRS,education,relapse,period_factor12,-0.219833134209436,0.802652722069508,pre_pandemic_end_before_2020
HRS,education,relapse,period_factor13,-0.185799532820395,0.830440054272074,pre_pandemic_end_before_2020
HRS,education,relapse,period_factor14,-15.1636540558892,2.59721987753061e-07,pre_pandemic_end_before_2020
HRS,education,relapse,period_factor4,0.0400521215385994,1.04086502426512,pre_pandemic_end_before_2020
HRS,education,relapse,period_factor5,0.0377278542845628,1.03844858508642,pre_pandemic_end_before_2020
HRS,education,relapse,period_factor6,-0.00169586715921845,0.998305570010961,pre_pandemic_end_before_2020
HRS,education,relapse,period_factor7,0.0228182046409315,1.02308053134746,pre_pandemic_end_before_2020
HRS,education,relapse,period_factor8,0.0674649382327432,1.06979275011591,pre_pandemic_end_before_2020
HRS,education,relapse,period_factor9,0.0902565445712321,1.09445502418736,pre_pandemic_end_before_2020
HRS,education,relapse,proxy_factorself,0.00431713579605793,1.0043264680515,pre_pandemic_end_before_2020
HRS,education,relapse,seslow,0.48869989492946,1.63019541629362,pre_pandemic_end_before_2020
HRS,education,relapse,sesmiddle,0.206483569723737,1.2293475355315,pre_pandemic_end_before_2020
HRS,education,relapse,sex_factormale,-0.159621422701951,0.852466452332046,pre_pandemic_end_before_2020
HRS,wealth,death_post,(Intercept),-3.17136247585596,0.0419464079842276,pre_pandemic_end_before_2020
HRS,wealth,death_post,"ns(age_model, knots = c(70, 80, 90), Boundary.knots = c(60, 95))1",1.23543532657692,3.43987566410622,pre_pandemic_end_before_2020
HRS,wealth,death_post,"ns(age_model, knots = c(70, 80, 90), Boundary.knots = c(60, 95))2",1.7542058105598,5.77885641226627,pre_pandemic_end_before_2020
HRS,wealth,death_post,"ns(age_model, knots = c(70, 80, 90), Boundary.knots = c(60, 95))3",2.82467930418352,16.8555386185162,pre_pandemic_end_before_2020
HRS,wealth,death_post,"ns(age_model, knots = c(70, 80, 90), Boundary.knots = c(60, 95))4",1.81706707232769,6.15378335487638,pre_pandemic_end_before_2020
HRS,wealth,death_post,origin_factorD2,-0.143050710864521,0.866710116161778,pre_pandemic_end_before_2020
HRS,wealth,death_post,origin_factorR1,-0.827190795470547,0.437275960133845,pre_pandemic_end_before_2020
HRS,wealth,death_post,period_factor10,-0.427888062006617,0.651884381344357,pre_pandemic_end_before_2020
HRS,wealth,death_post,period_factor11,-0.121061885730346,0.885979128430826,pre_pandemic_end_before_2020
HRS,wealth,death_post,period_factor12,-0.0815945335704401,0.92164557928828,pre_pandemic_end_before_2020
HRS,wealth,death_post,period_factor13,-0.270973519653063,0.762636691021849,pre_pandemic_end_before_2020
HRS,wealth,death_post,period_factor14,11.0844893717115,65152.7226205643,pre_pandemic_end_before_2020
HRS,wealth,death_post,period_factor3,0.0489297547463441,1.05014658033614,pre_pandemic_end_before_2020
HRS,wealth,death_post,period_factor4,-0.0573558048506767,0.944258037999063,pre_pandemic_end_before_2020
HRS,wealth,death_post,period_factor5,-0.0749424242900775,0.927796903356151,pre_pandemic_end_before_2020
HRS,wealth,death_post,period_factor6,-0.129878448868222,0.87820217090105,pre_pandemic_end_before_2020
HRS,wealth,death_post,period_factor7,-0.0512102746708404,0.950078872004795,pre_pandemic_end_before_2020
HRS,wealth,death_post,period_factor8,-0.118632593180636,0.888134047331172,pre_pandemic_end_before_2020
HRS,wealth,death_post,period_factor9,-0.0369974837598998,0.963678560192639,pre_pandemic_end_before_2020
HRS,wealth,death_post,proxy_factorself,-0.773694231220798,0.461305746541029,pre_pandemic_end_before_2020
HRS,wealth,death_post,seslow,0.205528399654168,1.22817386017948,pre_pandemic_end_before_2020
HRS,wealth,death_post,sesmiddle,0.145361829708589,1.15645793541275,pre_pandemic_end_before_2020
HRS,wealth,death_post,sex_factormale,0.467463168771505,1.59594042202328,pre_pandemic_end_before_2020
HRS,wealth,death_pre,(Intercept),-5.76470633650031,0.0031363162501652,pre_pandemic_end_before_2020
HRS,wealth,death_pre,"ns(age_model, knots = c(70, 80, 90), Boundary.knots = c(60, 95))1",1.89604300864218,6.65949068991384,pre_pandemic_end_before_2020
HRS,wealth,death_pre,"ns(age_model, knots = c(70, 80, 90), Boundary.knots = c(60, 95))2",2.49038248903623,12.0658903087056,pre_pandemic_end_before_2020
HRS,wealth,death_pre,"ns(age_model, knots = c(70, 80, 90), Boundary.knots = c(60, 95))3",4.44594525696306,85.2804516905989,pre_pandemic_end_before_2020
HRS,wealth,death_pre,"ns(age_model, knots = c(70, 80, 90), Boundary.knots = c(60, 95))4",2.81586040558965,16.7075448628146,pre_pandemic_end_before_2020
HRS,wealth,death_pre,period_factor10,-0.674069240005187,0.509630543648104,pre_pandemic_end_before_2020
HRS,wealth,death_pre,period_factor11,-0.427501452042986,0.652136455065286,pre_pandemic_end_before_2020
HRS,wealth,death_pre,period_factor12,-0.413417653748087,0.66138599479584,pre_pandemic_end_before_2020
HRS,wealth,death_pre,period_factor13,-0.534026016920591,0.586240000009283,pre_pandemic_end_before_2020
HRS,wealth,death_pre,period_factor14,11.6495312273044,114637.611477823,pre_pandemic_end_before_2020
HRS,wealth,death_pre,period_factor3,0.0789914458538314,1.08219506477595,pre_pandemic_end_before_2020
HRS,wealth,death_pre,period_factor4,-0.0642208117838557,0.937797899839385,pre_pandemic_end_before_2020
HRS,wealth,death_pre,period_factor5,0.030190965134999,1.03065133363304,pre_pandemic_end_before_2020
HRS,wealth,death_pre,period_factor6,-0.273269434547891,0.760887750561071,pre_pandemic_end_before_2020
HRS,wealth,death_pre,period_factor7,-0.322029934476153,0.724676497193895,pre_pandemic_end_before_2020
HRS,wealth,death_pre,period_factor8,-0.287788878056567,0.749919900074047,pre_pandemic_end_before_2020
HRS,wealth,death_pre,period_factor9,-0.438114379368096,0.645251975123157,pre_pandemic_end_before_2020
HRS,wealth,death_pre,proxy_factorself,-0.0735718948695777,0.929069348070733,pre_pandemic_end_before_2020
HRS,wealth,death_pre,seslow,0.636147652200143,1.88918902975032,pre_pandemic_end_before_2020
HRS,wealth,death_pre,sesmiddle,0.289479928754664,1.33573263122066,pre_pandemic_end_before_2020
HRS,wealth,death_pre,sex_factormale,0.673956315654563,1.96198421481485,pre_pandemic_end_before_2020
HRS,wealth,onset,(Intercept),-3.22670210147028,0.0396881707585076,pre_pandemic_end_before_2020
HRS,wealth,onset,"ns(age_model, knots = c(70, 80, 90), Boundary.knots = c(60, 95))1",1.27256397783284,3.56999422389209,pre_pandemic_end_before_2020
HRS,wealth,onset,"ns(age_model, knots = c(70, 80, 90), Boundary.knots = c(60, 95))2",1.60151709599096,4.96055235281356,pre_pandemic_end_before_2020
HRS,wealth,onset,"ns(age_model, knots = c(70, 80, 90), Boundary.knots = c(60, 95))3",2.2760914278513,9.73854213043416,pre_pandemic_end_before_2020
HRS,wealth,onset,"ns(age_model, knots = c(70, 80, 90), Boundary.knots = c(60, 95))4",2.12766620885188,8.39525116807358,pre_pandemic_end_before_2020
HRS,wealth,onset,period_factor10,-0.694744080419709,0.499202187253191,pre_pandemic_end_before_2020
HRS,wealth,onset,period_factor11,-0.61241598005543,0.542039728693976,pre_pandemic_end_before_2020
HRS,wealth,onset,period_factor12,-0.674036381727116,0.509647289505339,pre_pandemic_end_before_2020
HRS,wealth,onset,period_factor13,-0.840501552579656,0.43149405219278,pre_pandemic_end_before_2020
HRS,wealth,onset,period_factor14,-13.7293525635081,1.08997852526606e-06,pre_pandemic_end_before_2020
HRS,wealth,onset,period_factor3,-0.182749115150802,0.832977110861002,pre_pandemic_end_before_2020
HRS,wealth,onset,period_factor4,-0.345180232526139,0.708092720626572,pre_pandemic_end_before_2020
HRS,wealth,onset,period_factor5,-0.434917007581828,0.64731838736711,pre_pandemic_end_before_2020
HRS,wealth,onset,period_factor6,-0.517944612486366,0.595743774752981,pre_pandemic_end_before_2020
HRS,wealth,onset,period_factor7,-0.50625287937828,0.602749929202542,pre_pandemic_end_before_2020
HRS,wealth,onset,period_factor8,-0.615944771502717,0.540130354408448,pre_pandemic_end_before_2020
HRS,wealth,onset,period_factor9,-0.46217907775947,0.629909527054301,pre_pandemic_end_before_2020
HRS,wealth,onset,proxy_factorself,-0.189256627936173,0.827574100807737,pre_pandemic_end_before_2020
HRS,wealth,onset,seslow,0.578633041668075,1.7835986585494,pre_pandemic_end_before_2020
HRS,wealth,onset,sesmiddle,0.222976663663238,1.2497914078425,pre_pandemic_end_before_2020
HRS,wealth,onset,sex_factormale,-0.0854066599848226,0.918138838147794,pre_pandemic_end_before_2020
HRS,wealth,recovery,(Intercept),-2.32910499632355,0.0973828661209922,pre_pandemic_end_before_2020
HRS,wealth,recovery,"ns(age_model, knots = c(70, 80, 90), Boundary.knots = c(60, 95))1",-0.74076039623104,0.476751257797153,pre_pandemic_end_before_2020
HRS,wealth,recovery,"ns(age_model, knots = c(70, 80, 90), Boundary.knots = c(60, 95))2",-1.17660430739475,0.308323936322312,pre_pandemic_end_before_2020
HRS,wealth,recovery,"ns(age_model, knots = c(70, 80, 90), Boundary.knots = c(60, 95))3",-2.49288190398923,0.0826713719802449,pre_pandemic_end_before_2020
HRS,wealth,recovery,"ns(age_model, knots = c(70, 80, 90), Boundary.knots = c(60, 95))4",-2.5684367080341,0.0766552863978436,pre_pandemic_end_before_2020
HRS,wealth,recovery,origin_factorD2,0.134207830422483,1.14363047615269,pre_pandemic_end_before_2020
HRS,wealth,recovery,period_factor10,0.103497090924827,1.10904256707218,pre_pandemic_end_before_2020
HRS,wealth,recovery,period_factor11,-0.0446699637037468,0.956313047772474,pre_pandemic_end_before_2020
HRS,wealth,recovery,period_factor12,0.0742446656054187,1.07707029531734,pre_pandemic_end_before_2020
HRS,wealth,recovery,period_factor13,0.166907380781163,1.18164481722003,pre_pandemic_end_before_2020
HRS,wealth,recovery,period_factor14,-15.345765921367,2.16480379090779e-07,pre_pandemic_end_before_2020
HRS,wealth,recovery,period_factor3,0.0569670385669612,1.05862091615798,pre_pandemic_end_before_2020
HRS,wealth,recovery,period_factor4,0.190624024250089,1.21000443422427,pre_pandemic_end_before_2020
HRS,wealth,recovery,period_factor5,0.191362388631017,1.21089818831675,pre_pandemic_end_before_2020
HRS,wealth,recovery,period_factor6,0.261371416123927,1.29870993767746,pre_pandemic_end_before_2020
HRS,wealth,recovery,period_factor7,0.0328323666248439,1.03337729619708,pre_pandemic_end_before_2020
HRS,wealth,recovery,period_factor8,0.131895376437871,1.14098893869522,pre_pandemic_end_before_2020
HRS,wealth,recovery,period_factor9,-0.0380368191028116,0.962677495316992,pre_pandemic_end_before_2020
HRS,wealth,recovery,proxy_factorself,0.991204700007497,2.69447855621987,pre_pandemic_end_before_2020
HRS,wealth,recovery,seslow,-0.507716363147132,0.60186845963001,pre_pandemic_end_before_2020
HRS,wealth,recovery,sesmiddle,-0.197293808146498,0.820949396255205,pre_pandemic_end_before_2020
HRS,wealth,recovery,sex_factormale,0.177969025232338,1.19478831237125,pre_pandemic_end_before_2020
HRS,wealth,relapse,(Intercept),-1.88728922045541,0.15148188676985,pre_pandemic_end_before_2020
HRS,wealth,relapse,"ns(age_model, knots = c(70, 80, 90), Boundary.knots = c(60, 95))1",0.479917389053704,1.6159409022716,pre_pandemic_end_before_2020
HRS,wealth,relapse,"ns(age_model, knots = c(70, 80, 90), Boundary.knots = c(60, 95))2",0.717600973703262,2.04951047858948,pre_pandemic_end_before_2020
HRS,wealth,relapse,"ns(age_model, knots = c(70, 80, 90), Boundary.knots = c(60, 95))3",0.404146447056056,1.49802331199901,pre_pandemic_end_before_2020
HRS,wealth,relapse,"ns(age_model, knots = c(70, 80, 90), Boundary.knots = c(60, 95))4",0.749100455778193,2.11509653774023,pre_pandemic_end_before_2020
HRS,wealth,relapse,period_factor10,-0.222652606147239,0.800392852560219,pre_pandemic_end_before_2020
HRS,wealth,relapse,period_factor11,-0.0921892843272494,0.911932518674153,pre_pandemic_end_before_2020
HRS,wealth,relapse,period_factor12,-0.275165021704978,0.759446787679967,pre_pandemic_end_before_2020
HRS,wealth,relapse,period_factor13,-0.249414733928525,0.779256722155998,pre_pandemic_end_before_2020
HRS,wealth,relapse,period_factor14,-15.2660384397813,2.34446495380734e-07,pre_pandemic_end_before_2020
HRS,wealth,relapse,period_factor4,0.050418122070942,1.05171074793157,pre_pandemic_end_before_2020
HRS,wealth,relapse,period_factor5,0.0465868564946825,1.0476890737172,pre_pandemic_end_before_2020
HRS,wealth,relapse,period_factor6,0.000763066980119601,1.00076335818979,pre_pandemic_end_before_2020
HRS,wealth,relapse,period_factor7,0.0138848005285362,1.01398164206076,pre_pandemic_end_before_2020
HRS,wealth,relapse,period_factor8,0.0541758567153069,1.05567023253197,pre_pandemic_end_before_2020
HRS,wealth,relapse,period_factor9,0.0684064790684511,1.07080047800993,pre_pandemic_end_before_2020
HRS,wealth,relapse,proxy_factorself,-0.0765883332120016,0.926271090174403,pre_pandemic_end_before_2020
HRS,wealth,relapse,seslow,0.29783409462151,1.34693830503226,pre_pandemic_end_before_2020
HRS,wealth,relapse,sesmiddle,0.0485838339716585,1.04978337564118,pre_pandemic_end_before_2020
HRS,wealth,relapse,sex_factormale,-0.164770713959136,0.848088136567874,pre_pandemic_end_before_2020
MHAS,education,death_post,(Intercept),-3.91210370537988,0.0199983860660883,pre_pandemic_end_before_2020
MHAS,education,death_post,"ns(age_model, knots = c(70, 80, 90), Boundary.knots = c(60, 95))1",0.700900723261252,2.01556735850302,pre_pandemic_end_before_2020
MHAS,education,death_post,"ns(age_model, knots = c(70, 80, 90), Boundary.knots = c(60, 95))2",2.96248128588346,19.3459149962443,pre_pandemic_end_before_2020
MHAS,education,death_post,"ns(age_model, knots = c(70, 80, 90), Boundary.knots = c(60, 95))3",2.48826670120816,12.0403884326485,pre_pandemic_end_before_2020
MHAS,education,death_post,"ns(age_model, knots = c(70, 80, 90), Boundary.knots = c(60, 95))4",0.977132753117385,2.6568275300025,pre_pandemic_end_before_2020
MHAS,education,death_post,origin_factorD2,-0.0369972330465805,0.96367880179972,pre_pandemic_end_before_2020
MHAS,education,death_post,origin_factorR1,-0.752841046066196,0.471026442163886,pre_pandemic_end_before_2020
MHAS,education,death_post,period_factor3,0.0106039715758693,1.01066039293627,pre_pandemic_end_before_2020
MHAS,education,death_post,period_factor4,-0.271965907221048,0.761880235261518,pre_pandemic_end_before_2020
MHAS,education,death_post,period_factor5,8.84034063978844,6907.34515624498,pre_pandemic_end_before_2020
MHAS,education,death_post,seslow,-0.0410386146611392,0.959792067186782,pre_pandemic_end_before_2020
MHAS,education,death_post,sesmiddle,0.211330016839616,1.23531996418925,pre_pandemic_end_before_2020
MHAS,education,death_post,sex_factormale,0.278303856073897,1.32088749592605,pre_pandemic_end_before_2020
MHAS,education,death_pre,(Intercept),-4.98231025106099,0.0068582000773904,pre_pandemic_end_before_2020
MHAS,education,death_pre,"ns(age_model, knots = c(70, 80, 90), Boundary.knots = c(60, 95))1",1.59734460864688,4.9398976316491,pre_pandemic_end_before_2020
MHAS,education,death_pre,"ns(age_model, knots = c(70, 80, 90), Boundary.knots = c(60, 95))2",2.72311935887942,15.2277490500972,pre_pandemic_end_before_2020
MHAS,education,death_pre,"ns(age_model, knots = c(70, 80, 90), Boundary.knots = c(60, 95))3",4.7732373390964,118.301605118545,pre_pandemic_end_before_2020
MHAS,education,death_pre,"ns(age_model, knots = c(70, 80, 90), Boundary.knots = c(60, 95))4",3.69906354835039,40.409445144606,pre_pandemic_end_before_2020
MHAS,education,death_pre,period_factor3,-0.263010571201107,0.768733770828918,pre_pandemic_end_before_2020
MHAS,education,death_pre,period_factor4,-0.315943930326177,0.729100329439225,pre_pandemic_end_before_2020
MHAS,education,death_pre,period_factor5,9.41842862337367,12313.2183062636,pre_pandemic_end_before_2020
MHAS,education,death_pre,seslow,-0.246901726425311,0.781217462791798,pre_pandemic_end_before_2020
MHAS,education,death_pre,sesmiddle,-0.38173039076837,0.682679084979494,pre_pandemic_end_before_2020
MHAS,education,death_pre,sex_factormale,0.600596442111528,1.82320591294289,pre_pandemic_end_before_2020
MHAS,education,onset,(Intercept),-3.99068010000649,0.0184871367415485,pre_pandemic_end_before_2020
MHAS,education,onset,"ns(age_model, knots = c(70, 80, 90), Boundary.knots = c(60, 95))1",1.01123171387523,2.74898489344015,pre_pandemic_end_before_2020
MHAS,education,onset,"ns(age_model, knots = c(70, 80, 90), Boundary.knots = c(60, 95))2",1.29140449019937,3.63789235354893,pre_pandemic_end_before_2020
MHAS,education,onset,"ns(age_model, knots = c(70, 80, 90), Boundary.knots = c(60, 95))3",1.51401020570428,4.54492036354782,pre_pandemic_end_before_2020
MHAS,education,onset,"ns(age_model, knots = c(70, 80, 90), Boundary.knots = c(60, 95))4",0.858779267659518,2.36027766708117,pre_pandemic_end_before_2020
MHAS,education,onset,period_factor2,-17.753484726048,1.94876534941804e-08,pre_pandemic_end_before_2020
MHAS,education,onset,period_factor3,0.095169344519302,1.09984509209498,pre_pandemic_end_before_2020
MHAS,education,onset,period_factor4,-0.0831102192559029,0.920249712391647,pre_pandemic_end_before_2020
MHAS,education,onset,period_factor5,-16.5190003705747,6.69713868592422e-08,pre_pandemic_end_before_2020
MHAS,education,onset,seslow,0.963897441934006,2.62189527047717,pre_pandemic_end_before_2020
MHAS,education,onset,sesmiddle,0.103231914344545,1.10874851394658,pre_pandemic_end_before_2020
MHAS,education,onset,sex_factormale,-0.584215444086962,0.557543114012218,pre_pandemic_end_before_2020
MHAS,education,recovery,(Intercept),-0.200731312777285,0.818132223699866,pre_pandemic_end_before_2020
MHAS,education,recovery,"ns(age_model, knots = c(70, 80, 90), Boundary.knots = c(60, 95))1",-1.07918908923487,0.339871018997642,pre_pandemic_end_before_2020
MHAS,education,recovery,"ns(age_model, knots = c(70, 80, 90), Boundary.knots = c(60, 95))2",-1.43935478270615,0.237080677897172,pre_pandemic_end_before_2020
MHAS,education,recovery,"ns(age_model, knots = c(70, 80, 90), Boundary.knots = c(60, 95))3",-3.96000469170696,0.0190630248532755,pre_pandemic_end_before_2020
MHAS,education,recovery,"ns(age_model, knots = c(70, 80, 90), Boundary.knots = c(60, 95))4",-3.69596278323907,0.0248235424630682,pre_pandemic_end_before_2020
MHAS,education,recovery,origin_factorD2,0.0429082835173758,1.04384215292944,pre_pandemic_end_before_2020
MHAS,education,recovery,period_factor2,-19.0295190061834,5.43982467105538e-09,pre_pandemic_end_before_2020
MHAS,education,recovery,period_factor3,-0.845308067711393,0.429425045840114,pre_pandemic_end_before_2020
MHAS,education,recovery,period_factor4,-0.628467397965873,0.533408678098331,pre_pandemic_end_before_2020
MHAS,education,recovery,period_factor5,-18.2639695265507,1.16965778830894e-08,pre_pandemic_end_before_2020
MHAS,education,recovery,seslow,-0.32796538706952,0.720387954011945,pre_pandemic_end_before_2020
MHAS,education,recovery,sesmiddle,-0.862014385885356,0.422310528558796,pre_pandemic_end_before_2020
MHAS,education,recovery,sex_factormale,0.255951124555109,1.29168959449329,pre_pandemic_end_before_2020
MHAS,education,relapse,(Intercept),-21.6918513456046,3.79619627189466e-10,pre_pandemic_end_before_2020
MHAS,education,relapse,"ns(age_model, knots = c(70, 80, 90), Boundary.knots = c(60, 95))1",1.76891195435321,5.8644690787651,pre_pandemic_end_before_2020
MHAS,education,relapse,"ns(age_model, knots = c(70, 80, 90), Boundary.knots = c(60, 95))2",0.945714617600243,2.57465261340732,pre_pandemic_end_before_2020
MHAS,education,relapse,"ns(age_model, knots = c(70, 80, 90), Boundary.knots = c(60, 95))3",1.18140974481623,3.25896527541225,pre_pandemic_end_before_2020
MHAS,education,relapse,"ns(age_model, knots = c(70, 80, 90), Boundary.knots = c(60, 95))4",1.70051979097003,5.47679343976277,pre_pandemic_end_before_2020
MHAS,education,relapse,period_factor3,18.9515547913548,170041790.513616,pre_pandemic_end_before_2020
MHAS,education,relapse,period_factor4,19.0134969625146,180907600.157407,pre_pandemic_end_before_2020
MHAS,education,relapse,period_factor5,1.39478521596232,4.03410801756598,pre_pandemic_end_before_2020
MHAS,education,relapse,seslow,0.411862527367361,1.50962688968025,pre_pandemic_end_before_2020
MHAS,education,relapse,sesmiddle,0.0849565639580754,1.08866977816527,pre_pandemic_end_before_2020
MHAS,education,relapse,sex_factormale,-0.685564261090439,0.503805871305904,pre_pandemic_end_before_2020
MHAS,wealth,death_post,(Intercept),-4.05531972187309,0.017329938537211,pre_pandemic_end_before_2020
MHAS,wealth,death_post,"ns(age_model, knots = c(70, 80, 90), Boundary.knots = c(60, 95))1",0.698758811589493,2.01125481144881,pre_pandemic_end_before_2020
MHAS,wealth,death_post,"ns(age_model, knots = c(70, 80, 90), Boundary.knots = c(60, 95))2",2.96931398702998,19.4785524719121,pre_pandemic_end_before_2020
MHAS,wealth,death_post,"ns(age_model, knots = c(70, 80, 90), Boundary.knots = c(60, 95))3",2.50000281116845,12.1825282077943,pre_pandemic_end_before_2020
MHAS,wealth,death_post,"ns(age_model, knots = c(70, 80, 90), Boundary.knots = c(60, 95))4",0.951403178868285,2.58934041917635,pre_pandemic_end_before_2020
MHAS,wealth,death_post,origin_factorD2,-0.0068657278524733,0.993157787409759,pre_pandemic_end_before_2020
MHAS,wealth,death_post,origin_factorR1,-0.757187843724931,0.468983429027079,pre_pandemic_end_before_2020
MHAS,wealth,death_post,period_factor3,0.0118088255887813,1.0118788250354,pre_pandemic_end_before_2020
MHAS,wealth,death_post,period_factor4,-0.269891507514268,0.763462319768638,pre_pandemic_end_before_2020
MHAS,wealth,death_post,period_factor5,8.8896725383465,7256.64252222406,pre_pandemic_end_before_2020
MHAS,wealth,death_post,seslow,0.203161231625709,1.22527000459729,pre_pandemic_end_before_2020
MHAS,wealth,death_post,sesmiddle,0.0476159481621446,1.0487677967703,pre_pandemic_end_before_2020
MHAS,wealth,death_post,sex_factormale,0.285432547086488,1.33033733722763,pre_pandemic_end_before_2020
MHAS,wealth,death_pre,(Intercept),-5.3378326822134,0.004806276158072,pre_pandemic_end_before_2020
MHAS,wealth,death_pre,"ns(age_model, knots = c(70, 80, 90), Boundary.knots = c(60, 95))1",1.57964074212276,4.8532119433865,pre_pandemic_end_before_2020
MHAS,wealth,death_pre,"ns(age_model, knots = c(70, 80, 90), Boundary.knots = c(60, 95))2",2.74125096546051,15.5063709027419,pre_pandemic_end_before_2020
MHAS,wealth,death_pre,"ns(age_model, knots = c(70, 80, 90), Boundary.knots = c(60, 95))3",4.71202065271402,111.276784621853,pre_pandemic_end_before_2020
MHAS,wealth,death_pre,"ns(age_model, knots = c(70, 80, 90), Boundary.knots = c(60, 95))4",3.65286181080192,38.5849309673431,pre_pandemic_end_before_2020
MHAS,wealth,death_pre,period_factor3,-0.251986672480459,0.77725509688241,pre_pandemic_end_before_2020
MHAS,wealth,death_pre,period_factor4,-0.313942876565767,0.730560759106982,pre_pandemic_end_before_2020
MHAS,wealth,death_pre,period_factor5,9.73874655557282,16962.2667914794,pre_pandemic_end_before_2020
MHAS,wealth,death_pre,seslow,0.244117104700447,1.27649380516187,pre_pandemic_end_before_2020
MHAS,wealth,death_pre,sesmiddle,0.141554274330296,1.15206303001343,pre_pandemic_end_before_2020
MHAS,wealth,death_pre,sex_factormale,0.606148210765391,1.83335607999875,pre_pandemic_end_before_2020
MHAS,wealth,onset,(Intercept),-3.24889802631084,0.0388169595398732,pre_pandemic_end_before_2020
MHAS,wealth,onset,"ns(age_model, knots = c(70, 80, 90), Boundary.knots = c(60, 95))1",1.04219367337748,2.83543020475864,pre_pandemic_end_before_2020
MHAS,wealth,onset,"ns(age_model, knots = c(70, 80, 90), Boundary.knots = c(60, 95))2",1.42864381716656,4.17303595287483,pre_pandemic_end_before_2020
MHAS,wealth,onset,"ns(age_model, knots = c(70, 80, 90), Boundary.knots = c(60, 95))3",1.60702460075981,4.98794799010596,pre_pandemic_end_before_2020
MHAS,wealth,onset,"ns(age_model, knots = c(70, 80, 90), Boundary.knots = c(60, 95))4",0.797208782218172,2.21933762049791,pre_pandemic_end_before_2020
MHAS,wealth,onset,period_factor2,-17.7512487217123,1.95312767245776e-08,pre_pandemic_end_before_2020
MHAS,wealth,onset,period_factor3,0.0729740671512039,1.07570264051906,pre_pandemic_end_before_2020
MHAS,wealth,onset,period_factor4,-0.115754229405821,0.890694102818177,pre_pandemic_end_before_2020
MHAS,wealth,onset,period_factor5,-16.4994625883606,6.82927252086727e-08,pre_pandemic_end_before_2020
MHAS,wealth,onset,seslow,0.284335389321462,1.32887854769545,pre_pandemic_end_before_2020
MHAS,wealth,onset,sesmiddle,0.170807042016397,1.18626182824597,pre_pandemic_end_before_2020
MHAS,wealth,onset,sex_factormale,-0.632655809858847,0.531179215061168,pre_pandemic_end_before_2020
MHAS,wealth,recovery,(Intercept),-0.386951217580071,0.679124223441638,pre_pandemic_end_before_2020
MHAS,wealth,recovery,"ns(age_model, knots = c(70, 80, 90), Boundary.knots = c(60, 95))1",-1.14509694559843,0.318193068877631,pre_pandemic_end_before_2020
MHAS,wealth,recovery,"ns(age_model, knots = c(70, 80, 90), Boundary.knots = c(60, 95))2",-1.47775508912441,0.228149288739906,pre_pandemic_end_before_2020
MHAS,wealth,recovery,"ns(age_model, knots = c(70, 80, 90), Boundary.knots = c(60, 95))3",-4.02940477542016,0.0177849128210171,pre_pandemic_end_before_2020
MHAS,wealth,recovery,"ns(age_model, knots = c(70, 80, 90), Boundary.knots = c(60, 95))4",-3.7629817824309,0.0232144167322946,pre_pandemic_end_before_2020
MHAS,wealth,recovery,origin_factorD2,0.0293787152401555,1.0298145270897,pre_pandemic_end_before_2020
MHAS,wealth,recovery,period_factor2,-19.0575818442003,5.28928984864473e-09,pre_pandemic_end_before_2020
MHAS,wealth,recovery,period_factor3,-0.848875016053976,0.427896037452704,pre_pandemic_end_before_2020
MHAS,wealth,recovery,period_factor4,-0.628766195202216,0.533249320868409,pre_pandemic_end_before_2020
MHAS,wealth,recovery,period_factor5,-18.3215531220434,1.10420721159916e-08,pre_pandemic_end_before_2020
MHAS,wealth,recovery,seslow,-0.0472919491105177,0.953808893279809,pre_pandemic_end_before_2020
MHAS,wealth,recovery,sesmiddle,-0.27409825932346,0.760257369215904,pre_pandemic_end_before_2020
MHAS,wealth,recovery,sex_factormale,0.25711530327142,1.29319422768831,pre_pandemic_end_before_2020
MHAS,wealth,relapse,(Intercept),-21.0021297224987,7.56642886234751e-10,pre_pandemic_end_before_2020
MHAS,wealth,relapse,"ns(age_model, knots = c(70, 80, 90), Boundary.knots = c(60, 95))1",1.81453563469268,6.13822513673197,pre_pandemic_end_before_2020
MHAS,wealth,relapse,"ns(age_model, knots = c(70, 80, 90), Boundary.knots = c(60, 95))2",0.827622534847473,2.28787293105151,pre_pandemic_end_before_2020
MHAS,wealth,relapse,"ns(age_model, knots = c(70, 80, 90), Boundary.knots = c(60, 95))3",1.14838057040943,3.15308257766736,pre_pandemic_end_before_2020
MHAS,wealth,relapse,"ns(age_model, knots = c(70, 80, 90), Boundary.knots = c(60, 95))4",1.99528389379035,7.35429056898173,pre_pandemic_end_before_2020
MHAS,wealth,relapse,period_factor3,18.99208636526,177075431.294327,pre_pandemic_end_before_2020
MHAS,wealth,relapse,period_factor4,19.026660636845,183304751.93722,pre_pandemic_end_before_2020
MHAS,wealth,relapse,period_factor5,1.45237830837896,4.27326558254019,pre_pandemic_end_before_2020
MHAS,wealth,relapse,seslow,-0.177938994846256,0.836993482847414,pre_pandemic_end_before_2020
MHAS,wealth,relapse,sesmiddle,-0.529846422621385,0.588695373028415,pre_pandemic_end_before_2020
MHAS,wealth,relapse,sex_factormale,-0.658043323927672,0.517863635180145,pre_pandemic_end_before_2020
