"source_role","source_path","variable","storage_class","variable_label","value_labels"
"working_wave5","restricted_source/charls_wave5.dta","wave","haven_labelled/vctrs_vctr/double","第几波调查","wave1=1 | wave2=2 | wave3=3 | wave4=4 | wave5=5"
"working_wave5","restricted_source/charls_wave5.dta","householdID","character","家庭编码",""
"working_wave5","restricted_source/charls_wave5.dta","rabmonth","numeric","出生月份",""
"working_wave5","restricted_source/charls_wave5.dta","rabyear","numeric","出生年份",""
"working_wave5","restricted_source/charls_wave5.dta","radyear","numeric","死亡年份",""
"working_wave5","restricted_source/charls_wave5.dta","radmonth","numeric","死亡月份",""
"working_wave5","restricted_source/charls_wave5.dta","dressa","haven_labelled/vctrs_vctr/double","ADL/穿衣","否=0 | 是=1"
"working_wave5","restricted_source/charls_wave5.dta","batha","haven_labelled/vctrs_vctr/double","ADL/沐浴","否=0 | 是=1"
"working_wave5","restricted_source/charls_wave5.dta","eata","haven_labelled/vctrs_vctr/double","ADL/进食","否=0 | 是=1"
"working_wave5","restricted_source/charls_wave5.dta","beda","haven_labelled/vctrs_vctr/double","ADL/上下床","否=0 | 是=1"
"working_wave5","restricted_source/charls_wave5.dta","toilta","haven_labelled/vctrs_vctr/double","ADL/使用厕所","否=0 | 是=1"
"working_wave5","restricted_source/charls_wave5.dta","urina","haven_labelled/vctrs_vctr/double","ADL/控制排尿","否=0 | 是=1"
"working_wave5","restricted_source/charls_wave5.dta","housewka","haven_labelled/vctrs_vctr/double","IADL/打扫房屋","否=0 | 是=1"
"working_wave5","restricted_source/charls_wave5.dta","mealsa","haven_labelled/vctrs_vctr/double","IADL/准备饭菜","否=0 | 是=1"
"working_wave5","restricted_source/charls_wave5.dta","shopa","haven_labelled/vctrs_vctr/double","IADL/购买食品杂货","否=0 | 是=1"
"working_wave5","restricted_source/charls_wave5.dta","phonea","haven_labelled/vctrs_vctr/double","IADL/打电话","否=0 | 是=1"
"working_wave5","restricted_source/charls_wave5.dta","medsa","haven_labelled/vctrs_vctr/double","IADL/服用药物","否=0 | 是=1"
"working_wave5","restricted_source/charls_wave5.dta","moneya","haven_labelled/vctrs_vctr/double","IADL/管理资金","否=0 | 是=1"
"working_wave5","restricted_source/charls_wave5.dta","adlab_c","numeric","ADL(6项有困难)",""
"working_wave5","restricted_source/charls_wave5.dta","iadl","numeric","IADL(5项有困难)",""
"working_wave5","restricted_source/charls_wave5.dta","clean_heat","haven_labelled/vctrs_vctr/double","取暖使用污染燃料","否=0 | 是=1"
"working_wave5","restricted_source/charls_wave5.dta","clean_cook","haven_labelled/vctrs_vctr/double","做饭使用污染燃料","否=0 | 是=1"
"working_wave5","restricted_source/charls_wave5.dta","toilet","haven_labelled/vctrs_vctr/double","厕所卫生差","否=0 | 是=1"
"working_wave5","restricted_source/charls_wave5.dta","mweight","numeric","体重/kg",""
"working_wave5","restricted_source/charls_wave5.dta","bloodweight","numeric","",""
"working_wave5","restricted_source/charls_wave5.dta","bl_crea","numeric","Creatinine (mg/dl)肌酐",""
"working_wave5","restricted_source/charls_wave5.dta","cog_status","haven_labelled/vctrs_vctr/double","认知状况","否=0 | 是=1"
"temp_charls2020","restricted_source/charls2020.dta","ID","character","Individual ID",""
"temp_charls2020","restricted_source/charls2020.dta","householdID","character","Household ID",""
"temp_charls2020","restricted_source/charls2020.dta","r5gender","haven_labelled/vctrs_vctr/double","Interviewer record R's gender","1 Male=1 | 2 Female=2"
"temp_charls2020","restricted_source/charls2020.dta","zrbirthyear","numeric","ZRBirthYear",""
"temp_charls2020","restricted_source/charls2020.dta","r5sleep_night","numeric","During Last Month Average Hours of Actual Sleep",""
"temp_charls2020","restricted_source/charls2020.dta","r5sleep_nap","numeric","During Last Month Time for a Nap after Lunch",""
"temp_charls2020","restricted_source/charls2020.dta","r5act_1","numeric","Activities in Last Month",""
"temp_charls2020","restricted_source/charls2020.dta","r5act_2","numeric","Activities in Last Month",""
"temp_charls2020","restricted_source/charls2020.dta","r5act_3","numeric","Activities in Last Month",""
"temp_charls2020","restricted_source/charls2020.dta","r5act_4","numeric","Activities in Last Month",""
"temp_charls2020","restricted_source/charls2020.dta","r5act_5","numeric","Activities in Last Month",""
"temp_charls2020","restricted_source/charls2020.dta","r5act_6","numeric","Activities in Last Month",""
"temp_charls2020","restricted_source/charls2020.dta","r5act_7","numeric","Activities in Last Month",""
"temp_charls2020","restricted_source/charls2020.dta","r5act_8","numeric","Activities in Last Month",""
"temp_charls2020","restricted_source/charls2020.dta","died","numeric","Whether Individual Died",""
"temp_charls2020","restricted_source/charls2020.dta","r5iwy","numeric","Interview Year",""
"temp_charls2020","restricted_source/charls2020.dta","r5iwm","numeric","Interview Month",""
"temp_charls2020","restricted_source/charls2020.dta","exb001_1","numeric","Year of Death",""
"temp_charls2020","restricted_source/charls2020.dta","exb001_2","numeric","Month of Death",""
"temp_charls2020","restricted_source/charls2020.dta","exb001_3","numeric","Day of Death",""
"temp_charls2020","restricted_source/charls2020.dta","r5shlta","numeric","RECODE of da001 (Self-Reported Health Status)",""
"temp_charls2020","restricted_source/charls2020.dta","r5drinkl","numeric","RECODE of da051 (Frequency Drank Alcoholic Beverages in the Past Year)",""
"temp_charls2020","restricted_source/charls2020.dta","r5ins","numeric","RECODE of ba016 (How Much Does Social Medical Insurance Cost Per Year)",""
"temp_charls2020","restricted_source/charls2020.dta","r5adlab_c","numeric","",""
"temp_charls2020","restricted_source/charls2020.dta","r5iadl","numeric","",""
"temp_charls20","restricted_source/charls20.dta","ID","character","Individual ID",""
"temp_charls20","restricted_source/charls20.dta","householdID","character","Household ID",""
"temp_charls20","restricted_source/charls20.dta","r5gender","haven_labelled/vctrs_vctr/double","Interviewer record R's gender","1 Male=1 | 2 Female=2"
"temp_charls20","restricted_source/charls20.dta","zrbirthyear","numeric","ZRBirthYear",""
"temp_charls20","restricted_source/charls20.dta","r5sleep_night","numeric","During Last Month Average Hours of Actual Sleep",""
"temp_charls20","restricted_source/charls20.dta","r5sleep_nap","numeric","During Last Month Time for a Nap after Lunch",""
"temp_charls20","restricted_source/charls20.dta","r5act_1","numeric","Activities in Last Month",""
"temp_charls20","restricted_source/charls20.dta","r5act_2","numeric","Activities in Last Month",""
"temp_charls20","restricted_source/charls20.dta","r5act_3","numeric","Activities in Last Month",""
"temp_charls20","restricted_source/charls20.dta","r5act_4","numeric","Activities in Last Month",""
"temp_charls20","restricted_source/charls20.dta","r5act_5","numeric","Activities in Last Month",""
"temp_charls20","restricted_source/charls20.dta","r5act_6","numeric","Activities in Last Month",""
"temp_charls20","restricted_source/charls20.dta","r5act_7","numeric","Activities in Last Month",""
"temp_charls20","restricted_source/charls20.dta","r5act_8","numeric","Activities in Last Month",""
"temp_charls20","restricted_source/charls20.dta","r5dressa","numeric","Difficulty with Dressing",""
"temp_charls20","restricted_source/charls20.dta","r5batha","numeric","Difficulty with Bathing or Showering",""
"temp_charls20","restricted_source/charls20.dta","r5eata","numeric","Difficulty with Eating",""
"temp_charls20","restricted_source/charls20.dta","r5beda","numeric","Difficulty with Getting into or out of Bed",""
"temp_charls20","restricted_source/charls20.dta","r5toilta","numeric","Difficulty with Using the Toilet",""
"temp_charls20","restricted_source/charls20.dta","r5urina","numeric","Difficulty with Controlling Urination and Defecation",""
"temp_charls20","restricted_source/charls20.dta","r5housewka","numeric","Difficulty with Household Chores",""
"temp_charls20","restricted_source/charls20.dta","r5mealsa","numeric","Difficulty with Preparing Hot Meals",""
"temp_charls20","restricted_source/charls20.dta","r5shopa","numeric","Difficulty with Shopping for Groceries",""
"temp_charls20","restricted_source/charls20.dta","r5phonea","numeric","Difficulty with Making Phone Calls",""
"temp_charls20","restricted_source/charls20.dta","r5medsa","numeric","Difficulty with Taking Medications",""
"temp_charls20","restricted_source/charls20.dta","r5moneya","numeric","Difficulty with Managing Money",""
"temp_charls20","restricted_source/charls20.dta","r5wthh","numeric","Household Base Weight",""
"temp_charls20","restricted_source/charls20.dta","r5wthha","numeric","Household Weight with Household Response Adjustment",""
"temp_charls20","restricted_source/charls20.dta","r5wtresp","numeric","Individual Base Weight",""
"temp_charls20","restricted_source/charls20.dta","r5wtrespb","numeric","Individual Weight with Household and Individual Response Adjustment",""
"temp_charls20","restricted_source/charls20.dta","died","numeric","Whether Individual Died",""
"temp_charls20","restricted_source/charls20.dta","r5iwy","numeric","Interview Year",""
"temp_charls20","restricted_source/charls20.dta","r5iwm","numeric","Interview Month",""
"temp_charls20","restricted_source/charls20.dta","exb001_1","numeric","Year of Death",""
"temp_charls20","restricted_source/charls20.dta","exb001_2","numeric","Month of Death",""
"temp_charls20","restricted_source/charls20.dta","exb001_3","numeric","Day of Death",""
"temp_charls20","restricted_source/charls20.dta","r5birthmonth","numeric","",""
"temp_charls20","restricted_source/charls20.dta","r5shlta","numeric","RECODE of da001 (Self-Reported Health Status)",""
"temp_charls20","restricted_source/charls20.dta","r5adlab_c","numeric","",""
"temp_charls20","restricted_source/charls20.dta","r5iadl","numeric","",""
"temp_charls20","restricted_source/charls20.dta","r5drinkl","numeric","RECODE of da051 (Frequency Drank Alcoholic Beverages in the Past Year)",""
"temp_charls20","restricted_source/charls20.dta","r5ins","numeric","RECODE of ba016 (How Much Does Social Medical Insurance Cost Per Year)",""
"temp_charls20","restricted_source/charls20.dta","r5clean_heat","numeric","RECODE of i020 (Heating Energy Source)",""
"temp_charls20","restricted_source/charls20.dta","r5clean_cook","numeric","RECODE of i021 (Main Source of Cooking Fuel)",""
"temp_charls20","restricted_source/charls20.dta","r5toilet","numeric","",""
"translated_combined_w5","restricted_source/w5_charls_CN.dta","householdID","character","家庭ID",""
"translated_combined_w5","restricted_source/w5_charls_CN.dta","xproxytext","character","代理文本",""
"translated_combined_w5","restricted_source/w5_charls_CN.dta","iyear","character","访谈年份",""
"translated_combined_w5","restricted_source/w5_charls_CN.dta","imonth","character","访谈月份",""
"translated_combined_w5","restricted_source/w5_charls_CN.dta","HH_weight","numeric","家庭基本权重",""
"translated_combined_w5","restricted_source/w5_charls_CN.dta","HH_weight_ad1","numeric","家庭响应调整后的家庭权重",""
"translated_combined_w5","restricted_source/w5_charls_CN.dta","INDV_weight","numeric","个体基本权重",""
"translated_combined_w5","restricted_source/w5_charls_CN.dta","INDV_weight_ad2","numeric","个体响应调整后的家庭和个体权重",""
"translated_combined_w5","restricted_source/w5_charls_CN.dta","xfgsample","numeric","在疫情期间被选中回答工作问题",""
"translated_combined_w5","restricted_source/w5_charls_CN.dta","proxy_7","numeric","如果符合条件由代理人回答",""
"translated_combined_w5","restricted_source/w5_charls_CN.dta","xiwmonth","numeric","访谈月份",""
"translated_combined_w5","restricted_source/w5_charls_CN.dta","xiwyear","numeric","访谈年份",""
"translated_combined_w5","restricted_source/w5_charls_CN.dta","ziwyear","numeric","预加载：上次访谈年份",""
"translated_combined_w5","restricted_source/w5_charls_CN.dta","proxy_14","numeric","由代理人回答",""
"translated_combined_w5","restricted_source/w5_charls_CN.dta","proxy_2","numeric","如果人口背景模块使用代理模式",""
"translated_combined_w5","restricted_source/w5_charls_CN.dta","zrbirthyear","numeric","ZRBirthYear",""
"translated_combined_w5","restricted_source/w5_charls_CN.dta","proxy","numeric","Proxy",""
"translated_combined_w5","restricted_source/w5_charls_CN.dta","proxy_5","numeric","健康模块代理",""
"translated_combined_w5","restricted_source/w5_charls_CN.dta","xhelperselect","numeric","是否有助手",""
"translated_combined_w5","restricted_source/w5_charls_CN.dta","xhelpernum","numeric","助手数量",""
"translated_combined_w5","restricted_source/w5_charls_CN.dta","xhelpercurrent","numeric","当前是否有助手",""
"raw_health","restricted_source/Health_Status_and_Functioning.dta","ID","character","Individual ID",""
"raw_health","restricted_source/Health_Status_and_Functioning.dta","householdID","character","Household ID",""
"raw_health","restricted_source/Health_Status_and_Functioning.dta","proxy","haven_labelled/vctrs_vctr/double","Proxy","1 Yes=1"
"raw_health","restricted_source/Health_Status_and_Functioning.dta","proxy_5","haven_labelled/vctrs_vctr/double","Proxy for Health Module","1 Yes=1 | 2 No=2"
"raw_health","restricted_source/Health_Status_and_Functioning.dta","da001","haven_labelled/vctrs_vctr/double","Self-Reported Health Status","1 Very Good=1 | 2 Good=2 | 3 Fair=3 | 4 Poor=4 | 5 Very Poor=5 | 997 Don't Know=997"
"raw_health","restricted_source/Health_Status_and_Functioning.dta","da009","haven_labelled/vctrs_vctr/double","Delayed Medical Service","1 Yes=1 | 2 No=2"
"raw_health","restricted_source/Health_Status_and_Functioning.dta","da010_s1","haven_labelled/vctrs_vctr/double","Delayed Medical Service 1: In-patient Service, Big Surgery","0 No=0 | 1 Yes=1"
"raw_health","restricted_source/Health_Status_and_Functioning.dta","da010_s2","haven_labelled/vctrs_vctr/double","Delayed Medical Service 1: Out-patient Service, Small Surgery","0 No=0 | 2 Yes=2"
"raw_health","restricted_source/Health_Status_and_Functioning.dta","da010_s3","haven_labelled/vctrs_vctr/double","Delayed Medical Service 1: Out-patient Service","0 No=0 | 3 Yes=3"
"raw_health","restricted_source/Health_Status_and_Functioning.dta","da010_s4","haven_labelled/vctrs_vctr/double","Delayed Medical Service 1: Prescribtion for medicine","0 No=0 | 4 Yes=4"
"raw_health","restricted_source/Health_Status_and_Functioning.dta","da010_s5","haven_labelled/vctrs_vctr/double","Delayed Medical Service 1: Dental care","0 No=0 | 5 Yes=5"
"raw_health","restricted_source/Health_Status_and_Functioning.dta","da010_s6","haven_labelled/vctrs_vctr/double","Delayed Medical Service 1: Others, Please Specify","0 No=0 | 6 Yes=6"
"raw_health","restricted_source/Health_Status_and_Functioning.dta","da013_1","numeric","Year",""
"raw_health","restricted_source/Health_Status_and_Functioning.dta","da013_2","numeric","Month",""
"raw_health","restricted_source/Health_Status_and_Functioning.dta","da014_1","numeric","Year",""
"raw_health","restricted_source/Health_Status_and_Functioning.dta","da014_2","numeric","Month",""
"raw_health","restricted_source/Health_Status_and_Functioning.dta","da019","haven_labelled/vctrs_vctr/double","RIW: Traffic Accident/Injury and Received Medical Treatment Since ZIWTime","1 Yes=1 | 2 No=2"
"raw_health","restricted_source/Health_Status_and_Functioning.dta","da020","haven_labelled/vctrs_vctr/double","NIW: Traffic Accident/Injury and Received Medical Treatment","1 Yes=1 | 2 No=2"
"raw_health","restricted_source/Health_Status_and_Functioning.dta","da024","numeric","Times Fallen Down Needing Medical Treatment",""
"raw_health","restricted_source/Health_Status_and_Functioning.dta","da030","numeric","During Last Month Average Hours of Actual Sleep",""
"raw_health","restricted_source/Health_Status_and_Functioning.dta","da031","numeric","During Last Month Time for a Nap after Lunch",""
"raw_health","restricted_source/Health_Status_and_Functioning.dta","da038_s1","haven_labelled/vctrs_vctr/double","Activities in Last Month","0 No=0 | 1 Interacted With Friends=1 | 2 Played Ma-jong, Played Chess, Played Cards, or Went to Community Club=2 | 3 Provided Help to Family, Friends, or Neighbors Who Do Not Live With You=3 | 4 Went to a Sport, Social, or Other Kind of Club=4 | 5 Took Part in a Community-Related Organization=5 | 6 Done Voluntary or Charity work, or Cared for a Sick or Disabled Adult Who Does Not Live With You=6 | 7 Attended an Educational or Training Course=7 | 8 Others, Please Specify=8 | 9 None of These=9"
"raw_health","restricted_source/Health_Status_and_Functioning.dta","da038_s2","haven_labelled/vctrs_vctr/double","Activities in Last Month","0 No=0 | 1 Interacted With Friends=1 | 2 Played Ma-jong, Played Chess, Played Cards, or Went to Community Club=2 | 3 Provided Help to Family, Friends, or Neighbors Who Do Not Live With You=3 | 4 Went to a Sport, Social, or Other Kind of Club=4 | 5 Took Part in a Community-Related Organization=5 | 6 Done Voluntary or Charity work, or Cared for a Sick or Disabled Adult Who Does Not Live With You=6 | 7 Attended an Educational or Training Course=7 | 8 Others, Please Specify=8 | 9 None of These=9"
"raw_health","restricted_source/Health_Status_and_Functioning.dta","da038_s3","haven_labelled/vctrs_vctr/double","Activities in Last Month","0 No=0 | 1 Interacted With Friends=1 | 2 Played Ma-jong, Played Chess, Played Cards, or Went to Community Club=2 | 3 Provided Help to Family, Friends, or Neighbors Who Do Not Live With You=3 | 4 Went to a Sport, Social, or Other Kind of Club=4 | 5 Took Part in a Community-Related Organization=5 | 6 Done Voluntary or Charity work, or Cared for a Sick or Disabled Adult Who Does Not Live With You=6 | 7 Attended an Educational or Training Course=7 | 8 Others, Please Specify=8 | 9 None of These=9"
"raw_health","restricted_source/Health_Status_and_Functioning.dta","da038_s4","haven_labelled/vctrs_vctr/double","Activities in Last Month","0 No=0 | 1 Interacted With Friends=1 | 2 Played Ma-jong, Played Chess, Played Cards, or Went to Community Club=2 | 3 Provided Help to Family, Friends, or Neighbors Who Do Not Live With You=3 | 4 Went to a Sport, Social, or Other Kind of Club=4 | 5 Took Part in a Community-Related Organization=5 | 6 Done Voluntary or Charity work, or Cared for a Sick or Disabled Adult Who Does Not Live With You=6 | 7 Attended an Educational or Training Course=7 | 8 Others, Please Specify=8 | 9 None of These=9"
"raw_health","restricted_source/Health_Status_and_Functioning.dta","da038_s5","haven_labelled/vctrs_vctr/double","Activities in Last Month","0 No=0 | 1 Interacted With Friends=1 | 2 Played Ma-jong, Played Chess, Played Cards, or Went to Community Club=2 | 3 Provided Help to Family, Friends, or Neighbors Who Do Not Live With You=3 | 4 Went to a Sport, Social, or Other Kind of Club=4 | 5 Took Part in a Community-Related Organization=5 | 6 Done Voluntary or Charity work, or Cared for a Sick or Disabled Adult Who Does Not Live With You=6 | 7 Attended an Educational or Training Course=7 | 8 Others, Please Specify=8 | 9 None of These=9"
"raw_health","restricted_source/Health_Status_and_Functioning.dta","da038_s6","haven_labelled/vctrs_vctr/double","Activities in Last Month","0 No=0 | 1 Interacted With Friends=1 | 2 Played Ma-jong, Played Chess, Played Cards, or Went to Community Club=2 | 3 Provided Help to Family, Friends, or Neighbors Who Do Not Live With You=3 | 4 Went to a Sport, Social, or Other Kind of Club=4 | 5 Took Part in a Community-Related Organization=5 | 6 Done Voluntary or Charity work, or Cared for a Sick or Disabled Adult Who Does Not Live With You=6 | 7 Attended an Educational or Training Course=7 | 8 Others, Please Specify=8 | 9 None of These=9"
"raw_health","restricted_source/Health_Status_and_Functioning.dta","da038_s7","haven_labelled/vctrs_vctr/double","Activities in Last Month","0 No=0 | 1 Interacted With Friends=1 | 2 Played Ma-jong, Played Chess, Played Cards, or Went to Community Club=2 | 3 Provided Help to Family, Friends, or Neighbors Who Do Not Live With You=3 | 4 Went to a Sport, Social, or Other Kind of Club=4 | 5 Took Part in a Community-Related Organization=5 | 6 Done Voluntary or Charity work, or Cared for a Sick or Disabled Adult Who Does Not Live With You=6 | 7 Attended an Educational or Training Course=7 | 8 Others, Please Specify=8 | 9 None of These=9"
"raw_health","restricted_source/Health_Status_and_Functioning.dta","da038_s8","haven_labelled/vctrs_vctr/double","Activities in Last Month","0 No=0 | 1 Interacted With Friends=1 | 2 Played Ma-jong, Played Chess, Played Cards, or Went to Community Club=2 | 3 Provided Help to Family, Friends, or Neighbors Who Do Not Live With You=3 | 4 Went to a Sport, Social, or Other Kind of Club=4 | 5 Took Part in a Community-Related Organization=5 | 6 Done Voluntary or Charity work, or Cared for a Sick or Disabled Adult Who Does Not Live With You=6 | 7 Attended an Educational or Training Course=7 | 8 Others, Please Specify=8 | 9 None of These=9"
"raw_health","restricted_source/Health_Status_and_Functioning.dta","da038_s9","haven_labelled/vctrs_vctr/double","Activities in Last Month","0 No=0 | 1 Interacted With Friends=1 | 2 Played Ma-jong, Played Chess, Played Cards, or Went to Community Club=2 | 3 Provided Help to Family, Friends, or Neighbors Who Do Not Live With You=3 | 4 Went to a Sport, Social, or Other Kind of Club=4 | 5 Took Part in a Community-Related Organization=5 | 6 Done Voluntary or Charity work, or Cared for a Sick or Disabled Adult Who Does Not Live With You=6 | 7 Attended an Educational or Training Course=7 | 8 Others, Please Specify=8 | 9 None of These=9"
"raw_health","restricted_source/Health_Status_and_Functioning.dta","da042_s5","haven_labelled/vctrs_vctr/double","Activities with Internet: Money Management","0 No=0 | 5 Yes=5"
"raw_health","restricted_source/Health_Status_and_Functioning.dta","da049_2","numeric","Year",""
"raw_health","restricted_source/Health_Status_and_Functioning.dta","da051","haven_labelled/vctrs_vctr/double","Frequency Drank Alcoholic Beverages in the Past Year","1 Drink More than Once a Month=1 | 2 Drink But Less than Once a Month=2 | 3 None of These=3"
"raw_health","restricted_source/Health_Status_and_Functioning.dta","da052","haven_labelled/vctrs_vctr/double","Frequncy Drinking Per Month in the Last Year","1 Once a Month=1 | 2 Two or Three Times a Month=2 | 3 Once a Week=3 | 4 Two or Three Times a Week=4 | 5 Four to six times a Week=5 | 6 Once a Day=6 | 7 Twice a Day=7 | 8 More than Twice a Day=8"
"raw_health","restricted_source/Health_Status_and_Functioning.dta","db001","haven_labelled/vctrs_vctr/double","Difficulty with Dressing","1 Don't Have Any Difficulty=1 | 2 Have Difficulty But Can Still Do It=2 | 3 Have Difficulty and Need Help=3 | 4 Can Not Do It=4"
"raw_health","restricted_source/Health_Status_and_Functioning.dta","db002","haven_labelled/vctrs_vctr/double","Anyone Ever Helped","1 Yes=1 | 2 No=2"
"raw_health","restricted_source/Health_Status_and_Functioning.dta","db003","haven_labelled/vctrs_vctr/double","Difficulty with Bathing or Showering","1 Don't Have Any Difficulty=1 | 2 Have Difficulty But Can Still Do It=2 | 3 Have Difficulty and Need Help=3 | 4 Can Not Do It=4"
"raw_health","restricted_source/Health_Status_and_Functioning.dta","db004","haven_labelled/vctrs_vctr/double","Anyone Ever Helped","1 Yes=1 | 2 No=2"
"raw_health","restricted_source/Health_Status_and_Functioning.dta","db005","haven_labelled/vctrs_vctr/double","Difficulty with Eating","1 Don't Have Any Difficulty=1 | 2 Have Difficulty But Can Still Do It=2 | 3 Have Difficulty and Need Help=3 | 4 Can Not Do It=4"
"raw_health","restricted_source/Health_Status_and_Functioning.dta","db006","haven_labelled/vctrs_vctr/double","Anyone Ever Helped","1 Yes=1 | 2 No=2"
"raw_health","restricted_source/Health_Status_and_Functioning.dta","db007","haven_labelled/vctrs_vctr/double","Difficulty with Getting into or out of Bed","1 Don't Have Any Difficulty=1 | 2 Have Difficulty But Can Still Do It=2 | 3 Have Difficulty and Need Help=3 | 4 Can Not Do It=4"
"raw_health","restricted_source/Health_Status_and_Functioning.dta","db008","haven_labelled/vctrs_vctr/double","Anyone Ever Helped","1 Yes=1 | 2 No=2"
"raw_health","restricted_source/Health_Status_and_Functioning.dta","db009","haven_labelled/vctrs_vctr/double","Difficulty with Using the Toilet","1 Don't Have Any Difficulty=1 | 2 Have Difficulty But Can Still Do It=2 | 3 Have Difficulty and Need Help=3 | 4 Can Not Do It=4"
"raw_health","restricted_source/Health_Status_and_Functioning.dta","db010","haven_labelled/vctrs_vctr/double","Anyone Ever Helped","1 Yes=1 | 2 No=2"
"raw_health","restricted_source/Health_Status_and_Functioning.dta","db011","haven_labelled/vctrs_vctr/double","Difficulty with Controlling Urination and Defecation","1 Don't Have Any Difficulty=1 | 2 Have Difficulty But Can Still Do It=2 | 3 Have Difficulty and Need Help=3 | 4 Can Not Do It=4"
"raw_health","restricted_source/Health_Status_and_Functioning.dta","db012","haven_labelled/vctrs_vctr/double","Difficulty with Household Chores","1 Don't Have Any Difficulty=1 | 2 Have Difficulty But Can Still Do It=2 | 3 Have Difficulty and Need Help=3 | 4 Can Not Do It=4"
"raw_health","restricted_source/Health_Status_and_Functioning.dta","db013","haven_labelled/vctrs_vctr/double","Anyone Ever Helped","1 Yes=1 | 2 No=2"
"raw_health","restricted_source/Health_Status_and_Functioning.dta","db014","haven_labelled/vctrs_vctr/double","Difficulty with Preparing Hot Meals","1 Don't Have Any Difficulty=1 | 2 Have Difficulty But Can Still Do It=2 | 3 Have Difficulty and Need Help=3 | 4 Can Not Do It=4"
"raw_health","restricted_source/Health_Status_and_Functioning.dta","db015","haven_labelled/vctrs_vctr/double","Anyone Ever Helped","1 Yes=1 | 2 No=2"
"raw_health","restricted_source/Health_Status_and_Functioning.dta","db016","haven_labelled/vctrs_vctr/double","Difficulty with Shopping for Groceries","1 Don't Have Any Difficulty=1 | 2 Have Difficulty But Can Still Do It=2 | 3 Have Difficulty and Need Help=3 | 4 Can Not Do It=4"
"raw_health","restricted_source/Health_Status_and_Functioning.dta","db017","haven_labelled/vctrs_vctr/double","Anyone Ever Helped","1 Yes=1 | 2 No=2"
"raw_health","restricted_source/Health_Status_and_Functioning.dta","db018","haven_labelled/vctrs_vctr/double","Difficulty with Making Phone Calls","1 Don't Have Any Difficulty=1 | 2 Have Difficulty But Can Still Do It=2 | 3 Have Difficulty and Need Help=3 | 4 Can Not Do It=4 | 5 Not Relevant To Me (No Phone)=5"
"raw_health","restricted_source/Health_Status_and_Functioning.dta","db019","haven_labelled/vctrs_vctr/double","Anyone Ever Helped","1 Yes=1 | 2 No=2"
"raw_health","restricted_source/Health_Status_and_Functioning.dta","db020","haven_labelled/vctrs_vctr/double","Difficulty with Taking Medications","1 Don't Have Any Difficulty=1 | 2 Have Difficulty But Can Still Do It=2 | 3 Have Difficulty and Need Help=3 | 4 Can Not Do It=4"
"raw_health","restricted_source/Health_Status_and_Functioning.dta","db021","haven_labelled/vctrs_vctr/double","Anyone Ever Helped","1 Yes=1 | 2 No=2"
"raw_health","restricted_source/Health_Status_and_Functioning.dta","db022","haven_labelled/vctrs_vctr/double","Difficulty with Managing Money","1 Don't Have Any Difficulty=1 | 2 Have Difficulty But Can Still Do It=2 | 3 Have Difficulty and Need Help=3 | 4 Can Not Do It=4"
"raw_health","restricted_source/Health_Status_and_Functioning.dta","db023","haven_labelled/vctrs_vctr/double","Anyone Ever Helped","1 Yes=1 | 2 No=2"
"raw_health","restricted_source/Health_Status_and_Functioning.dta","db024_s1","haven_labelled/vctrs_vctr/double","Helper[1]","0 No=0 | 1 Spouse=1 | 2 Father, Mother, Father-in-Law, Mother-in-Law=2 | 3 Children, Children's Spouse, Grandson, Granddaughter=3 | 4 Sibling, Brother-in-Law, Sister-in-Law, Sibling of Spouse, Etc=4 | 5 Other Relative=5 | 6 Paid Helper (Such as Nanny)=6 | 7 Volunteer or Employee of Facility=7 | 8 Nursing Home=8 | 9 Staff from Home-based Nursing Service=9 | 10 Help from the Community=10 | 11 Other, Please Specify=11"
"raw_health","restricted_source/Health_Status_and_Functioning.dta","db024_s2","haven_labelled/vctrs_vctr/double","Helper[2]","0 No=0 | 1 Spouse=1 | 2 Father, Mother, Father-in-Law, Mother-in-Law=2 | 3 Children, Children's Spouse, Grandson, Granddaughter=3 | 4 Sibling, Brother-in-Law, Sister-in-Law, Sibling of Spouse, Etc=4 | 5 Other Relative=5 | 6 Paid Helper (Such as Nanny)=6 | 7 Volunteer or Employee of Facility=7 | 8 Nursing Home=8 | 9 Staff from Home-based Nursing Service=9 | 10 Help from the Community=10 | 11 Other, Please Specify=11"
"raw_health","restricted_source/Health_Status_and_Functioning.dta","db024_s3","haven_labelled/vctrs_vctr/double","Helper[3]","0 No=0 | 1 Spouse=1 | 2 Father, Mother, Father-in-Law, Mother-in-Law=2 | 3 Children, Children's Spouse, Grandson, Granddaughter=3 | 4 Sibling, Brother-in-Law, Sister-in-Law, Sibling of Spouse, Etc=4 | 5 Other Relative=5 | 6 Paid Helper (Such as Nanny)=6 | 7 Volunteer or Employee of Facility=7 | 8 Nursing Home=8 | 9 Staff from Home-based Nursing Service=9 | 10 Help from the Community=10 | 11 Other, Please Specify=11"
"raw_health","restricted_source/Health_Status_and_Functioning.dta","db024_s4","haven_labelled/vctrs_vctr/double","Helper[4]","0 No=0 | 1 Spouse=1 | 2 Father, Mother, Father-in-Law, Mother-in-Law=2 | 3 Children, Children's Spouse, Grandson, Granddaughter=3 | 4 Sibling, Brother-in-Law, Sister-in-Law, Sibling of Spouse, Etc=4 | 5 Other Relative=5 | 6 Paid Helper (Such as Nanny)=6 | 7 Volunteer or Employee of Facility=7 | 8 Nursing Home=8 | 9 Staff from Home-based Nursing Service=9 | 10 Help from the Community=10 | 11 Other, Please Specify=11"
"raw_health","restricted_source/Health_Status_and_Functioning.dta","db024_s5","haven_labelled/vctrs_vctr/double","Helper[5]","0 No=0 | 1 Spouse=1 | 2 Father, Mother, Father-in-Law, Mother-in-Law=2 | 3 Children, Children's Spouse, Grandson, Granddaughter=3 | 4 Sibling, Brother-in-Law, Sister-in-Law, Sibling of Spouse, Etc=4 | 5 Other Relative=5 | 6 Paid Helper (Such as Nanny)=6 | 7 Volunteer or Employee of Facility=7 | 8 Nursing Home=8 | 9 Staff from Home-based Nursing Service=9 | 10 Help from the Community=10 | 11 Other, Please Specify=11"
"raw_health","restricted_source/Health_Status_and_Functioning.dta","db024_s6","haven_labelled/vctrs_vctr/double","Helper[6]","0 No=0 | 1 Spouse=1 | 2 Father, Mother, Father-in-Law, Mother-in-Law=2 | 3 Children, Children's Spouse, Grandson, Granddaughter=3 | 4 Sibling, Brother-in-Law, Sister-in-Law, Sibling of Spouse, Etc=4 | 5 Other Relative=5 | 6 Paid Helper (Such as Nanny)=6 | 7 Volunteer or Employee of Facility=7 | 8 Nursing Home=8 | 9 Staff from Home-based Nursing Service=9 | 10 Help from the Community=10 | 11 Other, Please Specify=11"
"raw_health","restricted_source/Health_Status_and_Functioning.dta","db024_s7","haven_labelled/vctrs_vctr/double","Helper[7]","0 No=0 | 1 Spouse=1 | 2 Father, Mother, Father-in-Law, Mother-in-Law=2 | 3 Children, Children's Spouse, Grandson, Granddaughter=3 | 4 Sibling, Brother-in-Law, Sister-in-Law, Sibling of Spouse, Etc=4 | 5 Other Relative=5 | 6 Paid Helper (Such as Nanny)=6 | 7 Volunteer or Employee of Facility=7 | 8 Nursing Home=8 | 9 Staff from Home-based Nursing Service=9 | 10 Help from the Community=10 | 11 Other, Please Specify=11"
"raw_health","restricted_source/Health_Status_and_Functioning.dta","db024_s8","haven_labelled/vctrs_vctr/double","Helper[8]","0 No=0 | 1 Spouse=1 | 2 Father, Mother, Father-in-Law, Mother-in-Law=2 | 3 Children, Children's Spouse, Grandson, Granddaughter=3 | 4 Sibling, Brother-in-Law, Sister-in-Law, Sibling of Spouse, Etc=4 | 5 Other Relative=5 | 6 Paid Helper (Such as Nanny)=6 | 7 Volunteer or Employee of Facility=7 | 8 Nursing Home=8 | 9 Staff from Home-based Nursing Service=9 | 10 Help from the Community=10 | 11 Other, Please Specify=11"
"raw_health","restricted_source/Health_Status_and_Functioning.dta","db024_s9","haven_labelled/vctrs_vctr/double","Helper[9]","0 No=0 | 1 Spouse=1 | 2 Father, Mother, Father-in-Law, Mother-in-Law=2 | 3 Children, Children's Spouse, Grandson, Granddaughter=3 | 4 Sibling, Brother-in-Law, Sister-in-Law, Sibling of Spouse, Etc=4 | 5 Other Relative=5 | 6 Paid Helper (Such as Nanny)=6 | 7 Volunteer or Employee of Facility=7 | 8 Nursing Home=8 | 9 Staff from Home-based Nursing Service=9 | 10 Help from the Community=10 | 11 Other, Please Specify=11"
"raw_health","restricted_source/Health_Status_and_Functioning.dta","db024_s10","haven_labelled/vctrs_vctr/double","Helper[10]","0 No=0 | 1 Spouse=1 | 2 Father, Mother, Father-in-Law, Mother-in-Law=2 | 3 Children, Children's Spouse, Grandson, Granddaughter=3 | 4 Sibling, Brother-in-Law, Sister-in-Law, Sibling of Spouse, Etc=4 | 5 Other Relative=5 | 6 Paid Helper (Such as Nanny)=6 | 7 Volunteer or Employee of Facility=7 | 8 Nursing Home=8 | 9 Staff from Home-based Nursing Service=9 | 10 Help from the Community=10 | 11 Other, Please Specify=11"
"raw_health","restricted_source/Health_Status_and_Functioning.dta","db024_s11","haven_labelled/vctrs_vctr/double","Helper[11]","0 No=0 | 1 Spouse=1 | 2 Father, Mother, Father-in-Law, Mother-in-Law=2 | 3 Children, Children's Spouse, Grandson, Granddaughter=3 | 4 Sibling, Brother-in-Law, Sister-in-Law, Sibling of Spouse, Etc=4 | 5 Other Relative=5 | 6 Paid Helper (Such as Nanny)=6 | 7 Volunteer or Employee of Facility=7 | 8 Nursing Home=8 | 9 Staff from Home-based Nursing Service=9 | 10 Help from the Community=10 | 11 Other, Please Specify=11"
"raw_health","restricted_source/Health_Status_and_Functioning.dta","db024_1","numeric","Number of Paid Helpers",""
"raw_health","restricted_source/Health_Status_and_Functioning.dta","db025_s1","haven_labelled/vctrs_vctr/double","Who Help the Most","0 No=0 | 1 Father=1 | 2 Mother=2 | 3 Father-in-Law=3 | 4 Mother-in-Law=4"
"raw_health","restricted_source/Health_Status_and_Functioning.dta","db025_s2","haven_labelled/vctrs_vctr/double","Who Help the Most","0 No=0 | 1 Father=1 | 2 Mother=2 | 3 Father-in-Law=3 | 4 Mother-in-Law=4"
"raw_health","restricted_source/Health_Status_and_Functioning.dta","db025_s3","haven_labelled/vctrs_vctr/double","Who Help the Most","0 No=0 | 1 Father=1 | 2 Mother=2 | 3 Father-in-Law=3 | 4 Mother-in-Law=4"
"raw_health","restricted_source/Health_Status_and_Functioning.dta","db025_s4","haven_labelled/vctrs_vctr/double","Who Help the Most","0 No=0 | 1 Father=1 | 2 Mother=2 | 3 Father-in-Law=3 | 4 Mother-in-Law=4"
"raw_health","restricted_source/Health_Status_and_Functioning.dta","db026_s1","haven_labelled/vctrs_vctr/double","Which Child's Family Helped","0 No=0 | 1 Preload XChildPanAliveName[1]=1"
"raw_health","restricted_source/Health_Status_and_Functioning.dta","db026_s2","haven_labelled/vctrs_vctr/double","Which Child's Family Helped","0 No=0 | 2 Preload XChildPanAliveName[2]=2"
"raw_health","restricted_source/Health_Status_and_Functioning.dta","db026_s3","haven_labelled/vctrs_vctr/double","Which Child's Family Helped","0 No=0 | 3 Preload XChildPanAliveName[3]=3"
"raw_health","restricted_source/Health_Status_and_Functioning.dta","db026_s4","haven_labelled/vctrs_vctr/double","Which Child's Family Helped","0 No=0 | 4 Preload XChildPanAliveName[4]=4"
"raw_health","restricted_source/Health_Status_and_Functioning.dta","db026_s5","haven_labelled/vctrs_vctr/double","Which Child's Family Helped","0 No=0 | 5 Preload XChildPanAliveName[5]=5"
"raw_health","restricted_source/Health_Status_and_Functioning.dta","db026_s6","haven_labelled/vctrs_vctr/double","Which Child's Family Helped","0 No=0 | 6 Preload XChildPanAliveName[6]=6"
"raw_health","restricted_source/Health_Status_and_Functioning.dta","db026_s7","haven_labelled/vctrs_vctr/double","Which Child's Family Helped","0 No=0 | 7 Preload XChildPanAliveName[7]=7"
"raw_health","restricted_source/Health_Status_and_Functioning.dta","db026_s8","haven_labelled/vctrs_vctr/double","Which Child's Family Helped","0 No=0 | 8 Preload XChildPanAliveName[8]=8"
"raw_health","restricted_source/Health_Status_and_Functioning.dta","db026_s9","haven_labelled/vctrs_vctr/double","Which Child's Family Helped","0 No=0 | 9 Preload XChildPanAliveName[9]=9"
"raw_health","restricted_source/Health_Status_and_Functioning.dta","db026_s10","haven_labelled/vctrs_vctr/double","Which Child's Family Helped","0 No=0 | 10 Preload XChildPanAliveName[10]=10"
"raw_health","restricted_source/Health_Status_and_Functioning.dta","db026_s11","haven_labelled/vctrs_vctr/double","Which Child's Family Helped","0 No=0 | 11 Preload XChildPanAliveName[11]=11"
"raw_health","restricted_source/Health_Status_and_Functioning.dta","db026_s12","haven_labelled/vctrs_vctr/double","Which Child's Family Helped","0 No=0 | 12 Preload XChildPanAliveName[12]=12"
"raw_health","restricted_source/Health_Status_and_Functioning.dta","db026_s13","haven_labelled/vctrs_vctr/double","Which Child's Family Helped","0 No=0 | 13 Preload XChildPanAliveName[13]=13"
"raw_health","restricted_source/Health_Status_and_Functioning.dta","db026_s14","haven_labelled/vctrs_vctr/double","Which Child's Family Helped","0 No=0 | 14 Preload XChildPanAliveName[14]=14"
"raw_health","restricted_source/Health_Status_and_Functioning.dta","db026_s15","haven_labelled/vctrs_vctr/double","Which Child's Family Helped","0 No=0 | 15 Preload XChildPanAliveName[15]=15"
"raw_health","restricted_source/Health_Status_and_Functioning.dta","db026_s16","haven_labelled/vctrs_vctr/double","Which Child's Family Helped","0 No=0 | 16 Preload XChildPanAliveName[16]=16"
"raw_health","restricted_source/Health_Status_and_Functioning.dta","db026_s17","haven_labelled/vctrs_vctr/double","Which Child's Family Helped","0 No=0 | 17 Preload XChildPanAliveName[17]=17"
"raw_health","restricted_source/Health_Status_and_Functioning.dta","db026_s18","haven_labelled/vctrs_vctr/double","Which Child's Family Helped","0 No=0 | 18 Preload XChildPanAliveName[18]=18"
"raw_health","restricted_source/Health_Status_and_Functioning.dta","db026_s19","haven_labelled/vctrs_vctr/double","Which Child's Family Helped","0 No=0 | 19 Preload XChildPanAliveName[19]=19"
"raw_health","restricted_source/Health_Status_and_Functioning.dta","db026_s20","haven_labelled/vctrs_vctr/double","Which Child's Family Helped","0 No=0 | 20 Preload XChildPanAliveName[20]=20"
"raw_health","restricted_source/Health_Status_and_Functioning.dta","db026_s21","haven_labelled/vctrs_vctr/double","Which Child's Family Helped","0 No=0 | 21 Preload XChildPanAliveName[21]=21"
"raw_health","restricted_source/Health_Status_and_Functioning.dta","db026_s22","haven_labelled/vctrs_vctr/double","Which Child's Family Helped","0 No=0 | 22 Preload XChildPanAliveName[22]=22"
"raw_health","restricted_source/Health_Status_and_Functioning.dta","db026_s23","haven_labelled/vctrs_vctr/double","Which Child's Family Helped","0 No=0 | 23 Preload XChildPanAliveName[23]=23"
"raw_health","restricted_source/Health_Status_and_Functioning.dta","db026_s24","haven_labelled/vctrs_vctr/double","Which Child's Family Helped","0 No=0 | 24 Preload XChildPanAliveName[24]=24"
"raw_health","restricted_source/Health_Status_and_Functioning.dta","db026_s25","haven_labelled/vctrs_vctr/double","Which Child's Family Helped","0 No=0 | 25 Preload XChildPanAliveName[25]=25"
"raw_health","restricted_source/Health_Status_and_Functioning.dta","db026_s26","haven_labelled/vctrs_vctr/double","Which Child's Family Helped","0 No=0 | 26 Other Child[26]=26"
"raw_health","restricted_source/Health_Status_and_Functioning.dta","db026_s27","haven_labelled/vctrs_vctr/double","Which Child's Family Helped","0 No=0 | 27 Other Child[27]=27"
"raw_health","restricted_source/Health_Status_and_Functioning.dta","db026_s28","haven_labelled/vctrs_vctr/double","Which Child's Family Helped","0 No=0 | 28 Other Child[28]=28"
"raw_health","restricted_source/Health_Status_and_Functioning.dta","db026_s29","haven_labelled/vctrs_vctr/double","Which Child's Family Helped","0 No=0 | 29 Other Child[29]=29"
"raw_health","restricted_source/Health_Status_and_Functioning.dta","db026_s30","haven_labelled/vctrs_vctr/double","Which Child's Family Helped","0 No=0 | 30 Other Child[30]=30"
"raw_health","restricted_source/Health_Status_and_Functioning.dta","db026_s31","haven_labelled/vctrs_vctr/double","Which Child's Family Helped","0 No=0 | 31 Other Child[31]=31"
"raw_health","restricted_source/Health_Status_and_Functioning.dta","db026_s32","haven_labelled/vctrs_vctr/double","Which Child's Family Helped","0 No=0 | 32 Other Child[32]=32"
"raw_health","restricted_source/Health_Status_and_Functioning.dta","db026_s33","haven_labelled/vctrs_vctr/double","Which Child's Family Helped","0 No=0 | 33 Other Child[33]=33"
"raw_health","restricted_source/Health_Status_and_Functioning.dta","db026_s34","haven_labelled/vctrs_vctr/double","Which Child's Family Helped","0 No=0 | 34 Other Child[34]=34"
"raw_health","restricted_source/Health_Status_and_Functioning.dta","db026_s35","haven_labelled/vctrs_vctr/double","Which Child's Family Helped","0 No=0 | 35 Other Child[35]=35"
"raw_health","restricted_source/Health_Status_and_Functioning.dta","db027_1__s1","haven_labelled/vctrs_vctr/double","Who in Child[1]'s Family Helped","0 No=0 | 1 Himself/herself=1 | 2 His/her Spouse=2 | 3 His/her Children=3"
"raw_health","restricted_source/Health_Status_and_Functioning.dta","db027_1__s2","haven_labelled/vctrs_vctr/double","Who in Child[1]'s Family Helped","0 No=0 | 1 Himself/herself=1 | 2 His/her Spouse=2 | 3 His/her Children=3"
"raw_health","restricted_source/Health_Status_and_Functioning.dta","db027_1__s3","haven_labelled/vctrs_vctr/double","Who in Child[1]'s Family Helped","0 No=0 | 1 Himself/herself=1 | 2 His/her Spouse=2 | 3 His/her Children=3"
"raw_health","restricted_source/Health_Status_and_Functioning.dta","db027_2__s1","haven_labelled/vctrs_vctr/double","Who in Child[2]'s Family Helped","0 No=0 | 1 Himself/herself=1 | 2 His/her Spouse=2 | 3 His/her Children=3"
"raw_health","restricted_source/Health_Status_and_Functioning.dta","db027_2__s2","haven_labelled/vctrs_vctr/double","Who in Child[2]'s Family Helped","0 No=0 | 1 Himself/herself=1 | 2 His/her Spouse=2 | 3 His/her Children=3"
"raw_health","restricted_source/Health_Status_and_Functioning.dta","db027_2__s3","haven_labelled/vctrs_vctr/double","Who in Child[2]'s Family Helped","0 No=0 | 1 Himself/herself=1 | 2 His/her Spouse=2 | 3 His/her Children=3"
"raw_health","restricted_source/Health_Status_and_Functioning.dta","db027_3__s1","haven_labelled/vctrs_vctr/double","Who in Child[3]'s Family Helped","0 No=0 | 1 Himself/herself=1 | 2 His/her Spouse=2 | 3 His/her Children=3"
"raw_health","restricted_source/Health_Status_and_Functioning.dta","db027_3__s2","haven_labelled/vctrs_vctr/double","Who in Child[3]'s Family Helped","0 No=0 | 1 Himself/herself=1 | 2 His/her Spouse=2 | 3 His/her Children=3"
"raw_health","restricted_source/Health_Status_and_Functioning.dta","db027_3__s3","haven_labelled/vctrs_vctr/double","Who in Child[3]'s Family Helped","0 No=0 | 1 Himself/herself=1 | 2 His/her Spouse=2 | 3 His/her Children=3"
"raw_health","restricted_source/Health_Status_and_Functioning.dta","db027_4__s1","haven_labelled/vctrs_vctr/double","Who in Child[4]'s Family Helped","0 No=0 | 1 Himself/herself=1 | 2 His/her Spouse=2 | 3 His/her Children=3"
"raw_health","restricted_source/Health_Status_and_Functioning.dta","db027_4__s2","haven_labelled/vctrs_vctr/double","Who in Child[4]'s Family Helped","0 No=0 | 1 Himself/herself=1 | 2 His/her Spouse=2 | 3 His/her Children=3"
"raw_health","restricted_source/Health_Status_and_Functioning.dta","db027_4__s3","haven_labelled/vctrs_vctr/double","Who in Child[4]'s Family Helped","0 No=0 | 1 Himself/herself=1 | 2 His/her Spouse=2 | 3 His/her Children=3"
"raw_health","restricted_source/Health_Status_and_Functioning.dta","db027_5__s1","haven_labelled/vctrs_vctr/double","Who in Child[5]'s Family Helped","0 No=0 | 1 Himself/herself=1 | 2 His/her Spouse=2 | 3 His/her Children=3"
"raw_health","restricted_source/Health_Status_and_Functioning.dta","db027_5__s2","haven_labelled/vctrs_vctr/double","Who in Child[5]'s Family Helped","0 No=0 | 1 Himself/herself=1 | 2 His/her Spouse=2 | 3 His/her Children=3"
"raw_health","restricted_source/Health_Status_and_Functioning.dta","db027_5__s3","haven_labelled/vctrs_vctr/double","Who in Child[5]'s Family Helped","0 No=0 | 1 Himself/herself=1 | 2 His/her Spouse=2 | 3 His/her Children=3"
"raw_health","restricted_source/Health_Status_and_Functioning.dta","db027_6__s1","haven_labelled/vctrs_vctr/double","Who in Child[6]'s Family Helped","0 No=0 | 1 Himself/herself=1 | 2 His/her Spouse=2 | 3 His/her Children=3"
"raw_health","restricted_source/Health_Status_and_Functioning.dta","db027_6__s2","haven_labelled/vctrs_vctr/double","Who in Child[6]'s Family Helped","0 No=0 | 1 Himself/herself=1 | 2 His/her Spouse=2 | 3 His/her Children=3"
"raw_health","restricted_source/Health_Status_and_Functioning.dta","db027_6__s3","haven_labelled/vctrs_vctr/double","Who in Child[6]'s Family Helped","0 No=0 | 1 Himself/herself=1 | 2 His/her Spouse=2 | 3 His/her Children=3"
"raw_health","restricted_source/Health_Status_and_Functioning.dta","db027_7__s1","haven_labelled/vctrs_vctr/double","Who in Child[7]'s Family Helped","0 No=0 | 1 Himself/herself=1 | 2 His/her Spouse=2 | 3 His/her Children=3"
"raw_health","restricted_source/Health_Status_and_Functioning.dta","db027_7__s2","haven_labelled/vctrs_vctr/double","Who in Child[7]'s Family Helped","0 No=0 | 1 Himself/herself=1 | 2 His/her Spouse=2 | 3 His/her Children=3"
"raw_health","restricted_source/Health_Status_and_Functioning.dta","db027_7__s3","haven_labelled/vctrs_vctr/double","Who in Child[7]'s Family Helped","0 No=0 | 1 Himself/herself=1 | 2 His/her Spouse=2 | 3 His/her Children=3"
"raw_health","restricted_source/Health_Status_and_Functioning.dta","db027_8__s1","haven_labelled/vctrs_vctr/double","Who in Child[8]'s Family Helped","0 No=0 | 1 Himself/herself=1 | 2 His/her Spouse=2 | 3 His/her Children=3"
"raw_health","restricted_source/Health_Status_and_Functioning.dta","db027_8__s2","haven_labelled/vctrs_vctr/double","Who in Child[8]'s Family Helped","0 No=0 | 1 Himself/herself=1 | 2 His/her Spouse=2 | 3 His/her Children=3"
"raw_health","restricted_source/Health_Status_and_Functioning.dta","db027_8__s3","haven_labelled/vctrs_vctr/double","Who in Child[8]'s Family Helped","0 No=0 | 1 Himself/herself=1 | 2 His/her Spouse=2 | 3 His/her Children=3"
"raw_health","restricted_source/Health_Status_and_Functioning.dta","db027_9__s1","haven_labelled/vctrs_vctr/double","Who in Child[9]'s Family Helped","0 No=0 | 1 Himself/herself=1 | 2 His/her Spouse=2 | 3 His/her Children=3"
"raw_health","restricted_source/Health_Status_and_Functioning.dta","db027_9__s2","haven_labelled/vctrs_vctr/double","Who in Child[9]'s Family Helped","0 No=0 | 1 Himself/herself=1 | 2 His/her Spouse=2 | 3 His/her Children=3"
"raw_health","restricted_source/Health_Status_and_Functioning.dta","db027_9__s3","haven_labelled/vctrs_vctr/double","Who in Child[9]'s Family Helped","0 No=0 | 1 Himself/herself=1 | 2 His/her Spouse=2 | 3 His/her Children=3"
"raw_health","restricted_source/Health_Status_and_Functioning.dta","db027_10__s1","haven_labelled/vctrs_vctr/double","Who in Child[10]'s Family Helped","0 No=0 | 1 Himself/herself=1 | 2 His/her Spouse=2 | 3 His/her Children=3"
"raw_health","restricted_source/Health_Status_and_Functioning.dta","db027_10__s2","haven_labelled/vctrs_vctr/double","Who in Child[10]'s Family Helped","0 No=0 | 1 Himself/herself=1 | 2 His/her Spouse=2 | 3 His/her Children=3"
"raw_health","restricted_source/Health_Status_and_Functioning.dta","db027_10__s3","haven_labelled/vctrs_vctr/double","Who in Child[10]'s Family Helped","0 No=0 | 1 Himself/herself=1 | 2 His/her Spouse=2 | 3 His/her Children=3"
"raw_health","restricted_source/Health_Status_and_Functioning.dta","db027_11__s1","haven_labelled/vctrs_vctr/double","Who in Child[11]'s Family Helped","0 No=0 | 1 Himself/herself=1 | 2 His/her Spouse=2 | 3 His/her Children=3"
"raw_health","restricted_source/Health_Status_and_Functioning.dta","db027_11__s2","haven_labelled/vctrs_vctr/double","Who in Child[11]'s Family Helped","0 No=0 | 1 Himself/herself=1 | 2 His/her Spouse=2 | 3 His/her Children=3"
"raw_health","restricted_source/Health_Status_and_Functioning.dta","db027_11__s3","haven_labelled/vctrs_vctr/double","Who in Child[11]'s Family Helped","0 No=0 | 1 Himself/herself=1 | 2 His/her Spouse=2 | 3 His/her Children=3"
"raw_health","restricted_source/Health_Status_and_Functioning.dta","db027_12__s1","haven_labelled/vctrs_vctr/double","Who in Child[12]'s Family Helped","0 No=0 | 1 Himself/herself=1 | 2 His/her Spouse=2 | 3 His/her Children=3"
"raw_health","restricted_source/Health_Status_and_Functioning.dta","db027_12__s2","haven_labelled/vctrs_vctr/double","Who in Child[12]'s Family Helped","0 No=0 | 1 Himself/herself=1 | 2 His/her Spouse=2 | 3 His/her Children=3"
"raw_health","restricted_source/Health_Status_and_Functioning.dta","db027_12__s3","haven_labelled/vctrs_vctr/double","Who in Child[12]'s Family Helped","0 No=0 | 1 Himself/herself=1 | 2 His/her Spouse=2 | 3 His/her Children=3"
"raw_health","restricted_source/Health_Status_and_Functioning.dta","db027_13__s1","haven_labelled/vctrs_vctr/double","Who in Child[13]'s Family Helped","0 No=0 | 1 Himself/herself=1 | 2 His/her Spouse=2 | 3 His/her Children=3"
"raw_health","restricted_source/Health_Status_and_Functioning.dta","db027_13__s2","haven_labelled/vctrs_vctr/double","Who in Child[13]'s Family Helped","0 No=0 | 1 Himself/herself=1 | 2 His/her Spouse=2 | 3 His/her Children=3"
"raw_health","restricted_source/Health_Status_and_Functioning.dta","db027_13__s3","haven_labelled/vctrs_vctr/double","Who in Child[13]'s Family Helped","0 No=0 | 1 Himself/herself=1 | 2 His/her Spouse=2 | 3 His/her Children=3"
"raw_health","restricted_source/Health_Status_and_Functioning.dta","db027_14__s1","haven_labelled/vctrs_vctr/double","Who in Child[14]'s Family Helped","0 No=0 | 1 Himself/herself=1 | 2 His/her Spouse=2 | 3 His/her Children=3"
"raw_health","restricted_source/Health_Status_and_Functioning.dta","db027_14__s2","haven_labelled/vctrs_vctr/double","Who in Child[14]'s Family Helped","0 No=0 | 1 Himself/herself=1 | 2 His/her Spouse=2 | 3 His/her Children=3"
"raw_health","restricted_source/Health_Status_and_Functioning.dta","db027_14__s3","haven_labelled/vctrs_vctr/double","Who in Child[14]'s Family Helped","0 No=0 | 1 Himself/herself=1 | 2 His/her Spouse=2 | 3 His/her Children=3"
"raw_health","restricted_source/Health_Status_and_Functioning.dta","db027_15__s1","haven_labelled/vctrs_vctr/double","Who in Child[15]'s Family Helped","0 No=0 | 1 Himself/herself=1 | 2 His/her Spouse=2 | 3 His/her Children=3"
"raw_health","restricted_source/Health_Status_and_Functioning.dta","db027_15__s2","haven_labelled/vctrs_vctr/double","Who in Child[15]'s Family Helped","0 No=0 | 1 Himself/herself=1 | 2 His/her Spouse=2 | 3 His/her Children=3"
"raw_health","restricted_source/Health_Status_and_Functioning.dta","db027_15__s3","haven_labelled/vctrs_vctr/double","Who in Child[15]'s Family Helped","0 No=0 | 1 Himself/herself=1 | 2 His/her Spouse=2 | 3 His/her Children=3"
"raw_health","restricted_source/Health_Status_and_Functioning.dta","db027_16__s1","haven_labelled/vctrs_vctr/double","Who in Child[16]'s Family Helped","0 No=0 | 1 Himself/herself=1 | 2 His/her Spouse=2 | 3 His/her Children=3"
"raw_health","restricted_source/Health_Status_and_Functioning.dta","db027_16__s2","haven_labelled/vctrs_vctr/double","Who in Child[16]'s Family Helped","0 No=0 | 1 Himself/herself=1 | 2 His/her Spouse=2 | 3 His/her Children=3"
"raw_health","restricted_source/Health_Status_and_Functioning.dta","db027_16__s3","haven_labelled/vctrs_vctr/double","Who in Child[16]'s Family Helped","0 No=0 | 1 Himself/herself=1 | 2 His/her Spouse=2 | 3 His/her Children=3"
"raw_health","restricted_source/Health_Status_and_Functioning.dta","db027_17__s1","haven_labelled/vctrs_vctr/double","Who in Child[17]'s Family Helped","0 No=0 | 1 Himself/herself=1 | 2 His/her Spouse=2 | 3 His/her Children=3"
"raw_health","restricted_source/Health_Status_and_Functioning.dta","db027_17__s2","haven_labelled/vctrs_vctr/double","Who in Child[17]'s Family Helped","0 No=0 | 1 Himself/herself=1 | 2 His/her Spouse=2 | 3 His/her Children=3"
"raw_health","restricted_source/Health_Status_and_Functioning.dta","db027_17__s3","haven_labelled/vctrs_vctr/double","Who in Child[17]'s Family Helped","0 No=0 | 1 Himself/herself=1 | 2 His/her Spouse=2 | 3 His/her Children=3"
"raw_health","restricted_source/Health_Status_and_Functioning.dta","db027_18__s1","haven_labelled/vctrs_vctr/double","Who in Child[18]'s Family Helped","0 No=0 | 1 Himself/herself=1 | 2 His/her Spouse=2 | 3 His/her Children=3"
"raw_health","restricted_source/Health_Status_and_Functioning.dta","db027_18__s2","haven_labelled/vctrs_vctr/double","Who in Child[18]'s Family Helped","0 No=0 | 1 Himself/herself=1 | 2 His/her Spouse=2 | 3 His/her Children=3"
"raw_health","restricted_source/Health_Status_and_Functioning.dta","db027_18__s3","haven_labelled/vctrs_vctr/double","Who in Child[18]'s Family Helped","0 No=0 | 1 Himself/herself=1 | 2 His/her Spouse=2 | 3 His/her Children=3"
"raw_health","restricted_source/Health_Status_and_Functioning.dta","db027_19__s1","haven_labelled/vctrs_vctr/double","Who in Child[19]'s Family Helped","0 No=0 | 1 Himself/herself=1 | 2 His/her Spouse=2 | 3 His/her Children=3"
"raw_health","restricted_source/Health_Status_and_Functioning.dta","db027_19__s2","haven_labelled/vctrs_vctr/double","Who in Child[19]'s Family Helped","0 No=0 | 1 Himself/herself=1 | 2 His/her Spouse=2 | 3 His/her Children=3"
"raw_health","restricted_source/Health_Status_and_Functioning.dta","db027_19__s3","haven_labelled/vctrs_vctr/double","Who in Child[19]'s Family Helped","0 No=0 | 1 Himself/herself=1 | 2 His/her Spouse=2 | 3 His/her Children=3"
"raw_health","restricted_source/Health_Status_and_Functioning.dta","db027_20__s1","haven_labelled/vctrs_vctr/double","Who in Child[20]'s Family Helped","0 No=0 | 1 Himself/herself=1 | 2 His/her Spouse=2 | 3 His/her Children=3"
"raw_health","restricted_source/Health_Status_and_Functioning.dta","db027_20__s2","haven_labelled/vctrs_vctr/double","Who in Child[20]'s Family Helped","0 No=0 | 1 Himself/herself=1 | 2 His/her Spouse=2 | 3 His/her Children=3"
"raw_health","restricted_source/Health_Status_and_Functioning.dta","db027_20__s3","haven_labelled/vctrs_vctr/double","Who in Child[20]'s Family Helped","0 No=0 | 1 Himself/herself=1 | 2 His/her Spouse=2 | 3 His/her Children=3"
"raw_health","restricted_source/Health_Status_and_Functioning.dta","db027_21__s1","haven_labelled/vctrs_vctr/double","Who in Child[21]'s Family Helped","0 No=0 | 1 Himself/herself=1 | 2 His/her Spouse=2 | 3 His/her Children=3"
"raw_health","restricted_source/Health_Status_and_Functioning.dta","db027_21__s2","haven_labelled/vctrs_vctr/double","Who in Child[21]'s Family Helped","0 No=0 | 1 Himself/herself=1 | 2 His/her Spouse=2 | 3 His/her Children=3"
"raw_health","restricted_source/Health_Status_and_Functioning.dta","db027_21__s3","haven_labelled/vctrs_vctr/double","Who in Child[21]'s Family Helped","0 No=0 | 1 Himself/herself=1 | 2 His/her Spouse=2 | 3 His/her Children=3"
"raw_health","restricted_source/Health_Status_and_Functioning.dta","db027_22__s1","haven_labelled/vctrs_vctr/double","Who in Child[22]'s Family Helped","0 No=0 | 1 Himself/herself=1 | 2 His/her Spouse=2 | 3 His/her Children=3"
"raw_health","restricted_source/Health_Status_and_Functioning.dta","db027_22__s2","haven_labelled/vctrs_vctr/double","Who in Child[22]'s Family Helped","0 No=0 | 1 Himself/herself=1 | 2 His/her Spouse=2 | 3 His/her Children=3"
"raw_health","restricted_source/Health_Status_and_Functioning.dta","db027_22__s3","haven_labelled/vctrs_vctr/double","Who in Child[22]'s Family Helped","0 No=0 | 1 Himself/herself=1 | 2 His/her Spouse=2 | 3 His/her Children=3"
"raw_health","restricted_source/Health_Status_and_Functioning.dta","db027_23__s1","haven_labelled/vctrs_vctr/double","Who in Child[23]'s Family Helped","0 No=0 | 1 Himself/herself=1 | 2 His/her Spouse=2 | 3 His/her Children=3"
"raw_health","restricted_source/Health_Status_and_Functioning.dta","db027_23__s2","haven_labelled/vctrs_vctr/double","Who in Child[23]'s Family Helped","0 No=0 | 1 Himself/herself=1 | 2 His/her Spouse=2 | 3 His/her Children=3"
"raw_health","restricted_source/Health_Status_and_Functioning.dta","db027_23__s3","haven_labelled/vctrs_vctr/double","Who in Child[23]'s Family Helped","0 No=0 | 1 Himself/herself=1 | 2 His/her Spouse=2 | 3 His/her Children=3"
"raw_health","restricted_source/Health_Status_and_Functioning.dta","db027_24__s1","haven_labelled/vctrs_vctr/double","Who in Child[24]'s Family Helped","0 No=0 | 1 Himself/herself=1 | 2 His/her Spouse=2 | 3 His/her Children=3"
"raw_health","restricted_source/Health_Status_and_Functioning.dta","db027_24__s2","haven_labelled/vctrs_vctr/double","Who in Child[24]'s Family Helped","0 No=0 | 1 Himself/herself=1 | 2 His/her Spouse=2 | 3 His/her Children=3"
"raw_health","restricted_source/Health_Status_and_Functioning.dta","db027_24__s3","haven_labelled/vctrs_vctr/double","Who in Child[24]'s Family Helped","0 No=0 | 1 Himself/herself=1 | 2 His/her Spouse=2 | 3 His/her Children=3"
"raw_health","restricted_source/Health_Status_and_Functioning.dta","db027_25__s1","haven_labelled/vctrs_vctr/double","Who in Child[25]'s Family Helped","0 No=0 | 1 Himself/herself=1 | 2 His/her Spouse=2 | 3 His/her Children=3"
"raw_health","restricted_source/Health_Status_and_Functioning.dta","db027_25__s2","haven_labelled/vctrs_vctr/double","Who in Child[25]'s Family Helped","0 No=0 | 1 Himself/herself=1 | 2 His/her Spouse=2 | 3 His/her Children=3"
"raw_health","restricted_source/Health_Status_and_Functioning.dta","db027_25__s3","haven_labelled/vctrs_vctr/double","Who in Child[25]'s Family Helped","0 No=0 | 1 Himself/herself=1 | 2 His/her Spouse=2 | 3 His/her Children=3"
"raw_health","restricted_source/Health_Status_and_Functioning.dta","db027_26__s1","haven_labelled/vctrs_vctr/double","Who in Child[26]'s Family Helped","0 No=0 | 1 Himself/herself=1 | 2 His/her Spouse=2 | 3 His/her Children=3"
"raw_health","restricted_source/Health_Status_and_Functioning.dta","db027_26__s2","haven_labelled/vctrs_vctr/double","Who in Child[26]'s Family Helped","0 No=0 | 1 Himself/herself=1 | 2 His/her Spouse=2 | 3 His/her Children=3"
"raw_health","restricted_source/Health_Status_and_Functioning.dta","db027_26__s3","haven_labelled/vctrs_vctr/double","Who in Child[26]'s Family Helped","0 No=0 | 1 Himself/herself=1 | 2 His/her Spouse=2 | 3 His/her Children=3"
"raw_health","restricted_source/Health_Status_and_Functioning.dta","db027_27__s1","haven_labelled/vctrs_vctr/double","Who in Child[27]'s Family Helped","0 No=0 | 1 Himself/herself=1 | 2 His/her Spouse=2 | 3 His/her Children=3"
"raw_health","restricted_source/Health_Status_and_Functioning.dta","db027_27__s2","haven_labelled/vctrs_vctr/double","Who in Child[27]'s Family Helped","0 No=0 | 1 Himself/herself=1 | 2 His/her Spouse=2 | 3 His/her Children=3"
"raw_health","restricted_source/Health_Status_and_Functioning.dta","db027_27__s3","haven_labelled/vctrs_vctr/double","Who in Child[27]'s Family Helped","0 No=0 | 1 Himself/herself=1 | 2 His/her Spouse=2 | 3 His/her Children=3"
"raw_health","restricted_source/Health_Status_and_Functioning.dta","db027_28__s1","haven_labelled/vctrs_vctr/double","Who in Child[28]'s Family Helped","0 No=0 | 1 Himself/herself=1 | 2 His/her Spouse=2 | 3 His/her Children=3"
"raw_health","restricted_source/Health_Status_and_Functioning.dta","db027_28__s2","haven_labelled/vctrs_vctr/double","Who in Child[28]'s Family Helped","0 No=0 | 1 Himself/herself=1 | 2 His/her Spouse=2 | 3 His/her Children=3"
"raw_health","restricted_source/Health_Status_and_Functioning.dta","db027_28__s3","haven_labelled/vctrs_vctr/double","Who in Child[28]'s Family Helped","0 No=0 | 1 Himself/herself=1 | 2 His/her Spouse=2 | 3 His/her Children=3"
"raw_health","restricted_source/Health_Status_and_Functioning.dta","db027_29__s1","haven_labelled/vctrs_vctr/double","Who in Child[29]'s Family Helped","0 No=0 | 1 Himself/herself=1 | 2 His/her Spouse=2 | 3 His/her Children=3"
"raw_health","restricted_source/Health_Status_and_Functioning.dta","db027_29__s2","haven_labelled/vctrs_vctr/double","Who in Child[29]'s Family Helped","0 No=0 | 1 Himself/herself=1 | 2 His/her Spouse=2 | 3 His/her Children=3"
"raw_health","restricted_source/Health_Status_and_Functioning.dta","db027_29__s3","haven_labelled/vctrs_vctr/double","Who in Child[29]'s Family Helped","0 No=0 | 1 Himself/herself=1 | 2 His/her Spouse=2 | 3 His/her Children=3"
"raw_health","restricted_source/Health_Status_and_Functioning.dta","db027_30__s1","haven_labelled/vctrs_vctr/double","Who in Child[30]'s Family Helped","0 No=0 | 1 Himself/herself=1 | 2 His/her Spouse=2 | 3 His/her Children=3"
"raw_health","restricted_source/Health_Status_and_Functioning.dta","db027_30__s2","haven_labelled/vctrs_vctr/double","Who in Child[30]'s Family Helped","0 No=0 | 1 Himself/herself=1 | 2 His/her Spouse=2 | 3 His/her Children=3"
"raw_health","restricted_source/Health_Status_and_Functioning.dta","db027_30__s3","haven_labelled/vctrs_vctr/double","Who in Child[30]'s Family Helped","0 No=0 | 1 Himself/herself=1 | 2 His/her Spouse=2 | 3 His/her Children=3"
"raw_health","restricted_source/Health_Status_and_Functioning.dta","db027_31__s1","haven_labelled/vctrs_vctr/double","Who in Child[31]'s Family Helped","0 No=0 | 1 Himself/herself=1 | 2 His/her Spouse=2 | 3 His/her Children=3"
"raw_health","restricted_source/Health_Status_and_Functioning.dta","db027_31__s2","haven_labelled/vctrs_vctr/double","Who in Child[31]'s Family Helped","0 No=0 | 1 Himself/herself=1 | 2 His/her Spouse=2 | 3 His/her Children=3"
"raw_health","restricted_source/Health_Status_and_Functioning.dta","db027_31__s3","haven_labelled/vctrs_vctr/double","Who in Child[31]'s Family Helped","0 No=0 | 1 Himself/herself=1 | 2 His/her Spouse=2 | 3 His/her Children=3"
"raw_health","restricted_source/Health_Status_and_Functioning.dta","db027_32__s1","haven_labelled/vctrs_vctr/double","Who in Child[32]'s Family Helped","0 No=0 | 1 Himself/herself=1 | 2 His/her Spouse=2 | 3 His/her Children=3"
"raw_health","restricted_source/Health_Status_and_Functioning.dta","db027_32__s2","haven_labelled/vctrs_vctr/double","Who in Child[32]'s Family Helped","0 No=0 | 1 Himself/herself=1 | 2 His/her Spouse=2 | 3 His/her Children=3"
"raw_health","restricted_source/Health_Status_and_Functioning.dta","db027_32__s3","haven_labelled/vctrs_vctr/double","Who in Child[32]'s Family Helped","0 No=0 | 1 Himself/herself=1 | 2 His/her Spouse=2 | 3 His/her Children=3"
"raw_health","restricted_source/Health_Status_and_Functioning.dta","db027_33__s1","haven_labelled/vctrs_vctr/double","Who in Child[33]'s Family Helped","0 No=0 | 1 Himself/herself=1 | 2 His/her Spouse=2 | 3 His/her Children=3"
"raw_health","restricted_source/Health_Status_and_Functioning.dta","db027_33__s2","haven_labelled/vctrs_vctr/double","Who in Child[33]'s Family Helped","0 No=0 | 1 Himself/herself=1 | 2 His/her Spouse=2 | 3 His/her Children=3"
"raw_health","restricted_source/Health_Status_and_Functioning.dta","db027_33__s3","haven_labelled/vctrs_vctr/double","Who in Child[33]'s Family Helped","0 No=0 | 1 Himself/herself=1 | 2 His/her Spouse=2 | 3 His/her Children=3"
"raw_health","restricted_source/Health_Status_and_Functioning.dta","db027_34__s1","haven_labelled/vctrs_vctr/double","Who in Child[34]'s Family Helped","0 No=0 | 1 Himself/herself=1 | 2 His/her Spouse=2 | 3 His/her Children=3"
"raw_health","restricted_source/Health_Status_and_Functioning.dta","db027_34__s2","haven_labelled/vctrs_vctr/double","Who in Child[34]'s Family Helped","0 No=0 | 1 Himself/herself=1 | 2 His/her Spouse=2 | 3 His/her Children=3"
"raw_health","restricted_source/Health_Status_and_Functioning.dta","db027_34__s3","haven_labelled/vctrs_vctr/double","Who in Child[34]'s Family Helped","0 No=0 | 1 Himself/herself=1 | 2 His/her Spouse=2 | 3 His/her Children=3"
"raw_health","restricted_source/Health_Status_and_Functioning.dta","db027_35__s1","haven_labelled/vctrs_vctr/double","Who in Child[35]'s Family Helped","0 No=0 | 1 Himself/herself=1 | 2 His/her Spouse=2 | 3 His/her Children=3"
"raw_health","restricted_source/Health_Status_and_Functioning.dta","db027_35__s2","haven_labelled/vctrs_vctr/double","Who in Child[35]'s Family Helped","0 No=0 | 1 Himself/herself=1 | 2 His/her Spouse=2 | 3 His/her Children=3"
"raw_health","restricted_source/Health_Status_and_Functioning.dta","db027_35__s3","haven_labelled/vctrs_vctr/double","Who in Child[35]'s Family Helped","0 No=0 | 1 Himself/herself=1 | 2 His/her Spouse=2 | 3 His/her Children=3"
"raw_health","restricted_source/Health_Status_and_Functioning.dta","db027_1_1_","numeric","Number of Children Helped",""
"raw_health","restricted_source/Health_Status_and_Functioning.dta","db027_1_2_","numeric","Number of Children Helped",""
"raw_health","restricted_source/Health_Status_and_Functioning.dta","db027_1_3_","numeric","Number of Children Helped",""
"raw_health","restricted_source/Health_Status_and_Functioning.dta","db027_1_4_","numeric","Number of Children Helped",""
"raw_health","restricted_source/Health_Status_and_Functioning.dta","db027_1_5_","numeric","Number of Children Helped",""
"raw_health","restricted_source/Health_Status_and_Functioning.dta","db027_1_6_","numeric","Number of Children Helped",""
"raw_health","restricted_source/Health_Status_and_Functioning.dta","db027_1_7_","numeric","Number of Children Helped",""
"raw_health","restricted_source/Health_Status_and_Functioning.dta","db027_1_8_","numeric","Number of Children Helped",""
"raw_health","restricted_source/Health_Status_and_Functioning.dta","db027_1_9_","numeric","Number of Children Helped",""
"raw_health","restricted_source/Health_Status_and_Functioning.dta","db027_1_10_","character","Number of Children Helped",""
"raw_health","restricted_source/Health_Status_and_Functioning.dta","db027_1_11_","character","Number of Children Helped",""
"raw_health","restricted_source/Health_Status_and_Functioning.dta","db027_1_12_","character","Number of Children Helped",""
"raw_health","restricted_source/Health_Status_and_Functioning.dta","db027_1_13_","numeric","Number of Children Helped",""
"raw_health","restricted_source/Health_Status_and_Functioning.dta","db027_1_14_","character","Number of Children Helped",""
"raw_health","restricted_source/Health_Status_and_Functioning.dta","db027_1_15_","character","Number of Children Helped",""
"raw_health","restricted_source/Health_Status_and_Functioning.dta","db027_1_16_","character","Number of Children Helped",""
"raw_health","restricted_source/Health_Status_and_Functioning.dta","db027_1_17_","character","Number of Children Helped",""
"raw_health","restricted_source/Health_Status_and_Functioning.dta","db027_1_18_","character","Number of Children Helped",""
"raw_health","restricted_source/Health_Status_and_Functioning.dta","db027_1_19_","character","Number of Children Helped",""
"raw_health","restricted_source/Health_Status_and_Functioning.dta","db027_1_20_","character","Number of Children Helped",""
"raw_health","restricted_source/Health_Status_and_Functioning.dta","db027_1_21_","character","Number of Children Helped",""
"raw_health","restricted_source/Health_Status_and_Functioning.dta","db027_1_22_","character","Number of Children Helped",""
"raw_health","restricted_source/Health_Status_and_Functioning.dta","db027_1_23_","character","Number of Children Helped",""
"raw_health","restricted_source/Health_Status_and_Functioning.dta","db027_1_24_","character","Number of Children Helped",""
"raw_health","restricted_source/Health_Status_and_Functioning.dta","db027_1_25_","character","Number of Children Helped",""
"raw_health","restricted_source/Health_Status_and_Functioning.dta","db027_1_26_","numeric","Number of Children Helped",""
"raw_health","restricted_source/Health_Status_and_Functioning.dta","db027_1_27_","numeric","Number of Children Helped",""
"raw_health","restricted_source/Health_Status_and_Functioning.dta","db027_1_28_","numeric","Number of Children Helped",""
"raw_health","restricted_source/Health_Status_and_Functioning.dta","db027_1_29_","numeric","Number of Children Helped",""
"raw_health","restricted_source/Health_Status_and_Functioning.dta","db027_1_30_","character","Number of Children Helped",""
"raw_health","restricted_source/Health_Status_and_Functioning.dta","db027_1_31_","character","Number of Children Helped",""
"raw_health","restricted_source/Health_Status_and_Functioning.dta","db027_1_32_","character","Number of Children Helped",""
"raw_health","restricted_source/Health_Status_and_Functioning.dta","db027_1_33_","character","Number of Children Helped",""
"raw_health","restricted_source/Health_Status_and_Functioning.dta","db027_1_34_","character","Number of Children Helped",""
"raw_health","restricted_source/Health_Status_and_Functioning.dta","db027_1_35_","character","Number of Children Helped",""
"raw_health","restricted_source/Health_Status_and_Functioning.dta","db028_s1","haven_labelled/vctrs_vctr/double","Which Sibling's Family Helps","0 No=0 | 1 Preload XSibName[1]=1"
"raw_health","restricted_source/Health_Status_and_Functioning.dta","db028_s2","haven_labelled/vctrs_vctr/double","Which Sibling's Family Helps","0 No=0 | 2 Preload XSibName[2]=2"
"raw_health","restricted_source/Health_Status_and_Functioning.dta","db028_s3","haven_labelled/vctrs_vctr/double","Which Sibling's Family Helps","0 No=0 | 3 Preload XSibName[3]=3"
"raw_health","restricted_source/Health_Status_and_Functioning.dta","db028_s4","haven_labelled/vctrs_vctr/double","Which Sibling's Family Helps","0 No=0 | 4 Preload XSibName[4]=4"
"raw_health","restricted_source/Health_Status_and_Functioning.dta","db028_s5","haven_labelled/vctrs_vctr/double","Which Sibling's Family Helps","0 No=0 | 5 Preload XSibName[5]=5"
"raw_health","restricted_source/Health_Status_and_Functioning.dta","db028_s6","haven_labelled/vctrs_vctr/double","Which Sibling's Family Helps","0 No=0 | 6 Preload XSibName[6]=6"
"raw_health","restricted_source/Health_Status_and_Functioning.dta","db028_s7","haven_labelled/vctrs_vctr/double","Which Sibling's Family Helps","0 No=0 | 7 Preload XSibName[7]=7"
"raw_health","restricted_source/Health_Status_and_Functioning.dta","db028_s8","haven_labelled/vctrs_vctr/double","Which Sibling's Family Helps","0 No=0 | 8 Preload XSibName[8]=8"
"raw_health","restricted_source/Health_Status_and_Functioning.dta","db028_s9","haven_labelled/vctrs_vctr/double","Which Sibling's Family Helps","0 No=0 | 9 Preload XSibName[9]=9"
"raw_health","restricted_source/Health_Status_and_Functioning.dta","db028_s10","haven_labelled/vctrs_vctr/double","Which Sibling's Family Helps","0 No=0 | 10 Preload XSibName[10]=10"
"raw_health","restricted_source/Health_Status_and_Functioning.dta","db028_s11","haven_labelled/vctrs_vctr/double","Which Sibling's Family Helps","0 No=0 | 11 Preload XSibName[11]=11"
"raw_health","restricted_source/Health_Status_and_Functioning.dta","db028_s12","haven_labelled/vctrs_vctr/double","Which Sibling's Family Helps","0 No=0 | 12 Preload XSibName[12]=12"
"raw_health","restricted_source/Health_Status_and_Functioning.dta","db028_s13","haven_labelled/vctrs_vctr/double","Which Sibling's Family Helps","0 No=0 | 13 Preload XSibName[13]=13"
"raw_health","restricted_source/Health_Status_and_Functioning.dta","db028_s14","haven_labelled/vctrs_vctr/double","Which Sibling's Family Helps","0 No=0 | 14 Preload XSibName[14]=14"
"raw_health","restricted_source/Health_Status_and_Functioning.dta","db028_s15","haven_labelled/vctrs_vctr/double","Which Sibling's Family Helps","0 No=0 | 15 Preload XSibName[15]=15"
"raw_health","restricted_source/Health_Status_and_Functioning.dta","db028_s16","haven_labelled/vctrs_vctr/double","Which Sibling's Family Helps","0 No=0 | 16 Preload XSibName[16]=16"
"raw_health","restricted_source/Health_Status_and_Functioning.dta","db028_s17","haven_labelled/vctrs_vctr/double","Which Sibling's Family Helps","0 No=0 | 17 Preload XSibName[17]=17"
"raw_health","restricted_source/Health_Status_and_Functioning.dta","db028_s18","haven_labelled/vctrs_vctr/double","Which Sibling's Family Helps","0 No=0 | 18 Preload XSibName[18]=18"
"raw_health","restricted_source/Health_Status_and_Functioning.dta","db028_s19","haven_labelled/vctrs_vctr/double","Which Sibling's Family Helps","0 No=0 | 19 Preload XSibName[19]=19"
"raw_health","restricted_source/Health_Status_and_Functioning.dta","db028_s20","haven_labelled/vctrs_vctr/double","Which Sibling's Family Helps","0 No=0 | 20 Preload XSibName[20]=20"
"raw_health","restricted_source/Health_Status_and_Functioning.dta","db028_s21","haven_labelled/vctrs_vctr/double","Which Sibling's Family Helps","0 No=0 | 21 Preload XSibName[21]=21"
"raw_health","restricted_source/Health_Status_and_Functioning.dta","db028_s22","haven_labelled/vctrs_vctr/double","Which Sibling's Family Helps","0 No=0 | 22 Preload XSibName[22]=22"
"raw_health","restricted_source/Health_Status_and_Functioning.dta","db028_s23","haven_labelled/vctrs_vctr/double","Which Sibling's Family Helps","0 No=0 | 23 Preload XSibName[23]=23"
"raw_health","restricted_source/Health_Status_and_Functioning.dta","db028_s24","haven_labelled/vctrs_vctr/double","Which Sibling's Family Helps","0 No=0 | 24 Preload XSibName[24]=24"
"raw_health","restricted_source/Health_Status_and_Functioning.dta","db028_s25","haven_labelled/vctrs_vctr/double","Which Sibling's Family Helps","0 No=0 | 25 Preload XSibName[25]=25"
"raw_health","restricted_source/Health_Status_and_Functioning.dta","db028_s26","haven_labelled/vctrs_vctr/double","Which Sibling's Family Helps","0 No=0 | 26 Preload XSibName[26]=26"
"raw_health","restricted_source/Health_Status_and_Functioning.dta","db028_s27","haven_labelled/vctrs_vctr/double","Which Sibling's Family Helps","0 No=0 | 27 Preload XSibName[27]=27"
"raw_health","restricted_source/Health_Status_and_Functioning.dta","db028_s28","haven_labelled/vctrs_vctr/double","Which Sibling's Family Helps","0 No=0 | 28 Preload XSibName[28]=28"
"raw_health","restricted_source/Health_Status_and_Functioning.dta","db028_s29","haven_labelled/vctrs_vctr/double","Which Sibling's Family Helps","0 No=0 | 29 Preload XSibName[29]=29"
"raw_health","restricted_source/Health_Status_and_Functioning.dta","db028_s30","haven_labelled/vctrs_vctr/double","Which Sibling's Family Helps","0 No=0 | 30 Preload XSibName[30]=30"
"raw_health","restricted_source/Health_Status_and_Functioning.dta","db028_s31","haven_labelled/vctrs_vctr/double","Which Sibling's Family Helps","0 No=0 | 31 Other Sibling[31]=31"
"raw_health","restricted_source/Health_Status_and_Functioning.dta","db028_s32","haven_labelled/vctrs_vctr/double","Which Sibling's Family Helps","0 No=0 | 32 Other Sibling[32]=32"
"raw_health","restricted_source/Health_Status_and_Functioning.dta","db028_s33","haven_labelled/vctrs_vctr/double","Which Sibling's Family Helps","0 No=0 | 33 Other Sibling[33]=33"
"raw_health","restricted_source/Health_Status_and_Functioning.dta","db028_s34","haven_labelled/vctrs_vctr/double","Which Sibling's Family Helps","0 No=0 | 34 Other Sibling[34]=34"
"raw_health","restricted_source/Health_Status_and_Functioning.dta","db028_s35","haven_labelled/vctrs_vctr/double","Which Sibling's Family Helps","0 No=0 | 35 Other Sibling[35]=35"
"raw_health","restricted_source/Health_Status_and_Functioning.dta","db028_s36","haven_labelled/vctrs_vctr/double","Which Sibling's Family Helps","0 No=0 | 36 Other Sibling[36]=36"
"raw_health","restricted_source/Health_Status_and_Functioning.dta","db028_s37","haven_labelled/vctrs_vctr/double","Which Sibling's Family Helps","0 No=0 | 37 Other Sibling[37]=37"
"raw_health","restricted_source/Health_Status_and_Functioning.dta","db028_s38","haven_labelled/vctrs_vctr/double","Which Sibling's Family Helps","0 No=0 | 38 Other Sibling[38]=38"
"raw_health","restricted_source/Health_Status_and_Functioning.dta","db028_s39","haven_labelled/vctrs_vctr/double","Which Sibling's Family Helps","0 No=0 | 39 Other Sibling[39]=39"
"raw_health","restricted_source/Health_Status_and_Functioning.dta","db028_s40","haven_labelled/vctrs_vctr/double","Which Sibling's Family Helps","0 No=0 | 40 Other Sibling[40]=40"
"raw_health","restricted_source/Health_Status_and_Functioning.dta","db029_1__s1","haven_labelled/vctrs_vctr/double","Who Help in Person from Sibling[1]'s Family","0 No=0 | 1 Himself/herself=1 | 2 His/her Spouse=2 | 3 His/her Children=3"
"raw_health","restricted_source/Health_Status_and_Functioning.dta","db029_1__s2","haven_labelled/vctrs_vctr/double","Who Help in Person from Sibling[1]'s Family","0 No=0 | 1 Himself/herself=1 | 2 His/her Spouse=2 | 3 His/her Children=3"
"raw_health","restricted_source/Health_Status_and_Functioning.dta","db029_1__s3","haven_labelled/vctrs_vctr/double","Who Help in Person from Sibling[1]'s Family","0 No=0 | 1 Himself/herself=1 | 2 His/her Spouse=2 | 3 His/her Children=3"
"raw_health","restricted_source/Health_Status_and_Functioning.dta","db029_2__s1","haven_labelled/vctrs_vctr/double","Who Help in Person from Sibling[2]'s Family","0 No=0 | 1 Himself/herself=1 | 2 His/her Spouse=2 | 3 His/her Children=3"
"raw_health","restricted_source/Health_Status_and_Functioning.dta","db029_2__s2","haven_labelled/vctrs_vctr/double","Who Help in Person from Sibling[2]'s Family","0 No=0 | 1 Himself/herself=1 | 2 His/her Spouse=2 | 3 His/her Children=3"
"raw_health","restricted_source/Health_Status_and_Functioning.dta","db029_2__s3","haven_labelled/vctrs_vctr/double","Who Help in Person from Sibling[2]'s Family","0 No=0 | 1 Himself/herself=1 | 2 His/her Spouse=2 | 3 His/her Children=3"
"raw_health","restricted_source/Health_Status_and_Functioning.dta","db029_3__s1","haven_labelled/vctrs_vctr/double","Who Help in Person from Sibling[3]'s Family","0 No=0 | 1 Himself/herself=1 | 2 His/her Spouse=2 | 3 His/her Children=3"
"raw_health","restricted_source/Health_Status_and_Functioning.dta","db029_3__s2","haven_labelled/vctrs_vctr/double","Who Help in Person from Sibling[3]'s Family","0 No=0 | 1 Himself/herself=1 | 2 His/her Spouse=2 | 3 His/her Children=3"
"raw_health","restricted_source/Health_Status_and_Functioning.dta","db029_3__s3","haven_labelled/vctrs_vctr/double","Who Help in Person from Sibling[3]'s Family","0 No=0 | 1 Himself/herself=1 | 2 His/her Spouse=2 | 3 His/her Children=3"
"raw_health","restricted_source/Health_Status_and_Functioning.dta","db029_4__s1","haven_labelled/vctrs_vctr/double","Who Help in Person from Sibling[4]'s Family","0 No=0 | 1 Himself/herself=1 | 2 His/her Spouse=2 | 3 His/her Children=3"
"raw_health","restricted_source/Health_Status_and_Functioning.dta","db029_4__s2","haven_labelled/vctrs_vctr/double","Who Help in Person from Sibling[4]'s Family","0 No=0 | 1 Himself/herself=1 | 2 His/her Spouse=2 | 3 His/her Children=3"
"raw_health","restricted_source/Health_Status_and_Functioning.dta","db029_4__s3","haven_labelled/vctrs_vctr/double","Who Help in Person from Sibling[4]'s Family","0 No=0 | 1 Himself/herself=1 | 2 His/her Spouse=2 | 3 His/her Children=3"
"raw_health","restricted_source/Health_Status_and_Functioning.dta","db029_5__s1","haven_labelled/vctrs_vctr/double","Who Help in Person from Sibling[5]'s Family","0 No=0 | 1 Himself/herself=1 | 2 His/her Spouse=2 | 3 His/her Children=3"
"raw_health","restricted_source/Health_Status_and_Functioning.dta","db029_5__s2","haven_labelled/vctrs_vctr/double","Who Help in Person from Sibling[5]'s Family","0 No=0 | 1 Himself/herself=1 | 2 His/her Spouse=2 | 3 His/her Children=3"
"raw_health","restricted_source/Health_Status_and_Functioning.dta","db029_5__s3","haven_labelled/vctrs_vctr/double","Who Help in Person from Sibling[5]'s Family","0 No=0 | 1 Himself/herself=1 | 2 His/her Spouse=2 | 3 His/her Children=3"
"raw_health","restricted_source/Health_Status_and_Functioning.dta","db029_6__s1","haven_labelled/vctrs_vctr/double","Who Help in Person from Sibling[6]'s Family","0 No=0 | 1 Himself/herself=1 | 2 His/her Spouse=2 | 3 His/her Children=3"
"raw_health","restricted_source/Health_Status_and_Functioning.dta","db029_6__s2","haven_labelled/vctrs_vctr/double","Who Help in Person from Sibling[6]'s Family","0 No=0 | 1 Himself/herself=1 | 2 His/her Spouse=2 | 3 His/her Children=3"
"raw_health","restricted_source/Health_Status_and_Functioning.dta","db029_6__s3","haven_labelled/vctrs_vctr/double","Who Help in Person from Sibling[6]'s Family","0 No=0 | 1 Himself/herself=1 | 2 His/her Spouse=2 | 3 His/her Children=3"
"raw_health","restricted_source/Health_Status_and_Functioning.dta","db029_7__s1","haven_labelled/vctrs_vctr/double","Who Help in Person from Sibling[7]'s Family","0 No=0 | 1 Himself/herself=1 | 2 His/her Spouse=2 | 3 His/her Children=3"
"raw_health","restricted_source/Health_Status_and_Functioning.dta","db029_7__s2","haven_labelled/vctrs_vctr/double","Who Help in Person from Sibling[7]'s Family","0 No=0 | 1 Himself/herself=1 | 2 His/her Spouse=2 | 3 His/her Children=3"
"raw_health","restricted_source/Health_Status_and_Functioning.dta","db029_7__s3","haven_labelled/vctrs_vctr/double","Who Help in Person from Sibling[7]'s Family","0 No=0 | 1 Himself/herself=1 | 2 His/her Spouse=2 | 3 His/her Children=3"
"raw_health","restricted_source/Health_Status_and_Functioning.dta","db029_8__s1","haven_labelled/vctrs_vctr/double","Who Help in Person from Sibling[8]'s Family","0 No=0 | 1 Himself/herself=1 | 2 His/her Spouse=2 | 3 His/her Children=3"
"raw_health","restricted_source/Health_Status_and_Functioning.dta","db029_8__s2","haven_labelled/vctrs_vctr/double","Who Help in Person from Sibling[8]'s Family","0 No=0 | 1 Himself/herself=1 | 2 His/her Spouse=2 | 3 His/her Children=3"
"raw_health","restricted_source/Health_Status_and_Functioning.dta","db029_8__s3","haven_labelled/vctrs_vctr/double","Who Help in Person from Sibling[8]'s Family","0 No=0 | 1 Himself/herself=1 | 2 His/her Spouse=2 | 3 His/her Children=3"
"raw_health","restricted_source/Health_Status_and_Functioning.dta","db029_9__s1","haven_labelled/vctrs_vctr/double","Who Help in Person from Sibling[9]'s Family","0 No=0 | 1 Himself/herself=1 | 2 His/her Spouse=2 | 3 His/her Children=3"
"raw_health","restricted_source/Health_Status_and_Functioning.dta","db029_9__s2","haven_labelled/vctrs_vctr/double","Who Help in Person from Sibling[9]'s Family","0 No=0 | 1 Himself/herself=1 | 2 His/her Spouse=2 | 3 His/her Children=3"
"raw_health","restricted_source/Health_Status_and_Functioning.dta","db029_9__s3","haven_labelled/vctrs_vctr/double","Who Help in Person from Sibling[9]'s Family","0 No=0 | 1 Himself/herself=1 | 2 His/her Spouse=2 | 3 His/her Children=3"
"raw_health","restricted_source/Health_Status_and_Functioning.dta","db029_10__s1","haven_labelled/vctrs_vctr/double","Who Help in Person from Sibling[10]'s Family","0 No=0 | 1 Himself/herself=1 | 2 His/her Spouse=2 | 3 His/her Children=3"
"raw_health","restricted_source/Health_Status_and_Functioning.dta","db029_10__s2","haven_labelled/vctrs_vctr/double","Who Help in Person from Sibling[10]'s Family","0 No=0 | 1 Himself/herself=1 | 2 His/her Spouse=2 | 3 His/her Children=3"
"raw_health","restricted_source/Health_Status_and_Functioning.dta","db029_10__s3","haven_labelled/vctrs_vctr/double","Who Help in Person from Sibling[10]'s Family","0 No=0 | 1 Himself/herself=1 | 2 His/her Spouse=2 | 3 His/her Children=3"
"raw_health","restricted_source/Health_Status_and_Functioning.dta","db029_11__s1","haven_labelled/vctrs_vctr/double","Who Help in Person from Sibling[11]'s Family","0 No=0 | 1 Himself/herself=1 | 2 His/her Spouse=2 | 3 His/her Children=3"
"raw_health","restricted_source/Health_Status_and_Functioning.dta","db029_11__s2","haven_labelled/vctrs_vctr/double","Who Help in Person from Sibling[11]'s Family","0 No=0 | 1 Himself/herself=1 | 2 His/her Spouse=2 | 3 His/her Children=3"
"raw_health","restricted_source/Health_Status_and_Functioning.dta","db029_11__s3","haven_labelled/vctrs_vctr/double","Who Help in Person from Sibling[11]'s Family","0 No=0 | 1 Himself/herself=1 | 2 His/her Spouse=2 | 3 His/her Children=3"
"raw_health","restricted_source/Health_Status_and_Functioning.dta","db029_12__s1","haven_labelled/vctrs_vctr/double","Who Help in Person from Sibling[12]'s Family","0 No=0 | 1 Himself/herself=1 | 2 His/her Spouse=2 | 3 His/her Children=3"
"raw_health","restricted_source/Health_Status_and_Functioning.dta","db029_12__s2","haven_labelled/vctrs_vctr/double","Who Help in Person from Sibling[12]'s Family","0 No=0 | 1 Himself/herself=1 | 2 His/her Spouse=2 | 3 His/her Children=3"
"raw_health","restricted_source/Health_Status_and_Functioning.dta","db029_12__s3","haven_labelled/vctrs_vctr/double","Who Help in Person from Sibling[12]'s Family","0 No=0 | 1 Himself/herself=1 | 2 His/her Spouse=2 | 3 His/her Children=3"
"raw_health","restricted_source/Health_Status_and_Functioning.dta","db029_13__s1","haven_labelled/vctrs_vctr/double","Who Help in Person from Sibling[13]'s Family","0 No=0 | 1 Himself/herself=1 | 2 His/her Spouse=2 | 3 His/her Children=3"
"raw_health","restricted_source/Health_Status_and_Functioning.dta","db029_13__s2","haven_labelled/vctrs_vctr/double","Who Help in Person from Sibling[13]'s Family","0 No=0 | 1 Himself/herself=1 | 2 His/her Spouse=2 | 3 His/her Children=3"
"raw_health","restricted_source/Health_Status_and_Functioning.dta","db029_13__s3","haven_labelled/vctrs_vctr/double","Who Help in Person from Sibling[13]'s Family","0 No=0 | 1 Himself/herself=1 | 2 His/her Spouse=2 | 3 His/her Children=3"
"raw_health","restricted_source/Health_Status_and_Functioning.dta","db029_14__s1","haven_labelled/vctrs_vctr/double","Who Help in Person from Sibling[14]'s Family","0 No=0 | 1 Himself/herself=1 | 2 His/her Spouse=2 | 3 His/her Children=3"
"raw_health","restricted_source/Health_Status_and_Functioning.dta","db029_14__s2","haven_labelled/vctrs_vctr/double","Who Help in Person from Sibling[14]'s Family","0 No=0 | 1 Himself/herself=1 | 2 His/her Spouse=2 | 3 His/her Children=3"
"raw_health","restricted_source/Health_Status_and_Functioning.dta","db029_14__s3","haven_labelled/vctrs_vctr/double","Who Help in Person from Sibling[14]'s Family","0 No=0 | 1 Himself/herself=1 | 2 His/her Spouse=2 | 3 His/her Children=3"
"raw_health","restricted_source/Health_Status_and_Functioning.dta","db029_15__s1","haven_labelled/vctrs_vctr/double","Who Help in Person from Sibling[15]'s Family","0 No=0 | 1 Himself/herself=1 | 2 His/her Spouse=2 | 3 His/her Children=3"
"raw_health","restricted_source/Health_Status_and_Functioning.dta","db029_15__s2","haven_labelled/vctrs_vctr/double","Who Help in Person from Sibling[15]'s Family","0 No=0 | 1 Himself/herself=1 | 2 His/her Spouse=2 | 3 His/her Children=3"
"raw_health","restricted_source/Health_Status_and_Functioning.dta","db029_15__s3","haven_labelled/vctrs_vctr/double","Who Help in Person from Sibling[15]'s Family","0 No=0 | 1 Himself/herself=1 | 2 His/her Spouse=2 | 3 His/her Children=3"
"raw_health","restricted_source/Health_Status_and_Functioning.dta","db029_16__s1","haven_labelled/vctrs_vctr/double","Who Help in Person from Sibling[16]'s Family","0 No=0 | 1 Himself/herself=1 | 2 His/her Spouse=2 | 3 His/her Children=3"
"raw_health","restricted_source/Health_Status_and_Functioning.dta","db029_16__s2","haven_labelled/vctrs_vctr/double","Who Help in Person from Sibling[16]'s Family","0 No=0 | 1 Himself/herself=1 | 2 His/her Spouse=2 | 3 His/her Children=3"
"raw_health","restricted_source/Health_Status_and_Functioning.dta","db029_16__s3","haven_labelled/vctrs_vctr/double","Who Help in Person from Sibling[16]'s Family","0 No=0 | 1 Himself/herself=1 | 2 His/her Spouse=2 | 3 His/her Children=3"
"raw_health","restricted_source/Health_Status_and_Functioning.dta","db029_17__s1","haven_labelled/vctrs_vctr/double","Who Help in Person from Sibling[17]'s Family","0 No=0 | 1 Himself/herself=1 | 2 His/her Spouse=2 | 3 His/her Children=3"
"raw_health","restricted_source/Health_Status_and_Functioning.dta","db029_17__s2","haven_labelled/vctrs_vctr/double","Who Help in Person from Sibling[17]'s Family","0 No=0 | 1 Himself/herself=1 | 2 His/her Spouse=2 | 3 His/her Children=3"
"raw_health","restricted_source/Health_Status_and_Functioning.dta","db029_17__s3","haven_labelled/vctrs_vctr/double","Who Help in Person from Sibling[17]'s Family","0 No=0 | 1 Himself/herself=1 | 2 His/her Spouse=2 | 3 His/her Children=3"
"raw_health","restricted_source/Health_Status_and_Functioning.dta","db029_18__s1","haven_labelled/vctrs_vctr/double","Who Help in Person from Sibling[18]'s Family","0 No=0 | 1 Himself/herself=1 | 2 His/her Spouse=2 | 3 His/her Children=3"
"raw_health","restricted_source/Health_Status_and_Functioning.dta","db029_18__s2","haven_labelled/vctrs_vctr/double","Who Help in Person from Sibling[18]'s Family","0 No=0 | 1 Himself/herself=1 | 2 His/her Spouse=2 | 3 His/her Children=3"
"raw_health","restricted_source/Health_Status_and_Functioning.dta","db029_18__s3","haven_labelled/vctrs_vctr/double","Who Help in Person from Sibling[18]'s Family","0 No=0 | 1 Himself/herself=1 | 2 His/her Spouse=2 | 3 His/her Children=3"
"raw_health","restricted_source/Health_Status_and_Functioning.dta","db029_19__s1","haven_labelled/vctrs_vctr/double","Who Help in Person from Sibling[19]'s Family","0 No=0 | 1 Himself/herself=1 | 2 His/her Spouse=2 | 3 His/her Children=3"
"raw_health","restricted_source/Health_Status_and_Functioning.dta","db029_19__s2","haven_labelled/vctrs_vctr/double","Who Help in Person from Sibling[19]'s Family","0 No=0 | 1 Himself/herself=1 | 2 His/her Spouse=2 | 3 His/her Children=3"
"raw_health","restricted_source/Health_Status_and_Functioning.dta","db029_19__s3","haven_labelled/vctrs_vctr/double","Who Help in Person from Sibling[19]'s Family","0 No=0 | 1 Himself/herself=1 | 2 His/her Spouse=2 | 3 His/her Children=3"
"raw_health","restricted_source/Health_Status_and_Functioning.dta","db029_20__s1","haven_labelled/vctrs_vctr/double","Who Help in Person from Sibling[20]'s Family","0 No=0 | 1 Himself/herself=1 | 2 His/her Spouse=2 | 3 His/her Children=3"
"raw_health","restricted_source/Health_Status_and_Functioning.dta","db029_20__s2","haven_labelled/vctrs_vctr/double","Who Help in Person from Sibling[20]'s Family","0 No=0 | 1 Himself/herself=1 | 2 His/her Spouse=2 | 3 His/her Children=3"
"raw_health","restricted_source/Health_Status_and_Functioning.dta","db029_20__s3","haven_labelled/vctrs_vctr/double","Who Help in Person from Sibling[20]'s Family","0 No=0 | 1 Himself/herself=1 | 2 His/her Spouse=2 | 3 His/her Children=3"
"raw_health","restricted_source/Health_Status_and_Functioning.dta","db029_21__s1","haven_labelled/vctrs_vctr/double","Who Help in Person from Sibling[21]'s Family","0 No=0 | 1 Himself/herself=1 | 2 His/her Spouse=2 | 3 His/her Children=3"
"raw_health","restricted_source/Health_Status_and_Functioning.dta","db029_21__s2","haven_labelled/vctrs_vctr/double","Who Help in Person from Sibling[21]'s Family","0 No=0 | 1 Himself/herself=1 | 2 His/her Spouse=2 | 3 His/her Children=3"
"raw_health","restricted_source/Health_Status_and_Functioning.dta","db029_21__s3","haven_labelled/vctrs_vctr/double","Who Help in Person from Sibling[21]'s Family","0 No=0 | 1 Himself/herself=1 | 2 His/her Spouse=2 | 3 His/her Children=3"
"raw_health","restricted_source/Health_Status_and_Functioning.dta","db029_22__s1","haven_labelled/vctrs_vctr/double","Who Help in Person from Sibling[22]'s Family","0 No=0 | 1 Himself/herself=1 | 2 His/her Spouse=2 | 3 His/her Children=3"
"raw_health","restricted_source/Health_Status_and_Functioning.dta","db029_22__s2","haven_labelled/vctrs_vctr/double","Who Help in Person from Sibling[22]'s Family","0 No=0 | 1 Himself/herself=1 | 2 His/her Spouse=2 | 3 His/her Children=3"
"raw_health","restricted_source/Health_Status_and_Functioning.dta","db029_22__s3","haven_labelled/vctrs_vctr/double","Who Help in Person from Sibling[22]'s Family","0 No=0 | 1 Himself/herself=1 | 2 His/her Spouse=2 | 3 His/her Children=3"
"raw_health","restricted_source/Health_Status_and_Functioning.dta","db029_23__s1","haven_labelled/vctrs_vctr/double","Who Help in Person from Sibling[23]'s Family","0 No=0 | 1 Himself/herself=1 | 2 His/her Spouse=2 | 3 His/her Children=3"
"raw_health","restricted_source/Health_Status_and_Functioning.dta","db029_23__s2","haven_labelled/vctrs_vctr/double","Who Help in Person from Sibling[23]'s Family","0 No=0 | 1 Himself/herself=1 | 2 His/her Spouse=2 | 3 His/her Children=3"
"raw_health","restricted_source/Health_Status_and_Functioning.dta","db029_23__s3","haven_labelled/vctrs_vctr/double","Who Help in Person from Sibling[23]'s Family","0 No=0 | 1 Himself/herself=1 | 2 His/her Spouse=2 | 3 His/her Children=3"
"raw_health","restricted_source/Health_Status_and_Functioning.dta","db029_24__s1","haven_labelled/vctrs_vctr/double","Who Help in Person from Sibling[24]'s Family","0 No=0 | 1 Himself/herself=1 | 2 His/her Spouse=2 | 3 His/her Children=3"
"raw_health","restricted_source/Health_Status_and_Functioning.dta","db029_24__s2","haven_labelled/vctrs_vctr/double","Who Help in Person from Sibling[24]'s Family","0 No=0 | 1 Himself/herself=1 | 2 His/her Spouse=2 | 3 His/her Children=3"
"raw_health","restricted_source/Health_Status_and_Functioning.dta","db029_24__s3","haven_labelled/vctrs_vctr/double","Who Help in Person from Sibling[24]'s Family","0 No=0 | 1 Himself/herself=1 | 2 His/her Spouse=2 | 3 His/her Children=3"
"raw_health","restricted_source/Health_Status_and_Functioning.dta","db029_25__s1","haven_labelled/vctrs_vctr/double","Who Help in Person from Sibling[25]'s Family","0 No=0 | 1 Himself/herself=1 | 2 His/her Spouse=2 | 3 His/her Children=3"
"raw_health","restricted_source/Health_Status_and_Functioning.dta","db029_25__s2","haven_labelled/vctrs_vctr/double","Who Help in Person from Sibling[25]'s Family","0 No=0 | 1 Himself/herself=1 | 2 His/her Spouse=2 | 3 His/her Children=3"
"raw_health","restricted_source/Health_Status_and_Functioning.dta","db029_25__s3","haven_labelled/vctrs_vctr/double","Who Help in Person from Sibling[25]'s Family","0 No=0 | 1 Himself/herself=1 | 2 His/her Spouse=2 | 3 His/her Children=3"
"raw_health","restricted_source/Health_Status_and_Functioning.dta","db029_26__s1","haven_labelled/vctrs_vctr/double","Who Help in Person from Sibling[26]'s Family","0 No=0 | 1 Himself/herself=1 | 2 His/her Spouse=2 | 3 His/her Children=3"
"raw_health","restricted_source/Health_Status_and_Functioning.dta","db029_26__s2","haven_labelled/vctrs_vctr/double","Who Help in Person from Sibling[26]'s Family","0 No=0 | 1 Himself/herself=1 | 2 His/her Spouse=2 | 3 His/her Children=3"
"raw_health","restricted_source/Health_Status_and_Functioning.dta","db029_26__s3","haven_labelled/vctrs_vctr/double","Who Help in Person from Sibling[26]'s Family","0 No=0 | 1 Himself/herself=1 | 2 His/her Spouse=2 | 3 His/her Children=3"
"raw_health","restricted_source/Health_Status_and_Functioning.dta","db029_27__s1","haven_labelled/vctrs_vctr/double","Who Help in Person from Sibling[27]'s Family","0 No=0 | 1 Himself/herself=1 | 2 His/her Spouse=2 | 3 His/her Children=3"
"raw_health","restricted_source/Health_Status_and_Functioning.dta","db029_27__s2","haven_labelled/vctrs_vctr/double","Who Help in Person from Sibling[27]'s Family","0 No=0 | 1 Himself/herself=1 | 2 His/her Spouse=2 | 3 His/her Children=3"
"raw_health","restricted_source/Health_Status_and_Functioning.dta","db029_27__s3","haven_labelled/vctrs_vctr/double","Who Help in Person from Sibling[27]'s Family","0 No=0 | 1 Himself/herself=1 | 2 His/her Spouse=2 | 3 His/her Children=3"
"raw_health","restricted_source/Health_Status_and_Functioning.dta","db029_28__s1","haven_labelled/vctrs_vctr/double","Who Help in Person from Sibling[28]'s Family","0 No=0 | 1 Himself/herself=1 | 2 His/her Spouse=2 | 3 His/her Children=3"
"raw_health","restricted_source/Health_Status_and_Functioning.dta","db029_28__s2","haven_labelled/vctrs_vctr/double","Who Help in Person from Sibling[28]'s Family","0 No=0 | 1 Himself/herself=1 | 2 His/her Spouse=2 | 3 His/her Children=3"
"raw_health","restricted_source/Health_Status_and_Functioning.dta","db029_28__s3","haven_labelled/vctrs_vctr/double","Who Help in Person from Sibling[28]'s Family","0 No=0 | 1 Himself/herself=1 | 2 His/her Spouse=2 | 3 His/her Children=3"
"raw_health","restricted_source/Health_Status_and_Functioning.dta","db029_29__s1","haven_labelled/vctrs_vctr/double","Who Help in Person from Sibling[29]'s Family","0 No=0 | 1 Himself/herself=1 | 2 His/her Spouse=2 | 3 His/her Children=3"
"raw_health","restricted_source/Health_Status_and_Functioning.dta","db029_29__s2","haven_labelled/vctrs_vctr/double","Who Help in Person from Sibling[29]'s Family","0 No=0 | 1 Himself/herself=1 | 2 His/her Spouse=2 | 3 His/her Children=3"
"raw_health","restricted_source/Health_Status_and_Functioning.dta","db029_29__s3","haven_labelled/vctrs_vctr/double","Who Help in Person from Sibling[29]'s Family","0 No=0 | 1 Himself/herself=1 | 2 His/her Spouse=2 | 3 His/her Children=3"
"raw_health","restricted_source/Health_Status_and_Functioning.dta","db029_30__s1","haven_labelled/vctrs_vctr/double","Who Help in Person from Sibling[30]'s Family","0 No=0 | 1 Himself/herself=1 | 2 His/her Spouse=2 | 3 His/her Children=3"
"raw_health","restricted_source/Health_Status_and_Functioning.dta","db029_30__s2","haven_labelled/vctrs_vctr/double","Who Help in Person from Sibling[30]'s Family","0 No=0 | 1 Himself/herself=1 | 2 His/her Spouse=2 | 3 His/her Children=3"
"raw_health","restricted_source/Health_Status_and_Functioning.dta","db029_30__s3","haven_labelled/vctrs_vctr/double","Who Help in Person from Sibling[30]'s Family","0 No=0 | 1 Himself/herself=1 | 2 His/her Spouse=2 | 3 His/her Children=3"
"raw_health","restricted_source/Health_Status_and_Functioning.dta","db029_31__s1","haven_labelled/vctrs_vctr/double","Who Help in Person from Sibling[31]'s Family","0 No=0 | 1 Himself/herself=1 | 2 His/her Spouse=2 | 3 His/her Children=3"
"raw_health","restricted_source/Health_Status_and_Functioning.dta","db029_31__s2","haven_labelled/vctrs_vctr/double","Who Help in Person from Sibling[31]'s Family","0 No=0 | 1 Himself/herself=1 | 2 His/her Spouse=2 | 3 His/her Children=3"
"raw_health","restricted_source/Health_Status_and_Functioning.dta","db029_31__s3","haven_labelled/vctrs_vctr/double","Who Help in Person from Sibling[31]'s Family","0 No=0 | 1 Himself/herself=1 | 2 His/her Spouse=2 | 3 His/her Children=3"
"raw_health","restricted_source/Health_Status_and_Functioning.dta","db029_32__s1","haven_labelled/vctrs_vctr/double","Who Help in Person from Sibling[32]'s Family","0 No=0 | 1 Himself/herself=1 | 2 His/her Spouse=2 | 3 His/her Children=3"
"raw_health","restricted_source/Health_Status_and_Functioning.dta","db029_32__s2","haven_labelled/vctrs_vctr/double","Who Help in Person from Sibling[32]'s Family","0 No=0 | 1 Himself/herself=1 | 2 His/her Spouse=2 | 3 His/her Children=3"
"raw_health","restricted_source/Health_Status_and_Functioning.dta","db029_32__s3","haven_labelled/vctrs_vctr/double","Who Help in Person from Sibling[32]'s Family","0 No=0 | 1 Himself/herself=1 | 2 His/her Spouse=2 | 3 His/her Children=3"
"raw_health","restricted_source/Health_Status_and_Functioning.dta","db029_33__s1","haven_labelled/vctrs_vctr/double","Who Help in Person from Sibling[33]'s Family","0 No=0 | 1 Himself/herself=1 | 2 His/her Spouse=2 | 3 His/her Children=3"
"raw_health","restricted_source/Health_Status_and_Functioning.dta","db029_33__s2","haven_labelled/vctrs_vctr/double","Who Help in Person from Sibling[33]'s Family","0 No=0 | 1 Himself/herself=1 | 2 His/her Spouse=2 | 3 His/her Children=3"
"raw_health","restricted_source/Health_Status_and_Functioning.dta","db029_33__s3","haven_labelled/vctrs_vctr/double","Who Help in Person from Sibling[33]'s Family","0 No=0 | 1 Himself/herself=1 | 2 His/her Spouse=2 | 3 His/her Children=3"
"raw_health","restricted_source/Health_Status_and_Functioning.dta","db029_34__s1","haven_labelled/vctrs_vctr/double","Who Help in Person from Sibling[34]'s Family","0 No=0 | 1 Himself/herself=1 | 2 His/her Spouse=2 | 3 His/her Children=3"
"raw_health","restricted_source/Health_Status_and_Functioning.dta","db029_34__s2","haven_labelled/vctrs_vctr/double","Who Help in Person from Sibling[34]'s Family","0 No=0 | 1 Himself/herself=1 | 2 His/her Spouse=2 | 3 His/her Children=3"
"raw_health","restricted_source/Health_Status_and_Functioning.dta","db029_34__s3","haven_labelled/vctrs_vctr/double","Who Help in Person from Sibling[34]'s Family","0 No=0 | 1 Himself/herself=1 | 2 His/her Spouse=2 | 3 His/her Children=3"
"raw_health","restricted_source/Health_Status_and_Functioning.dta","db029_35__s1","haven_labelled/vctrs_vctr/double","Who Help in Person from Sibling[35]'s Family","0 No=0 | 1 Himself/herself=1 | 2 His/her Spouse=2 | 3 His/her Children=3"
"raw_health","restricted_source/Health_Status_and_Functioning.dta","db029_35__s2","haven_labelled/vctrs_vctr/double","Who Help in Person from Sibling[35]'s Family","0 No=0 | 1 Himself/herself=1 | 2 His/her Spouse=2 | 3 His/her Children=3"
"raw_health","restricted_source/Health_Status_and_Functioning.dta","db029_35__s3","haven_labelled/vctrs_vctr/double","Who Help in Person from Sibling[35]'s Family","0 No=0 | 1 Himself/herself=1 | 2 His/her Spouse=2 | 3 His/her Children=3"
"raw_health","restricted_source/Health_Status_and_Functioning.dta","db029_36__s1","haven_labelled/vctrs_vctr/double","Who Help in Person from Sibling[36]'s Family","0 No=0 | 1 Himself/herself=1 | 2 His/her Spouse=2 | 3 His/her Children=3"
"raw_health","restricted_source/Health_Status_and_Functioning.dta","db029_36__s2","haven_labelled/vctrs_vctr/double","Who Help in Person from Sibling[36]'s Family","0 No=0 | 1 Himself/herself=1 | 2 His/her Spouse=2 | 3 His/her Children=3"
"raw_health","restricted_source/Health_Status_and_Functioning.dta","db029_36__s3","haven_labelled/vctrs_vctr/double","Who Help in Person from Sibling[36]'s Family","0 No=0 | 1 Himself/herself=1 | 2 His/her Spouse=2 | 3 His/her Children=3"
"raw_health","restricted_source/Health_Status_and_Functioning.dta","db029_37__s1","haven_labelled/vctrs_vctr/double","Who Help in Person from Sibling[37]'s Family","0 No=0 | 1 Himself/herself=1 | 2 His/her Spouse=2 | 3 His/her Children=3"
"raw_health","restricted_source/Health_Status_and_Functioning.dta","db029_37__s2","haven_labelled/vctrs_vctr/double","Who Help in Person from Sibling[37]'s Family","0 No=0 | 1 Himself/herself=1 | 2 His/her Spouse=2 | 3 His/her Children=3"
"raw_health","restricted_source/Health_Status_and_Functioning.dta","db029_37__s3","haven_labelled/vctrs_vctr/double","Who Help in Person from Sibling[37]'s Family","0 No=0 | 1 Himself/herself=1 | 2 His/her Spouse=2 | 3 His/her Children=3"
"raw_health","restricted_source/Health_Status_and_Functioning.dta","db029_38__s1","haven_labelled/vctrs_vctr/double","Who Help in Person from Sibling[38]'s Family","0 No=0 | 1 Himself/herself=1 | 2 His/her Spouse=2 | 3 His/her Children=3"
"raw_health","restricted_source/Health_Status_and_Functioning.dta","db029_38__s2","haven_labelled/vctrs_vctr/double","Who Help in Person from Sibling[38]'s Family","0 No=0 | 1 Himself/herself=1 | 2 His/her Spouse=2 | 3 His/her Children=3"
"raw_health","restricted_source/Health_Status_and_Functioning.dta","db029_38__s3","haven_labelled/vctrs_vctr/double","Who Help in Person from Sibling[38]'s Family","0 No=0 | 1 Himself/herself=1 | 2 His/her Spouse=2 | 3 His/her Children=3"
"raw_health","restricted_source/Health_Status_and_Functioning.dta","db029_39__s1","haven_labelled/vctrs_vctr/double","Who Help in Person from Sibling[39]'s Family","0 No=0 | 1 Himself/herself=1 | 2 His/her Spouse=2 | 3 His/her Children=3"
"raw_health","restricted_source/Health_Status_and_Functioning.dta","db029_39__s2","haven_labelled/vctrs_vctr/double","Who Help in Person from Sibling[39]'s Family","0 No=0 | 1 Himself/herself=1 | 2 His/her Spouse=2 | 3 His/her Children=3"
"raw_health","restricted_source/Health_Status_and_Functioning.dta","db029_39__s3","haven_labelled/vctrs_vctr/double","Who Help in Person from Sibling[39]'s Family","0 No=0 | 1 Himself/herself=1 | 2 His/her Spouse=2 | 3 His/her Children=3"
"raw_health","restricted_source/Health_Status_and_Functioning.dta","db029_40__s1","haven_labelled/vctrs_vctr/double","Who Help in Person from Sibling[40]'s Family","0 No=0 | 1 Himself/herself=1 | 2 His/her Spouse=2 | 3 His/her Children=3"
"raw_health","restricted_source/Health_Status_and_Functioning.dta","db029_40__s2","haven_labelled/vctrs_vctr/double","Who Help in Person from Sibling[40]'s Family","0 No=0 | 1 Himself/herself=1 | 2 His/her Spouse=2 | 3 His/her Children=3"
"raw_health","restricted_source/Health_Status_and_Functioning.dta","db029_40__s3","haven_labelled/vctrs_vctr/double","Who Help in Person from Sibling[40]'s Family","0 No=0 | 1 Himself/herself=1 | 2 His/her Spouse=2 | 3 His/her Children=3"
"raw_health","restricted_source/Health_Status_and_Functioning.dta","db029_1_1_","numeric","Number of Children Helped",""
"raw_health","restricted_source/Health_Status_and_Functioning.dta","db029_1_2_","numeric","Number of Children Helped",""
"raw_health","restricted_source/Health_Status_and_Functioning.dta","db029_1_3_","numeric","Number of Children Helped",""
"raw_health","restricted_source/Health_Status_and_Functioning.dta","db029_1_4_","numeric","Number of Children Helped",""
"raw_health","restricted_source/Health_Status_and_Functioning.dta","db029_1_5_","numeric","Number of Children Helped",""
"raw_health","restricted_source/Health_Status_and_Functioning.dta","db029_1_6_","numeric","Number of Children Helped",""
"raw_health","restricted_source/Health_Status_and_Functioning.dta","db029_1_7_","numeric","Number of Children Helped",""
"raw_health","restricted_source/Health_Status_and_Functioning.dta","db029_1_8_","character","Number of Children Helped",""
"raw_health","restricted_source/Health_Status_and_Functioning.dta","db029_1_9_","character","Number of Children Helped",""
"raw_health","restricted_source/Health_Status_and_Functioning.dta","db029_1_10_","character","Number of Children Helped",""
"raw_health","restricted_source/Health_Status_and_Functioning.dta","db029_1_11_","character","Number of Children Helped",""
"raw_health","restricted_source/Health_Status_and_Functioning.dta","db029_1_12_","character","Number of Children Helped",""
"raw_health","restricted_source/Health_Status_and_Functioning.dta","db029_1_13_","character","Number of Children Helped",""
"raw_health","restricted_source/Health_Status_and_Functioning.dta","db029_1_14_","character","Number of Children Helped",""
"raw_health","restricted_source/Health_Status_and_Functioning.dta","db029_1_15_","character","Number of Children Helped",""
"raw_health","restricted_source/Health_Status_and_Functioning.dta","db029_1_16_","numeric","Number of Children Helped",""
"raw_health","restricted_source/Health_Status_and_Functioning.dta","db029_1_17_","numeric","Number of Children Helped",""
"raw_health","restricted_source/Health_Status_and_Functioning.dta","db029_1_18_","numeric","Number of Children Helped",""
"raw_health","restricted_source/Health_Status_and_Functioning.dta","db029_1_19_","numeric","Number of Children Helped",""
"raw_health","restricted_source/Health_Status_and_Functioning.dta","db029_1_20_","numeric","Number of Children Helped",""
"raw_health","restricted_source/Health_Status_and_Functioning.dta","db029_1_21_","numeric","Number of Children Helped",""
"raw_health","restricted_source/Health_Status_and_Functioning.dta","db029_1_22_","numeric","Number of Children Helped",""
"raw_health","restricted_source/Health_Status_and_Functioning.dta","db029_1_23_","character","Number of Children Helped",""
"raw_health","restricted_source/Health_Status_and_Functioning.dta","db029_1_24_","character","Number of Children Helped",""
"raw_health","restricted_source/Health_Status_and_Functioning.dta","db029_1_25_","character","Number of Children Helped",""
"raw_health","restricted_source/Health_Status_and_Functioning.dta","db029_1_26_","character","Number of Children Helped",""
"raw_health","restricted_source/Health_Status_and_Functioning.dta","db029_1_27_","character","Number of Children Helped",""
"raw_health","restricted_source/Health_Status_and_Functioning.dta","db029_1_28_","character","Number of Children Helped",""
"raw_health","restricted_source/Health_Status_and_Functioning.dta","db029_1_29_","character","Number of Children Helped",""
"raw_health","restricted_source/Health_Status_and_Functioning.dta","db029_1_30_","character","Number of Children Helped",""
"raw_health","restricted_source/Health_Status_and_Functioning.dta","db029_1_31_","numeric","Number of Children Helped",""
"raw_health","restricted_source/Health_Status_and_Functioning.dta","db029_1_32_","numeric","Number of Children Helped",""
"raw_health","restricted_source/Health_Status_and_Functioning.dta","db029_1_33_","numeric","Number of Children Helped",""
"raw_health","restricted_source/Health_Status_and_Functioning.dta","db029_1_34_","numeric","Number of Children Helped",""
"raw_health","restricted_source/Health_Status_and_Functioning.dta","db029_1_35_","character","Number of Children Helped",""
"raw_health","restricted_source/Health_Status_and_Functioning.dta","db029_1_36_","character","Number of Children Helped",""
"raw_health","restricted_source/Health_Status_and_Functioning.dta","db029_1_37_","character","Number of Children Helped",""
"raw_health","restricted_source/Health_Status_and_Functioning.dta","db029_1_38_","character","Number of Children Helped",""
"raw_health","restricted_source/Health_Status_and_Functioning.dta","db029_1_39_","character","Number of Children Helped",""
"raw_health","restricted_source/Health_Status_and_Functioning.dta","db029_1_40_","character","Number of Children Helped",""
"raw_health","restricted_source/Health_Status_and_Functioning.dta","db030","numeric","Number of Relatives Help in Person",""
"raw_health","restricted_source/Health_Status_and_Functioning.dta","db031","numeric","Number of Others Who Help in Person",""
"raw_health","restricted_source/Health_Status_and_Functioning.dta","db032_s1","haven_labelled/vctrs_vctr/double","Choose Most Important 7 Helpers","0 No=0 | 1 Helper[1]=1"
"raw_health","restricted_source/Health_Status_and_Functioning.dta","db032_s2","haven_labelled/vctrs_vctr/double","Choose Most Important 7 Helpers","0 No=0 | 2 Helper[2]=2"
"raw_health","restricted_source/Health_Status_and_Functioning.dta","db032_s3","haven_labelled/vctrs_vctr/double","Choose Most Important 7 Helpers","0 No=0 | 3 Helper[3]=3"
"raw_health","restricted_source/Health_Status_and_Functioning.dta","db032_s4","haven_labelled/vctrs_vctr/double","Choose Most Important 7 Helpers","0 No=0 | 4 Helper[4]=4"
"raw_health","restricted_source/Health_Status_and_Functioning.dta","db032_s5","haven_labelled/vctrs_vctr/double","Choose Most Important 7 Helpers","0 No=0 | 5 Helper[5]=5"
"raw_health","restricted_source/Health_Status_and_Functioning.dta","db032_s6","haven_labelled/vctrs_vctr/double","Choose Most Important 7 Helpers","0 No=0 | 6 Helper[6]=6"
"raw_health","restricted_source/Health_Status_and_Functioning.dta","db032_s7","haven_labelled/vctrs_vctr/double","Choose Most Important 7 Helpers","0 No=0 | 7 Helper[7]=7"
"raw_health","restricted_source/Health_Status_and_Functioning.dta","db032_s8","haven_labelled/vctrs_vctr/double","Choose Most Important 7 Helpers","0 No=0 | 8 Helper[8]=8"
"raw_health","restricted_source/Health_Status_and_Functioning.dta","db032_s9","haven_labelled/vctrs_vctr/double","Choose Most Important 7 Helpers","0 No=0 | 9 Helper[9]=9"
"raw_health","restricted_source/Health_Status_and_Functioning.dta","db032_s10","haven_labelled/vctrs_vctr/double","Choose Most Important 7 Helpers","0 No=0 | 10 Helper[10]=10"
"raw_health","restricted_source/Health_Status_and_Functioning.dta","db032_s11","haven_labelled/vctrs_vctr/double","Choose Most Important 7 Helpers","0 No=0 | 11 Helper[11]=11"
"raw_health","restricted_source/Health_Status_and_Functioning.dta","db032_s12","haven_labelled/vctrs_vctr/double","Choose Most Important 7 Helpers","0 No=0 | 12 Helper[12]=12"
"raw_health","restricted_source/Health_Status_and_Functioning.dta","db032_s13","haven_labelled/vctrs_vctr/double","Choose Most Important 7 Helpers","0 No=0 | 13 Helper[13]=13"
"raw_health","restricted_source/Health_Status_and_Functioning.dta","db032_s14","haven_labelled/vctrs_vctr/double","Choose Most Important 7 Helpers","0 No=0 | 14 Helper[14]=14"
"raw_health","restricted_source/Health_Status_and_Functioning.dta","db032_s15","haven_labelled/vctrs_vctr/double","Choose Most Important 7 Helpers","0 No=0 | 15 Helper[15]=15"
"raw_health","restricted_source/Health_Status_and_Functioning.dta","db032_s16","haven_labelled/vctrs_vctr/double","Choose Most Important 7 Helpers","0 No=0 | 16 Helper[16]=16"
"raw_health","restricted_source/Health_Status_and_Functioning.dta","db032_s17","haven_labelled/vctrs_vctr/double","Choose Most Important 7 Helpers","0 No=0 | 17 Helper[17]=17"
"raw_health","restricted_source/Health_Status_and_Functioning.dta","db032_s18","haven_labelled/vctrs_vctr/double","Choose Most Important 7 Helpers","0 No=0 | 18 Helper[18]=18"
"raw_health","restricted_source/Health_Status_and_Functioning.dta","db032_s19","haven_labelled/vctrs_vctr/double","Choose Most Important 7 Helpers","0 No=0 | 19 Helper[19]=19"
"raw_health","restricted_source/Health_Status_and_Functioning.dta","db032_s20","haven_labelled/vctrs_vctr/double","Choose Most Important 7 Helpers","0 No=0 | 20 Helper[20]=20"
"raw_health","restricted_source/Health_Status_and_Functioning.dta","db032_s21","haven_labelled/vctrs_vctr/double","Choose Most Important 7 Helpers","0 No=0 | 21 Helper[21]=21"
"raw_health","restricted_source/Health_Status_and_Functioning.dta","db032_s22","haven_labelled/vctrs_vctr/double","Choose Most Important 7 Helpers","0 No=0 | 22 Helper[22]=22"
"raw_health","restricted_source/Health_Status_and_Functioning.dta","db032_s23","haven_labelled/vctrs_vctr/double","Choose Most Important 7 Helpers","0 No=0 | 23 Helper[23]=23"
"raw_health","restricted_source/Health_Status_and_Functioning.dta","db032_s24","haven_labelled/vctrs_vctr/double","Choose Most Important 7 Helpers","0 No=0 | 24 Helper[24]=24"
"raw_health","restricted_source/Health_Status_and_Functioning.dta","db032_s25","haven_labelled/vctrs_vctr/double","Choose Most Important 7 Helpers","0 No=0 | 25 Helper[25]=25"
"raw_health","restricted_source/Health_Status_and_Functioning.dta","db033_1_","numeric","Days Helper[1] Helped",""
"raw_health","restricted_source/Health_Status_and_Functioning.dta","db033_2_","numeric","Days Helper[2] Helped",""
"raw_health","restricted_source/Health_Status_and_Functioning.dta","db033_3_","numeric","Days Helper[3] Helped",""
"raw_health","restricted_source/Health_Status_and_Functioning.dta","db033_4_","numeric","Days Helper[4] Helped",""
"raw_health","restricted_source/Health_Status_and_Functioning.dta","db033_5_","numeric","Days Helper[5] Helped",""
"raw_health","restricted_source/Health_Status_and_Functioning.dta","db033_6_","numeric","Days Helper[6] Helped",""
"raw_health","restricted_source/Health_Status_and_Functioning.dta","db033_7_","numeric","Days Helper[7] Helped",""
"raw_health","restricted_source/Health_Status_and_Functioning.dta","db033_8_","numeric","Days Helper[8] Helped",""
"raw_health","restricted_source/Health_Status_and_Functioning.dta","db033_9_","numeric","Days Helper[9] Helped",""
"raw_health","restricted_source/Health_Status_and_Functioning.dta","db033_10_","numeric","Days Helper[10] Helped",""
"raw_health","restricted_source/Health_Status_and_Functioning.dta","db033_11_","numeric","Days Helper[11] Helped",""
"raw_health","restricted_source/Health_Status_and_Functioning.dta","db033_12_","numeric","Days Helper[12] Helped",""
"raw_health","restricted_source/Health_Status_and_Functioning.dta","db033_13_","numeric","Days Helper[13] Helped",""
"raw_health","restricted_source/Health_Status_and_Functioning.dta","db033_14_","numeric","Days Helper[14] Helped",""
"raw_health","restricted_source/Health_Status_and_Functioning.dta","db033_15_","numeric","Days Helper[15] Helped",""
"raw_health","restricted_source/Health_Status_and_Functioning.dta","db033_16_","numeric","Days Helper[16] Helped",""
"raw_health","restricted_source/Health_Status_and_Functioning.dta","db033_17_","numeric","Days Helper[17] Helped",""
"raw_health","restricted_source/Health_Status_and_Functioning.dta","db033_18_","numeric","Days Helper[18] Helped",""
"raw_health","restricted_source/Health_Status_and_Functioning.dta","db033_19_","numeric","Days Helper[19] Helped",""
"raw_health","restricted_source/Health_Status_and_Functioning.dta","db033_20_","numeric","Days Helper[20] Helped",""
"raw_health","restricted_source/Health_Status_and_Functioning.dta","db033_21_","character","Days Helper[21] Helped",""
"raw_health","restricted_source/Health_Status_and_Functioning.dta","db033_22_","numeric","Days Helper[22] Helped",""
"raw_health","restricted_source/Health_Status_and_Functioning.dta","db033_23_","character","Days Helper[23] Helped",""
"raw_health","restricted_source/Health_Status_and_Functioning.dta","db033_24_","character","Days Helper[24] Helped",""
"raw_health","restricted_source/Health_Status_and_Functioning.dta","db033_25_","numeric","Days Helper[25] Helped",""
"raw_health","restricted_source/Health_Status_and_Functioning.dta","db034_1_","numeric","Hours Helper[1] Helped",""
"raw_health","restricted_source/Health_Status_and_Functioning.dta","db034_2_","numeric","Hours Helper[2] Helped",""
"raw_health","restricted_source/Health_Status_and_Functioning.dta","db034_3_","numeric","Hours Helper[3] Helped",""
"raw_health","restricted_source/Health_Status_and_Functioning.dta","db034_4_","numeric","Hours Helper[4] Helped",""
"raw_health","restricted_source/Health_Status_and_Functioning.dta","db034_5_","numeric","Hours Helper[5] Helped",""
"raw_health","restricted_source/Health_Status_and_Functioning.dta","db034_6_","numeric","Hours Helper[6] Helped",""
"raw_health","restricted_source/Health_Status_and_Functioning.dta","db034_7_","numeric","Hours Helper[7] Helped",""
"raw_health","restricted_source/Health_Status_and_Functioning.dta","db034_8_","numeric","Hours Helper[8] Helped",""
"raw_health","restricted_source/Health_Status_and_Functioning.dta","db034_9_","numeric","Hours Helper[9] Helped",""
"raw_health","restricted_source/Health_Status_and_Functioning.dta","db034_10_","numeric","Hours Helper[10] Helped",""
"raw_health","restricted_source/Health_Status_and_Functioning.dta","db034_11_","numeric","Hours Helper[11] Helped",""
"raw_health","restricted_source/Health_Status_and_Functioning.dta","db034_12_","numeric","Hours Helper[12] Helped",""
"raw_health","restricted_source/Health_Status_and_Functioning.dta","db034_13_","numeric","Hours Helper[13] Helped",""
"raw_health","restricted_source/Health_Status_and_Functioning.dta","db034_14_","numeric","Hours Helper[14] Helped",""
"raw_health","restricted_source/Health_Status_and_Functioning.dta","db034_15_","numeric","Hours Helper[15] Helped",""
"raw_health","restricted_source/Health_Status_and_Functioning.dta","db034_16_","numeric","Hours Helper[16] Helped",""
"raw_health","restricted_source/Health_Status_and_Functioning.dta","db034_17_","numeric","Hours Helper[17] Helped",""
"raw_health","restricted_source/Health_Status_and_Functioning.dta","db034_18_","numeric","Hours Helper[18] Helped",""
"raw_health","restricted_source/Health_Status_and_Functioning.dta","db034_19_","numeric","Hours Helper[19] Helped",""
"raw_health","restricted_source/Health_Status_and_Functioning.dta","db034_20_","numeric","Hours Helper[20] Helped",""
"raw_health","restricted_source/Health_Status_and_Functioning.dta","db034_21_","character","Hours Helper[21] Helped",""
"raw_health","restricted_source/Health_Status_and_Functioning.dta","db034_22_","numeric","Hours Helper[22] Helped",""
"raw_health","restricted_source/Health_Status_and_Functioning.dta","db034_23_","character","Hours Helper[23] Helped",""
"raw_health","restricted_source/Health_Status_and_Functioning.dta","db034_24_","character","Hours Helper[24] Helped",""
"raw_health","restricted_source/Health_Status_and_Functioning.dta","db034_25_","numeric","Hours Helper[25] Helped",""
"raw_health","restricted_source/Health_Status_and_Functioning.dta","db035_1_","haven_labelled/vctrs_vctr/double","Helper[1] Living in Your Home","1 Yes=1 | 2 No=2"
"raw_health","restricted_source/Health_Status_and_Functioning.dta","db035_2_","haven_labelled/vctrs_vctr/double","Helper[2] Living in Your Home","1 Yes=1 | 2 No=2"
"raw_health","restricted_source/Health_Status_and_Functioning.dta","db035_3_","haven_labelled/vctrs_vctr/double","Helper[3] Living in Your Home","1 Yes=1 | 2 No=2"
"raw_health","restricted_source/Health_Status_and_Functioning.dta","db035_4_","haven_labelled/vctrs_vctr/double","Helper[4] Living in Your Home","1 Yes=1 | 2 No=2"
"raw_health","restricted_source/Health_Status_and_Functioning.dta","db035_5_","haven_labelled/vctrs_vctr/double","Helper[5] Living in Your Home","1 Yes=1 | 2 No=2"
"raw_health","restricted_source/Health_Status_and_Functioning.dta","db035_6_","haven_labelled/vctrs_vctr/double","Helper[6] Living in Your Home","1 Yes=1 | 2 No=2"
"raw_health","restricted_source/Health_Status_and_Functioning.dta","db035_7_","haven_labelled/vctrs_vctr/double","Helper[7] Living in Your Home","1 Yes=1 | 2 No=2"
"raw_health","restricted_source/Health_Status_and_Functioning.dta","db035_8_","haven_labelled/vctrs_vctr/double","Helper[8] Living in Your Home","1 Yes=1 | 2 No=2"
"raw_health","restricted_source/Health_Status_and_Functioning.dta","db035_9_","haven_labelled/vctrs_vctr/double","Helper[9] Living in Your Home","1 Yes=1 | 2 No=2"
"raw_health","restricted_source/Health_Status_and_Functioning.dta","db035_10_","haven_labelled/vctrs_vctr/double","Helper[10] Living in Your Home","1 Yes=1 | 2 No=2"
"raw_health","restricted_source/Health_Status_and_Functioning.dta","db035_11_","haven_labelled/vctrs_vctr/double","Helper[11] Living in Your Home","1 Yes=1 | 2 No=2"
"raw_health","restricted_source/Health_Status_and_Functioning.dta","db035_12_","haven_labelled/vctrs_vctr/double","Helper[12] Living in Your Home","1 Yes=1 | 2 No=2"
"raw_health","restricted_source/Health_Status_and_Functioning.dta","db035_13_","haven_labelled/vctrs_vctr/double","Helper[13] Living in Your Home","1 Yes=1 | 2 No=2"
"raw_health","restricted_source/Health_Status_and_Functioning.dta","db035_14_","haven_labelled/vctrs_vctr/double","Helper[14] Living in Your Home","1 Yes=1 | 2 No=2"
"raw_health","restricted_source/Health_Status_and_Functioning.dta","db035_15_","haven_labelled/vctrs_vctr/double","Helper[15] Living in Your Home","1 Yes=1 | 2 No=2"
"raw_health","restricted_source/Health_Status_and_Functioning.dta","db035_16_","haven_labelled/vctrs_vctr/double","Helper[16] Living in Your Home","1 Yes=1 | 2 No=2"
"raw_health","restricted_source/Health_Status_and_Functioning.dta","db035_17_","haven_labelled/vctrs_vctr/double","Helper[17] Living in Your Home","1 Yes=1 | 2 No=2"
"raw_health","restricted_source/Health_Status_and_Functioning.dta","db035_18_","haven_labelled/vctrs_vctr/double","Helper[18] Living in Your Home","1 Yes=1 | 2 No=2"
"raw_health","restricted_source/Health_Status_and_Functioning.dta","db035_19_","haven_labelled/vctrs_vctr/double","Helper[19] Living in Your Home","1 Yes=1 | 2 No=2"
"raw_health","restricted_source/Health_Status_and_Functioning.dta","db035_20_","haven_labelled/vctrs_vctr/double","Helper[20] Living in Your Home","1 Yes=1 | 2 No=2"
"raw_health","restricted_source/Health_Status_and_Functioning.dta","db035_21_","haven_labelled/vctrs_vctr/double","Helper[21] Living in Your Home","1 Yes=1 | 2 No=2"
"raw_health","restricted_source/Health_Status_and_Functioning.dta","db035_22_","haven_labelled/vctrs_vctr/double","Helper[22] Living in Your Home","1 Yes=1 | 2 No=2"
"raw_health","restricted_source/Health_Status_and_Functioning.dta","db035_23_","haven_labelled/vctrs_vctr/double","Helper[23] Living in Your Home","1 Yes=1 | 2 No=2"
"raw_health","restricted_source/Health_Status_and_Functioning.dta","db035_24_","haven_labelled/vctrs_vctr/double","Helper[24] Living in Your Home","1 Yes=1 | 2 No=2"
"raw_health","restricted_source/Health_Status_and_Functioning.dta","db035_25_","haven_labelled/vctrs_vctr/double","Helper[25] Living in Your Home","1 Yes=1 | 2 No=2"
"raw_health","restricted_source/Health_Status_and_Functioning.dta","db036","haven_labelled/vctrs_vctr/double","Any Possible Helper in the Future","1 Yes=1 | 2 No=2"
"raw_health","restricted_source/Health_Status_and_Functioning.dta","db037_s1","haven_labelled/vctrs_vctr/double","Helper[1]'s Relationship to You","0 No=0 | 1 Spouse=1 | 2 Father, Mother, Father-in-Law, Mother-in-Law=2 | 3 Children, Children's Spouse, Grandson, Granddaughter=3 | 4 Sibling, Brother-in-Law, Sister-in-Law, Sibling of Spouse, Etc=4 | 5 Other Relative=5 | 6 Paid Helper (Such as Nanny)=6 | 7 Volunteer or Employee of Facility=7 | 8 Nursing Home=8 | 9 Staff from Home-based Nursing Service=9 | 10 Help from the Community=10 | 11 Other, Please Specify=11"
"raw_health","restricted_source/Health_Status_and_Functioning.dta","db037_s2","haven_labelled/vctrs_vctr/double","Helper[2]'s Relationship to You","0 No=0 | 1 Spouse=1 | 2 Father, Mother, Father-in-Law, Mother-in-Law=2 | 3 Children, Children's Spouse, Grandson, Granddaughter=3 | 4 Sibling, Brother-in-Law, Sister-in-Law, Sibling of Spouse, Etc=4 | 5 Other Relative=5 | 6 Paid Helper (Such as Nanny)=6 | 7 Volunteer or Employee of Facility=7 | 8 Nursing Home=8 | 9 Staff from Home-based Nursing Service=9 | 10 Help from the Community=10 | 11 Other, Please Specify=11"
"raw_health","restricted_source/Health_Status_and_Functioning.dta","db037_s3","haven_labelled/vctrs_vctr/double","Helper[3]'s Relationship to You","0 No=0 | 1 Spouse=1 | 2 Father, Mother, Father-in-Law, Mother-in-Law=2 | 3 Children, Children's Spouse, Grandson, Granddaughter=3 | 4 Sibling, Brother-in-Law, Sister-in-Law, Sibling of Spouse, Etc=4 | 5 Other Relative=5 | 6 Paid Helper (Such as Nanny)=6 | 7 Volunteer or Employee of Facility=7 | 8 Nursing Home=8 | 9 Staff from Home-based Nursing Service=9 | 10 Help from the Community=10 | 11 Other, Please Specify=11"
"raw_health","restricted_source/Health_Status_and_Functioning.dta","db037_s4","haven_labelled/vctrs_vctr/double","Helper[4]'s Relationship to You","0 No=0 | 1 Spouse=1 | 2 Father, Mother, Father-in-Law, Mother-in-Law=2 | 3 Children, Children's Spouse, Grandson, Granddaughter=3 | 4 Sibling, Brother-in-Law, Sister-in-Law, Sibling of Spouse, Etc=4 | 5 Other Relative=5 | 6 Paid Helper (Such as Nanny)=6 | 7 Volunteer or Employee of Facility=7 | 8 Nursing Home=8 | 9 Staff from Home-based Nursing Service=9 | 10 Help from the Community=10 | 11 Other, Please Specify=11"
"raw_health","restricted_source/Health_Status_and_Functioning.dta","db037_s5","haven_labelled/vctrs_vctr/double","Helper[5]'s Relationship to You","0 No=0 | 1 Spouse=1 | 2 Father, Mother, Father-in-Law, Mother-in-Law=2 | 3 Children, Children's Spouse, Grandson, Granddaughter=3 | 4 Sibling, Brother-in-Law, Sister-in-Law, Sibling of Spouse, Etc=4 | 5 Other Relative=5 | 6 Paid Helper (Such as Nanny)=6 | 7 Volunteer or Employee of Facility=7 | 8 Nursing Home=8 | 9 Staff from Home-based Nursing Service=9 | 10 Help from the Community=10 | 11 Other, Please Specify=11"
"raw_health","restricted_source/Health_Status_and_Functioning.dta","db037_s6","haven_labelled/vctrs_vctr/double","Helper[6]'s Relationship to You","0 No=0 | 1 Spouse=1 | 2 Father, Mother, Father-in-Law, Mother-in-Law=2 | 3 Children, Children's Spouse, Grandson, Granddaughter=3 | 4 Sibling, Brother-in-Law, Sister-in-Law, Sibling of Spouse, Etc=4 | 5 Other Relative=5 | 6 Paid Helper (Such as Nanny)=6 | 7 Volunteer or Employee of Facility=7 | 8 Nursing Home=8 | 9 Staff from Home-based Nursing Service=9 | 10 Help from the Community=10 | 11 Other, Please Specify=11"
"raw_health","restricted_source/Health_Status_and_Functioning.dta","db037_s7","haven_labelled/vctrs_vctr/double","Helper[7]'s Relationship to You","0 No=0 | 1 Spouse=1 | 2 Father, Mother, Father-in-Law, Mother-in-Law=2 | 3 Children, Children's Spouse, Grandson, Granddaughter=3 | 4 Sibling, Brother-in-Law, Sister-in-Law, Sibling of Spouse, Etc=4 | 5 Other Relative=5 | 6 Paid Helper (Such as Nanny)=6 | 7 Volunteer or Employee of Facility=7 | 8 Nursing Home=8 | 9 Staff from Home-based Nursing Service=9 | 10 Help from the Community=10 | 11 Other, Please Specify=11"
"raw_health","restricted_source/Health_Status_and_Functioning.dta","db037_s8","haven_labelled/vctrs_vctr/double","Helper[8]'s Relationship to You","0 No=0 | 1 Spouse=1 | 2 Father, Mother, Father-in-Law, Mother-in-Law=2 | 3 Children, Children's Spouse, Grandson, Granddaughter=3 | 4 Sibling, Brother-in-Law, Sister-in-Law, Sibling of Spouse, Etc=4 | 5 Other Relative=5 | 6 Paid Helper (Such as Nanny)=6 | 7 Volunteer or Employee of Facility=7 | 8 Nursing Home=8 | 9 Staff from Home-based Nursing Service=9 | 10 Help from the Community=10 | 11 Other, Please Specify=11"
"raw_health","restricted_source/Health_Status_and_Functioning.dta","db037_s9","haven_labelled/vctrs_vctr/double","Helper[9]'s Relationship to You","0 No=0 | 1 Spouse=1 | 2 Father, Mother, Father-in-Law, Mother-in-Law=2 | 3 Children, Children's Spouse, Grandson, Granddaughter=3 | 4 Sibling, Brother-in-Law, Sister-in-Law, Sibling of Spouse, Etc=4 | 5 Other Relative=5 | 6 Paid Helper (Such as Nanny)=6 | 7 Volunteer or Employee of Facility=7 | 8 Nursing Home=8 | 9 Staff from Home-based Nursing Service=9 | 10 Help from the Community=10 | 11 Other, Please Specify=11"
"raw_health","restricted_source/Health_Status_and_Functioning.dta","db037_s10","haven_labelled/vctrs_vctr/double","Helper[10]'s Relationship to You","0 No=0 | 1 Spouse=1 | 2 Father, Mother, Father-in-Law, Mother-in-Law=2 | 3 Children, Children's Spouse, Grandson, Granddaughter=3 | 4 Sibling, Brother-in-Law, Sister-in-Law, Sibling of Spouse, Etc=4 | 5 Other Relative=5 | 6 Paid Helper (Such as Nanny)=6 | 7 Volunteer or Employee of Facility=7 | 8 Nursing Home=8 | 9 Staff from Home-based Nursing Service=9 | 10 Help from the Community=10 | 11 Other, Please Specify=11"
"raw_health","restricted_source/Health_Status_and_Functioning.dta","db037_s11","haven_labelled/vctrs_vctr/double","Helper[11]'s Relationship to You","0 No=0 | 1 Spouse=1 | 2 Father, Mother, Father-in-Law, Mother-in-Law=2 | 3 Children, Children's Spouse, Grandson, Granddaughter=3 | 4 Sibling, Brother-in-Law, Sister-in-Law, Sibling of Spouse, Etc=4 | 5 Other Relative=5 | 6 Paid Helper (Such as Nanny)=6 | 7 Volunteer or Employee of Facility=7 | 8 Nursing Home=8 | 9 Staff from Home-based Nursing Service=9 | 10 Help from the Community=10 | 11 Other, Please Specify=11"
"raw_health","restricted_source/Health_Status_and_Functioning.dta","db037_1","numeric","Number of Paid Helpers",""
"raw_health","restricted_source/Health_Status_and_Functioning.dta","db038_s1","haven_labelled/vctrs_vctr/double","Who Will Help You in Future","0 No=0 | 1 Father=1 | 2 Mother=2 | 3 Father-in-Law=3 | 4 Mother-in-Law=4"
"raw_health","restricted_source/Health_Status_and_Functioning.dta","db038_s2","haven_labelled/vctrs_vctr/double","Who Will Help You in Future","0 No=0 | 1 Father=1 | 2 Mother=2 | 3 Father-in-Law=3 | 4 Mother-in-Law=4"
"raw_health","restricted_source/Health_Status_and_Functioning.dta","db038_s3","haven_labelled/vctrs_vctr/double","Who Will Help You in Future","0 No=0 | 1 Father=1 | 2 Mother=2 | 3 Father-in-Law=3 | 4 Mother-in-Law=4"
"raw_health","restricted_source/Health_Status_and_Functioning.dta","db038_s4","haven_labelled/vctrs_vctr/double","Who Will Help You in Future","0 No=0 | 1 Father=1 | 2 Mother=2 | 3 Father-in-Law=3 | 4 Mother-in-Law=4"
"raw_health","restricted_source/Health_Status_and_Functioning.dta","db039_s1","haven_labelled/vctrs_vctr/double","Which Child's Family Will Help You in Future","0 No=0 | 1 Preload XChildName[1]=1"
"raw_health","restricted_source/Health_Status_and_Functioning.dta","db039_s2","haven_labelled/vctrs_vctr/double","Which Child's Family Will Help You in Future","0 No=0 | 2 Preload XChildName[2]=2"
"raw_health","restricted_source/Health_Status_and_Functioning.dta","db039_s3","haven_labelled/vctrs_vctr/double","Which Child's Family Will Help You in Future","0 No=0 | 3 Preload XChildName[3]=3"
"raw_health","restricted_source/Health_Status_and_Functioning.dta","db039_s4","haven_labelled/vctrs_vctr/double","Which Child's Family Will Help You in Future","0 No=0 | 4 Preload XChildName[4]=4"
"raw_health","restricted_source/Health_Status_and_Functioning.dta","db039_s5","haven_labelled/vctrs_vctr/double","Which Child's Family Will Help You in Future","0 No=0 | 5 Preload XChildName[5]=5"
"raw_health","restricted_source/Health_Status_and_Functioning.dta","db039_s6","haven_labelled/vctrs_vctr/double","Which Child's Family Will Help You in Future","0 No=0 | 6 Preload XChildName[6]=6"
"raw_health","restricted_source/Health_Status_and_Functioning.dta","db039_s7","haven_labelled/vctrs_vctr/double","Which Child's Family Will Help You in Future","0 No=0 | 7 Preload XChildName[7]=7"
"raw_health","restricted_source/Health_Status_and_Functioning.dta","db039_s8","haven_labelled/vctrs_vctr/double","Which Child's Family Will Help You in Future","0 No=0 | 8 Preload XChildName[8]=8"
"raw_health","restricted_source/Health_Status_and_Functioning.dta","db039_s9","haven_labelled/vctrs_vctr/double","Which Child's Family Will Help You in Future","0 No=0 | 9 Preload XChildName[9]=9"
"raw_health","restricted_source/Health_Status_and_Functioning.dta","db039_s10","haven_labelled/vctrs_vctr/double","Which Child's Family Will Help You in Future","0 No=0 | 10 Preload XChildName[10]=10"
"raw_health","restricted_source/Health_Status_and_Functioning.dta","db039_s11","haven_labelled/vctrs_vctr/double","Which Child's Family Will Help You in Future","0 No=0 | 11 Preload XChildName[11]=11"
"raw_health","restricted_source/Health_Status_and_Functioning.dta","db039_s12","haven_labelled/vctrs_vctr/double","Which Child's Family Will Help You in Future","0 No=0 | 12 Preload XChildName[12]=12"
"raw_health","restricted_source/Health_Status_and_Functioning.dta","db039_s13","haven_labelled/vctrs_vctr/double","Which Child's Family Will Help You in Future","0 No=0 | 13 Preload XChildName[13]=13"
"raw_health","restricted_source/Health_Status_and_Functioning.dta","db039_s14","haven_labelled/vctrs_vctr/double","Which Child's Family Will Help You in Future","0 No=0 | 14 Preload XChildName[14]=14"
"raw_health","restricted_source/Health_Status_and_Functioning.dta","db039_s15","haven_labelled/vctrs_vctr/double","Which Child's Family Will Help You in Future","0 No=0 | 15 Preload XChildName[15]=15"
"raw_health","restricted_source/Health_Status_and_Functioning.dta","db039_s16","haven_labelled/vctrs_vctr/double","Which Child's Family Will Help You in Future","0 No=0 | 16 Preload XChildName[16]=16"
"raw_health","restricted_source/Health_Status_and_Functioning.dta","db039_s17","haven_labelled/vctrs_vctr/double","Which Child's Family Will Help You in Future","0 No=0 | 17 Preload XChildName[17]=17"
"raw_health","restricted_source/Health_Status_and_Functioning.dta","db039_s18","haven_labelled/vctrs_vctr/double","Which Child's Family Will Help You in Future","0 No=0 | 18 Preload XChildName[18]=18"
"raw_health","restricted_source/Health_Status_and_Functioning.dta","db039_s19","haven_labelled/vctrs_vctr/double","Which Child's Family Will Help You in Future","0 No=0 | 19 Preload XChildName[19]=19"
"raw_health","restricted_source/Health_Status_and_Functioning.dta","db039_s20","haven_labelled/vctrs_vctr/double","Which Child's Family Will Help You in Future","0 No=0 | 20 Preload XChildName[20]=20"
"raw_health","restricted_source/Health_Status_and_Functioning.dta","db039_s21","haven_labelled/vctrs_vctr/double","Which Child's Family Will Help You in Future","0 No=0 | 21 Preload XChildName[21]=21"
"raw_health","restricted_source/Health_Status_and_Functioning.dta","db039_s22","haven_labelled/vctrs_vctr/double","Which Child's Family Will Help You in Future","0 No=0 | 22 Preload XChildName[22]=22"
"raw_health","restricted_source/Health_Status_and_Functioning.dta","db039_s23","haven_labelled/vctrs_vctr/double","Which Child's Family Will Help You in Future","0 No=0 | 23 Preload XChildName[23]=23"
"raw_health","restricted_source/Health_Status_and_Functioning.dta","db039_s24","haven_labelled/vctrs_vctr/double","Which Child's Family Will Help You in Future","0 No=0 | 24 Preload XChildName[24]=24"
"raw_health","restricted_source/Health_Status_and_Functioning.dta","db039_s25","haven_labelled/vctrs_vctr/double","Which Child's Family Will Help You in Future","0 No=0 | 25 Preload XChildName[25]=25"
"raw_health","restricted_source/Health_Status_and_Functioning.dta","db039_s26","haven_labelled/vctrs_vctr/double","Which Child's Family Will Help You in Future","0 No=0 | 26 Other Child[26]=26"
"raw_health","restricted_source/Health_Status_and_Functioning.dta","db039_s27","haven_labelled/vctrs_vctr/double","Which Child's Family Will Help You in Future","0 No=0 | 27 Other Child[27]=27"
"raw_health","restricted_source/Health_Status_and_Functioning.dta","db039_s28","haven_labelled/vctrs_vctr/double","Which Child's Family Will Help You in Future","0 No=0 | 28 Other Child[28]=28"
"raw_health","restricted_source/Health_Status_and_Functioning.dta","db039_s29","haven_labelled/vctrs_vctr/double","Which Child's Family Will Help You in Future","0 No=0 | 29 Other Child[29]=29"
"raw_health","restricted_source/Health_Status_and_Functioning.dta","db039_s30","haven_labelled/vctrs_vctr/double","Which Child's Family Will Help You in Future","0 No=0 | 30 Other Child[30]=30"
"raw_health","restricted_source/Health_Status_and_Functioning.dta","db039_s31","haven_labelled/vctrs_vctr/double","Which Child's Family Will Help You in Future","0 No=0 | 31 Other Child[31]=31"
"raw_health","restricted_source/Health_Status_and_Functioning.dta","db039_s32","haven_labelled/vctrs_vctr/double","Which Child's Family Will Help You in Future","0 No=0 | 32 Other Child[32]=32"
"raw_health","restricted_source/Health_Status_and_Functioning.dta","db039_s33","haven_labelled/vctrs_vctr/double","Which Child's Family Will Help You in Future","0 No=0 | 33 Other Child[33]=33"
"raw_health","restricted_source/Health_Status_and_Functioning.dta","db039_s34","haven_labelled/vctrs_vctr/double","Which Child's Family Will Help You in Future","0 No=0 | 34 Other Child[34]=34"
"raw_health","restricted_source/Health_Status_and_Functioning.dta","db039_s35","haven_labelled/vctrs_vctr/double","Which Child's Family Will Help You in Future","0 No=0 | 35 Other Child[35]=35"
"raw_health","restricted_source/Health_Status_and_Functioning.dta","db040_s1","haven_labelled/vctrs_vctr/double","Which Sibling's Family Will Help You","0 No=0 | 1 Preload XSibName[1]=1"
"raw_health","restricted_source/Health_Status_and_Functioning.dta","db040_s2","haven_labelled/vctrs_vctr/double","Which Sibling's Family Will Help You","0 No=0 | 2 Preload XSibName[2]=2"
"raw_health","restricted_source/Health_Status_and_Functioning.dta","db040_s3","haven_labelled/vctrs_vctr/double","Which Sibling's Family Will Help You","0 No=0 | 3 Preload XSibName[3]=3"
"raw_health","restricted_source/Health_Status_and_Functioning.dta","db040_s4","haven_labelled/vctrs_vctr/double","Which Sibling's Family Will Help You","0 No=0 | 4 Preload XSibName[4]=4"
"raw_health","restricted_source/Health_Status_and_Functioning.dta","db040_s5","haven_labelled/vctrs_vctr/double","Which Sibling's Family Will Help You","0 No=0 | 5 Preload XSibName[5]=5"
"raw_health","restricted_source/Health_Status_and_Functioning.dta","db040_s6","haven_labelled/vctrs_vctr/double","Which Sibling's Family Will Help You","0 No=0 | 6 Preload XSibName[6]=6"
"raw_health","restricted_source/Health_Status_and_Functioning.dta","db040_s7","haven_labelled/vctrs_vctr/double","Which Sibling's Family Will Help You","0 No=0 | 7 Preload XSibName[7]=7"
"raw_health","restricted_source/Health_Status_and_Functioning.dta","db040_s8","haven_labelled/vctrs_vctr/double","Which Sibling's Family Will Help You","0 No=0 | 8 Preload XSibName[8]=8"
"raw_health","restricted_source/Health_Status_and_Functioning.dta","db040_s9","haven_labelled/vctrs_vctr/double","Which Sibling's Family Will Help You","0 No=0 | 9 Preload XSibName[9]=9"
"raw_health","restricted_source/Health_Status_and_Functioning.dta","db040_s10","haven_labelled/vctrs_vctr/double","Which Sibling's Family Will Help You","0 No=0 | 10 Preload XSibName[10]=10"
"raw_health","restricted_source/Health_Status_and_Functioning.dta","db040_s11","haven_labelled/vctrs_vctr/double","Which Sibling's Family Will Help You","0 No=0 | 11 Preload XSibName[11]=11"
"raw_health","restricted_source/Health_Status_and_Functioning.dta","db040_s12","haven_labelled/vctrs_vctr/double","Which Sibling's Family Will Help You","0 No=0 | 12 Preload XSibName[12]=12"
"raw_health","restricted_source/Health_Status_and_Functioning.dta","db040_s13","haven_labelled/vctrs_vctr/double","Which Sibling's Family Will Help You","0 No=0 | 13 Preload XSibName[13]=13"
"raw_health","restricted_source/Health_Status_and_Functioning.dta","db040_s14","haven_labelled/vctrs_vctr/double","Which Sibling's Family Will Help You","0 No=0 | 14 Preload XSibName[14]=14"
"raw_health","restricted_source/Health_Status_and_Functioning.dta","db040_s15","haven_labelled/vctrs_vctr/double","Which Sibling's Family Will Help You","0 No=0 | 15 Preload XSibName[15]=15"
"raw_health","restricted_source/Health_Status_and_Functioning.dta","db040_s16","haven_labelled/vctrs_vctr/double","Which Sibling's Family Will Help You","0 No=0 | 16 Preload XSibName[16]=16"
"raw_health","restricted_source/Health_Status_and_Functioning.dta","db040_s17","haven_labelled/vctrs_vctr/double","Which Sibling's Family Will Help You","0 No=0 | 17 Preload XSibName[17]=17"
"raw_health","restricted_source/Health_Status_and_Functioning.dta","db040_s18","haven_labelled/vctrs_vctr/double","Which Sibling's Family Will Help You","0 No=0 | 18 Preload XSibName[18]=18"
"raw_health","restricted_source/Health_Status_and_Functioning.dta","db040_s19","haven_labelled/vctrs_vctr/double","Which Sibling's Family Will Help You","0 No=0 | 19 Preload XSibName[19]=19"
"raw_health","restricted_source/Health_Status_and_Functioning.dta","db040_s20","haven_labelled/vctrs_vctr/double","Which Sibling's Family Will Help You","0 No=0 | 20 Preload XSibName[20]=20"
"raw_health","restricted_source/Health_Status_and_Functioning.dta","db040_s21","haven_labelled/vctrs_vctr/double","Which Sibling's Family Will Help You","0 No=0 | 21 Preload XSibName[21]=21"
"raw_health","restricted_source/Health_Status_and_Functioning.dta","db040_s22","haven_labelled/vctrs_vctr/double","Which Sibling's Family Will Help You","0 No=0 | 22 Preload XSibName[22]=22"
"raw_health","restricted_source/Health_Status_and_Functioning.dta","db040_s23","haven_labelled/vctrs_vctr/double","Which Sibling's Family Will Help You","0 No=0 | 23 Preload XSibName[23]=23"
"raw_health","restricted_source/Health_Status_and_Functioning.dta","db040_s24","haven_labelled/vctrs_vctr/double","Which Sibling's Family Will Help You","0 No=0 | 24 Preload XSibName[24]=24"
"raw_health","restricted_source/Health_Status_and_Functioning.dta","db040_s25","haven_labelled/vctrs_vctr/double","Which Sibling's Family Will Help You","0 No=0 | 25 Preload XSibName[25]=25"
"raw_health","restricted_source/Health_Status_and_Functioning.dta","db040_s26","haven_labelled/vctrs_vctr/double","Which Sibling's Family Will Help You","0 No=0 | 26 Preload XSibName[26]=26"
"raw_health","restricted_source/Health_Status_and_Functioning.dta","db040_s27","haven_labelled/vctrs_vctr/double","Which Sibling's Family Will Help You","0 No=0 | 27 Preload XSibName[27]=27"
"raw_health","restricted_source/Health_Status_and_Functioning.dta","db040_s28","haven_labelled/vctrs_vctr/double","Which Sibling's Family Will Help You","0 No=0 | 28 Preload XSibName[28]=28"
"raw_health","restricted_source/Health_Status_and_Functioning.dta","db040_s29","haven_labelled/vctrs_vctr/double","Which Sibling's Family Will Help You","0 No=0 | 29 Preload XSibName[29]=29"
"raw_health","restricted_source/Health_Status_and_Functioning.dta","db040_s30","haven_labelled/vctrs_vctr/double","Which Sibling's Family Will Help You","0 No=0 | 30 Preload XSibName[30]=30"
"raw_health","restricted_source/Health_Status_and_Functioning.dta","db040_s31","haven_labelled/vctrs_vctr/double","Which Sibling's Family Will Help You","0 No=0 | 31 Other Sibling[31]=31"
"raw_health","restricted_source/Health_Status_and_Functioning.dta","db040_s32","haven_labelled/vctrs_vctr/double","Which Sibling's Family Will Help You","0 No=0 | 32 Other Sibling[32]=32"
"raw_health","restricted_source/Health_Status_and_Functioning.dta","db040_s33","haven_labelled/vctrs_vctr/double","Which Sibling's Family Will Help You","0 No=0 | 33 Other Sibling[33]=33"
"raw_health","restricted_source/Health_Status_and_Functioning.dta","db040_s34","haven_labelled/vctrs_vctr/double","Which Sibling's Family Will Help You","0 No=0 | 34 Other Sibling[34]=34"
"raw_health","restricted_source/Health_Status_and_Functioning.dta","db040_s35","haven_labelled/vctrs_vctr/double","Which Sibling's Family Will Help You","0 No=0 | 35 Other Sibling[35]=35"
"raw_health","restricted_source/Health_Status_and_Functioning.dta","db040_s36","haven_labelled/vctrs_vctr/double","Which Sibling's Family Will Help You","0 No=0 | 36 Other Sibling[36]=36"
"raw_health","restricted_source/Health_Status_and_Functioning.dta","db040_s37","haven_labelled/vctrs_vctr/double","Which Sibling's Family Will Help You","0 No=0 | 37 Other Sibling[37]=37"
"raw_health","restricted_source/Health_Status_and_Functioning.dta","db040_s38","haven_labelled/vctrs_vctr/double","Which Sibling's Family Will Help You","0 No=0 | 38 Other Sibling[38]=38"
"raw_health","restricted_source/Health_Status_and_Functioning.dta","db040_s39","haven_labelled/vctrs_vctr/double","Which Sibling's Family Will Help You","0 No=0 | 39 Other Sibling[39]=39"
"raw_health","restricted_source/Health_Status_and_Functioning.dta","db040_s40","haven_labelled/vctrs_vctr/double","Which Sibling's Family Will Help You","0 No=0 | 40 Other Sibling[40]=40"
"raw_health","restricted_source/Health_Status_and_Functioning.dta","db041","numeric","Number of Relatives Help in Person",""
"raw_health","restricted_source/Health_Status_and_Functioning.dta","db042","numeric","Number of Others Who Help in Person",""
"raw_health","restricted_source/Health_Status_and_Functioning.dta","db044","haven_labelled/vctrs_vctr/double","Can't Do Household Work Because of Disability or Health","1 I Can't Do at All=1 | 2 I Can't Do for Long Time=2 | 3 I Have No Problem=3"
"raw_health","restricted_source/Health_Status_and_Functioning.dta","db047","haven_labelled/vctrs_vctr/double","Main Reason for Proxy","1 Respondent Has Serious Physical Handicaps=1 | 2 Respondent Has Serious Mental Handicaps=2 | 3 Respondent Has Rejected this Interview=3 | 4 Others, Please Specify=4"
"raw_health","restricted_source/Health_Status_and_Functioning.dta","dc001","haven_labelled/vctrs_vctr/double","Checking Year","1 Correct=1 | 2 Error=2 | 997 Don't Know=997 | 999 Refused=999"
"raw_health","restricted_source/Health_Status_and_Functioning.dta","dc003","haven_labelled/vctrs_vctr/double","Checking Date","1 Correct=1 | 2 Error=2 | 997 Don't Know=997 | 999 Refused=999"
"raw_health","restricted_source/Health_Status_and_Functioning.dta","dc005","haven_labelled/vctrs_vctr/double","Checking Month","1 Correct=1 | 2 Error=2 | 997 Don't Know=997 | 999 Refused=999"
"raw_health","restricted_source/Health_Status_and_Functioning.dta","dc029_s1","haven_labelled/vctrs_vctr/double","Things Happened during Respondent Interview","0 No=0 | 1 R Had Poor Eysight=1 | 2 R Had Poor Hearing and Didn't Wear Hearing Aid=2 | 3 R Wore Hearing Aid=3 | 4 R Had Tremor Hand, Which Interfered Some Tests=4 | 5 Interview Was Interfered by Other Affairs or Noisy=5 | 6 Quality Not Good for Emotion Problems of R=6 | 7 Others, Please Specify=7 | 8 None of the Above=8"
"raw_health","restricted_source/Health_Status_and_Functioning.dta","dc029_s2","haven_labelled/vctrs_vctr/double","Things Happened during Respondent Interview","0 No=0 | 1 R Had Poor Eysight=1 | 2 R Had Poor Hearing and Didn't Wear Hearing Aid=2 | 3 R Wore Hearing Aid=3 | 4 R Had Tremor Hand, Which Interfered Some Tests=4 | 5 Interview Was Interfered by Other Affairs or Noisy=5 | 6 Quality Not Good for Emotion Problems of R=6 | 7 Others, Please Specify=7 | 8 None of the Above=8"
"raw_health","restricted_source/Health_Status_and_Functioning.dta","dc029_s3","haven_labelled/vctrs_vctr/double","Things Happened during Respondent Interview","0 No=0 | 1 R Had Poor Eysight=1 | 2 R Had Poor Hearing and Didn't Wear Hearing Aid=2 | 3 R Wore Hearing Aid=3 | 4 R Had Tremor Hand, Which Interfered Some Tests=4 | 5 Interview Was Interfered by Other Affairs or Noisy=5 | 6 Quality Not Good for Emotion Problems of R=6 | 7 Others, Please Specify=7 | 8 None of the Above=8"
"raw_health","restricted_source/Health_Status_and_Functioning.dta","dc029_s4","haven_labelled/vctrs_vctr/double","Things Happened during Respondent Interview","0 No=0 | 1 R Had Poor Eysight=1 | 2 R Had Poor Hearing and Didn't Wear Hearing Aid=2 | 3 R Wore Hearing Aid=3 | 4 R Had Tremor Hand, Which Interfered Some Tests=4 | 5 Interview Was Interfered by Other Affairs or Noisy=5 | 6 Quality Not Good for Emotion Problems of R=6 | 7 Others, Please Specify=7 | 8 None of the Above=8"
"raw_health","restricted_source/Health_Status_and_Functioning.dta","dc029_s5","haven_labelled/vctrs_vctr/double","Things Happened during Respondent Interview","0 No=0 | 1 R Had Poor Eysight=1 | 2 R Had Poor Hearing and Didn't Wear Hearing Aid=2 | 3 R Wore Hearing Aid=3 | 4 R Had Tremor Hand, Which Interfered Some Tests=4 | 5 Interview Was Interfered by Other Affairs or Noisy=5 | 6 Quality Not Good for Emotion Problems of R=6 | 7 Others, Please Specify=7 | 8 None of the Above=8"
"raw_health","restricted_source/Health_Status_and_Functioning.dta","dc029_s6","haven_labelled/vctrs_vctr/double","Things Happened during Respondent Interview","0 No=0 | 1 R Had Poor Eysight=1 | 2 R Had Poor Hearing and Didn't Wear Hearing Aid=2 | 3 R Wore Hearing Aid=3 | 4 R Had Tremor Hand, Which Interfered Some Tests=4 | 5 Interview Was Interfered by Other Affairs or Noisy=5 | 6 Quality Not Good for Emotion Problems of R=6 | 7 Others, Please Specify=7 | 8 None of the Above=8"
"raw_health","restricted_source/Health_Status_and_Functioning.dta","dc029_s7","haven_labelled/vctrs_vctr/double","Things Happened during Respondent Interview","0 No=0 | 1 R Had Poor Eysight=1 | 2 R Had Poor Hearing and Didn't Wear Hearing Aid=2 | 3 R Wore Hearing Aid=3 | 4 R Had Tremor Hand, Which Interfered Some Tests=4 | 5 Interview Was Interfered by Other Affairs or Noisy=5 | 6 Quality Not Good for Emotion Problems of R=6 | 7 Others, Please Specify=7 | 8 None of the Above=8"
"raw_health","restricted_source/Health_Status_and_Functioning.dta","dc029_s8","haven_labelled/vctrs_vctr/double","Things Happened during Respondent Interview","0 No=0 | 1 R Had Poor Eysight=1 | 2 R Had Poor Hearing and Didn't Wear Hearing Aid=2 | 3 R Wore Hearing Aid=3 | 4 R Had Tremor Hand, Which Interfered Some Tests=4 | 5 Interview Was Interfered by Other Affairs or Noisy=5 | 6 Quality Not Good for Emotion Problems of R=6 | 7 Others, Please Specify=7 | 8 None of the Above=8"
"raw_health","restricted_source/Health_Status_and_Functioning.dta","xsoctype_3_","character","Provided Help to Family, Friends, or Neighbors Who Do Not Live With You",""
"raw_health","restricted_source/Health_Status_and_Functioning.dta","xhelperselect","haven_labelled/vctrs_vctr/double","Have Helper or Not","0 No=0 | 1 Yes=1"
"raw_health","restricted_source/Health_Status_and_Functioning.dta","xhelpernum","numeric","Number of Helpers",""
"raw_health","restricted_source/Health_Status_and_Functioning.dta","xhelpercurrent","haven_labelled/vctrs_vctr/double","Have Helper in Current","0 No=0 | 1 Yes=1"
"raw_sample","restricted_source/Sample_Infor.dta","ID","character","Individual ID",""
"raw_sample","restricted_source/Sample_Infor.dta","householdID","character","Household ID",""
"raw_sample","restricted_source/Sample_Infor.dta","died","haven_labelled/vctrs_vctr/double","Whether Individual Died","0 Alive=0 | 1 Died=1"
"raw_sample","restricted_source/Sample_Infor.dta","crosssection","haven_labelled/vctrs_vctr/double","Whether Cross-Section Sample","0 No=0 | 1 Yes=1"
"raw_sample","restricted_source/Sample_Infor.dta","iyear","character","Interview Year",""
"raw_sample","restricted_source/Sample_Infor.dta","imonth","character","Interview Month",""
"raw_weights","restricted_source/Weights.dta","ID","character","Individual ID",""
"raw_weights","restricted_source/Weights.dta","householdID","character","Household ID",""
"raw_weights","restricted_source/Weights.dta","HH_weight","numeric","Household Base Weight",""
"raw_weights","restricted_source/Weights.dta","HH_weight_ad1","numeric","Household Weight with Household Response Adjustment",""
"raw_weights","restricted_source/Weights.dta","INDV_weight","numeric","Individual Base Weight",""
"raw_weights","restricted_source/Weights.dta","INDV_weight_ad2","numeric","Individual Weight with Household and Individual Response Adjustment",""
"raw_exit","restricted_source/Exit_Module.dta","ID","character","Individual ID",""
"raw_exit","restricted_source/Exit_Module.dta","householdID","character","Household ID",""
"raw_exit","restricted_source/Exit_Module.dta","exb001_1","numeric","Year of Death",""
"raw_exit","restricted_source/Exit_Module.dta","exb001_2","numeric","Month of Death",""
"raw_exit","restricted_source/Exit_Module.dta","exb001_3","numeric","Day of Death",""
"raw_exit","restricted_source/Exit_Module.dta","exb003","haven_labelled/vctrs_vctr/double","Residence, Before Death","1 Chinese Mainland=1 | 2 Hong Kong, China=2 | 3 Macao, China=3 | 4 Taiwan, China=4 | 5 Abroad=5"
"raw_exit","restricted_source/Exit_Module.dta","exb004","haven_labelled/vctrs_vctr/double","Type of Residence, Before Death","1 Family Housing=1 | 2 Workplace=2 | 3 Nursing home=3 | 4 Hospital=4 | 5 Other, Please Specify=5"
"raw_exit","restricted_source/Exit_Module.dta","exb005","haven_labelled/vctrs_vctr/double","Address of Death","1 Residence, Before Death=1 | 2 Chinese Mainland=2 | 3 Hong Kong, China=3 | 4 Macao, China=4 | 5 Taiwan, China=5 | 6 Abroad=6"
"raw_exit","restricted_source/Exit_Module.dta","exb006","haven_labelled/vctrs_vctr/double","Type of Address of Death","1 Home=1 | 2 Workplace=2 | 3 Hospital=3 | 4 On the Way to the Hospital=4 | 5 Nursing home=5 | 6 Hospice=6 | 7 Other, Please Specify=7"
"raw_exit","restricted_source/Exit_Module.dta","exb007","haven_labelled/vctrs_vctr/double","Was the Death Expected at About the Time It Occurred?","1 Expected=1 | 2 Unexpected=2 | 3 Other, Please Specify=3"
"raw_exit","restricted_source/Exit_Module.dta","exb008","haven_labelled/vctrs_vctr/double","How Long Is the Time Between the Start of the Final Illness and Death?","1 One or two hours (or no warning)=1 | 2 Less Than A Day=2 | 3 Less Than A Week=3 | 4 Less Than A Month=4 | 5 Less Than A Year=5 | 6 More Than A Year=6"
"raw_exit","restricted_source/Exit_Module.dta","exb009","haven_labelled/vctrs_vctr/double","Marital Status at the Time of R Died","1 Married=1 | 2 Separated=2 | 3 Divorced=3 | 4 Widowed=4 | 5 Never Married=5 | 6 Cohabitation=6"
"raw_exit","restricted_source/Exit_Module.dta","exb011","haven_labelled/vctrs_vctr/double","Death Certificate","1 Yes=1 | 2 No=2"
"raw_exit","restricted_source/Exit_Module.dta","exb012","haven_labelled/vctrs_vctr/double","Where Did R's Death Certificate Filed","1 Residence, Before Death=1 | 2 Other Community of Residence, Before Death=2 | 3 Other, Please Specify=3 | 4 Abroad=4"
"raw_exit","restricted_source/Exit_Module.dta","exb013","haven_labelled/vctrs_vctr/double","Household Registration Cancelled","1 Yes=1 | 2 No=2"
"raw_exit","restricted_source/Exit_Module.dta","exb014","haven_labelled/vctrs_vctr/double","Reason for Not Canceling Household Registration","1 Time Is too Short to Deal with the Cancellation=1 | 2 The Cancellation Is Not Important=2 | 3 Other, Please Specify=3"
"raw_exit","restricted_source/Exit_Module.dta","exc003_1_","numeric","XEChildAliveName[1]'s Birth Year",""
"raw_exit","restricted_source/Exit_Module.dta","exc003_2_","numeric","XEChildAliveName[2]'s Birth Year",""
"raw_exit","restricted_source/Exit_Module.dta","exc003_3_","numeric","XEChildAliveName[3]'s Birth Year",""
"raw_exit","restricted_source/Exit_Module.dta","exc003_4_","numeric","XEChildAliveName[4]'s Birth Year",""
"raw_exit","restricted_source/Exit_Module.dta","exc003_5_","numeric","XEChildAliveName[5]'s Birth Year",""
"raw_exit","restricted_source/Exit_Module.dta","exc003_6_","numeric","XEChildAliveName[6]'s Birth Year",""
"raw_exit","restricted_source/Exit_Module.dta","exc003_7_","numeric","XEChildAliveName[7]'s Birth Year",""
"raw_exit","restricted_source/Exit_Module.dta","exc003_8_","numeric","XEChildAliveName[8]'s Birth Year",""
"raw_exit","restricted_source/Exit_Module.dta","exc003_9_","numeric","XEChildAliveName[9]'s Birth Year",""
"raw_exit","restricted_source/Exit_Module.dta","exc006_1_","numeric","Number of Months That XEChildAliveName[1] Lived With XRName",""
"raw_exit","restricted_source/Exit_Module.dta","exc006_2_","numeric","Number of Months That XEChildAliveName[2] Lived With XRName",""
"raw_exit","restricted_source/Exit_Module.dta","exc006_3_","numeric","Number of Months That XEChildAliveName[3] Lived With XRName",""
"raw_exit","restricted_source/Exit_Module.dta","exc006_4_","numeric","Number of Months That XEChildAliveName[4] Lived With XRName",""
"raw_exit","restricted_source/Exit_Module.dta","exc006_5_","numeric","Number of Months That XEChildAliveName[5] Lived With XRName",""
"raw_exit","restricted_source/Exit_Module.dta","exc006_6_","numeric","Number of Months That XEChildAliveName[6] Lived With XRName",""
"raw_exit","restricted_source/Exit_Module.dta","exc006_7_","numeric","Number of Months That XEChildAliveName[7] Lived With XRName",""
"raw_exit","restricted_source/Exit_Module.dta","exc006_8_","numeric","Number of Months That XEChildAliveName[8] Lived With XRName",""
"raw_exit","restricted_source/Exit_Module.dta","exc006_9_","numeric","Number of Months That XEChildAliveName[9] Lived With XRName",""
"raw_exit","restricted_source/Exit_Module.dta","exc006_10_","numeric","Number of Months That XEChildAliveName[10] Lived With XRName",""
"raw_exit","restricted_source/Exit_Module.dta","exc006_11_","numeric","Number of Months That XEChildAliveName[11] Lived With XRName",""
"raw_exit","restricted_source/Exit_Module.dta","exc006_12_","numeric","Number of Months That XEChildAliveName[12] Lived With XRName",""
"raw_exit","restricted_source/Exit_Module.dta","exc009","numeric","Number of Great-Grandchildren",""
"raw_exit","restricted_source/Exit_Module.dta","exda002_1_1_","numeric","Year",""
"raw_exit","restricted_source/Exit_Module.dta","exda002_1_2_","numeric","Year",""
"raw_exit","restricted_source/Exit_Module.dta","exda002_1_3_","numeric","Year",""
"raw_exit","restricted_source/Exit_Module.dta","exda002_1_4_","numeric","Year",""
"raw_exit","restricted_source/Exit_Module.dta","exda002_1_5_","numeric","Year",""
"raw_exit","restricted_source/Exit_Module.dta","exda004_1","numeric","Year",""
"raw_exit","restricted_source/Exit_Module.dta","exda006_s1","haven_labelled/vctrs_vctr/double","Treatments for Cancer Two Years Before Death","0 No=0 | 1 Taking Chinese Traditional Medicine=1 | 2 Taking Western Modern Medicine=2 | 3 Chemotherapy=3 | 4 Surgery=4 | 5 Radiation Therapy=5 | 6 Other Treatments, Please Specify=6 | 7 None of the Above=7"
"raw_exit","restricted_source/Exit_Module.dta","exda006_s2","haven_labelled/vctrs_vctr/double","Treatments for Cancer Two Years Before Death","0 No=0 | 1 Taking Chinese Traditional Medicine=1 | 2 Taking Western Modern Medicine=2 | 3 Chemotherapy=3 | 4 Surgery=4 | 5 Radiation Therapy=5 | 6 Other Treatments, Please Specify=6 | 7 None of the Above=7"
"raw_exit","restricted_source/Exit_Module.dta","exda006_s3","haven_labelled/vctrs_vctr/double","Treatments for Cancer Two Years Before Death","0 No=0 | 1 Taking Chinese Traditional Medicine=1 | 2 Taking Western Modern Medicine=2 | 3 Chemotherapy=3 | 4 Surgery=4 | 5 Radiation Therapy=5 | 6 Other Treatments, Please Specify=6 | 7 None of the Above=7"
"raw_exit","restricted_source/Exit_Module.dta","exda006_s4","haven_labelled/vctrs_vctr/double","Treatments for Cancer Two Years Before Death","0 No=0 | 1 Taking Chinese Traditional Medicine=1 | 2 Taking Western Modern Medicine=2 | 3 Chemotherapy=3 | 4 Surgery=4 | 5 Radiation Therapy=5 | 6 Other Treatments, Please Specify=6 | 7 None of the Above=7"
"raw_exit","restricted_source/Exit_Module.dta","exda006_s5","haven_labelled/vctrs_vctr/double","Treatments for Cancer Two Years Before Death","0 No=0 | 1 Taking Chinese Traditional Medicine=1 | 2 Taking Western Modern Medicine=2 | 3 Chemotherapy=3 | 4 Surgery=4 | 5 Radiation Therapy=5 | 6 Other Treatments, Please Specify=6 | 7 None of the Above=7"
"raw_exit","restricted_source/Exit_Module.dta","exda006_s6","haven_labelled/vctrs_vctr/double","Treatments for Cancer Two Years Before Death","0 No=0 | 1 Taking Chinese Traditional Medicine=1 | 2 Taking Western Modern Medicine=2 | 3 Chemotherapy=3 | 4 Surgery=4 | 5 Radiation Therapy=5 | 6 Other Treatments, Please Specify=6 | 7 None of the Above=7"
"raw_exit","restricted_source/Exit_Module.dta","exda006_s7","haven_labelled/vctrs_vctr/double","Treatments for Cancer Two Years Before Death","0 No=0 | 1 Taking Chinese Traditional Medicine=1 | 2 Taking Western Modern Medicine=2 | 3 Chemotherapy=3 | 4 Surgery=4 | 5 Radiation Therapy=5 | 6 Other Treatments, Please Specify=6 | 7 None of the Above=7"
"raw_exit","restricted_source/Exit_Module.dta","exda008_1","numeric","Year",""
"raw_exit","restricted_source/Exit_Module.dta","exda010_1","numeric","Year",""
"raw_exit","restricted_source/Exit_Module.dta","exda014","numeric","Times Falling Needing Medical Treatment",""
"raw_exit","restricted_source/Exit_Module.dta","exdb001","haven_labelled/vctrs_vctr/double","Difficulty with Dressing","1 Don't Have Any Difficulty=1 | 2 Have Difficulty But Can Still Do It=2 | 3 Have Difficulty and Need Help=3 | 4 Can Not Do It=4"
"raw_exit","restricted_source/Exit_Module.dta","exdb002","haven_labelled/vctrs_vctr/double","Help Dress","1 Yes=1 | 2 No=2"
"raw_exit","restricted_source/Exit_Module.dta","exdb003","haven_labelled/vctrs_vctr/double","Time Need Help with Dressing","1 Months=1 | 2 Years=2 | 3 Age=3 | 4 Since Specific Year=4"
"raw_exit","restricted_source/Exit_Module.dta","exdb003_1","numeric","Months",""
"raw_exit","restricted_source/Exit_Module.dta","exdb003_2","numeric","Years",""
"raw_exit","restricted_source/Exit_Module.dta","exdb003_4","numeric","Since Specific Year",""
"raw_exit","restricted_source/Exit_Module.dta","exdb004","haven_labelled/vctrs_vctr/double","Difficulty with Bathing or Showering","1 Don't Have Any Difficulty=1 | 2 Have Difficulty But Can Still Do It=2 | 3 Have Difficulty and Need Help=3 | 4 Can Not Do It=4"
"raw_exit","restricted_source/Exit_Module.dta","exdb005","haven_labelled/vctrs_vctr/double","Help Bathing or Showering","1 Yes=1 | 2 No=2"
"raw_exit","restricted_source/Exit_Module.dta","exdb006","haven_labelled/vctrs_vctr/double","Time Need Help with Bathing or Showering","1 Months=1 | 2 Years=2 | 3 Age=3 | 4 Since Specific Year=4"
"raw_exit","restricted_source/Exit_Module.dta","exdb006_1","numeric","Months",""
"raw_exit","restricted_source/Exit_Module.dta","exdb006_2","numeric","Years",""
"raw_exit","restricted_source/Exit_Module.dta","exdb006_4","numeric","Since Specific Year",""
"raw_exit","restricted_source/Exit_Module.dta","exdb007","haven_labelled/vctrs_vctr/double","Difficulty with Eating","1 Don't Have Any Difficulty=1 | 2 Have Difficulty But Can Still Do It=2 | 3 Have Difficulty and Need Help=3 | 4 Can Not Do It=4"
"raw_exit","restricted_source/Exit_Module.dta","exdb008","haven_labelled/vctrs_vctr/double","Help Eating","1 Yes=1 | 2 No=2"
"raw_exit","restricted_source/Exit_Module.dta","exdb009","haven_labelled/vctrs_vctr/double","Time Need Help with Eating","1 Months=1 | 2 Years=2 | 3 Age=3 | 4 Since Specific Year=4"
"raw_exit","restricted_source/Exit_Module.dta","exdb009_1","numeric","Months",""
"raw_exit","restricted_source/Exit_Module.dta","exdb009_2","numeric","Years",""
"raw_exit","restricted_source/Exit_Module.dta","exdb009_4","numeric","Since Specific Year",""
"raw_exit","restricted_source/Exit_Module.dta","exdb010","haven_labelled/vctrs_vctr/double","Difficulty with Getting up","1 Don't Have Any Difficulty=1 | 2 Have Difficulty But Can Still Do It=2 | 3 Have Difficulty and Need Help=3 | 4 Can Not Do It=4"
"raw_exit","restricted_source/Exit_Module.dta","exdb011","haven_labelled/vctrs_vctr/double","Help Getting up","1 Yes=1 | 2 No=2"
"raw_exit","restricted_source/Exit_Module.dta","exdb012","haven_labelled/vctrs_vctr/double","Time Need Help with Getting up","1 Months=1 | 2 Years=2 | 3 Age=3 | 4 Since Specific Year=4"
"raw_exit","restricted_source/Exit_Module.dta","exdb012_1","numeric","Months",""
"raw_exit","restricted_source/Exit_Module.dta","exdb012_2","numeric","Years",""
"raw_exit","restricted_source/Exit_Module.dta","exdb012_4","numeric","Since Specific Year",""
"raw_exit","restricted_source/Exit_Module.dta","exdb013","haven_labelled/vctrs_vctr/double","Difficulty with Using the Toilet","1 Don't Have Any Difficulty=1 | 2 Have Difficulty But Can Still Do It=2 | 3 Have Difficulty and Need Help=3 | 4 Can Not Do It=4"
"raw_exit","restricted_source/Exit_Module.dta","exdb014","haven_labelled/vctrs_vctr/double","Help Using the Toilet","1 Yes=1 | 2 No=2"
"raw_exit","restricted_source/Exit_Module.dta","exdb015","haven_labelled/vctrs_vctr/double","Time Need Help with Using the Toilet","1 Months=1 | 2 Years=2 | 3 Age=3 | 4 Since Specific Year=4"
"raw_exit","restricted_source/Exit_Module.dta","exdb015_1","numeric","Months",""
"raw_exit","restricted_source/Exit_Module.dta","exdb015_2","numeric","Years",""
"raw_exit","restricted_source/Exit_Module.dta","exdb015_4","numeric","Since Specific Year",""
"raw_exit","restricted_source/Exit_Module.dta","exdb016","haven_labelled/vctrs_vctr/double","Difficulty with Cooking","1 Don't Have Any Difficulty=1 | 2 Have Difficulty But Can Still Do It=2 | 3 Have Difficulty and Need Help=3 | 4 Can Not Do It=4"
"raw_exit","restricted_source/Exit_Module.dta","exdb017","haven_labelled/vctrs_vctr/double","Help Cooking","1 Yes=1 | 2 No=2"
"raw_exit","restricted_source/Exit_Module.dta","exdb018","haven_labelled/vctrs_vctr/double","Time Need Help with Cooking","1 Months=1 | 2 Years=2 | 3 Age=3 | 4 Since Specific Year=4"
"raw_exit","restricted_source/Exit_Module.dta","exdb018_1","numeric","Months",""
"raw_exit","restricted_source/Exit_Module.dta","exdb018_2","numeric","Years",""
"raw_exit","restricted_source/Exit_Module.dta","exdb018_4","numeric","Since Specific Year",""
"raw_exit","restricted_source/Exit_Module.dta","exdb019","haven_labelled/vctrs_vctr/double","Difficulty with Shopping for Groceries","1 Don't Have Any Difficulty=1 | 2 Have Difficulty But Can Still Do It=2 | 3 Have Difficulty and Need Help=3 | 4 Can Not Do It=4"
"raw_exit","restricted_source/Exit_Module.dta","exdb020","haven_labelled/vctrs_vctr/double","Help Shopping for Groceries","1 Yes=1 | 2 No=2"
"raw_exit","restricted_source/Exit_Module.dta","exdb021","haven_labelled/vctrs_vctr/double","Time Need Help with Shopping for Groceries","1 Months=1 | 2 Years=2 | 3 Age=3 | 4 Since Specific Year=4"
"raw_exit","restricted_source/Exit_Module.dta","exdb021_1","numeric","Months",""
"raw_exit","restricted_source/Exit_Module.dta","exdb021_2","numeric","Years",""
"raw_exit","restricted_source/Exit_Module.dta","exdb021_4","numeric","Since Specific Year",""
"raw_exit","restricted_source/Exit_Module.dta","exdb022","haven_labelled/vctrs_vctr/double","Difficulty with Making Phone Calls","1 Don't Have Any Difficulty=1 | 2 Have Difficulty But Can Still Do It=2 | 3 Have Difficulty and Need Help=3 | 4 Can Not Do It=4"
"raw_exit","restricted_source/Exit_Module.dta","exdb023","haven_labelled/vctrs_vctr/double","Help Making Phone Calls","1 Yes=1 | 2 No=2"
"raw_exit","restricted_source/Exit_Module.dta","exdb024","haven_labelled/vctrs_vctr/double","Time Need Help with Making Phone Calls","1 Months=1 | 2 Years=2 | 3 Age=3 | 4 Since Specific Year=4"
"raw_exit","restricted_source/Exit_Module.dta","exdb024_1","numeric","Months",""
"raw_exit","restricted_source/Exit_Module.dta","exdb024_2","numeric","Years",""
"raw_exit","restricted_source/Exit_Module.dta","exdb024_4","numeric","Since Specific Year",""
"raw_exit","restricted_source/Exit_Module.dta","exdb025","haven_labelled/vctrs_vctr/double","Difficulty with Taking Medications","1 Don't Have Any Difficulty=1 | 2 Have Difficulty But Can Still Do It=2 | 3 Have Difficulty and Need Help=3 | 4 Can Not Do It=4"
"raw_exit","restricted_source/Exit_Module.dta","exdb026","haven_labelled/vctrs_vctr/double","Help Taking Medications","1 Yes=1 | 2 No=2"
"raw_exit","restricted_source/Exit_Module.dta","exdb027","haven_labelled/vctrs_vctr/double","Time Need Help with Taking Medications","1 Months=1 | 2 Years=2 | 3 Age=3 | 4 Since Specific Year=4"
"raw_exit","restricted_source/Exit_Module.dta","exdb027_1","numeric","Months",""
"raw_exit","restricted_source/Exit_Module.dta","exdb027_2","numeric","Years",""
"raw_exit","restricted_source/Exit_Module.dta","exdb027_4","numeric","Since Specific Year",""
"raw_exit","restricted_source/Exit_Module.dta","exdb028","haven_labelled/vctrs_vctr/double","Difficulty with Managing Money","1 Don't Have Any Difficulty=1 | 2 Have Difficulty But Can Still Do It=2 | 3 Have Difficulty and Need Help=3 | 4 Can Not Do It=4"
"raw_exit","restricted_source/Exit_Module.dta","exdb029","haven_labelled/vctrs_vctr/double","Help Managing Money","1 Yes=1 | 2 No=2"
"raw_exit","restricted_source/Exit_Module.dta","exdb030","haven_labelled/vctrs_vctr/double","Time Need Help with Managing Money","1 Months=1 | 2 Years=2 | 3 Age=3 | 4 Since Specific Year=4"
"raw_exit","restricted_source/Exit_Module.dta","exdb030_1","numeric","Months",""
"raw_exit","restricted_source/Exit_Module.dta","exdb030_2","numeric","Years",""
"raw_exit","restricted_source/Exit_Module.dta","exdb030_4","numeric","Since Specific Year",""
"raw_exit","restricted_source/Exit_Module.dta","exdb031_s1","haven_labelled/vctrs_vctr/double","Helper[1]","0 No=0 | 1 Spouse=1 | 2 Father, Mother, Father-in-Law, Mother-in-Law=2 | 3 Children, Children's Spouse, Grandson, Granddaughter=3 | 4 Sibling, Brother-in-Law, Sister-in-Law, Sibling of Spouse, Etc=4 | 5 Other Relative=5 | 6 Paid Helper (Such as Nanny)=6 | 7 Volunteer or Employee of Facility=7 | 8 Nursing Home=8 | 9 Staff from Home-based Nursing Service=9 | 10 Help from the Community=10 | 11 Other, Please Specify=11"
"raw_exit","restricted_source/Exit_Module.dta","exdb031_s2","haven_labelled/vctrs_vctr/double","Helper[2]","0 No=0 | 1 Spouse=1 | 2 Father, Mother, Father-in-Law, Mother-in-Law=2 | 3 Children, Children's Spouse, Grandson, Granddaughter=3 | 4 Sibling, Brother-in-Law, Sister-in-Law, Sibling of Spouse, Etc=4 | 5 Other Relative=5 | 6 Paid Helper (Such as Nanny)=6 | 7 Volunteer or Employee of Facility=7 | 8 Nursing Home=8 | 9 Staff from Home-based Nursing Service=9 | 10 Help from the Community=10 | 11 Other, Please Specify=11"
"raw_exit","restricted_source/Exit_Module.dta","exdb031_s3","haven_labelled/vctrs_vctr/double","Helper[3]","0 No=0 | 1 Spouse=1 | 2 Father, Mother, Father-in-Law, Mother-in-Law=2 | 3 Children, Children's Spouse, Grandson, Granddaughter=3 | 4 Sibling, Brother-in-Law, Sister-in-Law, Sibling of Spouse, Etc=4 | 5 Other Relative=5 | 6 Paid Helper (Such as Nanny)=6 | 7 Volunteer or Employee of Facility=7 | 8 Nursing Home=8 | 9 Staff from Home-based Nursing Service=9 | 10 Help from the Community=10 | 11 Other, Please Specify=11"
"raw_exit","restricted_source/Exit_Module.dta","exdb031_s4","haven_labelled/vctrs_vctr/double","Helper[4]","0 No=0 | 1 Spouse=1 | 2 Father, Mother, Father-in-Law, Mother-in-Law=2 | 3 Children, Children's Spouse, Grandson, Granddaughter=3 | 4 Sibling, Brother-in-Law, Sister-in-Law, Sibling of Spouse, Etc=4 | 5 Other Relative=5 | 6 Paid Helper (Such as Nanny)=6 | 7 Volunteer or Employee of Facility=7 | 8 Nursing Home=8 | 9 Staff from Home-based Nursing Service=9 | 10 Help from the Community=10 | 11 Other, Please Specify=11"
"raw_exit","restricted_source/Exit_Module.dta","exdb031_s5","haven_labelled/vctrs_vctr/double","Helper[5]","0 No=0 | 1 Spouse=1 | 2 Father, Mother, Father-in-Law, Mother-in-Law=2 | 3 Children, Children's Spouse, Grandson, Granddaughter=3 | 4 Sibling, Brother-in-Law, Sister-in-Law, Sibling of Spouse, Etc=4 | 5 Other Relative=5 | 6 Paid Helper (Such as Nanny)=6 | 7 Volunteer or Employee of Facility=7 | 8 Nursing Home=8 | 9 Staff from Home-based Nursing Service=9 | 10 Help from the Community=10 | 11 Other, Please Specify=11"
"raw_exit","restricted_source/Exit_Module.dta","exdb031_s6","haven_labelled/vctrs_vctr/double","Helper[6]","0 No=0 | 1 Spouse=1 | 2 Father, Mother, Father-in-Law, Mother-in-Law=2 | 3 Children, Children's Spouse, Grandson, Granddaughter=3 | 4 Sibling, Brother-in-Law, Sister-in-Law, Sibling of Spouse, Etc=4 | 5 Other Relative=5 | 6 Paid Helper (Such as Nanny)=6 | 7 Volunteer or Employee of Facility=7 | 8 Nursing Home=8 | 9 Staff from Home-based Nursing Service=9 | 10 Help from the Community=10 | 11 Other, Please Specify=11"
"raw_exit","restricted_source/Exit_Module.dta","exdb031_s7","haven_labelled/vctrs_vctr/double","Helper[7]","0 No=0 | 1 Spouse=1 | 2 Father, Mother, Father-in-Law, Mother-in-Law=2 | 3 Children, Children's Spouse, Grandson, Granddaughter=3 | 4 Sibling, Brother-in-Law, Sister-in-Law, Sibling of Spouse, Etc=4 | 5 Other Relative=5 | 6 Paid Helper (Such as Nanny)=6 | 7 Volunteer or Employee of Facility=7 | 8 Nursing Home=8 | 9 Staff from Home-based Nursing Service=9 | 10 Help from the Community=10 | 11 Other, Please Specify=11"
"raw_exit","restricted_source/Exit_Module.dta","exdb031_s8","haven_labelled/vctrs_vctr/double","Helper[8]","0 No=0 | 1 Spouse=1 | 2 Father, Mother, Father-in-Law, Mother-in-Law=2 | 3 Children, Children's Spouse, Grandson, Granddaughter=3 | 4 Sibling, Brother-in-Law, Sister-in-Law, Sibling of Spouse, Etc=4 | 5 Other Relative=5 | 6 Paid Helper (Such as Nanny)=6 | 7 Volunteer or Employee of Facility=7 | 8 Nursing Home=8 | 9 Staff from Home-based Nursing Service=9 | 10 Help from the Community=10 | 11 Other, Please Specify=11"
"raw_exit","restricted_source/Exit_Module.dta","exdb031_s9","haven_labelled/vctrs_vctr/double","Helper[9]","0 No=0 | 1 Spouse=1 | 2 Father, Mother, Father-in-Law, Mother-in-Law=2 | 3 Children, Children's Spouse, Grandson, Granddaughter=3 | 4 Sibling, Brother-in-Law, Sister-in-Law, Sibling of Spouse, Etc=4 | 5 Other Relative=5 | 6 Paid Helper (Such as Nanny)=6 | 7 Volunteer or Employee of Facility=7 | 8 Nursing Home=8 | 9 Staff from Home-based Nursing Service=9 | 10 Help from the Community=10 | 11 Other, Please Specify=11"
"raw_exit","restricted_source/Exit_Module.dta","exdb031_s10","haven_labelled/vctrs_vctr/double","Helper[10]","0 No=0 | 1 Spouse=1 | 2 Father, Mother, Father-in-Law, Mother-in-Law=2 | 3 Children, Children's Spouse, Grandson, Granddaughter=3 | 4 Sibling, Brother-in-Law, Sister-in-Law, Sibling of Spouse, Etc=4 | 5 Other Relative=5 | 6 Paid Helper (Such as Nanny)=6 | 7 Volunteer or Employee of Facility=7 | 8 Nursing Home=8 | 9 Staff from Home-based Nursing Service=9 | 10 Help from the Community=10 | 11 Other, Please Specify=11"
"raw_exit","restricted_source/Exit_Module.dta","exdb031_s11","haven_labelled/vctrs_vctr/double","Helper[11]","0 No=0 | 1 Spouse=1 | 2 Father, Mother, Father-in-Law, Mother-in-Law=2 | 3 Children, Children's Spouse, Grandson, Granddaughter=3 | 4 Sibling, Brother-in-Law, Sister-in-Law, Sibling of Spouse, Etc=4 | 5 Other Relative=5 | 6 Paid Helper (Such as Nanny)=6 | 7 Volunteer or Employee of Facility=7 | 8 Nursing Home=8 | 9 Staff from Home-based Nursing Service=9 | 10 Help from the Community=10 | 11 Other, Please Specify=11"
"raw_exit","restricted_source/Exit_Module.dta","exdb031_1","numeric","Number of Paid Helpers",""
"raw_exit","restricted_source/Exit_Module.dta","exdb032_s1","haven_labelled/vctrs_vctr/double","Who Help the Most","0 No=0 | 1 Father=1 | 2 Mother=2 | 3 Father-in-Law=3 | 4 Mother-in-Law=4"
"raw_exit","restricted_source/Exit_Module.dta","exdb032_s2","haven_labelled/vctrs_vctr/double","Who Help the Most","0 No=0 | 1 Father=1 | 2 Mother=2 | 3 Father-in-Law=3 | 4 Mother-in-Law=4"
"raw_exit","restricted_source/Exit_Module.dta","exdb032_s3","haven_labelled/vctrs_vctr/double","Who Help the Most","0 No=0 | 1 Father=1 | 2 Mother=2 | 3 Father-in-Law=3 | 4 Mother-in-Law=4"
"raw_exit","restricted_source/Exit_Module.dta","exdb032_s4","haven_labelled/vctrs_vctr/double","Who Help the Most","0 No=0 | 1 Father=1 | 2 Mother=2 | 3 Father-in-Law=3 | 4 Mother-in-Law=4"
"raw_exit","restricted_source/Exit_Module.dta","exdb033_s1","haven_labelled/vctrs_vctr/double","Which Child's Family Helped","0 No=0 | 1 Preload XEChildAliveName[1]=1"
"raw_exit","restricted_source/Exit_Module.dta","exdb033_s2","haven_labelled/vctrs_vctr/double","Which Child's Family Helped","0 No=0 | 2 Preload XEChildAliveName[2]=2"
"raw_exit","restricted_source/Exit_Module.dta","exdb033_s3","haven_labelled/vctrs_vctr/double","Which Child's Family Helped","0 No=0 | 3 Preload XEChildAliveName[3]=3"
"raw_exit","restricted_source/Exit_Module.dta","exdb033_s4","haven_labelled/vctrs_vctr/double","Which Child's Family Helped","0 No=0 | 4 Preload XEChildAliveName[4]=4"
"raw_exit","restricted_source/Exit_Module.dta","exdb033_s5","haven_labelled/vctrs_vctr/double","Which Child's Family Helped","0 No=0 | 5 Preload XEChildAliveName[5]=5"
"raw_exit","restricted_source/Exit_Module.dta","exdb033_s6","haven_labelled/vctrs_vctr/double","Which Child's Family Helped","0 No=0 | 6 Preload XEChildAliveName[6]=6"
"raw_exit","restricted_source/Exit_Module.dta","exdb033_s7","haven_labelled/vctrs_vctr/double","Which Child's Family Helped","0 No=0 | 7 Preload XEChildAliveName[7]=7"
"raw_exit","restricted_source/Exit_Module.dta","exdb033_s8","haven_labelled/vctrs_vctr/double","Which Child's Family Helped","0 No=0 | 8 Preload XEChildAliveName[8]=8"
"raw_exit","restricted_source/Exit_Module.dta","exdb033_s9","haven_labelled/vctrs_vctr/double","Which Child's Family Helped","0 No=0 | 9 Preload XEChildAliveName[9]=9"
"raw_exit","restricted_source/Exit_Module.dta","exdb033_s10","haven_labelled/vctrs_vctr/double","Which Child's Family Helped","0 No=0 | 10 Preload XEChildAliveName[10]=10"
"raw_exit","restricted_source/Exit_Module.dta","exdb033_s11","haven_labelled/vctrs_vctr/double","Which Child's Family Helped","0 No=0 | 11 Preload XEChildAliveName[11]=11"
"raw_exit","restricted_source/Exit_Module.dta","exdb033_s12","haven_labelled/vctrs_vctr/double","Which Child's Family Helped","0 No=0 | 12 Preload XEChildAliveName[12]=12"
"raw_exit","restricted_source/Exit_Module.dta","exdb033_s13","haven_labelled/vctrs_vctr/double","Which Child's Family Helped","0 No=0 | 13 Preload XEChildAliveName[13]=13"
"raw_exit","restricted_source/Exit_Module.dta","exdb033_s14","haven_labelled/vctrs_vctr/double","Which Child's Family Helped","0 No=0 | 14 Preload XEChildAliveName[14]=14"
"raw_exit","restricted_source/Exit_Module.dta","exdb033_s15","haven_labelled/vctrs_vctr/double","Which Child's Family Helped","0 No=0 | 15 Preload XEChildAliveName[15]=15"
"raw_exit","restricted_source/Exit_Module.dta","exdb033_s16","haven_labelled/vctrs_vctr/double","Which Child's Family Helped","0 No=0 | 16 Preload XEChildAliveName[16]=16"
"raw_exit","restricted_source/Exit_Module.dta","exdb033_s17","haven_labelled/vctrs_vctr/double","Which Child's Family Helped","0 No=0 | 17 Preload XEChildAliveName[17]=17"
"raw_exit","restricted_source/Exit_Module.dta","exdb033_s18","haven_labelled/vctrs_vctr/double","Which Child's Family Helped","0 No=0 | 18 Preload XEChildAliveName[18]=18"
"raw_exit","restricted_source/Exit_Module.dta","exdb033_s19","haven_labelled/vctrs_vctr/double","Which Child's Family Helped","0 No=0 | 19 Preload XEChildAliveName[19]=19"
"raw_exit","restricted_source/Exit_Module.dta","exdb033_s20","haven_labelled/vctrs_vctr/double","Which Child's Family Helped","0 No=0 | 20 Preload XEChildAliveName[20]=20"
"raw_exit","restricted_source/Exit_Module.dta","exdb033_s21","haven_labelled/vctrs_vctr/double","Which Child's Family Helped","0 No=0 | 21 Preload XEChildAliveName[21]=21"
"raw_exit","restricted_source/Exit_Module.dta","exdb033_s22","haven_labelled/vctrs_vctr/double","Which Child's Family Helped","0 No=0 | 22 Preload XEChildAliveName[22]=22"
"raw_exit","restricted_source/Exit_Module.dta","exdb033_s23","haven_labelled/vctrs_vctr/double","Which Child's Family Helped","0 No=0 | 23 Preload XEChildAliveName[23]=23"
"raw_exit","restricted_source/Exit_Module.dta","exdb033_s24","haven_labelled/vctrs_vctr/double","Which Child's Family Helped","0 No=0 | 24 Preload XEChildAliveName[24]=24"
"raw_exit","restricted_source/Exit_Module.dta","exdb033_s25","haven_labelled/vctrs_vctr/double","Which Child's Family Helped","0 No=0 | 25 Preload XEChildAliveName[25]=25"
"raw_exit","restricted_source/Exit_Module.dta","exdb034_1__s1","haven_labelled/vctrs_vctr/double","Who in Child[1]'s Family Helped","0 No=0 | 1 Himself/herself=1 | 2 His/her Spouse=2 | 3 His/her Children=3"
"raw_exit","restricted_source/Exit_Module.dta","exdb034_1__s2","haven_labelled/vctrs_vctr/double","Who in Child[1]'s Family Helped","0 No=0 | 1 Himself/herself=1 | 2 His/her Spouse=2 | 3 His/her Children=3"
"raw_exit","restricted_source/Exit_Module.dta","exdb034_1__s3","haven_labelled/vctrs_vctr/double","Who in Child[1]'s Family Helped","0 No=0 | 1 Himself/herself=1 | 2 His/her Spouse=2 | 3 His/her Children=3"
"raw_exit","restricted_source/Exit_Module.dta","exdb034_2__s1","haven_labelled/vctrs_vctr/double","Who in Child[2]'s Family Helped","0 No=0 | 1 Himself/herself=1 | 2 His/her Spouse=2 | 3 His/her Children=3"
"raw_exit","restricted_source/Exit_Module.dta","exdb034_2__s2","haven_labelled/vctrs_vctr/double","Who in Child[2]'s Family Helped","0 No=0 | 1 Himself/herself=1 | 2 His/her Spouse=2 | 3 His/her Children=3"
"raw_exit","restricted_source/Exit_Module.dta","exdb034_2__s3","haven_labelled/vctrs_vctr/double","Who in Child[2]'s Family Helped","0 No=0 | 1 Himself/herself=1 | 2 His/her Spouse=2 | 3 His/her Children=3"
"raw_exit","restricted_source/Exit_Module.dta","exdb034_3__s1","haven_labelled/vctrs_vctr/double","Who in Child[3]'s Family Helped","0 No=0 | 1 Himself/herself=1 | 2 His/her Spouse=2 | 3 His/her Children=3"
"raw_exit","restricted_source/Exit_Module.dta","exdb034_3__s2","haven_labelled/vctrs_vctr/double","Who in Child[3]'s Family Helped","0 No=0 | 1 Himself/herself=1 | 2 His/her Spouse=2 | 3 His/her Children=3"
"raw_exit","restricted_source/Exit_Module.dta","exdb034_3__s3","haven_labelled/vctrs_vctr/double","Who in Child[3]'s Family Helped","0 No=0 | 1 Himself/herself=1 | 2 His/her Spouse=2 | 3 His/her Children=3"
"raw_exit","restricted_source/Exit_Module.dta","exdb034_4__s1","haven_labelled/vctrs_vctr/double","Who in Child[4]'s Family Helped","0 No=0 | 1 Himself/herself=1 | 2 His/her Spouse=2 | 3 His/her Children=3"
"raw_exit","restricted_source/Exit_Module.dta","exdb034_4__s2","haven_labelled/vctrs_vctr/double","Who in Child[4]'s Family Helped","0 No=0 | 1 Himself/herself=1 | 2 His/her Spouse=2 | 3 His/her Children=3"
"raw_exit","restricted_source/Exit_Module.dta","exdb034_4__s3","haven_labelled/vctrs_vctr/double","Who in Child[4]'s Family Helped","0 No=0 | 1 Himself/herself=1 | 2 His/her Spouse=2 | 3 His/her Children=3"
"raw_exit","restricted_source/Exit_Module.dta","exdb034_5__s1","haven_labelled/vctrs_vctr/double","Who in Child[5]'s Family Helped","0 No=0 | 1 Himself/herself=1 | 2 His/her Spouse=2 | 3 His/her Children=3"
"raw_exit","restricted_source/Exit_Module.dta","exdb034_5__s2","haven_labelled/vctrs_vctr/double","Who in Child[5]'s Family Helped","0 No=0 | 1 Himself/herself=1 | 2 His/her Spouse=2 | 3 His/her Children=3"
"raw_exit","restricted_source/Exit_Module.dta","exdb034_5__s3","haven_labelled/vctrs_vctr/double","Who in Child[5]'s Family Helped","0 No=0 | 1 Himself/herself=1 | 2 His/her Spouse=2 | 3 His/her Children=3"
"raw_exit","restricted_source/Exit_Module.dta","exdb034_6__s1","haven_labelled/vctrs_vctr/double","Who in Child[6]'s Family Helped","0 No=0 | 1 Himself/herself=1 | 2 His/her Spouse=2 | 3 His/her Children=3"
"raw_exit","restricted_source/Exit_Module.dta","exdb034_6__s2","haven_labelled/vctrs_vctr/double","Who in Child[6]'s Family Helped","0 No=0 | 1 Himself/herself=1 | 2 His/her Spouse=2 | 3 His/her Children=3"
"raw_exit","restricted_source/Exit_Module.dta","exdb034_6__s3","haven_labelled/vctrs_vctr/double","Who in Child[6]'s Family Helped","0 No=0 | 1 Himself/herself=1 | 2 His/her Spouse=2 | 3 His/her Children=3"
"raw_exit","restricted_source/Exit_Module.dta","exdb034_7__s1","haven_labelled/vctrs_vctr/double","Who in Child[7]'s Family Helped","0 No=0 | 1 Himself/herself=1 | 2 His/her Spouse=2 | 3 His/her Children=3"
"raw_exit","restricted_source/Exit_Module.dta","exdb034_7__s2","haven_labelled/vctrs_vctr/double","Who in Child[7]'s Family Helped","0 No=0 | 1 Himself/herself=1 | 2 His/her Spouse=2 | 3 His/her Children=3"
"raw_exit","restricted_source/Exit_Module.dta","exdb034_7__s3","haven_labelled/vctrs_vctr/double","Who in Child[7]'s Family Helped","0 No=0 | 1 Himself/herself=1 | 2 His/her Spouse=2 | 3 His/her Children=3"
"raw_exit","restricted_source/Exit_Module.dta","exdb034_8__s1","haven_labelled/vctrs_vctr/double","Who in Child[8]'s Family Helped","0 No=0 | 1 Himself/herself=1 | 2 His/her Spouse=2 | 3 His/her Children=3"
"raw_exit","restricted_source/Exit_Module.dta","exdb034_8__s2","haven_labelled/vctrs_vctr/double","Who in Child[8]'s Family Helped","0 No=0 | 1 Himself/herself=1 | 2 His/her Spouse=2 | 3 His/her Children=3"
"raw_exit","restricted_source/Exit_Module.dta","exdb034_8__s3","haven_labelled/vctrs_vctr/double","Who in Child[8]'s Family Helped","0 No=0 | 1 Himself/herself=1 | 2 His/her Spouse=2 | 3 His/her Children=3"
"raw_exit","restricted_source/Exit_Module.dta","exdb034_9__s1","haven_labelled/vctrs_vctr/double","Who in Child[9]'s Family Helped","0 No=0 | 1 Himself/herself=1 | 2 His/her Spouse=2 | 3 His/her Children=3"
"raw_exit","restricted_source/Exit_Module.dta","exdb034_9__s2","haven_labelled/vctrs_vctr/double","Who in Child[9]'s Family Helped","0 No=0 | 1 Himself/herself=1 | 2 His/her Spouse=2 | 3 His/her Children=3"
"raw_exit","restricted_source/Exit_Module.dta","exdb034_9__s3","haven_labelled/vctrs_vctr/double","Who in Child[9]'s Family Helped","0 No=0 | 1 Himself/herself=1 | 2 His/her Spouse=2 | 3 His/her Children=3"
"raw_exit","restricted_source/Exit_Module.dta","exdb034_10__s1","haven_labelled/vctrs_vctr/double","Who in Child[10]'s Family Helped","0 No=0 | 1 Himself/herself=1 | 2 His/her Spouse=2 | 3 His/her Children=3"
"raw_exit","restricted_source/Exit_Module.dta","exdb034_10__s2","haven_labelled/vctrs_vctr/double","Who in Child[10]'s Family Helped","0 No=0 | 1 Himself/herself=1 | 2 His/her Spouse=2 | 3 His/her Children=3"
"raw_exit","restricted_source/Exit_Module.dta","exdb034_10__s3","haven_labelled/vctrs_vctr/double","Who in Child[10]'s Family Helped","0 No=0 | 1 Himself/herself=1 | 2 His/her Spouse=2 | 3 His/her Children=3"
"raw_exit","restricted_source/Exit_Module.dta","exdb034_11__s1","haven_labelled/vctrs_vctr/double","Who in Child[11]'s Family Helped","0 No=0 | 1 Himself/herself=1 | 2 His/her Spouse=2 | 3 His/her Children=3"
"raw_exit","restricted_source/Exit_Module.dta","exdb034_11__s2","haven_labelled/vctrs_vctr/double","Who in Child[11]'s Family Helped","0 No=0 | 1 Himself/herself=1 | 2 His/her Spouse=2 | 3 His/her Children=3"
"raw_exit","restricted_source/Exit_Module.dta","exdb034_11__s3","haven_labelled/vctrs_vctr/double","Who in Child[11]'s Family Helped","0 No=0 | 1 Himself/herself=1 | 2 His/her Spouse=2 | 3 His/her Children=3"
"raw_exit","restricted_source/Exit_Module.dta","exdb034_26__s1","haven_labelled/vctrs_vctr/double","Who in Child[26]'s Family Helped","0 No=0 | 1 Himself/herself=1 | 2 His/her Spouse=2 | 3 His/her Children=3"
"raw_exit","restricted_source/Exit_Module.dta","exdb034_26__s2","haven_labelled/vctrs_vctr/double","Who in Child[26]'s Family Helped","0 No=0 | 1 Himself/herself=1 | 2 His/her Spouse=2 | 3 His/her Children=3"
"raw_exit","restricted_source/Exit_Module.dta","exdb034_26__s3","haven_labelled/vctrs_vctr/double","Who in Child[26]'s Family Helped","0 No=0 | 1 Himself/herself=1 | 2 His/her Spouse=2 | 3 His/her Children=3"
"raw_exit","restricted_source/Exit_Module.dta","exdb034_27__s1","haven_labelled/vctrs_vctr/double","Who in Child[27]'s Family Helped","0 No=0 | 1 Himself/herself=1 | 2 His/her Spouse=2 | 3 His/her Children=3"
"raw_exit","restricted_source/Exit_Module.dta","exdb034_27__s2","haven_labelled/vctrs_vctr/double","Who in Child[27]'s Family Helped","0 No=0 | 1 Himself/herself=1 | 2 His/her Spouse=2 | 3 His/her Children=3"
"raw_exit","restricted_source/Exit_Module.dta","exdb034_27__s3","haven_labelled/vctrs_vctr/double","Who in Child[27]'s Family Helped","0 No=0 | 1 Himself/herself=1 | 2 His/her Spouse=2 | 3 His/her Children=3"
"raw_exit","restricted_source/Exit_Module.dta","exdb034_28__s1","haven_labelled/vctrs_vctr/double","Who in Child[28]'s Family Helped","0 No=0 | 1 Himself/herself=1 | 2 His/her Spouse=2 | 3 His/her Children=3"
"raw_exit","restricted_source/Exit_Module.dta","exdb034_28__s2","haven_labelled/vctrs_vctr/double","Who in Child[28]'s Family Helped","0 No=0 | 1 Himself/herself=1 | 2 His/her Spouse=2 | 3 His/her Children=3"
"raw_exit","restricted_source/Exit_Module.dta","exdb034_28__s3","haven_labelled/vctrs_vctr/double","Who in Child[28]'s Family Helped","0 No=0 | 1 Himself/herself=1 | 2 His/her Spouse=2 | 3 His/her Children=3"
"raw_exit","restricted_source/Exit_Module.dta","exdb034_29__s1","haven_labelled/vctrs_vctr/double","Who in Child[29]'s Family Helped","0 No=0 | 1 Himself/herself=1 | 2 His/her Spouse=2 | 3 His/her Children=3"
"raw_exit","restricted_source/Exit_Module.dta","exdb034_29__s2","haven_labelled/vctrs_vctr/double","Who in Child[29]'s Family Helped","0 No=0 | 1 Himself/herself=1 | 2 His/her Spouse=2 | 3 His/her Children=3"
"raw_exit","restricted_source/Exit_Module.dta","exdb034_29__s3","haven_labelled/vctrs_vctr/double","Who in Child[29]'s Family Helped","0 No=0 | 1 Himself/herself=1 | 2 His/her Spouse=2 | 3 His/her Children=3"
"raw_exit","restricted_source/Exit_Module.dta","exdb034_1_1_","numeric","Number of Children Helped",""
"raw_exit","restricted_source/Exit_Module.dta","exdb034_1_2_","numeric","Number of Children Helped",""
"raw_exit","restricted_source/Exit_Module.dta","exdb034_1_3_","numeric","Number of Children Helped",""
"raw_exit","restricted_source/Exit_Module.dta","exdb034_1_4_","numeric","Number of Children Helped",""
"raw_exit","restricted_source/Exit_Module.dta","exdb034_1_5_","numeric","Number of Children Helped",""
"raw_exit","restricted_source/Exit_Module.dta","exdb034_1_6_","numeric","Number of Children Helped",""
"raw_exit","restricted_source/Exit_Module.dta","exdb034_1_7_","numeric","Number of Children Helped",""
"raw_exit","restricted_source/Exit_Module.dta","exdb034_1_8_","numeric","Number of Children Helped",""
"raw_exit","restricted_source/Exit_Module.dta","exdb034_1_9_","numeric","Number of Children Helped",""
"raw_exit","restricted_source/Exit_Module.dta","exdb034_1_26_","numeric","Number of Children Helped",""
"raw_exit","restricted_source/Exit_Module.dta","exdb034_1_27_","numeric","Number of Children Helped",""
"raw_exit","restricted_source/Exit_Module.dta","exdb034_1_28_","numeric","Number of Children Helped",""
"raw_exit","restricted_source/Exit_Module.dta","exdb034_1_29_","numeric","Number of Children Helped",""
"raw_exit","restricted_source/Exit_Module.dta","exdb035_s31","haven_labelled/vctrs_vctr/double","Which Sibling's Family Helps","0 No=0 | 31 Other Sibling[31]=31"
"raw_exit","restricted_source/Exit_Module.dta","exdb035_s32","haven_labelled/vctrs_vctr/double","Which Sibling's Family Helps","0 No=0 | 32 Other Sibling[32]=32"
"raw_exit","restricted_source/Exit_Module.dta","exdb035_s33","haven_labelled/vctrs_vctr/double","Which Sibling's Family Helps","0 No=0 | 33 Other Sibling[33]=33"
"raw_exit","restricted_source/Exit_Module.dta","exdb035_s34","haven_labelled/vctrs_vctr/double","Which Sibling's Family Helps","0 No=0 | 34 Other Sibling[34]=34"
"raw_exit","restricted_source/Exit_Module.dta","exdb035_s35","haven_labelled/vctrs_vctr/double","Which Sibling's Family Helps","0 No=0 | 35 Other Sibling[35]=35"
"raw_exit","restricted_source/Exit_Module.dta","exdb035_s36","haven_labelled/vctrs_vctr/double","Which Sibling's Family Helps","0 No=0 | 36 Other Sibling[36]=36"
"raw_exit","restricted_source/Exit_Module.dta","exdb035_s37","haven_labelled/vctrs_vctr/double","Which Sibling's Family Helps","0 No=0 | 37 Other Sibling[37]=37"
"raw_exit","restricted_source/Exit_Module.dta","exdb035_s38","haven_labelled/vctrs_vctr/double","Which Sibling's Family Helps","0 No=0 | 38 Other Sibling[38]=38"
"raw_exit","restricted_source/Exit_Module.dta","exdb036_31__s1","haven_labelled/vctrs_vctr/double","Who Help in Person from Sibling[31]'s Family","0 No=0 | 1 Himself/herself=1 | 2 His/her Spouse=2 | 3 His/her Children=3"
"raw_exit","restricted_source/Exit_Module.dta","exdb036_31__s2","haven_labelled/vctrs_vctr/double","Who Help in Person from Sibling[31]'s Family","0 No=0 | 1 Himself/herself=1 | 2 His/her Spouse=2 | 3 His/her Children=3"
"raw_exit","restricted_source/Exit_Module.dta","exdb036_31__s3","haven_labelled/vctrs_vctr/double","Who Help in Person from Sibling[31]'s Family","0 No=0 | 1 Himself/herself=1 | 2 His/her Spouse=2 | 3 His/her Children=3"
"raw_exit","restricted_source/Exit_Module.dta","exdb036_32__s1","haven_labelled/vctrs_vctr/double","Who Help in Person from Sibling[32]'s Family","0 No=0 | 1 Himself/herself=1 | 2 His/her Spouse=2 | 3 His/her Children=3"
"raw_exit","restricted_source/Exit_Module.dta","exdb036_32__s2","haven_labelled/vctrs_vctr/double","Who Help in Person from Sibling[32]'s Family","0 No=0 | 1 Himself/herself=1 | 2 His/her Spouse=2 | 3 His/her Children=3"
"raw_exit","restricted_source/Exit_Module.dta","exdb036_32__s3","haven_labelled/vctrs_vctr/double","Who Help in Person from Sibling[32]'s Family","0 No=0 | 1 Himself/herself=1 | 2 His/her Spouse=2 | 3 His/her Children=3"
"raw_exit","restricted_source/Exit_Module.dta","exdb036_33__s1","haven_labelled/vctrs_vctr/double","Who Help in Person from Sibling[33]'s Family","0 No=0 | 1 Himself/herself=1 | 2 His/her Spouse=2 | 3 His/her Children=3"
"raw_exit","restricted_source/Exit_Module.dta","exdb036_33__s2","haven_labelled/vctrs_vctr/double","Who Help in Person from Sibling[33]'s Family","0 No=0 | 1 Himself/herself=1 | 2 His/her Spouse=2 | 3 His/her Children=3"
"raw_exit","restricted_source/Exit_Module.dta","exdb036_33__s3","haven_labelled/vctrs_vctr/double","Who Help in Person from Sibling[33]'s Family","0 No=0 | 1 Himself/herself=1 | 2 His/her Spouse=2 | 3 His/her Children=3"
"raw_exit","restricted_source/Exit_Module.dta","exdb036_34__s1","haven_labelled/vctrs_vctr/double","Who Help in Person from Sibling[34]'s Family","0 No=0 | 1 Himself/herself=1 | 2 His/her Spouse=2 | 3 His/her Children=3"
"raw_exit","restricted_source/Exit_Module.dta","exdb036_34__s2","haven_labelled/vctrs_vctr/double","Who Help in Person from Sibling[34]'s Family","0 No=0 | 1 Himself/herself=1 | 2 His/her Spouse=2 | 3 His/her Children=3"
"raw_exit","restricted_source/Exit_Module.dta","exdb036_34__s3","haven_labelled/vctrs_vctr/double","Who Help in Person from Sibling[34]'s Family","0 No=0 | 1 Himself/herself=1 | 2 His/her Spouse=2 | 3 His/her Children=3"
"raw_exit","restricted_source/Exit_Module.dta","exdb036_35__s1","haven_labelled/vctrs_vctr/double","Who Help in Person from Sibling[35]'s Family","0 No=0 | 1 Himself/herself=1 | 2 His/her Spouse=2 | 3 His/her Children=3"
"raw_exit","restricted_source/Exit_Module.dta","exdb036_35__s2","haven_labelled/vctrs_vctr/double","Who Help in Person from Sibling[35]'s Family","0 No=0 | 1 Himself/herself=1 | 2 His/her Spouse=2 | 3 His/her Children=3"
"raw_exit","restricted_source/Exit_Module.dta","exdb036_35__s3","haven_labelled/vctrs_vctr/double","Who Help in Person from Sibling[35]'s Family","0 No=0 | 1 Himself/herself=1 | 2 His/her Spouse=2 | 3 His/her Children=3"
"raw_exit","restricted_source/Exit_Module.dta","exdb036_36__s1","haven_labelled/vctrs_vctr/double","Who Help in Person from Sibling[36]'s Family","0 No=0 | 1 Himself/herself=1 | 2 His/her Spouse=2 | 3 His/her Children=3"
"raw_exit","restricted_source/Exit_Module.dta","exdb036_36__s2","haven_labelled/vctrs_vctr/double","Who Help in Person from Sibling[36]'s Family","0 No=0 | 1 Himself/herself=1 | 2 His/her Spouse=2 | 3 His/her Children=3"
"raw_exit","restricted_source/Exit_Module.dta","exdb036_36__s3","haven_labelled/vctrs_vctr/double","Who Help in Person from Sibling[36]'s Family","0 No=0 | 1 Himself/herself=1 | 2 His/her Spouse=2 | 3 His/her Children=3"
"raw_exit","restricted_source/Exit_Module.dta","exdb036_37__s1","haven_labelled/vctrs_vctr/double","Who Help in Person from Sibling[37]'s Family","0 No=0 | 1 Himself/herself=1 | 2 His/her Spouse=2 | 3 His/her Children=3"
"raw_exit","restricted_source/Exit_Module.dta","exdb036_37__s2","haven_labelled/vctrs_vctr/double","Who Help in Person from Sibling[37]'s Family","0 No=0 | 1 Himself/herself=1 | 2 His/her Spouse=2 | 3 His/her Children=3"
"raw_exit","restricted_source/Exit_Module.dta","exdb036_37__s3","haven_labelled/vctrs_vctr/double","Who Help in Person from Sibling[37]'s Family","0 No=0 | 1 Himself/herself=1 | 2 His/her Spouse=2 | 3 His/her Children=3"
"raw_exit","restricted_source/Exit_Module.dta","exdb036_38__s1","haven_labelled/vctrs_vctr/double","Who Help in Person from Sibling[38]'s Family","0 No=0 | 1 Himself/herself=1 | 2 His/her Spouse=2 | 3 His/her Children=3"
"raw_exit","restricted_source/Exit_Module.dta","exdb036_38__s2","haven_labelled/vctrs_vctr/double","Who Help in Person from Sibling[38]'s Family","0 No=0 | 1 Himself/herself=1 | 2 His/her Spouse=2 | 3 His/her Children=3"
"raw_exit","restricted_source/Exit_Module.dta","exdb036_38__s3","haven_labelled/vctrs_vctr/double","Who Help in Person from Sibling[38]'s Family","0 No=0 | 1 Himself/herself=1 | 2 His/her Spouse=2 | 3 His/her Children=3"
"raw_exit","restricted_source/Exit_Module.dta","exdb036_1_31_","numeric","Number of Children Helped",""
"raw_exit","restricted_source/Exit_Module.dta","exdb036_1_32_","numeric","Number of Children Helped",""
"raw_exit","restricted_source/Exit_Module.dta","exdb036_1_33_","numeric","Number of Children Helped",""
"raw_exit","restricted_source/Exit_Module.dta","exdb036_1_34_","numeric","Number of Children Helped",""
"raw_exit","restricted_source/Exit_Module.dta","exdb036_1_35_","numeric","Number of Children Helped",""
"raw_exit","restricted_source/Exit_Module.dta","exdb036_1_36_","numeric","Number of Children Helped",""
"raw_exit","restricted_source/Exit_Module.dta","exdb036_1_37_","numeric","Number of Children Helped",""
"raw_exit","restricted_source/Exit_Module.dta","exdb036_1_38_","numeric","Number of Children Helped",""
"raw_exit","restricted_source/Exit_Module.dta","exdb037","numeric","Number of Relatives Help in Person",""
"raw_exit","restricted_source/Exit_Module.dta","exdb038","numeric","Number of Others Who Help in Person",""
"raw_exit","restricted_source/Exit_Module.dta","exdb039_s1","haven_labelled/vctrs_vctr/double","Choose Most Important 7 Helpers","0 No=0 | 1 Helper[1]=1"
"raw_exit","restricted_source/Exit_Module.dta","exdb039_s2","haven_labelled/vctrs_vctr/double","Choose Most Important 7 Helpers","0 No=0 | 2 Helper[2]=2"
"raw_exit","restricted_source/Exit_Module.dta","exdb039_s3","haven_labelled/vctrs_vctr/double","Choose Most Important 7 Helpers","0 No=0 | 3 Helper[3]=3"
"raw_exit","restricted_source/Exit_Module.dta","exdb039_s4","haven_labelled/vctrs_vctr/double","Choose Most Important 7 Helpers","0 No=0 | 4 Helper[4]=4"
"raw_exit","restricted_source/Exit_Module.dta","exdb039_s5","haven_labelled/vctrs_vctr/double","Choose Most Important 7 Helpers","0 No=0 | 5 Helper[5]=5"
"raw_exit","restricted_source/Exit_Module.dta","exdb039_s6","haven_labelled/vctrs_vctr/double","Choose Most Important 7 Helpers","0 No=0 | 6 Helper[6]=6"
"raw_exit","restricted_source/Exit_Module.dta","exdb039_s7","haven_labelled/vctrs_vctr/double","Choose Most Important 7 Helpers","0 No=0 | 7 Helper[7]=7"
"raw_exit","restricted_source/Exit_Module.dta","exdb039_s8","haven_labelled/vctrs_vctr/double","Choose Most Important 7 Helpers","0 No=0 | 8 Helper[8]=8"
"raw_exit","restricted_source/Exit_Module.dta","exdb039_s9","haven_labelled/vctrs_vctr/double","Choose Most Important 7 Helpers","0 No=0 | 9 Helper[9]=9"
"raw_exit","restricted_source/Exit_Module.dta","exdb039_s10","haven_labelled/vctrs_vctr/double","Choose Most Important 7 Helpers","0 No=0 | 10 Helper[10]=10"
"raw_exit","restricted_source/Exit_Module.dta","exdb039_s11","haven_labelled/vctrs_vctr/double","Choose Most Important 7 Helpers","0 No=0 | 11 Helper[11]=11"
"raw_exit","restricted_source/Exit_Module.dta","exdb039_s12","haven_labelled/vctrs_vctr/double","Choose Most Important 7 Helpers","0 No=0 | 12 Helper[12]=12"
"raw_exit","restricted_source/Exit_Module.dta","exdb039_s13","haven_labelled/vctrs_vctr/double","Choose Most Important 7 Helpers","0 No=0 | 13 Helper[13]=13"
"raw_exit","restricted_source/Exit_Module.dta","exdb039_s14","haven_labelled/vctrs_vctr/double","Choose Most Important 7 Helpers","0 No=0 | 14 Helper[14]=14"
"raw_exit","restricted_source/Exit_Module.dta","exdb039_s15","haven_labelled/vctrs_vctr/double","Choose Most Important 7 Helpers","0 No=0 | 15 Helper[15]=15"
"raw_exit","restricted_source/Exit_Module.dta","exdb039_s16","haven_labelled/vctrs_vctr/double","Choose Most Important 7 Helpers","0 No=0 | 16 Helper[16]=16"
"raw_exit","restricted_source/Exit_Module.dta","exdb039_s17","haven_labelled/vctrs_vctr/double","Choose Most Important 7 Helpers","0 No=0 | 17 Helper[17]=17"
"raw_exit","restricted_source/Exit_Module.dta","exdb039_s18","haven_labelled/vctrs_vctr/double","Choose Most Important 7 Helpers","0 No=0 | 18 Helper[18]=18"
"raw_exit","restricted_source/Exit_Module.dta","exdb039_s19","haven_labelled/vctrs_vctr/double","Choose Most Important 7 Helpers","0 No=0 | 19 Helper[19]=19"
"raw_exit","restricted_source/Exit_Module.dta","exdb040_1_","numeric","Days Helper[1] Helped",""
"raw_exit","restricted_source/Exit_Module.dta","exdb040_2_","numeric","Days Helper[2] Helped",""
"raw_exit","restricted_source/Exit_Module.dta","exdb040_3_","numeric","Days Helper[3] Helped",""
"raw_exit","restricted_source/Exit_Module.dta","exdb040_4_","numeric","Days Helper[4] Helped",""
"raw_exit","restricted_source/Exit_Module.dta","exdb040_5_","numeric","Days Helper[5] Helped",""
"raw_exit","restricted_source/Exit_Module.dta","exdb040_6_","numeric","Days Helper[6] Helped",""
"raw_exit","restricted_source/Exit_Module.dta","exdb040_7_","numeric","Days Helper[7] Helped",""
"raw_exit","restricted_source/Exit_Module.dta","exdb040_8_","numeric","Days Helper[8] Helped",""
"raw_exit","restricted_source/Exit_Module.dta","exdb040_9_","numeric","Days Helper[9] Helped",""
"raw_exit","restricted_source/Exit_Module.dta","exdb040_10_","numeric","Days Helper[10] Helped",""
"raw_exit","restricted_source/Exit_Module.dta","exdb040_11_","numeric","Days Helper[11] Helped",""
"raw_exit","restricted_source/Exit_Module.dta","exdb040_12_","numeric","Days Helper[12] Helped",""
"raw_exit","restricted_source/Exit_Module.dta","exdb040_13_","numeric","Days Helper[13] Helped",""
"raw_exit","restricted_source/Exit_Module.dta","exdb040_14_","numeric","Days Helper[14] Helped",""
"raw_exit","restricted_source/Exit_Module.dta","exdb040_15_","numeric","Days Helper[15] Helped",""
"raw_exit","restricted_source/Exit_Module.dta","exdb040_16_","numeric","Days Helper[16] Helped",""
"raw_exit","restricted_source/Exit_Module.dta","exdb040_18_","numeric","Days Helper[18] Helped",""
"raw_exit","restricted_source/Exit_Module.dta","exdb040_19_","numeric","Days Helper[19] Helped",""
"raw_exit","restricted_source/Exit_Module.dta","exdb041_1_","numeric","Hours Helper[1] Helped",""
"raw_exit","restricted_source/Exit_Module.dta","exdb041_2_","numeric","Hours Helper[2] Helped",""
"raw_exit","restricted_source/Exit_Module.dta","exdb041_3_","numeric","Hours Helper[3] Helped",""
"raw_exit","restricted_source/Exit_Module.dta","exdb041_4_","numeric","Hours Helper[4] Helped",""
"raw_exit","restricted_source/Exit_Module.dta","exdb041_5_","numeric","Hours Helper[5] Helped",""
"raw_exit","restricted_source/Exit_Module.dta","exdb041_6_","numeric","Hours Helper[6] Helped",""
"raw_exit","restricted_source/Exit_Module.dta","exdb041_7_","numeric","Hours Helper[7] Helped",""
"raw_exit","restricted_source/Exit_Module.dta","exdb041_8_","numeric","Hours Helper[8] Helped",""
"raw_exit","restricted_source/Exit_Module.dta","exdb041_9_","numeric","Hours Helper[9] Helped",""
"raw_exit","restricted_source/Exit_Module.dta","exdb041_10_","numeric","Hours Helper[10] Helped",""
"raw_exit","restricted_source/Exit_Module.dta","exdb041_11_","numeric","Hours Helper[11] Helped",""
"raw_exit","restricted_source/Exit_Module.dta","exdb041_12_","numeric","Hours Helper[12] Helped",""
"raw_exit","restricted_source/Exit_Module.dta","exdb041_13_","numeric","Hours Helper[13] Helped",""
"raw_exit","restricted_source/Exit_Module.dta","exdb041_14_","numeric","Hours Helper[14] Helped",""
"raw_exit","restricted_source/Exit_Module.dta","exdb041_15_","numeric","Hours Helper[15] Helped",""
"raw_exit","restricted_source/Exit_Module.dta","exdb041_16_","numeric","Hours Helper[16] Helped",""
"raw_exit","restricted_source/Exit_Module.dta","exdb041_18_","numeric","Hours Helper[18] Helped",""
"raw_exit","restricted_source/Exit_Module.dta","exdb041_19_","numeric","Hours Helper[19] Helped",""
"raw_exit","restricted_source/Exit_Module.dta","exdb042_1_","haven_labelled/vctrs_vctr/double","Helper[1] Living in Your Home","1 Yes=1 | 2 No=2"
"raw_exit","restricted_source/Exit_Module.dta","exdb042_2_","haven_labelled/vctrs_vctr/double","Helper[2] Living in Your Home","1 Yes=1 | 2 No=2"
"raw_exit","restricted_source/Exit_Module.dta","exdb042_3_","haven_labelled/vctrs_vctr/double","Helper[3] Living in Your Home","1 Yes=1 | 2 No=2"
"raw_exit","restricted_source/Exit_Module.dta","exdb042_4_","haven_labelled/vctrs_vctr/double","Helper[4] Living in Your Home","1 Yes=1 | 2 No=2"
"raw_exit","restricted_source/Exit_Module.dta","exdb042_5_","haven_labelled/vctrs_vctr/double","Helper[5] Living in Your Home","1 Yes=1 | 2 No=2"
"raw_exit","restricted_source/Exit_Module.dta","exdb042_6_","haven_labelled/vctrs_vctr/double","Helper[6] Living in Your Home","1 Yes=1 | 2 No=2"
"raw_exit","restricted_source/Exit_Module.dta","exdb042_7_","haven_labelled/vctrs_vctr/double","Helper[7] Living in Your Home","1 Yes=1 | 2 No=2"
"raw_exit","restricted_source/Exit_Module.dta","exdb042_8_","haven_labelled/vctrs_vctr/double","Helper[8] Living in Your Home","1 Yes=1 | 2 No=2"
"raw_exit","restricted_source/Exit_Module.dta","exdb042_9_","haven_labelled/vctrs_vctr/double","Helper[9] Living in Your Home","1 Yes=1 | 2 No=2"
"raw_exit","restricted_source/Exit_Module.dta","exdb042_10_","haven_labelled/vctrs_vctr/double","Helper[10] Living in Your Home","1 Yes=1 | 2 No=2"
"raw_exit","restricted_source/Exit_Module.dta","exdb042_11_","haven_labelled/vctrs_vctr/double","Helper[11] Living in Your Home","1 Yes=1 | 2 No=2"
"raw_exit","restricted_source/Exit_Module.dta","exdb042_12_","haven_labelled/vctrs_vctr/double","Helper[12] Living in Your Home","1 Yes=1 | 2 No=2"
"raw_exit","restricted_source/Exit_Module.dta","exdb042_13_","haven_labelled/vctrs_vctr/double","Helper[13] Living in Your Home","1 Yes=1 | 2 No=2"
"raw_exit","restricted_source/Exit_Module.dta","exdb042_14_","haven_labelled/vctrs_vctr/double","Helper[14] Living in Your Home","1 Yes=1 | 2 No=2"
"raw_exit","restricted_source/Exit_Module.dta","exdb042_15_","haven_labelled/vctrs_vctr/double","Helper[15] Living in Your Home","1 Yes=1 | 2 No=2"
"raw_exit","restricted_source/Exit_Module.dta","exdb042_16_","haven_labelled/vctrs_vctr/double","Helper[16] Living in Your Home","1 Yes=1 | 2 No=2"
"raw_exit","restricted_source/Exit_Module.dta","exdb042_18_","haven_labelled/vctrs_vctr/double","Helper[18] Living in Your Home","1 Yes=1 | 2 No=2"
"raw_exit","restricted_source/Exit_Module.dta","exdb042_19_","haven_labelled/vctrs_vctr/double","Helper[19] Living in Your Home","1 Yes=1 | 2 No=2"
"raw_exit","restricted_source/Exit_Module.dta","exea001_s1","numeric","Urban Employee Medical Insurance (yi-bao)",""
"raw_exit","restricted_source/Exit_Module.dta","exea001_s2","numeric","Urban and Rural Resident Medical Insurance",""
"raw_exit","restricted_source/Exit_Module.dta","exea001_s3","numeric","Urban Resident Medical Insurance",""
"raw_exit","restricted_source/Exit_Module.dta","exea001_s4","numeric","New Cooperative Medical Insurance (he-zuo-yi-liao)",""
"raw_exit","restricted_source/Exit_Module.dta","exea001_s5","numeric","Government Medical Insurance (gong-fei-yi-liao)",""
"raw_exit","restricted_source/Exit_Module.dta","exea001_s6","numeric","Medical Aid",""
"raw_exit","restricted_source/Exit_Module.dta","exea001_s7","numeric","Private Medical Insurance: Purchased by Work Unit",""
"raw_exit","restricted_source/Exit_Module.dta","exea001_s8","numeric","Private Medical Insurance: Purchased by Individual",""
"raw_exit","restricted_source/Exit_Module.dta","exea001_s9","numeric","Urban Non-employed Persons's Health Insurance",""
"raw_exit","restricted_source/Exit_Module.dta","exea001_s11","numeric","Other Medical Insurance (Specify)",""
"raw_exit","restricted_source/Exit_Module.dta","exea008_1_4_","numeric","Year of XEXMINS_4_ Begin",""
"raw_exit","restricted_source/Exit_Module.dta","exea008_1_2_","numeric","Year of XEXMINS_2_ Begin",""
"raw_exit","restricted_source/Exit_Module.dta","exea008_1_3_","numeric","Year of XEXMINS_3_ Begin",""
"raw_exit","restricted_source/Exit_Module.dta","exea008_1_1_","numeric","Year of XEXMINS_1_ Begin",""
"raw_exit","restricted_source/Exit_Module.dta","exea008_1_6_","numeric","Year of XEXMINS_6_ Begin",""
"raw_exit","restricted_source/Exit_Module.dta","exea008_1_5_","numeric","Year of XEXMINS_5_ Begin",""
"raw_exit","restricted_source/Exit_Module.dta","exea008_1_8_","numeric","Year of XEXMINS_8_ Begin",""
"raw_exit","restricted_source/Exit_Module.dta","exea008_1_11_","numeric","Year of XEXMINS_11_ Begin",""
"raw_exit","restricted_source/Exit_Module.dta","exea008_1_9_","numeric","Year of XEXMINS_9_ Begin",""
"raw_exit","restricted_source/Exit_Module.dta","exea008_1_7_","numeric","Year of XEXMINS_7_ Begin",""
"raw_exit","restricted_source/Exit_Module.dta","exea008_2_4_","numeric","Month of XEXMINS_4_ Begin",""
"raw_exit","restricted_source/Exit_Module.dta","exea008_2_2_","numeric","Month of XEXMINS_2_ Begin",""
"raw_exit","restricted_source/Exit_Module.dta","exea008_2_3_","numeric","Month of XEXMINS_3_ Begin",""
"raw_exit","restricted_source/Exit_Module.dta","exea008_2_1_","numeric","Month of XEXMINS_1_ Begin",""
"raw_exit","restricted_source/Exit_Module.dta","exea008_2_6_","numeric","Month of XEXMINS_6_ Begin",""
"raw_exit","restricted_source/Exit_Module.dta","exea008_2_5_","numeric","Month of XEXMINS_5_ Begin",""
"raw_exit","restricted_source/Exit_Module.dta","exea008_2_8_","numeric","Month of XEXMINS_8_ Begin",""
"raw_exit","restricted_source/Exit_Module.dta","exea008_2_11_","numeric","Month of XEXMINS_11_ Begin",""
"raw_exit","restricted_source/Exit_Module.dta","exea008_2_9_","numeric","Month of XEXMINS_9_ Begin",""
"raw_exit","restricted_source/Exit_Module.dta","exea008_2_7_","numeric","Month of XEXMINS_7_ Begin",""
"raw_exit","restricted_source/Exit_Module.dta","exeb001_s1","numeric","Urban Employee Medical Insurance (yi-bao)",""
"raw_exit","restricted_source/Exit_Module.dta","exeb001_s2","numeric","Urban and Rural Resident Medical Insurance",""
"raw_exit","restricted_source/Exit_Module.dta","exeb001_s3","numeric","Urban Resident Medical Insurance",""
"raw_exit","restricted_source/Exit_Module.dta","exeb001_s4","numeric","New Cooperative Medical Insurance (he-zuo-yi-liao)",""
"raw_exit","restricted_source/Exit_Module.dta","exeb001_s5","numeric","Government Medical Insurance (gong-fei)",""
"raw_exit","restricted_source/Exit_Module.dta","exeb001_s6","numeric","Medical Aid",""
"raw_exit","restricted_source/Exit_Module.dta","exeb001_s7","numeric","Private Medical Insurance: Purchased by Work Unit",""
"raw_exit","restricted_source/Exit_Module.dta","exeb001_s8","numeric","Private Medical Insurance: Purchased by Individual",""
"raw_exit","restricted_source/Exit_Module.dta","exeb001_s9","numeric","Urban Non-employed Persons’s Health Insurance",""
"raw_exit","restricted_source/Exit_Module.dta","exeb001_s11","numeric","Other Medical Insurance (Specify)",""
"raw_exit","restricted_source/Exit_Module.dta","exeb003_1_4_","numeric","Year of Stoping Participate in New Cooperative Medical Insurance",""
"raw_exit","restricted_source/Exit_Module.dta","exeb003_2_4_","numeric","Month of Stopping Participate in New Cooperative Medical Insurance",""
"raw_exit","restricted_source/Exit_Module.dta","exeb004_4_","numeric","Reason of Stopping Participate in New Cooperative Medical Insurance",""
"raw_exit","restricted_source/Exit_Module.dta","exeb005","numeric","Receive Money from Any Health Insurance",""
"raw_exit","restricted_source/Exit_Module.dta","exeb006","numeric","How Much Is this Money",""
"raw_exit","restricted_source/Exit_Module.dta","exec001","haven_labelled/vctrs_vctr/double","Date of Last Physical Examination","1 Time of Physical Examination=1 | 2 Didn't Take Physical Examination Since Last Interview=2"
"raw_exit","restricted_source/Exit_Module.dta","exec001_1","numeric","Year",""
"raw_exit","restricted_source/Exit_Module.dta","exec001_2","numeric","Month",""
"raw_exit","restricted_source/Exit_Module.dta","exef001","haven_labelled/vctrs_vctr/double","Take Any Purchased Medicine in the Month before Death","1 Yes=1 | 2 No=2"
"raw_exit","restricted_source/Exit_Module.dta","exef002","numeric","Total Cost for Purchased Medicine",""
"raw_exit","restricted_source/Exit_Module.dta","exeg001","numeric","How Long Been A Patient in that Hospital before Death",""
"raw_exit","restricted_source/Exit_Module.dta","exeg003","numeric","In Addition to that Hospital Stay, in the One Month before His/Her Death Had He/",""
"raw_exit","restricted_source/Exit_Module.dta","exeg004","numeric","In the One Year before His/Her Death Had He/She Been A Patient in A Hospital Ove",""
"raw_exit","restricted_source/Exit_Module.dta","exeg009","numeric","During Any of Those Hospital Stays did R Receive Antibiotics to Treat Pneumonia",""
"raw_exit","restricted_source/Exit_Module.dta","exf001_1","numeric","Year of Quitting Job",""
"raw_exit","restricted_source/Exit_Module.dta","exf001_2","numeric","Month of Quitting Job",""
"raw_exit","restricted_source/Exit_Module.dta","exf011","numeric","How Much Did the Life Insurance Pay Upon the Death of R",""
"raw_exit","restricted_source/Exit_Module.dta","k04","numeric","In Which Year Was the Burial Ground Purchased?",""
"raw_exit","restricted_source/Exit_Module.dta","k13","numeric","How Much Money Did R's Family Receive From the Whole Funeral?",""
"raw_exit","restricted_source/Exit_Module.dta","exv008_1","numeric","COVID Tested Month",""
"raw_exit","restricted_source/Exit_Module.dta","exv010","haven_labelled/vctrs_vctr/double","Treatment Delayed","1 Yes=1 | 2 No=2 | 995 Deny=995 | 997 Do not Know=997 | 999 Refuse to Answer=999"
"raw_exit","restricted_source/Exit_Module.dta","exv012_s5","haven_labelled/vctrs_vctr/double","5. To See A Dentist for Oral Treatment","0 No=0 | 5 Yes=5"
"raw_exit","restricted_source/Exit_Module.dta","exv013_s2","haven_labelled/vctrs_vctr/double","2. Treatment of An Existing Condition","0 No=0 | 2 Yes=2"
"raw_exit","restricted_source/Exit_Module.dta","exv013_s3","haven_labelled/vctrs_vctr/double","3. Routine Medical Screening","0 No=0 | 3 Yes=3"
"raw_exit","restricted_source/Exit_Module.dta","exv014_s2","haven_labelled/vctrs_vctr/double","2. Unable to Have Timely Access to Routine Medical Care","0 No=0 | 2 Yes=2"
"raw_exit","restricted_source/Exit_Module.dta","exv014_s3","haven_labelled/vctrs_vctr/double","3. Unable to Receive Emergency Treatment in Time","0 No=0 | 3 Yes=3"
"raw_exit","restricted_source/Exit_Module.dta","ex005","haven_labelled/vctrs_vctr/double","Relationship to the Deceased?","1 Father=1 | 2 Mother=2 | 3 Spouse=3 | 4 Sibling=4 | 5 Other Relative=5 | 6 No Relation=6"
"raw_exit","restricted_source/Exit_Module.dta","xehelperselect","haven_labelled/vctrs_vctr/double","Have Helper or Not","0 No=0 | 1 Yes=1"
"raw_exit","restricted_source/Exit_Module.dta","xehelpernum","numeric","Number of Helpers",""
"raw_demographic","restricted_source/Demographic_Background.dta","ID","character","Individual ID",""
"raw_demographic","restricted_source/Demographic_Background.dta","householdID","character","Household ID",""
"raw_demographic","restricted_source/Demographic_Background.dta","proxy_2","haven_labelled/vctrs_vctr/double","If Demographic Background Moduel Use Proxy Pattern","1 Yes=1 | 2 No=2"
"raw_demographic","restricted_source/Demographic_Background.dta","ba001","haven_labelled/vctrs_vctr/double","Interviewer record R's gender","1 Male=1 | 2 Female=2"
"raw_demographic","restricted_source/Demographic_Background.dta","ba003_1","numeric","What's your actual date of birth? Year",""
"raw_demographic","restricted_source/Demographic_Background.dta","ba003_2","numeric","What's your actual date of birth? Month",""
"raw_demographic","restricted_source/Demographic_Background.dta","ba003_3","numeric","What's your actual date of birth? Day",""
"raw_demographic","restricted_source/Demographic_Background.dta","ba005","haven_labelled/vctrs_vctr/double","Type of Interview Address","1 Family Housing=1 | 2 Workplace=2 | 3 Other, Please Specify=3"
"raw_demographic","restricted_source/Demographic_Background.dta","ba006","haven_labelled/vctrs_vctr/double","What's Your Residential Address Now","1 Address of Interview=1 | 2 Not Address of Interview, Chinese Mainland=2 | 3 Hong Kong, China=3 | 4 Macao, China=4 | 5 Taiwan, China=5 | 6 Abroad=6"
"raw_demographic","restricted_source/Demographic_Background.dta","ba007","haven_labelled/vctrs_vctr/double","What's the Type of the Residential Address","1 Family Housing=1 | 2 Nursing home=2 | 3 Hospital=3 | 4 Other, Please Specify=4"
"raw_demographic","restricted_source/Demographic_Background.dta","ba011","haven_labelled/vctrs_vctr/double","What's Your Marital Status","1 Married with Spouse Present=1 | 2 Married but Not Living with Spouse Temporarily for Reasons Such as Work=2 | 3 Separated, no longer living together as a spouse=3 | 4 Divorced=4 | 5 Widowed=5 | 6 Never Married=6"
"raw_demographic","restricted_source/Demographic_Background.dta","ba013","numeric","In the Past Year, How Many Months Have You Lived with Your Spouse",""
"raw_demographic","restricted_source/Demographic_Background.dta","ba014_1","numeric","Number of Years",""
"raw_demographic","restricted_source/Demographic_Background.dta","ba016","haven_labelled/vctrs_vctr/double","How Much Does Social Medical Insurance Cost Per Year","1 Cost Per Year=1 | 2 No Need to Pay=2 | 3 No Social Medical Insurance=3"
"raw_demographic","restricted_source/Demographic_Background.dta","ba016_1","numeric","How Much Does Social Medical Insurance Cost Per Year",""
"raw_demographic","restricted_source/Demographic_Background.dta","ba017","numeric","Type of Social Medical Insurance",""
"raw_demographic","restricted_source/Demographic_Background.dta","ba018","numeric","How Many Days Do You Live Alone in the First Half of This Year",""
"raw_demographic","restricted_source/Demographic_Background.dta","ba019","numeric","In the First Half of This Year, How Many Days Do You Live with Your Spouse Only",""
"raw_demographic","restricted_source/Demographic_Background.dta","ba020","numeric","In the First Half of This Year, To What Extent Does Not Live with Others Result",""
"raw_demographic","restricted_source/Demographic_Background.dta","zrbirthyear","numeric","ZRBirthYear",""
