"source_role","source_path","variable","storage_class","variable_label","value_labels","search_text"
"working_wave5","restricted_source/charls_wave5.dta","ID","character","受访者编码","","ID 受访者编码"
"working_wave5","restricted_source/charls_wave5.dta","wave","haven_labelled/vctrs_vctr/double","第几波调查","wave1=1 | wave2=2 | wave3=3 | wave4=4 | wave5=5","wave 第几波调查"
"working_wave5","restricted_source/charls_wave5.dta","householdID","character","家庭编码","","householdID 家庭编码"
"working_wave5","restricted_source/charls_wave5.dta","communityID","character","社区编码","","communityID 社区编码"
"working_wave5","restricted_source/charls_wave5.dta","rabmonth","numeric","出生月份","","rabmonth 出生月份"
"working_wave5","restricted_source/charls_wave5.dta","rabyear","numeric","出生年份","","rabyear 出生年份"
"working_wave5","restricted_source/charls_wave5.dta","radyear","numeric","死亡年份","","radyear 死亡年份"
"working_wave5","restricted_source/charls_wave5.dta","radmonth","numeric","死亡月份","","radmonth 死亡月份"
"working_wave5","restricted_source/charls_wave5.dta","ragender","haven_labelled/vctrs_vctr/double","性别","女性=0 | 男性=1","ragender 性别"
"working_wave5","restricted_source/charls_wave5.dta","ramomoccup_c","haven_labelled/vctrs_vctr/double","17岁前母亲从事农业","否=0 | 是=1","ramomoccup_c 17岁前母亲从事农业"
"working_wave5","restricted_source/charls_wave5.dta","radadoccup_c","haven_labelled/vctrs_vctr/double","17岁前父亲从事农业","否=0 | 是=1","radadoccup_c 17岁前父亲从事农业"
"working_wave5","restricted_source/charls_wave5.dta","ramomdrug","haven_labelled/vctrs_vctr/double","女性监护人在其成长过程中是否酗酒或有毒品问题","否=0 | 是=1","ramomdrug 女性监护人在其成长过程中是否酗酒或有毒品问题"
"working_wave5","restricted_source/charls_wave5.dta","radaddrug","haven_labelled/vctrs_vctr/double","男性监护人在其成长过程中是否酗酒或有毒品问题","否=0 | 是=1","radaddrug 男性监护人在其成长过程中是否酗酒或有毒品问题"
"working_wave5","restricted_source/charls_wave5.dta","rapadrug","haven_labelled/vctrs_vctr/double","监护人在其成长过程中是否酗酒或有毒品问题","否=0 | 是=1","rapadrug 监护人在其成长过程中是否酗酒或有毒品问题"
"working_wave5","restricted_source/charls_wave5.dta","rahltcom","haven_labelled/vctrs_vctr/double","16岁前的相对健康状况","更不健康=1 | 些许不健康=2 | 一般=3 | 些许健康=4 | 更健康=5","rahltcom 16岁前的相对健康状况"
"working_wave5","restricted_source/charls_wave5.dta","ramischlth","haven_labelled/vctrs_vctr/double","16岁前是否曾因健康问题缺课一个月或更长时间","否=0 | 是=1","ramischlth 16岁前是否曾因健康问题缺课一个月或更长时间"
"working_wave5","restricted_source/charls_wave5.dta","rafinacom","numeric","17岁前家庭财务状况","","rafinacom 17岁前家庭财务状况"
"working_wave5","restricted_source/charls_wave5.dta","nation","haven_labelled/vctrs_vctr/double","是否汉族","否=0 | 是=1","nation 是否汉族"
"working_wave5","restricted_source/charls_wave5.dta","hibpe","haven_labelled/vctrs_vctr/double","高血压","否=0 | 是=1","hibpe 高血压"
"working_wave5","restricted_source/charls_wave5.dta","dyslipe","haven_labelled/vctrs_vctr/double","血脂异常","否=0 | 是=1","dyslipe 血脂异常"
"working_wave5","restricted_source/charls_wave5.dta","diabe","haven_labelled/vctrs_vctr/double","糖尿病","否=0 | 是=1","diabe 糖尿病"
"working_wave5","restricted_source/charls_wave5.dta","cancre","haven_labelled/vctrs_vctr/double","癌症","否=0 | 是=1","cancre 癌症"
"working_wave5","restricted_source/charls_wave5.dta","lunge","haven_labelled/vctrs_vctr/double","肺病","否=0 | 是=1","lunge 肺病"
"working_wave5","restricted_source/charls_wave5.dta","livere","haven_labelled/vctrs_vctr/double","肝脏疾病","否=0 | 是=1","livere 肝脏疾病"
"working_wave5","restricted_source/charls_wave5.dta","hearte","haven_labelled/vctrs_vctr/double","心脏病","否=0 | 是=1","hearte 心脏病"
"working_wave5","restricted_source/charls_wave5.dta","stroke","haven_labelled/vctrs_vctr/double","中风","否=0 | 是=1","stroke 中风"
"working_wave5","restricted_source/charls_wave5.dta","kidneye","haven_labelled/vctrs_vctr/double","肾脏疾病","否=0 | 是=1","kidneye 肾脏疾病"
"working_wave5","restricted_source/charls_wave5.dta","digeste","haven_labelled/vctrs_vctr/double","胃病","否=0 | 是=1","digeste 胃病"
"working_wave5","restricted_source/charls_wave5.dta","psyche","haven_labelled/vctrs_vctr/double","精神疾病","否=0 | 是=1","psyche 精神疾病"
"working_wave5","restricted_source/charls_wave5.dta","memrye","haven_labelled/vctrs_vctr/double","记忆疾病","否=0 | 是=1","memrye 记忆疾病"
"working_wave5","restricted_source/charls_wave5.dta","arthre","haven_labelled/vctrs_vctr/double","关节炎","否=0 | 是=1","arthre 关节炎"
"working_wave5","restricted_source/charls_wave5.dta","asthmae","haven_labelled/vctrs_vctr/double","哮喘病","否=0 | 是=1","asthmae 哮喘病"
"working_wave5","restricted_source/charls_wave5.dta","hibpe_self","haven_labelled/vctrs_vctr/double","是否知道自己有高血压","否=0 | 是=1","hibpe_self 是否知道自己有高血压"
"working_wave5","restricted_source/charls_wave5.dta","lunge_self","haven_labelled/vctrs_vctr/double","是否知道自己有肺部疾病","否=0 | 是=1","lunge_self 是否知道自己有肺部疾病"
"working_wave5","restricted_source/charls_wave5.dta","psyche_self","haven_labelled/vctrs_vctr/double","是否知道自己有情感精神疾病","否=0 | 是=1","psyche_self 是否知道自己有情感精神疾病"
"working_wave5","restricted_source/charls_wave5.dta","doctor_time","numeric","过去一个月门诊次数","","doctor_time 过去一个月门诊次数"
"working_wave5","restricted_source/charls_wave5.dta","hospital_time","numeric","过去一年住院次数","","hospital_time 过去一年住院次数"
"working_wave5","restricted_source/charls_wave5.dta","da042s1","haven_labelled/vctrs_vctr/double","头疼","否=0 | 是=1","da042s1 头疼"
"working_wave5","restricted_source/charls_wave5.dta","da042s2","haven_labelled/vctrs_vctr/double","肩膀疼","否=0 | 是=1","da042s2 肩膀疼"
"working_wave5","restricted_source/charls_wave5.dta","da042s3","haven_labelled/vctrs_vctr/double","胳膊疼","否=0 | 是=1","da042s3 胳膊疼"
"working_wave5","restricted_source/charls_wave5.dta","da042s4","haven_labelled/vctrs_vctr/double","手腕疼","否=0 | 是=1","da042s4 手腕疼"
"working_wave5","restricted_source/charls_wave5.dta","da042s5","haven_labelled/vctrs_vctr/double","手指疼","否=0 | 是=1","da042s5 手指疼"
"working_wave5","restricted_source/charls_wave5.dta","da042s6","haven_labelled/vctrs_vctr/double","胸疼","否=0 | 是=1","da042s6 胸疼"
"working_wave5","restricted_source/charls_wave5.dta","da042s7","haven_labelled/vctrs_vctr/double","胃疼","否=0 | 是=1","da042s7 胃疼"
"working_wave5","restricted_source/charls_wave5.dta","da042s8","haven_labelled/vctrs_vctr/double","背疼","否=0 | 是=1","da042s8 背疼"
"working_wave5","restricted_source/charls_wave5.dta","da042s9","haven_labelled/vctrs_vctr/double","腰疼","否=0 | 是=1","da042s9 腰疼"
"working_wave5","restricted_source/charls_wave5.dta","da042s10","haven_labelled/vctrs_vctr/double","臀部疼","否=0 | 是=1","da042s10 臀部疼"
"working_wave5","restricted_source/charls_wave5.dta","da042s11","haven_labelled/vctrs_vctr/double","腿疼","否=0 | 是=1","da042s11 腿疼"
"working_wave5","restricted_source/charls_wave5.dta","da042s12","haven_labelled/vctrs_vctr/double","膝盖疼","否=0 | 是=1","da042s12 膝盖疼"
"working_wave5","restricted_source/charls_wave5.dta","da042s13","haven_labelled/vctrs_vctr/double","脚踝疼","否=0 | 是=1","da042s13 脚踝疼"
"working_wave5","restricted_source/charls_wave5.dta","da042s14","haven_labelled/vctrs_vctr/double","脚趾头疼","否=0 | 是=1","da042s14 脚趾头疼"
"working_wave5","restricted_source/charls_wave5.dta","da042s15","haven_labelled/vctrs_vctr/double","脖子疼","否=0 | 是=1","da042s15 脖子疼"
"working_wave5","restricted_source/charls_wave5.dta","sleep_night","numeric","晚上睡眠时间","","sleep_night 晚上睡眠时间"
"working_wave5","restricted_source/charls_wave5.dta","sleep_nap","numeric","午睡时间","","sleep_nap 午睡时间"
"working_wave5","restricted_source/charls_wave5.dta","vgactx_c","numeric","每周剧烈活动的天数","","vgactx_c 每周剧烈活动的天数"
"working_wave5","restricted_source/charls_wave5.dta","mdactx_c","numeric","每周中等身体活动的天数","","mdactx_c 每周中等身体活动的天数"
"working_wave5","restricted_source/charls_wave5.dta","ltactx_c","numeric","每周轻度身体活动的天数","","ltactx_c 每周轻度身体活动的天数"
"working_wave5","restricted_source/charls_wave5.dta","act_1","haven_labelled/vctrs_vctr/double","串门、跟朋友交往","否=0 | 是=1","act_1 串门、跟朋友交往"
"working_wave5","restricted_source/charls_wave5.dta","act_2","haven_labelled/vctrs_vctr/double","打麻将、下棋、打牌、去社区活动室","否=0 | 是=1","act_2 打麻将、下棋、打牌、去社区活动室"
"working_wave5","restricted_source/charls_wave5.dta","act_3","haven_labelled/vctrs_vctr/double","无偿向与您不住在一起的亲人、朋友或者邻居提供帮助","否=0 | 是=1","act_3 无偿向与您不住在一起的亲人、朋友或者邻居提供帮助"
"working_wave5","restricted_source/charls_wave5.dta","act_4","haven_labelled/vctrs_vctr/double","去公园或者其他场所跳舞、健身、练气功等","否=0 | 是=1","act_4 去公园或者其他场所跳舞、健身、练气功等"
"working_wave5","restricted_source/charls_wave5.dta","act_5","haven_labelled/vctrs_vctr/double","参加社团组织活动","否=0 | 是=1","act_5 参加社团组织活动"
"working_wave5","restricted_source/charls_wave5.dta","act_6","haven_labelled/vctrs_vctr/double","志愿者活动或者慈善活动","否=0 | 是=1","act_6 志愿者活动或者慈善活动"
"working_wave5","restricted_source/charls_wave5.dta","act_7","haven_labelled/vctrs_vctr/double","上学或者参加培训课程","否=0 | 是=1","act_7 上学或者参加培训课程"
"working_wave5","restricted_source/charls_wave5.dta","act_8","haven_labelled/vctrs_vctr/double","其他社交","否=0 | 是=1","act_8 其他社交"
"working_wave5","restricted_source/charls_wave5.dta","freq_act_1","numeric","频率/串门、跟朋友交往","","freq_act_1 频率/串门、跟朋友交往"
"working_wave5","restricted_source/charls_wave5.dta","freq_act_2","numeric","频率/打麻将、下棋、打牌、去社区活动室","","freq_act_2 频率/打麻将、下棋、打牌、去社区活动室"
"working_wave5","restricted_source/charls_wave5.dta","freq_act_3","numeric","频率/无偿向与您不住在一起的亲人、朋友或者邻居提供帮助","","freq_act_3 频率/无偿向与您不住在一起的亲人、朋友或者邻居提供帮助"
"working_wave5","restricted_source/charls_wave5.dta","freq_act_4","numeric","频率/去公园或者其他场所跳舞、健身、练气功等","","freq_act_4 频率/去公园或者其他场所跳舞、健身、练气功等"
"working_wave5","restricted_source/charls_wave5.dta","freq_act_5","numeric","频率/参加社团组织活动","","freq_act_5 频率/参加社团组织活动"
"working_wave5","restricted_source/charls_wave5.dta","freq_act_6","numeric","频率/志愿者活动或者慈善活动","","freq_act_6 频率/志愿者活动或者慈善活动"
"working_wave5","restricted_source/charls_wave5.dta","freq_act_7","numeric","频率/上学或者参加培训课程","","freq_act_7 频率/上学或者参加培训课程"
"working_wave5","restricted_source/charls_wave5.dta","freq_act_8","numeric","频率/其他社交","","freq_act_8 频率/其他社交"
"working_wave5","restricted_source/charls_wave5.dta","dressa","haven_labelled/vctrs_vctr/double","ADL/穿衣","否=0 | 是=1","dressa ADL/穿衣"
"working_wave5","restricted_source/charls_wave5.dta","batha","haven_labelled/vctrs_vctr/double","ADL/沐浴","否=0 | 是=1","batha ADL/沐浴"
"working_wave5","restricted_source/charls_wave5.dta","eata","haven_labelled/vctrs_vctr/double","ADL/进食","否=0 | 是=1","eata ADL/进食"
"working_wave5","restricted_source/charls_wave5.dta","beda","haven_labelled/vctrs_vctr/double","ADL/上下床","否=0 | 是=1","beda ADL/上下床"
"working_wave5","restricted_source/charls_wave5.dta","toilta","haven_labelled/vctrs_vctr/double","ADL/使用厕所","否=0 | 是=1","toilta ADL/使用厕所"
"working_wave5","restricted_source/charls_wave5.dta","urina","haven_labelled/vctrs_vctr/double","ADL/控制排尿","否=0 | 是=1","urina ADL/控制排尿"
"working_wave5","restricted_source/charls_wave5.dta","housewka","haven_labelled/vctrs_vctr/double","IADL/打扫房屋","否=0 | 是=1","housewka IADL/打扫房屋"
"working_wave5","restricted_source/charls_wave5.dta","mealsa","haven_labelled/vctrs_vctr/double","IADL/准备饭菜","否=0 | 是=1","mealsa IADL/准备饭菜"
"working_wave5","restricted_source/charls_wave5.dta","shopa","haven_labelled/vctrs_vctr/double","IADL/购买食品杂货","否=0 | 是=1","shopa IADL/购买食品杂货"
"working_wave5","restricted_source/charls_wave5.dta","phonea","haven_labelled/vctrs_vctr/double","IADL/打电话","否=0 | 是=1","phonea IADL/打电话"
"working_wave5","restricted_source/charls_wave5.dta","medsa","haven_labelled/vctrs_vctr/double","IADL/服用药物","否=0 | 是=1","medsa IADL/服用药物"
"working_wave5","restricted_source/charls_wave5.dta","moneya","haven_labelled/vctrs_vctr/double","IADL/管理资金","否=0 | 是=1","moneya IADL/管理资金"
"working_wave5","restricted_source/charls_wave5.dta","work","haven_labelled/vctrs_vctr/double","是否工作","否=0 | 是=1","work 是否工作"
"working_wave5","restricted_source/charls_wave5.dta","retire","haven_labelled/vctrs_vctr/double","是否退休","否=0 | 是=1","retire 是否退休"
"working_wave5","restricted_source/charls_wave5.dta","iwy","numeric","调查年份","","iwy 调查年份"
"working_wave5","restricted_source/charls_wave5.dta","iwm","numeric","调查月份","","iwm 调查月份"
"working_wave5","restricted_source/charls_wave5.dta","hrural","haven_labelled/vctrs_vctr/double","居住在农村或城市","城市=0 | 农村=1","hrural 居住在农村或城市"
"working_wave5","restricted_source/charls_wave5.dta","marry","haven_labelled/vctrs_vctr/double","婚姻","已婚=1 | 已婚但不住在一起=2 | 同居=3 | 分居=4 | 离异=5 | 丧偶=7 | 从未结婚=8","marry 婚姻"
"working_wave5","restricted_source/charls_wave5.dta","hukou","haven_labelled/vctrs_vctr/double","户口4分类","农业户口=1 | 非农业户口=2 | 统一户口=3 | 没有户口=4","hukou 户口4分类"
"working_wave5","restricted_source/charls_wave5.dta","srh","haven_labelled/vctrs_vctr/double","自评健康","很差=1 | 较差=2 | 一般=3 | 较好=4 | 很好=5","srh 自评健康"
"working_wave5","restricted_source/charls_wave5.dta","adlab_c","numeric","ADL(6项有困难)","","adlab_c ADL(6项有困难)"
"working_wave5","restricted_source/charls_wave5.dta","iadl","numeric","IADL(5项有困难)","","iadl IADL(5项有困难)"
"working_wave5","restricted_source/charls_wave5.dta","parkinson","haven_labelled/vctrs_vctr/double","帕金森2020年独有","否=0 | 是=1","parkinson 帕金森2020年独有"
"working_wave5","restricted_source/charls_wave5.dta","vgact_c","haven_labelled/vctrs_vctr/double","重度身体活动","否=0 | 是=1","vgact_c 重度身体活动"
"working_wave5","restricted_source/charls_wave5.dta","mdact_c","haven_labelled/vctrs_vctr/double","中度身体活动","否=0 | 是=1","mdact_c 中度身体活动"
"working_wave5","restricted_source/charls_wave5.dta","ltact_c","haven_labelled/vctrs_vctr/double","轻度身体活动","否=0 | 是=1","ltact_c 轻度身体活动"
"working_wave5","restricted_source/charls_wave5.dta","drinkl","haven_labelled/vctrs_vctr/double","现在是否饮酒","否=0 | 是=1","drinkl 现在是否饮酒"
"working_wave5","restricted_source/charls_wave5.dta","smokev","haven_labelled/vctrs_vctr/double","是否吸过烟","否=0 | 是=1","smokev 是否吸过烟"
"working_wave5","restricted_source/charls_wave5.dta","smoken","haven_labelled/vctrs_vctr/double","现在是否吸烟","否=0 | 是=1","smoken 现在是否吸烟"
"working_wave5","restricted_source/charls_wave5.dta","smokef","numeric","吸烟数量","","smokef 吸烟数量"
"working_wave5","restricted_source/charls_wave5.dta","doctor","haven_labelled/vctrs_vctr/double","过去一个月是否门诊","否=0 | 是=1","doctor 过去一个月是否门诊"
"working_wave5","restricted_source/charls_wave5.dta","hospital","haven_labelled/vctrs_vctr/double","过去一年是否住院","否=0 | 是=1","hospital 过去一年是否住院"
"working_wave5","restricted_source/charls_wave5.dta","pension","haven_labelled/vctrs_vctr/double","是否有养老保险","否=0 | 是=1","pension 是否有养老保险"
"working_wave5","restricted_source/charls_wave5.dta","ins","haven_labelled/vctrs_vctr/double","是否有医疗保险","否=0 | 是=1","ins 是否有医疗保险"
"working_wave5","restricted_source/charls_wave5.dta","ea001s1","haven_labelled/vctrs_vctr/double","城镇职工医疗保险","否=0 | 是=1","ea001s1 城镇职工医疗保险"
"working_wave5","restricted_source/charls_wave5.dta","ea001s2","haven_labelled/vctrs_vctr/double","城乡居民医疗保险","否=0 | 是=1","ea001s2 城乡居民医疗保险"
"working_wave5","restricted_source/charls_wave5.dta","ea001s3","haven_labelled/vctrs_vctr/double","城镇居民医疗保险","否=0 | 是=1","ea001s3 城镇居民医疗保险"
"working_wave5","restricted_source/charls_wave5.dta","ea001s4","haven_labelled/vctrs_vctr/double","新型农村合作医疗保险","否=0 | 是=1","ea001s4  新型农村合作医疗保险"
"working_wave5","restricted_source/charls_wave5.dta","ea001s5","haven_labelled/vctrs_vctr/double","公费医疗","否=0 | 是=1","ea001s5 公费医疗"
"working_wave5","restricted_source/charls_wave5.dta","ea001s11","haven_labelled/vctrs_vctr/double","其他医疗保险","否=0 | 是=1","ea001s11 其他医疗保险"
"working_wave5","restricted_source/charls_wave5.dta","slfmem","haven_labelled/vctrs_vctr/double","自评记忆","不好=1 | 一般=2 | 好=3 | 很好=4 | 极好=5","slfmem 自评记忆"
"working_wave5","restricted_source/charls_wave5.dta","imrc","numeric","认知/即时记忆","","imrc 认知/即时记忆"
"working_wave5","restricted_source/charls_wave5.dta","dlrc","numeric","认知/延迟记忆","","dlrc 认知/延迟记忆"
"working_wave5","restricted_source/charls_wave5.dta","tr20","numeric","认知/单词记忆得分","","tr20 认知/单词记忆得分"
"working_wave5","restricted_source/charls_wave5.dta","recall","numeric","情景记忆(0~10分)","","recall 情景记忆(0~10分)"
"working_wave5","restricted_source/charls_wave5.dta","mo","numeric","认知/月","","mo 认知/月"
"working_wave5","restricted_source/charls_wave5.dta","dy","numeric","认知/日","","dy 认知/日"
"working_wave5","restricted_source/charls_wave5.dta","yr","numeric","认知/年","","yr 认知/年"
"working_wave5","restricted_source/charls_wave5.dta","dw","numeric","认知/周","","dw 认知/周"
"working_wave5","restricted_source/charls_wave5.dta","ds","numeric","认知/季节","","ds 认知/季节"
"working_wave5","restricted_source/charls_wave5.dta","orient","numeric","认知/日期","","orient 认知/日期"
"working_wave5","restricted_source/charls_wave5.dta","draw","numeric","认知/绘画","","draw 认知/绘画"
"working_wave5","restricted_source/charls_wave5.dta","ser7","numeric","认知/序列7","","ser7 认知/序列7"
"working_wave5","restricted_source/charls_wave5.dta","executive","numeric","心智状况(0~11分)","","executive 心智状况(0~11分)"
"working_wave5","restricted_source/charls_wave5.dta","total_cognition","numeric","认知能力(0~21分,越大越好)","","total_cognition 认知能力(0~21分,越大越好)"
"working_wave5","restricted_source/charls_wave5.dta","socwk","haven_labelled/vctrs_vctr/double","是否每月参与社交","否=0 | 是=1","socwk 是否每月参与社交"
"working_wave5","restricted_source/charls_wave5.dta","family_size","numeric","家庭规模","","family_size 家庭规模"
"working_wave5","restricted_source/charls_wave5.dta","hson","numeric","儿子数量","","hson 儿子数量"
"working_wave5","restricted_source/charls_wave5.dta","hdau","numeric","女儿数量","","hdau 女儿数量"
"working_wave5","restricted_source/charls_wave5.dta","hchild","numeric","健在子女数","","hchild 健在子女数"
"working_wave5","restricted_source/charls_wave5.dta","hcoresd","haven_labelled/vctrs_vctr/double","是否与子女同住","否=0 | 是=1","hcoresd 是否与子女同住"
"working_wave5","restricted_source/charls_wave5.dta","kcntf","haven_labelled/vctrs_vctr/double","是否每周与子女进行面对面接触","否=0 | 是=1","kcntf 是否每周与子女进行面对面接触"
"working_wave5","restricted_source/charls_wave5.dta","kcntpm","haven_labelled/vctrs_vctr/double","是否每周通过电话、短信、邮件或电子邮件与子女联系","否=0 | 是=1","kcntpm 是否每周通过电话、短信、邮件或电子邮件与子女联系"
"working_wave5","restricted_source/charls_wave5.dta","kcnt","haven_labelled/vctrs_vctr/double","是否每周亲自或通过电话、短信、邮件或电子邮件与他们的任何子女联系","否=0 | 是=1","kcnt 是否每周亲自或通过电话、短信、邮件或电子邮件与他们的任何子女联系"
"working_wave5","restricted_source/charls_wave5.dta","hctot","numeric","家庭总消费","","hctot 家庭总消费"
"working_wave5","restricted_source/charls_wave5.dta","hhcperc","numeric","家庭人均消费","","hhcperc 家庭人均消费"
"working_wave5","restricted_source/charls_wave5.dta","fcamt","numeric","过去一年中从子女/孙辈那里获得的经济援助金额","","fcamt 过去一年中从子女/孙辈那里获得的经济援助金额"
"working_wave5","restricted_source/charls_wave5.dta","fcany","haven_labelled/vctrs_vctr/double","过去一年中是否从其子女/孙辈那里获得任何经济援助","否=0 | 是=1","fcany 过去一年中是否从其子女/孙辈那里获得任何经济援助"
"working_wave5","restricted_source/charls_wave5.dta","tcamt","numeric","过去一年中向子女/孙辈提供的经济援助金额","","tcamt 过去一年中向子女/孙辈提供的经济援助金额"
"working_wave5","restricted_source/charls_wave5.dta","tcany","haven_labelled/vctrs_vctr/double","过去一年是否向其子女/孙辈提供任何经济援助","否=0 | 是=1","tcany 过去一年是否向其子女/孙辈提供任何经济援助"
"working_wave5","restricted_source/charls_wave5.dta","income_total","numeric","家庭总收入","","income_total 家庭总收入"
"working_wave5","restricted_source/charls_wave5.dta","depresl","numeric","过去一周感到抑郁的频率","","depresl 过去一周感到抑郁的频率"
"working_wave5","restricted_source/charls_wave5.dta","effortl","numeric","过去一周做任何事都很费劲的频率","","effortl 过去一周做任何事都很费劲的频率"
"working_wave5","restricted_source/charls_wave5.dta","sleeprl","numeric","过去一周感到睡眠不安的频率","","sleeprl 过去一周感到睡眠不安的频率"
"working_wave5","restricted_source/charls_wave5.dta","whappyl","numeric","过去一周感到快乐的频率","","whappyl 过去一周感到快乐的频率"
"working_wave5","restricted_source/charls_wave5.dta","flonel","numeric","过去一周感到孤独的频率","","flonel 过去一周感到孤独的频率"
"working_wave5","restricted_source/charls_wave5.dta","botherl","numeric","过去一周因一些小事而烦恼的频率","","botherl 过去一周因一些小事而烦恼的频率"
"working_wave5","restricted_source/charls_wave5.dta","goingl","numeric","过去一周无法继续我的生活的频率","","goingl 过去一周无法继续我的生活的频率"
"working_wave5","restricted_source/charls_wave5.dta","mindtsl","numeric","过去一周感到难以集中注意力的频率","","mindtsl 过去一周感到难以集中注意力的频率"
"working_wave5","restricted_source/charls_wave5.dta","fhopel","numeric","过去一周对未来抱有希望的频率","","fhopel 过去一周对未来抱有希望的频率"
"working_wave5","restricted_source/charls_wave5.dta","fearll","numeric","过去一周感到恐惧的频率","","fearll 过去一周感到恐惧的频率"
"working_wave5","restricted_source/charls_wave5.dta","cesd10","numeric","心理健康(30分,越大越差)","","cesd10 心理健康(30分,越大越差)"
"working_wave5","restricted_source/charls_wave5.dta","retmon","numeric","正式退休月份","","retmon 正式退休月份"
"working_wave5","restricted_source/charls_wave5.dta","retyr","numeric","正式退休年份","","retyr 正式退休年份"
"working_wave5","restricted_source/charls_wave5.dta","fall_down","haven_labelled/vctrs_vctr/double","跌倒","否=0 | 是=1","fall_down 跌倒"
"working_wave5","restricted_source/charls_wave5.dta","hip","haven_labelled/vctrs_vctr/double","髋骨骨折","否=0 | 是=1","hip 髋骨骨折"
"working_wave5","restricted_source/charls_wave5.dta","sati_child","haven_labelled/vctrs_vctr/double","子女关系满意度","一点也不满意=1 | 不太满意=2 | 比较满意=3 | 非常满意=4 | 极其满意=5","sati_child 子女关系满意度"
"working_wave5","restricted_source/charls_wave5.dta","satlife","haven_labelled/vctrs_vctr/double","生活满意度","一点也不满意=1 | 不太满意=2 | 比较满意=3 | 非常满意=4 | 极其满意=5","satlife 生活满意度"
"working_wave5","restricted_source/charls_wave5.dta","satlifez","numeric","生活满意度z评分","","satlifez 生活满意度z评分"
"working_wave5","restricted_source/charls_wave5.dta","clean_heat","haven_labelled/vctrs_vctr/double","取暖使用污染燃料","否=0 | 是=1","clean_heat 取暖使用污染燃料"
"working_wave5","restricted_source/charls_wave5.dta","clean_cook","haven_labelled/vctrs_vctr/double","做饭使用污染燃料","否=0 | 是=1","clean_cook 做饭使用污染燃料"
"working_wave5","restricted_source/charls_wave5.dta","room","numeric","房间数","","room 房间数"
"working_wave5","restricted_source/charls_wave5.dta","water","haven_labelled/vctrs_vctr/double","是否有自来水","否=0 | 是=1","water 是否有自来水"
"working_wave5","restricted_source/charls_wave5.dta","electricity","haven_labelled/vctrs_vctr/double","是否有电","否=0 | 是=1","electricity 是否有电"
"working_wave5","restricted_source/charls_wave5.dta","toilet","haven_labelled/vctrs_vctr/double","厕所卫生差","否=0 | 是=1","toilet 厕所卫生差"
"working_wave5","restricted_source/charls_wave5.dta","build","haven_labelled/vctrs_vctr/double","建筑材料差","否=0 | 是=1","build 建筑材料差"
"working_wave5","restricted_source/charls_wave5.dta","province","character","省份","","province 省份"
"working_wave5","restricted_source/charls_wave5.dta","city","character","城市","","city 城市"
"working_wave5","restricted_source/charls_wave5.dta","iwstat","haven_labelled/vctrs_vctr/double","本期是否死亡","否=0 | 是=1","iwstat 本期是否死亡"
"working_wave5","restricted_source/charls_wave5.dta","age","numeric","年龄","","age 年龄"
"working_wave5","restricted_source/charls_wave5.dta","raeduc_c","haven_labelled/vctrs_vctr/double","教育","未完成小学=1 | 小学=2 | 中学=3 | 高中及以上=4","raeduc_c 教育"
"working_wave5","restricted_source/charls_wave5.dta","raeducl","haven_labelled/vctrs_vctr/double","教育统一分类","低于初中学历=1 | 高中和职业培训=2 | 高等教育=3","raeducl 教育统一分类"
"working_wave5","restricted_source/charls_wave5.dta","rural2","haven_labelled/vctrs_vctr/double","户口2分类","城市=0 | 农村=1","rural2 户口2分类"
"working_wave5","restricted_source/charls_wave5.dta","phy_acta","haven_labelled/vctrs_vctr/double","是否每周任何身体活动","否=0 | 是=1","phy_acta 是否每周任何身体活动"
"working_wave5","restricted_source/charls_wave5.dta","phy_actb","haven_labelled/vctrs_vctr/double","是否每周中等或者剧烈身体活动","否=0 | 是=1","phy_actb 是否每周中等或者剧烈身体活动"
"working_wave5","restricted_source/charls_wave5.dta","totmet","numeric","身体活动产生的总代谢量","","totmet 身体活动产生的总代谢量"
"working_wave5","restricted_source/charls_wave5.dta","chronic_num","numeric","慢性病数量","","chronic_num 慢性病数量"
"working_wave5","restricted_source/charls_wave5.dta","da009_1_1_","numeric","高血压_患病年份","","da009_1_1_ 高血压_患病年份"
"working_wave5","restricted_source/charls_wave5.dta","da009_1_2_","numeric","血脂异常_患病年份","","da009_1_2_ 血脂异常_患病年份"
"working_wave5","restricted_source/charls_wave5.dta","da009_1_3_","numeric","糖尿病_患病年份","","da009_1_3_ 糖尿病_患病年份"
"working_wave5","restricted_source/charls_wave5.dta","da009_1_4_","numeric","癌症_患病年份","","da009_1_4_ 癌症_患病年份"
"working_wave5","restricted_source/charls_wave5.dta","da009_1_5_","numeric","肺部_患病年份","","da009_1_5_ 肺部_患病年份"
"working_wave5","restricted_source/charls_wave5.dta","da009_1_6_","numeric","肝脏疾病_患病年份","","da009_1_6_ 肝脏疾病_患病年份"
"working_wave5","restricted_source/charls_wave5.dta","da009_1_7_","numeric","心脏病_患病年份","","da009_1_7_ 心脏病_患病年份"
"working_wave5","restricted_source/charls_wave5.dta","da009_1_8_","numeric","中风_患病年份","","da009_1_8_ 中风_患病年份"
"working_wave5","restricted_source/charls_wave5.dta","da009_1_9_","numeric","肾脏疾病_患病年份","","da009_1_9_ 肾脏疾病_患病年份"
"working_wave5","restricted_source/charls_wave5.dta","da009_1_10_","numeric","胃部疾病_患病年份","","da009_1_10_ 胃部疾病_患病年份"
"working_wave5","restricted_source/charls_wave5.dta","da009_1_11_","numeric","情感_患病年份","","da009_1_11_ 情感_患病年份"
"working_wave5","restricted_source/charls_wave5.dta","da009_1_12_","numeric","记忆相关_患病年份","","da009_1_12_ 记忆相关_患病年份"
"working_wave5","restricted_source/charls_wave5.dta","da009_1_13_","numeric","关节炎_患病年份","","da009_1_13_ 关节炎_患病年份"
"working_wave5","restricted_source/charls_wave5.dta","da009_1_14_","numeric","哮喘_患病年份","","da009_1_14_ 哮喘_患病年份"
"working_wave5","restricted_source/charls_wave5.dta","region","character","地区(东/中/西/东北)","","region 地区(东/中/西/东北)"
"working_wave5","restricted_source/charls_wave5.dta","sisa","numeric","社会隔离0~4分","","sisa 社会隔离0~4分"
"working_wave5","restricted_source/charls_wave5.dta","sisb","numeric","社会隔离0~6分","","sisb 社会隔离0~6分"
"working_wave5","restricted_source/charls_wave5.dta","dependency","haven_labelled/vctrs_vctr/double","功能依赖性","独立=0 | 低依赖性=1 | 中等依赖性=2 | 高依赖性=3","dependency 功能依赖性"
"working_wave5","restricted_source/charls_wave5.dta","memory_z","numeric","认知/记忆z标准化(ref1)","","memory_z 认知/记忆z标准化(ref1)"
"working_wave5","restricted_source/charls_wave5.dta","orient_z","numeric","认知/定向z标准化(ref1)","","orient_z 认知/定向z标准化(ref1)"
"working_wave5","restricted_source/charls_wave5.dta","executive_z","numeric","认知/执行能力z标准化(ref1)","","executive_z 认知/执行能力z标准化(ref1)"
"working_wave5","restricted_source/charls_wave5.dta","tcog_z_z","numeric","认知/总认知能力z标准化(ref1)","","tcog_z_z 认知/总认知能力z标准化(ref1)"
"working_wave5","restricted_source/charls_wave5.dta","z_tr20","numeric","认知/z-score记忆","","z_tr20 认知/z-score记忆"
"working_wave5","restricted_source/charls_wave5.dta","z_orient","numeric","认知/z-score定向","","z_orient 认知/z-score定向"
"working_wave5","restricted_source/charls_wave5.dta","z_ser7","numeric","认知/z-score计算或者执行","","z_ser7 认知/z-score计算或者执行"
"working_wave5","restricted_source/charls_wave5.dta","z_cog29","numeric","认知/z-score总认知29分","","z_cog29 认知/z-score总认知29分"
"working_wave5","restricted_source/charls_wave5.dta","hobby","haven_labelled/vctrs_vctr/double","是否有爱好","否=0 | 是=1","hobby 是否有爱好"
"working_wave5","restricted_source/charls_wave5.dta","hatotfa","numeric","非住房金融财富总额","","hatotfa 非住房金融财富总额"
"working_wave5","restricted_source/charls_wave5.dta","hfpamt","numeric","过去一年中从其父母/公公婆婆处获得的经济援助金额","","hfpamt 过去一年中从其父母/公公婆婆处获得的经济援助金额"
"working_wave5","restricted_source/charls_wave5.dta","hfpany","haven_labelled/vctrs_vctr/double","过去一年中是否从其父母/公公婆婆那里获得任何经济援助","否=0 | 是=1","hfpany 过去一年中是否从其父母/公公婆婆那里获得任何经济援助"
"working_wave5","restricted_source/charls_wave5.dta","hgkcare","haven_labelled/vctrs_vctr/double","是否照料孙子女","否=0 | 是=1","hgkcare 是否照料孙子女"
"working_wave5","restricted_source/charls_wave5.dta","hlvnear","haven_labelled/vctrs_vctr/double","是否有子女与家庭及其配偶居住在同一城市或县","否=0 | 是=1","hlvnear 是否有子女与家庭及其配偶居住在同一城市或县"
"working_wave5","restricted_source/charls_wave5.dta","hpcnt","haven_labelled/vctrs_vctr/double","是否每周与父母联系","否=0 | 是=1","hpcnt 是否每周与父母联系"
"working_wave5","restricted_source/charls_wave5.dta","htpamt","numeric","过去一年中向其父母/公公婆婆提供的经济援助金额","","htpamt 过去一年中向其父母/公公婆婆提供的经济援助金额"
"working_wave5","restricted_source/charls_wave5.dta","htpany","haven_labelled/vctrs_vctr/double","过去一年有否向其父母/公公婆婆提供任何经济援助","否=0 | 是=1","htpany 过去一年有否向其父母/公公婆婆提供任何经济援助"
"working_wave5","restricted_source/charls_wave5.dta","armsa","haven_labelled/vctrs_vctr/double","其他功能限制/手臂超过肩膀","否=0 | 是=1","armsa 其他功能限制/手臂超过肩膀"
"working_wave5","restricted_source/charls_wave5.dta","bpact30","haven_labelled/vctrs_vctr/double","完成血压测量前30分钟内是否吸烟、饮酒或进行任何剧烈运动","否=0 | 是=1","bpact30 完成血压测量前30分钟内是否吸烟、饮酒或进行任何剧烈运动"
"working_wave5","restricted_source/charls_wave5.dta","bpcomp","haven_labelled/vctrs_vctr/double","是否愿意并能够完成血压测量","否=0 | 是=1","bpcomp 是否愿意并能够完成血压测量"
"working_wave5","restricted_source/charls_wave5.dta","chaira","haven_labelled/vctrs_vctr/double","其他功能限制/长时间坐着从椅子上站起来","否=0 | 是=1","chaira 其他功能限制/长时间坐着从椅子上站起来"
"working_wave5","restricted_source/charls_wave5.dta","chr5bmv","haven_labelled/vctrs_vctr/double","椅子站立测试中是否躯干或手臂","否=0 | 是=1","chr5bmv 椅子站立测试中是否躯干或手臂"
"working_wave5","restricted_source/charls_wave5.dta","chr5comp","haven_labelled/vctrs_vctr/double","是否完成5次站立","否=0 | 是=1","chr5comp 是否完成5次站立"
"working_wave5","restricted_source/charls_wave5.dta","chr5num","numeric","完成站立的次数","","chr5num 完成站立的次数"
"working_wave5","restricted_source/charls_wave5.dta","chr5sec","numeric","5次站立的时间","","chr5sec 5次站立的时间"
"working_wave5","restricted_source/charls_wave5.dta","circs","haven_labelled/vctrs_vctr/double","CircS昼夜节律综合症","否=0 | 是=1","circs CircS昼夜节律综合症"
"working_wave5","restricted_source/charls_wave5.dta","climsa","haven_labelled/vctrs_vctr/double","其他功能限制/不休息地爬几层楼梯","否=0 | 是=1","climsa 其他功能限制/不休息地爬几层楼梯"
"working_wave5","restricted_source/charls_wave5.dta","cncrchem","haven_labelled/vctrs_vctr/double","过去两年内是否接受过化疗治疗癌症","否=0 | 是=1","cncrchem 过去两年内是否接受过化疗治疗癌症"
"working_wave5","restricted_source/charls_wave5.dta","cncrmeds","haven_labelled/vctrs_vctr/double","是否服用过西药治疗癌症或缓解症状","否=0 | 是=1","cncrmeds 是否服用过西药治疗癌症或缓解症状"
"working_wave5","restricted_source/charls_wave5.dta","cncrmeds_c","haven_labelled/vctrs_vctr/double","过去两年内服用过任何药物治疗癌症","否=0 | 是=1","cncrmeds_c 过去两年内服用过任何药物治疗癌症"
"working_wave5","restricted_source/charls_wave5.dta","cncrradn","haven_labelled/vctrs_vctr/double","过去两年内是否接受过放射治疗癌症","否=0 | 是=1","cncrradn 过去两年内是否接受过放射治疗癌症"
"working_wave5","restricted_source/charls_wave5.dta","cncrsurg","haven_labelled/vctrs_vctr/double","过去两年内是否接受过手术治疗癌症","否=0 | 是=1","cncrsurg 过去两年内是否接受过手术治疗癌症"
"working_wave5","restricted_source/charls_wave5.dta","diasto","numeric","第2/3次舒张压","","diasto 第2/3次舒张压"
"working_wave5","restricted_source/charls_wave5.dta","diasto1","numeric","第1次舒张压","","diasto1 第1次舒张压"
"working_wave5","restricted_source/charls_wave5.dta","diasto2","numeric","第2次舒张压","","diasto2 第2次舒张压"
"working_wave5","restricted_source/charls_wave5.dta","diasto3","numeric","第3次舒张压","","diasto3 第3次舒张压"
"working_wave5","restricted_source/charls_wave5.dta","dimea","haven_labelled/vctrs_vctr/double","其他功能限制/从桌子上捡起硬币","否=0 | 是=1","dimea 其他功能限制/从桌子上捡起硬币"
"working_wave5","restricted_source/charls_wave5.dta","disability","haven_labelled/vctrs_vctr/double","是否残疾","否=0 | 是=1","disability 是否残疾"
"working_wave5","restricted_source/charls_wave5.dta","drinkev","haven_labelled/vctrs_vctr/double","是否饮过酒","否=0 | 是=1","drinkev 是否饮过酒"
"working_wave5","restricted_source/charls_wave5.dta","frailtya","numeric","虚弱指数","","frailtya 虚弱指数"
"working_wave5","restricted_source/charls_wave5.dta","fullcomp","haven_labelled/vctrs_vctr/double","是否愿意并能够完成双脚前后直线站立","否=0 | 是=1","fullcomp 是否愿意并能够完成双脚前后直线站立"
"working_wave5","restricted_source/charls_wave5.dta","fulldone","haven_labelled/vctrs_vctr/double","双脚前后直线站立是否保持整整30/60秒的平衡","否=0 | 是=1","fulldone 双脚前后直线站立是否保持整整30/60秒的平衡"
"working_wave5","restricted_source/charls_wave5.dta","fulltan","numeric","双脚前后直线站立测试的时间","","fulltan 双脚前后直线站立测试的时间"
"working_wave5","restricted_source/charls_wave5.dta","fulltanc","haven_labelled/vctrs_vctr/double","是否使用任何补偿运动来稳定双脚前后直线站立","否=0 | 是=1","fulltanc 是否使用任何补偿运动来稳定双脚前后直线站立"
"working_wave5","restricted_source/charls_wave5.dta","gripcomp","haven_labelled/vctrs_vctr/double","是否愿意并且能够完成握力测试","否=0 | 是=1","gripcomp 是否愿意并且能够完成握力测试"
"working_wave5","restricted_source/charls_wave5.dta","gripsum","numeric","优势手的最大测量值","","gripsum 优势手的最大测量值"
"working_wave5","restricted_source/charls_wave5.dta","hspnite","numeric","住院天数","","hspnite 住院天数"
"working_wave5","restricted_source/charls_wave5.dta","htcomp","haven_labelled/vctrs_vctr/double","是否愿意并能够完成身高测量","否=0 | 是=1","htcomp 是否愿意并能够完成身高测量"
"working_wave5","restricted_source/charls_wave5.dta","joga","haven_labelled/vctrs_vctr/double","其他功能限制/跑步或慢跑1公里","否=0 | 是=1","joga 其他功能限制/跑步或慢跑1公里"
"working_wave5","restricted_source/charls_wave5.dta","lgrip","numeric","左手的最大握力测试","","lgrip 左手的最大握力测试"
"working_wave5","restricted_source/charls_wave5.dta","lgrip1","numeric","左手的第1次握力测试","","lgrip1 左手的第1次握力测试"
"working_wave5","restricted_source/charls_wave5.dta","lgrip2","numeric","左手的第2次握力测试","","lgrip2 左手的第2次握力测试"
"working_wave5","restricted_source/charls_wave5.dta","lifta","haven_labelled/vctrs_vctr/double","其他功能限制/举起或搬运超过10斤的重物","否=0 | 是=1","lifta 其他功能限制/举起或搬运超过10斤的重物"
"working_wave5","restricted_source/charls_wave5.dta","bmi","numeric","BMI","","bmi BMI"
"working_wave5","restricted_source/charls_wave5.dta","bmicata","numeric","身体质量分类","","bmicata 身体质量分类"
"working_wave5","restricted_source/charls_wave5.dta","mets","haven_labelled/vctrs_vctr/double","MetS代谢综合征","否=0 | 是=1","mets MetS代谢综合征"
"working_wave5","restricted_source/charls_wave5.dta","mheight","numeric","身高/m","","mheight 身高/m"
"working_wave5","restricted_source/charls_wave5.dta","mwaist","numeric","腰围/cm","","mwaist 腰围/cm"
"working_wave5","restricted_source/charls_wave5.dta","mweight","numeric","体重/kg","","mweight 体重/kg"
"working_wave5","restricted_source/charls_wave5.dta","oopdoc1m","numeric","门诊自付费用","","oopdoc1m 门诊自付费用"
"working_wave5","restricted_source/charls_wave5.dta","oophos1y","numeric","住院自付费用","","oophos1y 住院自付费用"
"working_wave5","restricted_source/charls_wave5.dta","puff","numeric","呼吸测试最大值","","puff 呼吸测试最大值"
"working_wave5","restricted_source/charls_wave5.dta","puff1","numeric","第一次呼吸测试","","puff1 第一次呼吸测试"
"working_wave5","restricted_source/charls_wave5.dta","puff2","numeric","第二次呼吸测试","","puff2 第二次呼吸测试"
"working_wave5","restricted_source/charls_wave5.dta","puff3","numeric","第三次呼吸测试","","puff3 第三次呼吸测试"
"working_wave5","restricted_source/charls_wave5.dta","puffcomp","haven_labelled/vctrs_vctr/double","是否愿意并能够完成呼吸测试","否=0 | 是=1","puffcomp 是否愿意并能够完成呼吸测试"
"working_wave5","restricted_source/charls_wave5.dta","pulse","numeric","第2/3次脉搏的均值","","pulse 第2/3次脉搏的均值"
"working_wave5","restricted_source/charls_wave5.dta","pulse1","numeric","第1次脉搏","","pulse1 第1次脉搏"
"working_wave5","restricted_source/charls_wave5.dta","pulse2","numeric","第2次脉搏","","pulse2 第2次脉搏"
"working_wave5","restricted_source/charls_wave5.dta","pulse3","numeric","第3次脉搏","","pulse3 第3次脉搏"
"working_wave5","restricted_source/charls_wave5.dta","rgrip","numeric","右手的最大握力测试","","rgrip 右手的最大握力测试"
"working_wave5","restricted_source/charls_wave5.dta","rgrip1","numeric","右手的第1次握力测试","","rgrip1 右手的第1次握力测试"
"working_wave5","restricted_source/charls_wave5.dta","rgrip2","numeric","右手的第2次握力测试","","rgrip2 右手的第2次握力测试"
"working_wave5","restricted_source/charls_wave5.dta","rxarthr","haven_labelled/vctrs_vctr/double","是否服用西药治疗关节炎或风湿病","否=0 | 是=1","rxarthr 是否服用西药治疗关节炎或风湿病"
"working_wave5","restricted_source/charls_wave5.dta","rxarthr_c","haven_labelled/vctrs_vctr/double","是否服用任何药物治疗关节炎或风湿病","否=0 | 是=1","rxarthr_c 是否服用任何药物治疗关节炎或风湿病"
"working_wave5","restricted_source/charls_wave5.dta","rxdiab","haven_labelled/vctrs_vctr/double","是否注射胰岛素或正在服用糖尿病西药","否=0 | 是=1","rxdiab 是否注射胰岛素或正在服用糖尿病西药"
"working_wave5","restricted_source/charls_wave5.dta","rxdiab_c","haven_labelled/vctrs_vctr/double","是否正在服用任何治疗糖尿病的药物","否=0 | 是=1","rxdiab_c 是否正在服用任何治疗糖尿病的药物"
"working_wave5","restricted_source/charls_wave5.dta","rxdiabi","haven_labelled/vctrs_vctr/double","是否注射胰岛素治疗糖尿病","否=0 | 是=1","rxdiabi 是否注射胰岛素治疗糖尿病"
"working_wave5","restricted_source/charls_wave5.dta","rxdigest","haven_labelled/vctrs_vctr/double","是否服用西药治疗胃或其他消化系统疾病","否=0 | 是=1","rxdigest 是否服用西药治疗胃或其他消化系统疾病"
"working_wave5","restricted_source/charls_wave5.dta","rxdigest_c","haven_labelled/vctrs_vctr/double","是否服用任何药物治疗胃或其他消化系统疾病","否=0 | 是=1","rxdigest_c 是否服用任何药物治疗胃或其他消化系统疾病"
"working_wave5","restricted_source/charls_wave5.dta","rxdyslip","haven_labelled/vctrs_vctr/double","是否服用西药治疗血脂异常","否=0 | 是=1","rxdyslip 是否服用西药治疗血脂异常"
"working_wave5","restricted_source/charls_wave5.dta","rxdyslip_c","haven_labelled/vctrs_vctr/double","是否服用任何药物治疗血脂异常","否=0 | 是=1","rxdyslip_c 是否服用任何药物治疗血脂异常"
"working_wave5","restricted_source/charls_wave5.dta","rxheart","haven_labelled/vctrs_vctr/double","是否服用西药治疗心脏病","否=0 | 是=1","rxheart 是否服用西药治疗心脏病"
"working_wave5","restricted_source/charls_wave5.dta","rxheart_c","haven_labelled/vctrs_vctr/double","是否服用任何药物治疗心脏病","否=0 | 是=1","rxheart_c 是否服用任何药物治疗心脏病"
"working_wave5","restricted_source/charls_wave5.dta","rxhibp","haven_labelled/vctrs_vctr/double","是否服用治疗高血压的西药","否=0 | 是=1","rxhibp 是否服用治疗高血压的西药"
"working_wave5","restricted_source/charls_wave5.dta","rxhibp_c","haven_labelled/vctrs_vctr/double","是否服用任何治疗高血压的药物","否=0 | 是=1","rxhibp_c 是否服用任何治疗高血压的药物"
"working_wave5","restricted_source/charls_wave5.dta","rxkidney","haven_labelled/vctrs_vctr/double","是否服用西药治疗肾脏疾病","否=0 | 是=1","rxkidney 是否服用西药治疗肾脏疾病"
"working_wave5","restricted_source/charls_wave5.dta","rxkidney_c","haven_labelled/vctrs_vctr/double","是否服用任何药物治疗肾脏疾病","否=0 | 是=1","rxkidney_c 是否服用任何药物治疗肾脏疾病"
"working_wave5","restricted_source/charls_wave5.dta","rxliver","haven_labelled/vctrs_vctr/double","是否服用西药治疗肝病","否=0 | 是=1","rxliver 是否服用西药治疗肝病"
"working_wave5","restricted_source/charls_wave5.dta","rxliver_c","haven_labelled/vctrs_vctr/double","服用任何药物治疗肝病","否=0 | 是=1","rxliver_c 服用任何药物治疗肝病"
"working_wave5","restricted_source/charls_wave5.dta","rxlung","haven_labelled/vctrs_vctr/double","是否服用西药治疗慢性肺病","否=0 | 是=1","rxlung 是否服用西药治疗慢性肺病"
"working_wave5","restricted_source/charls_wave5.dta","rxlung_c","haven_labelled/vctrs_vctr/double","是否服用任何药物治疗慢性肺病","否=0 | 是=1","rxlung_c 是否服用任何药物治疗慢性肺病"
"working_wave5","restricted_source/charls_wave5.dta","rxmemry","haven_labelled/vctrs_vctr/double","是否服用西药治疗记忆相关疾病","否=0 | 是=1","rxmemry 是否服用西药治疗记忆相关疾病"
"working_wave5","restricted_source/charls_wave5.dta","rxmemry_c","haven_labelled/vctrs_vctr/double","是否服用任何药物治疗记忆相关疾病","否=0 | 是=1","rxmemry_c 是否服用任何药物治疗记忆相关疾病"
"working_wave5","restricted_source/charls_wave5.dta","rxpsych","haven_labelled/vctrs_vctr/double","是否正在服用药物治疗精神问题","否=0 | 是=1","rxpsych 是否正在服用药物治疗精神问题"
"working_wave5","restricted_source/charls_wave5.dta","rxstrok","haven_labelled/vctrs_vctr/double","是否服用西药治疗中风","否=0 | 是=1","rxstrok 是否服用西药治疗中风"
"working_wave5","restricted_source/charls_wave5.dta","rxstrok_c","haven_labelled/vctrs_vctr/double","是否正在服用任何药物治疗中风","否=0 | 是=1","rxstrok_c 是否正在服用任何药物治疗中风"
"working_wave5","restricted_source/charls_wave5.dta","sbscomp","haven_labelled/vctrs_vctr/double","是否愿意并且能够完成双脚并拢站立","否=0 | 是=1","sbscomp 是否愿意并且能够完成双脚并拢站立"
"working_wave5","restricted_source/charls_wave5.dta","sbsdone","haven_labelled/vctrs_vctr/double","是否保持10秒双脚并拢站立","否=0 | 是=1","sbsdone 是否保持10秒双脚并拢站立"
"working_wave5","restricted_source/charls_wave5.dta","sbstan","numeric","双脚并拢站立时间","","sbstan 双脚并拢站立时间"
"working_wave5","restricted_source/charls_wave5.dta","sbstanc","haven_labelled/vctrs_vctr/double","是否使用任何补偿性运动稳定双脚并拢站立","否=0 | 是=1","sbstanc 是否使用任何补偿性运动稳定双脚并拢站立"
"working_wave5","restricted_source/charls_wave5.dta","semicomp","haven_labelled/vctrs_vctr/double","是否愿意并能够完成双脚半前后站立测试","否=0 | 是=1","semicomp 是否愿意并能够完成双脚半前后站立测试"
"working_wave5","restricted_source/charls_wave5.dta","semidone","haven_labelled/vctrs_vctr/double","是否保持10秒双脚半前后站立的平衡","否=0 | 是=1","semidone 是否保持10秒双脚半前后站立的平衡"
"working_wave5","restricted_source/charls_wave5.dta","semitan","numeric","双脚半前后站立测试的时间","","semitan 双脚半前后站立测试的时间"
"working_wave5","restricted_source/charls_wave5.dta","semitanc","haven_labelled/vctrs_vctr/double","是否使用任何补偿运动来稳定双脚半前后站立","否=0 | 是=1","semitanc 是否使用任何补偿运动来稳定双脚半前后站立"
"working_wave5","restricted_source/charls_wave5.dta","stoopa","haven_labelled/vctrs_vctr/double","其他功能限制/弯腰跪下或蹲下","否=0 | 是=1","stoopa 其他功能限制/弯腰跪下或蹲下"
"working_wave5","restricted_source/charls_wave5.dta","systo","numeric","第2/3次收缩压的均值","","systo 第2/3次收缩压的均值"
"working_wave5","restricted_source/charls_wave5.dta","systo1","numeric","第1次收缩压","","systo1 第1次收缩压"
"working_wave5","restricted_source/charls_wave5.dta","systo2","numeric","第2次收缩压","","systo2 第2次收缩压"
"working_wave5","restricted_source/charls_wave5.dta","systo3","numeric","第3次收缩压","","systo3 第3次收缩压"
"working_wave5","restricted_source/charls_wave5.dta","totdoc1m","numeric","门诊总费用","","totdoc1m 门诊总费用"
"working_wave5","restricted_source/charls_wave5.dta","tothos1y","numeric","住院总费用","","tothos1y 住院总费用"
"working_wave5","restricted_source/charls_wave5.dta","trdmdtim1m","numeric","上月到访中医院的次数","","trdmdtim1m 上月到访中医院的次数"
"working_wave5","restricted_source/charls_wave5.dta","trdmed1m","haven_labelled/vctrs_vctr/double","上月是否去过中医院","否=0 | 是=1","trdmed1m 上月是否去过中医院"
"working_wave5","restricted_source/charls_wave5.dta","trpsych","haven_labelled/vctrs_vctr/double","是否正在接受精神问题的治疗","否=0 | 是=1","trpsych 是否正在接受精神问题的治疗"
"working_wave5","restricted_source/charls_wave5.dta","tyg","numeric","甘油三酯葡萄糖指数(TyG指数)","","tyg 甘油三酯葡萄糖指数(TyG指数)"
"working_wave5","restricted_source/charls_wave5.dta","tyg_bmi","numeric","油三酯葡萄糖体重指数(TyG-BMI指数)","","tyg_bmi 油三酯葡萄糖体重指数(TyG-BMI指数)"
"working_wave5","restricted_source/charls_wave5.dta","walk100a","haven_labelled/vctrs_vctr/double","其他功能限制/步行100米","否=0 | 是=1","walk100a 其他功能限制/步行100米"
"working_wave5","restricted_source/charls_wave5.dta","walk1kma","haven_labelled/vctrs_vctr/double","其他功能限制/步行1公里","否=0 | 是=1","walk1kma 其他功能限制/步行1公里"
"working_wave5","restricted_source/charls_wave5.dta","walkcomp","haven_labelled/vctrs_vctr/double","是否完成步速测试","否=0 | 是=1","walkcomp 是否完成步速测试"
"working_wave5","restricted_source/charls_wave5.dta","watcomp","haven_labelled/vctrs_vctr/double","是否愿意并能够完成腰围测量","否=0 | 是=1","watcomp 是否愿意并能够完成腰围测量"
"working_wave5","restricted_source/charls_wave5.dta","wspeed","numeric","步行速度测试-均值","","wspeed 步行速度测试-均值"
"working_wave5","restricted_source/charls_wave5.dta","wspeed1","numeric","步行速度测试-第1次","","wspeed1 步行速度测试-第1次"
"working_wave5","restricted_source/charls_wave5.dta","wspeed2","numeric","步行速度测试-第2次","","wspeed2 步行速度测试-第2次"
"working_wave5","restricted_source/charls_wave5.dta","wtcomp","haven_labelled/vctrs_vctr/double","是否愿意并能够完成体重测量","否=0 | 是=1","wtcomp 是否愿意并能够完成体重测量"
"working_wave5","restricted_source/charls_wave5.dta","dentim1y","numeric","去年的牙科诊疗次数","","dentim1y 去年的牙科诊疗次数"
"working_wave5","restricted_source/charls_wave5.dta","dentst1y","haven_labelled/vctrs_vctr/double","去年是否看过牙医","否=0 | 是=1","dentst1y 去年是否看过牙医"
"working_wave5","restricted_source/charls_wave5.dta","oopden1y","numeric","去年的牙科护理自付支出","","oopden1y 去年的牙科护理自付支出"
"working_wave5","restricted_source/charls_wave5.dta","totden1y","numeric","去年的牙科护理总支出","","totden1y 去年的牙科护理总支出"
"working_wave5","restricted_source/charls_wave5.dta","bloodweight","numeric","","","bloodweight "
"working_wave5","restricted_source/charls_wave5.dta","bl_fasting","haven_labelled/vctrs_vctr/double","是否空腹","是=1 | 否=2","bl_fasting 是否空腹"
"working_wave5","restricted_source/charls_wave5.dta","bl_wbc","numeric","White Blood Cell in Thousands白细胞","","bl_wbc White Blood Cell in Thousands白细胞"
"working_wave5","restricted_source/charls_wave5.dta","bl_mcv","numeric","MCV平均红细胞体积(fl)","","bl_mcv MCV平均红细胞体积(fl)"
"working_wave5","restricted_source/charls_wave5.dta","bl_plt","numeric","Platelets血小板计数(10^9/L)","","bl_plt Platelets血小板计数(10^9/L)"
"working_wave5","restricted_source/charls_wave5.dta","bl_bun","numeric","Blood Urea Nitrogen (BUN) (mg/dl)尿素氮","","bl_bun Blood Urea Nitrogen (BUN) (mg/dl)尿素氮"
"working_wave5","restricted_source/charls_wave5.dta","bl_glu","numeric","Glucose (mg/dl)血糖","","bl_glu Glucose (mg/dl)血糖"
"working_wave5","restricted_source/charls_wave5.dta","bl_crea","numeric","Creatinine (mg/dl)肌酐","","bl_crea Creatinine (mg/dl)肌酐"
"working_wave5","restricted_source/charls_wave5.dta","bl_cho","numeric","Total Cholesterol (mg/dl)总胆固醇","","bl_cho Total Cholesterol (mg/dl)总胆固醇"
"working_wave5","restricted_source/charls_wave5.dta","bl_tg","numeric","Triglycerides甘油三酯 (mg/dl)","","bl_tg Triglycerides甘油三酯 (mg/dl)"
"working_wave5","restricted_source/charls_wave5.dta","bl_hdl","numeric","Hdl Cholesterol高密度脂蛋白胆固醇 (mg/dl)","","bl_hdl Hdl Cholesterol高密度脂蛋白胆固醇 (mg/dl)"
"working_wave5","restricted_source/charls_wave5.dta","bl_ldl","numeric","Ldl Cholesterol低密度脂蛋白胆固醇 (mg/dl)","","bl_ldl Ldl Cholesterol低密度脂蛋白胆固醇 (mg/dl)"
"working_wave5","restricted_source/charls_wave5.dta","bl_crp","numeric","C-Reactive Protein (CRP) C反应蛋白(mg/l)","","bl_crp C-Reactive Protein (CRP) C反应蛋白(mg/l)"
"working_wave5","restricted_source/charls_wave5.dta","bl_hbalc","numeric","Glycated Hemoglobin糖化血红蛋白 (%)","","bl_hbalc Glycated Hemoglobin糖化血红蛋白 (%)"
"working_wave5","restricted_source/charls_wave5.dta","bl_ua","numeric","Uric Acid尿酸(mg/dl)","","bl_ua Uric Acid尿酸(mg/dl)"
"working_wave5","restricted_source/charls_wave5.dta","bl_hct","numeric","Hematocrit红细胞比容(%)","","bl_hct Hematocrit红细胞比容(%)"
"working_wave5","restricted_source/charls_wave5.dta","bl_hgb","numeric","Hemoglobin血红蛋白 (g/dl)","","bl_hgb Hemoglobin血红蛋白 (g/dl)"
"working_wave5","restricted_source/charls_wave5.dta","bl_cysc","numeric","Cystatin C胱抑素C(mg/l)","","bl_cysc Cystatin C胱抑素C(mg/l)"
"working_wave5","restricted_source/charls_wave5.dta","bl_top_coding_tg","numeric","Whether or not top-coding Triglycerides values to 500","","bl_top_coding_tg Whether or not top-coding Triglycerides values to 500"
"working_wave5","restricted_source/charls_wave5.dta","teeth","haven_labelled/vctrs_vctr/double","掉牙","否=0 | 是=1","teeth 掉牙"
"working_wave5","restricted_source/charls_wave5.dta","glass","haven_labelled/vctrs_vctr/double","戴眼镜","否=0 | 是=1 | 失明=2","glass 戴眼镜"
"working_wave5","restricted_source/charls_wave5.dta","eyesight_distance","haven_labelled/vctrs_vctr/double","远视情况","不好=1 | 一般=2 | 好=3 | 很好=4 | 极好=5","eyesight_distance 远视情况"
"working_wave5","restricted_source/charls_wave5.dta","eyesight_close","haven_labelled/vctrs_vctr/double","近视情况","不好=1 | 一般=2 | 好=3 | 很好=4 | 极好=5","eyesight_close 近视情况"
"working_wave5","restricted_source/charls_wave5.dta","hear_aid","haven_labelled/vctrs_vctr/double","助听器","否=0 | 是=1","hear_aid 助听器"
"working_wave5","restricted_source/charls_wave5.dta","hear","haven_labelled/vctrs_vctr/double","听力","不好=1 | 一般=2 | 好=3 | 很好=4 | 极好=5","hear 听力"
"working_wave5","restricted_source/charls_wave5.dta","da017s1","haven_labelled/vctrs_vctr/double","癌症部位/大脑","否=0 | 是=1","da017s1 癌症部位/大脑"
"working_wave5","restricted_source/charls_wave5.dta","da017s2","haven_labelled/vctrs_vctr/double","癌症部位/口腔","否=0 | 是=1","da017s2 癌症部位/口腔"
"working_wave5","restricted_source/charls_wave5.dta","da017s3","haven_labelled/vctrs_vctr/double","癌症部位/喉","否=0 | 是=1","da017s3 癌症部位/喉"
"working_wave5","restricted_source/charls_wave5.dta","da017s4","haven_labelled/vctrs_vctr/double","癌症部位/咽","否=0 | 是=1","da017s4 癌症部位/咽"
"working_wave5","restricted_source/charls_wave5.dta","da017s5","haven_labelled/vctrs_vctr/double","癌症部位/甲状腺","否=0 | 是=1","da017s5 癌症部位/甲状腺"
"working_wave5","restricted_source/charls_wave5.dta","da017s6","haven_labelled/vctrs_vctr/double","癌症部位/肺","否=0 | 是=1","da017s6 癌症部位/肺"
"working_wave5","restricted_source/charls_wave5.dta","da017s7","haven_labelled/vctrs_vctr/double","癌症部位/乳房","否=0 | 是=1","da017s7 癌症部位/乳房"
"working_wave5","restricted_source/charls_wave5.dta","da017s8","haven_labelled/vctrs_vctr/double","癌症部位/食管","否=0 | 是=1","da017s8 癌症部位/食管"
"working_wave5","restricted_source/charls_wave5.dta","da017s9","haven_labelled/vctrs_vctr/double","癌症部位/胃","否=0 | 是=1","da017s9 癌症部位/胃"
"working_wave5","restricted_source/charls_wave5.dta","da017s10","haven_labelled/vctrs_vctr/double","癌症部位/肝脏","否=0 | 是=1","da017s10 癌症部位/肝脏"
"working_wave5","restricted_source/charls_wave5.dta","da017s11","haven_labelled/vctrs_vctr/double","癌症部位/胰腺","否=0 | 是=1","da017s11 癌症部位/胰腺"
"working_wave5","restricted_source/charls_wave5.dta","da017s12","haven_labelled/vctrs_vctr/double","癌症部位/肾脏","否=0 | 是=1","da017s12 癌症部位/肾脏"
"working_wave5","restricted_source/charls_wave5.dta","da017s13","haven_labelled/vctrs_vctr/double","癌症部位/前列腺","否=0 | 是=1","da017s13 癌症部位/前列腺"
"working_wave5","restricted_source/charls_wave5.dta","da017s14","haven_labelled/vctrs_vctr/double","癌症部位/睾丸","否=0 | 是=1","da017s14 癌症部位/睾丸"
"working_wave5","restricted_source/charls_wave5.dta","da017s15","haven_labelled/vctrs_vctr/double","癌症部位/卵巢","否=0 | 是=1","da017s15 癌症部位/卵巢"
"working_wave5","restricted_source/charls_wave5.dta","da017s16","haven_labelled/vctrs_vctr/double","癌症部位/子宫颈","否=0 | 是=1","da017s16 癌症部位/子宫颈"
"working_wave5","restricted_source/charls_wave5.dta","da017s17","haven_labelled/vctrs_vctr/double","癌症部位/子宫内膜","否=0 | 是=1","da017s17 癌症部位/子宫内膜"
"working_wave5","restricted_source/charls_wave5.dta","da017s18","haven_labelled/vctrs_vctr/double","癌症部位/结肠或直肠","否=0 | 是=1","da017s18 癌症部位/结肠或直肠"
"working_wave5","restricted_source/charls_wave5.dta","da017s19","haven_labelled/vctrs_vctr/double","癌症部位/膀胱","否=0 | 是=1","da017s19 癌症部位/膀胱"
"working_wave5","restricted_source/charls_wave5.dta","da017s20","haven_labelled/vctrs_vctr/double","癌症部位/皮肤","否=0 | 是=1","da017s20 癌症部位/皮肤"
"working_wave5","restricted_source/charls_wave5.dta","da017s21","haven_labelled/vctrs_vctr/double","癌症部位/非何杰金淋巴瘤","否=0 | 是=1","da017s21 癌症部位/非何杰金淋巴瘤"
"working_wave5","restricted_source/charls_wave5.dta","da017s22","haven_labelled/vctrs_vctr/double","癌症部位/白血病","否=0 | 是=1","da017s22 癌症部位/白血病"
"working_wave5","restricted_source/charls_wave5.dta","da017s23","haven_labelled/vctrs_vctr/double","癌症部位/其他器官","否=0 | 是=1","da017s23 癌症部位/其他器官"
"working_wave5","restricted_source/charls_wave5.dta","ea001s6","haven_labelled/vctrs_vctr/double","医疗救助","否=0 | 是=1","ea001s6 医疗救助"
"working_wave5","restricted_source/charls_wave5.dta","ea001s7","haven_labelled/vctrs_vctr/double","商业医疗保险: 单位购买","否=0 | 是=1","ea001s7 商业医疗保险: 单位购买"
"working_wave5","restricted_source/charls_wave5.dta","ea001s8","haven_labelled/vctrs_vctr/double","商业医疗保险: 个人购买","否=0 | 是=1","ea001s8 商业医疗保险: 个人购买"
"working_wave5","restricted_source/charls_wave5.dta","ea001s9","haven_labelled/vctrs_vctr/double","城镇无业居民大病医疗保险","否=0 | 是=1","ea001s9 城镇无业居民大病医疗保险"
"working_wave5","restricted_source/charls_wave5.dta","ea001s10","haven_labelled/vctrs_vctr/double","长期护理保险","否=0 | 是=1","ea001s10 长期护理保险"
"working_wave5","restricted_source/charls_wave5.dta","social1","haven_labelled/vctrs_vctr/double","串门、跟朋友交往","否=0 | 是=1","social1 串门、跟朋友交往"
"working_wave5","restricted_source/charls_wave5.dta","social2","haven_labelled/vctrs_vctr/double","打麻将、下棋、打牌、去社区活动室","否=0 | 是=1","social2 打麻将、下棋、打牌、去社区活动室"
"working_wave5","restricted_source/charls_wave5.dta","social3","haven_labelled/vctrs_vctr/double","向与您不住在一起的亲人、朋友或者邻居提供帮助","否=0 | 是=1","social3 向与您不住在一起的亲人、朋友或者邻居提供帮助"
"working_wave5","restricted_source/charls_wave5.dta","social4","haven_labelled/vctrs_vctr/double","跳舞、健身、练气功等","否=0 | 是=1","social4 跳舞、健身、练气功等"
"working_wave5","restricted_source/charls_wave5.dta","social5","haven_labelled/vctrs_vctr/double","参加社团组织活动","否=0 | 是=1","social5 参加社团组织活动"
"working_wave5","restricted_source/charls_wave5.dta","social6","haven_labelled/vctrs_vctr/double","志愿者活动或者慈善活动","否=0 | 是=1","social6 志愿者活动或者慈善活动"
"working_wave5","restricted_source/charls_wave5.dta","social7","haven_labelled/vctrs_vctr/double","照顾与您不住在一起的病人或残疾人","否=0 | 是=1","social7 照顾与您不住在一起的病人或残疾人"
"working_wave5","restricted_source/charls_wave5.dta","social8","haven_labelled/vctrs_vctr/double","上学或者参加培训课程","否=0 | 是=1","social8 上学或者参加培训课程"
"working_wave5","restricted_source/charls_wave5.dta","social9","haven_labelled/vctrs_vctr/double","炒股","否=0 | 是=1","social9 炒股"
"working_wave5","restricted_source/charls_wave5.dta","social10","haven_labelled/vctrs_vctr/double","上网","否=0 | 是=1","social10 上网"
"working_wave5","restricted_source/charls_wave5.dta","social11","haven_labelled/vctrs_vctr/double","其他社交活动","否=0 | 是=1","social11 其他社交活动"
"working_wave5","restricted_source/charls_wave5.dta","freq_social1","numeric","频率/串门、跟朋友交往","","freq_social1 频率/串门、跟朋友交往"
"working_wave5","restricted_source/charls_wave5.dta","freq_social2","numeric","频率/打麻将、下棋、打牌、去社区活动室","","freq_social2 频率/打麻将、下棋、打牌、去社区活动室"
"working_wave5","restricted_source/charls_wave5.dta","freq_social3","numeric","频率/向与您不住在一起的亲人、朋友或者邻居提供帮助","","freq_social3 频率/向与您不住在一起的亲人、朋友或者邻居提供帮助"
"working_wave5","restricted_source/charls_wave5.dta","freq_social4","numeric","频率/跳舞、健身、练气功等","","freq_social4 频率/跳舞、健身、练气功等"
"working_wave5","restricted_source/charls_wave5.dta","freq_social5","numeric","频率/参加社团组织活动","","freq_social5 频率/参加社团组织活动"
"working_wave5","restricted_source/charls_wave5.dta","freq_social6","numeric","频率/志愿者活动或者慈善活动","","freq_social6 频率/志愿者活动或者慈善活动"
"working_wave5","restricted_source/charls_wave5.dta","freq_social7","numeric","频率/照顾与您不住在一起的病人或残疾人","","freq_social7 频率/照顾与您不住在一起的病人或残疾人"
"working_wave5","restricted_source/charls_wave5.dta","freq_social8","numeric","频率/上学或者参加培训课程","","freq_social8 频率/上学或者参加培训课程"
"working_wave5","restricted_source/charls_wave5.dta","freq_social9","numeric","频率/炒股","","freq_social9 频率/炒股"
"working_wave5","restricted_source/charls_wave5.dta","freq_social10","numeric","频率/上网","","freq_social10 频率/上网"
"working_wave5","restricted_source/charls_wave5.dta","freq_social11","numeric","频率/其他社交活动","","freq_social11 频率/其他社交活动"
"working_wave5","restricted_source/charls_wave5.dta","frailtyb","numeric","虚弱指数b","","frailtyb 虚弱指数b"
"working_wave5","restricted_source/charls_wave5.dta","age_group","numeric","45岁以上的分组","","age_group 45岁以上的分组"
"working_wave5","restricted_source/charls_wave5.dta","cog_status","haven_labelled/vctrs_vctr/double","认知状况","否=0 | 是=1","cog_status 认知状况"
"temp_charls2020","restricted_source/charls2020.dta","ID","character","Individual ID","","ID Individual ID"
"temp_charls2020","restricted_source/charls2020.dta","householdID","character","Household ID","","householdID Household ID"
"temp_charls2020","restricted_source/charls2020.dta","communityID","character","Community ID","","communityID Community ID"
"temp_charls2020","restricted_source/charls2020.dta","r5gender","haven_labelled/vctrs_vctr/double","Interviewer record R's gender","1 Male=1 | 2 Female=2","r5gender Interviewer record R's gender"
"temp_charls2020","restricted_source/charls2020.dta","zrbirthyear","numeric","ZRBirthYear","","zrbirthyear ZRBirthYear"
"temp_charls2020","restricted_source/charls2020.dta","r5educ_c","numeric","ZREdu","","r5educ_c ZREdu"
"temp_charls2020","restricted_source/charls2020.dta","r5hibpe","numeric","Diagnosed Disease [1]","","r5hibpe Diagnosed Disease [1]"
"temp_charls2020","restricted_source/charls2020.dta","r5dyslipe","numeric","Diagnosed Disease [2]","","r5dyslipe Diagnosed Disease [2]"
"temp_charls2020","restricted_source/charls2020.dta","r5diabe","numeric","Diagnosed Disease [3]","","r5diabe Diagnosed Disease [3]"
"temp_charls2020","restricted_source/charls2020.dta","r5cancre","numeric","Diagnosed Disease [4]","","r5cancre Diagnosed Disease [4]"
"temp_charls2020","restricted_source/charls2020.dta","r5lunge","numeric","Diagnosed Disease [5]","","r5lunge Diagnosed Disease [5]"
"temp_charls2020","restricted_source/charls2020.dta","r5livere","numeric","Diagnosed Disease [6]","","r5livere Diagnosed Disease [6]"
"temp_charls2020","restricted_source/charls2020.dta","r5hearte","numeric","Diagnosed Disease [7]","","r5hearte Diagnosed Disease [7]"
"temp_charls2020","restricted_source/charls2020.dta","r5stroke","numeric","Diagnosed Disease [8]","","r5stroke Diagnosed Disease [8]"
"temp_charls2020","restricted_source/charls2020.dta","r5kidneye","numeric","Diagnosed Disease [9]","","r5kidneye Diagnosed Disease [9]"
"temp_charls2020","restricted_source/charls2020.dta","r5digeste","numeric","Diagnosed Disease [10]","","r5digeste Diagnosed Disease [10]"
"temp_charls2020","restricted_source/charls2020.dta","r5psyche","numeric","Diagnosed Disease [11]","","r5psyche Diagnosed Disease [11]"
"temp_charls2020","restricted_source/charls2020.dta","r5memrye","numeric","Diagnosed Disease [12]","","r5memrye Diagnosed Disease [12]"
"temp_charls2020","restricted_source/charls2020.dta","da003_13_","numeric","Diagnosed Disease [13]","","da003_13_ Diagnosed Disease [13]"
"temp_charls2020","restricted_source/charls2020.dta","r5arthre","numeric","Diagnosed Disease [14]","","r5arthre Diagnosed Disease [14]"
"temp_charls2020","restricted_source/charls2020.dta","r5asthmae","numeric","Diagnosed Disease [15]","","r5asthmae Diagnosed Disease [15]"
"temp_charls2020","restricted_source/charls2020.dta","r5hibpe_self","numeric","Self-known Disease [1]","","r5hibpe_self Self-known Disease [1]"
"temp_charls2020","restricted_source/charls2020.dta","r5lunge_self","numeric","Self-known Disease [5]","","r5lunge_self Self-known Disease [5]"
"temp_charls2020","restricted_source/charls2020.dta","r5psyche_self","numeric","Self-known Disease [11]","","r5psyche_self Self-known Disease [11]"
"temp_charls2020","restricted_source/charls2020.dta","r5doctim1m","numeric","Out-patient Service Times","","r5doctim1m Out-patient Service Times"
"temp_charls2020","restricted_source/charls2020.dta","r5hsptim1y","numeric","In-patient Service Times","","r5hsptim1y In-patient Service Times"
"temp_charls2020","restricted_source/charls2020.dta","r5da042s1","numeric","Body Parts Feeling Pain","","r5da042s1 Body Parts Feeling Pain"
"temp_charls2020","restricted_source/charls2020.dta","r5da042s2","numeric","Body Parts Feeling Pain","","r5da042s2 Body Parts Feeling Pain"
"temp_charls2020","restricted_source/charls2020.dta","r5da042s3","numeric","Body Parts Feeling Pain","","r5da042s3 Body Parts Feeling Pain"
"temp_charls2020","restricted_source/charls2020.dta","r5da042s4","numeric","Body Parts Feeling Pain","","r5da042s4 Body Parts Feeling Pain"
"temp_charls2020","restricted_source/charls2020.dta","r5da042s5","numeric","Body Parts Feeling Pain","","r5da042s5 Body Parts Feeling Pain"
"temp_charls2020","restricted_source/charls2020.dta","r5da042s6","numeric","Body Parts Feeling Pain","","r5da042s6 Body Parts Feeling Pain"
"temp_charls2020","restricted_source/charls2020.dta","r5da042s7","numeric","Body Parts Feeling Pain","","r5da042s7 Body Parts Feeling Pain"
"temp_charls2020","restricted_source/charls2020.dta","r5da042s8","numeric","Body Parts Feeling Pain","","r5da042s8 Body Parts Feeling Pain"
"temp_charls2020","restricted_source/charls2020.dta","r5da042s9","numeric","Body Parts Feeling Pain","","r5da042s9 Body Parts Feeling Pain"
"temp_charls2020","restricted_source/charls2020.dta","r5da042s10","numeric","Body Parts Feeling Pain","","r5da042s10 Body Parts Feeling Pain"
"temp_charls2020","restricted_source/charls2020.dta","r5da042s11","numeric","Body Parts Feeling Pain","","r5da042s11 Body Parts Feeling Pain"
"temp_charls2020","restricted_source/charls2020.dta","r5da042s12","numeric","Body Parts Feeling Pain","","r5da042s12 Body Parts Feeling Pain"
"temp_charls2020","restricted_source/charls2020.dta","r5da042s13","numeric","Body Parts Feeling Pain","","r5da042s13 Body Parts Feeling Pain"
"temp_charls2020","restricted_source/charls2020.dta","r5da042s14","numeric","Body Parts Feeling Pain","","r5da042s14 Body Parts Feeling Pain"
"temp_charls2020","restricted_source/charls2020.dta","r5da042s15","numeric","Body Parts Feeling Pain","","r5da042s15 Body Parts Feeling Pain"
"temp_charls2020","restricted_source/charls2020.dta","r5sleep_night","numeric","During Last Month Average Hours of Actual Sleep","","r5sleep_night During Last Month Average Hours of Actual Sleep"
"temp_charls2020","restricted_source/charls2020.dta","r5sleep_nap","numeric","During Last Month Time for a Nap after Lunch","","r5sleep_nap During Last Month Time for a Nap after Lunch"
"temp_charls2020","restricted_source/charls2020.dta","r5vgactx_c","numeric","Days with Intensive Physical Activity","","r5vgactx_c Days with Intensive Physical Activity"
"temp_charls2020","restricted_source/charls2020.dta","r5mdactx_c","numeric","Days with Moderate Physical Activity","","r5mdactx_c Days with Moderate Physical Activity"
"temp_charls2020","restricted_source/charls2020.dta","r5ltactx_c","numeric","Days with Light Physical Activity","","r5ltactx_c Days with Light Physical Activity"
"temp_charls2020","restricted_source/charls2020.dta","r5act_1","numeric","Activities in Last Month","","r5act_1 Activities in Last Month"
"temp_charls2020","restricted_source/charls2020.dta","r5act_2","numeric","Activities in Last Month","","r5act_2 Activities in Last Month"
"temp_charls2020","restricted_source/charls2020.dta","r5act_3","numeric","Activities in Last Month","","r5act_3 Activities in Last Month"
"temp_charls2020","restricted_source/charls2020.dta","r5act_4","numeric","Activities in Last Month","","r5act_4 Activities in Last Month"
"temp_charls2020","restricted_source/charls2020.dta","r5act_5","numeric","Activities in Last Month","","r5act_5 Activities in Last Month"
"temp_charls2020","restricted_source/charls2020.dta","r5act_6","numeric","Activities in Last Month","","r5act_6 Activities in Last Month"
"temp_charls2020","restricted_source/charls2020.dta","r5act_7","numeric","Activities in Last Month","","r5act_7 Activities in Last Month"
"temp_charls2020","restricted_source/charls2020.dta","r5act_8","numeric","Activities in Last Month","","r5act_8 Activities in Last Month"
"temp_charls2020","restricted_source/charls2020.dta","r5fret_c","numeric","Preloaded: Retirement LastIW","","r5fret_c Preloaded: Retirement LastIW"
"temp_charls2020","restricted_source/charls2020.dta","died","numeric","Whether Individual Died","","died Whether Individual Died"
"temp_charls2020","restricted_source/charls2020.dta","r5iwy","numeric","Interview Year","","r5iwy Interview Year"
"temp_charls2020","restricted_source/charls2020.dta","r5iwm","numeric","Interview Month","","r5iwm Interview Month"
"temp_charls2020","restricted_source/charls2020.dta","inw5","numeric","","","inw5 "
"temp_charls2020","restricted_source/charls2020.dta","exb001_1","numeric","Year of Death","","exb001_1 Year of Death"
"temp_charls2020","restricted_source/charls2020.dta","exb001_2","numeric","Month of Death","","exb001_2 Month of Death"
"temp_charls2020","restricted_source/charls2020.dta","exb001_3","numeric","Day of Death","","exb001_3 Day of Death"
"temp_charls2020","restricted_source/charls2020.dta","exb002","numeric","Solar Calendar or Lunar Calendar","","exb002 Solar Calendar or Lunar Calendar"
"temp_charls2020","restricted_source/charls2020.dta","h5rural","numeric","RECODE of urban_nbs (Urban or Rural according to NBS)","","h5rural RECODE of urban_nbs (Urban or Rural according to NBS)"
"temp_charls2020","restricted_source/charls2020.dta","h5hhres","numeric","","","h5hhres "
"temp_charls2020","restricted_source/charls2020.dta","h5son","numeric","","","h5son "
"temp_charls2020","restricted_source/charls2020.dta","h5dau","numeric","","","h5dau "
"temp_charls2020","restricted_source/charls2020.dta","r5mstath","numeric","","","r5mstath "
"temp_charls2020","restricted_source/charls2020.dta","r5rural2","numeric","RECODE of ba009 (Type of HuKou)","","r5rural2 RECODE of ba009 (Type of HuKou)"
"temp_charls2020","restricted_source/charls2020.dta","r5shlta","numeric","RECODE of da001 (Self-Reported Health Status)","","r5shlta RECODE of da001 (Self-Reported Health Status)"
"temp_charls2020","restricted_source/charls2020.dta","r5smokev","numeric","RECODE of da046 (Ever Smoked)","","r5smokev RECODE of da046 (Ever Smoked)"
"temp_charls2020","restricted_source/charls2020.dta","r5smoken","numeric","RECODE of da047 (Still Smoke or already Quit)","","r5smoken RECODE of da047 (Still Smoke or already Quit)"
"temp_charls2020","restricted_source/charls2020.dta","r5drinkl","numeric","RECODE of da051 (Frequency Drank Alcoholic Beverages in the Past Year)","","r5drinkl RECODE of da051 (Frequency Drank Alcoholic Beverages in the Past Year)"
"temp_charls2020","restricted_source/charls2020.dta","r5vgact_c","numeric","","","r5vgact_c "
"temp_charls2020","restricted_source/charls2020.dta","r5mdact_c","numeric","","","r5mdact_c "
"temp_charls2020","restricted_source/charls2020.dta","r5ltact_c","numeric","","","r5ltact_c "
"temp_charls2020","restricted_source/charls2020.dta","r5memeory","numeric","","","r5memeory "
"temp_charls2020","restricted_source/charls2020.dta","r5executive","numeric","","","r5executive "
"temp_charls2020","restricted_source/charls2020.dta","r5total_cognition","numeric","","","r5total_cognition "
"temp_charls2020","restricted_source/charls2020.dta","r5cesd10","numeric","","","r5cesd10 "
"temp_charls2020","restricted_source/charls2020.dta","r5whappyl","numeric","RECODE of dc023 (I Was Happy)","","r5whappyl RECODE of dc023 (I Was Happy)"
"temp_charls2020","restricted_source/charls2020.dta","r5parkinson","numeric","","","r5parkinson "
"temp_charls2020","restricted_source/charls2020.dta","hh5cperc","numeric","","","hh5cperc "
"temp_charls2020","restricted_source/charls2020.dta","h5child","numeric","","","h5child "
"temp_charls2020","restricted_source/charls2020.dta","r5pension","numeric","RECODE of ba014 (How Ofen are Social Pensions Paid)","","r5pension RECODE of ba014 (How Ofen are Social Pensions Paid)"
"temp_charls2020","restricted_source/charls2020.dta","r5ins","numeric","RECODE of ba016 (How Much Does Social Medical Insurance Cost Per Year)","","r5ins RECODE of ba016 (How Much Does Social Medical Insurance Cost Per Year)"
"temp_charls2020","restricted_source/charls2020.dta","r5ea001s1","numeric","ba017==     1.0000","","r5ea001s1 ba017==     1.0000"
"temp_charls2020","restricted_source/charls2020.dta","r5ea001s2","numeric","ba017==     2.0000","","r5ea001s2 ba017==     2.0000"
"temp_charls2020","restricted_source/charls2020.dta","r5ea001s3","numeric","ba017==     3.0000","","r5ea001s3 ba017==     3.0000"
"temp_charls2020","restricted_source/charls2020.dta","r5ea001s4","numeric","ba017==     4.0000","","r5ea001s4 ba017==     4.0000"
"temp_charls2020","restricted_source/charls2020.dta","r5ea001s5","numeric","ba017==     5.0000","","r5ea001s5 ba017==     5.0000"
"temp_charls2020","restricted_source/charls2020.dta","r5ea001s11","numeric","ba017==     6.0000","","r5ea001s11 ba017==     6.0000"
"temp_charls2020","restricted_source/charls2020.dta","r5satlife","numeric","RECODE of dc026 (Life Satisfication)","","r5satlife RECODE of dc026 (Life Satisfication)"
"temp_charls2020","restricted_source/charls2020.dta","r5adlab_c","numeric","","","r5adlab_c "
"temp_charls2020","restricted_source/charls2020.dta","r5iadl","numeric","","","r5iadl "
"temp_charls2020","restricted_source/charls2020.dta","h5fcamt","numeric","","","h5fcamt "
"temp_charls2020","restricted_source/charls2020.dta","h5tcamt","numeric","","","h5tcamt "
"temp_charls2020","restricted_source/charls2020.dta","hh5itot","numeric","","","hh5itot "
"temp_charls2020","restricted_source/charls2020.dta","r5doctor1m","numeric","RECODE of da005 (Out-patient Service)","","r5doctor1m RECODE of da005 (Out-patient Service)"
"temp_charls2020","restricted_source/charls2020.dta","r5hosp1y","numeric","RECODE of da007 (In-patient Service)","","r5hosp1y RECODE of da007 (In-patient Service)"
"temp_charls2020","restricted_source/charls2020.dta","r5fall_down","numeric","RECODE of da022 (Fallen Down since ZIWTime)","","r5fall_down RECODE of da022 (Fallen Down since ZIWTime)"
"temp_charls2020","restricted_source/charls2020.dta","r5hip","numeric","RECODE of da025 (Fractured Hip since ZIWTime)","","r5hip RECODE of da025 (Fractured Hip since ZIWTime)"
"temp_charls2020","restricted_source/charls2020.dta","r5vgactime","numeric","","","r5vgactime "
"temp_charls2020","restricted_source/charls2020.dta","r5mdactime","numeric","","","r5mdactime "
"temp_charls2020","restricted_source/charls2020.dta","r5ltactime","numeric","","","r5ltactime "
"temp_charls2020","restricted_source/charls2020.dta","r5sati_child","numeric","RECODE of dc027 (Chidren Satisfication)","","r5sati_child RECODE of dc027 (Chidren Satisfication)"
"temp_charls2020","restricted_source/charls2020.dta","r5memory","numeric","RECODE of dc006 (Self-Rated Memory)","","r5memory RECODE of dc006 (Self-Rated Memory)"
"temp_charls20","restricted_source/charls20.dta","ID","character","Individual ID","","ID Individual ID"
"temp_charls20","restricted_source/charls20.dta","householdID","character","Household ID","","householdID Household ID"
"temp_charls20","restricted_source/charls20.dta","communityID","character","Community ID","","communityID Community ID"
"temp_charls20","restricted_source/charls20.dta","r5gender","haven_labelled/vctrs_vctr/double","Interviewer record R's gender","1 Male=1 | 2 Female=2","r5gender Interviewer record R's gender"
"temp_charls20","restricted_source/charls20.dta","zrbirthyear","numeric","ZRBirthYear","","zrbirthyear ZRBirthYear"
"temp_charls20","restricted_source/charls20.dta","r5hibpe","numeric","Diagnosed Disease [1]","","r5hibpe Diagnosed Disease [1]"
"temp_charls20","restricted_source/charls20.dta","r5dyslipe","numeric","Diagnosed Disease [2]","","r5dyslipe Diagnosed Disease [2]"
"temp_charls20","restricted_source/charls20.dta","r5diabe","numeric","Diagnosed Disease [3]","","r5diabe Diagnosed Disease [3]"
"temp_charls20","restricted_source/charls20.dta","r5cancre","numeric","Diagnosed Disease [4]","","r5cancre Diagnosed Disease [4]"
"temp_charls20","restricted_source/charls20.dta","r5lunge","numeric","Diagnosed Disease [5]","","r5lunge Diagnosed Disease [5]"
"temp_charls20","restricted_source/charls20.dta","r5livere","numeric","Diagnosed Disease [6]","","r5livere Diagnosed Disease [6]"
"temp_charls20","restricted_source/charls20.dta","r5hearte","numeric","Diagnosed Disease [7]","","r5hearte Diagnosed Disease [7]"
"temp_charls20","restricted_source/charls20.dta","r5stroke","numeric","Diagnosed Disease [8]","","r5stroke Diagnosed Disease [8]"
"temp_charls20","restricted_source/charls20.dta","r5kidneye","numeric","Diagnosed Disease [9]","","r5kidneye Diagnosed Disease [9]"
"temp_charls20","restricted_source/charls20.dta","r5digeste","numeric","Diagnosed Disease [10]","","r5digeste Diagnosed Disease [10]"
"temp_charls20","restricted_source/charls20.dta","r5psyche","numeric","Diagnosed Disease [11]","","r5psyche Diagnosed Disease [11]"
"temp_charls20","restricted_source/charls20.dta","r5memrye","numeric","Diagnosed Disease [12]","","r5memrye Diagnosed Disease [12]"
"temp_charls20","restricted_source/charls20.dta","r5arthre","numeric","Diagnosed Disease [14]","","r5arthre Diagnosed Disease [14]"
"temp_charls20","restricted_source/charls20.dta","r5asthmae","numeric","Diagnosed Disease [15]","","r5asthmae Diagnosed Disease [15]"
"temp_charls20","restricted_source/charls20.dta","r5hibpe_self","numeric","Self-known Disease [1]","","r5hibpe_self Self-known Disease [1]"
"temp_charls20","restricted_source/charls20.dta","r5lunge_self","numeric","Self-known Disease [5]","","r5lunge_self Self-known Disease [5]"
"temp_charls20","restricted_source/charls20.dta","r5psyche_self","numeric","Self-known Disease [11]","","r5psyche_self Self-known Disease [11]"
"temp_charls20","restricted_source/charls20.dta","r5doctim1m","numeric","Out-patient Service Times","","r5doctim1m Out-patient Service Times"
"temp_charls20","restricted_source/charls20.dta","r5hsptim1y","numeric","In-patient Service Times","","r5hsptim1y In-patient Service Times"
"temp_charls20","restricted_source/charls20.dta","r5da042s1","numeric","Body Parts Feeling Pain","","r5da042s1 Body Parts Feeling Pain"
"temp_charls20","restricted_source/charls20.dta","r5da042s2","numeric","Body Parts Feeling Pain","","r5da042s2 Body Parts Feeling Pain"
"temp_charls20","restricted_source/charls20.dta","r5da042s3","numeric","Body Parts Feeling Pain","","r5da042s3 Body Parts Feeling Pain"
"temp_charls20","restricted_source/charls20.dta","r5da042s4","numeric","Body Parts Feeling Pain","","r5da042s4 Body Parts Feeling Pain"
"temp_charls20","restricted_source/charls20.dta","r5da042s5","numeric","Body Parts Feeling Pain","","r5da042s5 Body Parts Feeling Pain"
"temp_charls20","restricted_source/charls20.dta","r5da042s6","numeric","Body Parts Feeling Pain","","r5da042s6 Body Parts Feeling Pain"
"temp_charls20","restricted_source/charls20.dta","r5da042s7","numeric","Body Parts Feeling Pain","","r5da042s7 Body Parts Feeling Pain"
"temp_charls20","restricted_source/charls20.dta","r5da042s8","numeric","Body Parts Feeling Pain","","r5da042s8 Body Parts Feeling Pain"
"temp_charls20","restricted_source/charls20.dta","r5da042s9","numeric","Body Parts Feeling Pain","","r5da042s9 Body Parts Feeling Pain"
"temp_charls20","restricted_source/charls20.dta","r5da042s10","numeric","Body Parts Feeling Pain","","r5da042s10 Body Parts Feeling Pain"
"temp_charls20","restricted_source/charls20.dta","r5da042s11","numeric","Body Parts Feeling Pain","","r5da042s11 Body Parts Feeling Pain"
"temp_charls20","restricted_source/charls20.dta","r5da042s12","numeric","Body Parts Feeling Pain","","r5da042s12 Body Parts Feeling Pain"
"temp_charls20","restricted_source/charls20.dta","r5da042s13","numeric","Body Parts Feeling Pain","","r5da042s13 Body Parts Feeling Pain"
"temp_charls20","restricted_source/charls20.dta","r5da042s14","numeric","Body Parts Feeling Pain","","r5da042s14 Body Parts Feeling Pain"
"temp_charls20","restricted_source/charls20.dta","r5da042s15","numeric","Body Parts Feeling Pain","","r5da042s15 Body Parts Feeling Pain"
"temp_charls20","restricted_source/charls20.dta","r5sleep_night","numeric","During Last Month Average Hours of Actual Sleep","","r5sleep_night During Last Month Average Hours of Actual Sleep"
"temp_charls20","restricted_source/charls20.dta","r5sleep_nap","numeric","During Last Month Time for a Nap after Lunch","","r5sleep_nap During Last Month Time for a Nap after Lunch"
"temp_charls20","restricted_source/charls20.dta","r5vgactx_c","numeric","Days with Intensive Physical Activity","","r5vgactx_c Days with Intensive Physical Activity"
"temp_charls20","restricted_source/charls20.dta","r5mdactx_c","numeric","Days with Moderate Physical Activity","","r5mdactx_c Days with Moderate Physical Activity"
"temp_charls20","restricted_source/charls20.dta","r5ltactx_c","numeric","Days with Light Physical Activity","","r5ltactx_c Days with Light Physical Activity"
"temp_charls20","restricted_source/charls20.dta","r5act_1","numeric","Activities in Last Month","","r5act_1 Activities in Last Month"
"temp_charls20","restricted_source/charls20.dta","r5act_2","numeric","Activities in Last Month","","r5act_2 Activities in Last Month"
"temp_charls20","restricted_source/charls20.dta","r5act_3","numeric","Activities in Last Month","","r5act_3 Activities in Last Month"
"temp_charls20","restricted_source/charls20.dta","r5act_4","numeric","Activities in Last Month","","r5act_4 Activities in Last Month"
"temp_charls20","restricted_source/charls20.dta","r5act_5","numeric","Activities in Last Month","","r5act_5 Activities in Last Month"
"temp_charls20","restricted_source/charls20.dta","r5act_6","numeric","Activities in Last Month","","r5act_6 Activities in Last Month"
"temp_charls20","restricted_source/charls20.dta","r5act_7","numeric","Activities in Last Month","","r5act_7 Activities in Last Month"
"temp_charls20","restricted_source/charls20.dta","r5act_8","numeric","Activities in Last Month","","r5act_8 Activities in Last Month"
"temp_charls20","restricted_source/charls20.dta","r5freq_act_1","numeric","Frequency of Activities[1]","","r5freq_act_1 Frequency of Activities[1]"
"temp_charls20","restricted_source/charls20.dta","r5freq_act_2","numeric","Frequency of Activities[2]","","r5freq_act_2 Frequency of Activities[2]"
"temp_charls20","restricted_source/charls20.dta","r5freq_act_3","numeric","Frequency of Activities[3]","","r5freq_act_3 Frequency of Activities[3]"
"temp_charls20","restricted_source/charls20.dta","r5freq_act_4","numeric","Frequency of Activities[4]","","r5freq_act_4 Frequency of Activities[4]"
"temp_charls20","restricted_source/charls20.dta","r5freq_act_5","numeric","Frequency of Activities[5]","","r5freq_act_5 Frequency of Activities[5]"
"temp_charls20","restricted_source/charls20.dta","r5freq_act_6","numeric","Frequency of Activities[6]","","r5freq_act_6 Frequency of Activities[6]"
"temp_charls20","restricted_source/charls20.dta","r5freq_act_7","numeric","Frequency of Activities[7]","","r5freq_act_7 Frequency of Activities[7]"
"temp_charls20","restricted_source/charls20.dta","r5freq_act_8","numeric","Frequency of Activities[8]","","r5freq_act_8 Frequency of Activities[8]"
"temp_charls20","restricted_source/charls20.dta","r5dressa","numeric","Difficulty with Dressing","","r5dressa Difficulty with Dressing"
"temp_charls20","restricted_source/charls20.dta","r5batha","numeric","Difficulty with Bathing or Showering","","r5batha Difficulty with Bathing or Showering"
"temp_charls20","restricted_source/charls20.dta","r5eata","numeric","Difficulty with Eating","","r5eata Difficulty with Eating"
"temp_charls20","restricted_source/charls20.dta","r5beda","numeric","Difficulty with Getting into or out of Bed","","r5beda Difficulty with Getting into or out of Bed"
"temp_charls20","restricted_source/charls20.dta","r5toilta","numeric","Difficulty with Using the Toilet","","r5toilta Difficulty with Using the Toilet"
"temp_charls20","restricted_source/charls20.dta","r5urina","numeric","Difficulty with Controlling Urination and Defecation","","r5urina Difficulty with Controlling Urination and Defecation"
"temp_charls20","restricted_source/charls20.dta","r5housewka","numeric","Difficulty with Household Chores","","r5housewka Difficulty with Household Chores"
"temp_charls20","restricted_source/charls20.dta","r5mealsa","numeric","Difficulty with Preparing Hot Meals","","r5mealsa Difficulty with Preparing Hot Meals"
"temp_charls20","restricted_source/charls20.dta","r5shopa","numeric","Difficulty with Shopping for Groceries","","r5shopa Difficulty with Shopping for Groceries"
"temp_charls20","restricted_source/charls20.dta","r5phonea","numeric","Difficulty with Making Phone Calls","","r5phonea Difficulty with Making Phone Calls"
"temp_charls20","restricted_source/charls20.dta","r5medsa","numeric","Difficulty with Taking Medications","","r5medsa Difficulty with Taking Medications"
"temp_charls20","restricted_source/charls20.dta","r5moneya","numeric","Difficulty with Managing Money","","r5moneya Difficulty with Managing Money"
"temp_charls20","restricted_source/charls20.dta","r5wthh","numeric","Household Base Weight","","r5wthh Household Base Weight"
"temp_charls20","restricted_source/charls20.dta","r5wthha","numeric","Household Weight with Household Response Adjustment","","r5wthha Household Weight with Household Response Adjustment"
"temp_charls20","restricted_source/charls20.dta","r5wtresp","numeric","Individual Base Weight","","r5wtresp Individual Base Weight"
"temp_charls20","restricted_source/charls20.dta","r5wtrespb","numeric","Individual Weight with Household and Individual Response Adjustment","","r5wtrespb Individual Weight with Household and Individual Response Adjustment"
"temp_charls20","restricted_source/charls20.dta","r5work","numeric","Working","","r5work Working"
"temp_charls20","restricted_source/charls20.dta","r5fret_c","numeric","Preloaded: Retirement LastIW","","r5fret_c Preloaded: Retirement LastIW"
"temp_charls20","restricted_source/charls20.dta","died","numeric","Whether Individual Died","","died Whether Individual Died"
"temp_charls20","restricted_source/charls20.dta","r5iwy","numeric","Interview Year","","r5iwy Interview Year"
"temp_charls20","restricted_source/charls20.dta","r5iwm","numeric","Interview Month","","r5iwm Interview Month"
"temp_charls20","restricted_source/charls20.dta","inw5","numeric","","","inw5 "
"temp_charls20","restricted_source/charls20.dta","exb001_1","numeric","Year of Death","","exb001_1 Year of Death"
"temp_charls20","restricted_source/charls20.dta","exb001_2","numeric","Month of Death","","exb001_2 Month of Death"
"temp_charls20","restricted_source/charls20.dta","exb001_3","numeric","Day of Death","","exb001_3 Day of Death"
"temp_charls20","restricted_source/charls20.dta","exb002","numeric","Solar Calendar or Lunar Calendar","","exb002 Solar Calendar or Lunar Calendar"
"temp_charls20","restricted_source/charls20.dta","h5rural","numeric","RECODE of urban_nbs (Urban or Rural according to NBS)","","h5rural RECODE of urban_nbs (Urban or Rural according to NBS)"
"temp_charls20","restricted_source/charls20.dta","r5birthmonth","numeric","","","r5birthmonth "
"temp_charls20","restricted_source/charls20.dta","r5educ_c","numeric","RECODE of zredu (ZREdu)","","r5educ_c RECODE of zredu (ZREdu)"
"temp_charls20","restricted_source/charls20.dta","r5mstath","numeric","","","r5mstath "
"temp_charls20","restricted_source/charls20.dta","r5hukou","numeric","","","r5hukou "
"temp_charls20","restricted_source/charls20.dta","r5shlta","numeric","RECODE of da001 (Self-Reported Health Status)","","r5shlta RECODE of da001 (Self-Reported Health Status)"
"temp_charls20","restricted_source/charls20.dta","r5adlab_c","numeric","","","r5adlab_c "
"temp_charls20","restricted_source/charls20.dta","r5iadl","numeric","","","r5iadl "
"temp_charls20","restricted_source/charls20.dta","r5parkinson","numeric","","","r5parkinson "
"temp_charls20","restricted_source/charls20.dta","r5vgact_c","numeric","","","r5vgact_c "
"temp_charls20","restricted_source/charls20.dta","r5mdact_c","numeric","","","r5mdact_c "
"temp_charls20","restricted_source/charls20.dta","r5ltact_c","numeric","","","r5ltact_c "
"temp_charls20","restricted_source/charls20.dta","r5vgactime","numeric","","","r5vgactime "
"temp_charls20","restricted_source/charls20.dta","r5mdactime","numeric","","","r5mdactime "
"temp_charls20","restricted_source/charls20.dta","r5ltactime","numeric","","","r5ltactime "
"temp_charls20","restricted_source/charls20.dta","r5drinkl","numeric","RECODE of da051 (Frequency Drank Alcoholic Beverages in the Past Year)","","r5drinkl RECODE of da051 (Frequency Drank Alcoholic Beverages in the Past Year)"
"temp_charls20","restricted_source/charls20.dta","r5smokev","numeric","RECODE of da046 (Ever Smoked)","","r5smokev RECODE of da046 (Ever Smoked)"
"temp_charls20","restricted_source/charls20.dta","r5smoken","numeric","RECODE of da047 (Still Smoke or already Quit)","","r5smoken RECODE of da047 (Still Smoke or already Quit)"
"temp_charls20","restricted_source/charls20.dta","r5smokef","numeric","","","r5smokef "
"temp_charls20","restricted_source/charls20.dta","r5doctor1m","numeric","RECODE of da005 (Out-patient Service)","","r5doctor1m RECODE of da005 (Out-patient Service)"
"temp_charls20","restricted_source/charls20.dta","r5hosp1y","numeric","RECODE of da007 (In-patient Service)","","r5hosp1y RECODE of da007 (In-patient Service)"
"temp_charls20","restricted_source/charls20.dta","r5pension","numeric","RECODE of ba014 (How Ofen are Social Pensions Paid)","","r5pension RECODE of ba014 (How Ofen are Social Pensions Paid)"
"temp_charls20","restricted_source/charls20.dta","r5ins","numeric","RECODE of ba016 (How Much Does Social Medical Insurance Cost Per Year)","","r5ins RECODE of ba016 (How Much Does Social Medical Insurance Cost Per Year)"
"temp_charls20","restricted_source/charls20.dta","r5ea001s1","numeric","ba017==     1.0000","","r5ea001s1 ba017==     1.0000"
"temp_charls20","restricted_source/charls20.dta","r5ea001s2","numeric","ba017==     2.0000","","r5ea001s2 ba017==     2.0000"
"temp_charls20","restricted_source/charls20.dta","r5ea001s3","numeric","ba017==     3.0000","","r5ea001s3 ba017==     3.0000"
"temp_charls20","restricted_source/charls20.dta","r5ea001s4","numeric","ba017==     4.0000","","r5ea001s4 ba017==     4.0000"
"temp_charls20","restricted_source/charls20.dta","r5ea001s5","numeric","ba017==     5.0000","","r5ea001s5 ba017==     5.0000"
"temp_charls20","restricted_source/charls20.dta","r5ea001s11","numeric","ba017==     6.0000","","r5ea001s11 ba017==     6.0000"
"temp_charls20","restricted_source/charls20.dta","r5slfmem","numeric","RECODE of dc006 (Self-Rated Memory)","","r5slfmem RECODE of dc006 (Self-Rated Memory)"
"temp_charls20","restricted_source/charls20.dta","r5imrc","numeric","","","r5imrc "
"temp_charls20","restricted_source/charls20.dta","r5dlrc","numeric","","","r5dlrc "
"temp_charls20","restricted_source/charls20.dta","r5tr20","numeric","","","r5tr20 "
"temp_charls20","restricted_source/charls20.dta","r5recall","numeric","","","r5recall "
"temp_charls20","restricted_source/charls20.dta","r5mo","numeric","","","r5mo "
"temp_charls20","restricted_source/charls20.dta","r5dy","numeric","","","r5dy "
"temp_charls20","restricted_source/charls20.dta","r5yr","numeric","","","r5yr "
"temp_charls20","restricted_source/charls20.dta","r5dw","numeric","","","r5dw "
"temp_charls20","restricted_source/charls20.dta","r5ds","numeric","","","r5ds "
"temp_charls20","restricted_source/charls20.dta","r5orient","numeric","","","r5orient "
"temp_charls20","restricted_source/charls20.dta","r5draw","numeric","","","r5draw "
"temp_charls20","restricted_source/charls20.dta","r5ser7","numeric","","","r5ser7 "
"temp_charls20","restricted_source/charls20.dta","r5executive","numeric","","","r5executive "
"temp_charls20","restricted_source/charls20.dta","r5total_cognition","numeric","","","r5total_cognition "
"temp_charls20","restricted_source/charls20.dta","r5socwk","numeric","","","r5socwk "
"temp_charls20","restricted_source/charls20.dta","h5hhres","numeric","","","h5hhres "
"temp_charls20","restricted_source/charls20.dta","h5son","numeric","","","h5son "
"temp_charls20","restricted_source/charls20.dta","h5dau","numeric","","","h5dau "
"temp_charls20","restricted_source/charls20.dta","h5child","numeric","","","h5child "
"temp_charls20","restricted_source/charls20.dta","h5coresd","numeric","","","h5coresd "
"temp_charls20","restricted_source/charls20.dta","h5kcntf","numeric","","","h5kcntf "
"temp_charls20","restricted_source/charls20.dta","h5kcntpm","numeric","","","h5kcntpm "
"temp_charls20","restricted_source/charls20.dta","h5kcnt","numeric","","","h5kcnt "
"temp_charls20","restricted_source/charls20.dta","hh5ctot","numeric","","","hh5ctot "
"temp_charls20","restricted_source/charls20.dta","hh5cperc","numeric","","","hh5cperc "
"temp_charls20","restricted_source/charls20.dta","h5fcamt","numeric","","","h5fcamt "
"temp_charls20","restricted_source/charls20.dta","h5fcany","numeric","","","h5fcany "
"temp_charls20","restricted_source/charls20.dta","h5tcamt","numeric","","","h5tcamt "
"temp_charls20","restricted_source/charls20.dta","h5tcany","numeric","","","h5tcany "
"temp_charls20","restricted_source/charls20.dta","hh5itot","numeric","","","hh5itot "
"temp_charls20","restricted_source/charls20.dta","r5depresl","numeric","","","r5depresl "
"temp_charls20","restricted_source/charls20.dta","r5effortl","numeric","","","r5effortl "
"temp_charls20","restricted_source/charls20.dta","r5sleeprl","numeric","","","r5sleeprl "
"temp_charls20","restricted_source/charls20.dta","r5whappyl","numeric","","","r5whappyl "
"temp_charls20","restricted_source/charls20.dta","r5flonel","numeric","","","r5flonel "
"temp_charls20","restricted_source/charls20.dta","r5botherl","numeric","","","r5botherl "
"temp_charls20","restricted_source/charls20.dta","r5goingl","numeric","","","r5goingl "
"temp_charls20","restricted_source/charls20.dta","r5mindtsl","numeric","","","r5mindtsl "
"temp_charls20","restricted_source/charls20.dta","r5fhopel","numeric","","","r5fhopel "
"temp_charls20","restricted_source/charls20.dta","r5fearll","numeric","","","r5fearll "
"temp_charls20","restricted_source/charls20.dta","r5cesd10","numeric","","","r5cesd10 "
"temp_charls20","restricted_source/charls20.dta","r5retmon","numeric","","","r5retmon "
"temp_charls20","restricted_source/charls20.dta","r5retyr","numeric","","","r5retyr "
"temp_charls20","restricted_source/charls20.dta","r5fall_down","numeric","RECODE of da022 (Fallen Down since ZIWTime)","","r5fall_down RECODE of da022 (Fallen Down since ZIWTime)"
"temp_charls20","restricted_source/charls20.dta","r5hip","numeric","RECODE of da025 (Fractured Hip since ZIWTime)","","r5hip RECODE of da025 (Fractured Hip since ZIWTime)"
"temp_charls20","restricted_source/charls20.dta","r5sati_child","numeric","RECODE of dc027 (Chidren Satisfication)","","r5sati_child RECODE of dc027 (Chidren Satisfication)"
"temp_charls20","restricted_source/charls20.dta","r5satlife","numeric","RECODE of dc027 (Chidren Satisfication)","","r5satlife RECODE of dc027 (Chidren Satisfication)"
"temp_charls20","restricted_source/charls20.dta","r5satlifez","numeric","","","r5satlifez "
"temp_charls20","restricted_source/charls20.dta","r5clean_heat","numeric","RECODE of i020 (Heating Energy Source)","","r5clean_heat RECODE of i020 (Heating Energy Source)"
"temp_charls20","restricted_source/charls20.dta","r5clean_cook","numeric","RECODE of i021 (Main Source of Cooking Fuel)","","r5clean_cook RECODE of i021 (Main Source of Cooking Fuel)"
"temp_charls20","restricted_source/charls20.dta","r5room","numeric","","","r5room "
"temp_charls20","restricted_source/charls20.dta","r5water","numeric","RECODE of i016 (Tap Water)","","r5water RECODE of i016 (Tap Water)"
"temp_charls20","restricted_source/charls20.dta","r5electricity","numeric","RECODE of i015 (Electricity)","","r5electricity RECODE of i015 (Electricity)"
"temp_charls20","restricted_source/charls20.dta","r5toilet","numeric","","","r5toilet "
"temp_charls20","restricted_source/charls20.dta","r5build","numeric","RECODE of i001 (Building Structure)","","r5build RECODE of i001 (Building Structure)"
"translated_combined_w5","restricted_source/w5_charls_CN.dta","ID","character","个人ID","","ID 个人ID"
"translated_combined_w5","restricted_source/w5_charls_CN.dta","householdID","character","家庭ID","","householdID 家庭ID"
"translated_combined_w5","restricted_source/w5_charls_CN.dta","communityID","character","社区ID","","communityID 社区ID"
"translated_combined_w5","restricted_source/w5_charls_CN.dta","ga001","haven_labelled/vctrs_vctr/double","工资和奖金收入","1 Yes=1 | 2 No=2","ga001 工资和奖金收入"
"translated_combined_w5","restricted_source/w5_charls_CN.dta","ga002","numeric","金额","","ga002 金额"
"translated_combined_w5","restricted_source/w5_charls_CN.dta","ga002_min","numeric","ga002的最小区间","","ga002_min ga002的最小区间"
"translated_combined_w5","restricted_source/w5_charls_CN.dta","ga002_max","numeric","ga002的最大区间","","ga002_max ga002的最大区间"
"translated_combined_w5","restricted_source/w5_charls_CN.dta","ga003","haven_labelled/vctrs_vctr/double","排除保险及其他一些项目","1 Yes=1 | 2 No=2 | 997 Do not Know=997 | 999 Refused to Answer=999","ga003 排除保险及其他一些项目"
"translated_combined_w5","restricted_source/w5_charls_CN.dta","ga004","haven_labelled/vctrs_vctr/double","总排除金额","1 Yuan/Month=1 | 2 Yuan/Year=2 | 3 Percentage of Wage=3 | 4 No=4","ga004 总排除金额"
"translated_combined_w5","restricted_source/w5_charls_CN.dta","ga004_1","numeric","元/每月","","ga004_1 元/每月"
"translated_combined_w5","restricted_source/w5_charls_CN.dta","ga004_1_min","numeric","ga004_1的最小区间","","ga004_1_min ga004_1的最小区间"
"translated_combined_w5","restricted_source/w5_charls_CN.dta","ga004_1_max","numeric","ga004_1的最大区间","","ga004_1_max ga004_1的最大区间"
"translated_combined_w5","restricted_source/w5_charls_CN.dta","ga004_2","numeric","元/每年","","ga004_2 元/每年"
"translated_combined_w5","restricted_source/w5_charls_CN.dta","ga004_3","numeric","工资的百分比","","ga004_3 工资的百分比"
"translated_combined_w5","restricted_source/w5_charls_CN.dta","ga005_s1","haven_labelled/vctrs_vctr/double","养老金领取","0 No=0 | 1 Yes=1","ga005_s1 养老金领取"
"translated_combined_w5","restricted_source/w5_charls_CN.dta","ga005_s2","haven_labelled/vctrs_vctr/double","失业补偿领取","0 No=0 | 2 Yes=2","ga005_s2 失业补偿领取"
"translated_combined_w5","restricted_source/w5_charls_CN.dta","ga005_s3","haven_labelled/vctrs_vctr/double","养老金券领取","0 No=0 | 3 Yes=3","ga005_s3 养老金券领取"
"translated_combined_w5","restricted_source/w5_charls_CN.dta","ga005_s4","haven_labelled/vctrs_vctr/double","养老金补贴（最年长者）","0 No=0 | 4 Yes=4","ga005_s4 养老金补贴（最年长者）"
"translated_combined_w5","restricted_source/w5_charls_CN.dta","ga005_s5","haven_labelled/vctrs_vctr/double","工人工业事故赔偿","0 No=0 | 5 Yes=5","ga005_s5 工人工业事故赔偿"
"translated_combined_w5","restricted_source/w5_charls_CN.dta","ga005_s6","haven_labelled/vctrs_vctr/double","老年家庭计划补贴","0 No=0 | 6 Yes=6","ga005_s6 老年家庭计划补贴"
"translated_combined_w5","restricted_source/w5_charls_CN.dta","ga005_s7","haven_labelled/vctrs_vctr/double","医疗援助","0 No=0 | 7 Yes=7","ga005_s7 医疗援助"
"translated_combined_w5","restricted_source/w5_charls_CN.dta","ga005_s8","haven_labelled/vctrs_vctr/double","其他政府补贴","0 No=0 | 8 Yes=8","ga005_s8 其他政府补贴"
"translated_combined_w5","restricted_source/w5_charls_CN.dta","ga005_s9","haven_labelled/vctrs_vctr/double","其他收入来源","0 No=0 | 9 Yes=9","ga005_s9 其他收入来源"
"translated_combined_w5","restricted_source/w5_charls_CN.dta","ga005_s10","haven_labelled/vctrs_vctr/double","以上皆无","0 No=0 | 10 Yes=10","ga005_s10 以上皆无"
"translated_combined_w5","restricted_source/w5_charls_CN.dta","ga005_1","numeric","养老金金额","","ga005_1 养老金金额"
"translated_combined_w5","restricted_source/w5_charls_CN.dta","ga005_1_min","numeric","ga005_1的最小区间","","ga005_1_min ga005_1的最小区间"
"translated_combined_w5","restricted_source/w5_charls_CN.dta","ga005_1_max","numeric","ga005_1的最大区间","","ga005_1_max ga005_1的最大区间"
"translated_combined_w5","restricted_source/w5_charls_CN.dta","ga005_2","numeric","失业补偿金额","","ga005_2 失业补偿金额"
"translated_combined_w5","restricted_source/w5_charls_CN.dta","ga005_3","numeric","养老金券金额","","ga005_3 养老金券金额"
"translated_combined_w5","restricted_source/w5_charls_CN.dta","ga005_4","numeric","养老金补贴（最年长者）金额","","ga005_4 养老金补贴（最年长者）金额"
"translated_combined_w5","restricted_source/w5_charls_CN.dta","ga005_5","numeric","工人工业事故赔偿金额接收","","ga005_5 工人工业事故赔偿金额接收"
"translated_combined_w5","restricted_source/w5_charls_CN.dta","ga005_6","numeric","老年家庭计划补贴金额接收","","ga005_6 老年家庭计划补贴金额接收"
"translated_combined_w5","restricted_source/w5_charls_CN.dta","ga005_7","numeric","医疗援助金额接收","","ga005_7 医疗援助金额接收"
"translated_combined_w5","restricted_source/w5_charls_CN.dta","ga005_8","numeric","其他政府补贴金额接收","","ga005_8 其他政府补贴金额接收"
"translated_combined_w5","restricted_source/w5_charls_CN.dta","ga005_9","numeric","其他收入来源金额接收","","ga005_9 其他收入来源金额接收"
"translated_combined_w5","restricted_source/w5_charls_CN.dta","ga006","haven_labelled/vctrs_vctr/double","COVID对工资的影响","1 Decrease=1 | 2 Increase=2 | 3 Unchange=3","ga006 COVID对工资的影响"
"translated_combined_w5","restricted_source/w5_charls_CN.dta","ga006_1","numeric","减少的金额","","ga006_1 减少的金额"
"translated_combined_w5","restricted_source/w5_charls_CN.dta","ga006_1_max","numeric","ga006_1的最大区间","","ga006_1_max ga006_1的最大区间"
"translated_combined_w5","restricted_source/w5_charls_CN.dta","ga006_1_min","numeric","ga006_1的最小区间","","ga006_1_min ga006_1的最小区间"
"translated_combined_w5","restricted_source/w5_charls_CN.dta","ga006_2","numeric","增加的金额","","ga006_2 增加的金额"
"translated_combined_w5","restricted_source/w5_charls_CN.dta","ga006_2_max","numeric","ga006_2的最大区间","","ga006_2_max ga006_2的最大区间"
"translated_combined_w5","restricted_source/w5_charls_CN.dta","ga006_2_min","numeric","ga006_2的最小区间","","ga006_2_min ga006_2的最小区间"
"translated_combined_w5","restricted_source/w5_charls_CN.dta","ga007","haven_labelled/vctrs_vctr/double","立遗嘱","1 Yes=1 | 2 No=2","ga007 立遗嘱"
"translated_combined_w5","restricted_source/w5_charls_CN.dta","ga008","haven_labelled/vctrs_vctr/double","遗产规划","1 Have Considered=1 | 2 Have not Considered=2 | 3 No Asset=3","ga008 遗产规划"
"translated_combined_w5","restricted_source/w5_charls_CN.dta","ga017","haven_labelled/vctrs_vctr/double","遗产规划遵循继承法","1 Yes=1 | 2 No, I Have My Plan=2","ga017 遗产规划遵循继承法"
"translated_combined_w5","restricted_source/w5_charls_CN.dta","ga009_s1","haven_labelled/vctrs_vctr/double","遗产规划：配偶","0 No=0 | 1 Yes=1","ga009_s1 遗产规划：配偶"
"translated_combined_w5","restricted_source/w5_charls_CN.dta","ga009_s2","haven_labelled/vctrs_vctr/double","遗产规划：子女/女婿/儿媳","0 No=0 | 2 Yes=2","ga009_s2 遗产规划：子女/女婿/儿媳"
"translated_combined_w5","restricted_source/w5_charls_CN.dta","ga009_s3","haven_labelled/vctrs_vctr/double","遗产规划：兄弟姐妹","0 No=0 | 3 Yes=3","ga009_s3 遗产规划：兄弟姐妹"
"translated_combined_w5","restricted_source/w5_charls_CN.dta","ga009_s4","haven_labelled/vctrs_vctr/double","遗产规划：其他亲属","0 No=0 | 4 Yes=4","ga009_s4 遗产规划：其他亲属"
"translated_combined_w5","restricted_source/w5_charls_CN.dta","ga009_s5","haven_labelled/vctrs_vctr/double","遗产规划：父母/岳父母","0 No=0 | 5 Yes=5","ga009_s5 遗产规划：父母/岳父母"
"translated_combined_w5","restricted_source/w5_charls_CN.dta","ga009_s6","haven_labelled/vctrs_vctr/double","遗产规划：孙子孙女","0 No=0 | 6 Yes=6","ga009_s6 遗产规划：孙子孙女"
"translated_combined_w5","restricted_source/w5_charls_CN.dta","ga009_s7","haven_labelled/vctrs_vctr/double","遗产规划：朋友","0 No=0 | 7 Yes=7","ga009_s7 遗产规划：朋友"
"translated_combined_w5","restricted_source/w5_charls_CN.dta","ga009_s8","haven_labelled/vctrs_vctr/double","遗产规划：慈善机构","0 No=0 | 8 Yes=8","ga009_s8 遗产规划：慈善机构"
"translated_combined_w5","restricted_source/w5_charls_CN.dta","ga009_s9","haven_labelled/vctrs_vctr/double","遗产规划：其他","0 No=0 | 9 Yes=9","ga009_s9 遗产规划：其他"
"translated_combined_w5","restricted_source/w5_charls_CN.dta","ga009_s10","haven_labelled/vctrs_vctr/double","遗产规划：没有安排","0 No=0 | 10 Yes=10","ga009_s10 遗产规划：没有安排"
"translated_combined_w5","restricted_source/w5_charls_CN.dta","ga009_s997","haven_labelled/vctrs_vctr/double","遗产规划：不知道","0 No=0 | 997 Yes=997","ga009_s997 遗产规划：不知道"
"translated_combined_w5","restricted_source/w5_charls_CN.dta","ga009_1","numeric","遗产规划：配偶（%）","","ga009_1 遗产规划：配偶（%）"
"translated_combined_w5","restricted_source/w5_charls_CN.dta","ga009_3","numeric","遗产规划：兄弟姐妹(%)","","ga009_3 遗产规划：兄弟姐妹(%)"
"translated_combined_w5","restricted_source/w5_charls_CN.dta","ga009_4","numeric","遗产规划：其他亲属(%)","","ga009_4 遗产规划：其他亲属(%)"
"translated_combined_w5","restricted_source/w5_charls_CN.dta","ga009_5","numeric","遗产规划：父母/岳父母(%)","","ga009_5 遗产规划：父母/岳父母(%)"
"translated_combined_w5","restricted_source/w5_charls_CN.dta","ga009_7","numeric","遗产规划：朋友(%)","","ga009_7 遗产规划：朋友(%)"
"translated_combined_w5","restricted_source/w5_charls_CN.dta","ga009_8","numeric","遗产规划：慈善机构(%)","","ga009_8 遗产规划：慈善机构(%)"
"translated_combined_w5","restricted_source/w5_charls_CN.dta","ga009_9","numeric","遗产规划：其他(%)","","ga009_9 遗产规划：其他(%)"
"translated_combined_w5","restricted_source/w5_charls_CN.dta","ga010_s1","haven_labelled/vctrs_vctr/double","遗产规划：孩子[1]/配偶","0 No=0 | 1 Yes=1","ga010_s1 遗产规划：孩子[1]/配偶"
"translated_combined_w5","restricted_source/w5_charls_CN.dta","ga010_s2","haven_labelled/vctrs_vctr/double","遗产规划：孩子[2]/配偶","0 No=0 | 2 Yes=2","ga010_s2 遗产规划：孩子[2]/配偶"
"translated_combined_w5","restricted_source/w5_charls_CN.dta","ga010_s3","haven_labelled/vctrs_vctr/double","遗产规划：孩子[3]/配偶","0 No=0 | 3 Yes=3","ga010_s3 遗产规划：孩子[3]/配偶"
"translated_combined_w5","restricted_source/w5_charls_CN.dta","ga010_s4","haven_labelled/vctrs_vctr/double","遗产规划：孩子[4]/配偶","0 No=0 | 4 Yes=4","ga010_s4 遗产规划：孩子[4]/配偶"
"translated_combined_w5","restricted_source/w5_charls_CN.dta","ga010_s5","haven_labelled/vctrs_vctr/double","遗产规划：孩子[5]/配偶","0 No=0 | 5 Yes=5","ga010_s5 遗产规划：孩子[5]/配偶"
"translated_combined_w5","restricted_source/w5_charls_CN.dta","ga010_s6","haven_labelled/vctrs_vctr/double","遗产规划：子女[6]/配偶","0 No=0 | 6 Yes=6","ga010_s6 遗产规划：子女[6]/配偶"
"translated_combined_w5","restricted_source/w5_charls_CN.dta","ga010_s7","haven_labelled/vctrs_vctr/double","遗产规划：子女[7]/配偶","0 No=0 | 7 Yes=7","ga010_s7 遗产规划：子女[7]/配偶"
"translated_combined_w5","restricted_source/w5_charls_CN.dta","ga010_s8","haven_labelled/vctrs_vctr/double","遗产规划：子女[8]/配偶","0 No=0 | 8 Yes=8","ga010_s8 遗产规划：子女[8]/配偶"
"translated_combined_w5","restricted_source/w5_charls_CN.dta","ga010_s9","haven_labelled/vctrs_vctr/double","遗产规划：子女[9]/配偶","0 No=0 | 9 Yes=9","ga010_s9 遗产规划：子女[9]/配偶"
"translated_combined_w5","restricted_source/w5_charls_CN.dta","ga010_s10","haven_labelled/vctrs_vctr/double","遗产规划：子女[10]/配偶","0 No=0 | 10 Yes=10","ga010_s10 遗产规划：子女[10]/配偶"
"translated_combined_w5","restricted_source/w5_charls_CN.dta","ga010_s11","haven_labelled/vctrs_vctr/double","遗产规划：子女[11]/配偶","0 No=0 | 11 Yes=11","ga010_s11 遗产规划：子女[11]/配偶"
"translated_combined_w5","restricted_source/w5_charls_CN.dta","ga010_s12","haven_labelled/vctrs_vctr/double","遗产规划：子女[12]/配偶","0 No=0 | 12 Yes=12","ga010_s12 遗产规划：子女[12]/配偶"
"translated_combined_w5","restricted_source/w5_charls_CN.dta","ga010_s13","haven_labelled/vctrs_vctr/double","遗产规划：子女[13]/配偶","0 No=0 | 13 Yes=13","ga010_s13 遗产规划：子女[13]/配偶"
"translated_combined_w5","restricted_source/w5_charls_CN.dta","ga010_s14","haven_labelled/vctrs_vctr/double","遗产规划：子女[14]/配偶","0 No=0 | 14 Yes=14","ga010_s14 遗产规划：子女[14]/配偶"
"translated_combined_w5","restricted_source/w5_charls_CN.dta","ga010_s15","haven_labelled/vctrs_vctr/double","遗产规划：子女[15]/配偶","0 No=0 | 15 Yes=15","ga010_s15 遗产规划：子女[15]/配偶"
"translated_combined_w5","restricted_source/w5_charls_CN.dta","ga010_s16","haven_labelled/vctrs_vctr/double","遗产规划：子女[16]/配偶","0 No=0 | 16 Yes=16","ga010_s16 遗产规划：子女[16]/配偶"
"translated_combined_w5","restricted_source/w5_charls_CN.dta","ga010_s17","haven_labelled/vctrs_vctr/double","遗产规划：子女[17]/配偶","0 No=0 | 17 Yes=17","ga010_s17 遗产规划：子女[17]/配偶"
"translated_combined_w5","restricted_source/w5_charls_CN.dta","ga010_s18","haven_labelled/vctrs_vctr/double","遗产规划：子女[18]/配偶","0 No=0 | 18 Yes=18","ga010_s18 遗产规划：子女[18]/配偶"
"translated_combined_w5","restricted_source/w5_charls_CN.dta","ga010_s19","haven_labelled/vctrs_vctr/double","遗产规划：子女[19]/配偶","0 No=0 | 19 Yes=19","ga010_s19 遗产规划：子女[19]/配偶"
"translated_combined_w5","restricted_source/w5_charls_CN.dta","ga010_s20","haven_labelled/vctrs_vctr/double","遗产规划：子女[20]/配偶","0 No=0 | 20 Yes=20","ga010_s20 遗产规划：子女[20]/配偶"
"translated_combined_w5","restricted_source/w5_charls_CN.dta","ga010_s21","haven_labelled/vctrs_vctr/double","遗产规划：子女[21]/配偶","0 No=0 | 21 Yes=21","ga010_s21 遗产规划：子女[21]/配偶"
"translated_combined_w5","restricted_source/w5_charls_CN.dta","ga010_s22","haven_labelled/vctrs_vctr/double","遗产规划：子女[22]/配偶","0 No=0 | 22 Yes=22","ga010_s22 遗产规划：子女[22]/配偶"
"translated_combined_w5","restricted_source/w5_charls_CN.dta","ga010_s23","haven_labelled/vctrs_vctr/double","遗产规划：子女[23]/配偶","0 No=0 | 23 Yes=23","ga010_s23 遗产规划：子女[23]/配偶"
"translated_combined_w5","restricted_source/w5_charls_CN.dta","ga010_s24","haven_labelled/vctrs_vctr/double","遗产规划：子女[24]/配偶","0 No=0 | 24 Yes=24","ga010_s24 遗产规划：子女[24]/配偶"
"translated_combined_w5","restricted_source/w5_charls_CN.dta","ga010_s25","haven_labelled/vctrs_vctr/double","遗产规划：子女[25]/配偶","0 No=0 | 25 Yes=25","ga010_s25 遗产规划：子女[25]/配偶"
"translated_combined_w5","restricted_source/w5_charls_CN.dta","ga010_s26","haven_labelled/vctrs_vctr/double","遗产规划：其他子女[26]/配偶","0 No=0 | 26 Yes=26","ga010_s26 遗产规划：其他子女[26]/配偶"
"translated_combined_w5","restricted_source/w5_charls_CN.dta","ga010_s27","haven_labelled/vctrs_vctr/double","遗产规划：其他子女[27]/配偶","0 No=0 | 27 Yes=27","ga010_s27 遗产规划：其他子女[27]/配偶"
"translated_combined_w5","restricted_source/w5_charls_CN.dta","ga010_s28","haven_labelled/vctrs_vctr/double","遗产规划：其他孩子[28]/的配偶","0 No=0 | 28 Yes=28","ga010_s28 遗产规划：其他孩子[28]/的配偶"
"translated_combined_w5","restricted_source/w5_charls_CN.dta","ga010_s29","haven_labelled/vctrs_vctr/double","遗产规划：其他孩子[29]/的配偶","0 No=0 | 29 Yes=29","ga010_s29 遗产规划：其他孩子[29]/的配偶"
"translated_combined_w5","restricted_source/w5_charls_CN.dta","ga010_s30","haven_labelled/vctrs_vctr/double","遗产规划：其他孩子[30]/的配偶","0 No=0 | 30 Yes=30","ga010_s30 遗产规划：其他孩子[30]/的配偶"
"translated_combined_w5","restricted_source/w5_charls_CN.dta","ga010_s31","haven_labelled/vctrs_vctr/double","遗产规划：其他孩子[31]/的配偶","0 No=0 | 31 Yes=31","ga010_s31 遗产规划：其他孩子[31]/的配偶"
"translated_combined_w5","restricted_source/w5_charls_CN.dta","ga010_s32","haven_labelled/vctrs_vctr/double","遗产规划：其他孩子[32]/的配偶","0 No=0 | 32 Yes=32","ga010_s32 遗产规划：其他孩子[32]/的配偶"
"translated_combined_w5","restricted_source/w5_charls_CN.dta","ga010_s33","haven_labelled/vctrs_vctr/double","遗产规划：其他孩子[33]/的配偶","0 No=0 | 33 Yes=33","ga010_s33 遗产规划：其他孩子[33]/的配偶"
"translated_combined_w5","restricted_source/w5_charls_CN.dta","ga010_s34","haven_labelled/vctrs_vctr/double","遗产规划：其他孩子[34]/的配偶","0 No=0 | 34 Yes=34","ga010_s34 遗产规划：其他孩子[34]/的配偶"
"translated_combined_w5","restricted_source/w5_charls_CN.dta","ga010_s35","haven_labelled/vctrs_vctr/double","遗产规划：其他孩子[35]/的配偶","0 No=0 | 35 Yes=35","ga010_s35 遗产规划：其他孩子[35]/的配偶"
"translated_combined_w5","restricted_source/w5_charls_CN.dta","ga011_1_","numeric","遗产规划：孩子[1]/的配偶(%)","","ga011_1_ 遗产规划：孩子[1]/的配偶(%)"
"translated_combined_w5","restricted_source/w5_charls_CN.dta","ga011_2_","numeric","遗产规划：子女[2]/配偶(%)","","ga011_2_ 遗产规划：子女[2]/配偶(%)"
"translated_combined_w5","restricted_source/w5_charls_CN.dta","ga011_3_","numeric","遗产规划：子女[3]/配偶(%)","","ga011_3_ 遗产规划：子女[3]/配偶(%)"
"translated_combined_w5","restricted_source/w5_charls_CN.dta","ga011_4_","numeric","遗产规划：子女[4]/配偶(%)","","ga011_4_ 遗产规划：子女[4]/配偶(%)"
"translated_combined_w5","restricted_source/w5_charls_CN.dta","ga011_5_","numeric","遗产规划：子女[5]/配偶(%)","","ga011_5_ 遗产规划：子女[5]/配偶(%)"
"translated_combined_w5","restricted_source/w5_charls_CN.dta","ga011_6_","numeric","遗产规划：子女[6]/配偶(%)","","ga011_6_ 遗产规划：子女[6]/配偶(%)"
"translated_combined_w5","restricted_source/w5_charls_CN.dta","ga011_7_","numeric","遗产规划：子女[7]/配偶(%)","","ga011_7_ 遗产规划：子女[7]/配偶(%)"
"translated_combined_w5","restricted_source/w5_charls_CN.dta","ga011_8_","numeric","遗产规划：子女[8]/配偶(%)","","ga011_8_ 遗产规划：子女[8]/配偶(%)"
"translated_combined_w5","restricted_source/w5_charls_CN.dta","ga011_9_","numeric","遗产规划：子女[9]/配偶(%)","","ga011_9_ 遗产规划：子女[9]/配偶(%)"
"translated_combined_w5","restricted_source/w5_charls_CN.dta","ga011_10_","numeric","遗产规划：子女[10]/配偶(%)","","ga011_10_ 遗产规划：子女[10]/配偶(%)"
"translated_combined_w5","restricted_source/w5_charls_CN.dta","ga011_11_","numeric","遗产规划：子女[11]/配偶(%)","","ga011_11_ 遗产规划：子女[11]/配偶(%)"
"translated_combined_w5","restricted_source/w5_charls_CN.dta","ga011_12_","numeric","遗产规划：子女[12]/配偶(%)","","ga011_12_ 遗产规划：子女[12]/配偶(%)"
"translated_combined_w5","restricted_source/w5_charls_CN.dta","ga011_13_","numeric","遗产规划：子女[13]/配偶(%)","","ga011_13_ 遗产规划：子女[13]/配偶(%)"
"translated_combined_w5","restricted_source/w5_charls_CN.dta","ga011_14_","numeric","遗产规划：子女[14]/配偶(%)","","ga011_14_ 遗产规划：子女[14]/配偶(%)"
"translated_combined_w5","restricted_source/w5_charls_CN.dta","ga011_15_","numeric","遗产规划：子女[15]/配偶(%)","","ga011_15_ 遗产规划：子女[15]/配偶(%)"
"translated_combined_w5","restricted_source/w5_charls_CN.dta","ga011_16_","numeric","遗产规划：子女[16]/配偶(%)","","ga011_16_ 遗产规划：子女[16]/配偶(%)"
"translated_combined_w5","restricted_source/w5_charls_CN.dta","ga011_17_","numeric","遗产规划：子女[17]/配偶(%)","","ga011_17_ 遗产规划：子女[17]/配偶(%)"
"translated_combined_w5","restricted_source/w5_charls_CN.dta","ga011_18_","numeric","遗产规划：子女[18]/配偶(%)","","ga011_18_ 遗产规划：子女[18]/配偶(%)"
"translated_combined_w5","restricted_source/w5_charls_CN.dta","ga011_19_","numeric","遗产规划：子女[19]/配偶(%)","","ga011_19_ 遗产规划：子女[19]/配偶(%)"
"translated_combined_w5","restricted_source/w5_charls_CN.dta","ga011_20_","numeric","遗产规划：子女[20]/配偶(%)","","ga011_20_ 遗产规划：子女[20]/配偶(%)"
"translated_combined_w5","restricted_source/w5_charls_CN.dta","ga011_21_","numeric","遗产规划：子女[21]/配偶(%)","","ga011_21_ 遗产规划：子女[21]/配偶(%)"
"translated_combined_w5","restricted_source/w5_charls_CN.dta","ga011_22_","numeric","遗产规划：子女[22]/配偶(%)","","ga011_22_ 遗产规划：子女[22]/配偶(%)"
"translated_combined_w5","restricted_source/w5_charls_CN.dta","ga011_23_","numeric","遗产规划：子女[23]/配偶(%)","","ga011_23_ 遗产规划：子女[23]/配偶(%)"
"translated_combined_w5","restricted_source/w5_charls_CN.dta","ga011_24_","numeric","遗产规划：子女[24]/配偶(%)","","ga011_24_ 遗产规划：子女[24]/配偶(%)"
"translated_combined_w5","restricted_source/w5_charls_CN.dta","ga011_25_","numeric","遗产规划：子女[25]/配偶(%)","","ga011_25_ 遗产规划：子女[25]/配偶(%)"
"translated_combined_w5","restricted_source/w5_charls_CN.dta","ga011_26_","numeric","遗产规划：其他子女[26]/配偶(%)","","ga011_26_ 遗产规划：其他子女[26]/配偶(%)"
"translated_combined_w5","restricted_source/w5_charls_CN.dta","ga011_27_","numeric","遗产规划：其他子女[27]/配偶(%)","","ga011_27_ 遗产规划：其他子女[27]/配偶(%)"
"translated_combined_w5","restricted_source/w5_charls_CN.dta","ga011_28_","numeric","遗产规划：其他子女[28]/配偶(%)","","ga011_28_ 遗产规划：其他子女[28]/配偶(%)"
"translated_combined_w5","restricted_source/w5_charls_CN.dta","ga011_29_","numeric","遗产规划：其他孩子[29]/配偶(%)","","ga011_29_ 遗产规划：其他孩子[29]/配偶(%)"
"translated_combined_w5","restricted_source/w5_charls_CN.dta","ga011_30_","numeric","遗产规划：其他孩子[30]/配偶(%)","","ga011_30_ 遗产规划：其他孩子[30]/配偶(%)"
"translated_combined_w5","restricted_source/w5_charls_CN.dta","ga011_31_","numeric","遗产规划：其他孩子[31]/配偶(%)","","ga011_31_ 遗产规划：其他孩子[31]/配偶(%)"
"translated_combined_w5","restricted_source/w5_charls_CN.dta","ga011_32_","numeric","遗产规划：其他孩子[32]/配偶(%)","","ga011_32_ 遗产规划：其他孩子[32]/配偶(%)"
"translated_combined_w5","restricted_source/w5_charls_CN.dta","ga011_33_","numeric","遗产规划：其他孩子[33]/配偶(%)","","ga011_33_ 遗产规划：其他孩子[33]/配偶(%)"
"translated_combined_w5","restricted_source/w5_charls_CN.dta","ga011_34_","numeric","遗产规划：其他孩子[34]/配偶(%)","","ga011_34_ 遗产规划：其他孩子[34]/配偶(%)"
"translated_combined_w5","restricted_source/w5_charls_CN.dta","ga011_35_","numeric","遗产规划：其他孩子[35]/配偶(%)","","ga011_35_ 遗产规划：其他孩子[35]/配偶(%)"
"translated_combined_w5","restricted_source/w5_charls_CN.dta","ga014_s1","haven_labelled/vctrs_vctr/double","遗产规划：孩子[1]的孩子","0 No=0 | 1 Yes=1","ga014_s1 遗产规划：孩子[1]的孩子"
"translated_combined_w5","restricted_source/w5_charls_CN.dta","ga014_s2","haven_labelled/vctrs_vctr/double","遗产规划：孩子[2]的孩子","0 No=0 | 2 Yes=2","ga014_s2 遗产规划：孩子[2]的孩子"
"translated_combined_w5","restricted_source/w5_charls_CN.dta","ga014_s3","haven_labelled/vctrs_vctr/double","遗产规划：孩子[3]'的孩子","0 No=0 | 3 Yes=3","ga014_s3 遗产规划：孩子[3]'的孩子"
"translated_combined_w5","restricted_source/w5_charls_CN.dta","ga014_s4","haven_labelled/vctrs_vctr/double","遗产规划：孩子[4]'的孩子","0 No=0 | 4 Yes=4","ga014_s4 遗产规划：孩子[4]'的孩子"
"translated_combined_w5","restricted_source/w5_charls_CN.dta","ga014_s5","haven_labelled/vctrs_vctr/double","遗产规划：孩子[5]'的孩子","0 No=0 | 5 Yes=5","ga014_s5 遗产规划：孩子[5]'的孩子"
"translated_combined_w5","restricted_source/w5_charls_CN.dta","ga014_s6","haven_labelled/vctrs_vctr/double","遗产规划：孩子[6]'的孩子","0 No=0 | 6 Yes=6","ga014_s6 遗产规划：孩子[6]'的孩子"
"translated_combined_w5","restricted_source/w5_charls_CN.dta","ga014_s7","haven_labelled/vctrs_vctr/double","遗产规划：孩子[7]'的孩子","0 No=0 | 7 Yes=7","ga014_s7 遗产规划：孩子[7]'的孩子"
"translated_combined_w5","restricted_source/w5_charls_CN.dta","ga014_s8","haven_labelled/vctrs_vctr/double","遗产规划：孩子[8]'的孩子","0 No=0 | 8 Yes=8","ga014_s8 遗产规划：孩子[8]'的孩子"
"translated_combined_w5","restricted_source/w5_charls_CN.dta","ga014_s9","haven_labelled/vctrs_vctr/double","遗产规划：孩子[9]'的孩子","0 No=0 | 9 Yes=9","ga014_s9 遗产规划：孩子[9]'的孩子"
"translated_combined_w5","restricted_source/w5_charls_CN.dta","ga014_s10","haven_labelled/vctrs_vctr/double","遗产规划：孩子[10]'的孩子","0 No=0 | 10 Yes=10","ga014_s10 遗产规划：孩子[10]'的孩子"
"translated_combined_w5","restricted_source/w5_charls_CN.dta","ga014_s11","haven_labelled/vctrs_vctr/double","遗产规划：孩子[11]'的孩子","0 No=0 | 11 Yes=11","ga014_s11 遗产规划：孩子[11]'的孩子"
"translated_combined_w5","restricted_source/w5_charls_CN.dta","ga014_s12","haven_labelled/vctrs_vctr/double","遗产规划：孩子[12]'的孩子","0 No=0 | 12 Yes=12","ga014_s12 遗产规划：孩子[12]'的孩子"
"translated_combined_w5","restricted_source/w5_charls_CN.dta","ga014_s13","haven_labelled/vctrs_vctr/double","遗产规划：孩子[13]'的孩子","0 No=0 | 13 Yes=13","ga014_s13 遗产规划：孩子[13]'的孩子"
"translated_combined_w5","restricted_source/w5_charls_CN.dta","ga014_s14","haven_labelled/vctrs_vctr/double","遗产规划：孩子[14]的孩子","0 No=0 | 14 Yes=14","ga014_s14 遗产规划：孩子[14]的孩子"
"translated_combined_w5","restricted_source/w5_charls_CN.dta","ga014_s15","haven_labelled/vctrs_vctr/double","遗产规划：孩子[15]的孩子","0 No=0 | 15 Yes=15","ga014_s15 遗产规划：孩子[15]的孩子"
"translated_combined_w5","restricted_source/w5_charls_CN.dta","ga014_s16","haven_labelled/vctrs_vctr/double","遗产规划：孩子[16]的孩子","0 No=0 | 16 Yes=16","ga014_s16 遗产规划：孩子[16]的孩子"
"translated_combined_w5","restricted_source/w5_charls_CN.dta","ga014_s17","haven_labelled/vctrs_vctr/double","遗产规划：孩子[17]的孩子","0 No=0 | 17 Yes=17","ga014_s17 遗产规划：孩子[17]的孩子"
"translated_combined_w5","restricted_source/w5_charls_CN.dta","ga014_s18","haven_labelled/vctrs_vctr/double","遗产规划：孩子[18]的孩子","0 No=0 | 18 Yes=18","ga014_s18 遗产规划：孩子[18]的孩子"
"translated_combined_w5","restricted_source/w5_charls_CN.dta","ga014_s19","haven_labelled/vctrs_vctr/double","遗产规划：孩子[19]的孩子","0 No=0 | 19 Yes=19","ga014_s19 遗产规划：孩子[19]的孩子"
"translated_combined_w5","restricted_source/w5_charls_CN.dta","ga014_s20","haven_labelled/vctrs_vctr/double","遗产规划：孩子[20]的孩子","0 No=0 | 20 Yes=20","ga014_s20 遗产规划：孩子[20]的孩子"
"translated_combined_w5","restricted_source/w5_charls_CN.dta","ga014_s21","haven_labelled/vctrs_vctr/double","遗产规划：孩子[21]的孩子","0 No=0 | 21 Yes=21","ga014_s21 遗产规划：孩子[21]的孩子"
"translated_combined_w5","restricted_source/w5_charls_CN.dta","ga014_s22","haven_labelled/vctrs_vctr/double","遗产规划：孩子[22]的孩子","0 No=0 | 22 Yes=22","ga014_s22 遗产规划：孩子[22]的孩子"
"translated_combined_w5","restricted_source/w5_charls_CN.dta","ga014_s23","haven_labelled/vctrs_vctr/double","遗产规划：孩子[23]的孩子","0 No=0 | 23 Yes=23","ga014_s23 遗产规划：孩子[23]的孩子"
"translated_combined_w5","restricted_source/w5_charls_CN.dta","ga014_s24","haven_labelled/vctrs_vctr/double","遗产规划：孩子[24]的孩子","0 No=0 | 24 Yes=24","ga014_s24 遗产规划：孩子[24]的孩子"
"translated_combined_w5","restricted_source/w5_charls_CN.dta","ga014_s25","haven_labelled/vctrs_vctr/double","遗产规划：Child[25]的孩子","0 No=0 | 25 Yes=25","ga014_s25 遗产规划：Child[25]的孩子"
"translated_combined_w5","restricted_source/w5_charls_CN.dta","ga014_s26","haven_labelled/vctrs_vctr/double","遗产规划：Other Child[26]的孩子","0 No=0 | 26 Yes=26","ga014_s26 遗产规划：Other Child[26]的孩子"
"translated_combined_w5","restricted_source/w5_charls_CN.dta","ga014_s27","haven_labelled/vctrs_vctr/double","遗产规划：Other Child[27]的孩子","0 No=0 | 27 Yes=27","ga014_s27 遗产规划：Other Child[27]的孩子"
"translated_combined_w5","restricted_source/w5_charls_CN.dta","ga014_s28","haven_labelled/vctrs_vctr/double","遗产规划：Other Child[28]的孩子","0 No=0 | 28 Yes=28","ga014_s28 遗产规划：Other Child[28]的孩子"
"translated_combined_w5","restricted_source/w5_charls_CN.dta","ga014_s29","haven_labelled/vctrs_vctr/double","遗产规划：Other Child[29]的孩子","0 No=0 | 29 Yes=29","ga014_s29 遗产规划：Other Child[29]的孩子"
"translated_combined_w5","restricted_source/w5_charls_CN.dta","ga014_s30","haven_labelled/vctrs_vctr/double","遗产规划：Other Child[30]的孩子","0 No=0 | 30 Yes=30","ga014_s30 遗产规划：Other Child[30]的孩子"
"translated_combined_w5","restricted_source/w5_charls_CN.dta","ga014_s31","haven_labelled/vctrs_vctr/double","遗产规划：Other Child[31]的孩子","0 No=0 | 31 Yes=31","ga014_s31 遗产规划：Other Child[31]的孩子"
"translated_combined_w5","restricted_source/w5_charls_CN.dta","ga014_s32","haven_labelled/vctrs_vctr/double","遗产规划：Other Child[32]的孩子","0 No=0 | 32 Yes=32","ga014_s32 遗产规划：Other Child[32]的孩子"
"translated_combined_w5","restricted_source/w5_charls_CN.dta","ga014_s33","haven_labelled/vctrs_vctr/double","遗产规划：Other Child[33]的孩子","0 No=0 | 33 Yes=33","ga014_s33 遗产规划：Other Child[33]的孩子"
"translated_combined_w5","restricted_source/w5_charls_CN.dta","ga014_s34","haven_labelled/vctrs_vctr/double","遗产规划：Other Child[34]的孩子","0 No=0 | 34 Yes=34","ga014_s34 遗产规划：Other Child[34]的孩子"
"translated_combined_w5","restricted_source/w5_charls_CN.dta","ga014_s35","haven_labelled/vctrs_vctr/double","遗产规划：Other Child[35]的孩子","0 No=0 | 35 Yes=35","ga014_s35 遗产规划：Other Child[35]的孩子"
"translated_combined_w5","restricted_source/w5_charls_CN.dta","ga015_1_","numeric","遗产规划：孩子[1]的孩子(%)","","ga015_1_ 遗产规划：孩子[1]的孩子(%)"
"translated_combined_w5","restricted_source/w5_charls_CN.dta","ga015_2_","numeric","遗产规划：孩子[2]的孩子(%)","","ga015_2_ 遗产规划：孩子[2]的孩子(%)"
"translated_combined_w5","restricted_source/w5_charls_CN.dta","ga015_3_","numeric","遗产规划：孩子[3]的孩子(%)","","ga015_3_ 遗产规划：孩子[3]的孩子(%)"
"translated_combined_w5","restricted_source/w5_charls_CN.dta","ga015_4_","numeric","遗产规划：孩子[4]的孩子(%)","","ga015_4_ 遗产规划：孩子[4]的孩子(%)"
"translated_combined_w5","restricted_source/w5_charls_CN.dta","ga015_5_","numeric","遗产规划：孩子[5]的孩子(%)","","ga015_5_ 遗产规划：孩子[5]的孩子(%)"
"translated_combined_w5","restricted_source/w5_charls_CN.dta","ga015_6_","numeric","遗产规划：孩子[6]的孩子(%)","","ga015_6_ 遗产规划：孩子[6]的孩子(%)"
"translated_combined_w5","restricted_source/w5_charls_CN.dta","ga015_7_","numeric","遗产规划：孩子[7]的孩子(%)","","ga015_7_ 遗产规划：孩子[7]的孩子(%)"
"translated_combined_w5","restricted_source/w5_charls_CN.dta","ga015_8_","numeric","遗产规划：孩子[8]的孩子(%)","","ga015_8_ 遗产规划：孩子[8]的孩子(%)"
"translated_combined_w5","restricted_source/w5_charls_CN.dta","ga015_9_","numeric","遗产规划：孩子[9]的孩子(%)","","ga015_9_ 遗产规划：孩子[9]的孩子(%)"
"translated_combined_w5","restricted_source/w5_charls_CN.dta","ga015_10_","numeric","遗产规划：孩子[10]的孩子(%)","","ga015_10_ 遗产规划：孩子[10]的孩子(%)"
"translated_combined_w5","restricted_source/w5_charls_CN.dta","ga015_11_","numeric","遗产规划：孩子[11]的孩子(%)","","ga015_11_ 遗产规划：孩子[11]的孩子(%)"
"translated_combined_w5","restricted_source/w5_charls_CN.dta","ga015_12_","numeric","遗产规划：孩子[12]的孩子(%)","","ga015_12_ 遗产规划：孩子[12]的孩子(%)"
"translated_combined_w5","restricted_source/w5_charls_CN.dta","ga015_13_","numeric","遗产规划：孩子[13]的孩子(%)","","ga015_13_ 遗产规划：孩子[13]的孩子(%)"
"translated_combined_w5","restricted_source/w5_charls_CN.dta","ga015_14_","numeric","遗产规划：孩子[14]的孩子(%)","","ga015_14_ 遗产规划：孩子[14]的孩子(%)"
"translated_combined_w5","restricted_source/w5_charls_CN.dta","ga015_15_","numeric","遗产规划：孩子[15]的孩子(%)","","ga015_15_ 遗产规划：孩子[15]的孩子(%)"
"translated_combined_w5","restricted_source/w5_charls_CN.dta","ga015_16_","numeric","遗产规划：孩子[16]的孩子(%)","","ga015_16_ 遗产规划：孩子[16]的孩子(%)"
"translated_combined_w5","restricted_source/w5_charls_CN.dta","ga015_17_","numeric","遗产规划：孩子[17]的孩子(%)","","ga015_17_ 遗产规划：孩子[17]的孩子(%)"
"translated_combined_w5","restricted_source/w5_charls_CN.dta","ga015_18_","numeric","遗产规划：孩子[18]的孩子(%)","","ga015_18_ 遗产规划：孩子[18]的孩子(%)"
"translated_combined_w5","restricted_source/w5_charls_CN.dta","ga015_19_","numeric","遗产规划：孩子[19]的孩子(%)","","ga015_19_ 遗产规划：孩子[19]的孩子(%)"
"translated_combined_w5","restricted_source/w5_charls_CN.dta","ga015_20_","numeric","遗产规划：孩子[20]的孩子(%)","","ga015_20_ 遗产规划：孩子[20]的孩子(%)"
"translated_combined_w5","restricted_source/w5_charls_CN.dta","ga015_21_","numeric","遗产规划：子女[21]的子女(%)","","ga015_21_ 遗产规划：子女[21]的子女(%)"
"translated_combined_w5","restricted_source/w5_charls_CN.dta","ga015_22_","numeric","遗产规划：子女[22]的子女(%)","","ga015_22_ 遗产规划：子女[22]的子女(%)"
"translated_combined_w5","restricted_source/w5_charls_CN.dta","ga015_23_","numeric","遗产规划：子女[23]的子女(%)","","ga015_23_ 遗产规划：子女[23]的子女(%)"
"translated_combined_w5","restricted_source/w5_charls_CN.dta","ga015_24_","numeric","遗产规划：子女[24]的子女(%)","","ga015_24_ 遗产规划：子女[24]的子女(%)"
"translated_combined_w5","restricted_source/w5_charls_CN.dta","ga015_25_","numeric","遗产规划：子女[25]的子女(%)","","ga015_25_ 遗产规划：子女[25]的子女(%)"
"translated_combined_w5","restricted_source/w5_charls_CN.dta","ga015_26_","numeric","遗产规划：其他子女[26]的子女(%)","","ga015_26_ 遗产规划：其他子女[26]的子女(%)"
"translated_combined_w5","restricted_source/w5_charls_CN.dta","ga015_27_","numeric","遗产规划：其他子女[27]的子女(%)","","ga015_27_ 遗产规划：其他子女[27]的子女(%)"
"translated_combined_w5","restricted_source/w5_charls_CN.dta","ga015_28_","numeric","遗产规划：其他子女[28]的子女(%)","","ga015_28_ 遗产规划：其他子女[28]的子女(%)"
"translated_combined_w5","restricted_source/w5_charls_CN.dta","ga015_29_","numeric","遗产规划：其他子女[29]的子女(%)","","ga015_29_ 遗产规划：其他子女[29]的子女(%)"
"translated_combined_w5","restricted_source/w5_charls_CN.dta","ga015_30_","numeric","遗产规划：其他孩子[30]的孩子(%)","","ga015_30_ 遗产规划：其他孩子[30]的孩子(%)"
"translated_combined_w5","restricted_source/w5_charls_CN.dta","ga015_31_","numeric","遗产规划：其他孩子[31]的孩子(%)","","ga015_31_ 遗产规划：其他孩子[31]的孩子(%)"
"translated_combined_w5","restricted_source/w5_charls_CN.dta","ga015_32_","numeric","遗产规划：其他孩子[32]的孩子(%)","","ga015_32_ 遗产规划：其他孩子[32]的孩子(%)"
"translated_combined_w5","restricted_source/w5_charls_CN.dta","ga015_33_","numeric","遗产规划：其他孩子[33]的孩子(%)","","ga015_33_ 遗产规划：其他孩子[33]的孩子(%)"
"translated_combined_w5","restricted_source/w5_charls_CN.dta","ga015_34_","numeric","遗产规划：其他孩子[34]的孩子(%)","","ga015_34_ 遗产规划：其他孩子[34]的孩子(%)"
"translated_combined_w5","restricted_source/w5_charls_CN.dta","ga015_35_","numeric","遗产规划：其他孩子[35]的孩子(%)","","ga015_35_ 遗产规划：其他孩子[35]的孩子(%)"
"translated_combined_w5","restricted_source/w5_charls_CN.dta","ga016","haven_labelled/vctrs_vctr/double","实际分配时间","1 The Respondent Died=1 | 2 The Respondent Alive=2 | 997 I Do not Know=997","ga016 实际分配时间"
"translated_combined_w5","restricted_source/w5_charls_CN.dta","ga018","haven_labelled/vctrs_vctr/double","实际分配时间","1 Both (Respondent&Spouse) Died=1 | 2 Both (Respondent&Spouse) Alive=2 | 3 One (Respondent/Spouse) Died=3 | 997 I Do not Know=997","ga018 实际分配时间"
"translated_combined_w5","restricted_source/w5_charls_CN.dta","xproxytext","character","代理文本","","xproxytext 代理文本"
"translated_combined_w5","restricted_source/w5_charls_CN.dta","xga004text","character","ga004的文本","","xga004text ga004的文本"
"translated_combined_w5","restricted_source/w5_charls_CN.dta","xga009text","character","ga009的文本","","xga009text ga009的文本"
"translated_combined_w5","restricted_source/w5_charls_CN.dta","xchildnum","numeric","孩子数量","","xchildnum 孩子数量"
"translated_combined_w5","restricted_source/w5_charls_CN.dta","versionID","character","版本 ID","","versionID 版本 ID"
"translated_combined_w5","restricted_source/w5_charls_CN.dta","died","numeric","个体是否去世","","died 个体是否去世"
"translated_combined_w5","restricted_source/w5_charls_CN.dta","crosssection","numeric","是否为横截面样本","","crosssection 是否为横截面样本"
"translated_combined_w5","restricted_source/w5_charls_CN.dta","iyear","character","访谈年份","","iyear 访谈年份"
"translated_combined_w5","restricted_source/w5_charls_CN.dta","imonth","character","访谈月份","","imonth 访谈月份"
"translated_combined_w5","restricted_source/w5_charls_CN.dta","HH_weight","numeric","家庭基本权重","","HH_weight 家庭基本权重"
"translated_combined_w5","restricted_source/w5_charls_CN.dta","HH_weight_ad1","numeric","家庭响应调整后的家庭权重","","HH_weight_ad1 家庭响应调整后的家庭权重"
"translated_combined_w5","restricted_source/w5_charls_CN.dta","INDV_weight","numeric","个体基本权重","","INDV_weight 个体基本权重"
"translated_combined_w5","restricted_source/w5_charls_CN.dta","INDV_weight_ad2","numeric","个体响应调整后的家庭和个体权重","","INDV_weight_ad2 个体响应调整后的家庭和个体权重"
"translated_combined_w5","restricted_source/w5_charls_CN.dta","fa001","numeric","是否有农场工作","","fa001 是否有农场工作"
"translated_combined_w5","restricted_source/w5_charls_CN.dta","fa002_s1","numeric","自雇农场工作","","fa002_s1 自雇农场工作"
"translated_combined_w5","restricted_source/w5_charls_CN.dta","fa002_s2","numeric","农场雇佣","","fa002_s2 农场雇佣"
"translated_combined_w5","restricted_source/w5_charls_CN.dta","fa004","numeric","是否有非农工作","","fa004 是否有非农工作"
"translated_combined_w5","restricted_source/w5_charls_CN.dta","fa005","numeric","是否在度假","","fa005 是否在度假"
"translated_combined_w5","restricted_source/w5_charls_CN.dta","fa007","numeric","是否期望返回工作岗位","","fa007 是否期望返回工作岗位"
"translated_combined_w5","restricted_source/w5_charls_CN.dta","fa008","numeric","是否仍然在工作中获得薪水","","fa008 是否仍然在工作中获得薪水"
"translated_combined_w5","restricted_source/w5_charls_CN.dta","fa009","numeric","是否有多个非农工作","","fa009 是否有多个非农工作"
"translated_combined_w5","restricted_source/w5_charls_CN.dta","fa010","numeric","主要工作是受雇还是自雇","","fa010 主要工作是受雇还是自雇"
"translated_combined_w5","restricted_source/w5_charls_CN.dta","fa011","numeric","工作是受雇还是自雇","","fa011 工作是受雇还是自雇"
"translated_combined_w5","restricted_source/w5_charls_CN.dta","fa013","numeric","自上次IW以来开始工作的时间","","fa013 自上次IW以来开始工作的时间"
"translated_combined_w5","restricted_source/w5_charls_CN.dta","fa013_1","numeric","开始工作年份（自上次IW以来）","","fa013_1 开始工作年份（自上次IW以来）"
"translated_combined_w5","restricted_source/w5_charls_CN.dta","fa013_2","numeric","开始工作月份（自上次IW以来）","","fa013_2 开始工作月份（自上次IW以来）"
"translated_combined_w5","restricted_source/w5_charls_CN.dta","fa014","numeric","对FA013的双重检查","","fa014 对FA013的双重检查"
"translated_combined_w5","restricted_source/w5_charls_CN.dta","fa015","numeric","开始工作的原因","","fa015 开始工作的原因"
"translated_combined_w5","restricted_source/w5_charls_CN.dta","fa016","numeric","自上次IW以来停止工作的时间","","fa016 自上次IW以来停止工作的时间"
"translated_combined_w5","restricted_source/w5_charls_CN.dta","fa016_1","numeric","停止工作年份","","fa016_1 停止工作年份"
"translated_combined_w5","restricted_source/w5_charls_CN.dta","fa016_2","numeric","停止工作月份","","fa016_2 停止工作月份"
"translated_combined_w5","restricted_source/w5_charls_CN.dta","fa017","numeric","对FA016的双重检查","","fa017 对FA016的双重检查"
"translated_combined_w5","restricted_source/w5_charls_CN.dta","fa018_1","numeric","停止工作年份（如果在上次IW中没有工作）","","fa018_1 停止工作年份（如果在上次IW中没有工作）"
"translated_combined_w5","restricted_source/w5_charls_CN.dta","fa018_2","numeric","停止工作月份（如果在上次IW中没有工作）","","fa018_2 停止工作月份（如果在上次IW中没有工作）"
"translated_combined_w5","restricted_source/w5_charls_CN.dta","fa019","numeric","停止工作的原因","","fa019 停止工作的原因"
"translated_combined_w5","restricted_source/w5_charls_CN.dta","fb001","numeric","农场工作的地点","","fb001 农场工作的地点"
"translated_combined_w5","restricted_source/w5_charls_CN.dta","fb002_s1","numeric","行业：种植园","","fb002_s1 行业：种植园"
"translated_combined_w5","restricted_source/w5_charls_CN.dta","fb002_s2","numeric","行业：林业","","fb002_s2 行业：林业"
"translated_combined_w5","restricted_source/w5_charls_CN.dta","fb002_s3","numeric","行业：畜牧业","","fb002_s3 行业：畜牧业"
"translated_combined_w5","restricted_source/w5_charls_CN.dta","fb002_s4","numeric","行业：渔业","","fb002_s4 行业：渔业"
"translated_combined_w5","restricted_source/w5_charls_CN.dta","fb002_s5","numeric","行业：农业技术","","fb002_s5 行业：农业技术"
"translated_combined_w5","restricted_source/w5_charls_CN.dta","fb002_s997","numeric","不知道","","fb002_s997 不知道"
"translated_combined_w5","restricted_source/w5_charls_CN.dta","fb003","numeric","家庭农场工作的类型（职业）","","fb003 家庭农场工作的类型（职业）"
"translated_combined_w5","restricted_source/w5_charls_CN.dta","fb005","numeric","家庭农场工作的月份","","fb005 家庭农场工作的月份"
"translated_combined_w5","restricted_source/w5_charls_CN.dta","fb006","numeric","家庭农场工作的天数","","fb006 家庭农场工作的天数"
"translated_combined_w5","restricted_source/w5_charls_CN.dta","fb007","numeric","家庭农场工作的小时数","","fb007 家庭农场工作的小时数"
"translated_combined_w5","restricted_source/w5_charls_CN.dta","fc001","numeric","从工作场所或派遣公司获得工资","","fc001 从工作场所或派遣公司获得工资"
"translated_combined_w5","restricted_source/w5_charls_CN.dta","fc002","numeric","雇主的类型","","fc002 雇主的类型"
"translated_combined_w5","restricted_source/w5_charls_CN.dta","fc003","numeric","与上一个工作相同的雇主","","fc003 与上一个工作相同的雇主"
"translated_combined_w5","restricted_source/w5_charls_CN.dta","fc004","numeric","工作场所的位置","","fc004 工作场所的位置"
"translated_combined_w5","restricted_source/w5_charls_CN.dta","fc006","numeric","公务员或非公务员","","fc006 公务员或非公务员"
"translated_combined_w5","restricted_source/w5_charls_CN.dta","fc008","numeric","正式员工或非正式员工","","fc008 正式员工或非正式员工"
"translated_combined_w5","restricted_source/w5_charls_CN.dta","fc012","numeric","是否监督他人","","fc012 是否监督他人"
"translated_combined_w5","restricted_source/w5_charls_CN.dta","fc016","numeric","与当前雇主是否有书面劳动合同","","fc016 与当前雇主是否有书面劳动合同"
"translated_combined_w5","restricted_source/w5_charls_CN.dta","fc017","numeric","劳动合同期限","","fc017 劳动合同期限"
"translated_combined_w5","restricted_source/w5_charls_CN.dta","fc017_1","numeric","年","","fc017_1 年"
"translated_combined_w5","restricted_source/w5_charls_CN.dta","fc017_2","numeric","月","","fc017_2 月"
"translated_combined_w5","restricted_source/w5_charls_CN.dta","fc018","numeric","确认开始为该雇主工作时间","","fc018 确认开始为该雇主工作时间"
"translated_combined_w5","restricted_source/w5_charls_CN.dta","fc018_1","numeric","年","","fc018_1 年"
"translated_combined_w5","restricted_source/w5_charls_CN.dta","fc018_2","numeric","月","","fc018_2 月"
"translated_combined_w5","restricted_source/w5_charls_CN.dta","fc019_1","numeric","您何时开始为该雇主工作（年）","","fc019_1 您何时开始为该雇主工作（年）"
"translated_combined_w5","restricted_source/w5_charls_CN.dta","fc019_2","numeric","您何时开始为该雇主工作（月）","","fc019_2 您何时开始为该雇主工作（月）"
"translated_combined_w5","restricted_source/w5_charls_CN.dta","fc025","numeric","过去一年工作的月份","","fc025 过去一年工作的月份"
"translated_combined_w5","restricted_source/w5_charls_CN.dta","fc026","numeric","每周工作的天数","","fc026 每周工作的天数"
"translated_combined_w5","restricted_source/w5_charls_CN.dta","fc027","numeric","每天工作的小时数","","fc027 每天工作的小时数"
"translated_combined_w5","restricted_source/w5_charls_CN.dta","fc032","numeric","工资支付的周期性模式","","fc032 工资支付的周期性模式"
"translated_combined_w5","restricted_source/w5_charls_CN.dta","fc033","numeric","年薪","","fc033 年薪"
"translated_combined_w5","restricted_source/w5_charls_CN.dta","fc034","numeric","月薪","","fc034 月薪"
"translated_combined_w5","restricted_source/w5_charls_CN.dta","fc035","numeric","周薪","","fc035 周薪"
"translated_combined_w5","restricted_source/w5_charls_CN.dta","fc036","numeric","日薪","","fc036 日薪"
"translated_combined_w5","restricted_source/w5_charls_CN.dta","fc037","numeric","小时薪","","fc037 小时薪"
"translated_combined_w5","restricted_source/w5_charls_CN.dta","fc038","numeric","估计月薪","","fc038 估计月薪"
"translated_combined_w5","restricted_source/w5_charls_CN.dta","fc039","numeric","去年所有其他奖金","","fc039 去年所有其他奖金"
"translated_combined_w5","restricted_source/w5_charls_CN.dta","fc040","numeric","报告的净税薪资","","fc040 报告的净税薪资"
"translated_combined_w5","restricted_source/w5_charls_CN.dta","fc041","numeric","工资税","","fc041 工资税"
"translated_combined_w5","restricted_source/w5_charls_CN.dta","fc041_1","numeric","百分比","","fc041_1 百分比"
"translated_combined_w5","restricted_source/w5_charls_CN.dta","fc041_2","numeric","月税","","fc041_2 月税"
"translated_combined_w5","restricted_source/w5_charls_CN.dta","fc041_3","numeric","年税","","fc041_3 年税"
"translated_combined_w5","restricted_source/w5_charls_CN.dta","fc042_s1","numeric","餐饮","","fc042_s1 餐饮"
"translated_combined_w5","restricted_source/w5_charls_CN.dta","fc042_s2","numeric","交通","","fc042_s2 交通"
"translated_combined_w5","restricted_source/w5_charls_CN.dta","fc042_s3","numeric","住房","","fc042_s3 住房"
"translated_combined_w5","restricted_source/w5_charls_CN.dta","fc042_s4","numeric","其他","","fc042_s4 其他"
"translated_combined_w5","restricted_source/w5_charls_CN.dta","fc042_s5","numeric","无福利","","fc042_s5 无福利"
"translated_combined_w5","restricted_source/w5_charls_CN.dta","fc042_s999","numeric","不知道","","fc042_s999 不知道"
"translated_combined_w5","restricted_source/w5_charls_CN.dta","fc042_1","numeric","餐饮补助","","fc042_1 餐饮补助"
"translated_combined_w5","restricted_source/w5_charls_CN.dta","fc042_2","numeric","交通补助","","fc042_2 交通补助"
"translated_combined_w5","restricted_source/w5_charls_CN.dta","fc042_3","numeric","住房补助","","fc042_3 住房补助"
"translated_combined_w5","restricted_source/w5_charls_CN.dta","fc042_4","numeric","未提及的其他补助","","fc042_4 未提及的其他补助"
"translated_combined_w5","restricted_source/w5_charls_CN.dta","fd002","numeric","自雇业务的位置","","fd002 自雇业务的位置"
"translated_combined_w5","restricted_source/w5_charls_CN.dta","fd004","numeric","员工人数","","fd004 员工人数"
"translated_combined_w5","restricted_source/w5_charls_CN.dta","fd007","numeric","过去一年工作的月份","","fd007 过去一年工作的月份"
"translated_combined_w5","restricted_source/w5_charls_CN.dta","fd008","numeric","每周工作的天数","","fd008 每周工作的天数"
"translated_combined_w5","restricted_source/w5_charls_CN.dta","fd009","numeric","每天工作的小时数","","fd009 每天工作的小时数"
"translated_combined_w5","restricted_source/w5_charls_CN.dta","fe001","numeric","每周在副业上工作的天数","","fe001 每周在副业上工作的天数"
"translated_combined_w5","restricted_source/w5_charls_CN.dta","fe002","numeric","每天在副业上工作的小时数","","fe002 每天在副业上工作的小时数"
"translated_combined_w5","restricted_source/w5_charls_CN.dta","ff001","numeric","去年工作的总天数","","ff001 去年工作的总天数"
"translated_combined_w5","restricted_source/w5_charls_CN.dta","ff002","numeric","是否有休闲工作","","ff002 是否有休闲工作"
"translated_combined_w5","restricted_source/w5_charls_CN.dta","ff003","numeric","上个月是否找工作","","ff003 上个月是否找工作"
"translated_combined_w5","restricted_source/w5_charls_CN.dta","ff004","numeric","预计停止工作的时间","","ff004 预计停止工作的时间"
"translated_combined_w5","restricted_source/w5_charls_CN.dta","ff004_1","numeric","停止工作的年龄","","ff004_1 停止工作的年龄"
"translated_combined_w5","restricted_source/w5_charls_CN.dta","ff004_2","numeric","继续工作的年数","","ff004_2 继续工作的年数"
"translated_combined_w5","restricted_source/w5_charls_CN.dta","ff005","numeric","疫情影响下停止工作的预期时间","","ff005 疫情影响下停止工作的预期时间"
"translated_combined_w5","restricted_source/w5_charls_CN.dta","ff005_1","numeric","提前的年数","","ff005_1 提前的年数"
"translated_combined_w5","restricted_source/w5_charls_CN.dta","ff005_2","numeric","延迟的年数","","ff005_2 延迟的年数"
"translated_combined_w5","restricted_source/w5_charls_CN.dta","fg001","numeric","疫情期间在家工作","","fg001 疫情期间在家工作"
"translated_combined_w5","restricted_source/w5_charls_CN.dta","fg002","numeric","疫情期间即使不工作也有收入","","fg002 疫情期间即使不工作也有收入"
"translated_combined_w5","restricted_source/w5_charls_CN.dta","fg002_1","numeric","百分比","","fg002_1 百分比"
"translated_combined_w5","restricted_source/w5_charls_CN.dta","fg002_2","numeric","持续时间","","fg002_2 持续时间"
"translated_combined_w5","restricted_source/w5_charls_CN.dta","fg003","numeric","疫情影响下的自雇农业","","fg003 疫情影响下的自雇农业"
"translated_combined_w5","restricted_source/w5_charls_CN.dta","fg003_1","numeric","增加的周数","","fg003_1 增加的周数"
"translated_combined_w5","restricted_source/w5_charls_CN.dta","fg003_2","numeric","减少的周数","","fg003_2 减少的周数"
"translated_combined_w5","restricted_source/w5_charls_CN.dta","fg004","numeric","疫情影响下的就业工作","","fg004 疫情影响下的就业工作"
"translated_combined_w5","restricted_source/w5_charls_CN.dta","fg004_1","numeric","增加的周数","","fg004_1 增加的周数"
"translated_combined_w5","restricted_source/w5_charls_CN.dta","fg004_2","numeric","减少的周数","","fg004_2 减少的周数"
"translated_combined_w5","restricted_source/w5_charls_CN.dta","fg005","numeric","疫情影响的自雇工作","","fg005 疫情影响的自雇工作"
"translated_combined_w5","restricted_source/w5_charls_CN.dta","fg005_1","numeric","增加的周数","","fg005_1 增加的周数"
"translated_combined_w5","restricted_source/w5_charls_CN.dta","fg005_2","numeric","减少的周数","","fg005_2 减少的周数"
"translated_combined_w5","restricted_source/w5_charls_CN.dta","fg008","numeric","疫情影响的工作小时","","fg008 疫情影响的工作小时"
"translated_combined_w5","restricted_source/w5_charls_CN.dta","fg008_1","numeric","每周增加的小时数","","fg008_1 每周增加的小时数"
"translated_combined_w5","restricted_source/w5_charls_CN.dta","fg008_2","numeric","每周减少的小时数","","fg008_2 每周减少的小时数"
"translated_combined_w5","restricted_source/w5_charls_CN.dta","fg009","numeric","疫情期间收到的失业保险","","fg009 疫情期间收到的失业保险"
"translated_combined_w5","restricted_source/w5_charls_CN.dta","fg010_1","numeric","支付的月份","","fg010_1 支付的月份"
"translated_combined_w5","restricted_source/w5_charls_CN.dta","fg010_2","numeric","每月支付","","fg010_2 每月支付"
"translated_combined_w5","restricted_source/w5_charls_CN.dta","fh001","numeric","已处理的退休","","fh001 已处理的退休"
"translated_combined_w5","restricted_source/w5_charls_CN.dta","fh002","numeric","退休类型","","fh002 退休类型"
"translated_combined_w5","restricted_source/w5_charls_CN.dta","fh003_1","numeric","退休年份","","fh003_1 退休年份"
"translated_combined_w5","restricted_source/w5_charls_CN.dta","fh003_2","numeric","月份","","fh003_2 月份"
"translated_combined_w5","restricted_source/w5_charls_CN.dta","fh004_1","numeric","预期退休年份","","fh004_1 预期退休年份"
"translated_combined_w5","restricted_source/w5_charls_CN.dta","fh004_2","numeric","预期月份","","fh004_2 预期月份"
"translated_combined_w5","restricted_source/w5_charls_CN.dta","ff001_min","numeric","FF001 最小值","","ff001_min FF001 最小值"
"translated_combined_w5","restricted_source/w5_charls_CN.dta","ff001_max","numeric","FF001 最大值","","ff001_max FF001 最大值"
"translated_combined_w5","restricted_source/w5_charls_CN.dta","fc036_min","numeric","FC036 最小值","","fc036_min FC036 最小值"
"translated_combined_w5","restricted_source/w5_charls_CN.dta","fc036_max","numeric","FC036 最大值","","fc036_max FC036 最大值"
"translated_combined_w5","restricted_source/w5_charls_CN.dta","fc038_min","numeric","FC038 最小值","","fc038_min FC038 最小值"
"translated_combined_w5","restricted_source/w5_charls_CN.dta","fc038_max","numeric","FC038 最大值","","fc038_max FC038 最大值"
"translated_combined_w5","restricted_source/w5_charls_CN.dta","fc039_min","numeric","FC039 最小值","","fc039_min FC039 最小值"
"translated_combined_w5","restricted_source/w5_charls_CN.dta","fc039_max","numeric","FC039 最大值","","fc039_max FC039 最大值"
"translated_combined_w5","restricted_source/w5_charls_CN.dta","fc034_min","numeric","FC034 最小值","","fc034_min FC034 最小值"
"translated_combined_w5","restricted_source/w5_charls_CN.dta","fc034_max","numeric","FC034 最大值","","fc034_max FC034 最大值"
"translated_combined_w5","restricted_source/w5_charls_CN.dta","fc042_2_min","numeric","FC042_2 最小值","","fc042_2_min FC042_2 最小值"
"translated_combined_w5","restricted_source/w5_charls_CN.dta","fc042_2_max","numeric","FC042_2 最大值","","fc042_2_max FC042_2 最大值"
"translated_combined_w5","restricted_source/w5_charls_CN.dta","fc042_1_min","numeric","FC042_1 最小值","","fc042_1_min FC042_1 最小值"
"translated_combined_w5","restricted_source/w5_charls_CN.dta","fc042_1_max","numeric","FC042_1 最大值","","fc042_1_max FC042_1 最大值"
"translated_combined_w5","restricted_source/w5_charls_CN.dta","fc042_3_min","numeric","FC042_3 最小值","","fc042_3_min FC042_3 最小值"
"translated_combined_w5","restricted_source/w5_charls_CN.dta","fc042_3_max","numeric","FC042_3 最大值","","fc042_3_max FC042_3 最大值"
"translated_combined_w5","restricted_source/w5_charls_CN.dta","fc042_4_min","numeric","FC042_4 最小值","","fc042_4_min FC042_4 最小值"
"translated_combined_w5","restricted_source/w5_charls_CN.dta","fc042_4_max","numeric","FC042_4 最大值","","fc042_4_max FC042_4 最大值"
"translated_combined_w5","restricted_source/w5_charls_CN.dta","fc033_min","numeric","FC033 最小值","","fc033_min FC033 最小值"
"translated_combined_w5","restricted_source/w5_charls_CN.dta","fc033_max","numeric","FC033 最大值","","fc033_max FC033 最大值"
"translated_combined_w5","restricted_source/w5_charls_CN.dta","fc037_min","numeric","FC037 最小值","","fc037_min FC037 最小值"
"translated_combined_w5","restricted_source/w5_charls_CN.dta","fc037_max","numeric","FC037 最大值","","fc037_max FC037 最大值"
"translated_combined_w5","restricted_source/w5_charls_CN.dta","xworking","numeric","工作中","","xworking 工作中"
"translated_combined_w5","restricted_source/w5_charls_CN.dta","xemployed","numeric","自雇","","xemployed 自雇"
"translated_combined_w5","restricted_source/w5_charls_CN.dta","xfgsample","numeric","在疫情期间被选中回答工作问题","","xfgsample 在疫情期间被选中回答工作问题"
"translated_combined_w5","restricted_source/w5_charls_CN.dta","xworkjuststarted","numeric","当前工作开始不超过一年或一个月","","xworkjuststarted 当前工作开始不超过一年或一个月"
"translated_combined_w5","restricted_source/w5_charls_CN.dta","xmainjobdays","numeric","主要工作的天数","","xmainjobdays 主要工作的天数"
"translated_combined_w5","restricted_source/w5_charls_CN.dta","xhhldfarmdays","numeric","家庭农业的天数","","xhhldfarmdays 家庭农业的天数"
"translated_combined_w5","restricted_source/w5_charls_CN.dta","xsidejobdays","numeric","副工作的天数","","xsidejobdays 副工作的天数"
"translated_combined_w5","restricted_source/w5_charls_CN.dta","xgetjob","numeric","自上次调查以来开始工作","","xgetjob 自上次调查以来开始工作"
"translated_combined_w5","restricted_source/w5_charls_CN.dta","xquitjob","numeric","自上次调查以来停止工作","","xquitjob 自上次调查以来停止工作"
"translated_combined_w5","restricted_source/w5_charls_CN.dta","proxy_7","numeric","如果符合条件由代理人回答","","proxy_7 如果符合条件由代理人回答"
"translated_combined_w5","restricted_source/w5_charls_CN.dta","xrage","numeric","年龄","","xrage 年龄"
"translated_combined_w5","restricted_source/w5_charls_CN.dta","xiwmonth","numeric","访谈月份","","xiwmonth 访谈月份"
"translated_combined_w5","restricted_source/w5_charls_CN.dta","xiwyear","numeric","访谈年份","","xiwyear 访谈年份"
"translated_combined_w5","restricted_source/w5_charls_CN.dta","ziwtime","character","预加载：上次访谈时间","","ziwtime 预加载：上次访谈时间"
"translated_combined_w5","restricted_source/w5_charls_CN.dta","ziwyear","numeric","预加载：上次访谈年份","","ziwyear 预加载：上次访谈年份"
"translated_combined_w5","restricted_source/w5_charls_CN.dta","zworking","numeric","预加载：上次访谈时是否工作","","zworking 预加载：上次访谈时是否工作"
"translated_combined_w5","restricted_source/w5_charls_CN.dta","zrretired","numeric","预加载：上次访谈时是否退休","","zrretired 预加载：上次访谈时是否退休"
"translated_combined_w5","restricted_source/w5_charls_CN.dta","zfd011_1","numeric","预加载：上次访谈雇主的开始时间","","zfd011_1 预加载：上次访谈雇主的开始时间"
"translated_combined_w5","restricted_source/w5_charls_CN.dta","va001_s1","numeric","洗手","","va001_s1 洗手"
"translated_combined_w5","restricted_source/w5_charls_CN.dta","va001_s2","numeric","使用消毒剂","","va001_s2 使用消毒剂"
"translated_combined_w5","restricted_source/w5_charls_CN.dta","va001_s3","numeric","避免握手","","va001_s3 避免握手"
"translated_combined_w5","restricted_source/w5_charls_CN.dta","va001_s4","numeric","佩戴口罩","","va001_s4 佩戴口罩"
"translated_combined_w5","restricted_source/w5_charls_CN.dta","va001_s5","numeric","避免旅行","","va001_s5 避免旅行"
"translated_combined_w5","restricted_source/w5_charls_CN.dta","va001_s6","numeric","避免聚会","","va001_s6 避免聚会"
"translated_combined_w5","restricted_source/w5_charls_CN.dta","va001_s7","numeric","保持社交距离","","va001_s7 保持社交距离"
"translated_combined_w5","restricted_source/w5_charls_CN.dta","va001_s8","numeric","其他","","va001_s8 其他"
"translated_combined_w5","restricted_source/w5_charls_CN.dta","va001_s9","numeric","对疫情或预防措施不了解","","va001_s9 对疫情或预防措施不了解"
"translated_combined_w5","restricted_source/w5_charls_CN.dta","va002_s1","numeric","电视","","va002_s1 电视"
"translated_combined_w5","restricted_source/w5_charls_CN.dta","va002_s2","numeric","报纸","","va002_s2 报纸"
"translated_combined_w5","restricted_source/w5_charls_CN.dta","va002_s3","numeric","互联网","","va002_s3 互联网"
"translated_combined_w5","restricted_source/w5_charls_CN.dta","va002_s4","numeric","广播","","va002_s4 广播"
"translated_combined_w5","restricted_source/w5_charls_CN.dta","va002_s5","numeric","朋友、同事、社区","","va002_s5 朋友、同事、社区"
"translated_combined_w5","restricted_source/w5_charls_CN.dta","va002_s6","numeric","医疗从业者","","va002_s6 医疗从业者"
"translated_combined_w5","restricted_source/w5_charls_CN.dta","va002_s7","numeric","村庄广播","","va002_s7 村庄广播"
"translated_combined_w5","restricted_source/w5_charls_CN.dta","va002_s8","numeric","海报","","va002_s8 海报"
"translated_combined_w5","restricted_source/w5_charls_CN.dta","va002_s9","numeric","其他","","va002_s9 其他"
"translated_combined_w5","restricted_source/w5_charls_CN.dta","va002_s10","numeric","没有外部来源","","va002_s10 没有外部来源"
"translated_combined_w5","restricted_source/w5_charls_CN.dta","va003","numeric","疫情期间的口罩佩戴","","va003 疫情期间的口罩佩戴"
"translated_combined_w5","restricted_source/w5_charls_CN.dta","va004","numeric","现在的口罩佩戴","","va004 现在的口罩佩戴"
"translated_combined_w5","restricted_source/w5_charls_CN.dta","va005","numeric","现在的口罩佩戴","","va005 现在的口罩佩戴"
"translated_combined_w5","restricted_source/w5_charls_CN.dta","va005_1","numeric","多久了","","va005_1 多久了"
"translated_combined_w5","restricted_source/w5_charls_CN.dta","va006_s1","numeric","食物","","va006_s1 食物"
"translated_combined_w5","restricted_source/w5_charls_CN.dta","va006_s2","numeric","口罩和消毒剂","","va006_s2 口罩和消毒剂"
"translated_combined_w5","restricted_source/w5_charls_CN.dta","va006_s3","numeric","无","","va006_s3 无"
"translated_combined_w5","restricted_source/w5_charls_CN.dta","va007","numeric","对政府干预的态度","","va007 对政府干预的态度"
"translated_combined_w5","restricted_source/w5_charls_CN.dta","vb001_s1","numeric","自己","","vb001_s1 自己"
"translated_combined_w5","restricted_source/w5_charls_CN.dta","vb001_s2","numeric","同居者","","vb001_s2 同居者"
"translated_combined_w5","restricted_source/w5_charls_CN.dta","vb001_s3","numeric","其他亲属","","vb001_s3 其他亲属"
"translated_combined_w5","restricted_source/w5_charls_CN.dta","vb001_s4","numeric","熟人","","vb001_s4 熟人"
"translated_combined_w5","restricted_source/w5_charls_CN.dta","vb001_s5","numeric","无","","vb001_s5 无"
"translated_combined_w5","restricted_source/w5_charls_CN.dta","vb001_s999","numeric","拒绝回答","","vb001_s999 拒绝回答"
"translated_combined_w5","restricted_source/w5_charls_CN.dta","vb002_s1","numeric","同居者","","vb002_s1 同居者"
"translated_combined_w5","restricted_source/w5_charls_CN.dta","vb002_s2","numeric","其他亲属","","vb002_s2 其他亲属"
"translated_combined_w5","restricted_source/w5_charls_CN.dta","vb002_s3","numeric","熟人","","vb002_s3 熟人"
"translated_combined_w5","restricted_source/w5_charls_CN.dta","vb002_s4","numeric","无","","vb002_s4 无"
"translated_combined_w5","restricted_source/w5_charls_CN.dta","vb002_s999","numeric","拒绝回答","","vb002_s999 拒绝回答"
"translated_combined_w5","restricted_source/w5_charls_CN.dta","vb004","numeric","COVID治疗住院天数","","vb004 COVID治疗住院天数"
"translated_combined_w5","restricted_source/w5_charls_CN.dta","vb005_s1","numeric","旅行","","vb005_s1 旅行"
"translated_combined_w5","restricted_source/w5_charls_CN.dta","vb005_s2","numeric","与COVID病例密切接触","","vb005_s2 与COVID病例密切接触"
"translated_combined_w5","restricted_source/w5_charls_CN.dta","vb005_s3","numeric","建筑封锁","","vb005_s3 建筑封锁"
"translated_combined_w5","restricted_source/w5_charls_CN.dta","vb005_s4","numeric","去医院后","","vb005_s4 去医院后"
"translated_combined_w5","restricted_source/w5_charls_CN.dta","vb005_s5","numeric","检测阳性","","vb005_s5 检测阳性"
"translated_combined_w5","restricted_source/w5_charls_CN.dta","vb005_s6","numeric","没有隔离经历","","vb005_s6 没有隔离经历"
"translated_combined_w5","restricted_source/w5_charls_CN.dta","vb005_s997","numeric","不知道","","vb005_s997 不知道"
"translated_combined_w5","restricted_source/w5_charls_CN.dta","vb005_s999","numeric","拒绝回答","","vb005_s999 拒绝回答"
"translated_combined_w5","restricted_source/w5_charls_CN.dta","vb008","numeric","隔离天数","","vb008 隔离天数"
"translated_combined_w5","restricted_source/w5_charls_CN.dta","vb009_s1","numeric","医院","","vb009_s1 医院"
"translated_combined_w5","restricted_source/w5_charls_CN.dta","vb009_s2","numeric","酒店","","vb009_s2 酒店"
"translated_combined_w5","restricted_source/w5_charls_CN.dta","vb009_s3","numeric","自有住所","","vb009_s3 自有住所"
"translated_combined_w5","restricted_source/w5_charls_CN.dta","vb009_s4","numeric","其他","","vb009_s4 其他"
"translated_combined_w5","restricted_source/w5_charls_CN.dta","vb009_s997","numeric","不知道","","vb009_s997 不知道"
"translated_combined_w5","restricted_source/w5_charls_CN.dta","vb009_s999","numeric","拒绝回答","","vb009_s999 拒绝回答"
"translated_combined_w5","restricted_source/w5_charls_CN.dta","vb010","numeric","隔离费用","","vb010 隔离费用"
"translated_combined_w5","restricted_source/w5_charls_CN.dta","vb011","numeric","与他人在同一地点隔离","","vb011 与他人在同一地点隔离"
"translated_combined_w5","restricted_source/w5_charls_CN.dta","vb012","numeric","COVID检测","","vb012 COVID检测"
"translated_combined_w5","restricted_source/w5_charls_CN.dta","vb012_1","numeric","最后一次检测年份","","vb012_1 最后一次检测年份"
"translated_combined_w5","restricted_source/w5_charls_CN.dta","vb012_2","numeric","月份","","vb012_2 月份"
"translated_combined_w5","restricted_source/w5_charls_CN.dta","vc000","numeric","疫情期间最长自我隔离天数","","vc000 疫情期间最长自我隔离天数"
"translated_combined_w5","restricted_source/w5_charls_CN.dta","vc001","numeric","春节期间的居住地","","vc001 春节期间的居住地"
"translated_combined_w5","restricted_source/w5_charls_CN.dta","vc002","numeric","春节期间外出次数","","vc002 春节期间外出次数"
"translated_combined_w5","restricted_source/w5_charls_CN.dta","vc003","numeric","春节期间户外时间","","vc003 春节期间户外时间"
"translated_combined_w5","restricted_source/w5_charls_CN.dta","vc004","numeric","春节期间的高强度活动","","vc004 春节期间的高强度活动"
"translated_combined_w5","restricted_source/w5_charls_CN.dta","vc005","numeric","春节期间的中等强度活动","","vc005 春节期间的中等强度活动"
"translated_combined_w5","restricted_source/w5_charls_CN.dta","vc006","numeric","春节期间的低强度活动","","vc006 春节期间的低强度活动"
"translated_combined_w5","restricted_source/w5_charls_CN.dta","vc007","numeric","春节期间拜访他人","","vc007 春节期间拜访他人"
"translated_combined_w5","restricted_source/w5_charls_CN.dta","vc008","numeric","春节期间打麻将和玩牌","","vc008 春节期间打麻将和玩牌"
"translated_combined_w5","restricted_source/w5_charls_CN.dta","vc009","numeric","春节期间户外跳舞","","vc009 春节期间户外跳舞"
"translated_combined_w5","restricted_source/w5_charls_CN.dta","vc010","numeric","春节期间打电话和发信息","","vc010 春节期间打电话和发信息"
"translated_combined_w5","restricted_source/w5_charls_CN.dta","vc011","numeric","在农历新年疫情期间进行互联网联系","","vc011 在农历新年疫情期间进行互联网联系"
"translated_combined_w5","restricted_source/w5_charls_CN.dta","vc012","numeric","在农历新年疫情期间感受到的恐惧","","vc012 在农历新年疫情期间感受到的恐惧"
"translated_combined_w5","restricted_source/w5_charls_CN.dta","vc013","numeric","在农历新年疫情期间感受到的焦虑","","vc013 在农历新年疫情期间感受到的焦虑"
"translated_combined_w5","restricted_source/w5_charls_CN.dta","vc014","numeric","在农历新年疫情期间吸烟","","vc014 在农历新年疫情期间吸烟"
"translated_combined_w5","restricted_source/w5_charls_CN.dta","vc015","numeric","在农历新年疫情期间饮酒","","vc015 在农历新年疫情期间饮酒"
"translated_combined_w5","restricted_source/w5_charls_CN.dta","vc016","numeric","在农历新年疫情期间睡眠","","vc016 在农历新年疫情期间睡眠"
"translated_combined_w5","restricted_source/w5_charls_CN.dta","vc017","numeric","在农历新年疫情期间饮食","","vc017 在农历新年疫情期间饮食"
"translated_combined_w5","restricted_source/w5_charls_CN.dta","vd001_s1","numeric","住宅区完全封闭","","vd001_s1 住宅区完全封闭"
"translated_combined_w5","restricted_source/w5_charls_CN.dta","vd001_s2","numeric","居民出入受限","","vd001_s2 居民出入受限"
"translated_combined_w5","restricted_source/w5_charls_CN.dta","vd001_s3","numeric","非居民不得进入住宅区","","vd001_s3 非居民不得进入住宅区"
"translated_combined_w5","restricted_source/w5_charls_CN.dta","vd001_s4","numeric","非居民入境受限","","vd001_s4 非居民入境受限"
"translated_combined_w5","restricted_source/w5_charls_CN.dta","vd001_s5","numeric","出入没有限制","","vd001_s5 出入没有限制"
"translated_combined_w5","restricted_source/w5_charls_CN.dta","vd001_s997","numeric","不知道","","vd001_s997 不知道"
"translated_combined_w5","restricted_source/w5_charls_CN.dta","vd001_s999","numeric","拒绝回答","","vd001_s999 拒绝回答"
"translated_combined_w5","restricted_source/w5_charls_CN.dta","vd001_1","numeric","在此水平隔离的天数","","vd001_1 在此水平隔离的天数"
"translated_combined_w5","restricted_source/w5_charls_CN.dta","vd001_2","numeric","在此水平隔离的天数","","vd001_2 在此水平隔离的天数"
"translated_combined_w5","restricted_source/w5_charls_CN.dta","vd001_3","numeric","在此水平隔离的天数","","vd001_3 在此水平隔离的天数"
"translated_combined_w5","restricted_source/w5_charls_CN.dta","vd001_4","numeric","在此水平隔离的天数","","vd001_4 在此水平隔离的天数"
"translated_combined_w5","restricted_source/w5_charls_CN.dta","vd002","numeric","户外舞蹈取消的天数","","vd002 户外舞蹈取消的天数"
"translated_combined_w5","restricted_source/w5_charls_CN.dta","vd003","numeric","公共娱乐打麻将和打牌取消的天数","","vd003 公共娱乐打麻将和打牌取消的天数"
"translated_combined_w5","restricted_source/w5_charls_CN.dta","xquarantined","numeric","曾经隔离过","","xquarantined 曾经隔离过"
"translated_combined_w5","restricted_source/w5_charls_CN.dta","xvcnotinquarantine","character","字符串常量：在疫情期间但不包括隔离时间","","xvcnotinquarantine 字符串常量：在疫情期间但不包括隔离时间"
"translated_combined_w5","restricted_source/w5_charls_CN.dta","xvcoutbreak","character","字符串常量：在农历新年疫情期间","","xvcoutbreak 字符串常量：在农历新年疫情期间"
"translated_combined_w5","restricted_source/w5_charls_CN.dta","proxy_14","numeric","由代理人回答","","proxy_14 由代理人回答"
"translated_combined_w5","restricted_source/w5_charls_CN.dta","proxy_2","numeric","如果人口背景模块使用代理模式","","proxy_2 如果人口背景模块使用代理模式"
"translated_combined_w5","restricted_source/w5_charls_CN.dta","ba001","numeric","访谈者记录受访者的性别","","ba001 访谈者记录受访者的性别"
"translated_combined_w5","restricted_source/w5_charls_CN.dta","ba002","numeric","确认性别","","ba002 确认性别"
"translated_combined_w5","restricted_source/w5_charls_CN.dta","ba003_1","numeric","您实际的出生日期是什么？年份","","ba003_1 您实际的出生日期是什么？年份"
"translated_combined_w5","restricted_source/w5_charls_CN.dta","ba003_2","numeric","您实际的出生日期是什么？月份","","ba003_2 您实际的出生日期是什么？月份"
"translated_combined_w5","restricted_source/w5_charls_CN.dta","ba003_3","numeric","您实际的出生日期是什么？日期","","ba003_3 您实际的出生日期是什么？日期"
"translated_combined_w5","restricted_source/w5_charls_CN.dta","ba005","numeric","访谈地址类型","","ba005 访谈地址类型"
"translated_combined_w5","restricted_source/w5_charls_CN.dta","ba006","numeric","您现在的居住地址是什么","","ba006 您现在的居住地址是什么"
"translated_combined_w5","restricted_source/w5_charls_CN.dta","ba007","numeric","居住地址的类型是什么","","ba007 居住地址的类型是什么"
"translated_combined_w5","restricted_source/w5_charls_CN.dta","ba008","numeric","是乡村还是城市/镇？","","ba008 是乡村还是城市/镇？"
"translated_combined_w5","restricted_source/w5_charls_CN.dta","ba009","numeric","户口类型","","ba009 户口类型"
"translated_combined_w5","restricted_source/w5_charls_CN.dta","ba010","numeric","您现在的最高学历是什么？"" 不包括成人教育","","ba010 您现在的最高学历是什么？"" 不包括成人教育"
"translated_combined_w5","restricted_source/w5_charls_CN.dta","ba010_1","numeric","您识字吗","","ba010_1 您识字吗"
"translated_combined_w5","restricted_source/w5_charls_CN.dta","ba011","numeric","您的婚姻状况是什么","","ba011 您的婚姻状况是什么"
"translated_combined_w5","restricted_source/w5_charls_CN.dta","ba012","numeric","您是否有配偶与您同住？","","ba012 您是否有配偶与您同住？"
"translated_combined_w5","restricted_source/w5_charls_CN.dta","ba013","numeric","在过去的一年中，您与配偶同住了多少个月","","ba013 在过去的一年中，您与配偶同住了多少个月"
"translated_combined_w5","restricted_source/w5_charls_CN.dta","ba014","numeric","社会养老金支付的频率","","ba014 社会养老金支付的频率"
"translated_combined_w5","restricted_source/w5_charls_CN.dta","ba014_1","numeric","年数","","ba014_1 年数"
"translated_combined_w5","restricted_source/w5_charls_CN.dta","ba015","numeric","您参与的社会保障保险类型是什么","","ba015 您参与的社会保障保险类型是什么"
"translated_combined_w5","restricted_source/w5_charls_CN.dta","ba016","numeric","社会医疗保险每年的费用是多少","","ba016 社会医疗保险每年的费用是多少"
"translated_combined_w5","restricted_source/w5_charls_CN.dta","ba016_1","numeric","社会医疗保险每年的费用是多少","","ba016_1 社会医疗保险每年的费用是多少"
"translated_combined_w5","restricted_source/w5_charls_CN.dta","ba017","numeric","社会医疗保险的类型","","ba017 社会医疗保险的类型"
"translated_combined_w5","restricted_source/w5_charls_CN.dta","ba018","numeric","在今年上半年，您独自生活了多少天","","ba018 在今年上半年，您独自生活了多少天"
"translated_combined_w5","restricted_source/w5_charls_CN.dta","ba019","numeric","在今年上半年，您与配偶单独生活了多少天","","ba019 在今年上半年，您与配偶单独生活了多少天"
"translated_combined_w5","restricted_source/w5_charls_CN.dta","ba020","numeric","在今年上半年，不与他人同住的程度如何影响","","ba020 在今年上半年，不与他人同住的程度如何影响"
"translated_combined_w5","restricted_source/w5_charls_CN.dta","xr18gender","character","XR18性别","","xr18gender XR18性别"
"translated_combined_w5","restricted_source/w5_charls_CN.dta","xr20gender","character","XR20性别","","xr20gender XR20性别"
"translated_combined_w5","restricted_source/w5_charls_CN.dta","daynumber","numeric","天数","","daynumber 天数"
"translated_combined_w5","restricted_source/w5_charls_CN.dta","xrlivecovid","character","XR疫情期间生活状况","","xrlivecovid XR疫情期间生活状况"
"translated_combined_w5","restricted_source/w5_charls_CN.dta","xrgender","numeric","XRGender","","xrgender XRGender"
"translated_combined_w5","restricted_source/w5_charls_CN.dta","xrpartner","numeric","XRPartner","","xrpartner XRPartner"
"translated_combined_w5","restricted_source/w5_charls_CN.dta","xrresidencesurveyhome","numeric","XRResidenceSurveyHome","","xrresidencesurveyhome XRResidenceSurveyHome"
"translated_combined_w5","restricted_source/w5_charls_CN.dta","xrtype","numeric","XRType","","xrtype XRType"
"translated_combined_w5","restricted_source/w5_charls_CN.dta","zrbirthyear","numeric","ZRBirthYear","","zrbirthyear ZRBirthYear"
"translated_combined_w5","restricted_source/w5_charls_CN.dta","zredu","numeric","ZREdu","","zredu ZREdu"
"translated_combined_w5","restricted_source/w5_charls_CN.dta","zrgender","numeric","ZRGender","","zrgender ZRGender"
"translated_combined_w5","restricted_source/w5_charls_CN.dta","proxy","numeric","Proxy","","proxy Proxy"
"translated_combined_w5","restricted_source/w5_charls_CN.dta","proxy_5","numeric","健康模块代理","","proxy_5 健康模块代理"
"translated_combined_w5","restricted_source/w5_charls_CN.dta","da001","numeric","自我报告的健康状态","","da001 自我报告的健康状态"
"translated_combined_w5","restricted_source/w5_charls_CN.dta","da002_1_","numeric","医生诊断的疾病 [1] 与 ZIWTime 比较","","da002_1_ 医生诊断的疾病 [1] 与 ZIWTime 比较"
"translated_combined_w5","restricted_source/w5_charls_CN.dta","da002_2_","numeric","医生诊断的疾病 [2] 与 ZIWTime 比较","","da002_2_ 医生诊断的疾病 [2] 与 ZIWTime 比较"
"translated_combined_w5","restricted_source/w5_charls_CN.dta","da002_3_","numeric","医生诊断的疾病 [3] 与 ZIWTime 比较","","da002_3_ 医生诊断的疾病 [3] 与 ZIWTime 比较"
"translated_combined_w5","restricted_source/w5_charls_CN.dta","da002_4_","numeric","医生诊断的疾病 [4] 与 ZIWTime 比较","","da002_4_ 医生诊断的疾病 [4] 与 ZIWTime 比较"
"translated_combined_w5","restricted_source/w5_charls_CN.dta","da002_5_","numeric","医生诊断疾病 [5] 与 ZIWTime 比较","","da002_5_ 医生诊断疾病 [5] 与 ZIWTime 比较"
"translated_combined_w5","restricted_source/w5_charls_CN.dta","da002_6_","numeric","医生诊断疾病 [6] 与 ZIWTime 比较","","da002_6_ 医生诊断疾病 [6] 与 ZIWTime 比较"
"translated_combined_w5","restricted_source/w5_charls_CN.dta","da002_7_","numeric","医生诊断疾病 [7] 与 ZIWTime 比较","","da002_7_ 医生诊断疾病 [7] 与 ZIWTime 比较"
"translated_combined_w5","restricted_source/w5_charls_CN.dta","da002_8_","numeric","医生诊断疾病 [8] 与 ZIWTime 比较","","da002_8_ 医生诊断疾病 [8] 与 ZIWTime 比较"
"translated_combined_w5","restricted_source/w5_charls_CN.dta","da002_9_","numeric","医生诊断疾病 [9] 与 ZIWTime 比较","","da002_9_ 医生诊断疾病 [9] 与 ZIWTime 比较"
"translated_combined_w5","restricted_source/w5_charls_CN.dta","da002_10_","numeric","医生诊断疾病 [10] 与 ZIWTime 比较","","da002_10_ 医生诊断疾病 [10] 与 ZIWTime 比较"
"translated_combined_w5","restricted_source/w5_charls_CN.dta","da002_11_","numeric","医生诊断疾病 [11] 与 ZIWTime 比较","","da002_11_ 医生诊断疾病 [11] 与 ZIWTime 比较"
"translated_combined_w5","restricted_source/w5_charls_CN.dta","da002_12_","numeric","医生诊断疾病 [12] 与 ZIWTime 比较","","da002_12_ 医生诊断疾病 [12] 与 ZIWTime 比较"
"translated_combined_w5","restricted_source/w5_charls_CN.dta","da002_13_","numeric","医生诊断疾病 [13] 与 ZIWTime 比较","","da002_13_ 医生诊断疾病 [13] 与 ZIWTime 比较"
"translated_combined_w5","restricted_source/w5_charls_CN.dta","da002_14_","numeric","医生诊断疾病 [14] 与 ZIWTime 比较","","da002_14_ 医生诊断疾病 [14] 与 ZIWTime 比较"
"translated_combined_w5","restricted_source/w5_charls_CN.dta","da002_15_","numeric","医生诊断疾病 [15] 与 ZIWTime 比较","","da002_15_ 医生诊断疾病 [15] 与 ZIWTime 比较"
"translated_combined_w5","restricted_source/w5_charls_CN.dta","da002_1_1_","numeric","自我知晓疾病 [1] 与 ZIWTime 比较","","da002_1_1_ 自我知晓疾病 [1] 与 ZIWTime 比较"
"translated_combined_w5","restricted_source/w5_charls_CN.dta","da002_1_5_","numeric","自我知晓疾病 [5] 与 ZIWTime 比较","","da002_1_5_ 自我知晓疾病 [5] 与 ZIWTime 比较"
"translated_combined_w5","restricted_source/w5_charls_CN.dta","da002_1_11_","numeric","自我知晓疾病 [11] 与 ZIWTime 比较","","da002_1_11_ 自我知晓疾病 [11] 与 ZIWTime 比较"
"translated_combined_w5","restricted_source/w5_charls_CN.dta","da003_1_","numeric","诊断疾病 [1]","","da003_1_ 诊断疾病 [1]"
"translated_combined_w5","restricted_source/w5_charls_CN.dta","da003_2_","numeric","诊断疾病 [2]","","da003_2_ 诊断疾病 [2]"
"translated_combined_w5","restricted_source/w5_charls_CN.dta","da003_3_","numeric","诊断疾病 [3]","","da003_3_ 诊断疾病 [3]"
"translated_combined_w5","restricted_source/w5_charls_CN.dta","da003_4_","numeric","诊断疾病 [4]","","da003_4_ 诊断疾病 [4]"
"translated_combined_w5","restricted_source/w5_charls_CN.dta","da003_5_","numeric","诊断疾病 [5]","","da003_5_ 诊断疾病 [5]"
"translated_combined_w5","restricted_source/w5_charls_CN.dta","da003_6_","numeric","诊断疾病 [6]","","da003_6_ 诊断疾病 [6]"
"translated_combined_w5","restricted_source/w5_charls_CN.dta","da003_7_","numeric","诊断疾病 [7]","","da003_7_ 诊断疾病 [7]"
"translated_combined_w5","restricted_source/w5_charls_CN.dta","da003_8_","numeric","诊断疾病 [8]","","da003_8_ 诊断疾病 [8]"
"translated_combined_w5","restricted_source/w5_charls_CN.dta","da003_9_","numeric","诊断疾病 [9]","","da003_9_ 诊断疾病 [9]"
"translated_combined_w5","restricted_source/w5_charls_CN.dta","da003_10_","numeric","诊断疾病 [10]","","da003_10_ 诊断疾病 [10]"
"translated_combined_w5","restricted_source/w5_charls_CN.dta","da003_11_","numeric","诊断疾病 [11]","","da003_11_ 诊断疾病 [11]"
"translated_combined_w5","restricted_source/w5_charls_CN.dta","da003_12_","numeric","诊断疾病 [12]","","da003_12_ 诊断疾病 [12]"
"translated_combined_w5","restricted_source/w5_charls_CN.dta","da003_13_","numeric","诊断疾病 [13]","","da003_13_ 诊断疾病 [13]"
"translated_combined_w5","restricted_source/w5_charls_CN.dta","da003_14_","numeric","诊断疾病 [14]","","da003_14_ 诊断疾病 [14]"
"translated_combined_w5","restricted_source/w5_charls_CN.dta","da003_15_","numeric","诊断疾病 [15]","","da003_15_ 诊断疾病 [15]"
"translated_combined_w5","restricted_source/w5_charls_CN.dta","da004_1_","numeric","自知疾病 [1]","","da004_1_ 自知疾病 [1]"
"translated_combined_w5","restricted_source/w5_charls_CN.dta","da004_5_","numeric","自知疾病 [5]","","da004_5_ 自知疾病 [5]"
"translated_combined_w5","restricted_source/w5_charls_CN.dta","da004_11_","numeric","自知疾病 [11]","","da004_11_ 自知疾病 [11]"
"translated_combined_w5","restricted_source/w5_charls_CN.dta","da005","numeric","门诊服务","","da005 门诊服务"
"translated_combined_w5","restricted_source/w5_charls_CN.dta","da006","numeric","门诊服务次数","","da006 门诊服务次数"
"translated_combined_w5","restricted_source/w5_charls_CN.dta","da007","numeric","住院服务","","da007 住院服务"
"translated_combined_w5","restricted_source/w5_charls_CN.dta","da008","numeric","住院服务次数","","da008 住院服务次数"
"translated_combined_w5","restricted_source/w5_charls_CN.dta","da009","numeric","延迟医疗服务","","da009 延迟医疗服务"
"translated_combined_w5","restricted_source/w5_charls_CN.dta","da010_s1","numeric","延迟医疗服务 1: 住院服务, 大手术","","da010_s1 延迟医疗服务 1: 住院服务, 大手术"
"translated_combined_w5","restricted_source/w5_charls_CN.dta","da010_s2","numeric","延迟医疗服务 1: 门诊服务, 小手术","","da010_s2 延迟医疗服务 1: 门诊服务, 小手术"
"translated_combined_w5","restricted_source/w5_charls_CN.dta","da010_s3","numeric","延迟医疗服务 1: 门诊服务","","da010_s3 延迟医疗服务 1: 门诊服务"
"translated_combined_w5","restricted_source/w5_charls_CN.dta","da010_s4","numeric","延迟医疗服务 1: 药物处方","","da010_s4 延迟医疗服务 1: 药物处方"
"translated_combined_w5","restricted_source/w5_charls_CN.dta","da010_s5","numeric","延迟医疗服务 1: 牙科护理","","da010_s5 延迟医疗服务 1: 牙科护理"
"translated_combined_w5","restricted_source/w5_charls_CN.dta","da010_s6","numeric","延迟医疗服务 1: 其他，请具体说明","","da010_s6 延迟医疗服务 1: 其他，请具体说明"
"translated_combined_w5","restricted_source/w5_charls_CN.dta","da011_s1","numeric","门诊服务原因: 新症状","","da011_s1 门诊服务原因: 新症状"
"translated_combined_w5","restricted_source/w5_charls_CN.dta","da011_s2","numeric","门诊服务原因：流行病","","da011_s2 门诊服务原因：流行病"
"translated_combined_w5","restricted_source/w5_charls_CN.dta","da011_s3","numeric","门诊服务原因：定期体检","","da011_s3 门诊服务原因：定期体检"
"translated_combined_w5","restricted_source/w5_charls_CN.dta","da012_s1","numeric","延迟原因：无法按时预约","","da012_s1 延迟原因：无法按时预约"
"translated_combined_w5","restricted_source/w5_charls_CN.dta","da012_s2","numeric","延迟原因：医院日程变更","","da012_s2 延迟原因：医院日程变更"
"translated_combined_w5","restricted_source/w5_charls_CN.dta","da012_s3","numeric","延迟原因：我决定稍后就医","","da012_s3 延迟原因：我决定稍后就医"
"translated_combined_w5","restricted_source/w5_charls_CN.dta","da012_s4","numeric","延迟原因：我害怕去医院","","da012_s4 延迟原因：我害怕去医院"
"translated_combined_w5","restricted_source/w5_charls_CN.dta","da012_s5","numeric","延迟原因：其他，请说明","","da012_s5 延迟原因：其他，请说明"
"translated_combined_w5","restricted_source/w5_charls_CN.dta","da013","numeric","RIW：最近一次体检的时间","","da013 RIW：最近一次体检的时间"
"translated_combined_w5","restricted_source/w5_charls_CN.dta","da013_1","numeric","年份","","da013_1 年份"
"translated_combined_w5","restricted_source/w5_charls_CN.dta","da013_2","numeric","月份","","da013_2 月份"
"translated_combined_w5","restricted_source/w5_charls_CN.dta","da014","numeric","NIW：最近一次体检的时间","","da014 NIW：最近一次体检的时间"
"translated_combined_w5","restricted_source/w5_charls_CN.dta","da014_1","numeric","年份","","da014_1 年份"
"translated_combined_w5","restricted_source/w5_charls_CN.dta","da014_2","numeric","月份","","da014_2 月份"
"translated_combined_w5","restricted_source/w5_charls_CN.dta","da019","numeric","RIW: 交通事故/受伤及自ZIW时间以来接受的医疗治疗","","da019 RIW: 交通事故/受伤及自ZIW时间以来接受的医疗治疗"
"translated_combined_w5","restricted_source/w5_charls_CN.dta","da020","numeric","NIW: 交通事故/受伤及接受的医疗治疗","","da020 NIW: 交通事故/受伤及接受的医疗治疗"
"translated_combined_w5","restricted_source/w5_charls_CN.dta","da021","numeric","交通事故/受伤限制日常活动","","da021 交通事故/受伤限制日常活动"
"translated_combined_w5","restricted_source/w5_charls_CN.dta","da022","numeric","自ZIW时间以来摔倒","","da022 自ZIW时间以来摔倒"
"translated_combined_w5","restricted_source/w5_charls_CN.dta","da023","numeric","摔倒","","da023 摔倒"
"translated_combined_w5","restricted_source/w5_charls_CN.dta","da024","numeric","需要医疗治疗的摔倒次数","","da024 需要医疗治疗的摔倒次数"
"translated_combined_w5","restricted_source/w5_charls_CN.dta","da025","numeric","自ZIW时间以来骨折髋部","","da025 自ZIW时间以来骨折髋部"
"translated_combined_w5","restricted_source/w5_charls_CN.dta","da026","numeric","骨折髋部","","da026 骨折髋部"
"translated_combined_w5","restricted_source/w5_charls_CN.dta","da027","numeric","身体疼痛困扰","","da027 身体疼痛困扰"
"translated_combined_w5","restricted_source/w5_charls_CN.dta","da028_s1","numeric","感到疼痛的身体部位","","da028_s1 感到疼痛的身体部位"
"translated_combined_w5","restricted_source/w5_charls_CN.dta","da028_s2","numeric","感到疼痛的身体部位","","da028_s2 感到疼痛的身体部位"
"translated_combined_w5","restricted_source/w5_charls_CN.dta","da028_s3","numeric","感到疼痛的身体部位","","da028_s3 感到疼痛的身体部位"
"translated_combined_w5","restricted_source/w5_charls_CN.dta","da028_s4","numeric","感到疼痛的身体部位","","da028_s4 感到疼痛的身体部位"
"translated_combined_w5","restricted_source/w5_charls_CN.dta","da028_s5","numeric","感到疼痛的身体部位","","da028_s5 感到疼痛的身体部位"
"translated_combined_w5","restricted_source/w5_charls_CN.dta","da028_s6","numeric","感到疼痛的身体部位","","da028_s6 感到疼痛的身体部位"
"translated_combined_w5","restricted_source/w5_charls_CN.dta","da028_s7","numeric","身体部位感到疼痛","","da028_s7 身体部位感到疼痛"
"translated_combined_w5","restricted_source/w5_charls_CN.dta","da028_s8","numeric","身体部位感到疼痛","","da028_s8 身体部位感到疼痛"
"translated_combined_w5","restricted_source/w5_charls_CN.dta","da028_s9","numeric","身体部位感到疼痛","","da028_s9 身体部位感到疼痛"
"translated_combined_w5","restricted_source/w5_charls_CN.dta","da028_s10","numeric","身体部位感到疼痛","","da028_s10 身体部位感到疼痛"
"translated_combined_w5","restricted_source/w5_charls_CN.dta","da028_s11","numeric","身体部位感到疼痛","","da028_s11 身体部位感到疼痛"
"translated_combined_w5","restricted_source/w5_charls_CN.dta","da028_s12","numeric","身体部位感到疼痛","","da028_s12 身体部位感到疼痛"
"translated_combined_w5","restricted_source/w5_charls_CN.dta","da028_s13","numeric","身体部位感到疼痛","","da028_s13 身体部位感到疼痛"
"translated_combined_w5","restricted_source/w5_charls_CN.dta","da028_s14","numeric","身体部位感到疼痛","","da028_s14 身体部位感到疼痛"
"translated_combined_w5","restricted_source/w5_charls_CN.dta","da028_s15","numeric","身体部位感到疼痛","","da028_s15 身体部位感到疼痛"
"translated_combined_w5","restricted_source/w5_charls_CN.dta","da028_s16","numeric","身体部位感到疼痛","","da028_s16 身体部位感到疼痛"
"translated_combined_w5","restricted_source/w5_charls_CN.dta","da029","numeric","预期寿命","","da029 预期寿命"
"translated_combined_w5","restricted_source/w5_charls_CN.dta","da030","numeric","上个月平均实际睡眠小时数","","da030 上个月平均实际睡眠小时数"
"translated_combined_w5","restricted_source/w5_charls_CN.dta","da031","numeric","上个月午餐后小睡时间","","da031 上个月午餐后小睡时间"
"translated_combined_w5","restricted_source/w5_charls_CN.dta","da032_1_","numeric","每次超过10分钟的高强度身体活动","","da032_1_ 每次超过10分钟的高强度身体活动"
"translated_combined_w5","restricted_source/w5_charls_CN.dta","da032_2_","numeric","每次超过10分钟的中等强度身体活动","","da032_2_ 每次超过10分钟的中等强度身体活动"
"translated_combined_w5","restricted_source/w5_charls_CN.dta","da032_3_","numeric","每次超过10分钟的轻度身体活动","","da032_3_ 每次超过10分钟的轻度身体活动"
"translated_combined_w5","restricted_source/w5_charls_CN.dta","da033_1_","numeric","高强度身体活动的天数","","da033_1_ 高强度身体活动的天数"
"translated_combined_w5","restricted_source/w5_charls_CN.dta","da033_2_","numeric","中等强度身体活动的天数","","da033_2_ 中等强度身体活动的天数"
"translated_combined_w5","restricted_source/w5_charls_CN.dta","da033_3_","numeric","轻度身体活动的天数","","da033_3_ 轻度身体活动的天数"
"translated_combined_w5","restricted_source/w5_charls_CN.dta","da034_1_","numeric","高强度身体活动的时间","","da034_1_ 高强度身体活动的时间"
"translated_combined_w5","restricted_source/w5_charls_CN.dta","da034_2_","numeric","中等强度身体活动的时间","","da034_2_ 中等强度身体活动的时间"
"translated_combined_w5","restricted_source/w5_charls_CN.dta","da034_3_","numeric","轻度身体活动的时间","","da034_3_ 轻度身体活动的时间"
"translated_combined_w5","restricted_source/w5_charls_CN.dta","da035_1_","numeric","高强度身体活动的时间","","da035_1_ 高强度身体活动的时间"
"translated_combined_w5","restricted_source/w5_charls_CN.dta","da035_2_","numeric","中等强度身体活动的时间","","da035_2_ 中等强度身体活动的时间"
"translated_combined_w5","restricted_source/w5_charls_CN.dta","da035_3_","numeric","轻度身体活动的时间","","da035_3_ 轻度身体活动的时间"
"translated_combined_w5","restricted_source/w5_charls_CN.dta","da036_1_","numeric","高强度身体活动的时间","","da036_1_ 高强度身体活动的时间"
"translated_combined_w5","restricted_source/w5_charls_CN.dta","da036_2_","numeric","中等强度身体活动的时间","","da036_2_ 中等强度身体活动的时间"
"translated_combined_w5","restricted_source/w5_charls_CN.dta","da036_3_","numeric","轻度身体活动的时间","","da036_3_ 轻度身体活动的时间"
"translated_combined_w5","restricted_source/w5_charls_CN.dta","da037_1_","numeric","强度身体活动的目的","","da037_1_ 强度身体活动的目的"
"translated_combined_w5","restricted_source/w5_charls_CN.dta","da037_2_","numeric","中等身体活动的目的","","da037_2_ 中等身体活动的目的"
"translated_combined_w5","restricted_source/w5_charls_CN.dta","da037_3_","numeric","轻度身体活动的目的","","da037_3_ 轻度身体活动的目的"
"translated_combined_w5","restricted_source/w5_charls_CN.dta","da038_s1","numeric","上个月的活动","","da038_s1 上个月的活动"
"translated_combined_w5","restricted_source/w5_charls_CN.dta","da038_s2","numeric","上个月的活动","","da038_s2 上个月的活动"
"translated_combined_w5","restricted_source/w5_charls_CN.dta","da038_s3","numeric","上个月的活动","","da038_s3 上个月的活动"
"translated_combined_w5","restricted_source/w5_charls_CN.dta","da038_s4","numeric","上个月的活动","","da038_s4 上个月的活动"
"translated_combined_w5","restricted_source/w5_charls_CN.dta","da038_s5","numeric","上个月的活动","","da038_s5 上个月的活动"
"translated_combined_w5","restricted_source/w5_charls_CN.dta","da038_s6","numeric","上个月的活动","","da038_s6 上个月的活动"
"translated_combined_w5","restricted_source/w5_charls_CN.dta","da038_s7","numeric","上个月的活动","","da038_s7 上个月的活动"
"translated_combined_w5","restricted_source/w5_charls_CN.dta","da038_s8","numeric","上个月的活动","","da038_s8 上个月的活动"
"translated_combined_w5","restricted_source/w5_charls_CN.dta","da038_s9","numeric","上个月的活动","","da038_s9 上个月的活动"
"translated_combined_w5","restricted_source/w5_charls_CN.dta","da039_1_","numeric","活动频率[1]","","da039_1_ 活动频率[1]"
"translated_combined_w5","restricted_source/w5_charls_CN.dta","da039_2_","numeric","活动频率[2]","","da039_2_ 活动频率[2]"
"translated_combined_w5","restricted_source/w5_charls_CN.dta","da039_3_","numeric","活动频率[3]","","da039_3_ 活动频率[3]"
"translated_combined_w5","restricted_source/w5_charls_CN.dta","da039_4_","numeric","活动频率[4]","","da039_4_ 活动频率[4]"
"translated_combined_w5","restricted_source/w5_charls_CN.dta","da039_5_","numeric","活动频率[5]","","da039_5_ 活动频率[5]"
"translated_combined_w5","restricted_source/w5_charls_CN.dta","da039_6_","numeric","活动频率[6]","","da039_6_ 活动频率[6]"
"translated_combined_w5","restricted_source/w5_charls_CN.dta","da039_7_","numeric","活动频率[7]","","da039_7_ 活动频率[7]"
"translated_combined_w5","restricted_source/w5_charls_CN.dta","da039_8_","numeric","活动频率[8]","","da039_8_ 活动频率[8]"
"translated_combined_w5","restricted_source/w5_charls_CN.dta","da040","numeric","使用互联网","","da040 使用互联网"
"translated_combined_w5","restricted_source/w5_charls_CN.dta","da041_s1","numeric","使用互联网的设备：台式电脑","","da041_s1 使用互联网的设备：台式电脑"
"translated_combined_w5","restricted_source/w5_charls_CN.dta","da041_s2","numeric","使用互联网的设备：笔记本电脑","","da041_s2 使用互联网的设备：笔记本电脑"
"translated_combined_w5","restricted_source/w5_charls_CN.dta","da041_s3","numeric","使用互联网的设备：平板电脑","","da041_s3 使用互联网的设备：平板电脑"
"translated_combined_w5","restricted_source/w5_charls_CN.dta","da041_s4","numeric","使用互联网的设备：手机","","da041_s4 使用互联网的设备：手机"
"translated_combined_w5","restricted_source/w5_charls_CN.dta","da041_s5","numeric","使用互联网的设备：其他，请说明","","da041_s5 使用互联网的设备：其他，请说明"
"translated_combined_w5","restricted_source/w5_charls_CN.dta","da042_s1","numeric","互联网活动：聊天","","da042_s1 互联网活动：聊天"
"translated_combined_w5","restricted_source/w5_charls_CN.dta","da042_s2","numeric","互联网活动：阅读新闻","","da042_s2 互联网活动：阅读新闻"
"translated_combined_w5","restricted_source/w5_charls_CN.dta","da042_s3","numeric","互联网活动：观看视频","","da042_s3 互联网活动：观看视频"
"translated_combined_w5","restricted_source/w5_charls_CN.dta","da042_s4","numeric","互联网活动：玩游戏","","da042_s4 互联网活动：玩游戏"
"translated_combined_w5","restricted_source/w5_charls_CN.dta","da042_s5","numeric","互联网活动：理财","","da042_s5 互联网活动：理财"
"translated_combined_w5","restricted_source/w5_charls_CN.dta","da042_s6","numeric","互联网活动：其他，请具体说明","","da042_s6 互联网活动：其他，请具体说明"
"translated_combined_w5","restricted_source/w5_charls_CN.dta","da043","numeric","使用手机支付","","da043 使用手机支付"
"translated_combined_w5","restricted_source/w5_charls_CN.dta","da044","numeric","使用微信","","da044 使用微信"
"translated_combined_w5","restricted_source/w5_charls_CN.dta","da045","numeric","使用微信朋友圈","","da045 使用微信朋友圈"
"translated_combined_w5","restricted_source/w5_charls_CN.dta","da046","numeric","曾经吸烟","","da046 曾经吸烟"
"translated_combined_w5","restricted_source/w5_charls_CN.dta","da047","numeric","仍在吸烟或已经戒烟","","da047 仍在吸烟或已经戒烟"
"translated_combined_w5","restricted_source/w5_charls_CN.dta","da048","numeric","通常使用的产品","","da048 通常使用的产品"
"translated_combined_w5","restricted_source/w5_charls_CN.dta","da049","numeric","完全戒烟的时间","","da049 完全戒烟的时间"
"translated_combined_w5","restricted_source/w5_charls_CN.dta","da049_1","numeric","年龄","","da049_1 年龄"
"translated_combined_w5","restricted_source/w5_charls_CN.dta","da049_2","numeric","年份","","da049_2 年份"
"translated_combined_w5","restricted_source/w5_charls_CN.dta","da050_1","numeric","每天当前吸烟的香烟数量","","da050_1 每天当前吸烟的香烟数量"
"translated_combined_w5","restricted_source/w5_charls_CN.dta","da050_2","numeric","戒烟前每天吸烟的香烟数量","","da050_2 戒烟前每天吸烟的香烟数量"
"translated_combined_w5","restricted_source/w5_charls_CN.dta","da051","numeric","过去一年饮酒的频率","","da051 过去一年饮酒的频率"
"translated_combined_w5","restricted_source/w5_charls_CN.dta","da052","numeric","过去一年每月饮酒频率","","da052 过去一年每月饮酒频率"
"translated_combined_w5","restricted_source/w5_charls_CN.dta","db001","numeric","穿衣困难","","db001 穿衣困难"
"translated_combined_w5","restricted_source/w5_charls_CN.dta","db002","numeric","是否曾有人提供帮助","","db002 是否曾有人提供帮助"
"translated_combined_w5","restricted_source/w5_charls_CN.dta","db003","numeric","洗澡或淋浴困难","","db003 洗澡或淋浴困难"
"translated_combined_w5","restricted_source/w5_charls_CN.dta","db004","numeric","是否曾有人提供帮助","","db004 是否曾有人提供帮助"
"translated_combined_w5","restricted_source/w5_charls_CN.dta","db005","numeric","进食困难","","db005 进食困难"
"translated_combined_w5","restricted_source/w5_charls_CN.dta","db006","numeric","是否曾有人提供帮助","","db006 是否曾有人提供帮助"
"translated_combined_w5","restricted_source/w5_charls_CN.dta","db007","numeric","上下床困难","","db007 上下床困难"
"translated_combined_w5","restricted_source/w5_charls_CN.dta","db008","numeric","是否曾有人提供帮助","","db008 是否曾有人提供帮助"
"translated_combined_w5","restricted_source/w5_charls_CN.dta","db009","numeric","使用厕所困难","","db009 使用厕所困难"
"translated_combined_w5","restricted_source/w5_charls_CN.dta","db010","numeric","是否曾有人提供帮助","","db010 是否曾有人提供帮助"
"translated_combined_w5","restricted_source/w5_charls_CN.dta","db011","numeric","控制排尿和排便困难","","db011 控制排尿和排便困难"
"translated_combined_w5","restricted_source/w5_charls_CN.dta","db012","numeric","家庭琐事困难","","db012 家庭琐事困难"
"translated_combined_w5","restricted_source/w5_charls_CN.dta","db013","numeric","是否曾有人提供帮助","","db013 是否曾有人提供帮助"
"translated_combined_w5","restricted_source/w5_charls_CN.dta","db014","numeric","准备热餐困难","","db014 准备热餐困难"
"translated_combined_w5","restricted_source/w5_charls_CN.dta","db015","numeric","是否曾有人提供帮助","","db015 是否曾有人提供帮助"
"translated_combined_w5","restricted_source/w5_charls_CN.dta","db016","numeric","购物困难","","db016 购物困难"
"translated_combined_w5","restricted_source/w5_charls_CN.dta","db017","numeric","曾经有人帮助过吗？","","db017 曾经有人帮助过吗？"
"translated_combined_w5","restricted_source/w5_charls_CN.dta","db018","numeric","拨打电话的困难","","db018 拨打电话的困难"
"translated_combined_w5","restricted_source/w5_charls_CN.dta","db019","numeric","曾经有人帮助过吗？","","db019 曾经有人帮助过吗？"
"translated_combined_w5","restricted_source/w5_charls_CN.dta","db020","numeric","服药的困难","","db020 服药的困难"
"translated_combined_w5","restricted_source/w5_charls_CN.dta","db021","numeric","曾经有人帮助过吗？","","db021 曾经有人帮助过吗？"
"translated_combined_w5","restricted_source/w5_charls_CN.dta","db022","numeric","管理金钱的困难","","db022 管理金钱的困难"
"translated_combined_w5","restricted_source/w5_charls_CN.dta","db023","numeric","曾经有人帮助过吗？","","db023 曾经有人帮助过吗？"
"translated_combined_w5","restricted_source/w5_charls_CN.dta","db024_s1","numeric","帮助者[1]","","db024_s1 帮助者[1]"
"translated_combined_w5","restricted_source/w5_charls_CN.dta","db024_s2","numeric","帮助者[2]","","db024_s2 帮助者[2]"
"translated_combined_w5","restricted_source/w5_charls_CN.dta","db024_s3","numeric","帮助者[3]","","db024_s3 帮助者[3]"
"translated_combined_w5","restricted_source/w5_charls_CN.dta","db024_s4","numeric","帮助者[4]","","db024_s4 帮助者[4]"
"translated_combined_w5","restricted_source/w5_charls_CN.dta","db024_s5","numeric","帮助者[5]","","db024_s5 帮助者[5]"
"translated_combined_w5","restricted_source/w5_charls_CN.dta","db024_s6","numeric","帮助者[6]","","db024_s6 帮助者[6]"
"translated_combined_w5","restricted_source/w5_charls_CN.dta","db024_s7","numeric","帮助者[7]","","db024_s7 帮助者[7]"
"translated_combined_w5","restricted_source/w5_charls_CN.dta","db024_s8","numeric","帮助者[8]","","db024_s8 帮助者[8]"
"translated_combined_w5","restricted_source/w5_charls_CN.dta","db024_s9","numeric","帮助者[9]","","db024_s9 帮助者[9]"
"translated_combined_w5","restricted_source/w5_charls_CN.dta","db024_s10","numeric","帮助者[10]","","db024_s10 帮助者[10]"
"translated_combined_w5","restricted_source/w5_charls_CN.dta","db024_s11","numeric","助手[11]","","db024_s11 助手[11]"
"translated_combined_w5","restricted_source/w5_charls_CN.dta","db024_1","numeric","付费助手数量","","db024_1 付费助手数量"
"translated_combined_w5","restricted_source/w5_charls_CN.dta","db025_s1","numeric","谁帮助得最多","","db025_s1 谁帮助得最多"
"translated_combined_w5","restricted_source/w5_charls_CN.dta","db025_s2","numeric","谁帮助得最多","","db025_s2 谁帮助得最多"
"translated_combined_w5","restricted_source/w5_charls_CN.dta","db025_s3","numeric","谁帮助得最多","","db025_s3 谁帮助得最多"
"translated_combined_w5","restricted_source/w5_charls_CN.dta","db025_s4","numeric","谁帮助得最多","","db025_s4 谁帮助得最多"
"translated_combined_w5","restricted_source/w5_charls_CN.dta","db026_s1","numeric","哪个孩子的家庭提供了帮助","","db026_s1 哪个孩子的家庭提供了帮助"
"translated_combined_w5","restricted_source/w5_charls_CN.dta","db026_s2","numeric","哪个孩子的家庭提供了帮助","","db026_s2 哪个孩子的家庭提供了帮助"
"translated_combined_w5","restricted_source/w5_charls_CN.dta","db026_s3","numeric","哪个孩子的家庭提供了帮助","","db026_s3 哪个孩子的家庭提供了帮助"
"translated_combined_w5","restricted_source/w5_charls_CN.dta","db026_s4","numeric","哪个孩子的家庭提供了帮助","","db026_s4 哪个孩子的家庭提供了帮助"
"translated_combined_w5","restricted_source/w5_charls_CN.dta","db026_s5","numeric","哪个孩子的家庭提供了帮助","","db026_s5 哪个孩子的家庭提供了帮助"
"translated_combined_w5","restricted_source/w5_charls_CN.dta","db026_s6","numeric","哪个孩子的家庭提供了帮助","","db026_s6 哪个孩子的家庭提供了帮助"
"translated_combined_w5","restricted_source/w5_charls_CN.dta","db026_s7","numeric","哪个孩子的家庭提供了帮助","","db026_s7 哪个孩子的家庭提供了帮助"
"translated_combined_w5","restricted_source/w5_charls_CN.dta","db026_s8","numeric","哪个孩子的家庭提供了帮助","","db026_s8 哪个孩子的家庭提供了帮助"
"translated_combined_w5","restricted_source/w5_charls_CN.dta","db026_s9","numeric","哪个孩子的家庭提供了帮助","","db026_s9 哪个孩子的家庭提供了帮助"
"translated_combined_w5","restricted_source/w5_charls_CN.dta","db026_s10","numeric","哪个孩子的家庭提供了帮助","","db026_s10 哪个孩子的家庭提供了帮助"
"translated_combined_w5","restricted_source/w5_charls_CN.dta","db026_s11","numeric","哪个孩子的家庭提供了帮助","","db026_s11 哪个孩子的家庭提供了帮助"
"translated_combined_w5","restricted_source/w5_charls_CN.dta","db026_s12","numeric","哪个孩子的家庭提供了帮助","","db026_s12 哪个孩子的家庭提供了帮助"
"translated_combined_w5","restricted_source/w5_charls_CN.dta","db026_s13","numeric","哪个孩子的家庭提供了帮助","","db026_s13 哪个孩子的家庭提供了帮助"
"translated_combined_w5","restricted_source/w5_charls_CN.dta","db026_s14","numeric","哪个孩子的家庭提供了帮助","","db026_s14 哪个孩子的家庭提供了帮助"
"translated_combined_w5","restricted_source/w5_charls_CN.dta","db026_s15","numeric","哪个孩子的家庭提供了帮助","","db026_s15 哪个孩子的家庭提供了帮助"
"translated_combined_w5","restricted_source/w5_charls_CN.dta","db026_s16","numeric","哪个孩子的家庭提供了帮助","","db026_s16 哪个孩子的家庭提供了帮助"
"translated_combined_w5","restricted_source/w5_charls_CN.dta","db026_s17","numeric","哪个孩子的家庭提供了帮助","","db026_s17 哪个孩子的家庭提供了帮助"
"translated_combined_w5","restricted_source/w5_charls_CN.dta","db026_s18","numeric","哪个孩子的家庭提供了帮助","","db026_s18 哪个孩子的家庭提供了帮助"
"translated_combined_w5","restricted_source/w5_charls_CN.dta","db026_s19","numeric","哪个孩子的家庭提供了帮助","","db026_s19 哪个孩子的家庭提供了帮助"
"translated_combined_w5","restricted_source/w5_charls_CN.dta","db026_s20","numeric","哪个孩子的家庭提供了帮助","","db026_s20 哪个孩子的家庭提供了帮助"
"translated_combined_w5","restricted_source/w5_charls_CN.dta","db026_s21","numeric","哪个孩子的家庭提供了帮助","","db026_s21 哪个孩子的家庭提供了帮助"
"translated_combined_w5","restricted_source/w5_charls_CN.dta","db026_s22","numeric","哪个孩子的家庭提供了帮助","","db026_s22 哪个孩子的家庭提供了帮助"
"translated_combined_w5","restricted_source/w5_charls_CN.dta","db026_s23","numeric","哪个孩子的家庭提供了帮助","","db026_s23 哪个孩子的家庭提供了帮助"
"translated_combined_w5","restricted_source/w5_charls_CN.dta","db026_s24","numeric","哪个孩子的家庭提供了帮助","","db026_s24 哪个孩子的家庭提供了帮助"
"translated_combined_w5","restricted_source/w5_charls_CN.dta","db026_s25","numeric","哪个孩子的家庭提供了帮助","","db026_s25 哪个孩子的家庭提供了帮助"
"translated_combined_w5","restricted_source/w5_charls_CN.dta","db026_s26","numeric","哪个孩子的家庭提供了帮助","","db026_s26 哪个孩子的家庭提供了帮助"
"translated_combined_w5","restricted_source/w5_charls_CN.dta","db026_s27","numeric","哪个孩子的家庭提供了帮助","","db026_s27 哪个孩子的家庭提供了帮助"
"translated_combined_w5","restricted_source/w5_charls_CN.dta","db026_s28","numeric","哪个孩子的家庭提供了帮助","","db026_s28 哪个孩子的家庭提供了帮助"
"translated_combined_w5","restricted_source/w5_charls_CN.dta","db026_s29","numeric","哪个孩子的家庭提供了帮助","","db026_s29 哪个孩子的家庭提供了帮助"
"translated_combined_w5","restricted_source/w5_charls_CN.dta","db026_s30","numeric","哪个孩子的家庭提供了帮助","","db026_s30 哪个孩子的家庭提供了帮助"
"translated_combined_w5","restricted_source/w5_charls_CN.dta","db026_s31","numeric","哪个孩子的家庭提供了帮助","","db026_s31 哪个孩子的家庭提供了帮助"
"translated_combined_w5","restricted_source/w5_charls_CN.dta","db026_s32","numeric","哪个孩子的家庭提供了帮助","","db026_s32 哪个孩子的家庭提供了帮助"
"translated_combined_w5","restricted_source/w5_charls_CN.dta","db026_s33","numeric","哪个孩子的家庭提供了帮助","","db026_s33 哪个孩子的家庭提供了帮助"
"translated_combined_w5","restricted_source/w5_charls_CN.dta","db026_s34","numeric","哪个孩子的家庭提供了帮助","","db026_s34 哪个孩子的家庭提供了帮助"
"translated_combined_w5","restricted_source/w5_charls_CN.dta","db026_s35","numeric","哪个孩子的家庭提供了帮助","","db026_s35 哪个孩子的家庭提供了帮助"
"translated_combined_w5","restricted_source/w5_charls_CN.dta","db027_1__s1","numeric","谁在孩子[1]的家庭中提供了帮助","","db027_1__s1 谁在孩子[1]的家庭中提供了帮助"
"translated_combined_w5","restricted_source/w5_charls_CN.dta","db027_1__s2","numeric","谁在儿童[1]的家庭中提供帮助","","db027_1__s2 谁在儿童[1]的家庭中提供帮助"
"translated_combined_w5","restricted_source/w5_charls_CN.dta","db027_1__s3","numeric","谁在儿童[1]的家庭中提供帮助","","db027_1__s3 谁在儿童[1]的家庭中提供帮助"
"translated_combined_w5","restricted_source/w5_charls_CN.dta","db027_2__s1","numeric","谁在儿童[2]的家庭中提供帮助","","db027_2__s1 谁在儿童[2]的家庭中提供帮助"
"translated_combined_w5","restricted_source/w5_charls_CN.dta","db027_2__s2","numeric","谁在儿童[2]的家庭中提供帮助","","db027_2__s2 谁在儿童[2]的家庭中提供帮助"
"translated_combined_w5","restricted_source/w5_charls_CN.dta","db027_2__s3","numeric","谁在儿童[2]的家庭中提供帮助","","db027_2__s3 谁在儿童[2]的家庭中提供帮助"
"translated_combined_w5","restricted_source/w5_charls_CN.dta","db027_3__s1","numeric","谁在儿童[3]的家庭中提供帮助","","db027_3__s1 谁在儿童[3]的家庭中提供帮助"
"translated_combined_w5","restricted_source/w5_charls_CN.dta","db027_3__s2","numeric","谁在儿童[3]的家庭中提供帮助","","db027_3__s2 谁在儿童[3]的家庭中提供帮助"
"translated_combined_w5","restricted_source/w5_charls_CN.dta","db027_3__s3","numeric","谁在儿童[3]的家庭中提供帮助","","db027_3__s3 谁在儿童[3]的家庭中提供帮助"
"translated_combined_w5","restricted_source/w5_charls_CN.dta","db027_4__s1","numeric","谁在儿童[4]的家庭中提供帮助","","db027_4__s1 谁在儿童[4]的家庭中提供帮助"
"translated_combined_w5","restricted_source/w5_charls_CN.dta","db027_4__s2","numeric","谁在儿童[4]的家庭中提供帮助","","db027_4__s2 谁在儿童[4]的家庭中提供帮助"
"translated_combined_w5","restricted_source/w5_charls_CN.dta","db027_4__s3","numeric","谁在儿童[4]的家庭中提供帮助","","db027_4__s3 谁在儿童[4]的家庭中提供帮助"
"translated_combined_w5","restricted_source/w5_charls_CN.dta","db027_5__s1","numeric","谁在儿童[5]的家庭中提供帮助","","db027_5__s1 谁在儿童[5]的家庭中提供帮助"
"translated_combined_w5","restricted_source/w5_charls_CN.dta","db027_5__s2","numeric","谁在儿童[5]的家庭中提供帮助","","db027_5__s2 谁在儿童[5]的家庭中提供帮助"
"translated_combined_w5","restricted_source/w5_charls_CN.dta","db027_5__s3","numeric","谁在儿童[5]的家庭中提供帮助","","db027_5__s3 谁在儿童[5]的家庭中提供帮助"
"translated_combined_w5","restricted_source/w5_charls_CN.dta","db027_6__s1","numeric","谁在儿童[6]的家庭中提供帮助","","db027_6__s1 谁在儿童[6]的家庭中提供帮助"
"translated_combined_w5","restricted_source/w5_charls_CN.dta","db027_6__s2","numeric","谁在儿童[6]的家庭中提供帮助","","db027_6__s2 谁在儿童[6]的家庭中提供帮助"
"translated_combined_w5","restricted_source/w5_charls_CN.dta","db027_6__s3","numeric","谁在儿童[6]的家庭中提供帮助","","db027_6__s3 谁在儿童[6]的家庭中提供帮助"
"translated_combined_w5","restricted_source/w5_charls_CN.dta","db027_7__s1","numeric","谁在儿童[7]的家庭中提供帮助","","db027_7__s1 谁在儿童[7]的家庭中提供帮助"
"translated_combined_w5","restricted_source/w5_charls_CN.dta","db027_7__s2","numeric","谁在儿童[7]的家庭中提供帮助","","db027_7__s2 谁在儿童[7]的家庭中提供帮助"
"translated_combined_w5","restricted_source/w5_charls_CN.dta","db027_7__s3","numeric","谁在儿童[7]的家庭中提供帮助","","db027_7__s3 谁在儿童[7]的家庭中提供帮助"
"translated_combined_w5","restricted_source/w5_charls_CN.dta","db027_8__s1","numeric","谁在儿童[8]的家庭中提供帮助","","db027_8__s1 谁在儿童[8]的家庭中提供帮助"
"translated_combined_w5","restricted_source/w5_charls_CN.dta","db027_8__s2","numeric","谁在儿童[8]的家庭中提供帮助","","db027_8__s2 谁在儿童[8]的家庭中提供帮助"
"translated_combined_w5","restricted_source/w5_charls_CN.dta","db027_8__s3","numeric","谁在儿童[8]的家庭中提供帮助","","db027_8__s3 谁在儿童[8]的家庭中提供帮助"
"translated_combined_w5","restricted_source/w5_charls_CN.dta","db027_9__s1","numeric","谁在儿童[9]的家庭中提供帮助","","db027_9__s1 谁在儿童[9]的家庭中提供帮助"
"translated_combined_w5","restricted_source/w5_charls_CN.dta","db027_9__s2","numeric","谁在儿童[9]的家庭中提供帮助","","db027_9__s2 谁在儿童[9]的家庭中提供帮助"
"translated_combined_w5","restricted_source/w5_charls_CN.dta","db027_9__s3","numeric","谁在儿童[9]的家庭中提供帮助","","db027_9__s3 谁在儿童[9]的家庭中提供帮助"
"translated_combined_w5","restricted_source/w5_charls_CN.dta","db027_10__s1","numeric","谁在儿童[10]的家庭中提供帮助","","db027_10__s1 谁在儿童[10]的家庭中提供帮助"
"translated_combined_w5","restricted_source/w5_charls_CN.dta","db027_10__s2","numeric","谁在儿童[10]的家庭中提供帮助","","db027_10__s2 谁在儿童[10]的家庭中提供帮助"
"translated_combined_w5","restricted_source/w5_charls_CN.dta","db027_10__s3","numeric","谁在儿童[10]的家庭中提供帮助","","db027_10__s3 谁在儿童[10]的家庭中提供帮助"
"translated_combined_w5","restricted_source/w5_charls_CN.dta","db027_11__s1","numeric","谁在儿童[11]的家庭中提供帮助","","db027_11__s1 谁在儿童[11]的家庭中提供帮助"
"translated_combined_w5","restricted_source/w5_charls_CN.dta","db027_11__s2","numeric","谁在儿童[11]的家庭中提供帮助","","db027_11__s2 谁在儿童[11]的家庭中提供帮助"
"translated_combined_w5","restricted_source/w5_charls_CN.dta","db027_11__s3","numeric","谁在儿童[11]的家庭中提供帮助","","db027_11__s3 谁在儿童[11]的家庭中提供帮助"
"translated_combined_w5","restricted_source/w5_charls_CN.dta","db027_12__s1","numeric","谁在儿童[12]的家庭中提供帮助","","db027_12__s1 谁在儿童[12]的家庭中提供帮助"
"translated_combined_w5","restricted_source/w5_charls_CN.dta","db027_12__s2","numeric","谁在儿童[12]的家庭中提供帮助","","db027_12__s2 谁在儿童[12]的家庭中提供帮助"
"translated_combined_w5","restricted_source/w5_charls_CN.dta","db027_12__s3","numeric","谁在儿童[12]的家庭中提供帮助","","db027_12__s3 谁在儿童[12]的家庭中提供帮助"
"translated_combined_w5","restricted_source/w5_charls_CN.dta","db027_13__s1","numeric","谁在儿童[13]的家庭中提供帮助","","db027_13__s1 谁在儿童[13]的家庭中提供帮助"
"translated_combined_w5","restricted_source/w5_charls_CN.dta","db027_13__s2","numeric","谁在儿童[13]的家庭中提供帮助","","db027_13__s2 谁在儿童[13]的家庭中提供帮助"
"translated_combined_w5","restricted_source/w5_charls_CN.dta","db027_13__s3","numeric","谁在儿童[13]的家庭中提供帮助","","db027_13__s3 谁在儿童[13]的家庭中提供帮助"
"translated_combined_w5","restricted_source/w5_charls_CN.dta","db027_14__s1","numeric","谁在儿童[14]的家庭中提供帮助","","db027_14__s1 谁在儿童[14]的家庭中提供帮助"
"translated_combined_w5","restricted_source/w5_charls_CN.dta","db027_14__s2","numeric","谁在儿童[14]的家庭中提供帮助","","db027_14__s2 谁在儿童[14]的家庭中提供帮助"
"translated_combined_w5","restricted_source/w5_charls_CN.dta","db027_14__s3","numeric","谁在儿童[14]的家庭中提供帮助","","db027_14__s3 谁在儿童[14]的家庭中提供帮助"
"translated_combined_w5","restricted_source/w5_charls_CN.dta","db027_15__s1","numeric","谁在儿童[15]的家庭中提供帮助","","db027_15__s1 谁在儿童[15]的家庭中提供帮助"
"translated_combined_w5","restricted_source/w5_charls_CN.dta","db027_15__s2","numeric","谁在儿童[15]的家庭中提供帮助","","db027_15__s2 谁在儿童[15]的家庭中提供帮助"
"translated_combined_w5","restricted_source/w5_charls_CN.dta","db027_15__s3","numeric","谁在儿童[15]的家庭中提供帮助","","db027_15__s3 谁在儿童[15]的家庭中提供帮助"
"translated_combined_w5","restricted_source/w5_charls_CN.dta","db027_16__s1","numeric","谁在儿童[16]的家庭中提供帮助","","db027_16__s1 谁在儿童[16]的家庭中提供帮助"
"translated_combined_w5","restricted_source/w5_charls_CN.dta","db027_16__s2","numeric","谁在儿童[16]的家庭中提供帮助","","db027_16__s2 谁在儿童[16]的家庭中提供帮助"
"translated_combined_w5","restricted_source/w5_charls_CN.dta","db027_16__s3","numeric","谁在儿童[16]的家庭中提供帮助","","db027_16__s3 谁在儿童[16]的家庭中提供帮助"
"translated_combined_w5","restricted_source/w5_charls_CN.dta","db027_17__s1","numeric","谁在儿童[17]的家庭中提供帮助","","db027_17__s1 谁在儿童[17]的家庭中提供帮助"
"translated_combined_w5","restricted_source/w5_charls_CN.dta","db027_17__s2","numeric","谁在儿童[17]的家庭中提供帮助","","db027_17__s2 谁在儿童[17]的家庭中提供帮助"
"translated_combined_w5","restricted_source/w5_charls_CN.dta","db027_17__s3","numeric","谁在儿童[17]的家庭中提供帮助","","db027_17__s3 谁在儿童[17]的家庭中提供帮助"
"translated_combined_w5","restricted_source/w5_charls_CN.dta","db027_18__s1","numeric","谁在儿童[18]的家庭中提供帮助","","db027_18__s1 谁在儿童[18]的家庭中提供帮助"
"translated_combined_w5","restricted_source/w5_charls_CN.dta","db027_18__s2","numeric","谁在儿童[18]的家庭中提供帮助","","db027_18__s2 谁在儿童[18]的家庭中提供帮助"
"translated_combined_w5","restricted_source/w5_charls_CN.dta","db027_18__s3","numeric","谁在儿童[18]的家庭中提供帮助","","db027_18__s3 谁在儿童[18]的家庭中提供帮助"
"translated_combined_w5","restricted_source/w5_charls_CN.dta","db027_19__s1","numeric","谁在儿童[19]的家庭中提供帮助","","db027_19__s1 谁在儿童[19]的家庭中提供帮助"
"translated_combined_w5","restricted_source/w5_charls_CN.dta","db027_19__s2","numeric","谁在儿童[19]的家庭中提供帮助","","db027_19__s2 谁在儿童[19]的家庭中提供帮助"
"translated_combined_w5","restricted_source/w5_charls_CN.dta","db027_19__s3","numeric","谁在儿童[19]的家庭中提供帮助","","db027_19__s3 谁在儿童[19]的家庭中提供帮助"
"translated_combined_w5","restricted_source/w5_charls_CN.dta","db027_20__s1","numeric","谁在儿童[20]的家庭中提供帮助","","db027_20__s1 谁在儿童[20]的家庭中提供帮助"
"translated_combined_w5","restricted_source/w5_charls_CN.dta","db027_20__s2","numeric","谁在儿童[20]的家庭中提供帮助","","db027_20__s2 谁在儿童[20]的家庭中提供帮助"
"translated_combined_w5","restricted_source/w5_charls_CN.dta","db027_20__s3","numeric","谁在儿童[20]的家庭中提供帮助","","db027_20__s3 谁在儿童[20]的家庭中提供帮助"
"translated_combined_w5","restricted_source/w5_charls_CN.dta","db027_21__s1","numeric","谁在儿童[21]的家庭中提供帮助","","db027_21__s1 谁在儿童[21]的家庭中提供帮助"
"translated_combined_w5","restricted_source/w5_charls_CN.dta","db027_21__s2","numeric","谁在儿童[21]的家庭中提供帮助","","db027_21__s2 谁在儿童[21]的家庭中提供帮助"
"translated_combined_w5","restricted_source/w5_charls_CN.dta","db027_21__s3","numeric","谁在儿童[21]的家庭中提供帮助","","db027_21__s3 谁在儿童[21]的家庭中提供帮助"
"translated_combined_w5","restricted_source/w5_charls_CN.dta","db027_22__s1","numeric","谁在儿童[22]的家庭中提供帮助","","db027_22__s1 谁在儿童[22]的家庭中提供帮助"
"translated_combined_w5","restricted_source/w5_charls_CN.dta","db027_22__s2","numeric","谁在儿童[22]的家庭中提供帮助","","db027_22__s2 谁在儿童[22]的家庭中提供帮助"
"translated_combined_w5","restricted_source/w5_charls_CN.dta","db027_22__s3","numeric","谁在儿童[22]的家庭中提供帮助","","db027_22__s3 谁在儿童[22]的家庭中提供帮助"
"translated_combined_w5","restricted_source/w5_charls_CN.dta","db027_23__s1","numeric","谁在儿童[23]的家庭中提供帮助","","db027_23__s1 谁在儿童[23]的家庭中提供帮助"
"translated_combined_w5","restricted_source/w5_charls_CN.dta","db027_23__s2","numeric","谁在儿童[23]的家庭中提供帮助","","db027_23__s2 谁在儿童[23]的家庭中提供帮助"
"translated_combined_w5","restricted_source/w5_charls_CN.dta","db027_23__s3","numeric","谁在儿童[23]的家庭中提供帮助","","db027_23__s3 谁在儿童[23]的家庭中提供帮助"
"translated_combined_w5","restricted_source/w5_charls_CN.dta","db027_24__s1","numeric","谁在儿童[24]的家庭中提供帮助","","db027_24__s1 谁在儿童[24]的家庭中提供帮助"
"translated_combined_w5","restricted_source/w5_charls_CN.dta","db027_24__s2","numeric","谁在儿童[24]的家庭中提供帮助","","db027_24__s2 谁在儿童[24]的家庭中提供帮助"
"translated_combined_w5","restricted_source/w5_charls_CN.dta","db027_24__s3","numeric","谁在儿童[24]的家庭中提供帮助","","db027_24__s3 谁在儿童[24]的家庭中提供帮助"
"translated_combined_w5","restricted_source/w5_charls_CN.dta","db027_25__s1","numeric","谁在儿童[25]的家庭中提供帮助","","db027_25__s1 谁在儿童[25]的家庭中提供帮助"
"translated_combined_w5","restricted_source/w5_charls_CN.dta","db027_25__s2","numeric","谁在儿童[25]的家庭中提供帮助","","db027_25__s2 谁在儿童[25]的家庭中提供帮助"
"translated_combined_w5","restricted_source/w5_charls_CN.dta","db027_25__s3","numeric","谁在儿童[25]的家庭中提供帮助","","db027_25__s3 谁在儿童[25]的家庭中提供帮助"
"translated_combined_w5","restricted_source/w5_charls_CN.dta","db027_26__s1","numeric","谁在儿童[26]的家庭中提供帮助","","db027_26__s1 谁在儿童[26]的家庭中提供帮助"
"translated_combined_w5","restricted_source/w5_charls_CN.dta","db027_26__s2","numeric","谁在儿童[26]的家庭中提供帮助","","db027_26__s2 谁在儿童[26]的家庭中提供帮助"
"translated_combined_w5","restricted_source/w5_charls_CN.dta","db027_26__s3","numeric","谁在儿童[26]的家庭中提供帮助","","db027_26__s3 谁在儿童[26]的家庭中提供帮助"
"translated_combined_w5","restricted_source/w5_charls_CN.dta","db027_27__s1","numeric","谁在儿童[27]的家庭中提供帮助","","db027_27__s1 谁在儿童[27]的家庭中提供帮助"
"translated_combined_w5","restricted_source/w5_charls_CN.dta","db027_27__s2","numeric","谁在儿童[27]的家庭中提供帮助","","db027_27__s2 谁在儿童[27]的家庭中提供帮助"
"translated_combined_w5","restricted_source/w5_charls_CN.dta","db027_27__s3","numeric","谁在儿童[27]的家庭中提供帮助","","db027_27__s3 谁在儿童[27]的家庭中提供帮助"
"translated_combined_w5","restricted_source/w5_charls_CN.dta","db027_28__s1","numeric","谁在儿童[28]的家庭中提供帮助","","db027_28__s1 谁在儿童[28]的家庭中提供帮助"
"translated_combined_w5","restricted_source/w5_charls_CN.dta","db027_28__s2","numeric","谁在儿童[28]的家庭中提供帮助","","db027_28__s2 谁在儿童[28]的家庭中提供帮助"
"translated_combined_w5","restricted_source/w5_charls_CN.dta","db027_28__s3","numeric","谁在儿童[28]的家庭中提供帮助","","db027_28__s3 谁在儿童[28]的家庭中提供帮助"
"translated_combined_w5","restricted_source/w5_charls_CN.dta","db027_29__s1","numeric","谁在儿童[29]的家庭中提供帮助","","db027_29__s1 谁在儿童[29]的家庭中提供帮助"
"translated_combined_w5","restricted_source/w5_charls_CN.dta","db027_29__s2","numeric","谁在儿童[29]的家庭中提供帮助","","db027_29__s2 谁在儿童[29]的家庭中提供帮助"
"translated_combined_w5","restricted_source/w5_charls_CN.dta","db027_29__s3","numeric","谁在儿童[29]的家庭中提供帮助","","db027_29__s3 谁在儿童[29]的家庭中提供帮助"
"translated_combined_w5","restricted_source/w5_charls_CN.dta","db027_30__s1","numeric","谁在儿童[30]的家庭中提供帮助","","db027_30__s1 谁在儿童[30]的家庭中提供帮助"
"translated_combined_w5","restricted_source/w5_charls_CN.dta","db027_30__s2","numeric","谁在儿童[30]的家庭中提供帮助","","db027_30__s2 谁在儿童[30]的家庭中提供帮助"
"translated_combined_w5","restricted_source/w5_charls_CN.dta","db027_30__s3","numeric","谁在儿童[30]的家庭中提供帮助","","db027_30__s3 谁在儿童[30]的家庭中提供帮助"
"translated_combined_w5","restricted_source/w5_charls_CN.dta","db027_31__s1","numeric","谁在儿童[31]的家庭中提供帮助","","db027_31__s1 谁在儿童[31]的家庭中提供帮助"
"translated_combined_w5","restricted_source/w5_charls_CN.dta","db027_31__s2","numeric","谁在儿童[31]的家庭中提供帮助？","","db027_31__s2 谁在儿童[31]的家庭中提供帮助？"
"translated_combined_w5","restricted_source/w5_charls_CN.dta","db027_31__s3","numeric","谁在儿童[31]的家庭中提供帮助？","","db027_31__s3 谁在儿童[31]的家庭中提供帮助？"
"translated_combined_w5","restricted_source/w5_charls_CN.dta","db027_32__s1","numeric","谁在儿童[32]的家庭中提供帮助？","","db027_32__s1 谁在儿童[32]的家庭中提供帮助？"
"translated_combined_w5","restricted_source/w5_charls_CN.dta","db027_32__s2","numeric","谁在儿童[32]的家庭中提供帮助？","","db027_32__s2 谁在儿童[32]的家庭中提供帮助？"
"translated_combined_w5","restricted_source/w5_charls_CN.dta","db027_32__s3","numeric","谁在儿童[32]的家庭中提供帮助？","","db027_32__s3 谁在儿童[32]的家庭中提供帮助？"
"translated_combined_w5","restricted_source/w5_charls_CN.dta","db027_33__s1","numeric","谁在儿童[33]的家庭中提供帮助？","","db027_33__s1 谁在儿童[33]的家庭中提供帮助？"
"translated_combined_w5","restricted_source/w5_charls_CN.dta","db027_33__s2","numeric","谁在儿童[33]的家庭中提供帮助？","","db027_33__s2 谁在儿童[33]的家庭中提供帮助？"
"translated_combined_w5","restricted_source/w5_charls_CN.dta","db027_33__s3","numeric","谁在儿童[33]的家庭中提供帮助？","","db027_33__s3 谁在儿童[33]的家庭中提供帮助？"
"translated_combined_w5","restricted_source/w5_charls_CN.dta","db027_34__s1","numeric","谁在儿童[34]的家庭中提供帮助？","","db027_34__s1 谁在儿童[34]的家庭中提供帮助？"
"translated_combined_w5","restricted_source/w5_charls_CN.dta","db027_34__s2","numeric","谁在儿童[34]的家庭中提供帮助？","","db027_34__s2 谁在儿童[34]的家庭中提供帮助？"
"translated_combined_w5","restricted_source/w5_charls_CN.dta","db027_34__s3","numeric","谁在儿童[34]的家庭中提供帮助","","db027_34__s3 谁在儿童[34]的家庭中提供帮助"
"translated_combined_w5","restricted_source/w5_charls_CN.dta","db027_35__s1","numeric","谁在儿童[35]的家庭中提供帮助","","db027_35__s1 谁在儿童[35]的家庭中提供帮助"
"translated_combined_w5","restricted_source/w5_charls_CN.dta","db027_35__s2","numeric","谁在儿童[35]的家庭中提供帮助","","db027_35__s2 谁在儿童[35]的家庭中提供帮助"
"translated_combined_w5","restricted_source/w5_charls_CN.dta","db027_35__s3","numeric","谁在儿童[35]的家庭中提供帮助","","db027_35__s3 谁在儿童[35]的家庭中提供帮助"
"translated_combined_w5","restricted_source/w5_charls_CN.dta","db027_1_1_","numeric","帮助的儿童数量","","db027_1_1_ 帮助的儿童数量"
"translated_combined_w5","restricted_source/w5_charls_CN.dta","db027_1_2_","numeric","帮助的儿童数量","","db027_1_2_ 帮助的儿童数量"
"translated_combined_w5","restricted_source/w5_charls_CN.dta","db027_1_3_","numeric","帮助的儿童数量","","db027_1_3_ 帮助的儿童数量"
"translated_combined_w5","restricted_source/w5_charls_CN.dta","db027_1_4_","numeric","帮助的儿童数量","","db027_1_4_ 帮助的儿童数量"
"translated_combined_w5","restricted_source/w5_charls_CN.dta","db027_1_5_","numeric","帮助的儿童数量","","db027_1_5_ 帮助的儿童数量"
"translated_combined_w5","restricted_source/w5_charls_CN.dta","db027_1_6_","numeric","帮助的儿童数量","","db027_1_6_ 帮助的儿童数量"
"translated_combined_w5","restricted_source/w5_charls_CN.dta","db027_1_7_","numeric","帮助的儿童数量","","db027_1_7_ 帮助的儿童数量"
"translated_combined_w5","restricted_source/w5_charls_CN.dta","db027_1_8_","numeric","帮助的儿童数量","","db027_1_8_ 帮助的儿童数量"
"translated_combined_w5","restricted_source/w5_charls_CN.dta","db027_1_9_","numeric","帮助的儿童数量","","db027_1_9_ 帮助的儿童数量"
"translated_combined_w5","restricted_source/w5_charls_CN.dta","db027_1_10_","character","帮助的儿童数量","","db027_1_10_ 帮助的儿童数量"
"translated_combined_w5","restricted_source/w5_charls_CN.dta","db027_1_11_","character","帮助的儿童数量","","db027_1_11_ 帮助的儿童数量"
"translated_combined_w5","restricted_source/w5_charls_CN.dta","db027_1_12_","character","帮助的儿童数量","","db027_1_12_ 帮助的儿童数量"
"translated_combined_w5","restricted_source/w5_charls_CN.dta","db027_1_13_","numeric","帮助的儿童数量","","db027_1_13_ 帮助的儿童数量"
"translated_combined_w5","restricted_source/w5_charls_CN.dta","db027_1_14_","character","帮助的儿童数量","","db027_1_14_ 帮助的儿童数量"
"translated_combined_w5","restricted_source/w5_charls_CN.dta","db027_1_15_","character","帮助的儿童数量","","db027_1_15_ 帮助的儿童数量"
"translated_combined_w5","restricted_source/w5_charls_CN.dta","db027_1_16_","character","帮助的儿童数量","","db027_1_16_ 帮助的儿童数量"
"translated_combined_w5","restricted_source/w5_charls_CN.dta","db027_1_17_","character","帮助的儿童数量","","db027_1_17_ 帮助的儿童数量"
"translated_combined_w5","restricted_source/w5_charls_CN.dta","db027_1_18_","character","帮助的儿童数量","","db027_1_18_ 帮助的儿童数量"
"translated_combined_w5","restricted_source/w5_charls_CN.dta","db027_1_19_","character","帮助的儿童数量","","db027_1_19_ 帮助的儿童数量"
"translated_combined_w5","restricted_source/w5_charls_CN.dta","db027_1_20_","character","帮助的儿童数量","","db027_1_20_ 帮助的儿童数量"
"translated_combined_w5","restricted_source/w5_charls_CN.dta","db027_1_21_","character","帮助的儿童数量","","db027_1_21_ 帮助的儿童数量"
"translated_combined_w5","restricted_source/w5_charls_CN.dta","db027_1_22_","character","帮助的儿童数量","","db027_1_22_ 帮助的儿童数量"
"translated_combined_w5","restricted_source/w5_charls_CN.dta","db027_1_23_","character","帮助的儿童数量","","db027_1_23_ 帮助的儿童数量"
"translated_combined_w5","restricted_source/w5_charls_CN.dta","db027_1_24_","character","帮助的儿童数量","","db027_1_24_ 帮助的儿童数量"
"translated_combined_w5","restricted_source/w5_charls_CN.dta","db027_1_25_","character","帮助的儿童数量","","db027_1_25_ 帮助的儿童数量"
"translated_combined_w5","restricted_source/w5_charls_CN.dta","db027_1_26_","numeric","帮助的儿童数量","","db027_1_26_ 帮助的儿童数量"
"translated_combined_w5","restricted_source/w5_charls_CN.dta","db027_1_27_","numeric","帮助的儿童数量","","db027_1_27_ 帮助的儿童数量"
"translated_combined_w5","restricted_source/w5_charls_CN.dta","db027_1_28_","numeric","帮助的儿童数量","","db027_1_28_ 帮助的儿童数量"
"translated_combined_w5","restricted_source/w5_charls_CN.dta","db027_1_29_","numeric","帮助的儿童数量","","db027_1_29_ 帮助的儿童数量"
"translated_combined_w5","restricted_source/w5_charls_CN.dta","db027_1_30_","character","帮助的儿童数量","","db027_1_30_ 帮助的儿童数量"
"translated_combined_w5","restricted_source/w5_charls_CN.dta","db027_1_31_","character","帮助的儿童数量","","db027_1_31_ 帮助的儿童数量"
"translated_combined_w5","restricted_source/w5_charls_CN.dta","db027_1_32_","character","帮助的孩子数量","","db027_1_32_ 帮助的孩子数量"
"translated_combined_w5","restricted_source/w5_charls_CN.dta","db027_1_33_","character","帮助的孩子数量","","db027_1_33_ 帮助的孩子数量"
"translated_combined_w5","restricted_source/w5_charls_CN.dta","db027_1_34_","character","帮助的孩子数量","","db027_1_34_ 帮助的孩子数量"
"translated_combined_w5","restricted_source/w5_charls_CN.dta","db027_1_35_","character","帮助的孩子数量","","db027_1_35_ 帮助的孩子数量"
"translated_combined_w5","restricted_source/w5_charls_CN.dta","db028_s1","numeric","哪个兄弟姐妹的家庭提供帮助","","db028_s1 哪个兄弟姐妹的家庭提供帮助"
"translated_combined_w5","restricted_source/w5_charls_CN.dta","db028_s2","numeric","哪个兄弟姐妹的家庭提供帮助","","db028_s2 哪个兄弟姐妹的家庭提供帮助"
"translated_combined_w5","restricted_source/w5_charls_CN.dta","db028_s3","numeric","哪个兄弟姐妹的家庭提供帮助","","db028_s3 哪个兄弟姐妹的家庭提供帮助"
"translated_combined_w5","restricted_source/w5_charls_CN.dta","db028_s4","numeric","哪个兄弟姐妹的家庭提供帮助","","db028_s4 哪个兄弟姐妹的家庭提供帮助"
"translated_combined_w5","restricted_source/w5_charls_CN.dta","db028_s5","numeric","哪个兄弟姐妹的家庭提供帮助","","db028_s5 哪个兄弟姐妹的家庭提供帮助"
"translated_combined_w5","restricted_source/w5_charls_CN.dta","db028_s6","numeric","哪个兄弟姐妹的家庭提供帮助","","db028_s6 哪个兄弟姐妹的家庭提供帮助"
"translated_combined_w5","restricted_source/w5_charls_CN.dta","db028_s7","numeric","哪个兄弟姐妹的家庭提供帮助","","db028_s7 哪个兄弟姐妹的家庭提供帮助"
"translated_combined_w5","restricted_source/w5_charls_CN.dta","db028_s8","numeric","哪个兄弟姐妹的家庭提供帮助","","db028_s8 哪个兄弟姐妹的家庭提供帮助"
"translated_combined_w5","restricted_source/w5_charls_CN.dta","db028_s9","numeric","哪个兄弟姐妹的家庭提供帮助","","db028_s9 哪个兄弟姐妹的家庭提供帮助"
"translated_combined_w5","restricted_source/w5_charls_CN.dta","db028_s10","numeric","哪个兄弟姐妹的家庭提供帮助","","db028_s10 哪个兄弟姐妹的家庭提供帮助"
"translated_combined_w5","restricted_source/w5_charls_CN.dta","db028_s11","numeric","哪个兄弟姐妹的家庭提供帮助","","db028_s11 哪个兄弟姐妹的家庭提供帮助"
"translated_combined_w5","restricted_source/w5_charls_CN.dta","db028_s12","numeric","哪个兄弟姐妹的家庭提供帮助","","db028_s12 哪个兄弟姐妹的家庭提供帮助"
"translated_combined_w5","restricted_source/w5_charls_CN.dta","db028_s13","numeric","哪个兄弟姐妹的家庭提供帮助","","db028_s13 哪个兄弟姐妹的家庭提供帮助"
"translated_combined_w5","restricted_source/w5_charls_CN.dta","db028_s14","numeric","哪个兄弟姐妹的家庭提供帮助","","db028_s14 哪个兄弟姐妹的家庭提供帮助"
"translated_combined_w5","restricted_source/w5_charls_CN.dta","db028_s15","numeric","哪个兄弟姐妹的家庭提供帮助","","db028_s15 哪个兄弟姐妹的家庭提供帮助"
"translated_combined_w5","restricted_source/w5_charls_CN.dta","db028_s16","numeric","哪个兄弟姐妹的家庭提供帮助","","db028_s16 哪个兄弟姐妹的家庭提供帮助"
"translated_combined_w5","restricted_source/w5_charls_CN.dta","db028_s17","numeric","哪个兄弟姐妹的家庭提供帮助","","db028_s17 哪个兄弟姐妹的家庭提供帮助"
"translated_combined_w5","restricted_source/w5_charls_CN.dta","db028_s18","numeric","哪个兄弟姐妹的家庭提供帮助","","db028_s18 哪个兄弟姐妹的家庭提供帮助"
"translated_combined_w5","restricted_source/w5_charls_CN.dta","db028_s19","numeric","哪个兄弟姐妹的家庭提供帮助","","db028_s19 哪个兄弟姐妹的家庭提供帮助"
"translated_combined_w5","restricted_source/w5_charls_CN.dta","db028_s20","numeric","哪个兄弟姐妹的家庭提供帮助","","db028_s20 哪个兄弟姐妹的家庭提供帮助"
"translated_combined_w5","restricted_source/w5_charls_CN.dta","db028_s21","numeric","哪个兄弟姐妹的家庭提供帮助","","db028_s21 哪个兄弟姐妹的家庭提供帮助"
"translated_combined_w5","restricted_source/w5_charls_CN.dta","db028_s22","numeric","哪个兄弟姐妹的家庭提供帮助","","db028_s22 哪个兄弟姐妹的家庭提供帮助"
"translated_combined_w5","restricted_source/w5_charls_CN.dta","db028_s23","numeric","哪个兄弟姐妹的家庭提供帮助","","db028_s23 哪个兄弟姐妹的家庭提供帮助"
"translated_combined_w5","restricted_source/w5_charls_CN.dta","db028_s24","numeric","哪个兄弟姐妹的家庭提供帮助","","db028_s24 哪个兄弟姐妹的家庭提供帮助"
"translated_combined_w5","restricted_source/w5_charls_CN.dta","db028_s25","numeric","哪个兄弟姐妹的家庭提供帮助","","db028_s25 哪个兄弟姐妹的家庭提供帮助"
"translated_combined_w5","restricted_source/w5_charls_CN.dta","db028_s26","numeric","哪个兄弟姐妹的家庭提供帮助","","db028_s26 哪个兄弟姐妹的家庭提供帮助"
"translated_combined_w5","restricted_source/w5_charls_CN.dta","db028_s27","numeric","哪个兄弟姐妹的家庭提供帮助","","db028_s27 哪个兄弟姐妹的家庭提供帮助"
"translated_combined_w5","restricted_source/w5_charls_CN.dta","db028_s28","numeric","哪个兄弟姐妹的家庭提供帮助","","db028_s28 哪个兄弟姐妹的家庭提供帮助"
"translated_combined_w5","restricted_source/w5_charls_CN.dta","db028_s29","numeric","哪个兄弟姐妹的家庭提供帮助","","db028_s29 哪个兄弟姐妹的家庭提供帮助"
"translated_combined_w5","restricted_source/w5_charls_CN.dta","db028_s30","numeric","哪个兄弟姐妹的家庭提供帮助","","db028_s30 哪个兄弟姐妹的家庭提供帮助"
"translated_combined_w5","restricted_source/w5_charls_CN.dta","db028_s31","numeric","哪个兄弟姐妹的家庭提供帮助","","db028_s31 哪个兄弟姐妹的家庭提供帮助"
"translated_combined_w5","restricted_source/w5_charls_CN.dta","db028_s32","numeric","哪个兄弟姐妹的家庭提供帮助","","db028_s32 哪个兄弟姐妹的家庭提供帮助"
"translated_combined_w5","restricted_source/w5_charls_CN.dta","db028_s33","numeric","哪个兄弟姐妹的家庭提供帮助","","db028_s33 哪个兄弟姐妹的家庭提供帮助"
"translated_combined_w5","restricted_source/w5_charls_CN.dta","db028_s34","numeric","哪个兄弟姐妹的家庭提供帮助","","db028_s34 哪个兄弟姐妹的家庭提供帮助"
"translated_combined_w5","restricted_source/w5_charls_CN.dta","db028_s35","numeric","哪个兄弟姐妹的家庭提供帮助","","db028_s35 哪个兄弟姐妹的家庭提供帮助"
"translated_combined_w5","restricted_source/w5_charls_CN.dta","db028_s36","numeric","哪个兄弟姐妹的家庭提供帮助","","db028_s36 哪个兄弟姐妹的家庭提供帮助"
"translated_combined_w5","restricted_source/w5_charls_CN.dta","db028_s37","numeric","哪个兄弟姐妹的家庭提供帮助","","db028_s37 哪个兄弟姐妹的家庭提供帮助"
"translated_combined_w5","restricted_source/w5_charls_CN.dta","db028_s38","numeric","哪个兄弟姐妹的家庭提供帮助","","db028_s38 哪个兄弟姐妹的家庭提供帮助"
"translated_combined_w5","restricted_source/w5_charls_CN.dta","db028_s39","numeric","哪个兄弟姐妹的家庭提供帮助","","db028_s39 哪个兄弟姐妹的家庭提供帮助"
"translated_combined_w5","restricted_source/w5_charls_CN.dta","db028_s40","numeric","哪个兄弟姐妹的家庭提供帮助","","db028_s40 哪个兄弟姐妹的家庭提供帮助"
"translated_combined_w5","restricted_source/w5_charls_CN.dta","db029_1__s1","numeric","谁来自兄弟姐妹[1]的家庭提供帮助","","db029_1__s1 谁来自兄弟姐妹[1]的家庭提供帮助"
"translated_combined_w5","restricted_source/w5_charls_CN.dta","db029_1__s2","numeric","谁来自兄弟姐妹[1]的家庭提供帮助","","db029_1__s2 谁来自兄弟姐妹[1]的家庭提供帮助"
"translated_combined_w5","restricted_source/w5_charls_CN.dta","db029_1__s3","numeric","谁来自兄弟姐妹[1]的家庭提供帮助","","db029_1__s3 谁来自兄弟姐妹[1]的家庭提供帮助"
"translated_combined_w5","restricted_source/w5_charls_CN.dta","db029_2__s1","numeric","谁来自兄弟姐妹[2]的家庭提供帮助","","db029_2__s1 谁来自兄弟姐妹[2]的家庭提供帮助"
"translated_combined_w5","restricted_source/w5_charls_CN.dta","db029_2__s2","numeric","谁来自兄弟姐妹[2]的家庭提供帮助","","db029_2__s2 谁来自兄弟姐妹[2]的家庭提供帮助"
"translated_combined_w5","restricted_source/w5_charls_CN.dta","db029_2__s3","numeric","谁来自兄弟姐妹[2]的家庭提供帮助","","db029_2__s3 谁来自兄弟姐妹[2]的家庭提供帮助"
"translated_combined_w5","restricted_source/w5_charls_CN.dta","db029_3__s1","numeric","谁来自兄弟姐妹[3]的家庭提供帮助","","db029_3__s1 谁来自兄弟姐妹[3]的家庭提供帮助"
"translated_combined_w5","restricted_source/w5_charls_CN.dta","db029_3__s2","numeric","谁在兄弟姐妹[3]的家庭中提供帮助","","db029_3__s2 谁在兄弟姐妹[3]的家庭中提供帮助"
"translated_combined_w5","restricted_source/w5_charls_CN.dta","db029_3__s3","numeric","谁在兄弟姐妹[3]的家庭中提供帮助","","db029_3__s3 谁在兄弟姐妹[3]的家庭中提供帮助"
"translated_combined_w5","restricted_source/w5_charls_CN.dta","db029_4__s1","numeric","谁在兄弟姐妹[4]的家庭中提供帮助","","db029_4__s1 谁在兄弟姐妹[4]的家庭中提供帮助"
"translated_combined_w5","restricted_source/w5_charls_CN.dta","db029_4__s2","numeric","谁在兄弟姐妹[4]的家庭中提供帮助","","db029_4__s2 谁在兄弟姐妹[4]的家庭中提供帮助"
"translated_combined_w5","restricted_source/w5_charls_CN.dta","db029_4__s3","numeric","谁在兄弟姐妹[4]的家庭中提供帮助","","db029_4__s3 谁在兄弟姐妹[4]的家庭中提供帮助"
"translated_combined_w5","restricted_source/w5_charls_CN.dta","db029_5__s1","numeric","谁在兄弟姐妹[5]的家庭中提供帮助","","db029_5__s1 谁在兄弟姐妹[5]的家庭中提供帮助"
"translated_combined_w5","restricted_source/w5_charls_CN.dta","db029_5__s2","numeric","谁在兄弟姐妹[5]的家庭中提供帮助","","db029_5__s2 谁在兄弟姐妹[5]的家庭中提供帮助"
"translated_combined_w5","restricted_source/w5_charls_CN.dta","db029_5__s3","numeric","谁在兄弟姐妹[5]的家庭中提供帮助","","db029_5__s3 谁在兄弟姐妹[5]的家庭中提供帮助"
"translated_combined_w5","restricted_source/w5_charls_CN.dta","db029_6__s1","numeric","谁在兄弟姐妹[6]的家庭中提供帮助","","db029_6__s1 谁在兄弟姐妹[6]的家庭中提供帮助"
"translated_combined_w5","restricted_source/w5_charls_CN.dta","db029_6__s2","numeric","谁在Sibling[6]的家庭中提供帮助","","db029_6__s2 谁在Sibling[6]的家庭中提供帮助"
"translated_combined_w5","restricted_source/w5_charls_CN.dta","db029_6__s3","numeric","谁在Sibling[6]的家庭中提供帮助","","db029_6__s3 谁在Sibling[6]的家庭中提供帮助"
"translated_combined_w5","restricted_source/w5_charls_CN.dta","db029_7__s1","numeric","谁在Sibling[7]的家庭中提供帮助","","db029_7__s1 谁在Sibling[7]的家庭中提供帮助"
"translated_combined_w5","restricted_source/w5_charls_CN.dta","db029_7__s2","numeric","谁在Sibling[7]的家庭中提供帮助","","db029_7__s2 谁在Sibling[7]的家庭中提供帮助"
"translated_combined_w5","restricted_source/w5_charls_CN.dta","db029_7__s3","numeric","谁在Sibling[7]的家庭中提供帮助","","db029_7__s3 谁在Sibling[7]的家庭中提供帮助"
"translated_combined_w5","restricted_source/w5_charls_CN.dta","db029_8__s1","numeric","谁在Sibling[8]的家庭中提供帮助","","db029_8__s1 谁在Sibling[8]的家庭中提供帮助"
"translated_combined_w5","restricted_source/w5_charls_CN.dta","db029_8__s2","numeric","谁在Sibling[8]的家庭中提供帮助","","db029_8__s2 谁在Sibling[8]的家庭中提供帮助"
"translated_combined_w5","restricted_source/w5_charls_CN.dta","db029_8__s3","numeric","谁在Sibling[8]的家庭中提供帮助","","db029_8__s3 谁在Sibling[8]的家庭中提供帮助"
"translated_combined_w5","restricted_source/w5_charls_CN.dta","db029_9__s1","numeric","谁在Sibling[9]的家庭中提供帮助","","db029_9__s1 谁在Sibling[9]的家庭中提供帮助"
"translated_combined_w5","restricted_source/w5_charls_CN.dta","db029_9__s2","numeric","谁在兄弟姐妹[9]的家庭中提供帮助","","db029_9__s2 谁在兄弟姐妹[9]的家庭中提供帮助"
"translated_combined_w5","restricted_source/w5_charls_CN.dta","db029_9__s3","numeric","谁在兄弟姐妹[9]的家庭中提供帮助","","db029_9__s3 谁在兄弟姐妹[9]的家庭中提供帮助"
"translated_combined_w5","restricted_source/w5_charls_CN.dta","db029_10__s1","numeric","谁在兄弟姐妹[10]的家庭中提供帮助","","db029_10__s1 谁在兄弟姐妹[10]的家庭中提供帮助"
"translated_combined_w5","restricted_source/w5_charls_CN.dta","db029_10__s2","numeric","谁在兄弟姐妹[10]的家庭中提供帮助","","db029_10__s2 谁在兄弟姐妹[10]的家庭中提供帮助"
"translated_combined_w5","restricted_source/w5_charls_CN.dta","db029_10__s3","numeric","谁在兄弟姐妹[10]的家庭中提供帮助","","db029_10__s3 谁在兄弟姐妹[10]的家庭中提供帮助"
"translated_combined_w5","restricted_source/w5_charls_CN.dta","db029_11__s1","numeric","谁在兄弟姐妹[11]的家庭中提供帮助","","db029_11__s1 谁在兄弟姐妹[11]的家庭中提供帮助"
"translated_combined_w5","restricted_source/w5_charls_CN.dta","db029_11__s2","numeric","谁在兄弟姐妹[11]的家庭中提供帮助","","db029_11__s2 谁在兄弟姐妹[11]的家庭中提供帮助"
"translated_combined_w5","restricted_source/w5_charls_CN.dta","db029_11__s3","numeric","谁在兄弟姐妹[11]的家庭中提供帮助","","db029_11__s3 谁在兄弟姐妹[11]的家庭中提供帮助"
"translated_combined_w5","restricted_source/w5_charls_CN.dta","db029_12__s1","numeric","谁在兄弟姐妹[12]的家庭中提供帮助","","db029_12__s1 谁在兄弟姐妹[12]的家庭中提供帮助"
"translated_combined_w5","restricted_source/w5_charls_CN.dta","db029_12__s2","numeric","谁在[12]的兄弟姐妹家庭中提供帮助","","db029_12__s2 谁在[12]的兄弟姐妹家庭中提供帮助"
"translated_combined_w5","restricted_source/w5_charls_CN.dta","db029_12__s3","numeric","谁在[12]的兄弟姐妹家庭中提供帮助","","db029_12__s3 谁在[12]的兄弟姐妹家庭中提供帮助"
"translated_combined_w5","restricted_source/w5_charls_CN.dta","db029_13__s1","numeric","谁在[13]的兄弟姐妹家庭中提供帮助","","db029_13__s1 谁在[13]的兄弟姐妹家庭中提供帮助"
"translated_combined_w5","restricted_source/w5_charls_CN.dta","db029_13__s2","numeric","谁在[13]的兄弟姐妹家庭中提供帮助","","db029_13__s2 谁在[13]的兄弟姐妹家庭中提供帮助"
"translated_combined_w5","restricted_source/w5_charls_CN.dta","db029_13__s3","numeric","谁在[13]的兄弟姐妹家庭中提供帮助","","db029_13__s3 谁在[13]的兄弟姐妹家庭中提供帮助"
"translated_combined_w5","restricted_source/w5_charls_CN.dta","db029_14__s1","numeric","谁在[14]的兄弟姐妹家庭中提供帮助","","db029_14__s1 谁在[14]的兄弟姐妹家庭中提供帮助"
"translated_combined_w5","restricted_source/w5_charls_CN.dta","db029_14__s2","numeric","谁在[14]的兄弟姐妹家庭中提供帮助","","db029_14__s2 谁在[14]的兄弟姐妹家庭中提供帮助"
"translated_combined_w5","restricted_source/w5_charls_CN.dta","db029_14__s3","numeric","谁在[14]的兄弟姐妹家庭中提供帮助","","db029_14__s3 谁在[14]的兄弟姐妹家庭中提供帮助"
"translated_combined_w5","restricted_source/w5_charls_CN.dta","db029_15__s1","numeric","谁在[15]的兄弟姐妹家庭中提供帮助","","db029_15__s1 谁在[15]的兄弟姐妹家庭中提供帮助"
"translated_combined_w5","restricted_source/w5_charls_CN.dta","db029_15__s2","numeric","谁在兄弟姐妹[15]的家庭中提供帮助","","db029_15__s2 谁在兄弟姐妹[15]的家庭中提供帮助"
"translated_combined_w5","restricted_source/w5_charls_CN.dta","db029_15__s3","numeric","谁在兄弟姐妹[15]的家庭中提供帮助","","db029_15__s3 谁在兄弟姐妹[15]的家庭中提供帮助"
"translated_combined_w5","restricted_source/w5_charls_CN.dta","db029_16__s1","numeric","谁在兄弟姐妹[16]的家庭中提供帮助","","db029_16__s1 谁在兄弟姐妹[16]的家庭中提供帮助"
"translated_combined_w5","restricted_source/w5_charls_CN.dta","db029_16__s2","numeric","谁在兄弟姐妹[16]的家庭中提供帮助","","db029_16__s2 谁在兄弟姐妹[16]的家庭中提供帮助"
"translated_combined_w5","restricted_source/w5_charls_CN.dta","db029_16__s3","numeric","谁在兄弟姐妹[16]的家庭中提供帮助","","db029_16__s3 谁在兄弟姐妹[16]的家庭中提供帮助"
"translated_combined_w5","restricted_source/w5_charls_CN.dta","db029_17__s1","numeric","谁在兄弟姐妹[17]的家庭中提供帮助","","db029_17__s1 谁在兄弟姐妹[17]的家庭中提供帮助"
"translated_combined_w5","restricted_source/w5_charls_CN.dta","db029_17__s2","numeric","谁在兄弟姐妹[17]的家庭中提供帮助","","db029_17__s2 谁在兄弟姐妹[17]的家庭中提供帮助"
"translated_combined_w5","restricted_source/w5_charls_CN.dta","db029_17__s3","numeric","谁在兄弟姐妹[17]的家庭中提供帮助","","db029_17__s3 谁在兄弟姐妹[17]的家庭中提供帮助"
"translated_combined_w5","restricted_source/w5_charls_CN.dta","db029_18__s1","numeric","谁在兄弟姐妹[18]的家庭中提供帮助","","db029_18__s1 谁在兄弟姐妹[18]的家庭中提供帮助"
"translated_combined_w5","restricted_source/w5_charls_CN.dta","db029_18__s2","numeric","谁在兄弟姐妹[18]的家庭中提供帮助","","db029_18__s2 谁在兄弟姐妹[18]的家庭中提供帮助"
"translated_combined_w5","restricted_source/w5_charls_CN.dta","db029_18__s3","numeric","谁在兄弟姐妹[18]的家庭中提供帮助","","db029_18__s3 谁在兄弟姐妹[18]的家庭中提供帮助"
"translated_combined_w5","restricted_source/w5_charls_CN.dta","db029_19__s1","numeric","谁在兄弟姐妹[19]的家庭中提供帮助","","db029_19__s1 谁在兄弟姐妹[19]的家庭中提供帮助"
"translated_combined_w5","restricted_source/w5_charls_CN.dta","db029_19__s2","numeric","谁在兄弟姐妹[19]的家庭中提供帮助","","db029_19__s2 谁在兄弟姐妹[19]的家庭中提供帮助"
"translated_combined_w5","restricted_source/w5_charls_CN.dta","db029_19__s3","numeric","谁在兄弟姐妹[19]的家庭中提供帮助","","db029_19__s3 谁在兄弟姐妹[19]的家庭中提供帮助"
"translated_combined_w5","restricted_source/w5_charls_CN.dta","db029_20__s1","numeric","谁在兄弟姐妹[20]的家庭中提供帮助","","db029_20__s1 谁在兄弟姐妹[20]的家庭中提供帮助"
"translated_combined_w5","restricted_source/w5_charls_CN.dta","db029_20__s2","numeric","谁在兄弟姐妹[20]的家庭中提供帮助","","db029_20__s2 谁在兄弟姐妹[20]的家庭中提供帮助"
"translated_combined_w5","restricted_source/w5_charls_CN.dta","db029_20__s3","numeric","谁在兄弟姐妹[20]的家庭中提供帮助","","db029_20__s3 谁在兄弟姐妹[20]的家庭中提供帮助"
"translated_combined_w5","restricted_source/w5_charls_CN.dta","db029_21__s1","numeric","谁在兄弟姐妹[21]的家庭中提供帮助","","db029_21__s1 谁在兄弟姐妹[21]的家庭中提供帮助"
"translated_combined_w5","restricted_source/w5_charls_CN.dta","db029_21__s2","numeric","谁在兄弟姐妹[21]的家庭中提供帮助","","db029_21__s2 谁在兄弟姐妹[21]的家庭中提供帮助"
"translated_combined_w5","restricted_source/w5_charls_CN.dta","db029_21__s3","numeric","谁在兄弟姐妹[21]的家庭中提供帮助","","db029_21__s3 谁在兄弟姐妹[21]的家庭中提供帮助"
"translated_combined_w5","restricted_source/w5_charls_CN.dta","db029_22__s1","numeric","谁在兄弟姐妹[22]的家庭中提供帮助","","db029_22__s1 谁在兄弟姐妹[22]的家庭中提供帮助"
"translated_combined_w5","restricted_source/w5_charls_CN.dta","db029_22__s2","numeric","谁在兄弟姐妹[22]的家庭中提供帮助","","db029_22__s2 谁在兄弟姐妹[22]的家庭中提供帮助"
"translated_combined_w5","restricted_source/w5_charls_CN.dta","db029_22__s3","numeric","谁在兄弟姐妹[22]的家庭中提供帮助","","db029_22__s3 谁在兄弟姐妹[22]的家庭中提供帮助"
"translated_combined_w5","restricted_source/w5_charls_CN.dta","db029_23__s1","numeric","谁在兄弟姐妹[23]的家庭中提供帮助","","db029_23__s1 谁在兄弟姐妹[23]的家庭中提供帮助"
"translated_combined_w5","restricted_source/w5_charls_CN.dta","db029_23__s2","numeric","谁在兄弟姐妹[23]的家庭中提供帮助","","db029_23__s2 谁在兄弟姐妹[23]的家庭中提供帮助"
"translated_combined_w5","restricted_source/w5_charls_CN.dta","db029_23__s3","numeric","谁在兄弟姐妹[23]的家庭中提供帮助","","db029_23__s3 谁在兄弟姐妹[23]的家庭中提供帮助"
"translated_combined_w5","restricted_source/w5_charls_CN.dta","db029_24__s1","numeric","谁在兄弟姐妹[24]的家庭中提供帮助","","db029_24__s1 谁在兄弟姐妹[24]的家庭中提供帮助"
"translated_combined_w5","restricted_source/w5_charls_CN.dta","db029_24__s2","numeric","谁在兄弟姐妹[24]的家庭中提供帮助","","db029_24__s2 谁在兄弟姐妹[24]的家庭中提供帮助"
"translated_combined_w5","restricted_source/w5_charls_CN.dta","db029_24__s3","numeric","谁在兄弟姐妹[24]的家庭中提供帮助","","db029_24__s3 谁在兄弟姐妹[24]的家庭中提供帮助"
"translated_combined_w5","restricted_source/w5_charls_CN.dta","db029_25__s1","numeric","谁在兄弟姐妹[25]的家庭中提供帮助","","db029_25__s1 谁在兄弟姐妹[25]的家庭中提供帮助"
"translated_combined_w5","restricted_source/w5_charls_CN.dta","db029_25__s2","numeric","谁在兄弟姐妹[25]的家庭中提供帮助","","db029_25__s2 谁在兄弟姐妹[25]的家庭中提供帮助"
"translated_combined_w5","restricted_source/w5_charls_CN.dta","db029_25__s3","numeric","谁在兄弟姐妹[25]的家庭中提供帮助","","db029_25__s3 谁在兄弟姐妹[25]的家庭中提供帮助"
"translated_combined_w5","restricted_source/w5_charls_CN.dta","db029_26__s1","numeric","谁在兄弟姐妹[26]的家庭中提供帮助","","db029_26__s1 谁在兄弟姐妹[26]的家庭中提供帮助"
"translated_combined_w5","restricted_source/w5_charls_CN.dta","db029_26__s2","numeric","谁在兄弟姐妹[26]的家庭中提供帮助","","db029_26__s2 谁在兄弟姐妹[26]的家庭中提供帮助"
"translated_combined_w5","restricted_source/w5_charls_CN.dta","db029_26__s3","numeric","谁在兄弟姐妹[26]的家庭中提供帮助","","db029_26__s3 谁在兄弟姐妹[26]的家庭中提供帮助"
"translated_combined_w5","restricted_source/w5_charls_CN.dta","db029_27__s1","numeric","谁在兄弟姐妹[27]的家庭中提供帮助","","db029_27__s1 谁在兄弟姐妹[27]的家庭中提供帮助"
"translated_combined_w5","restricted_source/w5_charls_CN.dta","db029_27__s2","numeric","谁在兄弟姐妹[27]的家庭中提供帮助","","db029_27__s2 谁在兄弟姐妹[27]的家庭中提供帮助"
"translated_combined_w5","restricted_source/w5_charls_CN.dta","db029_27__s3","numeric","谁在兄弟姐妹[27]的家庭中提供帮助","","db029_27__s3 谁在兄弟姐妹[27]的家庭中提供帮助"
"translated_combined_w5","restricted_source/w5_charls_CN.dta","db029_28__s1","numeric","谁在兄弟姐妹[28]的家庭中提供帮助","","db029_28__s1 谁在兄弟姐妹[28]的家庭中提供帮助"
"translated_combined_w5","restricted_source/w5_charls_CN.dta","db029_28__s2","numeric","谁在兄弟姐妹[28]的家庭中提供帮助","","db029_28__s2 谁在兄弟姐妹[28]的家庭中提供帮助"
"translated_combined_w5","restricted_source/w5_charls_CN.dta","db029_28__s3","numeric","谁在兄弟姐妹[28]的家庭中提供帮助","","db029_28__s3 谁在兄弟姐妹[28]的家庭中提供帮助"
"translated_combined_w5","restricted_source/w5_charls_CN.dta","db029_29__s1","numeric","谁在兄弟姐妹[29]的家庭中提供帮助","","db029_29__s1 谁在兄弟姐妹[29]的家庭中提供帮助"
"translated_combined_w5","restricted_source/w5_charls_CN.dta","db029_29__s2","numeric","谁在兄弟姐妹[29]的家庭中提供帮助","","db029_29__s2 谁在兄弟姐妹[29]的家庭中提供帮助"
"translated_combined_w5","restricted_source/w5_charls_CN.dta","db029_29__s3","numeric","谁在兄弟姐妹[29]的家庭中提供帮助","","db029_29__s3 谁在兄弟姐妹[29]的家庭中提供帮助"
"translated_combined_w5","restricted_source/w5_charls_CN.dta","db029_30__s1","numeric","谁在兄弟姐妹[30]的家庭中提供帮助","","db029_30__s1 谁在兄弟姐妹[30]的家庭中提供帮助"
"translated_combined_w5","restricted_source/w5_charls_CN.dta","db029_30__s2","numeric","谁在[30]的家庭中帮助兄弟姐妹","","db029_30__s2 谁在[30]的家庭中帮助兄弟姐妹"
"translated_combined_w5","restricted_source/w5_charls_CN.dta","db029_30__s3","numeric","谁在[30]的家庭中帮助兄弟姐妹","","db029_30__s3 谁在[30]的家庭中帮助兄弟姐妹"
"translated_combined_w5","restricted_source/w5_charls_CN.dta","db029_31__s1","numeric","谁在[31]的家庭中帮助兄弟姐妹","","db029_31__s1 谁在[31]的家庭中帮助兄弟姐妹"
"translated_combined_w5","restricted_source/w5_charls_CN.dta","db029_31__s2","numeric","谁在[31]的家庭中帮助兄弟姐妹","","db029_31__s2 谁在[31]的家庭中帮助兄弟姐妹"
"translated_combined_w5","restricted_source/w5_charls_CN.dta","db029_31__s3","numeric","谁在[31]的家庭中帮助兄弟姐妹","","db029_31__s3 谁在[31]的家庭中帮助兄弟姐妹"
"translated_combined_w5","restricted_source/w5_charls_CN.dta","db029_32__s1","numeric","谁在[32]的家庭中帮助兄弟姐妹","","db029_32__s1 谁在[32]的家庭中帮助兄弟姐妹"
"translated_combined_w5","restricted_source/w5_charls_CN.dta","db029_32__s2","numeric","谁在[32]的家庭中帮助兄弟姐妹","","db029_32__s2 谁在[32]的家庭中帮助兄弟姐妹"
"translated_combined_w5","restricted_source/w5_charls_CN.dta","db029_32__s3","numeric","谁在[32]的家庭中帮助兄弟姐妹","","db029_32__s3 谁在[32]的家庭中帮助兄弟姐妹"
"translated_combined_w5","restricted_source/w5_charls_CN.dta","db029_33__s1","numeric","谁在[33]的家庭中帮助兄弟姐妹","","db029_33__s1 谁在[33]的家庭中帮助兄弟姐妹"
"translated_combined_w5","restricted_source/w5_charls_CN.dta","db029_33__s2","numeric","谁在[33]的兄弟姐妹家庭中提供帮助","","db029_33__s2 谁在[33]的兄弟姐妹家庭中提供帮助"
"translated_combined_w5","restricted_source/w5_charls_CN.dta","db029_33__s3","numeric","谁在[33]的兄弟姐妹家庭中提供帮助","","db029_33__s3 谁在[33]的兄弟姐妹家庭中提供帮助"
"translated_combined_w5","restricted_source/w5_charls_CN.dta","db029_34__s1","numeric","谁在[34]的兄弟姐妹家庭中提供帮助","","db029_34__s1 谁在[34]的兄弟姐妹家庭中提供帮助"
"translated_combined_w5","restricted_source/w5_charls_CN.dta","db029_34__s2","numeric","谁在[34]的兄弟姐妹家庭中提供帮助","","db029_34__s2 谁在[34]的兄弟姐妹家庭中提供帮助"
"translated_combined_w5","restricted_source/w5_charls_CN.dta","db029_34__s3","numeric","谁在[34]的兄弟姐妹家庭中提供帮助","","db029_34__s3 谁在[34]的兄弟姐妹家庭中提供帮助"
"translated_combined_w5","restricted_source/w5_charls_CN.dta","db029_35__s1","numeric","谁在[35]的兄弟姐妹家庭中提供帮助","","db029_35__s1 谁在[35]的兄弟姐妹家庭中提供帮助"
"translated_combined_w5","restricted_source/w5_charls_CN.dta","db029_35__s2","numeric","谁在[35]的兄弟姐妹家庭中提供帮助","","db029_35__s2 谁在[35]的兄弟姐妹家庭中提供帮助"
"translated_combined_w5","restricted_source/w5_charls_CN.dta","db029_35__s3","numeric","谁在[35]的兄弟姐妹家庭中提供帮助","","db029_35__s3 谁在[35]的兄弟姐妹家庭中提供帮助"
"translated_combined_w5","restricted_source/w5_charls_CN.dta","db029_36__s1","numeric","谁在[36]的兄弟姐妹家庭中提供帮助","","db029_36__s1 谁在[36]的兄弟姐妹家庭中提供帮助"
"translated_combined_w5","restricted_source/w5_charls_CN.dta","db029_36__s2","numeric","谁在兄弟姐妹[36]的家庭中提供帮助","","db029_36__s2 谁在兄弟姐妹[36]的家庭中提供帮助"
"translated_combined_w5","restricted_source/w5_charls_CN.dta","db029_36__s3","numeric","谁在兄弟姐妹[36]的家庭中提供帮助","","db029_36__s3 谁在兄弟姐妹[36]的家庭中提供帮助"
"translated_combined_w5","restricted_source/w5_charls_CN.dta","db029_37__s1","numeric","谁在兄弟姐妹[37]的家庭中提供帮助","","db029_37__s1 谁在兄弟姐妹[37]的家庭中提供帮助"
"translated_combined_w5","restricted_source/w5_charls_CN.dta","db029_37__s2","numeric","谁在兄弟姐妹[37]的家庭中提供帮助","","db029_37__s2 谁在兄弟姐妹[37]的家庭中提供帮助"
"translated_combined_w5","restricted_source/w5_charls_CN.dta","db029_37__s3","numeric","谁在兄弟姐妹[37]的家庭中提供帮助","","db029_37__s3 谁在兄弟姐妹[37]的家庭中提供帮助"
"translated_combined_w5","restricted_source/w5_charls_CN.dta","db029_38__s1","numeric","谁在兄弟姐妹[38]的家庭中提供帮助","","db029_38__s1 谁在兄弟姐妹[38]的家庭中提供帮助"
"translated_combined_w5","restricted_source/w5_charls_CN.dta","db029_38__s2","numeric","谁在兄弟姐妹[38]的家庭中提供帮助","","db029_38__s2 谁在兄弟姐妹[38]的家庭中提供帮助"
"translated_combined_w5","restricted_source/w5_charls_CN.dta","db029_38__s3","numeric","谁在兄弟姐妹[38]的家庭中提供帮助","","db029_38__s3 谁在兄弟姐妹[38]的家庭中提供帮助"
"translated_combined_w5","restricted_source/w5_charls_CN.dta","db029_39__s1","numeric","谁在兄弟姐妹[39]的家庭中提供帮助","","db029_39__s1 谁在兄弟姐妹[39]的家庭中提供帮助"
"translated_combined_w5","restricted_source/w5_charls_CN.dta","db029_39__s2","numeric","谁在兄弟[39]的家庭中提供帮助","","db029_39__s2 谁在兄弟[39]的家庭中提供帮助"
"translated_combined_w5","restricted_source/w5_charls_CN.dta","db029_39__s3","numeric","谁在兄弟[39]的家庭中提供帮助","","db029_39__s3 谁在兄弟[39]的家庭中提供帮助"
"translated_combined_w5","restricted_source/w5_charls_CN.dta","db029_40__s1","numeric","谁在兄弟[40]的家庭中提供帮助","","db029_40__s1 谁在兄弟[40]的家庭中提供帮助"
"translated_combined_w5","restricted_source/w5_charls_CN.dta","db029_40__s2","numeric","谁在兄弟[40]的家庭中提供帮助","","db029_40__s2 谁在兄弟[40]的家庭中提供帮助"
"translated_combined_w5","restricted_source/w5_charls_CN.dta","db029_40__s3","numeric","谁在兄弟[40]的家庭中提供帮助","","db029_40__s3 谁在兄弟[40]的家庭中提供帮助"
"translated_combined_w5","restricted_source/w5_charls_CN.dta","db029_1_1_","numeric","帮助的儿童数量","","db029_1_1_ 帮助的儿童数量"
"translated_combined_w5","restricted_source/w5_charls_CN.dta","db029_1_2_","numeric","帮助的儿童数量","","db029_1_2_ 帮助的儿童数量"
"translated_combined_w5","restricted_source/w5_charls_CN.dta","db029_1_3_","numeric","帮助的儿童数量","","db029_1_3_ 帮助的儿童数量"
"translated_combined_w5","restricted_source/w5_charls_CN.dta","db029_1_4_","numeric","帮助的儿童数量","","db029_1_4_ 帮助的儿童数量"
"translated_combined_w5","restricted_source/w5_charls_CN.dta","db029_1_5_","numeric","帮助的儿童数量","","db029_1_5_ 帮助的儿童数量"
"translated_combined_w5","restricted_source/w5_charls_CN.dta","db029_1_6_","numeric","帮助的儿童数量","","db029_1_6_ 帮助的儿童数量"
"translated_combined_w5","restricted_source/w5_charls_CN.dta","db029_1_7_","numeric","帮助的儿童数量","","db029_1_7_ 帮助的儿童数量"
"translated_combined_w5","restricted_source/w5_charls_CN.dta","db029_1_8_","character","帮助的儿童数量","","db029_1_8_ 帮助的儿童数量"
"translated_combined_w5","restricted_source/w5_charls_CN.dta","db029_1_9_","character","帮助的儿童数量","","db029_1_9_ 帮助的儿童数量"
"translated_combined_w5","restricted_source/w5_charls_CN.dta","db029_1_10_","character","帮助的儿童数量","","db029_1_10_ 帮助的儿童数量"
"translated_combined_w5","restricted_source/w5_charls_CN.dta","db029_1_11_","character","帮助的儿童数量","","db029_1_11_ 帮助的儿童数量"
"translated_combined_w5","restricted_source/w5_charls_CN.dta","db029_1_12_","character","帮助的儿童数量","","db029_1_12_ 帮助的儿童数量"
"translated_combined_w5","restricted_source/w5_charls_CN.dta","db029_1_13_","character","帮助的儿童数量","","db029_1_13_ 帮助的儿童数量"
"translated_combined_w5","restricted_source/w5_charls_CN.dta","db029_1_14_","character","帮助的儿童数量","","db029_1_14_ 帮助的儿童数量"
"translated_combined_w5","restricted_source/w5_charls_CN.dta","db029_1_15_","character","帮助的儿童数量","","db029_1_15_ 帮助的儿童数量"
"translated_combined_w5","restricted_source/w5_charls_CN.dta","db029_1_16_","numeric","帮助的儿童数量","","db029_1_16_ 帮助的儿童数量"
"translated_combined_w5","restricted_source/w5_charls_CN.dta","db029_1_17_","numeric","帮助的儿童数量","","db029_1_17_ 帮助的儿童数量"
"translated_combined_w5","restricted_source/w5_charls_CN.dta","db029_1_18_","numeric","帮助的儿童数量","","db029_1_18_ 帮助的儿童数量"
"translated_combined_w5","restricted_source/w5_charls_CN.dta","db029_1_19_","numeric","帮助的儿童数量","","db029_1_19_ 帮助的儿童数量"
"translated_combined_w5","restricted_source/w5_charls_CN.dta","db029_1_20_","numeric","帮助的儿童数量","","db029_1_20_ 帮助的儿童数量"
"translated_combined_w5","restricted_source/w5_charls_CN.dta","db029_1_21_","numeric","帮助的儿童数量","","db029_1_21_ 帮助的儿童数量"
"translated_combined_w5","restricted_source/w5_charls_CN.dta","db029_1_22_","numeric","帮助的儿童数量","","db029_1_22_ 帮助的儿童数量"
"translated_combined_w5","restricted_source/w5_charls_CN.dta","db029_1_23_","character","帮助的儿童数量","","db029_1_23_ 帮助的儿童数量"
"translated_combined_w5","restricted_source/w5_charls_CN.dta","db029_1_24_","character","帮助的儿童数量","","db029_1_24_ 帮助的儿童数量"
"translated_combined_w5","restricted_source/w5_charls_CN.dta","db029_1_25_","character","帮助的儿童数量","","db029_1_25_ 帮助的儿童数量"
"translated_combined_w5","restricted_source/w5_charls_CN.dta","db029_1_26_","character","帮助的儿童数量","","db029_1_26_ 帮助的儿童数量"
"translated_combined_w5","restricted_source/w5_charls_CN.dta","db029_1_27_","character","帮助的儿童数量","","db029_1_27_ 帮助的儿童数量"
"translated_combined_w5","restricted_source/w5_charls_CN.dta","db029_1_28_","character","帮助的儿童数量","","db029_1_28_ 帮助的儿童数量"
"translated_combined_w5","restricted_source/w5_charls_CN.dta","db029_1_29_","character","帮助的儿童数量","","db029_1_29_ 帮助的儿童数量"
"translated_combined_w5","restricted_source/w5_charls_CN.dta","db029_1_30_","character","帮助的儿童数量","","db029_1_30_ 帮助的儿童数量"
"translated_combined_w5","restricted_source/w5_charls_CN.dta","db029_1_31_","numeric","帮助的儿童数量","","db029_1_31_ 帮助的儿童数量"
"translated_combined_w5","restricted_source/w5_charls_CN.dta","db029_1_32_","numeric","帮助的儿童数量","","db029_1_32_ 帮助的儿童数量"
"translated_combined_w5","restricted_source/w5_charls_CN.dta","db029_1_33_","numeric","帮助的儿童数量","","db029_1_33_ 帮助的儿童数量"
"translated_combined_w5","restricted_source/w5_charls_CN.dta","db029_1_34_","numeric","帮助的儿童数量","","db029_1_34_ 帮助的儿童数量"
"translated_combined_w5","restricted_source/w5_charls_CN.dta","db029_1_35_","character","帮助的儿童数量","","db029_1_35_ 帮助的儿童数量"
"translated_combined_w5","restricted_source/w5_charls_CN.dta","db029_1_36_","character","帮助的儿童数量","","db029_1_36_ 帮助的儿童数量"
"translated_combined_w5","restricted_source/w5_charls_CN.dta","db029_1_37_","character","帮助的儿童数量","","db029_1_37_ 帮助的儿童数量"
"translated_combined_w5","restricted_source/w5_charls_CN.dta","db029_1_38_","character","帮助的儿童数量","","db029_1_38_ 帮助的儿童数量"
"translated_combined_w5","restricted_source/w5_charls_CN.dta","db029_1_39_","character","帮助的儿童数量","","db029_1_39_ 帮助的儿童数量"
"translated_combined_w5","restricted_source/w5_charls_CN.dta","db029_1_40_","character","帮助的儿童数量","","db029_1_40_ 帮助的儿童数量"
"translated_combined_w5","restricted_source/w5_charls_CN.dta","db030","numeric","亲属亲自帮助的数量","","db030 亲属亲自帮助的数量"
"translated_combined_w5","restricted_source/w5_charls_CN.dta","db031","numeric","在场帮助的其他人数","","db031 在场帮助的其他人数"
"translated_combined_w5","restricted_source/w5_charls_CN.dta","db032_s1","numeric","选择最重要的7个帮助者","","db032_s1 选择最重要的7个帮助者"
"translated_combined_w5","restricted_source/w5_charls_CN.dta","db032_s2","numeric","选择最重要的7个帮助者","","db032_s2 选择最重要的7个帮助者"
"translated_combined_w5","restricted_source/w5_charls_CN.dta","db032_s3","numeric","选择最重要的7个帮助者","","db032_s3 选择最重要的7个帮助者"
"translated_combined_w5","restricted_source/w5_charls_CN.dta","db032_s4","numeric","选择最重要的7个帮助者","","db032_s4 选择最重要的7个帮助者"
"translated_combined_w5","restricted_source/w5_charls_CN.dta","db032_s5","numeric","选择最重要的7个帮助者","","db032_s5 选择最重要的7个帮助者"
"translated_combined_w5","restricted_source/w5_charls_CN.dta","db032_s6","numeric","选择最重要的7个帮助者","","db032_s6 选择最重要的7个帮助者"
"translated_combined_w5","restricted_source/w5_charls_CN.dta","db032_s7","numeric","选择最重要的7个帮助者","","db032_s7 选择最重要的7个帮助者"
"translated_combined_w5","restricted_source/w5_charls_CN.dta","db032_s8","numeric","选择最重要的7个帮助者","","db032_s8 选择最重要的7个帮助者"
"translated_combined_w5","restricted_source/w5_charls_CN.dta","db032_s9","numeric","选择最重要的7个帮助者","","db032_s9 选择最重要的7个帮助者"
"translated_combined_w5","restricted_source/w5_charls_CN.dta","db032_s10","numeric","选择最重要的7个帮助者","","db032_s10 选择最重要的7个帮助者"
"translated_combined_w5","restricted_source/w5_charls_CN.dta","db032_s11","numeric","选择最重要的7个帮助者","","db032_s11 选择最重要的7个帮助者"
"translated_combined_w5","restricted_source/w5_charls_CN.dta","db032_s12","numeric","选择最重要的7个帮助者","","db032_s12 选择最重要的7个帮助者"
"translated_combined_w5","restricted_source/w5_charls_CN.dta","db032_s13","numeric","选择最重要的7个帮助者","","db032_s13 选择最重要的7个帮助者"
"translated_combined_w5","restricted_source/w5_charls_CN.dta","db032_s14","numeric","选择最重要的7个助手","","db032_s14 选择最重要的7个助手"
"translated_combined_w5","restricted_source/w5_charls_CN.dta","db032_s15","numeric","选择最重要的7个助手","","db032_s15 选择最重要的7个助手"
"translated_combined_w5","restricted_source/w5_charls_CN.dta","db032_s16","numeric","选择最重要的7个助手","","db032_s16 选择最重要的7个助手"
"translated_combined_w5","restricted_source/w5_charls_CN.dta","db032_s17","numeric","选择最重要的7个助手","","db032_s17 选择最重要的7个助手"
"translated_combined_w5","restricted_source/w5_charls_CN.dta","db032_s18","numeric","选择最重要的7个助手","","db032_s18 选择最重要的7个助手"
"translated_combined_w5","restricted_source/w5_charls_CN.dta","db032_s19","numeric","选择最重要的7个助手","","db032_s19 选择最重要的7个助手"
"translated_combined_w5","restricted_source/w5_charls_CN.dta","db032_s20","numeric","选择最重要的7个助手","","db032_s20 选择最重要的7个助手"
"translated_combined_w5","restricted_source/w5_charls_CN.dta","db032_s21","numeric","选择最重要的7个助手","","db032_s21 选择最重要的7个助手"
"translated_combined_w5","restricted_source/w5_charls_CN.dta","db032_s22","numeric","选择最重要的7个助手","","db032_s22 选择最重要的7个助手"
"translated_combined_w5","restricted_source/w5_charls_CN.dta","db032_s23","numeric","选择最重要的7个助手","","db032_s23 选择最重要的7个助手"
"translated_combined_w5","restricted_source/w5_charls_CN.dta","db032_s24","numeric","选择最重要的7个助手","","db032_s24 选择最重要的7个助手"
"translated_combined_w5","restricted_source/w5_charls_CN.dta","db032_s25","numeric","选择最重要的7个助手","","db032_s25 选择最重要的7个助手"
"translated_combined_w5","restricted_source/w5_charls_CN.dta","db033_1_","numeric","助手[1]帮助的天数","","db033_1_ 助手[1]帮助的天数"
"translated_combined_w5","restricted_source/w5_charls_CN.dta","db033_2_","numeric","助手[2]帮助的天数","","db033_2_ 助手[2]帮助的天数"
"translated_combined_w5","restricted_source/w5_charls_CN.dta","db033_3_","numeric","天数助手[3] 帮助","","db033_3_ 天数助手[3] 帮助"
"translated_combined_w5","restricted_source/w5_charls_CN.dta","db033_4_","numeric","天数助手[4] 帮助","","db033_4_ 天数助手[4] 帮助"
"translated_combined_w5","restricted_source/w5_charls_CN.dta","db033_5_","numeric","天数助手[5] 帮助","","db033_5_ 天数助手[5] 帮助"
"translated_combined_w5","restricted_source/w5_charls_CN.dta","db033_6_","numeric","天数助手[6] 帮助","","db033_6_ 天数助手[6] 帮助"
"translated_combined_w5","restricted_source/w5_charls_CN.dta","db033_7_","numeric","天数助手[7] 帮助","","db033_7_ 天数助手[7] 帮助"
"translated_combined_w5","restricted_source/w5_charls_CN.dta","db033_8_","numeric","天数助手[8] 帮助","","db033_8_ 天数助手[8] 帮助"
"translated_combined_w5","restricted_source/w5_charls_CN.dta","db033_9_","numeric","天数助手[9] 帮助","","db033_9_ 天数助手[9] 帮助"
"translated_combined_w5","restricted_source/w5_charls_CN.dta","db033_10_","numeric","天数助手[10] 帮助","","db033_10_ 天数助手[10] 帮助"
"translated_combined_w5","restricted_source/w5_charls_CN.dta","db033_11_","numeric","天数助手[11] 帮助","","db033_11_ 天数助手[11] 帮助"
"translated_combined_w5","restricted_source/w5_charls_CN.dta","db033_12_","numeric","天数助手[12] 帮助","","db033_12_ 天数助手[12] 帮助"
"translated_combined_w5","restricted_source/w5_charls_CN.dta","db033_13_","numeric","天数助手[13] 帮助","","db033_13_ 天数助手[13] 帮助"
"translated_combined_w5","restricted_source/w5_charls_CN.dta","db033_14_","numeric","天数助手[14] 帮助","","db033_14_ 天数助手[14] 帮助"
"translated_combined_w5","restricted_source/w5_charls_CN.dta","db033_15_","numeric","天数助手[15] 帮助","","db033_15_ 天数助手[15] 帮助"
"translated_combined_w5","restricted_source/w5_charls_CN.dta","db033_16_","numeric","天数助手[16] 帮助","","db033_16_ 天数助手[16] 帮助"
"translated_combined_w5","restricted_source/w5_charls_CN.dta","db033_17_","numeric","天数助手[17] 帮助","","db033_17_ 天数助手[17] 帮助"
"translated_combined_w5","restricted_source/w5_charls_CN.dta","db033_18_","numeric","天数助手[18] 帮助","","db033_18_ 天数助手[18] 帮助"
"translated_combined_w5","restricted_source/w5_charls_CN.dta","db033_19_","numeric","天数助手[19] 帮助","","db033_19_ 天数助手[19] 帮助"
"translated_combined_w5","restricted_source/w5_charls_CN.dta","db033_20_","numeric","天数助手[20] 帮助","","db033_20_ 天数助手[20] 帮助"
"translated_combined_w5","restricted_source/w5_charls_CN.dta","db033_21_","character","天数助手[21] 帮助","","db033_21_ 天数助手[21] 帮助"
"translated_combined_w5","restricted_source/w5_charls_CN.dta","db033_22_","numeric","天数助手[22] 帮助","","db033_22_ 天数助手[22] 帮助"
"translated_combined_w5","restricted_source/w5_charls_CN.dta","db033_23_","character","天数助手[23] 帮助","","db033_23_ 天数助手[23] 帮助"
"translated_combined_w5","restricted_source/w5_charls_CN.dta","db033_24_","character","天数助手[24] 帮助","","db033_24_ 天数助手[24] 帮助"
"translated_combined_w5","restricted_source/w5_charls_CN.dta","db033_25_","numeric","天数助手[25] 帮助","","db033_25_ 天数助手[25] 帮助"
"translated_combined_w5","restricted_source/w5_charls_CN.dta","db034_1_","numeric","小时助手[1] 帮助","","db034_1_ 小时助手[1] 帮助"
"translated_combined_w5","restricted_source/w5_charls_CN.dta","db034_2_","numeric","小时助手[2] 帮助","","db034_2_ 小时助手[2] 帮助"
"translated_combined_w5","restricted_source/w5_charls_CN.dta","db034_3_","numeric","小时助手[3] 帮助","","db034_3_ 小时助手[3] 帮助"
"translated_combined_w5","restricted_source/w5_charls_CN.dta","db034_4_","numeric","小时助手[4] 帮助","","db034_4_ 小时助手[4] 帮助"
"translated_combined_w5","restricted_source/w5_charls_CN.dta","db034_5_","numeric","小时助手[5] 帮助","","db034_5_ 小时助手[5] 帮助"
"translated_combined_w5","restricted_source/w5_charls_CN.dta","db034_6_","numeric","小时助手[6] 帮助","","db034_6_ 小时助手[6] 帮助"
"translated_combined_w5","restricted_source/w5_charls_CN.dta","db034_7_","numeric","小时助手[7] 帮助","","db034_7_ 小时助手[7] 帮助"
"translated_combined_w5","restricted_source/w5_charls_CN.dta","db034_8_","numeric","小时助手[8] 帮助","","db034_8_ 小时助手[8] 帮助"
"translated_combined_w5","restricted_source/w5_charls_CN.dta","db034_9_","numeric","小时助手[9] 帮助","","db034_9_ 小时助手[9] 帮助"
"translated_combined_w5","restricted_source/w5_charls_CN.dta","db034_10_","numeric","小时助手[10] 帮助","","db034_10_ 小时助手[10] 帮助"
"translated_combined_w5","restricted_source/w5_charls_CN.dta","db034_11_","numeric","小时助手[11] 帮助","","db034_11_ 小时助手[11] 帮助"
"translated_combined_w5","restricted_source/w5_charls_CN.dta","db034_12_","numeric","小时助手[12] 帮助","","db034_12_ 小时助手[12] 帮助"
"translated_combined_w5","restricted_source/w5_charls_CN.dta","db034_13_","numeric","小时助手[13] 帮助","","db034_13_ 小时助手[13] 帮助"
"translated_combined_w5","restricted_source/w5_charls_CN.dta","db034_14_","numeric","小时助手[14] 帮助","","db034_14_ 小时助手[14] 帮助"
"translated_combined_w5","restricted_source/w5_charls_CN.dta","db034_15_","numeric","小时助手[15] 帮助","","db034_15_ 小时助手[15] 帮助"
"translated_combined_w5","restricted_source/w5_charls_CN.dta","db034_16_","numeric","小时助手[16] 帮助","","db034_16_ 小时助手[16] 帮助"
"translated_combined_w5","restricted_source/w5_charls_CN.dta","db034_17_","numeric","小时助手[17] 帮助","","db034_17_ 小时助手[17] 帮助"
"translated_combined_w5","restricted_source/w5_charls_CN.dta","db034_18_","numeric","小时助手[18] 帮助","","db034_18_ 小时助手[18] 帮助"
"translated_combined_w5","restricted_source/w5_charls_CN.dta","db034_19_","numeric","小时助手[19] 帮助","","db034_19_ 小时助手[19] 帮助"
"translated_combined_w5","restricted_source/w5_charls_CN.dta","db034_20_","numeric","小时助手[20] 帮助","","db034_20_ 小时助手[20] 帮助"
"translated_combined_w5","restricted_source/w5_charls_CN.dta","db034_21_","character","小时助手[21] 帮助","","db034_21_ 小时助手[21] 帮助"
"translated_combined_w5","restricted_source/w5_charls_CN.dta","db034_22_","numeric","小时助手[22] 帮助","","db034_22_ 小时助手[22] 帮助"
"translated_combined_w5","restricted_source/w5_charls_CN.dta","db034_23_","character","小时助手[23] 帮助","","db034_23_ 小时助手[23] 帮助"
"translated_combined_w5","restricted_source/w5_charls_CN.dta","db034_24_","character","小时助手[24] 帮助","","db034_24_ 小时助手[24] 帮助"
"translated_combined_w5","restricted_source/w5_charls_CN.dta","db034_25_","numeric","小时助手[25] 帮助","","db034_25_ 小时助手[25] 帮助"
"translated_combined_w5","restricted_source/w5_charls_CN.dta","db035_1_","numeric","助手[1] 住在您的家中","","db035_1_ 助手[1] 住在您的家中"
"translated_combined_w5","restricted_source/w5_charls_CN.dta","db035_2_","numeric","助手[2] 住在您的家中","","db035_2_ 助手[2] 住在您的家中"
"translated_combined_w5","restricted_source/w5_charls_CN.dta","db035_3_","numeric","助手[3] 住在您的家中","","db035_3_ 助手[3] 住在您的家中"
"translated_combined_w5","restricted_source/w5_charls_CN.dta","db035_4_","numeric","助手[4] 住在您的家中","","db035_4_ 助手[4] 住在您的家中"
"translated_combined_w5","restricted_source/w5_charls_CN.dta","db035_5_","numeric","助手[5] 住在您的家中","","db035_5_ 助手[5] 住在您的家中"
"translated_combined_w5","restricted_source/w5_charls_CN.dta","db035_6_","numeric","助手[6] 住在您的家中","","db035_6_ 助手[6] 住在您的家中"
"translated_combined_w5","restricted_source/w5_charls_CN.dta","db035_7_","numeric","助手[7] 住在您的家中","","db035_7_ 助手[7] 住在您的家中"
"translated_combined_w5","restricted_source/w5_charls_CN.dta","db035_8_","numeric","助手[8] 住在您的家中","","db035_8_ 助手[8] 住在您的家中"
"translated_combined_w5","restricted_source/w5_charls_CN.dta","db035_9_","numeric","助手[9] 住在您的家中","","db035_9_ 助手[9] 住在您的家中"
"translated_combined_w5","restricted_source/w5_charls_CN.dta","db035_10_","numeric","助手[10] 住在您的家中","","db035_10_ 助手[10] 住在您的家中"
"translated_combined_w5","restricted_source/w5_charls_CN.dta","db035_11_","numeric","助手[11] 住在您的家中","","db035_11_ 助手[11] 住在您的家中"
"translated_combined_w5","restricted_source/w5_charls_CN.dta","db035_12_","numeric","助手[12] 住在您的家中","","db035_12_ 助手[12] 住在您的家中"
"translated_combined_w5","restricted_source/w5_charls_CN.dta","db035_13_","numeric","助手[13] 住在您的家中","","db035_13_ 助手[13] 住在您的家中"
"translated_combined_w5","restricted_source/w5_charls_CN.dta","db035_14_","numeric","助手[14] 住在您的家中","","db035_14_ 助手[14] 住在您的家中"
"translated_combined_w5","restricted_source/w5_charls_CN.dta","db035_15_","numeric","助手[15] 住在您的家中","","db035_15_ 助手[15] 住在您的家中"
"translated_combined_w5","restricted_source/w5_charls_CN.dta","db035_16_","numeric","助手[16] 住在您的家中","","db035_16_ 助手[16] 住在您的家中"
"translated_combined_w5","restricted_source/w5_charls_CN.dta","db035_17_","numeric","助手[17] 住在您的家中","","db035_17_ 助手[17] 住在您的家中"
"translated_combined_w5","restricted_source/w5_charls_CN.dta","db035_18_","numeric","助手[18] 住在您的家中","","db035_18_ 助手[18] 住在您的家中"
"translated_combined_w5","restricted_source/w5_charls_CN.dta","db035_19_","numeric","助手[19] 住在您的家中","","db035_19_ 助手[19] 住在您的家中"
"translated_combined_w5","restricted_source/w5_charls_CN.dta","db035_20_","numeric","助手[20] 住在您的家中","","db035_20_ 助手[20] 住在您的家中"
"translated_combined_w5","restricted_source/w5_charls_CN.dta","db035_21_","numeric","助手[21] 住在您的家中","","db035_21_ 助手[21] 住在您的家中"
"translated_combined_w5","restricted_source/w5_charls_CN.dta","db035_22_","numeric","助手[22] 住在您的家中","","db035_22_ 助手[22] 住在您的家中"
"translated_combined_w5","restricted_source/w5_charls_CN.dta","db035_23_","numeric","助手[23] 住在您的家中","","db035_23_ 助手[23] 住在您的家中"
"translated_combined_w5","restricted_source/w5_charls_CN.dta","db035_24_","numeric","助手[24] 住在您的家中","","db035_24_ 助手[24] 住在您的家中"
"translated_combined_w5","restricted_source/w5_charls_CN.dta","db035_25_","numeric","助手[25] 住在您家中","","db035_25_ 助手[25] 住在您家中"
"translated_combined_w5","restricted_source/w5_charls_CN.dta","db048","numeric","因疫情而改变的护理接收情况","","db048 因疫情而改变的护理接收情况"
"translated_combined_w5","restricted_source/w5_charls_CN.dta","db036","numeric","未来可能的助手","","db036 未来可能的助手"
"translated_combined_w5","restricted_source/w5_charls_CN.dta","db037_s1","numeric","助手[1] 与您的关系","","db037_s1 助手[1] 与您的关系"
"translated_combined_w5","restricted_source/w5_charls_CN.dta","db037_s2","numeric","助手[2] 与您的关系","","db037_s2 助手[2] 与您的关系"
"translated_combined_w5","restricted_source/w5_charls_CN.dta","db037_s3","numeric","助手[3] 与您的关系","","db037_s3 助手[3] 与您的关系"
"translated_combined_w5","restricted_source/w5_charls_CN.dta","db037_s4","numeric","助手[4] 与您的关系","","db037_s4 助手[4] 与您的关系"
"translated_combined_w5","restricted_source/w5_charls_CN.dta","db037_s5","numeric","助手[5] 与您的关系","","db037_s5 助手[5] 与您的关系"
"translated_combined_w5","restricted_source/w5_charls_CN.dta","db037_s6","numeric","助手[6] 与您的关系","","db037_s6 助手[6] 与您的关系"
"translated_combined_w5","restricted_source/w5_charls_CN.dta","db037_s7","numeric","助手[7] 与您的关系","","db037_s7 助手[7] 与您的关系"
"translated_combined_w5","restricted_source/w5_charls_CN.dta","db037_s8","numeric","助手[8] 与您的关系","","db037_s8 助手[8] 与您的关系"
"translated_combined_w5","restricted_source/w5_charls_CN.dta","db037_s9","numeric","助手[9] 与您的关系","","db037_s9 助手[9] 与您的关系"
"translated_combined_w5","restricted_source/w5_charls_CN.dta","db037_s10","numeric","助手[10] 与您的关系","","db037_s10 助手[10] 与您的关系"
"translated_combined_w5","restricted_source/w5_charls_CN.dta","db037_s11","numeric","助手[11]与您的关系","","db037_s11 助手[11]与您的关系"
"translated_combined_w5","restricted_source/w5_charls_CN.dta","db037_1","numeric","付费助手的数量","","db037_1 付费助手的数量"
"translated_combined_w5","restricted_source/w5_charls_CN.dta","db038_s1","numeric","未来谁会帮助您","","db038_s1 未来谁会帮助您"
"translated_combined_w5","restricted_source/w5_charls_CN.dta","db038_s2","numeric","未来谁会帮助您","","db038_s2 未来谁会帮助您"
"translated_combined_w5","restricted_source/w5_charls_CN.dta","db038_s3","numeric","未来谁会帮助您","","db038_s3 未来谁会帮助您"
"translated_combined_w5","restricted_source/w5_charls_CN.dta","db038_s4","numeric","未来谁会帮助您","","db038_s4 未来谁会帮助您"
"translated_combined_w5","restricted_source/w5_charls_CN.dta","db039_s1","numeric","哪个孩子的家庭会在未来帮助您","","db039_s1 哪个孩子的家庭会在未来帮助您"
"translated_combined_w5","restricted_source/w5_charls_CN.dta","db039_s2","numeric","哪个孩子的家庭会在未来帮助您","","db039_s2 哪个孩子的家庭会在未来帮助您"
"translated_combined_w5","restricted_source/w5_charls_CN.dta","db039_s3","numeric","哪个孩子的家庭会在未来帮助您","","db039_s3 哪个孩子的家庭会在未来帮助您"
"translated_combined_w5","restricted_source/w5_charls_CN.dta","db039_s4","numeric","哪个孩子的家庭会在未来帮助您","","db039_s4 哪个孩子的家庭会在未来帮助您"
"translated_combined_w5","restricted_source/w5_charls_CN.dta","db039_s5","numeric","哪个孩子的家庭会在未来帮助您","","db039_s5 哪个孩子的家庭会在未来帮助您"
"translated_combined_w5","restricted_source/w5_charls_CN.dta","db039_s6","numeric","哪个孩子的家庭会在未来帮助您","","db039_s6 哪个孩子的家庭会在未来帮助您"
"translated_combined_w5","restricted_source/w5_charls_CN.dta","db039_s7","numeric","哪个孩子的家庭会在未来帮助您","","db039_s7 哪个孩子的家庭会在未来帮助您"
"translated_combined_w5","restricted_source/w5_charls_CN.dta","db039_s8","numeric","哪个孩子的家庭将来会帮助你？","","db039_s8 哪个孩子的家庭将来会帮助你？"
"translated_combined_w5","restricted_source/w5_charls_CN.dta","db039_s9","numeric","哪个孩子的家庭将来会帮助你？","","db039_s9 哪个孩子的家庭将来会帮助你？"
"translated_combined_w5","restricted_source/w5_charls_CN.dta","db039_s10","numeric","哪个孩子的家庭将来会帮助你？","","db039_s10 哪个孩子的家庭将来会帮助你？"
"translated_combined_w5","restricted_source/w5_charls_CN.dta","db039_s11","numeric","哪个孩子的家庭将来会帮助你？","","db039_s11 哪个孩子的家庭将来会帮助你？"
"translated_combined_w5","restricted_source/w5_charls_CN.dta","db039_s12","numeric","哪个孩子的家庭将来会帮助你？","","db039_s12 哪个孩子的家庭将来会帮助你？"
"translated_combined_w5","restricted_source/w5_charls_CN.dta","db039_s13","numeric","哪个孩子的家庭将来会帮助你？","","db039_s13 哪个孩子的家庭将来会帮助你？"
"translated_combined_w5","restricted_source/w5_charls_CN.dta","db039_s14","numeric","哪个孩子的家庭将来会帮助你？","","db039_s14 哪个孩子的家庭将来会帮助你？"
"translated_combined_w5","restricted_source/w5_charls_CN.dta","db039_s15","numeric","哪个孩子的家庭将来会帮助你？","","db039_s15 哪个孩子的家庭将来会帮助你？"
"translated_combined_w5","restricted_source/w5_charls_CN.dta","db039_s16","numeric","哪个孩子的家庭将来会帮助你？","","db039_s16 哪个孩子的家庭将来会帮助你？"
"translated_combined_w5","restricted_source/w5_charls_CN.dta","db039_s17","numeric","哪个孩子的家庭将来会帮助你？","","db039_s17 哪个孩子的家庭将来会帮助你？"
"translated_combined_w5","restricted_source/w5_charls_CN.dta","db039_s18","numeric","哪个孩子的家庭将来会帮助你？","","db039_s18 哪个孩子的家庭将来会帮助你？"
"translated_combined_w5","restricted_source/w5_charls_CN.dta","db039_s19","numeric","哪个孩子的家庭将来会帮助你？","","db039_s19 哪个孩子的家庭将来会帮助你？"
"translated_combined_w5","restricted_source/w5_charls_CN.dta","db039_s20","numeric","哪个孩子的家庭将来会帮助你？","","db039_s20 哪个孩子的家庭将来会帮助你？"
"translated_combined_w5","restricted_source/w5_charls_CN.dta","db039_s21","numeric","哪个孩子的家庭将来会帮助你？","","db039_s21 哪个孩子的家庭将来会帮助你？"
"translated_combined_w5","restricted_source/w5_charls_CN.dta","db039_s22","numeric","哪个孩子的家庭将来会帮助你？","","db039_s22 哪个孩子的家庭将来会帮助你？"
"translated_combined_w5","restricted_source/w5_charls_CN.dta","db039_s23","numeric","哪个孩子的家庭将来会帮助你？","","db039_s23 哪个孩子的家庭将来会帮助你？"
"translated_combined_w5","restricted_source/w5_charls_CN.dta","db039_s24","numeric","哪个孩子的家庭将来会帮助你？","","db039_s24 哪个孩子的家庭将来会帮助你？"
"translated_combined_w5","restricted_source/w5_charls_CN.dta","db039_s25","numeric","哪个孩子的家庭将来会帮助你？","","db039_s25 哪个孩子的家庭将来会帮助你？"
"translated_combined_w5","restricted_source/w5_charls_CN.dta","db039_s26","numeric","哪个孩子的家庭将来会帮助你？","","db039_s26 哪个孩子的家庭将来会帮助你？"
"translated_combined_w5","restricted_source/w5_charls_CN.dta","db039_s27","numeric","哪个孩子的家庭将来会帮助你？","","db039_s27 哪个孩子的家庭将来会帮助你？"
"translated_combined_w5","restricted_source/w5_charls_CN.dta","db039_s28","numeric","哪个孩子的家庭将来会帮助你？","","db039_s28 哪个孩子的家庭将来会帮助你？"
"translated_combined_w5","restricted_source/w5_charls_CN.dta","db039_s29","numeric","哪个孩子的家庭将来会帮助你？","","db039_s29 哪个孩子的家庭将来会帮助你？"
"translated_combined_w5","restricted_source/w5_charls_CN.dta","db039_s30","numeric","哪个孩子的家庭将来会帮助你？","","db039_s30 哪个孩子的家庭将来会帮助你？"
"translated_combined_w5","restricted_source/w5_charls_CN.dta","db039_s31","numeric","哪个孩子的家庭将来会帮助你？","","db039_s31 哪个孩子的家庭将来会帮助你？"
"translated_combined_w5","restricted_source/w5_charls_CN.dta","db039_s32","numeric","哪个孩子的家庭将来会帮助你？","","db039_s32 哪个孩子的家庭将来会帮助你？"
"translated_combined_w5","restricted_source/w5_charls_CN.dta","db039_s33","numeric","哪个孩子的家庭将来会帮助你？","","db039_s33 哪个孩子的家庭将来会帮助你？"
"translated_combined_w5","restricted_source/w5_charls_CN.dta","db039_s34","numeric","哪个孩子的家庭将来会帮助你？","","db039_s34 哪个孩子的家庭将来会帮助你？"
"translated_combined_w5","restricted_source/w5_charls_CN.dta","db039_s35","numeric","哪个孩子的家庭将来会帮助你？","","db039_s35 哪个孩子的家庭将来会帮助你？"
"translated_combined_w5","restricted_source/w5_charls_CN.dta","db040_s1","numeric","哪个兄弟姐妹的家庭会帮助你？","","db040_s1 哪个兄弟姐妹的家庭会帮助你？"
"translated_combined_w5","restricted_source/w5_charls_CN.dta","db040_s2","numeric","哪个兄弟姐妹的家庭会帮助你？","","db040_s2 哪个兄弟姐妹的家庭会帮助你？"
"translated_combined_w5","restricted_source/w5_charls_CN.dta","db040_s3","numeric","哪个兄弟姐妹的家庭会帮助你？","","db040_s3 哪个兄弟姐妹的家庭会帮助你？"
"translated_combined_w5","restricted_source/w5_charls_CN.dta","db040_s4","numeric","哪个兄弟姐妹的家庭会帮助你？","","db040_s4 哪个兄弟姐妹的家庭会帮助你？"
"translated_combined_w5","restricted_source/w5_charls_CN.dta","db040_s5","numeric","哪个兄弟姐妹的家庭会帮助你？","","db040_s5 哪个兄弟姐妹的家庭会帮助你？"
"translated_combined_w5","restricted_source/w5_charls_CN.dta","db040_s6","numeric","哪个兄弟姐妹的家庭会帮助你？","","db040_s6 哪个兄弟姐妹的家庭会帮助你？"
"translated_combined_w5","restricted_source/w5_charls_CN.dta","db040_s7","numeric","哪个兄弟姐妹的家庭会帮助你？","","db040_s7 哪个兄弟姐妹的家庭会帮助你？"
"translated_combined_w5","restricted_source/w5_charls_CN.dta","db040_s8","numeric","哪个兄弟姐妹的家庭会帮助你？","","db040_s8 哪个兄弟姐妹的家庭会帮助你？"
"translated_combined_w5","restricted_source/w5_charls_CN.dta","db040_s9","numeric","哪个兄弟姐妹的家庭会帮助你？","","db040_s9 哪个兄弟姐妹的家庭会帮助你？"
"translated_combined_w5","restricted_source/w5_charls_CN.dta","db040_s10","numeric","哪个兄弟姐妹的家庭会帮助你？","","db040_s10 哪个兄弟姐妹的家庭会帮助你？"
"translated_combined_w5","restricted_source/w5_charls_CN.dta","db040_s11","numeric","哪个兄弟姐妹的家庭会帮助你？","","db040_s11 哪个兄弟姐妹的家庭会帮助你？"
"translated_combined_w5","restricted_source/w5_charls_CN.dta","db040_s12","numeric","哪个兄弟姐妹的家庭会帮助你？","","db040_s12 哪个兄弟姐妹的家庭会帮助你？"
"translated_combined_w5","restricted_source/w5_charls_CN.dta","db040_s13","numeric","哪个兄弟姐妹的家庭会帮助你？","","db040_s13 哪个兄弟姐妹的家庭会帮助你？"
"translated_combined_w5","restricted_source/w5_charls_CN.dta","db040_s14","numeric","哪个兄弟姐妹的家庭会帮助你？","","db040_s14 哪个兄弟姐妹的家庭会帮助你？"
"translated_combined_w5","restricted_source/w5_charls_CN.dta","db040_s15","numeric","哪个兄弟姐妹的家庭会帮助你？","","db040_s15 哪个兄弟姐妹的家庭会帮助你？"
"translated_combined_w5","restricted_source/w5_charls_CN.dta","db040_s16","numeric","哪个兄弟姐妹的家庭会帮助你？","","db040_s16 哪个兄弟姐妹的家庭会帮助你？"
"translated_combined_w5","restricted_source/w5_charls_CN.dta","db040_s17","numeric","哪个兄弟姐妹的家庭会帮助你？","","db040_s17 哪个兄弟姐妹的家庭会帮助你？"
"translated_combined_w5","restricted_source/w5_charls_CN.dta","db040_s18","numeric","哪个兄弟姐妹的家庭会帮助你？","","db040_s18 哪个兄弟姐妹的家庭会帮助你？"
"translated_combined_w5","restricted_source/w5_charls_CN.dta","db040_s19","numeric","哪个兄弟姐妹的家庭会帮助你？","","db040_s19 哪个兄弟姐妹的家庭会帮助你？"
"translated_combined_w5","restricted_source/w5_charls_CN.dta","db040_s20","numeric","哪个兄弟姐妹的家庭会帮助你？","","db040_s20 哪个兄弟姐妹的家庭会帮助你？"
"translated_combined_w5","restricted_source/w5_charls_CN.dta","db040_s21","numeric","哪个兄弟姐妹的家庭会帮助你？","","db040_s21 哪个兄弟姐妹的家庭会帮助你？"
"translated_combined_w5","restricted_source/w5_charls_CN.dta","db040_s22","numeric","哪个兄弟姐妹的家庭会帮助你？","","db040_s22 哪个兄弟姐妹的家庭会帮助你？"
"translated_combined_w5","restricted_source/w5_charls_CN.dta","db040_s23","numeric","哪个兄弟姐妹的家庭会帮助你？","","db040_s23 哪个兄弟姐妹的家庭会帮助你？"
"translated_combined_w5","restricted_source/w5_charls_CN.dta","db040_s24","numeric","哪个兄弟姐妹的家庭会帮助你？","","db040_s24 哪个兄弟姐妹的家庭会帮助你？"
"translated_combined_w5","restricted_source/w5_charls_CN.dta","db040_s25","numeric","哪个兄弟姐妹的家庭会帮助你？","","db040_s25 哪个兄弟姐妹的家庭会帮助你？"
"translated_combined_w5","restricted_source/w5_charls_CN.dta","db040_s26","numeric","哪个兄弟姐妹的家庭会帮助你？","","db040_s26 哪个兄弟姐妹的家庭会帮助你？"
"translated_combined_w5","restricted_source/w5_charls_CN.dta","db040_s27","numeric","哪个兄弟姐妹的家庭会帮助你？","","db040_s27 哪个兄弟姐妹的家庭会帮助你？"
"translated_combined_w5","restricted_source/w5_charls_CN.dta","db040_s28","numeric","哪个兄弟姐妹的家庭会帮助你？","","db040_s28 哪个兄弟姐妹的家庭会帮助你？"
"translated_combined_w5","restricted_source/w5_charls_CN.dta","db040_s29","numeric","哪个兄弟姐妹的家庭会帮助你？","","db040_s29 哪个兄弟姐妹的家庭会帮助你？"
"translated_combined_w5","restricted_source/w5_charls_CN.dta","db040_s30","numeric","哪个兄弟姐妹的家庭会帮助你？","","db040_s30 哪个兄弟姐妹的家庭会帮助你？"
"translated_combined_w5","restricted_source/w5_charls_CN.dta","db040_s31","numeric","哪个兄弟姐妹的家庭会帮助你？","","db040_s31 哪个兄弟姐妹的家庭会帮助你？"
"translated_combined_w5","restricted_source/w5_charls_CN.dta","db040_s32","numeric","哪个兄弟姐妹的家庭会帮助你？","","db040_s32 哪个兄弟姐妹的家庭会帮助你？"
"translated_combined_w5","restricted_source/w5_charls_CN.dta","db040_s33","numeric","哪个兄弟姐妹的家庭会帮助你","","db040_s33 哪个兄弟姐妹的家庭会帮助你"
"translated_combined_w5","restricted_source/w5_charls_CN.dta","db040_s34","numeric","哪个兄弟姐妹的家庭会帮助你","","db040_s34 哪个兄弟姐妹的家庭会帮助你"
"translated_combined_w5","restricted_source/w5_charls_CN.dta","db040_s35","numeric","哪个兄弟姐妹的家庭会帮助你","","db040_s35 哪个兄弟姐妹的家庭会帮助你"
"translated_combined_w5","restricted_source/w5_charls_CN.dta","db040_s36","numeric","哪个兄弟姐妹的家庭会帮助你","","db040_s36 哪个兄弟姐妹的家庭会帮助你"
"translated_combined_w5","restricted_source/w5_charls_CN.dta","db040_s37","numeric","哪个兄弟姐妹的家庭会帮助你","","db040_s37 哪个兄弟姐妹的家庭会帮助你"
"translated_combined_w5","restricted_source/w5_charls_CN.dta","db040_s38","numeric","哪个兄弟姐妹的家庭会帮助你","","db040_s38 哪个兄弟姐妹的家庭会帮助你"
"translated_combined_w5","restricted_source/w5_charls_CN.dta","db040_s39","numeric","哪个兄弟姐妹的家庭会帮助你","","db040_s39 哪个兄弟姐妹的家庭会帮助你"
"translated_combined_w5","restricted_source/w5_charls_CN.dta","db040_s40","numeric","哪个兄弟姐妹的家庭会帮助你","","db040_s40 哪个兄弟姐妹的家庭会帮助你"
"translated_combined_w5","restricted_source/w5_charls_CN.dta","db041","numeric","亲属帮助的数量","","db041 亲属帮助的数量"
"translated_combined_w5","restricted_source/w5_charls_CN.dta","db042","numeric","其他人帮助的数量","","db042 其他人帮助的数量"
"translated_combined_w5","restricted_source/w5_charls_CN.dta","db043","numeric","因残疾或健康原因无法工作","","db043 因残疾或健康原因无法工作"
"translated_combined_w5","restricted_source/w5_charls_CN.dta","db044","numeric","因残疾或健康原因无法做家务","","db044 因残疾或健康原因无法做家务"
"translated_combined_w5","restricted_source/w5_charls_CN.dta","db045","numeric","受访者接受援助的频率","","db045 受访者接受援助的频率"
"translated_combined_w5","restricted_source/w5_charls_CN.dta","db046","numeric","与 R 的关系","","db046 与 R 的关系"
"translated_combined_w5","restricted_source/w5_charls_CN.dta","db047","numeric","代理的主要原因","","db047 代理的主要原因"
"translated_combined_w5","restricted_source/w5_charls_CN.dta","dc001","numeric","检查年份","","dc001 检查年份"
"translated_combined_w5","restricted_source/w5_charls_CN.dta","dc002","numeric","检查季节","","dc002 检查季节"
"translated_combined_w5","restricted_source/w5_charls_CN.dta","dc003","numeric","检查日期","","dc003 检查日期"
"translated_combined_w5","restricted_source/w5_charls_CN.dta","dc004","numeric","检查天数","","dc004 检查天数"
"translated_combined_w5","restricted_source/w5_charls_CN.dta","dc005","numeric","检查月份","","dc005 检查月份"
"translated_combined_w5","restricted_source/w5_charls_CN.dta","dc006","numeric","自我评估记忆","","dc006 自我评估记忆"
"translated_combined_w5","restricted_source/w5_charls_CN.dta","dc007_1","numeric","100-7 的结果","","dc007_1 100-7 的结果"
"translated_combined_w5","restricted_source/w5_charls_CN.dta","dc007_1_1","numeric","100-7 的具体结果","","dc007_1_1 100-7 的具体结果"
"translated_combined_w5","restricted_source/w5_charls_CN.dta","dc007_2","numeric","dc007_1_1-7 的结果","","dc007_2 dc007_1_1-7 的结果"
"translated_combined_w5","restricted_source/w5_charls_CN.dta","dc007_2_1","numeric","dc007_1_1-7 的具体结果","","dc007_2_1 dc007_1_1-7 的具体结果"
"translated_combined_w5","restricted_source/w5_charls_CN.dta","dc007_3","numeric","dc007_2_1-7 的结果","","dc007_3 dc007_2_1-7 的结果"
"translated_combined_w5","restricted_source/w5_charls_CN.dta","dc007_3_1","numeric","dc007_2_1-7 的具体结果","","dc007_3_1 dc007_2_1-7 的具体结果"
"translated_combined_w5","restricted_source/w5_charls_CN.dta","dc007_4","numeric","dc007_4_1-7 的结果","","dc007_4 dc007_4_1-7 的结果"
"translated_combined_w5","restricted_source/w5_charls_CN.dta","dc007_4_1","numeric","dc007_3_1-7的具体结果","","dc007_4_1 dc007_3_1-7的具体结果"
"translated_combined_w5","restricted_source/w5_charls_CN.dta","dc007_5","numeric","dc007_4_1-7的结果","","dc007_5 dc007_4_1-7的结果"
"translated_combined_w5","restricted_source/w5_charls_CN.dta","dc007_5_1","numeric","dc007_4_1-7的具体结果","","dc007_5_1 dc007_4_1-7的具体结果"
"translated_combined_w5","restricted_source/w5_charls_CN.dta","dc008","numeric","使用笔纸或其他工具进行数学","","dc008 使用笔纸或其他工具进行数学"
"translated_combined_w5","restricted_source/w5_charls_CN.dta","dc009","numeric","绘画","","dc009 绘画"
"translated_combined_w5","restricted_source/w5_charls_CN.dta","dc010_1","numeric","理解WR测试","","dc010_1 理解WR测试"
"translated_combined_w5","restricted_source/w5_charls_CN.dta","dc010_2","numeric","理解WR测试","","dc010_2 理解WR测试"
"translated_combined_w5","restricted_source/w5_charls_CN.dta","dc010_3","numeric","理解WR测试","","dc010_3 理解WR测试"
"translated_combined_w5","restricted_source/w5_charls_CN.dta","dc011_s1","numeric","拒绝单词回忆测试的原因","","dc011_s1 拒绝单词回忆测试的原因"
"translated_combined_w5","restricted_source/w5_charls_CN.dta","dc011_s2","numeric","拒绝单词回忆测试的原因","","dc011_s2 拒绝单词回忆测试的原因"
"translated_combined_w5","restricted_source/w5_charls_CN.dta","dc011_s3","numeric","拒绝单词回忆测试的原因","","dc011_s3 拒绝单词回忆测试的原因"
"translated_combined_w5","restricted_source/w5_charls_CN.dta","dc011_s4","numeric","拒绝单词回忆测试的原因","","dc011_s4 拒绝单词回忆测试的原因"
"translated_combined_w5","restricted_source/w5_charls_CN.dta","dc011_s5","numeric","拒绝单词回忆测试的原因","","dc011_s5 拒绝单词回忆测试的原因"
"translated_combined_w5","restricted_source/w5_charls_CN.dta","dc012_s1","numeric","词汇表[9]","","dc012_s1 词汇表[9]"
"translated_combined_w5","restricted_source/w5_charls_CN.dta","dc012_s2","numeric","词汇表[3]","","dc012_s2 词汇表[3]"
"translated_combined_w5","restricted_source/w5_charls_CN.dta","dc012_s3","numeric","词汇表[1]","","dc012_s3 词汇表[1]"
"translated_combined_w5","restricted_source/w5_charls_CN.dta","dc012_s4","numeric","词汇表[2]","","dc012_s4 词汇表[2]"
"translated_combined_w5","restricted_source/w5_charls_CN.dta","dc012_s5","numeric","词汇表[10]","","dc012_s5 词汇表[10]"
"translated_combined_w5","restricted_source/w5_charls_CN.dta","dc012_s6","numeric","词汇表[4]","","dc012_s6 词汇表[4]"
"translated_combined_w5","restricted_source/w5_charls_CN.dta","dc012_s7","numeric","词汇表[5]","","dc012_s7 词汇表[5]"
"translated_combined_w5","restricted_source/w5_charls_CN.dta","dc012_s8","numeric","词汇表[6]","","dc012_s8 词汇表[6]"
"translated_combined_w5","restricted_source/w5_charls_CN.dta","dc012_s9","numeric","词汇表[8]","","dc012_s9 词汇表[8]"
"translated_combined_w5","restricted_source/w5_charls_CN.dta","dc012_s10","numeric","词汇表[7]","","dc012_s10 词汇表[7]"
"translated_combined_w5","restricted_source/w5_charls_CN.dta","dc012_s11","numeric","以上都不是","","dc012_s11 以上都不是"
"translated_combined_w5","restricted_source/w5_charls_CN.dta","dc012_s12","numeric","拒绝回忆","","dc012_s12 拒绝回忆"
"translated_combined_w5","restricted_source/w5_charls_CN.dta","dc012_s13","numeric","无法理解或无法进行测试","","dc012_s13 无法理解或无法进行测试"
"translated_combined_w5","restricted_source/w5_charls_CN.dta","dc013_s1","numeric","词汇表[5]","","dc013_s1 词汇表[5]"
"translated_combined_w5","restricted_source/w5_charls_CN.dta","dc013_s2","numeric","词汇表[2]","","dc013_s2 词汇表[2]"
"translated_combined_w5","restricted_source/w5_charls_CN.dta","dc013_s3","numeric","词汇表[9]","","dc013_s3 词汇表[9]"
"translated_combined_w5","restricted_source/w5_charls_CN.dta","dc013_s4","numeric","词汇表[10]","","dc013_s4 词汇表[10]"
"translated_combined_w5","restricted_source/w5_charls_CN.dta","dc013_s5","numeric","词汇表[3]","","dc013_s5 词汇表[3]"
"translated_combined_w5","restricted_source/w5_charls_CN.dta","dc013_s6","numeric","词汇表[1]","","dc013_s6 词汇表[1]"
"translated_combined_w5","restricted_source/w5_charls_CN.dta","dc013_s7","numeric","词汇表[8]","","dc013_s7 词汇表[8]"
"translated_combined_w5","restricted_source/w5_charls_CN.dta","dc013_s8","numeric","词汇表[4]","","dc013_s8 词汇表[4]"
"translated_combined_w5","restricted_source/w5_charls_CN.dta","dc013_s9","numeric","词汇表[6]","","dc013_s9 词汇表[6]"
"translated_combined_w5","restricted_source/w5_charls_CN.dta","dc013_s10","numeric","词汇表[7]","","dc013_s10 词汇表[7]"
"translated_combined_w5","restricted_source/w5_charls_CN.dta","dc013_s11","numeric","以上皆非","","dc013_s11 以上皆非"
"translated_combined_w5","restricted_source/w5_charls_CN.dta","dc013_s12","numeric","拒绝回忆","","dc013_s12 拒绝回忆"
"translated_combined_w5","restricted_source/w5_charls_CN.dta","dc014_s1","numeric","词汇表[1]","","dc014_s1 词汇表[1]"
"translated_combined_w5","restricted_source/w5_charls_CN.dta","dc014_s2","numeric","词汇表[2]","","dc014_s2 词汇表[2]"
"translated_combined_w5","restricted_source/w5_charls_CN.dta","dc014_s3","numeric","词汇表[3]","","dc014_s3 词汇表[3]"
"translated_combined_w5","restricted_source/w5_charls_CN.dta","dc014_s4","numeric","词汇表[4]","","dc014_s4 词汇表[4]"
"translated_combined_w5","restricted_source/w5_charls_CN.dta","dc014_s5","numeric","词汇表[5]","","dc014_s5 词汇表[5]"
"translated_combined_w5","restricted_source/w5_charls_CN.dta","dc014_s6","numeric","词汇表[6]","","dc014_s6 词汇表[6]"
"translated_combined_w5","restricted_source/w5_charls_CN.dta","dc014_s7","numeric","词汇表[7]","","dc014_s7 词汇表[7]"
"translated_combined_w5","restricted_source/w5_charls_CN.dta","dc014_s8","numeric","词汇表[8]","","dc014_s8 词汇表[8]"
"translated_combined_w5","restricted_source/w5_charls_CN.dta","dc014_s9","numeric","词汇表[9]","","dc014_s9 词汇表[9]"
"translated_combined_w5","restricted_source/w5_charls_CN.dta","dc014_s10","numeric","词汇表[10]","","dc014_s10 词汇表[10]"
"translated_combined_w5","restricted_source/w5_charls_CN.dta","dc014_s11","numeric","以上皆非","","dc014_s11 以上皆非"
"translated_combined_w5","restricted_source/w5_charls_CN.dta","dc014_s12","numeric","拒绝回忆","","dc014_s12 拒绝回忆"
"translated_combined_w5","restricted_source/w5_charls_CN.dta","dc015_s1","numeric","以下任何情况是否适用","","dc015_s1 以下任何情况是否适用"
"translated_combined_w5","restricted_source/w5_charls_CN.dta","dc015_s2","numeric","以下任何情况是否适用","","dc015_s2 以下任何情况是否适用"
"translated_combined_w5","restricted_source/w5_charls_CN.dta","dc015_s3","numeric","以下任何情况是否适用","","dc015_s3 以下任何情况是否适用"
"translated_combined_w5","restricted_source/w5_charls_CN.dta","dc016","numeric","被事情困扰","","dc016 被事情困扰"
"translated_combined_w5","restricted_source/w5_charls_CN.dta","dc017","numeric","难以集中注意力","","dc017 难以集中注意力"
"translated_combined_w5","restricted_source/w5_charls_CN.dta","dc018","numeric","感到沮丧","","dc018 感到沮丧"
"translated_combined_w5","restricted_source/w5_charls_CN.dta","dc019","numeric","我觉得我所做的一切都是一种努力","","dc019 我觉得我所做的一切都是一种努力"
"translated_combined_w5","restricted_source/w5_charls_CN.dta","dc020","numeric","我对未来感到希望","","dc020 我对未来感到希望"
"translated_combined_w5","restricted_source/w5_charls_CN.dta","dc021","numeric","我感到恐惧","","dc021 我感到恐惧"
"translated_combined_w5","restricted_source/w5_charls_CN.dta","dc022","numeric","我的睡眠不安宁","","dc022 我的睡眠不安宁"
"translated_combined_w5","restricted_source/w5_charls_CN.dta","dc023","numeric","我很快乐","","dc023 我很快乐"
"translated_combined_w5","restricted_source/w5_charls_CN.dta","dc024","numeric","我感到孤独","","dc024 我感到孤独"
"translated_combined_w5","restricted_source/w5_charls_CN.dta","dc025","numeric","我无法融入","","dc025 我无法融入"
"translated_combined_w5","restricted_source/w5_charls_CN.dta","dc026","numeric","生活满意度","","dc026 生活满意度"
"translated_combined_w5","restricted_source/w5_charls_CN.dta","dc027","numeric","儿童满意度","","dc027 儿童满意度"
"translated_combined_w5","restricted_source/w5_charls_CN.dta","dc028_s1","numeric","词汇表[1]","","dc028_s1 词汇表[1]"
"translated_combined_w5","restricted_source/w5_charls_CN.dta","dc028_s2","numeric","词汇表[2]","","dc028_s2 词汇表[2]"
"translated_combined_w5","restricted_source/w5_charls_CN.dta","dc028_s3","numeric","词汇表[3]","","dc028_s3 词汇表[3]"
"translated_combined_w5","restricted_source/w5_charls_CN.dta","dc028_s4","numeric","词汇表[4]","","dc028_s4 词汇表[4]"
"translated_combined_w5","restricted_source/w5_charls_CN.dta","dc028_s5","numeric","词汇表[5]","","dc028_s5 词汇表[5]"
"translated_combined_w5","restricted_source/w5_charls_CN.dta","dc028_s6","numeric","词汇表[6]","","dc028_s6 词汇表[6]"
"translated_combined_w5","restricted_source/w5_charls_CN.dta","dc028_s7","numeric","词汇表[7]","","dc028_s7 词汇表[7]"
"translated_combined_w5","restricted_source/w5_charls_CN.dta","dc028_s8","numeric","词汇表[8]","","dc028_s8 词汇表[8]"
"translated_combined_w5","restricted_source/w5_charls_CN.dta","dc028_s9","numeric","词汇表[9]","","dc028_s9 词汇表[9]"
"translated_combined_w5","restricted_source/w5_charls_CN.dta","dc028_s10","numeric","词汇表[10]","","dc028_s10 词汇表[10]"
"translated_combined_w5","restricted_source/w5_charls_CN.dta","dc028_s11","numeric","以上皆非","","dc028_s11 以上皆非"
"translated_combined_w5","restricted_source/w5_charls_CN.dta","dc028_s12","numeric","拒绝回忆","","dc028_s12 拒绝回忆"
"translated_combined_w5","restricted_source/w5_charls_CN.dta","dc029_s1","numeric","在受访者访谈期间发生的事情","","dc029_s1 在受访者访谈期间发生的事情"
"translated_combined_w5","restricted_source/w5_charls_CN.dta","dc029_s2","numeric","在受访者访谈期间发生的事情","","dc029_s2 在受访者访谈期间发生的事情"
"translated_combined_w5","restricted_source/w5_charls_CN.dta","dc029_s3","numeric","在受访者访谈期间发生的事情","","dc029_s3 在受访者访谈期间发生的事情"
"translated_combined_w5","restricted_source/w5_charls_CN.dta","dc029_s4","numeric","在受访者访谈期间发生的事情","","dc029_s4 在受访者访谈期间发生的事情"
"translated_combined_w5","restricted_source/w5_charls_CN.dta","dc029_s5","numeric","在受访者访谈期间发生的事情","","dc029_s5 在受访者访谈期间发生的事情"
"translated_combined_w5","restricted_source/w5_charls_CN.dta","dc029_s6","numeric","在受访者访谈期间发生的事情","","dc029_s6 在受访者访谈期间发生的事情"
"translated_combined_w5","restricted_source/w5_charls_CN.dta","dc029_s7","numeric","在受访者访谈期间发生的事情","","dc029_s7 在受访者访谈期间发生的事情"
"translated_combined_w5","restricted_source/w5_charls_CN.dta","dc029_s8","numeric","在受访者访谈期间发生的事情","","dc029_s8 在受访者访谈期间发生的事情"
"translated_combined_w5","restricted_source/w5_charls_CN.dta","dc030","numeric","访谈者使用的语言","","dc030 访谈者使用的语言"
"translated_combined_w5","restricted_source/w5_charls_CN.dta","xchrodistype_1_","character","疾病名称[1]","","xchrodistype_1_ 疾病名称[1]"
"translated_combined_w5","restricted_source/w5_charls_CN.dta","xchrodistype_2_","character","疾病名称 [2]","","xchrodistype_2_ 疾病名称 [2]"
"translated_combined_w5","restricted_source/w5_charls_CN.dta","xchrodistype_3_","character","疾病名称 [3]","","xchrodistype_3_ 疾病名称 [3]"
"translated_combined_w5","restricted_source/w5_charls_CN.dta","xchrodistype_4_","character","疾病名称 [4]","","xchrodistype_4_ 疾病名称 [4]"
"translated_combined_w5","restricted_source/w5_charls_CN.dta","xchrodistype_5_","character","疾病名称 [5]","","xchrodistype_5_ 疾病名称 [5]"
"translated_combined_w5","restricted_source/w5_charls_CN.dta","xchrodistype_6_","character","疾病名称 [6]","","xchrodistype_6_ 疾病名称 [6]"
"translated_combined_w5","restricted_source/w5_charls_CN.dta","xchrodistype_7_","character","疾病名称 [7]","","xchrodistype_7_ 疾病名称 [7]"
"translated_combined_w5","restricted_source/w5_charls_CN.dta","xchrodistype_8_","character","疾病名称 [8]","","xchrodistype_8_ 疾病名称 [8]"
"translated_combined_w5","restricted_source/w5_charls_CN.dta","xchrodistype_9_","character","疾病名称 [9]","","xchrodistype_9_ 疾病名称 [9]"
"translated_combined_w5","restricted_source/w5_charls_CN.dta","xchrodistype_10_","character","疾病名称 [10]","","xchrodistype_10_ 疾病名称 [10]"
"translated_combined_w5","restricted_source/w5_charls_CN.dta","xchrodistype_11_","character","疾病名称 [11]","","xchrodistype_11_ 疾病名称 [11]"
"translated_combined_w5","restricted_source/w5_charls_CN.dta","xchrodistype_12_","character","疾病名称 [12]","","xchrodistype_12_ 疾病名称 [12]"
"translated_combined_w5","restricted_source/w5_charls_CN.dta","xchrodistype_13_","character","疾病名称 [13]","","xchrodistype_13_ 疾病名称 [13]"
"translated_combined_w5","restricted_source/w5_charls_CN.dta","xchrodistype_14_","character","疾病名称 [14]","","xchrodistype_14_ 疾病名称 [14]"
"translated_combined_w5","restricted_source/w5_charls_CN.dta","xchrodistype_15_","character","疾病名称 [15]","","xchrodistype_15_ 疾病名称 [15]"
"translated_combined_w5","restricted_source/w5_charls_CN.dta","xfagepossibility","numeric","特定生命预期","","xfagepossibility 特定生命预期"
"translated_combined_w5","restricted_source/w5_charls_CN.dta","xpsyacttype_1_","character","强度身体活动","","xpsyacttype_1_ 强度身体活动"
"translated_combined_w5","restricted_source/w5_charls_CN.dta","xpsyacttype_2_","character","中等身体活动","","xpsyacttype_2_ 中等身体活动"
"translated_combined_w5","restricted_source/w5_charls_CN.dta","xpsyacttype_3_","character","轻度身体活动","","xpsyacttype_3_ 轻度身体活动"
"translated_combined_w5","restricted_source/w5_charls_CN.dta","xsoctype_1_","character","与朋友互动","","xsoctype_1_ 与朋友互动"
"translated_combined_w5","restricted_source/w5_charls_CN.dta","xsoctype_2_","character","打麻将、下棋、打牌或参加社区俱乐部","","xsoctype_2_ 打麻将、下棋、打牌或参加社区俱乐部"
"translated_combined_w5","restricted_source/w5_charls_CN.dta","xsoctype_3_","character","为不与您同住的家人、朋友或邻居提供帮助","","xsoctype_3_ 为不与您同住的家人、朋友或邻居提供帮助"
"translated_combined_w5","restricted_source/w5_charls_CN.dta","xsoctype_4_","character","参加体育、社交或其他类型的俱乐部","","xsoctype_4_ 参加体育、社交或其他类型的俱乐部"
"translated_combined_w5","restricted_source/w5_charls_CN.dta","xsoctype_5_","character","参与社区相关组织","","xsoctype_5_ 参与社区相关组织"
"translated_combined_w5","restricted_source/w5_charls_CN.dta","xsoctype_6_","character","做志愿者或慈善工作，或照顾生病或残疾的成年人","","xsoctype_6_ 做志愿者或慈善工作，或照顾生病或残疾的成年人"
"translated_combined_w5","restricted_source/w5_charls_CN.dta","xsoctype_7_","character","参加教育或培训课程","","xsoctype_7_ 参加教育或培训课程"
"translated_combined_w5","restricted_source/w5_charls_CN.dta","xsoctype_8_","character","其他","","xsoctype_8_ 其他"
"translated_combined_w5","restricted_source/w5_charls_CN.dta","xhelperselect","numeric","是否有助手","","xhelperselect 是否有助手"
"translated_combined_w5","restricted_source/w5_charls_CN.dta","xhelpernum","numeric","助手数量","","xhelpernum 助手数量"
"translated_combined_w5","restricted_source/w5_charls_CN.dta","xselectnum","numeric","选择的数量","","xselectnum 选择的数量"
"translated_combined_w5","restricted_source/w5_charls_CN.dta","xhelpercurrent","numeric","当前是否有助手","","xhelpercurrent 当前是否有助手"
"translated_combined_w5","restricted_source/w5_charls_CN.dta","xwordlist_1_","character","词汇表[1]","","xwordlist_1_ 词汇表[1]"
"translated_combined_w5","restricted_source/w5_charls_CN.dta","xwordlist_2_","character","词汇表[2]","","xwordlist_2_ 词汇表[2]"
"translated_combined_w5","restricted_source/w5_charls_CN.dta","xwordlist_3_","character","词汇表[3]","","xwordlist_3_ 词汇表[3]"
"translated_combined_w5","restricted_source/w5_charls_CN.dta","xwordlist_4_","character","词汇表[4]","","xwordlist_4_ 词汇表[4]"
"translated_combined_w5","restricted_source/w5_charls_CN.dta","xwordlist_5_","character","词汇表[5]","","xwordlist_5_ 词汇表[5]"
"translated_combined_w5","restricted_source/w5_charls_CN.dta","xwordlist_6_","character","词汇表[6]","","xwordlist_6_ 词汇表[6]"
"translated_combined_w5","restricted_source/w5_charls_CN.dta","xwordlist_7_","character","词汇表[7]","","xwordlist_7_ 词汇表[7]"
"translated_combined_w5","restricted_source/w5_charls_CN.dta","xwordlist_8_","character","词汇表[8]","","xwordlist_8_ 词汇表[8]"
"translated_combined_w5","restricted_source/w5_charls_CN.dta","xwordlist_9_","character","词汇表[9]","","xwordlist_9_ 词汇表[9]"
"translated_combined_w5","restricted_source/w5_charls_CN.dta","xwordlist_10_","character","词汇表[10]","","xwordlist_10_ 词汇表[10]"
"translated_combined_w5","restricted_source/w5_charls_CN.dta","xwordrecallbr","numeric","有即时 WR 测试","","xwordrecallbr 有即时 WR 测试"
"translated_combined_w5","restricted_source/w5_charls_CN.dta","zsmoke","numeric","最近 IW 时间内吸烟","","zsmoke 最近 IW 时间内吸烟"
"translated_combined_w5","restricted_source/w5_charls_CN.dta","zchildnum","numeric","最近 IW 时间内的孩子数量","","zchildnum 最近 IW 时间内的孩子数量"
"translated_combined_w5","restricted_source/w5_charls_CN.dta","zdisease_1_","numeric","在 ZIW 时间内列在 DA007 中的医生诊断疾病[1]","","zdisease_1_ 在 ZIW 时间内列在 DA007 中的医生诊断疾病[1]"
"translated_combined_w5","restricted_source/w5_charls_CN.dta","zdisease_2_","numeric","在 ZIW 时间内列在 DA007 中的医生诊断疾病[2]","","zdisease_2_ 在 ZIW 时间内列在 DA007 中的医生诊断疾病[2]"
"translated_combined_w5","restricted_source/w5_charls_CN.dta","zdisease_3_","numeric","在 ZIW 时间内列在 DA007 中的医生诊断疾病[3]","","zdisease_3_ 在 ZIW 时间内列在 DA007 中的医生诊断疾病[3]"
"translated_combined_w5","restricted_source/w5_charls_CN.dta","zdisease_4_","numeric","医生诊断的疾病[4] 在DA007中列出于ZIWTime","","zdisease_4_ 医生诊断的疾病[4] 在DA007中列出于ZIWTime"
"translated_combined_w5","restricted_source/w5_charls_CN.dta","zdisease_5_","numeric","医生诊断的疾病[5] 在DA007中列出于ZIWTime","","zdisease_5_ 医生诊断的疾病[5] 在DA007中列出于ZIWTime"
"translated_combined_w5","restricted_source/w5_charls_CN.dta","zdisease_6_","numeric","医生诊断的疾病[6] 在DA007中列出于ZIWTime","","zdisease_6_ 医生诊断的疾病[6] 在DA007中列出于ZIWTime"
"translated_combined_w5","restricted_source/w5_charls_CN.dta","zdisease_7_","numeric","医生诊断的疾病[7] 在DA007中列出于ZIWTime","","zdisease_7_ 医生诊断的疾病[7] 在DA007中列出于ZIWTime"
"translated_combined_w5","restricted_source/w5_charls_CN.dta","zdisease_8_","numeric","医生诊断的疾病[8] 在DA007中列出于ZIWTime","","zdisease_8_ 医生诊断的疾病[8] 在DA007中列出于ZIWTime"
"translated_combined_w5","restricted_source/w5_charls_CN.dta","zdisease_9_","numeric","医生诊断的疾病[9] 在DA007中列出于ZIWTime","","zdisease_9_ 医生诊断的疾病[9] 在DA007中列出于ZIWTime"
"translated_combined_w5","restricted_source/w5_charls_CN.dta","zdisease_10_","numeric","医生诊断的疾病[10] 在DA007中列出于ZIWTime","","zdisease_10_ 医生诊断的疾病[10] 在DA007中列出于ZIWTime"
"translated_combined_w5","restricted_source/w5_charls_CN.dta","zdisease_11_","numeric","医生诊断的疾病[11] 在DA007中列出于ZIWTime","","zdisease_11_ 医生诊断的疾病[11] 在DA007中列出于ZIWTime"
"translated_combined_w5","restricted_source/w5_charls_CN.dta","zdisease_12_","numeric","医生诊断的疾病[12]在DA007中列出于ZIWTime","","zdisease_12_ 医生诊断的疾病[12]在DA007中列出于ZIWTime"
"translated_combined_w5","restricted_source/w5_charls_CN.dta","zdisease_13_","numeric","医生诊断的疾病[13]在DA007中列出于ZIWTime","","zdisease_13_ 医生诊断的疾病[13]在DA007中列出于ZIWTime"
"translated_combined_w5","restricted_source/w5_charls_CN.dta","zdisease_14_","numeric","医生诊断的疾病[14]在DA007中列出于ZIWTime","","zdisease_14_ 医生诊断的疾病[14]在DA007中列出于ZIWTime"
"translated_combined_w5","restricted_source/w5_charls_CN.dta","zdisease_15_","numeric","医生诊断的疾病[15]在DA007中列出于ZIWTime","","zdisease_15_ 医生诊断的疾病[15]在DA007中列出于ZIWTime"
"translated_combined_w5","restricted_source/w5_charls_CN.dta","zselfdisease_1_","numeric","仅有自知疾病[1]在DA007中列出于ZIWTime","","zselfdisease_1_ 仅有自知疾病[1]在DA007中列出于ZIWTime"
"translated_combined_w5","restricted_source/w5_charls_CN.dta","zselfdisease_5_","numeric","仅有自知疾病[5]在DA007中列出于ZIWTime","","zselfdisease_5_ 仅有自知疾病[5]在DA007中列出于ZIWTime"
"translated_combined_w5","restricted_source/w5_charls_CN.dta","zselfdisease_11_","numeric","仅有自知疾病[11]在DA007中列出于ZIWTime","","zselfdisease_11_ 仅有自知疾病[11]在DA007中列出于ZIWTime"
"translated_combined_w5","restricted_source/w5_charls_CN.dta","gb001","numeric","家庭财务回应者","","gb001 家庭财务回应者"
"translated_combined_w5","restricted_source/w5_charls_CN.dta","gb002_1_","numeric","工资和奖金收入 HHMemberName[1] 收到","","gb002_1_ 工资和奖金收入 HHMemberName[1] 收到"
"translated_combined_w5","restricted_source/w5_charls_CN.dta","gb002_2_","numeric","工资和奖金收入 HHMemberName[2] 收到","","gb002_2_ 工资和奖金收入 HHMemberName[2] 收到"
"translated_combined_w5","restricted_source/w5_charls_CN.dta","gb002_3_","numeric","工资和奖金收入 HHMemberName[3] 收到","","gb002_3_ 工资和奖金收入 HHMemberName[3] 收到"
"translated_combined_w5","restricted_source/w5_charls_CN.dta","gb002_4_","numeric","工资和奖金收入 HHMemberName[4] 收到","","gb002_4_ 工资和奖金收入 HHMemberName[4] 收到"
"translated_combined_w5","restricted_source/w5_charls_CN.dta","gb002_5_","numeric","工资和奖金收入 HHMemberName[5] 收到","","gb002_5_ 工资和奖金收入 HHMemberName[5] 收到"
"translated_combined_w5","restricted_source/w5_charls_CN.dta","gb002_6_","numeric","工资和奖金收入 HHMemberName[6] 收到","","gb002_6_ 工资和奖金收入 HHMemberName[6] 收到"
"translated_combined_w5","restricted_source/w5_charls_CN.dta","gb002_7_","numeric","工资和奖金收入 HHMemberName[7] 收到","","gb002_7_ 工资和奖金收入 HHMemberName[7] 收到"
"translated_combined_w5","restricted_source/w5_charls_CN.dta","gb002_8_","numeric","工资和奖金收入 HHMemberName[8] 收到","","gb002_8_ 工资和奖金收入 HHMemberName[8] 收到"
"translated_combined_w5","restricted_source/w5_charls_CN.dta","gb002_9_","numeric","工资和奖金收入 HHMemberName[9] 收到","","gb002_9_ 工资和奖金收入 HHMemberName[9] 收到"
"translated_combined_w5","restricted_source/w5_charls_CN.dta","gb002_10_","numeric","工资和奖金收入 HHMemberName[10] 收到","","gb002_10_ 工资和奖金收入 HHMemberName[10] 收到"
"translated_combined_w5","restricted_source/w5_charls_CN.dta","gb002_11_","numeric","工资和奖金收入 家庭成员姓名[11] 收到","","gb002_11_ 工资和奖金收入 家庭成员姓名[11] 收到"
"translated_combined_w5","restricted_source/w5_charls_CN.dta","gb002_12_","numeric","工资和奖金收入 家庭成员姓名[12] 收到","","gb002_12_ 工资和奖金收入 家庭成员姓名[12] 收到"
"translated_combined_w5","restricted_source/w5_charls_CN.dta","gb002_13_","numeric","工资和奖金收入 家庭成员姓名[13] 收到","","gb002_13_ 工资和奖金收入 家庭成员姓名[13] 收到"
"translated_combined_w5","restricted_source/w5_charls_CN.dta","gb002_14_","numeric","工资和奖金收入 家庭成员姓名[14] 收到","","gb002_14_ 工资和奖金收入 家庭成员姓名[14] 收到"
"translated_combined_w5","restricted_source/w5_charls_CN.dta","gb003_1_","numeric","家庭成员姓名[1] 收到的金额","","gb003_1_ 家庭成员姓名[1] 收到的金额"
"translated_combined_w5","restricted_source/w5_charls_CN.dta","gb003_2_","numeric","家庭成员姓名[2] 收到的金额","","gb003_2_ 家庭成员姓名[2] 收到的金额"
"translated_combined_w5","restricted_source/w5_charls_CN.dta","gb003_3_","numeric","家庭成员姓名[3] 收到的金额","","gb003_3_ 家庭成员姓名[3] 收到的金额"
"translated_combined_w5","restricted_source/w5_charls_CN.dta","gb003_4_","numeric","家庭成员姓名[4] 收到的金额","","gb003_4_ 家庭成员姓名[4] 收到的金额"
"translated_combined_w5","restricted_source/w5_charls_CN.dta","gb003_5_","numeric","家庭成员姓名[5] 收到的金额","","gb003_5_ 家庭成员姓名[5] 收到的金额"
"translated_combined_w5","restricted_source/w5_charls_CN.dta","gb003_6_","numeric","家庭成员姓名[6] 收到的金额","","gb003_6_ 家庭成员姓名[6] 收到的金额"
"translated_combined_w5","restricted_source/w5_charls_CN.dta","gb003_7_","numeric","家庭成员姓名[7] 收到的金额","","gb003_7_ 家庭成员姓名[7] 收到的金额"
"translated_combined_w5","restricted_source/w5_charls_CN.dta","gb003_8_","numeric","家庭成员名称[8] 收入金额","","gb003_8_ 家庭成员名称[8] 收入金额"
"translated_combined_w5","restricted_source/w5_charls_CN.dta","gb003_9_","numeric","家庭成员名称[9] 收入金额","","gb003_9_ 家庭成员名称[9] 收入金额"
"translated_combined_w5","restricted_source/w5_charls_CN.dta","gb003_10_","numeric","家庭成员名称[10] 收入金额","","gb003_10_ 家庭成员名称[10] 收入金额"
"translated_combined_w5","restricted_source/w5_charls_CN.dta","gb003_11_","numeric","家庭成员名称[11] 收入金额","","gb003_11_ 家庭成员名称[11] 收入金额"
"translated_combined_w5","restricted_source/w5_charls_CN.dta","gb003_min_1_","numeric","gb003_1_ 的最小区间","","gb003_min_1_ gb003_1_ 的最小区间"
"translated_combined_w5","restricted_source/w5_charls_CN.dta","gb003_max_1_","numeric","gb003_1_ 的最大区间","","gb003_max_1_ gb003_1_ 的最大区间"
"translated_combined_w5","restricted_source/w5_charls_CN.dta","gb003_min_2_","numeric","gb003_2_ 的最小区间","","gb003_min_2_ gb003_2_ 的最小区间"
"translated_combined_w5","restricted_source/w5_charls_CN.dta","gb003_max_2_","numeric","gb003_2_ 的最大区间","","gb003_max_2_ gb003_2_ 的最大区间"
"translated_combined_w5","restricted_source/w5_charls_CN.dta","gb003_min_3_","numeric","gb003_3_ 的最小区间","","gb003_min_3_ gb003_3_ 的最小区间"
"translated_combined_w5","restricted_source/w5_charls_CN.dta","gb003_max_3_","numeric","gb003_3_ 的最大区间","","gb003_max_3_ gb003_3_ 的最大区间"
"translated_combined_w5","restricted_source/w5_charls_CN.dta","gb003_min_4_","numeric","gb003_4_ 的最小区间","","gb003_min_4_ gb003_4_ 的最小区间"
"translated_combined_w5","restricted_source/w5_charls_CN.dta","gb003_max_4_","numeric","gb003_4_的最大区间","","gb003_max_4_ gb003_4_的最大区间"
"translated_combined_w5","restricted_source/w5_charls_CN.dta","gb003_min_5_","numeric","gb003_5_的最小区间","","gb003_min_5_ gb003_5_的最小区间"
"translated_combined_w5","restricted_source/w5_charls_CN.dta","gb003_max_5_","numeric","gb003_5_的最大区间","","gb003_max_5_ gb003_5_的最大区间"
"translated_combined_w5","restricted_source/w5_charls_CN.dta","gb003_min_6_","numeric","gb003_6_的最小区间","","gb003_min_6_ gb003_6_的最小区间"
"translated_combined_w5","restricted_source/w5_charls_CN.dta","gb003_max_6_","numeric","gb003_6_的最大区间","","gb003_max_6_ gb003_6_的最大区间"
"translated_combined_w5","restricted_source/w5_charls_CN.dta","gb003_min_7_","numeric","gb003_7_的最小区间","","gb003_min_7_ gb003_7_的最小区间"
"translated_combined_w5","restricted_source/w5_charls_CN.dta","gb003_max_7_","numeric","gb003_7_的最大区间","","gb003_max_7_ gb003_7_的最大区间"
"translated_combined_w5","restricted_source/w5_charls_CN.dta","gb003_min_11_","numeric","gb003_11_的最小区间","","gb003_min_11_ gb003_11_的最小区间"
"translated_combined_w5","restricted_source/w5_charls_CN.dta","gb003_max_11_","numeric","gb003_11_的最大区间","","gb003_max_11_ gb003_11_的最大区间"
"translated_combined_w5","restricted_source/w5_charls_CN.dta","gb004_1_","numeric","排除保险及其他一些项目，适用于HHMemberName[1]","","gb004_1_ 排除保险及其他一些项目，适用于HHMemberName[1]"
"translated_combined_w5","restricted_source/w5_charls_CN.dta","gb004_2_","numeric","排除保险及其他一些项目，适用于HHMemberName[2]","","gb004_2_ 排除保险及其他一些项目，适用于HHMemberName[2]"
"translated_combined_w5","restricted_source/w5_charls_CN.dta","gb004_3_","numeric","排除保险和其他一些家庭成员名称[3]","","gb004_3_ 排除保险和其他一些家庭成员名称[3]"
"translated_combined_w5","restricted_source/w5_charls_CN.dta","gb004_4_","numeric","排除保险和其他一些家庭成员名称[4]","","gb004_4_ 排除保险和其他一些家庭成员名称[4]"
"translated_combined_w5","restricted_source/w5_charls_CN.dta","gb004_5_","numeric","排除保险和其他一些家庭成员名称[5]","","gb004_5_ 排除保险和其他一些家庭成员名称[5]"
"translated_combined_w5","restricted_source/w5_charls_CN.dta","gb004_6_","numeric","排除保险和其他一些家庭成员名称[6]","","gb004_6_ 排除保险和其他一些家庭成员名称[6]"
"translated_combined_w5","restricted_source/w5_charls_CN.dta","gb004_7_","numeric","排除保险和其他一些家庭成员名称[7]","","gb004_7_ 排除保险和其他一些家庭成员名称[7]"
"translated_combined_w5","restricted_source/w5_charls_CN.dta","gb004_8_","numeric","排除保险和其他一些家庭成员名称[8]","","gb004_8_ 排除保险和其他一些家庭成员名称[8]"
"translated_combined_w5","restricted_source/w5_charls_CN.dta","gb004_9_","numeric","排除保险和其他一些家庭成员名称[9]","","gb004_9_ 排除保险和其他一些家庭成员名称[9]"
"translated_combined_w5","restricted_source/w5_charls_CN.dta","gb004_10_","numeric","排除保险和其他一些家庭成员名称[10]","","gb004_10_ 排除保险和其他一些家庭成员名称[10]"
"translated_combined_w5","restricted_source/w5_charls_CN.dta","gb004_11_","numeric","排除保险和其他一些家庭成员名称[11]","","gb004_11_ 排除保险和其他一些家庭成员名称[11]"
"translated_combined_w5","restricted_source/w5_charls_CN.dta","gb005_1_","numeric","家庭成员名称[1]的总排除金额","","gb005_1_ 家庭成员名称[1]的总排除金额"
"translated_combined_w5","restricted_source/w5_charls_CN.dta","gb005_2_","numeric","家庭成员名称[2]的总排除金额","","gb005_2_ 家庭成员名称[2]的总排除金额"
"translated_combined_w5","restricted_source/w5_charls_CN.dta","gb005_3_","numeric","家庭成员名称[3]的总排除金额","","gb005_3_ 家庭成员名称[3]的总排除金额"
"translated_combined_w5","restricted_source/w5_charls_CN.dta","gb005_4_","numeric","家庭成员名称[4]的总排除金额","","gb005_4_ 家庭成员名称[4]的总排除金额"
"translated_combined_w5","restricted_source/w5_charls_CN.dta","gb005_5_","numeric","家庭成员名称[5]的总排除金额","","gb005_5_ 家庭成员名称[5]的总排除金额"
"translated_combined_w5","restricted_source/w5_charls_CN.dta","gb005_6_","numeric","家庭成员名称[6]的总排除金额","","gb005_6_ 家庭成员名称[6]的总排除金额"
"translated_combined_w5","restricted_source/w5_charls_CN.dta","gb005_7_","numeric","家庭成员名称[7]的总排除金额","","gb005_7_ 家庭成员名称[7]的总排除金额"
"translated_combined_w5","restricted_source/w5_charls_CN.dta","gb005_8_","numeric","家庭成员名称[8]的总排除金额","","gb005_8_ 家庭成员名称[8]的总排除金额"
"translated_combined_w5","restricted_source/w5_charls_CN.dta","gb005_9_","numeric","家庭成员名称[9]的总排除金额","","gb005_9_ 家庭成员名称[9]的总排除金额"
"translated_combined_w5","restricted_source/w5_charls_CN.dta","gb005_10_","numeric","家庭成员名称[10]的总排除金额","","gb005_10_ 家庭成员名称[10]的总排除金额"
"translated_combined_w5","restricted_source/w5_charls_CN.dta","gb005_11_","numeric","家庭成员名称[11]的总排除金额","","gb005_11_ 家庭成员名称[11]的总排除金额"
"translated_combined_w5","restricted_source/w5_charls_CN.dta","gb005_1_1_","numeric","每月元/家庭成员名称[1]","","gb005_1_1_ 每月元/家庭成员名称[1]"
"translated_combined_w5","restricted_source/w5_charls_CN.dta","gb005_1_2_","numeric","每月元/家庭成员名称[2]","","gb005_1_2_ 每月元/家庭成员名称[2]"
"translated_combined_w5","restricted_source/w5_charls_CN.dta","gb005_1_3_","numeric","每月元/家庭成员名称[3]","","gb005_1_3_ 每月元/家庭成员名称[3]"
"translated_combined_w5","restricted_source/w5_charls_CN.dta","gb005_1_4_","numeric","每月元/家庭成员名称[4]","","gb005_1_4_ 每月元/家庭成员名称[4]"
"translated_combined_w5","restricted_source/w5_charls_CN.dta","gb005_1_5_","numeric","每月元/家庭成员名称[5]","","gb005_1_5_ 每月元/家庭成员名称[5]"
"translated_combined_w5","restricted_source/w5_charls_CN.dta","gb005_1_6_","numeric","每月元/家庭成员名称[6]","","gb005_1_6_ 每月元/家庭成员名称[6]"
"translated_combined_w5","restricted_source/w5_charls_CN.dta","gb005_1_7_","numeric","每月元/家庭成员名称[7]","","gb005_1_7_ 每月元/家庭成员名称[7]"
"translated_combined_w5","restricted_source/w5_charls_CN.dta","gb005_1_8_","numeric","每月元/家庭成员名称[8]","","gb005_1_8_ 每月元/家庭成员名称[8]"
"translated_combined_w5","restricted_source/w5_charls_CN.dta","gb005_1_9_","numeric","每月元/家庭成员名称[9]","","gb005_1_9_ 每月元/家庭成员名称[9]"
"translated_combined_w5","restricted_source/w5_charls_CN.dta","gb005_1_10_","numeric","每月元/家庭成员名称[10]","","gb005_1_10_ 每月元/家庭成员名称[10]"
"translated_combined_w5","restricted_source/w5_charls_CN.dta","gb005_1_11_","numeric","每月元/家庭成员名称[11]","","gb005_1_11_ 每月元/家庭成员名称[11]"
"translated_combined_w5","restricted_source/w5_charls_CN.dta","gb005_1_min_1_","numeric","gb005_1_1_ 的最小区间","","gb005_1_min_1_ gb005_1_1_ 的最小区间"
"translated_combined_w5","restricted_source/w5_charls_CN.dta","gb005_1_max_1_","numeric","gb005_1_1_ 的最大区间","","gb005_1_max_1_ gb005_1_1_ 的最大区间"
"translated_combined_w5","restricted_source/w5_charls_CN.dta","gb005_1_min_2_","numeric","gb005_1_2_ 的最小区间","","gb005_1_min_2_ gb005_1_2_ 的最小区间"
"translated_combined_w5","restricted_source/w5_charls_CN.dta","gb005_1_max_2_","numeric","gb005_1_2_ 的最大区间","","gb005_1_max_2_ gb005_1_2_ 的最大区间"
"translated_combined_w5","restricted_source/w5_charls_CN.dta","gb005_1_min_3_","numeric","gb005_1_3_ 的最小区间","","gb005_1_min_3_ gb005_1_3_ 的最小区间"
"translated_combined_w5","restricted_source/w5_charls_CN.dta","gb005_1_max_3_","numeric","gb005_1_3_ 的最大区间","","gb005_1_max_3_ gb005_1_3_ 的最大区间"
"translated_combined_w5","restricted_source/w5_charls_CN.dta","gb005_1_min_4_","numeric","gb005_1_4_ 的最小区间","","gb005_1_min_4_ gb005_1_4_ 的最小区间"
"translated_combined_w5","restricted_source/w5_charls_CN.dta","gb005_1_max_4_","numeric","gb005_1_4_的最大区间","","gb005_1_max_4_ gb005_1_4_的最大区间"
"translated_combined_w5","restricted_source/w5_charls_CN.dta","gb005_1_min_5_","numeric","gb005_1_5_的最小区间","","gb005_1_min_5_ gb005_1_5_的最小区间"
"translated_combined_w5","restricted_source/w5_charls_CN.dta","gb005_1_max_5_","numeric","gb005_1_5_的最大区间","","gb005_1_max_5_ gb005_1_5_的最大区间"
"translated_combined_w5","restricted_source/w5_charls_CN.dta","gb005_1_min_6_","numeric","gb005_1_6_的最小区间","","gb005_1_min_6_ gb005_1_6_的最小区间"
"translated_combined_w5","restricted_source/w5_charls_CN.dta","gb005_1_max_6_","numeric","gb005_1_6_的最大区间","","gb005_1_max_6_ gb005_1_6_的最大区间"
"translated_combined_w5","restricted_source/w5_charls_CN.dta","gb005_1_min_7_","numeric","gb005_1_7_的最小区间","","gb005_1_min_7_ gb005_1_7_的最小区间"
"translated_combined_w5","restricted_source/w5_charls_CN.dta","gb005_1_max_7_","numeric","gb005_1_7_的最大区间","","gb005_1_max_7_ gb005_1_7_的最大区间"
"translated_combined_w5","restricted_source/w5_charls_CN.dta","gb005_1_min_8_","numeric","gb005_1_8_的最小区间","","gb005_1_min_8_ gb005_1_8_的最小区间"
"translated_combined_w5","restricted_source/w5_charls_CN.dta","gb005_1_max_8_","numeric","gb005_1_8_的最大区间","","gb005_1_max_8_ gb005_1_8_的最大区间"
"translated_combined_w5","restricted_source/w5_charls_CN.dta","gb005_1_min_9_","numeric","gb005_1_9_的最小区间","","gb005_1_min_9_ gb005_1_9_的最小区间"
"translated_combined_w5","restricted_source/w5_charls_CN.dta","gb005_1_max_9_","numeric","gb005_1_9_的最大区间","","gb005_1_max_9_ gb005_1_9_的最大区间"
"translated_combined_w5","restricted_source/w5_charls_CN.dta","gb005_1_min_10_","numeric","gb005_1_10_的最小区间","","gb005_1_min_10_ gb005_1_10_的最小区间"
"translated_combined_w5","restricted_source/w5_charls_CN.dta","gb005_1_max_10_","numeric","gb005_1_10_的最大区间","","gb005_1_max_10_ gb005_1_10_的最大区间"
"translated_combined_w5","restricted_source/w5_charls_CN.dta","gb005_1_min_11_","numeric","gb005_1_11_的最小区间","","gb005_1_min_11_ gb005_1_11_的最小区间"
"translated_combined_w5","restricted_source/w5_charls_CN.dta","gb005_1_max_11_","numeric","gb005_1_11_的最大区间","","gb005_1_max_11_ gb005_1_11_的最大区间"
"translated_combined_w5","restricted_source/w5_charls_CN.dta","gb005_2_1_","numeric","家庭成员[1]的年收入（元）","","gb005_2_1_ 家庭成员[1]的年收入（元）"
"translated_combined_w5","restricted_source/w5_charls_CN.dta","gb005_2_2_","numeric","家庭成员[2]的年收入（元）","","gb005_2_2_ 家庭成员[2]的年收入（元）"
"translated_combined_w5","restricted_source/w5_charls_CN.dta","gb005_2_3_","numeric","家庭成员[3]的年收入（元）","","gb005_2_3_ 家庭成员[3]的年收入（元）"
"translated_combined_w5","restricted_source/w5_charls_CN.dta","gb005_2_4_","numeric","每年元/家庭成员名称[4]","","gb005_2_4_ 每年元/家庭成员名称[4]"
"translated_combined_w5","restricted_source/w5_charls_CN.dta","gb005_2_5_","numeric","每年元/家庭成员名称[5]","","gb005_2_5_ 每年元/家庭成员名称[5]"
"translated_combined_w5","restricted_source/w5_charls_CN.dta","gb005_2_6_","numeric","每年元/家庭成员名称[6]","","gb005_2_6_ 每年元/家庭成员名称[6]"
"translated_combined_w5","restricted_source/w5_charls_CN.dta","gb005_2_7_","numeric","每年元/家庭成员名称[7]","","gb005_2_7_ 每年元/家庭成员名称[7]"
"translated_combined_w5","restricted_source/w5_charls_CN.dta","gb005_3_1_","numeric","家庭成员名称[1]的工资百分比","","gb005_3_1_ 家庭成员名称[1]的工资百分比"
"translated_combined_w5","restricted_source/w5_charls_CN.dta","gb005_3_2_","numeric","家庭成员名称[2]的工资百分比","","gb005_3_2_ 家庭成员名称[2]的工资百分比"
"translated_combined_w5","restricted_source/w5_charls_CN.dta","gb005_3_3_","numeric","家庭成员名称[3]的工资百分比","","gb005_3_3_ 家庭成员名称[3]的工资百分比"
"translated_combined_w5","restricted_source/w5_charls_CN.dta","gb005_3_4_","numeric","家庭成员名称[4]的工资百分比","","gb005_3_4_ 家庭成员名称[4]的工资百分比"
"translated_combined_w5","restricted_source/w5_charls_CN.dta","gb005_3_5_","numeric","家庭成员名称[5]的工资百分比","","gb005_3_5_ 家庭成员名称[5]的工资百分比"
"translated_combined_w5","restricted_source/w5_charls_CN.dta","gb006_1__s1","numeric","养老金家庭成员姓名[1] 收到","","gb006_1__s1 养老金家庭成员姓名[1] 收到"
"translated_combined_w5","restricted_source/w5_charls_CN.dta","gb006_2__s1","numeric","养老金家庭成员姓名[2] 收到","","gb006_2__s1 养老金家庭成员姓名[2] 收到"
"translated_combined_w5","restricted_source/w5_charls_CN.dta","gb006_3__s1","numeric","养老金家庭成员姓名[3] 收到","","gb006_3__s1 养老金家庭成员姓名[3] 收到"
"translated_combined_w5","restricted_source/w5_charls_CN.dta","gb006_4__s1","numeric","养老金家庭成员姓名[4] 收到","","gb006_4__s1 养老金家庭成员姓名[4] 收到"
"translated_combined_w5","restricted_source/w5_charls_CN.dta","gb006_5__s1","numeric","养老金家庭成员姓名[5] 收到","","gb006_5__s1 养老金家庭成员姓名[5] 收到"
"translated_combined_w5","restricted_source/w5_charls_CN.dta","gb006_6__s1","numeric","养老金家庭成员姓名[6] 收到","","gb006_6__s1 养老金家庭成员姓名[6] 收到"
"translated_combined_w5","restricted_source/w5_charls_CN.dta","gb006_7__s1","numeric","养老金家庭成员姓名[7] 收到","","gb006_7__s1 养老金家庭成员姓名[7] 收到"
"translated_combined_w5","restricted_source/w5_charls_CN.dta","gb006_8__s1","numeric","养老金家庭成员姓名[8] 收到","","gb006_8__s1 养老金家庭成员姓名[8] 收到"
"translated_combined_w5","restricted_source/w5_charls_CN.dta","gb006_9__s1","numeric","养老金家庭成员姓名[9] 收到","","gb006_9__s1 养老金家庭成员姓名[9] 收到"
"translated_combined_w5","restricted_source/w5_charls_CN.dta","gb006_10__s1","numeric","养老金家庭成员姓名[10] 收到","","gb006_10__s1 养老金家庭成员姓名[10] 收到"
"translated_combined_w5","restricted_source/w5_charls_CN.dta","gb006_11__s1","numeric","养老金 HH成员姓名[11] 收到","","gb006_11__s1 养老金 HH成员姓名[11] 收到"
"translated_combined_w5","restricted_source/w5_charls_CN.dta","gb006_12__s1","numeric","养老金 HH成员姓名[12] 收到","","gb006_12__s1 养老金 HH成员姓名[12] 收到"
"translated_combined_w5","restricted_source/w5_charls_CN.dta","gb006_13__s1","numeric","养老金 HH成员姓名[13] 收到","","gb006_13__s1 养老金 HH成员姓名[13] 收到"
"translated_combined_w5","restricted_source/w5_charls_CN.dta","gb006_14__s1","numeric","养老金 HH成员姓名[14] 收到","","gb006_14__s1 养老金 HH成员姓名[14] 收到"
"translated_combined_w5","restricted_source/w5_charls_CN.dta","gb006_1__s2","numeric","失业补偿 HH成员姓名[1] 收到","","gb006_1__s2 失业补偿 HH成员姓名[1] 收到"
"translated_combined_w5","restricted_source/w5_charls_CN.dta","gb006_2__s2","numeric","失业补偿 HH成员姓名[2] 收到","","gb006_2__s2 失业补偿 HH成员姓名[2] 收到"
"translated_combined_w5","restricted_source/w5_charls_CN.dta","gb006_3__s2","numeric","失业补偿 HH成员姓名[3] 收到","","gb006_3__s2 失业补偿 HH成员姓名[3] 收到"
"translated_combined_w5","restricted_source/w5_charls_CN.dta","gb006_4__s2","numeric","失业补偿 HH成员姓名[4] 收到","","gb006_4__s2 失业补偿 HH成员姓名[4] 收到"
"translated_combined_w5","restricted_source/w5_charls_CN.dta","gb006_5__s2","numeric","失业补偿 HH成员姓名[5] 收到","","gb006_5__s2 失业补偿 HH成员姓名[5] 收到"
"translated_combined_w5","restricted_source/w5_charls_CN.dta","gb006_6__s2","numeric","失业补偿 HH成员姓名[6] 收到","","gb006_6__s2 失业补偿 HH成员姓名[6] 收到"
"translated_combined_w5","restricted_source/w5_charls_CN.dta","gb006_7__s2","numeric","失业补偿家庭成员名称[7] 接收","","gb006_7__s2 失业补偿家庭成员名称[7] 接收"
"translated_combined_w5","restricted_source/w5_charls_CN.dta","gb006_8__s2","numeric","失业补偿家庭成员名称[8] 接收","","gb006_8__s2 失业补偿家庭成员名称[8] 接收"
"translated_combined_w5","restricted_source/w5_charls_CN.dta","gb006_9__s2","numeric","失业补偿家庭成员名称[9] 接收","","gb006_9__s2 失业补偿家庭成员名称[9] 接收"
"translated_combined_w5","restricted_source/w5_charls_CN.dta","gb006_10__s2","numeric","失业补偿家庭成员名称[10] 接收","","gb006_10__s2 失业补偿家庭成员名称[10] 接收"
"translated_combined_w5","restricted_source/w5_charls_CN.dta","gb006_11__s2","numeric","失业补偿家庭成员名称[11] 接收","","gb006_11__s2 失业补偿家庭成员名称[11] 接收"
"translated_combined_w5","restricted_source/w5_charls_CN.dta","gb006_12__s2","numeric","失业补偿家庭成员名称[12] 接收","","gb006_12__s2 失业补偿家庭成员名称[12] 接收"
"translated_combined_w5","restricted_source/w5_charls_CN.dta","gb006_13__s2","numeric","失业补偿家庭成员名称[13] 接收","","gb006_13__s2 失业补偿家庭成员名称[13] 接收"
"translated_combined_w5","restricted_source/w5_charls_CN.dta","gb006_14__s2","numeric","失业补偿家庭成员名称[14] 接收","","gb006_14__s2 失业补偿家庭成员名称[14] 接收"
"translated_combined_w5","restricted_source/w5_charls_CN.dta","gb006_1__s3","numeric","养老金凭证家庭成员名称[1] 接收","","gb006_1__s3 养老金凭证家庭成员名称[1] 接收"
"translated_combined_w5","restricted_source/w5_charls_CN.dta","gb006_2__s3","numeric","养老金凭证家庭成员名称[2] 接收","","gb006_2__s3 养老金凭证家庭成员名称[2] 接收"
"translated_combined_w5","restricted_source/w5_charls_CN.dta","gb006_3__s3","numeric","养老金凭证家庭成员姓名[3] 收到","","gb006_3__s3 养老金凭证家庭成员姓名[3] 收到"
"translated_combined_w5","restricted_source/w5_charls_CN.dta","gb006_4__s3","numeric","养老金凭证家庭成员姓名[4] 收到","","gb006_4__s3 养老金凭证家庭成员姓名[4] 收到"
"translated_combined_w5","restricted_source/w5_charls_CN.dta","gb006_5__s3","numeric","养老金凭证家庭成员姓名[5] 收到","","gb006_5__s3 养老金凭证家庭成员姓名[5] 收到"
"translated_combined_w5","restricted_source/w5_charls_CN.dta","gb006_6__s3","numeric","养老金凭证家庭成员姓名[6] 收到","","gb006_6__s3 养老金凭证家庭成员姓名[6] 收到"
"translated_combined_w5","restricted_source/w5_charls_CN.dta","gb006_7__s3","numeric","养老金凭证家庭成员姓名[7] 收到","","gb006_7__s3 养老金凭证家庭成员姓名[7] 收到"
"translated_combined_w5","restricted_source/w5_charls_CN.dta","gb006_8__s3","numeric","养老金凭证家庭成员姓名[8] 收到","","gb006_8__s3 养老金凭证家庭成员姓名[8] 收到"
"translated_combined_w5","restricted_source/w5_charls_CN.dta","gb006_9__s3","numeric","养老金凭证家庭成员姓名[9] 收到","","gb006_9__s3 养老金凭证家庭成员姓名[9] 收到"
"translated_combined_w5","restricted_source/w5_charls_CN.dta","gb006_10__s3","numeric","养老金凭证家庭成员姓名[10] 收到","","gb006_10__s3 养老金凭证家庭成员姓名[10] 收到"
"translated_combined_w5","restricted_source/w5_charls_CN.dta","gb006_11__s3","numeric","养老金凭证家庭成员姓名[11] 收到","","gb006_11__s3 养老金凭证家庭成员姓名[11] 收到"
"translated_combined_w5","restricted_source/w5_charls_CN.dta","gb006_12__s3","numeric","养老金凭证 HHMemberName[12] 收到","","gb006_12__s3 养老金凭证 HHMemberName[12] 收到"
"translated_combined_w5","restricted_source/w5_charls_CN.dta","gb006_13__s3","numeric","养老金凭证 HHMemberName[13] 收到","","gb006_13__s3 养老金凭证 HHMemberName[13] 收到"
"translated_combined_w5","restricted_source/w5_charls_CN.dta","gb006_14__s3","numeric","养老金凭证 HHMemberName[14] 收到","","gb006_14__s3 养老金凭证 HHMemberName[14] 收到"
"translated_combined_w5","restricted_source/w5_charls_CN.dta","gb006_1__s4","numeric","养老金补贴给最年长的 HHMemberName[1] 收到","","gb006_1__s4 养老金补贴给最年长的 HHMemberName[1] 收到"
"translated_combined_w5","restricted_source/w5_charls_CN.dta","gb006_2__s4","numeric","养老金补贴给最年长的 HHMemberName[2] 收到","","gb006_2__s4 养老金补贴给最年长的 HHMemberName[2] 收到"
"translated_combined_w5","restricted_source/w5_charls_CN.dta","gb006_3__s4","numeric","养老金补贴给最年长的 HHMemberName[3] 收到","","gb006_3__s4 养老金补贴给最年长的 HHMemberName[3] 收到"
"translated_combined_w5","restricted_source/w5_charls_CN.dta","gb006_4__s4","numeric","养老金补贴给最年长的 HHMemberName[4] 收到","","gb006_4__s4 养老金补贴给最年长的 HHMemberName[4] 收到"
"translated_combined_w5","restricted_source/w5_charls_CN.dta","gb006_5__s4","numeric","养老金补贴给最年长的 HHMemberName[5] 收到","","gb006_5__s4 养老金补贴给最年长的 HHMemberName[5] 收到"
"translated_combined_w5","restricted_source/w5_charls_CN.dta","gb006_6__s4","numeric","养老金补贴给最年长的家庭成员[6] 收入","","gb006_6__s4 养老金补贴给最年长的家庭成员[6] 收入"
"translated_combined_w5","restricted_source/w5_charls_CN.dta","gb006_7__s4","numeric","养老金补贴给最年长的家庭成员[7] 收入","","gb006_7__s4 养老金补贴给最年长的家庭成员[7] 收入"
"translated_combined_w5","restricted_source/w5_charls_CN.dta","gb006_8__s4","numeric","养老金补贴给最年长的家庭成员[8] 收入","","gb006_8__s4 养老金补贴给最年长的家庭成员[8] 收入"
"translated_combined_w5","restricted_source/w5_charls_CN.dta","gb006_9__s4","numeric","养老金补贴给最年长的家庭成员[9] 收入","","gb006_9__s4 养老金补贴给最年长的家庭成员[9] 收入"
"translated_combined_w5","restricted_source/w5_charls_CN.dta","gb006_10__s4","numeric","养老金补贴给最年长的家庭成员[10] 收入","","gb006_10__s4 养老金补贴给最年长的家庭成员[10] 收入"
"translated_combined_w5","restricted_source/w5_charls_CN.dta","gb006_11__s4","numeric","养老金补贴给最年长的家庭成员[11] 收入","","gb006_11__s4 养老金补贴给最年长的家庭成员[11] 收入"
"translated_combined_w5","restricted_source/w5_charls_CN.dta","gb006_12__s4","numeric","养老金补贴给最年长的家庭成员[12] 收入","","gb006_12__s4 养老金补贴给最年长的家庭成员[12] 收入"
"translated_combined_w5","restricted_source/w5_charls_CN.dta","gb006_13__s4","numeric","养老金补贴给最年长的家庭成员[13] 接收","","gb006_13__s4 养老金补贴给最年长的家庭成员[13] 接收"
"translated_combined_w5","restricted_source/w5_charls_CN.dta","gb006_14__s4","numeric","养老金补贴给最年长的家庭成员[14] 接收","","gb006_14__s4 养老金补贴给最年长的家庭成员[14] 接收"
"translated_combined_w5","restricted_source/w5_charls_CN.dta","gb006_1__s5","numeric","工人工业事故赔偿家庭成员[1] 接收","","gb006_1__s5 工人工业事故赔偿家庭成员[1] 接收"
"translated_combined_w5","restricted_source/w5_charls_CN.dta","gb006_2__s5","numeric","工人工业事故赔偿家庭成员[2] 接收","","gb006_2__s5 工人工业事故赔偿家庭成员[2] 接收"
"translated_combined_w5","restricted_source/w5_charls_CN.dta","gb006_3__s5","numeric","工人工业事故赔偿家庭成员[3] 接收","","gb006_3__s5 工人工业事故赔偿家庭成员[3] 接收"
"translated_combined_w5","restricted_source/w5_charls_CN.dta","gb006_4__s5","numeric","工人工业事故赔偿家庭成员[4] 接收","","gb006_4__s5 工人工业事故赔偿家庭成员[4] 接收"
"translated_combined_w5","restricted_source/w5_charls_CN.dta","gb006_5__s5","numeric","工人工业事故赔偿家庭成员[5] 接收","","gb006_5__s5 工人工业事故赔偿家庭成员[5] 接收"
"translated_combined_w5","restricted_source/w5_charls_CN.dta","gb006_6__s5","numeric","工人工业事故赔偿家庭成员[6] 接收","","gb006_6__s5 工人工业事故赔偿家庭成员[6] 接收"
"translated_combined_w5","restricted_source/w5_charls_CN.dta","gb006_7__s5","numeric","工人工业事故赔偿 HHMemberName[7] 收到","","gb006_7__s5 工人工业事故赔偿 HHMemberName[7] 收到"
"translated_combined_w5","restricted_source/w5_charls_CN.dta","gb006_8__s5","numeric","工人工业事故赔偿 HHMemberName[8] 收到","","gb006_8__s5 工人工业事故赔偿 HHMemberName[8] 收到"
"translated_combined_w5","restricted_source/w5_charls_CN.dta","gb006_9__s5","numeric","工人工业事故赔偿 HHMemberName[9] 收到","","gb006_9__s5 工人工业事故赔偿 HHMemberName[9] 收到"
"translated_combined_w5","restricted_source/w5_charls_CN.dta","gb006_10__s5","numeric","工人工业事故赔偿 HHMemberName[10] 收到","","gb006_10__s5 工人工业事故赔偿 HHMemberName[10] 收到"
"translated_combined_w5","restricted_source/w5_charls_CN.dta","gb006_11__s5","numeric","工人工业事故赔偿 HHMemberName[11] 收到","","gb006_11__s5 工人工业事故赔偿 HHMemberName[11] 收到"
"translated_combined_w5","restricted_source/w5_charls_CN.dta","gb006_12__s5","numeric","工人工业事故赔偿 HHMemberName[12] 收到","","gb006_12__s5 工人工业事故赔偿 HHMemberName[12] 收到"
"translated_combined_w5","restricted_source/w5_charls_CN.dta","gb006_13__s5","numeric","工人工业事故赔偿 HHMemberName[13] 收到","","gb006_13__s5 工人工业事故赔偿 HHMemberName[13] 收到"
"translated_combined_w5","restricted_source/w5_charls_CN.dta","gb006_14__s5","numeric","工人工业事故赔偿 HHMemberName[14] 收到","","gb006_14__s5 工人工业事故赔偿 HHMemberName[14] 收到"
"translated_combined_w5","restricted_source/w5_charls_CN.dta","gb006_1__s6","numeric","老年家庭规划补贴 HHMemberName[1] 收到","","gb006_1__s6 老年家庭规划补贴 HHMemberName[1] 收到"
"translated_combined_w5","restricted_source/w5_charls_CN.dta","gb006_2__s6","numeric","老年家庭计划补贴 HH成员姓名[2] 接收","","gb006_2__s6 老年家庭计划补贴 HH成员姓名[2] 接收"
"translated_combined_w5","restricted_source/w5_charls_CN.dta","gb006_3__s6","numeric","老年家庭计划补贴 HH成员姓名[3] 接收","","gb006_3__s6 老年家庭计划补贴 HH成员姓名[3] 接收"
"translated_combined_w5","restricted_source/w5_charls_CN.dta","gb006_4__s6","numeric","老年家庭计划补贴 HH成员姓名[4] 接收","","gb006_4__s6 老年家庭计划补贴 HH成员姓名[4] 接收"
"translated_combined_w5","restricted_source/w5_charls_CN.dta","gb006_5__s6","numeric","老年家庭计划补贴 HH成员姓名[5] 接收","","gb006_5__s6 老年家庭计划补贴 HH成员姓名[5] 接收"
"translated_combined_w5","restricted_source/w5_charls_CN.dta","gb006_6__s6","numeric","老年家庭计划补贴 HH成员姓名[6] 接收","","gb006_6__s6 老年家庭计划补贴 HH成员姓名[6] 接收"
"translated_combined_w5","restricted_source/w5_charls_CN.dta","gb006_7__s6","numeric","老年家庭计划补贴 HH成员姓名[7] 接收","","gb006_7__s6 老年家庭计划补贴 HH成员姓名[7] 接收"
"translated_combined_w5","restricted_source/w5_charls_CN.dta","gb006_8__s6","numeric","老年家庭计划补贴 HH成员姓名[8] 接收","","gb006_8__s6 老年家庭计划补贴 HH成员姓名[8] 接收"
"translated_combined_w5","restricted_source/w5_charls_CN.dta","gb006_9__s6","numeric","老年家庭计划补贴 HH成员姓名[9] 接收","","gb006_9__s6 老年家庭计划补贴 HH成员姓名[9] 接收"
"translated_combined_w5","restricted_source/w5_charls_CN.dta","gb006_10__s6","numeric","老年家庭计划补贴 HH成员姓名[10] 接收","","gb006_10__s6 老年家庭计划补贴 HH成员姓名[10] 接收"
"translated_combined_w5","restricted_source/w5_charls_CN.dta","gb006_11__s6","numeric","老年家庭计划补贴 HH成员姓名[11] 接收","","gb006_11__s6 老年家庭计划补贴 HH成员姓名[11] 接收"
"translated_combined_w5","restricted_source/w5_charls_CN.dta","gb006_12__s6","numeric","老年家庭计划补贴 HH成员姓名[12] 接收","","gb006_12__s6 老年家庭计划补贴 HH成员姓名[12] 接收"
"translated_combined_w5","restricted_source/w5_charls_CN.dta","gb006_13__s6","numeric","老年家庭计划补贴 HH成员姓名[13] 接收","","gb006_13__s6 老年家庭计划补贴 HH成员姓名[13] 接收"
"translated_combined_w5","restricted_source/w5_charls_CN.dta","gb006_14__s6","numeric","老年家庭计划补贴 HH成员姓名[14] 接收","","gb006_14__s6 老年家庭计划补贴 HH成员姓名[14] 接收"
"translated_combined_w5","restricted_source/w5_charls_CN.dta","gb006_1__s7","numeric","医疗援助 HH成员姓名[1] 接收","","gb006_1__s7 医疗援助 HH成员姓名[1] 接收"
"translated_combined_w5","restricted_source/w5_charls_CN.dta","gb006_2__s7","numeric","医疗援助 HH成员姓名[2] 接收","","gb006_2__s7 医疗援助 HH成员姓名[2] 接收"
"translated_combined_w5","restricted_source/w5_charls_CN.dta","gb006_3__s7","numeric","医疗援助 HH成员姓名[3] 接收","","gb006_3__s7 医疗援助 HH成员姓名[3] 接收"
"translated_combined_w5","restricted_source/w5_charls_CN.dta","gb006_4__s7","numeric","医疗援助 HH成员姓名[4] 接收","","gb006_4__s7 医疗援助 HH成员姓名[4] 接收"
"translated_combined_w5","restricted_source/w5_charls_CN.dta","gb006_5__s7","numeric","医疗援助家庭成员名称[5] 接收","","gb006_5__s7 医疗援助家庭成员名称[5] 接收"
"translated_combined_w5","restricted_source/w5_charls_CN.dta","gb006_6__s7","numeric","医疗援助家庭成员名称[6] 接收","","gb006_6__s7 医疗援助家庭成员名称[6] 接收"
"translated_combined_w5","restricted_source/w5_charls_CN.dta","gb006_7__s7","numeric","医疗援助家庭成员名称[7] 接收","","gb006_7__s7 医疗援助家庭成员名称[7] 接收"
"translated_combined_w5","restricted_source/w5_charls_CN.dta","gb006_8__s7","numeric","医疗援助家庭成员名称[8] 接收","","gb006_8__s7 医疗援助家庭成员名称[8] 接收"
"translated_combined_w5","restricted_source/w5_charls_CN.dta","gb006_9__s7","numeric","医疗援助家庭成员名称[9] 接收","","gb006_9__s7 医疗援助家庭成员名称[9] 接收"
"translated_combined_w5","restricted_source/w5_charls_CN.dta","gb006_10__s7","numeric","医疗援助家庭成员名称[10] 接收","","gb006_10__s7 医疗援助家庭成员名称[10] 接收"
"translated_combined_w5","restricted_source/w5_charls_CN.dta","gb006_11__s7","numeric","医疗援助家庭成员名称[11] 接收","","gb006_11__s7 医疗援助家庭成员名称[11] 接收"
"translated_combined_w5","restricted_source/w5_charls_CN.dta","gb006_12__s7","numeric","医疗援助家庭成员名称[12] 接收","","gb006_12__s7 医疗援助家庭成员名称[12] 接收"
"translated_combined_w5","restricted_source/w5_charls_CN.dta","gb006_13__s7","numeric","医疗援助家庭成员名称[13] 接收","","gb006_13__s7 医疗援助家庭成员名称[13] 接收"
"translated_combined_w5","restricted_source/w5_charls_CN.dta","gb006_14__s7","numeric","医疗援助家庭成员名称[14] 接收","","gb006_14__s7 医疗援助家庭成员名称[14] 接收"
"translated_combined_w5","restricted_source/w5_charls_CN.dta","gb006_1__s8","numeric","其他政府补贴家庭成员姓名[1] 接收","","gb006_1__s8 其他政府补贴家庭成员姓名[1] 接收"
"translated_combined_w5","restricted_source/w5_charls_CN.dta","gb006_2__s8","numeric","其他政府补贴家庭成员姓名[2] 接收","","gb006_2__s8 其他政府补贴家庭成员姓名[2] 接收"
"translated_combined_w5","restricted_source/w5_charls_CN.dta","gb006_3__s8","numeric","其他政府补贴家庭成员姓名[3] 接收","","gb006_3__s8 其他政府补贴家庭成员姓名[3] 接收"
"translated_combined_w5","restricted_source/w5_charls_CN.dta","gb006_4__s8","numeric","其他政府补贴家庭成员姓名[4] 接收","","gb006_4__s8 其他政府补贴家庭成员姓名[4] 接收"
"translated_combined_w5","restricted_source/w5_charls_CN.dta","gb006_5__s8","numeric","其他政府补贴家庭成员姓名[5] 接收","","gb006_5__s8 其他政府补贴家庭成员姓名[5] 接收"
"translated_combined_w5","restricted_source/w5_charls_CN.dta","gb006_6__s8","numeric","其他政府补贴家庭成员姓名[6] 接收","","gb006_6__s8 其他政府补贴家庭成员姓名[6] 接收"
"translated_combined_w5","restricted_source/w5_charls_CN.dta","gb006_7__s8","numeric","其他政府补贴家庭成员姓名[7] 接收","","gb006_7__s8 其他政府补贴家庭成员姓名[7] 接收"
"translated_combined_w5","restricted_source/w5_charls_CN.dta","gb006_8__s8","numeric","其他政府补贴家庭成员姓名[8] 接收","","gb006_8__s8 其他政府补贴家庭成员姓名[8] 接收"
"translated_combined_w5","restricted_source/w5_charls_CN.dta","gb006_9__s8","numeric","其他政府补贴家庭成员姓名[9] 接收","","gb006_9__s8 其他政府补贴家庭成员姓名[9] 接收"
"translated_combined_w5","restricted_source/w5_charls_CN.dta","gb006_10__s8","numeric","其他政府补贴 HHMemberName[10] 收入","","gb006_10__s8 其他政府补贴 HHMemberName[10] 收入"
"translated_combined_w5","restricted_source/w5_charls_CN.dta","gb006_11__s8","numeric","其他政府补贴 HHMemberName[11] 收入","","gb006_11__s8 其他政府补贴 HHMemberName[11] 收入"
"translated_combined_w5","restricted_source/w5_charls_CN.dta","gb006_12__s8","numeric","其他政府补贴 HHMemberName[12] 收入","","gb006_12__s8 其他政府补贴 HHMemberName[12] 收入"
"translated_combined_w5","restricted_source/w5_charls_CN.dta","gb006_13__s8","numeric","其他政府补贴 HHMemberName[13] 收入","","gb006_13__s8 其他政府补贴 HHMemberName[13] 收入"
"translated_combined_w5","restricted_source/w5_charls_CN.dta","gb006_14__s8","numeric","其他政府补贴 HHMemberName[14] 收入","","gb006_14__s8 其他政府补贴 HHMemberName[14] 收入"
"translated_combined_w5","restricted_source/w5_charls_CN.dta","gb006_1__s9","numeric","其他收入来源 HHMemberName[1] 收入","","gb006_1__s9 其他收入来源 HHMemberName[1] 收入"
"translated_combined_w5","restricted_source/w5_charls_CN.dta","gb006_2__s9","numeric","其他收入来源 HHMemberName[2] 收入","","gb006_2__s9 其他收入来源 HHMemberName[2] 收入"
"translated_combined_w5","restricted_source/w5_charls_CN.dta","gb006_3__s9","numeric","其他收入来源 HHMemberName[3] 收入","","gb006_3__s9 其他收入来源 HHMemberName[3] 收入"
"translated_combined_w5","restricted_source/w5_charls_CN.dta","gb006_4__s9","numeric","其他收入来源 HHMemberName[4] 收入","","gb006_4__s9 其他收入来源 HHMemberName[4] 收入"
"translated_combined_w5","restricted_source/w5_charls_CN.dta","gb006_5__s9","numeric","其他收入来源 HHMemberName[5] 收入","","gb006_5__s9 其他收入来源 HHMemberName[5] 收入"
"translated_combined_w5","restricted_source/w5_charls_CN.dta","gb006_6__s9","numeric","其他收入来源 HHMemberName[6] 收入","","gb006_6__s9 其他收入来源 HHMemberName[6] 收入"
"translated_combined_w5","restricted_source/w5_charls_CN.dta","gb006_7__s9","numeric","其他收入来源 HHMemberName[7] 收入","","gb006_7__s9 其他收入来源 HHMemberName[7] 收入"
"translated_combined_w5","restricted_source/w5_charls_CN.dta","gb006_8__s9","numeric","其他收入来源 HHMemberName[8] 收入","","gb006_8__s9 其他收入来源 HHMemberName[8] 收入"
"translated_combined_w5","restricted_source/w5_charls_CN.dta","gb006_9__s9","numeric","其他收入来源 HHMemberName[9] 收入","","gb006_9__s9 其他收入来源 HHMemberName[9] 收入"
"translated_combined_w5","restricted_source/w5_charls_CN.dta","gb006_10__s9","numeric","其他收入来源 HHMemberName[10] 收入","","gb006_10__s9 其他收入来源 HHMemberName[10] 收入"
"translated_combined_w5","restricted_source/w5_charls_CN.dta","gb006_11__s9","numeric","其他收入来源 HHMemberName[11] 收入","","gb006_11__s9 其他收入来源 HHMemberName[11] 收入"
"translated_combined_w5","restricted_source/w5_charls_CN.dta","gb006_12__s9","numeric","其他收入来源 HHMemberName[12] 收入","","gb006_12__s9 其他收入来源 HHMemberName[12] 收入"
"translated_combined_w5","restricted_source/w5_charls_CN.dta","gb006_13__s9","numeric","其他收入来源 HHMemberName[13] 收入","","gb006_13__s9 其他收入来源 HHMemberName[13] 收入"
"translated_combined_w5","restricted_source/w5_charls_CN.dta","gb006_14__s9","numeric","其他收入来源 HHMemberName[14] 收入","","gb006_14__s9 其他收入来源 HHMemberName[14] 收入"
"translated_combined_w5","restricted_source/w5_charls_CN.dta","gb006_1__s10","numeric","以上均不属于 HHMemberName[1] 收入","","gb006_1__s10 以上均不属于 HHMemberName[1] 收入"
"translated_combined_w5","restricted_source/w5_charls_CN.dta","gb006_2__s10","numeric","以上均不属于 HHMemberName[2] 收入","","gb006_2__s10 以上均不属于 HHMemberName[2] 收入"
"translated_combined_w5","restricted_source/w5_charls_CN.dta","gb006_3__s10","numeric","以上均不属于 HHMemberName[3] 收入","","gb006_3__s10 以上均不属于 HHMemberName[3] 收入"
"translated_combined_w5","restricted_source/w5_charls_CN.dta","gb006_4__s10","numeric","以上均不属于 HHMemberName[4] 收入","","gb006_4__s10 以上均不属于 HHMemberName[4] 收入"
"translated_combined_w5","restricted_source/w5_charls_CN.dta","gb006_5__s10","numeric","以上均不属于 HHMemberName[5] 收入","","gb006_5__s10 以上均不属于 HHMemberName[5] 收入"
"translated_combined_w5","restricted_source/w5_charls_CN.dta","gb006_6__s10","numeric","以上均不属于 HHMemberName[6] 收入","","gb006_6__s10 以上均不属于 HHMemberName[6] 收入"
"translated_combined_w5","restricted_source/w5_charls_CN.dta","gb006_7__s10","numeric","以上均不属于 HHMemberName[7] 收入","","gb006_7__s10 以上均不属于 HHMemberName[7] 收入"
"translated_combined_w5","restricted_source/w5_charls_CN.dta","gb006_8__s10","numeric","以上均不属于 HHMemberName[8] 收入","","gb006_8__s10 以上均不属于 HHMemberName[8] 收入"
"translated_combined_w5","restricted_source/w5_charls_CN.dta","gb006_9__s10","numeric","以上均不属于 HHMemberName[9] 收入","","gb006_9__s10 以上均不属于 HHMemberName[9] 收入"
"translated_combined_w5","restricted_source/w5_charls_CN.dta","gb006_10__s10","numeric","以上均不属于 HHMemberName[10] 收入","","gb006_10__s10 以上均不属于 HHMemberName[10] 收入"
"translated_combined_w5","restricted_source/w5_charls_CN.dta","gb006_11__s10","numeric","以上均不属于 HHMemberName[11] 收入","","gb006_11__s10 以上均不属于 HHMemberName[11] 收入"
"translated_combined_w5","restricted_source/w5_charls_CN.dta","gb006_12__s10","numeric","以上均不属于 HHMemberName[12] 收入","","gb006_12__s10 以上均不属于 HHMemberName[12] 收入"
"translated_combined_w5","restricted_source/w5_charls_CN.dta","gb006_13__s10","numeric","以上均不属于 HHMemberName[13] 收入","","gb006_13__s10 以上均不属于 HHMemberName[13] 收入"
"translated_combined_w5","restricted_source/w5_charls_CN.dta","gb006_14__s10","numeric","以上均不属于 HHMemberName[14] 收入","","gb006_14__s10 以上均不属于 HHMemberName[14] 收入"
"translated_combined_w5","restricted_source/w5_charls_CN.dta","gb006_1_1_","numeric","养老金金额 HHMemberName[1] 收入","","gb006_1_1_ 养老金金额 HHMemberName[1] 收入"
"translated_combined_w5","restricted_source/w5_charls_CN.dta","gb006_1_2_","numeric","养老金金额 HHMemberName[2] 收入","","gb006_1_2_ 养老金金额 HHMemberName[2] 收入"
"translated_combined_w5","restricted_source/w5_charls_CN.dta","gb006_1_3_","numeric","养老金金额 HHMemberName[3] 收入","","gb006_1_3_ 养老金金额 HHMemberName[3] 收入"
"translated_combined_w5","restricted_source/w5_charls_CN.dta","gb006_1_4_","numeric","养老金金额 HHMemberName[4] 收入","","gb006_1_4_ 养老金金额 HHMemberName[4] 收入"
"translated_combined_w5","restricted_source/w5_charls_CN.dta","gb006_1_5_","numeric","养老金金额 HHMemberName[5] 收到","","gb006_1_5_ 养老金金额 HHMemberName[5] 收到"
"translated_combined_w5","restricted_source/w5_charls_CN.dta","gb006_1_6_","numeric","养老金金额 HHMemberName[6] 收到","","gb006_1_6_ 养老金金额 HHMemberName[6] 收到"
"translated_combined_w5","restricted_source/w5_charls_CN.dta","gb006_1_7_","numeric","养老金金额 HHMemberName[7] 收到","","gb006_1_7_ 养老金金额 HHMemberName[7] 收到"
"translated_combined_w5","restricted_source/w5_charls_CN.dta","gb006_2_1_","numeric","失业补偿金额 HHMemberName[1] 收到","","gb006_2_1_ 失业补偿金额 HHMemberName[1] 收到"
"translated_combined_w5","restricted_source/w5_charls_CN.dta","gb006_2_2_","numeric","失业补偿金额 HHMemberName[2] 收到","","gb006_2_2_ 失业补偿金额 HHMemberName[2] 收到"
"translated_combined_w5","restricted_source/w5_charls_CN.dta","gb006_2_3_","numeric","失业补偿金额 HHMemberName[3] 收到","","gb006_2_3_ 失业补偿金额 HHMemberName[3] 收到"
"translated_combined_w5","restricted_source/w5_charls_CN.dta","gb006_2_4_","numeric","失业补偿金额 HHMemberName[4] 收到","","gb006_2_4_ 失业补偿金额 HHMemberName[4] 收到"
"translated_combined_w5","restricted_source/w5_charls_CN.dta","gb006_3_1_","numeric","养老金凭证金额 HHMemberName[1] 收到","","gb006_3_1_ 养老金凭证金额 HHMemberName[1] 收到"
"translated_combined_w5","restricted_source/w5_charls_CN.dta","gb006_3_2_","numeric","养老金凭证金额 HHMemberName[2] 收到","","gb006_3_2_ 养老金凭证金额 HHMemberName[2] 收到"
"translated_combined_w5","restricted_source/w5_charls_CN.dta","gb006_3_3_","numeric","养老金券金额 HHMemberName[3] 收到","","gb006_3_3_ 养老金券金额 HHMemberName[3] 收到"
"translated_combined_w5","restricted_source/w5_charls_CN.dta","gb006_3_4_","numeric","养老金券金额 HHMemberName[4] 收到","","gb006_3_4_ 养老金券金额 HHMemberName[4] 收到"
"translated_combined_w5","restricted_source/w5_charls_CN.dta","gb006_4_1_","numeric","养老金补贴（最年长者）金额 HHMemberName[1] 收到","","gb006_4_1_ 养老金补贴（最年长者）金额 HHMemberName[1] 收到"
"translated_combined_w5","restricted_source/w5_charls_CN.dta","gb006_4_2_","numeric","养老金补贴（最年长者）金额 HHMemberName[2] 收到","","gb006_4_2_ 养老金补贴（最年长者）金额 HHMemberName[2] 收到"
"translated_combined_w5","restricted_source/w5_charls_CN.dta","gb006_4_3_","numeric","养老金补贴（最年长者）金额 HHMemberName[3] 收到","","gb006_4_3_ 养老金补贴（最年长者）金额 HHMemberName[3] 收到"
"translated_combined_w5","restricted_source/w5_charls_CN.dta","gb006_4_4_","numeric","养老金补贴（最年长者）金额 HHMemberName[4] 收到","","gb006_4_4_ 养老金补贴（最年长者）金额 HHMemberName[4] 收到"
"translated_combined_w5","restricted_source/w5_charls_CN.dta","gb006_4_5_","numeric","养老金补贴（最年长者）金额 HHMemberName[5] 收到","","gb006_4_5_ 养老金补贴（最年长者）金额 HHMemberName[5] 收到"
"translated_combined_w5","restricted_source/w5_charls_CN.dta","gb006_4_6_","numeric","养老金补贴（最年长者）金额 HHMemberName[6] 收到","","gb006_4_6_ 养老金补贴（最年长者）金额 HHMemberName[6] 收到"
"translated_combined_w5","restricted_source/w5_charls_CN.dta","gb006_5_1_","numeric","工人工业事故赔偿金额 HH成员姓名[1] 收到","","gb006_5_1_ 工人工业事故赔偿金额 HH成员姓名[1] 收到"
"translated_combined_w5","restricted_source/w5_charls_CN.dta","gb006_5_2_","numeric","工人工业事故赔偿金额 HH成员姓名[2] 收到","","gb006_5_2_ 工人工业事故赔偿金额 HH成员姓名[2] 收到"
"translated_combined_w5","restricted_source/w5_charls_CN.dta","gb006_5_3_","numeric","工人工业事故赔偿金额 HH成员姓名[3] 收到","","gb006_5_3_ 工人工业事故赔偿金额 HH成员姓名[3] 收到"
"translated_combined_w5","restricted_source/w5_charls_CN.dta","gb006_5_4_","numeric","工人工业事故赔偿金额 HH成员姓名[4] 收到","","gb006_5_4_ 工人工业事故赔偿金额 HH成员姓名[4] 收到"
"translated_combined_w5","restricted_source/w5_charls_CN.dta","gb006_6_1_","numeric","老年家庭计划补贴金额 HH成员姓名[1] 收到","","gb006_6_1_ 老年家庭计划补贴金额 HH成员姓名[1] 收到"
"translated_combined_w5","restricted_source/w5_charls_CN.dta","gb006_6_2_","numeric","老年家庭计划补贴金额 HH成员姓名[2] 收到","","gb006_6_2_ 老年家庭计划补贴金额 HH成员姓名[2] 收到"
"translated_combined_w5","restricted_source/w5_charls_CN.dta","gb006_6_3_","numeric","老年家庭计划补贴金额 HH成员姓名[3] 收到","","gb006_6_3_ 老年家庭计划补贴金额 HH成员姓名[3] 收到"
"translated_combined_w5","restricted_source/w5_charls_CN.dta","gb006_6_4_","numeric","老年家庭计划补贴金额 HH成员姓名[4] 收到","","gb006_6_4_ 老年家庭计划补贴金额 HH成员姓名[4] 收到"
"translated_combined_w5","restricted_source/w5_charls_CN.dta","gb006_7_1_","numeric","医疗援助金额 HH成员姓名[1] 收到","","gb006_7_1_ 医疗援助金额 HH成员姓名[1] 收到"
"translated_combined_w5","restricted_source/w5_charls_CN.dta","gb006_7_2_","numeric","医疗援助金额 HH成员姓名[2] 收到","","gb006_7_2_ 医疗援助金额 HH成员姓名[2] 收到"
"translated_combined_w5","restricted_source/w5_charls_CN.dta","gb006_7_3_","numeric","医疗援助金额 HH成员姓名[3] 收到","","gb006_7_3_ 医疗援助金额 HH成员姓名[3] 收到"
"translated_combined_w5","restricted_source/w5_charls_CN.dta","gb006_7_4_","numeric","医疗援助金额 HH成员姓名[4] 收到","","gb006_7_4_ 医疗援助金额 HH成员姓名[4] 收到"
"translated_combined_w5","restricted_source/w5_charls_CN.dta","gb006_7_6_","numeric","医疗援助金额 HH成员姓名[6] 收到","","gb006_7_6_ 医疗援助金额 HH成员姓名[6] 收到"
"translated_combined_w5","restricted_source/w5_charls_CN.dta","gb006_8_1_","numeric","其他政府补贴金额 HH成员姓名[1] 收到","","gb006_8_1_ 其他政府补贴金额 HH成员姓名[1] 收到"
"translated_combined_w5","restricted_source/w5_charls_CN.dta","gb006_8_2_","numeric","其他政府补贴金额 HH成员姓名[2] 收到","","gb006_8_2_ 其他政府补贴金额 HH成员姓名[2] 收到"
"translated_combined_w5","restricted_source/w5_charls_CN.dta","gb006_8_3_","numeric","其他政府补贴金额 HH成员姓名[3] 收到","","gb006_8_3_ 其他政府补贴金额 HH成员姓名[3] 收到"
"translated_combined_w5","restricted_source/w5_charls_CN.dta","gb006_8_4_","numeric","其他政府补贴金额 HH成员姓名[4] 收到","","gb006_8_4_ 其他政府补贴金额 HH成员姓名[4] 收到"
"translated_combined_w5","restricted_source/w5_charls_CN.dta","gb006_8_5_","numeric","其他政府补贴金额 HHMemberName[5] 收到","","gb006_8_5_ 其他政府补贴金额 HHMemberName[5] 收到"
"translated_combined_w5","restricted_source/w5_charls_CN.dta","gb006_8_6_","numeric","其他政府补贴金额 HHMemberName[6] 收到","","gb006_8_6_ 其他政府补贴金额 HHMemberName[6] 收到"
"translated_combined_w5","restricted_source/w5_charls_CN.dta","gb006_8_8_","numeric","其他政府补贴金额 HHMemberName[8] 收到","","gb006_8_8_ 其他政府补贴金额 HHMemberName[8] 收到"
"translated_combined_w5","restricted_source/w5_charls_CN.dta","gb006_9_1_","numeric","其他收入来源金额 HHMemberName[1] 收到","","gb006_9_1_ 其他收入来源金额 HHMemberName[1] 收到"
"translated_combined_w5","restricted_source/w5_charls_CN.dta","gb006_9_2_","numeric","其他收入来源金额 HHMemberName[2] 收到","","gb006_9_2_ 其他收入来源金额 HHMemberName[2] 收到"
"translated_combined_w5","restricted_source/w5_charls_CN.dta","gb006_9_3_","numeric","其他收入来源金额 HHMemberName[3] 收到","","gb006_9_3_ 其他收入来源金额 HHMemberName[3] 收到"
"translated_combined_w5","restricted_source/w5_charls_CN.dta","gb006_9_4_","numeric","其他收入来源金额 HHMemberName[4] 收到","","gb006_9_4_ 其他收入来源金额 HHMemberName[4] 收到"
"translated_combined_w5","restricted_source/w5_charls_CN.dta","gb007_1_","numeric","COVID对 HHMemberName[1] 工资的影响","","gb007_1_ COVID对 HHMemberName[1] 工资的影响"
"translated_combined_w5","restricted_source/w5_charls_CN.dta","gb007_2_","numeric","COVID对 HHMemberName[2] 工资的影响","","gb007_2_ COVID对 HHMemberName[2] 工资的影响"
"translated_combined_w5","restricted_source/w5_charls_CN.dta","gb007_3_","numeric","COVID对HHMemberName[3]工资的影响","","gb007_3_ COVID对HHMemberName[3]工资的影响"
"translated_combined_w5","restricted_source/w5_charls_CN.dta","gb007_4_","numeric","COVID对HHMemberName[4]工资的影响","","gb007_4_ COVID对HHMemberName[4]工资的影响"
"translated_combined_w5","restricted_source/w5_charls_CN.dta","gb007_5_","numeric","COVID对HHMemberName[5]工资的影响","","gb007_5_ COVID对HHMemberName[5]工资的影响"
"translated_combined_w5","restricted_source/w5_charls_CN.dta","gb007_6_","numeric","COVID对HHMemberName[6]工资的影响","","gb007_6_ COVID对HHMemberName[6]工资的影响"
"translated_combined_w5","restricted_source/w5_charls_CN.dta","gb007_7_","numeric","COVID对HHMemberName[7]工资的影响","","gb007_7_ COVID对HHMemberName[7]工资的影响"
"translated_combined_w5","restricted_source/w5_charls_CN.dta","gb007_8_","numeric","COVID对HHMemberName[8]工资的影响","","gb007_8_ COVID对HHMemberName[8]工资的影响"
"translated_combined_w5","restricted_source/w5_charls_CN.dta","gb007_9_","numeric","COVID对HHMemberName[9]工资的影响","","gb007_9_ COVID对HHMemberName[9]工资的影响"
"translated_combined_w5","restricted_source/w5_charls_CN.dta","gb007_10_","numeric","COVID对HHMemberName[10]工资的影响","","gb007_10_ COVID对HHMemberName[10]工资的影响"
"translated_combined_w5","restricted_source/w5_charls_CN.dta","gb007_11_","numeric","COVID对HHMemberName[11]工资的影响","","gb007_11_ COVID对HHMemberName[11]工资的影响"
"translated_combined_w5","restricted_source/w5_charls_CN.dta","gb007_12_","numeric","COVID对HHMemberName[12]工资的影响","","gb007_12_ COVID对HHMemberName[12]工资的影响"
"translated_combined_w5","restricted_source/w5_charls_CN.dta","gb007_13_","numeric","COVID对HHMemberName[13]工资的影响","","gb007_13_ COVID对HHMemberName[13]工资的影响"
"translated_combined_w5","restricted_source/w5_charls_CN.dta","gb007_14_","numeric","COVID对HHMemberName[14]工资的影响","","gb007_14_ COVID对HHMemberName[14]工资的影响"
"translated_combined_w5","restricted_source/w5_charls_CN.dta","gb007_1_1_","numeric","HHMemberName[1]减少的金额","","gb007_1_1_ HHMemberName[1]减少的金额"
"translated_combined_w5","restricted_source/w5_charls_CN.dta","gb007_1_2_","numeric","HHMemberName[2]减少的金额","","gb007_1_2_ HHMemberName[2]减少的金额"
"translated_combined_w5","restricted_source/w5_charls_CN.dta","gb007_1_3_","numeric","HHMemberName[3]减少的金额","","gb007_1_3_ HHMemberName[3]减少的金额"
"translated_combined_w5","restricted_source/w5_charls_CN.dta","gb007_1_4_","numeric","HHMemberName[4]减少的金额","","gb007_1_4_ HHMemberName[4]减少的金额"
"translated_combined_w5","restricted_source/w5_charls_CN.dta","gb007_1_5_","numeric","HHMemberName[5]减少的金额","","gb007_1_5_ HHMemberName[5]减少的金额"
"translated_combined_w5","restricted_source/w5_charls_CN.dta","gb007_1_6_","numeric","HHMemberName[6]减少的金额","","gb007_1_6_ HHMemberName[6]减少的金额"
"translated_combined_w5","restricted_source/w5_charls_CN.dta","gb007_1_7_","numeric","HHMemberName[7]减少的金额","","gb007_1_7_ HHMemberName[7]减少的金额"
"translated_combined_w5","restricted_source/w5_charls_CN.dta","gb007_1_8_","numeric","HHMemberName[8]减少的金额","","gb007_1_8_ HHMemberName[8]减少的金额"
"translated_combined_w5","restricted_source/w5_charls_CN.dta","gb007_1_9_","numeric","减少的金额 HHMemberName[9] 收到","","gb007_1_9_ 减少的金额 HHMemberName[9] 收到"
"translated_combined_w5","restricted_source/w5_charls_CN.dta","gb007_1_10_","numeric","减少的金额 HHMemberName[10] 收到","","gb007_1_10_ 减少的金额 HHMemberName[10] 收到"
"translated_combined_w5","restricted_source/w5_charls_CN.dta","gb007_1_11_","numeric","减少的金额 HHMemberName[11] 收到","","gb007_1_11_ 减少的金额 HHMemberName[11] 收到"
"translated_combined_w5","restricted_source/w5_charls_CN.dta","gb007_1_min_1_","numeric","gb007_1_1_ 的最小区间","","gb007_1_min_1_ gb007_1_1_ 的最小区间"
"translated_combined_w5","restricted_source/w5_charls_CN.dta","gb007_1_min_2_","numeric","gb007_1_2_ 的最小区间","","gb007_1_min_2_ gb007_1_2_ 的最小区间"
"translated_combined_w5","restricted_source/w5_charls_CN.dta","gb007_1_min_3_","numeric","gb007_1_3_ 的最小区间","","gb007_1_min_3_ gb007_1_3_ 的最小区间"
"translated_combined_w5","restricted_source/w5_charls_CN.dta","gb007_1_min_4_","numeric","gb007_1_4_ 的最小区间","","gb007_1_min_4_ gb007_1_4_ 的最小区间"
"translated_combined_w5","restricted_source/w5_charls_CN.dta","gb007_1_min_5_","numeric","gb007_1_5_ 的最小区间","","gb007_1_min_5_ gb007_1_5_ 的最小区间"
"translated_combined_w5","restricted_source/w5_charls_CN.dta","gb007_1_min_6_","numeric","gb007_1_6_ 的最小区间","","gb007_1_min_6_ gb007_1_6_ 的最小区间"
"translated_combined_w5","restricted_source/w5_charls_CN.dta","gb007_1_min_7_","numeric","gb007_1_7_的最小区间","","gb007_1_min_7_ gb007_1_7_的最小区间"
"translated_combined_w5","restricted_source/w5_charls_CN.dta","gb007_1_min_8_","numeric","gb007_1_8_的最小区间","","gb007_1_min_8_ gb007_1_8_的最小区间"
"translated_combined_w5","restricted_source/w5_charls_CN.dta","gb007_1_max_1_","numeric","gb007_1_1_的最大区间","","gb007_1_max_1_ gb007_1_1_的最大区间"
"translated_combined_w5","restricted_source/w5_charls_CN.dta","gb007_1_max_2_","numeric","gb007_1_2_的最大区间","","gb007_1_max_2_ gb007_1_2_的最大区间"
"translated_combined_w5","restricted_source/w5_charls_CN.dta","gb007_1_max_3_","numeric","gb007_1_3_的最大区间","","gb007_1_max_3_ gb007_1_3_的最大区间"
"translated_combined_w5","restricted_source/w5_charls_CN.dta","gb007_1_max_4_","numeric","gb007_1_4_的最大区间","","gb007_1_max_4_ gb007_1_4_的最大区间"
"translated_combined_w5","restricted_source/w5_charls_CN.dta","gb007_1_max_5_","numeric","gb007_1_5_的最大区间","","gb007_1_max_5_ gb007_1_5_的最大区间"
"translated_combined_w5","restricted_source/w5_charls_CN.dta","gb007_1_max_6_","numeric","gb007_1_6_的最大区间","","gb007_1_max_6_ gb007_1_6_的最大区间"
"translated_combined_w5","restricted_source/w5_charls_CN.dta","gb007_1_max_7_","numeric","gb007_1_7_的最大区间","","gb007_1_max_7_ gb007_1_7_的最大区间"
"translated_combined_w5","restricted_source/w5_charls_CN.dta","gb007_1_max_8_","numeric","gb007_1_8_的最大档次","","gb007_1_max_8_ gb007_1_8_的最大档次"
"translated_combined_w5","restricted_source/w5_charls_CN.dta","gb007_2_1_","numeric","HHMemberName[1] 增加的金额","","gb007_2_1_ HHMemberName[1] 增加的金额"
"translated_combined_w5","restricted_source/w5_charls_CN.dta","gb007_2_2_","numeric","HHMemberName[2] 增加的金额","","gb007_2_2_ HHMemberName[2] 增加的金额"
"translated_combined_w5","restricted_source/w5_charls_CN.dta","gb007_2_3_","numeric","HHMemberName[3] 增加的金额","","gb007_2_3_ HHMemberName[3] 增加的金额"
"translated_combined_w5","restricted_source/w5_charls_CN.dta","gb007_2_6_","numeric","HHMemberName[6] 增加的金额","","gb007_2_6_ HHMemberName[6] 增加的金额"
"translated_combined_w5","restricted_source/w5_charls_CN.dta","gb007_2_min_1_","numeric","gb007_2_1_的最小档次","","gb007_2_min_1_ gb007_2_1_的最小档次"
"translated_combined_w5","restricted_source/w5_charls_CN.dta","gb007_2_min_2_","numeric","gb007_2_2_的最小档次","","gb007_2_min_2_ gb007_2_2_的最小档次"
"translated_combined_w5","restricted_source/w5_charls_CN.dta","gb007_2_max_1_","numeric","gb007_2_1_的最大档次","","gb007_2_max_1_ gb007_2_1_的最大档次"
"translated_combined_w5","restricted_source/w5_charls_CN.dta","gb007_2_max_2_","numeric","gb007_2_2_的最大档次","","gb007_2_max_2_ gb007_2_2_的最大档次"
"translated_combined_w5","restricted_source/w5_charls_CN.dta","gb008_1__s7","numeric","医疗援助 HHMemberName[1] 收到的金额","","gb008_1__s7 医疗援助 HHMemberName[1] 收到的金额"
"translated_combined_w5","restricted_source/w5_charls_CN.dta","gb008_2__s7","numeric","医疗援助家庭成员姓名[2] 接收","","gb008_2__s7 医疗援助家庭成员姓名[2] 接收"
"translated_combined_w5","restricted_source/w5_charls_CN.dta","gb008_3__s7","numeric","医疗援助家庭成员姓名[3] 接收","","gb008_3__s7 医疗援助家庭成员姓名[3] 接收"
"translated_combined_w5","restricted_source/w5_charls_CN.dta","gb008_4__s7","numeric","医疗援助家庭成员姓名[4] 接收","","gb008_4__s7 医疗援助家庭成员姓名[4] 接收"
"translated_combined_w5","restricted_source/w5_charls_CN.dta","gb008_5__s7","numeric","医疗援助家庭成员姓名[5] 接收","","gb008_5__s7 医疗援助家庭成员姓名[5] 接收"
"translated_combined_w5","restricted_source/w5_charls_CN.dta","gb008_6__s7","numeric","医疗援助家庭成员姓名[6] 接收","","gb008_6__s7 医疗援助家庭成员姓名[6] 接收"
"translated_combined_w5","restricted_source/w5_charls_CN.dta","gb008_7__s7","numeric","医疗援助家庭成员姓名[7] 接收","","gb008_7__s7 医疗援助家庭成员姓名[7] 接收"
"translated_combined_w5","restricted_source/w5_charls_CN.dta","gb008_8__s7","numeric","医疗援助家庭成员姓名[8] 接收","","gb008_8__s7 医疗援助家庭成员姓名[8] 接收"
"translated_combined_w5","restricted_source/w5_charls_CN.dta","gb008_9__s7","numeric","医疗援助家庭成员姓名[9] 接收","","gb008_9__s7 医疗援助家庭成员姓名[9] 接收"
"translated_combined_w5","restricted_source/w5_charls_CN.dta","gb008_10__s7","numeric","医疗援助家庭成员姓名[10] 接收","","gb008_10__s7 医疗援助家庭成员姓名[10] 接收"
"translated_combined_w5","restricted_source/w5_charls_CN.dta","gb008_11__s7","numeric","医疗援助家庭成员姓名[11] 接收","","gb008_11__s7 医疗援助家庭成员姓名[11] 接收"
"translated_combined_w5","restricted_source/w5_charls_CN.dta","gb008_12__s7","numeric","医疗援助家庭成员姓名[12] 接收","","gb008_12__s7 医疗援助家庭成员姓名[12] 接收"
"translated_combined_w5","restricted_source/w5_charls_CN.dta","gb008_1__s8","numeric","其他政府补贴家庭成员姓名[1] 接收","","gb008_1__s8 其他政府补贴家庭成员姓名[1] 接收"
"translated_combined_w5","restricted_source/w5_charls_CN.dta","gb008_2__s8","numeric","其他政府补贴家庭成员姓名[2] 接收","","gb008_2__s8 其他政府补贴家庭成员姓名[2] 接收"
"translated_combined_w5","restricted_source/w5_charls_CN.dta","gb008_3__s8","numeric","其他政府补贴家庭成员姓名[3] 接收","","gb008_3__s8 其他政府补贴家庭成员姓名[3] 接收"
"translated_combined_w5","restricted_source/w5_charls_CN.dta","gb008_4__s8","numeric","其他政府补贴家庭成员姓名[4] 接收","","gb008_4__s8 其他政府补贴家庭成员姓名[4] 接收"
"translated_combined_w5","restricted_source/w5_charls_CN.dta","gb008_5__s8","numeric","其他政府补贴家庭成员姓名[5] 接收","","gb008_5__s8 其他政府补贴家庭成员姓名[5] 接收"
"translated_combined_w5","restricted_source/w5_charls_CN.dta","gb008_6__s8","numeric","其他政府补贴家庭成员姓名[6] 接收","","gb008_6__s8 其他政府补贴家庭成员姓名[6] 接收"
"translated_combined_w5","restricted_source/w5_charls_CN.dta","gb008_7__s8","numeric","其他政府补贴家庭成员姓名[7] 接收","","gb008_7__s8 其他政府补贴家庭成员姓名[7] 接收"
"translated_combined_w5","restricted_source/w5_charls_CN.dta","gb008_8__s8","numeric","其他政府补贴家庭成员姓名[8] 接收","","gb008_8__s8 其他政府补贴家庭成员姓名[8] 接收"
"translated_combined_w5","restricted_source/w5_charls_CN.dta","gb008_9__s8","numeric","其他政府补贴 HH成员姓名[9] 收到","","gb008_9__s8 其他政府补贴 HH成员姓名[9] 收到"
"translated_combined_w5","restricted_source/w5_charls_CN.dta","gb008_10__s8","numeric","其他政府补贴 HH成员姓名[10] 收到","","gb008_10__s8 其他政府补贴 HH成员姓名[10] 收到"
"translated_combined_w5","restricted_source/w5_charls_CN.dta","gb008_11__s8","numeric","其他政府补贴 HH成员姓名[11] 收到","","gb008_11__s8 其他政府补贴 HH成员姓名[11] 收到"
"translated_combined_w5","restricted_source/w5_charls_CN.dta","gb008_12__s8","numeric","其他政府补贴 HH成员姓名[12] 收到","","gb008_12__s8 其他政府补贴 HH成员姓名[12] 收到"
"translated_combined_w5","restricted_source/w5_charls_CN.dta","gb008_1__s9","numeric","其他收入来源 HH成员姓名[1] 收到","","gb008_1__s9 其他收入来源 HH成员姓名[1] 收到"
"translated_combined_w5","restricted_source/w5_charls_CN.dta","gb008_2__s9","numeric","其他收入来源 HH成员姓名[2] 收到","","gb008_2__s9 其他收入来源 HH成员姓名[2] 收到"
"translated_combined_w5","restricted_source/w5_charls_CN.dta","gb008_3__s9","numeric","其他收入来源 HH成员姓名[3] 收到","","gb008_3__s9 其他收入来源 HH成员姓名[3] 收到"
"translated_combined_w5","restricted_source/w5_charls_CN.dta","gb008_4__s9","numeric","其他收入来源 HH成员姓名[4] 收到","","gb008_4__s9 其他收入来源 HH成员姓名[4] 收到"
"translated_combined_w5","restricted_source/w5_charls_CN.dta","gb008_5__s9","numeric","其他收入来源 HH成员姓名[5] 收到","","gb008_5__s9 其他收入来源 HH成员姓名[5] 收到"
"translated_combined_w5","restricted_source/w5_charls_CN.dta","gb008_6__s9","numeric","其他收入来源 HHMemberName[6] 收入","","gb008_6__s9 其他收入来源 HHMemberName[6] 收入"
"translated_combined_w5","restricted_source/w5_charls_CN.dta","gb008_7__s9","numeric","其他收入来源 HHMemberName[7] 收入","","gb008_7__s9 其他收入来源 HHMemberName[7] 收入"
"translated_combined_w5","restricted_source/w5_charls_CN.dta","gb008_8__s9","numeric","其他收入来源 HHMemberName[8] 收入","","gb008_8__s9 其他收入来源 HHMemberName[8] 收入"
"translated_combined_w5","restricted_source/w5_charls_CN.dta","gb008_9__s9","numeric","其他收入来源 HHMemberName[9] 收入","","gb008_9__s9 其他收入来源 HHMemberName[9] 收入"
"translated_combined_w5","restricted_source/w5_charls_CN.dta","gb008_10__s9","numeric","其他收入来源 HHMemberName[10] 收入","","gb008_10__s9 其他收入来源 HHMemberName[10] 收入"
"translated_combined_w5","restricted_source/w5_charls_CN.dta","gb008_11__s9","numeric","其他收入来源 HHMemberName[11] 收入","","gb008_11__s9 其他收入来源 HHMemberName[11] 收入"
"translated_combined_w5","restricted_source/w5_charls_CN.dta","gb008_12__s9","numeric","其他收入来源 HHMemberName[12] 收入","","gb008_12__s9 其他收入来源 HHMemberName[12] 收入"
"translated_combined_w5","restricted_source/w5_charls_CN.dta","gb008_1__s10","numeric","以上皆非 HHMemberName[1] 收入","","gb008_1__s10 以上皆非 HHMemberName[1] 收入"
"translated_combined_w5","restricted_source/w5_charls_CN.dta","gb008_2__s10","numeric","以上皆非 HHMemberName[2] 收入","","gb008_2__s10 以上皆非 HHMemberName[2] 收入"
"translated_combined_w5","restricted_source/w5_charls_CN.dta","gb008_3__s10","numeric","以上都不是 HHMemberName[3] 收入","","gb008_3__s10 以上都不是 HHMemberName[3] 收入"
"translated_combined_w5","restricted_source/w5_charls_CN.dta","gb008_4__s10","numeric","以上都不是 HHMemberName[4] 收入","","gb008_4__s10 以上都不是 HHMemberName[4] 收入"
"translated_combined_w5","restricted_source/w5_charls_CN.dta","gb008_5__s10","numeric","以上都不是 HHMemberName[5] 收入","","gb008_5__s10 以上都不是 HHMemberName[5] 收入"
"translated_combined_w5","restricted_source/w5_charls_CN.dta","gb008_6__s10","numeric","以上都不是 HHMemberName[6] 收入","","gb008_6__s10 以上都不是 HHMemberName[6] 收入"
"translated_combined_w5","restricted_source/w5_charls_CN.dta","gb008_7__s10","numeric","以上都不是 HHMemberName[7] 收入","","gb008_7__s10 以上都不是 HHMemberName[7] 收入"
"translated_combined_w5","restricted_source/w5_charls_CN.dta","gb008_8__s10","numeric","以上都不是 HHMemberName[8] 收入","","gb008_8__s10 以上都不是 HHMemberName[8] 收入"
"translated_combined_w5","restricted_source/w5_charls_CN.dta","gb008_9__s10","numeric","以上都不是 HHMemberName[9] 收入","","gb008_9__s10 以上都不是 HHMemberName[9] 收入"
"translated_combined_w5","restricted_source/w5_charls_CN.dta","gb008_10__s10","numeric","以上都不是 HHMemberName[10] 收入","","gb008_10__s10 以上都不是 HHMemberName[10] 收入"
"translated_combined_w5","restricted_source/w5_charls_CN.dta","gb008_11__s10","numeric","以上都不是 HHMemberName[11] 收入","","gb008_11__s10 以上都不是 HHMemberName[11] 收入"
"translated_combined_w5","restricted_source/w5_charls_CN.dta","gb008_12__s10","numeric","以上均不适用 HHMemberName[12] 收到","","gb008_12__s10 以上均不适用 HHMemberName[12] 收到"
"translated_combined_w5","restricted_source/w5_charls_CN.dta","gb008_7_1_","numeric","医疗援助金额 HHMemberName[1] 收到","","gb008_7_1_ 医疗援助金额 HHMemberName[1] 收到"
"translated_combined_w5","restricted_source/w5_charls_CN.dta","gb008_7_2_","numeric","医疗援助金额 HHMemberName[2] 收到","","gb008_7_2_ 医疗援助金额 HHMemberName[2] 收到"
"translated_combined_w5","restricted_source/w5_charls_CN.dta","gb008_7_3_","numeric","医疗援助金额 HHMemberName[3] 收到","","gb008_7_3_ 医疗援助金额 HHMemberName[3] 收到"
"translated_combined_w5","restricted_source/w5_charls_CN.dta","gb008_7_4_","numeric","医疗援助金额 HHMemberName[4] 收到","","gb008_7_4_ 医疗援助金额 HHMemberName[4] 收到"
"translated_combined_w5","restricted_source/w5_charls_CN.dta","gb008_7_5_","numeric","医疗援助金额 HHMemberName[5] 收到","","gb008_7_5_ 医疗援助金额 HHMemberName[5] 收到"
"translated_combined_w5","restricted_source/w5_charls_CN.dta","gb008_8_1_","numeric","其他政府补贴金额 HHMemberName[1] 收到","","gb008_8_1_ 其他政府补贴金额 HHMemberName[1] 收到"
"translated_combined_w5","restricted_source/w5_charls_CN.dta","gb008_8_2_","numeric","其他政府补贴金额 HHMemberName[2] 收到","","gb008_8_2_ 其他政府补贴金额 HHMemberName[2] 收到"
"translated_combined_w5","restricted_source/w5_charls_CN.dta","gb008_8_3_","numeric","其他政府补贴金额 HHMemberName[3] 收到","","gb008_8_3_ 其他政府补贴金额 HHMemberName[3] 收到"
"translated_combined_w5","restricted_source/w5_charls_CN.dta","gb008_8_4_","numeric","其他政府补贴金额 HHMemberName[4] 收到","","gb008_8_4_ 其他政府补贴金额 HHMemberName[4] 收到"
"translated_combined_w5","restricted_source/w5_charls_CN.dta","gb008_8_5_","numeric","其他政府补贴金额 HHMemberName[5] 收到","","gb008_8_5_ 其他政府补贴金额 HHMemberName[5] 收到"
"translated_combined_w5","restricted_source/w5_charls_CN.dta","gb008_8_6_","numeric","其他政府补贴金额 HHMemberName[6] 收到","","gb008_8_6_ 其他政府补贴金额 HHMemberName[6] 收到"
"translated_combined_w5","restricted_source/w5_charls_CN.dta","gb008_8_7_","numeric","其他政府补贴金额 HHMemberName[7] 收到","","gb008_8_7_ 其他政府补贴金额 HHMemberName[7] 收到"
"translated_combined_w5","restricted_source/w5_charls_CN.dta","gb008_9_1_","numeric","其他收入来源金额 HHMemberName[1] 收到","","gb008_9_1_ 其他收入来源金额 HHMemberName[1] 收到"
"translated_combined_w5","restricted_source/w5_charls_CN.dta","gb008_9_2_","numeric","其他收入来源金额 HHMemberName[2] 收到","","gb008_9_2_ 其他收入来源金额 HHMemberName[2] 收到"
"translated_combined_w5","restricted_source/w5_charls_CN.dta","gb008_9_3_","numeric","其他收入来源金额 HHMemberName[3] 收到","","gb008_9_3_ 其他收入来源金额 HHMemberName[3] 收到"
"translated_combined_w5","restricted_source/w5_charls_CN.dta","gb008_9_4_","numeric","其他收入来源金额 HHMemberName[4] 收到","","gb008_9_4_ 其他收入来源金额 HHMemberName[4] 收到"
"translated_combined_w5","restricted_source/w5_charls_CN.dta","gb008_9_5_","numeric","其他收入来源金额 HHMemberName[5] 收到","","gb008_9_5_ 其他收入来源金额 HHMemberName[5] 收到"
"translated_combined_w5","restricted_source/w5_charls_CN.dta","gb008_9_6_","numeric","其他收入来源金额 HHMemberName[6] 收入","","gb008_9_6_ 其他收入来源金额 HHMemberName[6] 收入"
"translated_combined_w5","restricted_source/w5_charls_CN.dta","gc001","numeric","参与农业工作","","gc001 参与农业工作"
"translated_combined_w5","restricted_source/w5_charls_CN.dta","gc002_s1","numeric","HHMemberName[1] 参与农业工作","","gc002_s1 HHMemberName[1] 参与农业工作"
"translated_combined_w5","restricted_source/w5_charls_CN.dta","gc002_s2","numeric","HHMemberName[2] 参与农业工作","","gc002_s2 HHMemberName[2] 参与农业工作"
"translated_combined_w5","restricted_source/w5_charls_CN.dta","gc002_s3","numeric","HHMemberName[3] 参与农业工作","","gc002_s3 HHMemberName[3] 参与农业工作"
"translated_combined_w5","restricted_source/w5_charls_CN.dta","gc002_s4","numeric","HHMemberName[4] 参与农业工作","","gc002_s4 HHMemberName[4] 参与农业工作"
"translated_combined_w5","restricted_source/w5_charls_CN.dta","gc002_s5","numeric","HHMemberName[5] 参与农业工作","","gc002_s5 HHMemberName[5] 参与农业工作"
"translated_combined_w5","restricted_source/w5_charls_CN.dta","gc002_s6","numeric","HHMemberName[6] 参与农业工作","","gc002_s6 HHMemberName[6] 参与农业工作"
"translated_combined_w5","restricted_source/w5_charls_CN.dta","gc002_s7","numeric","HHMemberName[7] 参与农业工作","","gc002_s7 HHMemberName[7] 参与农业工作"
"translated_combined_w5","restricted_source/w5_charls_CN.dta","gc002_s8","numeric","HHMemberName[8] 参与农业工作","","gc002_s8 HHMemberName[8] 参与农业工作"
"translated_combined_w5","restricted_source/w5_charls_CN.dta","gc002_s9","numeric","HHMemberName[9] 参与农业工作","","gc002_s9 HHMemberName[9] 参与农业工作"
"translated_combined_w5","restricted_source/w5_charls_CN.dta","gc002_s10","numeric","HHMemberName[10] 从事农业工作","","gc002_s10 HHMemberName[10] 从事农业工作"
"translated_combined_w5","restricted_source/w5_charls_CN.dta","gc002_s11","numeric","HHMemberName[11] 从事农业工作","","gc002_s11 HHMemberName[11] 从事农业工作"
"translated_combined_w5","restricted_source/w5_charls_CN.dta","gc002_s12","numeric","HHMemberName[12] 从事农业工作","","gc002_s12 HHMemberName[12] 从事农业工作"
"translated_combined_w5","restricted_source/w5_charls_CN.dta","gc002_s13","numeric","HHMemberName[13] 从事农业工作","","gc002_s13 HHMemberName[13] 从事农业工作"
"translated_combined_w5","restricted_source/w5_charls_CN.dta","gc002_s14","numeric","HHMemberName[14] 从事农业工作","","gc002_s14 HHMemberName[14] 从事农业工作"
"translated_combined_w5","restricted_source/w5_charls_CN.dta","gc002_s15","numeric","HHMemberName[15] 从事农业工作","","gc002_s15 HHMemberName[15] 从事农业工作"
"translated_combined_w5","restricted_source/w5_charls_CN.dta","gc002_s16","numeric","HHMemberName[16] 从事农业工作","","gc002_s16 HHMemberName[16] 从事农业工作"
"translated_combined_w5","restricted_source/w5_charls_CN.dta","gc002_s17","numeric","HHMemberName[17] 从事农业工作","","gc002_s17 HHMemberName[17] 从事农业工作"
"translated_combined_w5","restricted_source/w5_charls_CN.dta","gc002_s18","numeric","HHMemberName[18] 从事农业工作","","gc002_s18 HHMemberName[18] 从事农业工作"
"translated_combined_w5","restricted_source/w5_charls_CN.dta","gc002_s19","numeric","HHMemberName[19] 从事农业工作","","gc002_s19 HHMemberName[19] 从事农业工作"
"translated_combined_w5","restricted_source/w5_charls_CN.dta","gc002_s20","numeric","HHMemberName[20] 从事农业工作","","gc002_s20 HHMemberName[20] 从事农业工作"
"translated_combined_w5","restricted_source/w5_charls_CN.dta","gc002_s21","numeric","HHMemberName[21] 从事农业工作","","gc002_s21 HHMemberName[21] 从事农业工作"
"translated_combined_w5","restricted_source/w5_charls_CN.dta","gc002_s22","numeric","HHMemberName[22] 从事农业工作","","gc002_s22 HHMemberName[22] 从事农业工作"
"translated_combined_w5","restricted_source/w5_charls_CN.dta","gc002_s23","numeric","HHMemberName[23] 从事农业工作","","gc002_s23 HHMemberName[23] 从事农业工作"
"translated_combined_w5","restricted_source/w5_charls_CN.dta","gc002_s24","numeric","HHMemberName[24] 从事农业工作","","gc002_s24 HHMemberName[24] 从事农业工作"
"translated_combined_w5","restricted_source/w5_charls_CN.dta","gc002_s25","numeric","HHMemberName[25] 从事农业工作","","gc002_s25 HHMemberName[25] 从事农业工作"
"translated_combined_w5","restricted_source/w5_charls_CN.dta","gc002_s26","numeric","主要受访者从事农业工作","","gc002_s26 主要受访者从事农业工作"
"translated_combined_w5","restricted_source/w5_charls_CN.dta","gc002_s27","numeric","主要受访者的配偶从事农业工作","","gc002_s27 主要受访者的配偶从事农业工作"
"translated_combined_w5","restricted_source/w5_charls_CN.dta","gc003","numeric","从事种植或林业","","gc003 从事种植或林业"
"translated_combined_w5","restricted_source/w5_charls_CN.dta","gc004","numeric","在种植或林业中赚取或损失金钱","","gc004 在种植或林业中赚取或损失金钱"
"translated_combined_w5","restricted_source/w5_charls_CN.dta","gc004_1","numeric","在种植或林业中赚取的金钱","","gc004_1 在种植或林业中赚取的金钱"
"translated_combined_w5","restricted_source/w5_charls_CN.dta","gc004_1_min","numeric","gc004_1 的最小区间","","gc004_1_min gc004_1 的最小区间"
"translated_combined_w5","restricted_source/w5_charls_CN.dta","gc004_1_max","numeric","gc004_1 的最大区间","","gc004_1_max gc004_1 的最大区间"
"translated_combined_w5","restricted_source/w5_charls_CN.dta","gc004_2","numeric","在耕作或林业中损失的资金","","gc004_2 在耕作或林业中损失的资金"
"translated_combined_w5","restricted_source/w5_charls_CN.dta","gc004_2_min","numeric","gc004_2 的最小区间","","gc004_2_min gc004_2 的最小区间"
"translated_combined_w5","restricted_source/w5_charls_CN.dta","gc004_2_max","numeric","gc004_2 的最大区间","","gc004_2_max gc004_2 的最大区间"
"translated_combined_w5","restricted_source/w5_charls_CN.dta","gc005","numeric","养殖牲畜或水生生物","","gc005 养殖牲畜或水生生物"
"translated_combined_w5","restricted_source/w5_charls_CN.dta","gc006","numeric","在养殖牲畜或水生生物中赚取或损失资金","","gc006 在养殖牲畜或水生生物中赚取或损失资金"
"translated_combined_w5","restricted_source/w5_charls_CN.dta","gc006_1","numeric","在养殖牲畜或水生生物中赚取的资金","","gc006_1 在养殖牲畜或水生生物中赚取的资金"
"translated_combined_w5","restricted_source/w5_charls_CN.dta","gc006_1_min","numeric","gc006_1 的最小区间","","gc006_1_min gc006_1 的最小区间"
"translated_combined_w5","restricted_source/w5_charls_CN.dta","gc006_1_max","numeric","gc006_1 的最大区间","","gc006_1_max gc006_1 的最大区间"
"translated_combined_w5","restricted_source/w5_charls_CN.dta","gc006_2","numeric","在养殖牲畜或水生生物中损失的资金","","gc006_2 在养殖牲畜或水生生物中损失的资金"
"translated_combined_w5","restricted_source/w5_charls_CN.dta","gc006_2_min","numeric","gc006_2 的最小区间","","gc006_2_min gc006_2 的最小区间"
"translated_combined_w5","restricted_source/w5_charls_CN.dta","gc006_2_max","numeric","gc006_2的最大区间","","gc006_2_max gc006_2的最大区间"
"translated_combined_w5","restricted_source/w5_charls_CN.dta","gc007","numeric","COVID对农业收入的影响","","gc007 COVID对农业收入的影响"
"translated_combined_w5","restricted_source/w5_charls_CN.dta","gc007_1","numeric","减少的金额","","gc007_1 减少的金额"
"translated_combined_w5","restricted_source/w5_charls_CN.dta","gc007_1_min","numeric","gc007_1的最小区间","","gc007_1_min gc007_1的最小区间"
"translated_combined_w5","restricted_source/w5_charls_CN.dta","gc007_1_max","numeric","gc007_1的最大区间","","gc007_1_max gc007_1的最大区间"
"translated_combined_w5","restricted_source/w5_charls_CN.dta","gc007_2","numeric","增加的金额","","gc007_2 增加的金额"
"translated_combined_w5","restricted_source/w5_charls_CN.dta","gc007_2_min","numeric","gc007_2的最小区间","","gc007_2_min gc007_2的最小区间"
"translated_combined_w5","restricted_source/w5_charls_CN.dta","gc007_2_max","numeric","gc007_2的最大区间","","gc007_2_max gc007_2的最大区间"
"translated_combined_w5","restricted_source/w5_charls_CN.dta","gd001","numeric","参与自雇活动","","gd001 参与自雇活动"
"translated_combined_w5","restricted_source/w5_charls_CN.dta","gd002","numeric","自雇活动的数量","","gd002 自雇活动的数量"
"translated_combined_w5","restricted_source/w5_charls_CN.dta","gd003_s1","numeric","家庭成员名称[1] 参与自雇活动","","gd003_s1 家庭成员名称[1] 参与自雇活动"
"translated_combined_w5","restricted_source/w5_charls_CN.dta","gd003_s2","numeric","家庭成员名称[2] 参与自雇活动","","gd003_s2 家庭成员名称[2] 参与自雇活动"
"translated_combined_w5","restricted_source/w5_charls_CN.dta","gd003_s3","numeric","家庭成员名称[3] 参与自雇活动","","gd003_s3 家庭成员名称[3] 参与自雇活动"
"translated_combined_w5","restricted_source/w5_charls_CN.dta","gd003_s4","numeric","HHMemberName[4] 从事自雇活动","","gd003_s4 HHMemberName[4] 从事自雇活动"
"translated_combined_w5","restricted_source/w5_charls_CN.dta","gd003_s5","numeric","HHMemberName[5] 从事自雇活动","","gd003_s5 HHMemberName[5] 从事自雇活动"
"translated_combined_w5","restricted_source/w5_charls_CN.dta","gd003_s6","numeric","HHMemberName[6] 从事自雇活动","","gd003_s6 HHMemberName[6] 从事自雇活动"
"translated_combined_w5","restricted_source/w5_charls_CN.dta","gd003_s7","numeric","HHMemberName[7] 从事自雇活动","","gd003_s7 HHMemberName[7] 从事自雇活动"
"translated_combined_w5","restricted_source/w5_charls_CN.dta","gd003_s8","numeric","HHMemberName[8] 从事自雇活动","","gd003_s8 HHMemberName[8] 从事自雇活动"
"translated_combined_w5","restricted_source/w5_charls_CN.dta","gd003_s9","numeric","HHMemberName[9] 从事自雇活动","","gd003_s9 HHMemberName[9] 从事自雇活动"
"translated_combined_w5","restricted_source/w5_charls_CN.dta","gd003_s10","numeric","HHMemberName[10] 从事自雇活动","","gd003_s10 HHMemberName[10] 从事自雇活动"
"translated_combined_w5","restricted_source/w5_charls_CN.dta","gd003_s11","numeric","HHMemberName[11] 从事自雇活动","","gd003_s11 HHMemberName[11] 从事自雇活动"
"translated_combined_w5","restricted_source/w5_charls_CN.dta","gd003_s12","numeric","HHMemberName[12] 从事自雇活动","","gd003_s12 HHMemberName[12] 从事自雇活动"
"translated_combined_w5","restricted_source/w5_charls_CN.dta","gd003_s13","numeric","HHMemberName[13] 从事自雇活动","","gd003_s13 HHMemberName[13] 从事自雇活动"
"translated_combined_w5","restricted_source/w5_charls_CN.dta","gd003_s14","numeric","HHMemberName[14] 从事自雇活动","","gd003_s14 HHMemberName[14] 从事自雇活动"
"translated_combined_w5","restricted_source/w5_charls_CN.dta","gd003_s15","numeric","HHMemberName[15] 从事自雇活动","","gd003_s15 HHMemberName[15] 从事自雇活动"
"translated_combined_w5","restricted_source/w5_charls_CN.dta","gd003_s16","numeric","HHMemberName[16] 从事自雇活动","","gd003_s16 HHMemberName[16] 从事自雇活动"
"translated_combined_w5","restricted_source/w5_charls_CN.dta","gd003_s17","numeric","HHMemberName[17] 从事自雇活动","","gd003_s17 HHMemberName[17] 从事自雇活动"
"translated_combined_w5","restricted_source/w5_charls_CN.dta","gd003_s18","numeric","HHMemberName[18] 从事自雇活动","","gd003_s18 HHMemberName[18] 从事自雇活动"
"translated_combined_w5","restricted_source/w5_charls_CN.dta","gd003_s19","numeric","HHMemberName[19] 从事自雇活动","","gd003_s19 HHMemberName[19] 从事自雇活动"
"translated_combined_w5","restricted_source/w5_charls_CN.dta","gd003_s20","numeric","HHMemberName[20] 从事自雇活动","","gd003_s20 HHMemberName[20] 从事自雇活动"
"translated_combined_w5","restricted_source/w5_charls_CN.dta","gd003_s21","numeric","HHMemberName[21] 从事自雇活动","","gd003_s21 HHMemberName[21] 从事自雇活动"
"translated_combined_w5","restricted_source/w5_charls_CN.dta","gd003_s22","numeric","HHMemberName[22] 从事自雇活动","","gd003_s22 HHMemberName[22] 从事自雇活动"
"translated_combined_w5","restricted_source/w5_charls_CN.dta","gd003_s23","numeric","HHMemberName[23] 从事自雇活动","","gd003_s23 HHMemberName[23] 从事自雇活动"
"translated_combined_w5","restricted_source/w5_charls_CN.dta","gd003_s24","numeric","HHMemberName[24] 从事自雇活动","","gd003_s24 HHMemberName[24] 从事自雇活动"
"translated_combined_w5","restricted_source/w5_charls_CN.dta","gd003_s25","numeric","HHMemberName[25] 从事自雇活动","","gd003_s25 HHMemberName[25] 从事自雇活动"
"translated_combined_w5","restricted_source/w5_charls_CN.dta","gd003_s26","numeric","主要受访者从事自雇活动","","gd003_s26 主要受访者从事自雇活动"
"translated_combined_w5","restricted_source/w5_charls_CN.dta","gd003_s27","numeric","主要受访者的配偶从事自雇活动","","gd003_s27 主要受访者的配偶从事自雇活动"
"translated_combined_w5","restricted_source/w5_charls_CN.dta","gd004","numeric","在自雇活动中赚取或损失金钱","","gd004 在自雇活动中赚取或损失金钱"
"translated_combined_w5","restricted_source/w5_charls_CN.dta","gd004_1","numeric","在自雇活动中赚取的金钱","","gd004_1 在自雇活动中赚取的金钱"
"translated_combined_w5","restricted_source/w5_charls_CN.dta","gd004_1_min","numeric","gd004_1 的最小区间","","gd004_1_min gd004_1 的最小区间"
"translated_combined_w5","restricted_source/w5_charls_CN.dta","gd004_1_max","numeric","gd004_1 的最大区间","","gd004_1_max gd004_1 的最大区间"
"translated_combined_w5","restricted_source/w5_charls_CN.dta","gd004_2","numeric","在自雇活动中损失的金钱","","gd004_2 在自雇活动中损失的金钱"
"translated_combined_w5","restricted_source/w5_charls_CN.dta","gd004_2_min","numeric","gd004_2 的最小区间","","gd004_2_min gd004_2 的最小区间"
"translated_combined_w5","restricted_source/w5_charls_CN.dta","gd004_2_max","numeric","gd004_2 的最大区间","","gd004_2_max gd004_2 的最大区间"
"translated_combined_w5","restricted_source/w5_charls_CN.dta","gd005","numeric","COVID对自雇活动收入的影响","","gd005 COVID对自雇活动收入的影响"
"translated_combined_w5","restricted_source/w5_charls_CN.dta","gd005_1","numeric","减少的金额","","gd005_1 减少的金额"
"translated_combined_w5","restricted_source/w5_charls_CN.dta","gd005_1_min","numeric","gd005_1的最小区间","","gd005_1_min gd005_1的最小区间"
"translated_combined_w5","restricted_source/w5_charls_CN.dta","gd005_1_max","numeric","gd005_1的最大区间","","gd005_1_max gd005_1的最大区间"
"translated_combined_w5","restricted_source/w5_charls_CN.dta","gd005_2","numeric","增加的金额","","gd005_2 增加的金额"
"translated_combined_w5","restricted_source/w5_charls_CN.dta","gd005_2_min","numeric","gd005_2的最小区间","","gd005_2_min gd005_2的最小区间"
"translated_combined_w5","restricted_source/w5_charls_CN.dta","gd005_2_max","numeric","gd005_2的最大区间","","gd005_2_max gd005_2的最大区间"
"translated_combined_w5","restricted_source/w5_charls_CN.dta","gd006","numeric","COVID对自雇活动的影响","","gd006 COVID对自雇活动的影响"
"translated_combined_w5","restricted_source/w5_charls_CN.dta","gd007_s1","numeric","政府贷款","","gd007_s1 政府贷款"
"translated_combined_w5","restricted_source/w5_charls_CN.dta","gd007_s2","numeric","租金减免","","gd007_s2 租金减免"
"translated_combined_w5","restricted_source/w5_charls_CN.dta","gd007_s3","numeric","税收减免","","gd007_s3 税收减免"
"translated_combined_w5","restricted_source/w5_charls_CN.dta","gd007_s4","numeric","其他补贴","","gd007_s4 其他补贴"
"translated_combined_w5","restricted_source/w5_charls_CN.dta","gd007_s5","numeric","以上皆不是","","gd007_s5 以上皆不是"
"translated_combined_w5","restricted_source/w5_charls_CN.dta","gd007_1","numeric","政府贷款金额","","gd007_1 政府贷款金额"
"translated_combined_w5","restricted_source/w5_charls_CN.dta","gd007_2","numeric","政府贷款利率(%)","","gd007_2 政府贷款利率(%)"
"translated_combined_w5","restricted_source/w5_charls_CN.dta","gd007_3","numeric","租金减免金额","","gd007_3 租金减免金额"
"translated_combined_w5","restricted_source/w5_charls_CN.dta","gd007_4","numeric","税收减免金额","","gd007_4 税收减免金额"
"translated_combined_w5","restricted_source/w5_charls_CN.dta","gd007_6","numeric","其他补贴金额","","gd007_6 其他补贴金额"
"translated_combined_w5","restricted_source/w5_charls_CN.dta","ge008","numeric","政府COVID补贴用于家庭成员和家庭","","ge008 政府COVID补贴用于家庭成员和家庭"
"translated_combined_w5","restricted_source/w5_charls_CN.dta","ge008_1","numeric","政府COVID补贴金额","","ge008_1 政府COVID补贴金额"
"translated_combined_w5","restricted_source/w5_charls_CN.dta","ge008_1_min","numeric","ge008_1的最小区间","","ge008_1_min ge008_1的最小区间"
"translated_combined_w5","restricted_source/w5_charls_CN.dta","ge008_1_max","numeric","ge008_1的最大区间","","ge008_1_max ge008_1的最大区间"
"translated_combined_w5","restricted_source/w5_charls_CN.dta","ge001_s1","numeric","五保家庭/老年人","","ge001_s1 五保家庭/老年人"
"translated_combined_w5","restricted_source/w5_charls_CN.dta","ge001_s2","numeric","低保家庭/老年人","","ge001_s2 低保家庭/老年人"
"translated_combined_w5","restricted_source/w5_charls_CN.dta","ge001_s3","numeric","特困家庭/老年人","","ge001_s3 特困家庭/老年人"
"translated_combined_w5","restricted_source/w5_charls_CN.dta","ge001_s4","numeric","见义勇为贫困家庭","","ge001_s4 见义勇为贫困家庭"
"translated_combined_w5","restricted_source/w5_charls_CN.dta","ge001_s5","numeric","其他贫困家庭","","ge001_s5 其他贫困家庭"
"translated_combined_w5","restricted_source/w5_charls_CN.dta","ge001_s6","numeric","以上皆非","","ge001_s6 以上皆非"
"translated_combined_w5","restricted_source/w5_charls_CN.dta","ge002_1_","numeric","现在/曾经是五保","","ge002_1_ 现在/曾经是五保"
"translated_combined_w5","restricted_source/w5_charls_CN.dta","ge002_2_","numeric","现在/曾经是低保","","ge002_2_ 现在/曾经是低保"
"translated_combined_w5","restricted_source/w5_charls_CN.dta","ge002_3_","numeric","现在/曾经是Tekun","","ge002_3_ 现在/曾经是Tekun"
"translated_combined_w5","restricted_source/w5_charls_CN.dta","ge002_4_","numeric","现在/曾经是Jiandanglika贫困家庭","","ge002_4_ 现在/曾经是Jiandanglika贫困家庭"
"translated_combined_w5","restricted_source/w5_charls_CN.dta","ge002_5_","numeric","现在/曾经是其他贫困家庭","","ge002_5_ 现在/曾经是其他贫困家庭"
"translated_combined_w5","restricted_source/w5_charls_CN.dta","ge002_1_1_","numeric","开始时间","","ge002_1_1_ 开始时间"
"translated_combined_w5","restricted_source/w5_charls_CN.dta","ge002_1_2_","numeric","开始时间","","ge002_1_2_ 开始时间"
"translated_combined_w5","restricted_source/w5_charls_CN.dta","ge002_1_3_","numeric","开始时间","","ge002_1_3_ 开始时间"
"translated_combined_w5","restricted_source/w5_charls_CN.dta","ge002_1_4_","numeric","开始时间","","ge002_1_4_ 开始时间"
"translated_combined_w5","restricted_source/w5_charls_CN.dta","ge002_1_5_","numeric","开始时间","","ge002_1_5_ 开始时间"
"translated_combined_w5","restricted_source/w5_charls_CN.dta","ge002_2_1_","numeric","开始时间","","ge002_2_1_ 开始时间"
"translated_combined_w5","restricted_source/w5_charls_CN.dta","ge002_2_2_","numeric","开始时间","","ge002_2_2_ 开始时间"
"translated_combined_w5","restricted_source/w5_charls_CN.dta","ge002_2_3_","numeric","开始时间","","ge002_2_3_ 开始时间"
"translated_combined_w5","restricted_source/w5_charls_CN.dta","ge002_2_4_","numeric","开始时间","","ge002_2_4_ 开始时间"
"translated_combined_w5","restricted_source/w5_charls_CN.dta","ge002_2_5_","numeric","开始时间","","ge002_2_5_ 开始时间"
"translated_combined_w5","restricted_source/w5_charls_CN.dta","ge015_1_","numeric","结束时间","","ge015_1_ 结束时间"
"translated_combined_w5","restricted_source/w5_charls_CN.dta","ge015_2_","numeric","结束时间","","ge015_2_ 结束时间"
"translated_combined_w5","restricted_source/w5_charls_CN.dta","ge015_3_","numeric","结束时间","","ge015_3_ 结束时间"
"translated_combined_w5","restricted_source/w5_charls_CN.dta","ge015_4_","numeric","结束时间","","ge015_4_ 结束时间"
"translated_combined_w5","restricted_source/w5_charls_CN.dta","ge015_5_","numeric","结束时间","","ge015_5_ 结束时间"
"translated_combined_w5","restricted_source/w5_charls_CN.dta","ge003_1__s1","numeric","家庭成员姓名[1] 接受五保补贴","","ge003_1__s1 家庭成员姓名[1] 接受五保补贴"
"translated_combined_w5","restricted_source/w5_charls_CN.dta","ge003_1__s2","numeric","家庭成员姓名[2] 接受五保补贴","","ge003_1__s2 家庭成员姓名[2] 接受五保补贴"
"translated_combined_w5","restricted_source/w5_charls_CN.dta","ge003_1__s3","numeric","家庭成员姓名[3] 接受五保补贴","","ge003_1__s3 家庭成员姓名[3] 接受五保补贴"
"translated_combined_w5","restricted_source/w5_charls_CN.dta","ge003_1__s4","numeric","家庭成员姓名[4] 接受五保补贴","","ge003_1__s4 家庭成员姓名[4] 接受五保补贴"
"translated_combined_w5","restricted_source/w5_charls_CN.dta","ge003_1__s5","numeric","家庭成员姓名[5] 接受五保补贴","","ge003_1__s5 家庭成员姓名[5] 接受五保补贴"
"translated_combined_w5","restricted_source/w5_charls_CN.dta","ge003_1__s6","numeric","家庭成员姓名[6] 接受五保补贴","","ge003_1__s6 家庭成员姓名[6] 接受五保补贴"
"translated_combined_w5","restricted_source/w5_charls_CN.dta","ge003_1__s7","numeric","家庭成员姓名[7] 接受五保补贴","","ge003_1__s7 家庭成员姓名[7] 接受五保补贴"
"translated_combined_w5","restricted_source/w5_charls_CN.dta","ge003_1__s8","numeric","HHMemberName[8] 接收五保补贴","","ge003_1__s8 HHMemberName[8] 接收五保补贴"
"translated_combined_w5","restricted_source/w5_charls_CN.dta","ge003_1__s9","numeric","HHMemberName[9] 接收五保补贴","","ge003_1__s9 HHMemberName[9] 接收五保补贴"
"translated_combined_w5","restricted_source/w5_charls_CN.dta","ge003_1__s10","numeric","HHMemberName[10] 接收五保补贴","","ge003_1__s10 HHMemberName[10] 接收五保补贴"
"translated_combined_w5","restricted_source/w5_charls_CN.dta","ge003_1__s11","numeric","HHMemberName[11] 接收五保补贴","","ge003_1__s11 HHMemberName[11] 接收五保补贴"
"translated_combined_w5","restricted_source/w5_charls_CN.dta","ge003_1__s12","numeric","HHMemberName[12] 接收五保补贴","","ge003_1__s12 HHMemberName[12] 接收五保补贴"
"translated_combined_w5","restricted_source/w5_charls_CN.dta","ge003_1__s13","numeric","HHMemberName[13] 接收五保补贴","","ge003_1__s13 HHMemberName[13] 接收五保补贴"
"translated_combined_w5","restricted_source/w5_charls_CN.dta","ge003_1__s14","numeric","HHMemberName[14] 接收五保补贴","","ge003_1__s14 HHMemberName[14] 接收五保补贴"
"translated_combined_w5","restricted_source/w5_charls_CN.dta","ge003_1__s15","numeric","HHMemberName[15] 接收五保补贴","","ge003_1__s15 HHMemberName[15] 接收五保补贴"
"translated_combined_w5","restricted_source/w5_charls_CN.dta","ge003_1__s16","numeric","HHMemberName[16] 接收五保补贴","","ge003_1__s16 HHMemberName[16] 接收五保补贴"
"translated_combined_w5","restricted_source/w5_charls_CN.dta","ge003_1__s17","numeric","HHMemberName[17] 接收五保补贴","","ge003_1__s17 HHMemberName[17] 接收五保补贴"
"translated_combined_w5","restricted_source/w5_charls_CN.dta","ge003_1__s18","numeric","HHMemberName[18] 接收五保补贴","","ge003_1__s18 HHMemberName[18] 接收五保补贴"
"translated_combined_w5","restricted_source/w5_charls_CN.dta","ge003_1__s19","numeric","HHMemberName[19] 接收五保补贴","","ge003_1__s19 HHMemberName[19] 接收五保补贴"
"translated_combined_w5","restricted_source/w5_charls_CN.dta","ge003_1__s20","numeric","HHMemberName[20] 接收五保补贴","","ge003_1__s20 HHMemberName[20] 接收五保补贴"
"translated_combined_w5","restricted_source/w5_charls_CN.dta","ge003_1__s21","numeric","HHMemberName[21] 接收五保补贴","","ge003_1__s21 HHMemberName[21] 接收五保补贴"
"translated_combined_w5","restricted_source/w5_charls_CN.dta","ge003_1__s22","numeric","HHMemberName[22] 接收五保补贴","","ge003_1__s22 HHMemberName[22] 接收五保补贴"
"translated_combined_w5","restricted_source/w5_charls_CN.dta","ge003_1__s23","numeric","HHMemberName[23] 接收五保补贴","","ge003_1__s23 HHMemberName[23] 接收五保补贴"
"translated_combined_w5","restricted_source/w5_charls_CN.dta","ge003_1__s24","numeric","HHMemberName[24] 收到五保补贴","","ge003_1__s24 HHMemberName[24] 收到五保补贴"
"translated_combined_w5","restricted_source/w5_charls_CN.dta","ge003_1__s25","numeric","HHMemberName[25] 收到五保补贴","","ge003_1__s25 HHMemberName[25] 收到五保补贴"
"translated_combined_w5","restricted_source/w5_charls_CN.dta","ge003_1__s26","numeric","主要回应者收到五保补贴","","ge003_1__s26 主要回应者收到五保补贴"
"translated_combined_w5","restricted_source/w5_charls_CN.dta","ge003_1__s27","numeric","主要回应者的配偶收到五保补贴","","ge003_1__s27 主要回应者的配偶收到五保补贴"
"translated_combined_w5","restricted_source/w5_charls_CN.dta","ge003_2__s1","numeric","HHMemberName[1] 收到低保补贴","","ge003_2__s1 HHMemberName[1] 收到低保补贴"
"translated_combined_w5","restricted_source/w5_charls_CN.dta","ge003_2__s2","numeric","HHMemberName[2] 收到低保补贴","","ge003_2__s2 HHMemberName[2] 收到低保补贴"
"translated_combined_w5","restricted_source/w5_charls_CN.dta","ge003_2__s3","numeric","HHMemberName[3] 收到低保补贴","","ge003_2__s3 HHMemberName[3] 收到低保补贴"
"translated_combined_w5","restricted_source/w5_charls_CN.dta","ge003_2__s4","numeric","HHMemberName[4] 收到低保补贴","","ge003_2__s4 HHMemberName[4] 收到低保补贴"
"translated_combined_w5","restricted_source/w5_charls_CN.dta","ge003_2__s5","numeric","HHMemberName[5] 收到低保补贴","","ge003_2__s5 HHMemberName[5] 收到低保补贴"
"translated_combined_w5","restricted_source/w5_charls_CN.dta","ge003_2__s6","numeric","HHMemberName[6] 接收低保补贴","","ge003_2__s6 HHMemberName[6] 接收低保补贴"
"translated_combined_w5","restricted_source/w5_charls_CN.dta","ge003_2__s7","numeric","HHMemberName[7] 接收低保补贴","","ge003_2__s7 HHMemberName[7] 接收低保补贴"
"translated_combined_w5","restricted_source/w5_charls_CN.dta","ge003_2__s8","numeric","HHMemberName[8] 接收低保补贴","","ge003_2__s8 HHMemberName[8] 接收低保补贴"
"translated_combined_w5","restricted_source/w5_charls_CN.dta","ge003_2__s9","numeric","HHMemberName[9] 接收低保补贴","","ge003_2__s9 HHMemberName[9] 接收低保补贴"
"translated_combined_w5","restricted_source/w5_charls_CN.dta","ge003_2__s10","numeric","HHMemberName[10] 接收低保补贴","","ge003_2__s10 HHMemberName[10] 接收低保补贴"
"translated_combined_w5","restricted_source/w5_charls_CN.dta","ge003_2__s11","numeric","HHMemberName[11] 接收低保补贴","","ge003_2__s11 HHMemberName[11] 接收低保补贴"
"translated_combined_w5","restricted_source/w5_charls_CN.dta","ge003_2__s12","numeric","HHMemberName[12] 接收低保补贴","","ge003_2__s12 HHMemberName[12] 接收低保补贴"
"translated_combined_w5","restricted_source/w5_charls_CN.dta","ge003_2__s13","numeric","HHMemberName[13] 接收低保补贴","","ge003_2__s13 HHMemberName[13] 接收低保补贴"
"translated_combined_w5","restricted_source/w5_charls_CN.dta","ge003_2__s14","numeric","HHMemberName[14] 接收低保补贴","","ge003_2__s14 HHMemberName[14] 接收低保补贴"
"translated_combined_w5","restricted_source/w5_charls_CN.dta","ge003_2__s15","numeric","HHMemberName[15] 接收低保补贴","","ge003_2__s15 HHMemberName[15] 接收低保补贴"
"translated_combined_w5","restricted_source/w5_charls_CN.dta","ge003_2__s16","numeric","HHMemberName[16] 接收低保补贴","","ge003_2__s16 HHMemberName[16] 接收低保补贴"
"translated_combined_w5","restricted_source/w5_charls_CN.dta","ge003_2__s17","numeric","HHMemberName[17] 接收低保补贴","","ge003_2__s17 HHMemberName[17] 接收低保补贴"
"translated_combined_w5","restricted_source/w5_charls_CN.dta","ge003_2__s18","numeric","HHMemberName[18] 接收低保补贴","","ge003_2__s18 HHMemberName[18] 接收低保补贴"
"translated_combined_w5","restricted_source/w5_charls_CN.dta","ge003_2__s19","numeric","HHMemberName[19] 接收低保补贴","","ge003_2__s19 HHMemberName[19] 接收低保补贴"
"translated_combined_w5","restricted_source/w5_charls_CN.dta","ge003_2__s20","numeric","HHMemberName[20] 接收低保补贴","","ge003_2__s20 HHMemberName[20] 接收低保补贴"
"translated_combined_w5","restricted_source/w5_charls_CN.dta","ge003_2__s21","numeric","HHMemberName[21] 接收低保补贴","","ge003_2__s21 HHMemberName[21] 接收低保补贴"
"translated_combined_w5","restricted_source/w5_charls_CN.dta","ge003_2__s22","numeric","HHMemberName[22] 接受低保补贴","","ge003_2__s22 HHMemberName[22] 接受低保补贴"
"translated_combined_w5","restricted_source/w5_charls_CN.dta","ge003_2__s23","numeric","HHMemberName[23] 接受低保补贴","","ge003_2__s23 HHMemberName[23] 接受低保补贴"
"translated_combined_w5","restricted_source/w5_charls_CN.dta","ge003_2__s24","numeric","HHMemberName[24] 接受低保补贴","","ge003_2__s24 HHMemberName[24] 接受低保补贴"
"translated_combined_w5","restricted_source/w5_charls_CN.dta","ge003_2__s25","numeric","HHMemberName[25] 接受低保补贴","","ge003_2__s25 HHMemberName[25] 接受低保补贴"
"translated_combined_w5","restricted_source/w5_charls_CN.dta","ge003_2__s26","numeric","主要受访者接受低保补贴","","ge003_2__s26 主要受访者接受低保补贴"
"translated_combined_w5","restricted_source/w5_charls_CN.dta","ge003_2__s27","numeric","主要受访者的配偶接受低保补贴","","ge003_2__s27 主要受访者的配偶接受低保补贴"
"translated_combined_w5","restricted_source/w5_charls_CN.dta","ge003_3__s1","numeric","HHMemberName[1] 接受特困补贴","","ge003_3__s1 HHMemberName[1] 接受特困补贴"
"translated_combined_w5","restricted_source/w5_charls_CN.dta","ge003_3__s2","numeric","HHMemberName[2] 接受特困补贴","","ge003_3__s2 HHMemberName[2] 接受特困补贴"
"translated_combined_w5","restricted_source/w5_charls_CN.dta","ge003_3__s3","numeric","HHMemberName[3] 接受特困补贴","","ge003_3__s3 HHMemberName[3] 接受特困补贴"
"translated_combined_w5","restricted_source/w5_charls_CN.dta","ge003_3__s4","numeric","HHMemberName[4] 接收Tekun补贴","","ge003_3__s4 HHMemberName[4] 接收Tekun补贴"
"translated_combined_w5","restricted_source/w5_charls_CN.dta","ge003_3__s5","numeric","HHMemberName[5] 接收Tekun补贴","","ge003_3__s5 HHMemberName[5] 接收Tekun补贴"
"translated_combined_w5","restricted_source/w5_charls_CN.dta","ge003_3__s6","numeric","HHMemberName[6] 接收Tekun补贴","","ge003_3__s6 HHMemberName[6] 接收Tekun补贴"
"translated_combined_w5","restricted_source/w5_charls_CN.dta","ge003_3__s7","numeric","HHMemberName[7] 接收Tekun补贴","","ge003_3__s7 HHMemberName[7] 接收Tekun补贴"
"translated_combined_w5","restricted_source/w5_charls_CN.dta","ge003_3__s8","numeric","HHMemberName[8] 接收Tekun补贴","","ge003_3__s8 HHMemberName[8] 接收Tekun补贴"
"translated_combined_w5","restricted_source/w5_charls_CN.dta","ge003_3__s9","numeric","HHMemberName[9] 接收Tekun补贴","","ge003_3__s9 HHMemberName[9] 接收Tekun补贴"
"translated_combined_w5","restricted_source/w5_charls_CN.dta","ge003_3__s10","numeric","HHMemberName[10] 接收Tekun补贴","","ge003_3__s10 HHMemberName[10] 接收Tekun补贴"
"translated_combined_w5","restricted_source/w5_charls_CN.dta","ge003_3__s11","numeric","HHMemberName[11] 接收Tekun补贴","","ge003_3__s11 HHMemberName[11] 接收Tekun补贴"
"translated_combined_w5","restricted_source/w5_charls_CN.dta","ge003_3__s12","numeric","HHMemberName[12] 接收Tekun补贴","","ge003_3__s12 HHMemberName[12] 接收Tekun补贴"
"translated_combined_w5","restricted_source/w5_charls_CN.dta","ge003_3__s13","numeric","HHMemberName[13] 接收Tekun补贴","","ge003_3__s13 HHMemberName[13] 接收Tekun补贴"
"translated_combined_w5","restricted_source/w5_charls_CN.dta","ge003_3__s14","numeric","HHMemberName[14] 接收Tekun补贴","","ge003_3__s14 HHMemberName[14] 接收Tekun补贴"
"translated_combined_w5","restricted_source/w5_charls_CN.dta","ge003_3__s15","numeric","HHMemberName[15] 接收Tekun补贴","","ge003_3__s15 HHMemberName[15] 接收Tekun补贴"
"translated_combined_w5","restricted_source/w5_charls_CN.dta","ge003_3__s16","numeric","HHMemberName[16] 接收Tekun补贴","","ge003_3__s16 HHMemberName[16] 接收Tekun补贴"
"translated_combined_w5","restricted_source/w5_charls_CN.dta","ge003_3__s17","numeric","HHMemberName[17] 接收Tekun补贴","","ge003_3__s17 HHMemberName[17] 接收Tekun补贴"
"translated_combined_w5","restricted_source/w5_charls_CN.dta","ge003_3__s18","numeric","HHMemberName[18] 接收Tekun补贴","","ge003_3__s18 HHMemberName[18] 接收Tekun补贴"
"translated_combined_w5","restricted_source/w5_charls_CN.dta","ge003_3__s19","numeric","HHMemberName[19] 接收Tekun补贴","","ge003_3__s19 HHMemberName[19] 接收Tekun补贴"
"translated_combined_w5","restricted_source/w5_charls_CN.dta","ge003_3__s20","numeric","HHMemberName[20] 接收Tekun补贴","","ge003_3__s20 HHMemberName[20] 接收Tekun补贴"
"translated_combined_w5","restricted_source/w5_charls_CN.dta","ge003_3__s21","numeric","HHMemberName[21] 接收Tekun补贴","","ge003_3__s21 HHMemberName[21] 接收Tekun补贴"
"translated_combined_w5","restricted_source/w5_charls_CN.dta","ge003_3__s22","numeric","HHMemberName[22] 接收Tekun补贴","","ge003_3__s22 HHMemberName[22] 接收Tekun补贴"
"translated_combined_w5","restricted_source/w5_charls_CN.dta","ge003_3__s23","numeric","HHMemberName[23] 接收Tekun补贴","","ge003_3__s23 HHMemberName[23] 接收Tekun补贴"
"translated_combined_w5","restricted_source/w5_charls_CN.dta","ge003_3__s24","numeric","HHMemberName[24] 接收Tekun补贴","","ge003_3__s24 HHMemberName[24] 接收Tekun补贴"
"translated_combined_w5","restricted_source/w5_charls_CN.dta","ge003_3__s25","numeric","HHMemberName[25] 接收Tekun补贴","","ge003_3__s25 HHMemberName[25] 接收Tekun补贴"
"translated_combined_w5","restricted_source/w5_charls_CN.dta","ge003_3__s26","numeric","主要回应者接收Tekun补贴","","ge003_3__s26 主要回应者接收Tekun补贴"
"translated_combined_w5","restricted_source/w5_charls_CN.dta","ge003_3__s27","numeric","主要回应者的配偶接收Tekun补贴","","ge003_3__s27 主要回应者的配偶接收Tekun补贴"
"translated_combined_w5","restricted_source/w5_charls_CN.dta","ge003_4__s1","numeric","HHMemberName[1] 接收Jiandanglika补贴","","ge003_4__s1 HHMemberName[1] 接收Jiandanglika补贴"
"translated_combined_w5","restricted_source/w5_charls_CN.dta","ge003_4__s2","numeric","HHMemberName[2] 接收Jiandanglika补贴","","ge003_4__s2 HHMemberName[2] 接收Jiandanglika补贴"
"translated_combined_w5","restricted_source/w5_charls_CN.dta","ge003_4__s3","numeric","HHMemberName[3] 接收Jiandanglika补贴","","ge003_4__s3 HHMemberName[3] 接收Jiandanglika补贴"
"translated_combined_w5","restricted_source/w5_charls_CN.dta","ge003_4__s4","numeric","HHMemberName[4] 收到Jiandanglika补贴","","ge003_4__s4 HHMemberName[4] 收到Jiandanglika补贴"
"translated_combined_w5","restricted_source/w5_charls_CN.dta","ge003_4__s5","numeric","HHMemberName[5] 收到Jiandanglika补贴","","ge003_4__s5 HHMemberName[5] 收到Jiandanglika补贴"
"translated_combined_w5","restricted_source/w5_charls_CN.dta","ge003_4__s6","numeric","HHMemberName[6] 收到Jiandanglika补贴","","ge003_4__s6 HHMemberName[6] 收到Jiandanglika补贴"
"translated_combined_w5","restricted_source/w5_charls_CN.dta","ge003_4__s7","numeric","HHMemberName[7] 收到Jiandanglika补贴","","ge003_4__s7 HHMemberName[7] 收到Jiandanglika补贴"
"translated_combined_w5","restricted_source/w5_charls_CN.dta","ge003_4__s8","numeric","HHMemberName[8] 收到Jiandanglika补贴","","ge003_4__s8 HHMemberName[8] 收到Jiandanglika补贴"
"translated_combined_w5","restricted_source/w5_charls_CN.dta","ge003_4__s9","numeric","HHMemberName[9] 收到Jiandanglika补贴","","ge003_4__s9 HHMemberName[9] 收到Jiandanglika补贴"
"translated_combined_w5","restricted_source/w5_charls_CN.dta","ge003_4__s10","numeric","HHMemberName[10] 收到Jiandanglika补贴","","ge003_4__s10 HHMemberName[10] 收到Jiandanglika补贴"
"translated_combined_w5","restricted_source/w5_charls_CN.dta","ge003_4__s11","numeric","HHMemberName[11] 收到Jiandanglika补贴","","ge003_4__s11 HHMemberName[11] 收到Jiandanglika补贴"
"translated_combined_w5","restricted_source/w5_charls_CN.dta","ge003_4__s12","numeric","HHMemberName[12] 接收 Jiandanglika 补贴","","ge003_4__s12 HHMemberName[12] 接收 Jiandanglika 补贴"
"translated_combined_w5","restricted_source/w5_charls_CN.dta","ge003_4__s13","numeric","HHMemberName[13] 接收 Jiandanglika 补贴","","ge003_4__s13 HHMemberName[13] 接收 Jiandanglika 补贴"
"translated_combined_w5","restricted_source/w5_charls_CN.dta","ge003_4__s14","numeric","HHMemberName[14] 接收 Jiandanglika 补贴","","ge003_4__s14 HHMemberName[14] 接收 Jiandanglika 补贴"
"translated_combined_w5","restricted_source/w5_charls_CN.dta","ge003_4__s15","numeric","HHMemberName[15] 接收 Jiandanglika 补贴","","ge003_4__s15 HHMemberName[15] 接收 Jiandanglika 补贴"
"translated_combined_w5","restricted_source/w5_charls_CN.dta","ge003_4__s16","numeric","HHMemberName[16] 接收 Jiandanglika 补贴","","ge003_4__s16 HHMemberName[16] 接收 Jiandanglika 补贴"
"translated_combined_w5","restricted_source/w5_charls_CN.dta","ge003_4__s17","numeric","HHMemberName[17] 接收 Jiandanglika 补贴","","ge003_4__s17 HHMemberName[17] 接收 Jiandanglika 补贴"
"translated_combined_w5","restricted_source/w5_charls_CN.dta","ge003_4__s18","numeric","HHMemberName[18] 接收 Jiandanglika 补贴","","ge003_4__s18 HHMemberName[18] 接收 Jiandanglika 补贴"
"translated_combined_w5","restricted_source/w5_charls_CN.dta","ge003_4__s19","numeric","HHMemberName[19] 接收 Jiandanglika 补贴","","ge003_4__s19 HHMemberName[19] 接收 Jiandanglika 补贴"
"translated_combined_w5","restricted_source/w5_charls_CN.dta","ge003_4__s20","numeric","HHMemberName[20] 接收 Jiandanglika 补贴","","ge003_4__s20 HHMemberName[20] 接收 Jiandanglika 补贴"
"translated_combined_w5","restricted_source/w5_charls_CN.dta","ge003_4__s21","numeric","HHMemberName[21] 接收 Jiandanglika 补贴","","ge003_4__s21 HHMemberName[21] 接收 Jiandanglika 补贴"
"translated_combined_w5","restricted_source/w5_charls_CN.dta","ge003_4__s22","numeric","HHMemberName[22] 接收 Jiandanglika 补贴","","ge003_4__s22 HHMemberName[22] 接收 Jiandanglika 补贴"
"translated_combined_w5","restricted_source/w5_charls_CN.dta","ge003_4__s23","numeric","HHMemberName[23] 接收 Jiandanglika 补贴","","ge003_4__s23 HHMemberName[23] 接收 Jiandanglika 补贴"
"translated_combined_w5","restricted_source/w5_charls_CN.dta","ge003_4__s24","numeric","HHMemberName[24] 接收 Jiandanglika 补贴","","ge003_4__s24 HHMemberName[24] 接收 Jiandanglika 补贴"
"translated_combined_w5","restricted_source/w5_charls_CN.dta","ge003_4__s25","numeric","HHMemberName[25] 接收 Jiandanglika 补贴","","ge003_4__s25 HHMemberName[25] 接收 Jiandanglika 补贴"
"translated_combined_w5","restricted_source/w5_charls_CN.dta","ge003_4__s26","numeric","主要受访者接收 Jiandanglika 补贴","","ge003_4__s26 主要受访者接收 Jiandanglika 补贴"
"translated_combined_w5","restricted_source/w5_charls_CN.dta","ge003_4__s27","numeric","主要受访者的配偶接收 Jiandanglika 补贴","","ge003_4__s27 主要受访者的配偶接收 Jiandanglika 补贴"
"translated_combined_w5","restricted_source/w5_charls_CN.dta","ge003_5__s1","numeric","HHMemberName[1] 接收其他贫困家庭补贴","","ge003_5__s1 HHMemberName[1] 接收其他贫困家庭补贴"
"translated_combined_w5","restricted_source/w5_charls_CN.dta","ge003_5__s2","numeric","HHMemberName[2] 接收其他贫困家庭补贴","","ge003_5__s2 HHMemberName[2] 接收其他贫困家庭补贴"
"translated_combined_w5","restricted_source/w5_charls_CN.dta","ge003_5__s3","numeric","HHMemberName[3] 接收其他贫困家庭补贴","","ge003_5__s3 HHMemberName[3] 接收其他贫困家庭补贴"
"translated_combined_w5","restricted_source/w5_charls_CN.dta","ge003_5__s4","numeric","HHMemberName[4] 接收其他贫困家庭补贴","","ge003_5__s4 HHMemberName[4] 接收其他贫困家庭补贴"
"translated_combined_w5","restricted_source/w5_charls_CN.dta","ge003_5__s5","numeric","HHMemberName[5] 接收其他贫困家庭补贴","","ge003_5__s5 HHMemberName[5] 接收其他贫困家庭补贴"
"translated_combined_w5","restricted_source/w5_charls_CN.dta","ge003_5__s6","numeric","HHMemberName[6] 接收其他贫困家庭补贴","","ge003_5__s6 HHMemberName[6] 接收其他贫困家庭补贴"
"translated_combined_w5","restricted_source/w5_charls_CN.dta","ge003_5__s7","numeric","HHMemberName[7] 接收其他贫困家庭补贴","","ge003_5__s7 HHMemberName[7] 接收其他贫困家庭补贴"
"translated_combined_w5","restricted_source/w5_charls_CN.dta","ge003_5__s8","numeric","HHMemberName[8] 接收其他贫困家庭补贴","","ge003_5__s8 HHMemberName[8] 接收其他贫困家庭补贴"
"translated_combined_w5","restricted_source/w5_charls_CN.dta","ge003_5__s9","numeric","HHMemberName[9] 接收其他贫困家庭补贴","","ge003_5__s9 HHMemberName[9] 接收其他贫困家庭补贴"
"translated_combined_w5","restricted_source/w5_charls_CN.dta","ge003_5__s10","numeric","HHMemberName[10] 接收其他贫困家庭补贴","","ge003_5__s10 HHMemberName[10] 接收其他贫困家庭补贴"
"translated_combined_w5","restricted_source/w5_charls_CN.dta","ge003_5__s11","numeric","HHMemberName[11] 接收其他贫困家庭补贴","","ge003_5__s11 HHMemberName[11] 接收其他贫困家庭补贴"
"translated_combined_w5","restricted_source/w5_charls_CN.dta","ge003_5__s12","numeric","HHMemberName[12] 接收其他贫困家庭补贴","","ge003_5__s12 HHMemberName[12] 接收其他贫困家庭补贴"
"translated_combined_w5","restricted_source/w5_charls_CN.dta","ge003_5__s13","numeric","HHMemberName[13] 接收其他贫困家庭补贴","","ge003_5__s13 HHMemberName[13] 接收其他贫困家庭补贴"
"translated_combined_w5","restricted_source/w5_charls_CN.dta","ge003_5__s14","numeric","HHMemberName[14] 接收其他贫困家庭补贴","","ge003_5__s14 HHMemberName[14] 接收其他贫困家庭补贴"
"translated_combined_w5","restricted_source/w5_charls_CN.dta","ge003_5__s15","numeric","HHMemberName[15] 接收其他贫困家庭补贴","","ge003_5__s15 HHMemberName[15] 接收其他贫困家庭补贴"
"translated_combined_w5","restricted_source/w5_charls_CN.dta","ge003_5__s16","numeric","HHMemberName[16] 接收其他贫困家庭补贴","","ge003_5__s16 HHMemberName[16] 接收其他贫困家庭补贴"
"translated_combined_w5","restricted_source/w5_charls_CN.dta","ge003_5__s17","numeric","HHMemberName[17] 接收其他贫困家庭补贴","","ge003_5__s17 HHMemberName[17] 接收其他贫困家庭补贴"
"translated_combined_w5","restricted_source/w5_charls_CN.dta","ge003_5__s18","numeric","HHMemberName[18] 接收其他贫困家庭补贴","","ge003_5__s18 HHMemberName[18] 接收其他贫困家庭补贴"
"translated_combined_w5","restricted_source/w5_charls_CN.dta","ge003_5__s19","numeric","HHMemberName[19] 接收其他贫困家庭补贴","","ge003_5__s19 HHMemberName[19] 接收其他贫困家庭补贴"
"translated_combined_w5","restricted_source/w5_charls_CN.dta","ge003_5__s20","numeric","HHMemberName[20] 接收其他贫困家庭补贴","","ge003_5__s20 HHMemberName[20] 接收其他贫困家庭补贴"
"translated_combined_w5","restricted_source/w5_charls_CN.dta","ge003_5__s21","numeric","HHMemberName[21] 接收其他贫困家庭补贴","","ge003_5__s21 HHMemberName[21] 接收其他贫困家庭补贴"
"translated_combined_w5","restricted_source/w5_charls_CN.dta","ge003_5__s22","numeric","HHMemberName[22] 接收其他贫困家庭补贴","","ge003_5__s22 HHMemberName[22] 接收其他贫困家庭补贴"
"translated_combined_w5","restricted_source/w5_charls_CN.dta","ge003_5__s23","numeric","HHMemberName[23] 接收其他贫困家庭补贴","","ge003_5__s23 HHMemberName[23] 接收其他贫困家庭补贴"
"translated_combined_w5","restricted_source/w5_charls_CN.dta","ge003_5__s24","numeric","HHMemberName[24] 接收其他贫困家庭补贴","","ge003_5__s24 HHMemberName[24] 接收其他贫困家庭补贴"
"translated_combined_w5","restricted_source/w5_charls_CN.dta","ge003_5__s25","numeric","HHMemberName[25] 接收其他贫困家庭补贴","","ge003_5__s25 HHMemberName[25] 接收其他贫困家庭补贴"
"translated_combined_w5","restricted_source/w5_charls_CN.dta","ge003_5__s26","numeric","主要回应者接收其他贫困家庭补贴","","ge003_5__s26 主要回应者接收其他贫困家庭补贴"
"translated_combined_w5","restricted_source/w5_charls_CN.dta","ge003_5__s27","numeric","主要回应者的配偶接收其他贫困家庭补贴","","ge003_5__s27 主要回应者的配偶接收其他贫困家庭补贴"
"translated_combined_w5","restricted_source/w5_charls_CN.dta","ge004_1_","numeric","五保补贴金额","","ge004_1_ 五保补贴金额"
"translated_combined_w5","restricted_source/w5_charls_CN.dta","ge004_2_","numeric","低保补贴金额","","ge004_2_ 低保补贴金额"
"translated_combined_w5","restricted_source/w5_charls_CN.dta","ge004_3_","numeric","特困补贴金额","","ge004_3_ 特困补贴金额"
"translated_combined_w5","restricted_source/w5_charls_CN.dta","ge004_4_","numeric","见义勇为补贴金额","","ge004_4_ 见义勇为补贴金额"
"translated_combined_w5","restricted_source/w5_charls_CN.dta","ge004_5_","numeric","其他贫困家庭补贴金额","","ge004_5_ 其他贫困家庭补贴金额"
"translated_combined_w5","restricted_source/w5_charls_CN.dta","ge004_min_1_","numeric","ge004_1_ 的最小区间","","ge004_min_1_ ge004_1_ 的最小区间"
"translated_combined_w5","restricted_source/w5_charls_CN.dta","ge004_max_1_","numeric","ge004_1_ 的最大区间","","ge004_max_1_ ge004_1_ 的最大区间"
"translated_combined_w5","restricted_source/w5_charls_CN.dta","ge004_min_2_","numeric","ge004_2_的最小区间","","ge004_min_2_ ge004_2_的最小区间"
"translated_combined_w5","restricted_source/w5_charls_CN.dta","ge004_max_2_","numeric","ge004_2_的最大区间","","ge004_max_2_ ge004_2_的最大区间"
"translated_combined_w5","restricted_source/w5_charls_CN.dta","ge004_min_3_","numeric","ge004_3_的最小区间","","ge004_min_3_ ge004_3_的最小区间"
"translated_combined_w5","restricted_source/w5_charls_CN.dta","ge004_max_3_","numeric","ge004_3_的最大区间","","ge004_max_3_ ge004_3_的最大区间"
"translated_combined_w5","restricted_source/w5_charls_CN.dta","ge004_min_4_","numeric","ge004_4_的最小区间","","ge004_min_4_ ge004_4_的最小区间"
"translated_combined_w5","restricted_source/w5_charls_CN.dta","ge004_max_4_","numeric","ge004_4_的最大区间","","ge004_max_4_ ge004_4_的最大区间"
"translated_combined_w5","restricted_source/w5_charls_CN.dta","ge004_min_5_","numeric","ge004_5_的最小区间","","ge004_min_5_ ge004_5_的最小区间"
"translated_combined_w5","restricted_source/w5_charls_CN.dta","ge004_max_5_","numeric","ge004_5_的最大区间","","ge004_max_5_ ge004_5_的最大区间"
"translated_combined_w5","restricted_source/w5_charls_CN.dta","ge006_s1","numeric","接受再造林补贴","","ge006_s1 接受再造林补贴"
"translated_combined_w5","restricted_source/w5_charls_CN.dta","ge006_s2","numeric","接受农业补贴","","ge006_s2 接受农业补贴"
"translated_combined_w5","restricted_source/w5_charls_CN.dta","ge006_s3","numeric","接受工伤补贴","","ge006_s3 接受工伤补贴"
"translated_combined_w5","restricted_source/w5_charls_CN.dta","ge006_s4","numeric","接受紧急或灾难救助","","ge006_s4 接受紧急或灾难救助"
"translated_combined_w5","restricted_source/w5_charls_CN.dta","ge006_s5","numeric","接受社会补贴","","ge006_s5 接受社会补贴"
"translated_combined_w5","restricted_source/w5_charls_CN.dta","ge006_s6","numeric","接受土地征用补偿","","ge006_s6 接受土地征用补偿"
"translated_combined_w5","restricted_source/w5_charls_CN.dta","ge006_s7","numeric","接受拆迁房屋或公寓补偿","","ge006_s7 接受拆迁房屋或公寓补偿"
"translated_combined_w5","restricted_source/w5_charls_CN.dta","ge006_s8","numeric","接受其他补贴","","ge006_s8 接受其他补贴"
"translated_combined_w5","restricted_source/w5_charls_CN.dta","ge006_s9","numeric","以上皆不是","","ge006_s9 以上皆不是"
"translated_combined_w5","restricted_source/w5_charls_CN.dta","ge006_1","numeric","植树补贴金额","","ge006_1 植树补贴金额"
"translated_combined_w5","restricted_source/w5_charls_CN.dta","ge006_2","numeric","农业补贴金额","","ge006_2 农业补贴金额"
"translated_combined_w5","restricted_source/w5_charls_CN.dta","ge006_3","numeric","工伤补贴金额","","ge006_3 工伤补贴金额"
"translated_combined_w5","restricted_source/w5_charls_CN.dta","ge006_4","numeric","紧急或灾难救助金额","","ge006_4 紧急或灾难救助金额"
"translated_combined_w5","restricted_source/w5_charls_CN.dta","ge006_5","numeric","社会补贴金额","","ge006_5 社会补贴金额"
"translated_combined_w5","restricted_source/w5_charls_CN.dta","ge006_6","numeric","土地征用补偿金额","","ge006_6 土地征用补偿金额"
"translated_combined_w5","restricted_source/w5_charls_CN.dta","ge006_7","numeric","拆迁房屋或公寓补偿金额","","ge006_7 拆迁房屋或公寓补偿金额"
"translated_combined_w5","restricted_source/w5_charls_CN.dta","ge006_8","numeric","其他补贴金额","","ge006_8 其他补贴金额"
"translated_combined_w5","restricted_source/w5_charls_CN.dta","ge007","numeric","生产性保险支付","","ge007 生产性保险支付"
"translated_combined_w5","restricted_source/w5_charls_CN.dta","ge009","numeric","光伏发电","","ge009 光伏发电"
"translated_combined_w5","restricted_source/w5_charls_CN.dta","ge010","numeric","光伏发电开始时间","","ge010 光伏发电开始时间"
"translated_combined_w5","restricted_source/w5_charls_CN.dta","ge011","numeric","光伏发电收入","","ge011 光伏发电收入"
"translated_combined_w5","restricted_source/w5_charls_CN.dta","ge012","numeric","土地租金","","ge012 土地租金"
"translated_combined_w5","restricted_source/w5_charls_CN.dta","ge012_min","numeric","ge012的最小区间","","ge012_min ge012的最小区间"
"translated_combined_w5","restricted_source/w5_charls_CN.dta","ge012_max","numeric","ge012的最大区间","","ge012_max ge012的最大区间"
"translated_combined_w5","restricted_source/w5_charls_CN.dta","ge013","numeric","房屋租金","","ge013 房屋租金"
"translated_combined_w5","restricted_source/w5_charls_CN.dta","ge013_min","numeric","ge013的最小区间","","ge013_min ge013的最小区间"
"translated_combined_w5","restricted_source/w5_charls_CN.dta","ge013_max","numeric","ge013的最大区间","","ge013_max ge013的最大区间"
"translated_combined_w5","restricted_source/w5_charls_CN.dta","ge014","numeric","其他家庭资产的租金收入","","ge014 其他家庭资产的租金收入"
"translated_combined_w5","restricted_source/w5_charls_CN.dta","ge014_1","numeric","其他家庭资产的租金收入金额","","ge014_1 其他家庭资产的租金收入金额"
"translated_combined_w5","restricted_source/w5_charls_CN.dta","gf001","numeric","每月家庭支出","","gf001 每月家庭支出"
"translated_combined_w5","restricted_source/w5_charls_CN.dta","gf002","numeric","主要购买食品的人","","gf002 主要购买食品的人"
"translated_combined_w5","restricted_source/w5_charls_CN.dta","gf003","numeric","谁是主要购买食品的人","","gf003 谁是主要购买食品的人"
"translated_combined_w5","restricted_source/w5_charls_CN.dta","gf004","numeric","过去一周吃饭的人数","","gf004 过去一周吃饭的人数"
"translated_combined_w5","restricted_source/w5_charls_CN.dta","gf005","numeric","提供给客人的餐数","","gf005 提供给客人的餐数"
"translated_combined_w5","restricted_source/w5_charls_CN.dta","gf006","numeric","食品支出（不包括某些项目）","","gf006 食品支出（不包括某些项目）"
"translated_combined_w5","restricted_source/w5_charls_CN.dta","gf007","numeric","自己生产农业产品","","gf007 自己生产农业产品"
"translated_combined_w5","restricted_source/w5_charls_CN.dta","gf008","numeric","农业产品的市场价值","","gf008 农业产品的市场价值"
"translated_combined_w5","restricted_source/w5_charls_CN.dta","gf009","numeric","外出就餐","","gf009 外出就餐"
"translated_combined_w5","restricted_source/w5_charls_CN.dta","gf010","numeric","酒类、香烟、雪茄和烟草","","gf010 酒类、香烟、雪茄和烟草"
"translated_combined_w5","restricted_source/w5_charls_CN.dta","gf011_1","numeric","通讯费用","","gf011_1 通讯费用"
"translated_combined_w5","restricted_source/w5_charls_CN.dta","gf011_2","numeric","公用事业","","gf011_2 公用事业"
"translated_combined_w5","restricted_source/w5_charls_CN.dta","gf011_3","numeric","燃料","","gf011_3 燃料"
"translated_combined_w5","restricted_source/w5_charls_CN.dta","gf011_4","numeric","保姆、管家和仆人的费用","","gf011_4 保姆、管家和仆人的费用"
"translated_combined_w5","restricted_source/w5_charls_CN.dta","gf011_5","numeric","本地交通","","gf011_5 本地交通"
"translated_combined_w5","restricted_source/w5_charls_CN.dta","gf011_6","numeric","家庭用品和个人卫生用品","","gf011_6 家庭用品和个人卫生用品"
"translated_combined_w5","restricted_source/w5_charls_CN.dta","gf011_7","numeric","娱乐","","gf011_7 娱乐"
"translated_combined_w5","restricted_source/w5_charls_CN.dta","gf012_s1","numeric","家庭中的老人","","gf012_s1 家庭中的老人"
"translated_combined_w5","restricted_source/w5_charls_CN.dta","gf012_s2","numeric","家庭中的儿童","","gf012_s2 家庭中的儿童"
"translated_combined_w5","restricted_source/w5_charls_CN.dta","gf012_s3","numeric","其他","","gf012_s3 其他"
"translated_combined_w5","restricted_source/w5_charls_CN.dta","gf012_s4","numeric","以上皆非","","gf012_s4 以上皆非"
"translated_combined_w5","restricted_source/w5_charls_CN.dta","gf013_1","numeric","服装和床上用品","","gf013_1 服装和床上用品"
"translated_combined_w5","restricted_source/w5_charls_CN.dta","gf013_2","numeric","旅行费用","","gf013_2 旅行费用"
"translated_combined_w5","restricted_source/w5_charls_CN.dta","gf013_3","numeric","取暖","","gf013_3 取暖"
"translated_combined_w5","restricted_source/w5_charls_CN.dta","gf013_4","numeric","家具、耐用商品和电子产品","","gf013_4 家具、耐用商品和电子产品"
"translated_combined_w5","restricted_source/w5_charls_CN.dta","gf013_5","numeric","教育和培训","","gf013_5 教育和培训"
"translated_combined_w5","restricted_source/w5_charls_CN.dta","gf013_6","numeric","医疗支出","","gf013_6 医疗支出"
"translated_combined_w5","restricted_source/w5_charls_CN.dta","gf013_7","numeric","健身支出","","gf013_7 健身支出"
"translated_combined_w5","restricted_source/w5_charls_CN.dta","gf013_8","numeric","美容","","gf013_8 美容"
"translated_combined_w5","restricted_source/w5_charls_CN.dta","gf013_9","numeric","汽车","","gf013_9 汽车"
"translated_combined_w5","restricted_source/w5_charls_CN.dta","gf013_10","numeric","购买、维护和修理","","gf013_10 购买、维护和修理"
"translated_combined_w5","restricted_source/w5_charls_CN.dta","gf013_11","numeric","物业管理费","","gf013_11 物业管理费"
"translated_combined_w5","restricted_source/w5_charls_CN.dta","gf013_12","numeric","税费","","gf013_12 税费"
"translated_combined_w5","restricted_source/w5_charls_CN.dta","gf013_13","numeric","捐赠","","gf013_13 捐赠"
"translated_combined_w5","restricted_source/w5_charls_CN.dta","gf013_14","numeric","租金","","gf013_14 租金"
"translated_combined_w5","restricted_source/w5_charls_CN.dta","gf013_15","numeric","宴会和婚礼支出","","gf013_15 宴会和婚礼支出"
"translated_combined_w5","restricted_source/w5_charls_CN.dta","gf013_16","numeric","COVID预防支出","","gf013_16 COVID预防支出"
"translated_combined_w5","restricted_source/w5_charls_CN.dta","gf014","numeric","支出是否由收入覆盖？","","gf014 支出是否由收入覆盖？"
"translated_combined_w5","restricted_source/w5_charls_CN.dta","gf015_s1","numeric","停止支付租金","","gf015_s1 停止支付租金"
"translated_combined_w5","restricted_source/w5_charls_CN.dta","gf015_s2","numeric","停止支付抵押贷款","","gf015_s2 停止支付抵押贷款"
"translated_combined_w5","restricted_source/w5_charls_CN.dta","gf015_s3","numeric","停止支付水电费","","gf015_s3 停止支付水电费"
"translated_combined_w5","restricted_source/w5_charls_CN.dta","gf015_s4","numeric","以上皆非","","gf015_s4 以上皆非"
"translated_combined_w5","restricted_source/w5_charls_CN.dta","gf016_s1","numeric","减少支出","","gf016_s1 减少支出"
"translated_combined_w5","restricted_source/w5_charls_CN.dta","gf016_s2","numeric","使用储蓄","","gf016_s2 使用储蓄"
"translated_combined_w5","restricted_source/w5_charls_CN.dta","gf016_s3","numeric","出售资产","","gf016_s3 出售资产"
"translated_combined_w5","restricted_source/w5_charls_CN.dta","gf016_s4","numeric","亲友的帮助","","gf016_s4 亲友的帮助"
"translated_combined_w5","restricted_source/w5_charls_CN.dta","gf016_s5","numeric","向亲友借钱","","gf016_s5 向亲友借钱"
"translated_combined_w5","restricted_source/w5_charls_CN.dta","gf016_s6","numeric","向银行借钱","","gf016_s6 向银行借钱"
"translated_combined_w5","restricted_source/w5_charls_CN.dta","gf016_s7","numeric","其他","","gf016_s7 其他"
"translated_combined_w5","restricted_source/w5_charls_CN.dta","gf016_s8","numeric","其他","","gf016_s8 其他"
"translated_combined_w5","restricted_source/w5_charls_CN.dta","gf016_1","numeric","减少的支出金额","","gf016_1 减少的支出金额"
"translated_combined_w5","restricted_source/w5_charls_CN.dta","gf016_2","numeric","储蓄金额","","gf016_2 储蓄金额"
"translated_combined_w5","restricted_source/w5_charls_CN.dta","gf016_3","numeric","资产总额","","gf016_3 资产总额"
"translated_combined_w5","restricted_source/w5_charls_CN.dta","gf016_4","numeric","帮助的价值","","gf016_4 帮助的价值"
"translated_combined_w5","restricted_source/w5_charls_CN.dta","gf016_5","numeric","向亲戚和朋友借款的金额","","gf016_5 向亲戚和朋友借款的金额"
"translated_combined_w5","restricted_source/w5_charls_CN.dta","gf016_6","numeric","向银行借款的金额","","gf016_6 向银行借款的金额"
"translated_combined_w5","restricted_source/w5_charls_CN.dta","gf016_7","numeric","其他方式获得的金额","","gf016_7 其他方式获得的金额"
"translated_combined_w5","restricted_source/w5_charls_CN.dta","gf017","numeric","接受援助","","gf017 接受援助"
"translated_combined_w5","restricted_source/w5_charls_CN.dta","i028","numeric","房屋面积","","i028 房屋面积"
"translated_combined_w5","restricted_source/w5_charls_CN.dta","i001","numeric","建筑结构","","i001 建筑结构"
"translated_combined_w5","restricted_source/w5_charls_CN.dta","i002","numeric","房屋建造时间","","i002 房屋建造时间"
"translated_combined_w5","restricted_source/w5_charls_CN.dta","i003","numeric","房屋建造时间间隔","","i003 房屋建造时间间隔"
"translated_combined_w5","restricted_source/w5_charls_CN.dta","i004","numeric","单层或多层建筑","","i004 单层或多层建筑"
"translated_combined_w5","restricted_source/w5_charls_CN.dta","i005","numeric","楼层是独立还是复合","","i005 楼层是独立还是复合"
"translated_combined_w5","restricted_source/w5_charls_CN.dta","i006","numeric","哪一层","","i006 哪一层"
"translated_combined_w5","restricted_source/w5_charls_CN.dta","i006_1","numeric","地面上的哪一层","","i006_1 地面上的哪一层"
"translated_combined_w5","restricted_source/w5_charls_CN.dta","i006_2","numeric","地下的哪一层","","i006_2 地下的哪一层"
"translated_combined_w5","restricted_source/w5_charls_CN.dta","i007","numeric","电梯","","i007 电梯"
"translated_combined_w5","restricted_source/w5_charls_CN.dta","i008","numeric","电梯的建造时间","","i008 电梯的建造时间"
"translated_combined_w5","restricted_source/w5_charls_CN.dta","i008_1","numeric","稍后添加电梯的时间","","i008_1 稍后添加电梯的时间"
"translated_combined_w5","restricted_source/w5_charls_CN.dta","i009","numeric","残疾人设施","","i009 残疾人设施"
"translated_combined_w5","restricted_source/w5_charls_CN.dta","i010","numeric","房屋主入口的台阶","","i010 房屋主入口的台阶"
"translated_combined_w5","restricted_source/w5_charls_CN.dta","i011_1","numeric","卧室","","i011_1 卧室"
"translated_combined_w5","restricted_source/w5_charls_CN.dta","i011_2","numeric","客厅","","i011_2 客厅"
"translated_combined_w5","restricted_source/w5_charls_CN.dta","i011_3","numeric","厕所","","i011_3 厕所"
"translated_combined_w5","restricted_source/w5_charls_CN.dta","i011_4","numeric","厨房","","i011_4 厨房"
"translated_combined_w5","restricted_source/w5_charls_CN.dta","i011_5","numeric","阳台","","i011_5 阳台"
"translated_combined_w5","restricted_source/w5_charls_CN.dta","i012","numeric","离房屋最近的厕所的距离","","i012 离房屋最近的厕所的距离"
"translated_combined_w5","restricted_source/w5_charls_CN.dta","i013","numeric","厕所类型","","i013 厕所类型"
"translated_combined_w5","restricted_source/w5_charls_CN.dta","i014","numeric","可冲水厕所","","i014 可冲水厕所"
"translated_combined_w5","restricted_source/w5_charls_CN.dta","i015","numeric","电力","","i015 电力"
"translated_combined_w5","restricted_source/w5_charls_CN.dta","i016","numeric","自来水","","i016 自来水"
"translated_combined_w5","restricted_source/w5_charls_CN.dta","i029","numeric","水由自来水公司处理","","i029 水由自来水公司处理"
"translated_combined_w5","restricted_source/w5_charls_CN.dta","i017","numeric","室内淋浴","","i017 室内淋浴"
"translated_combined_w5","restricted_source/w5_charls_CN.dta","i018","numeric","煤气或天然气供应","","i018 煤气或天然气供应"
"translated_combined_w5","restricted_source/w5_charls_CN.dta","i019","numeric","集中供暖","","i019 集中供暖"
"translated_combined_w5","restricted_source/w5_charls_CN.dta","i020","numeric","供暖能源来源","","i020 供暖能源来源"
"translated_combined_w5","restricted_source/w5_charls_CN.dta","i021","numeric","主要烹饪燃料来源","","i021 主要烹饪燃料来源"
"translated_combined_w5","restricted_source/w5_charls_CN.dta","i022","numeric","电话","","i022 电话"
"translated_combined_w5","restricted_source/w5_charls_CN.dta","i023","numeric","宽带互联网连接","","i023 宽带互联网连接"
"translated_combined_w5","restricted_source/w5_charls_CN.dta","i024","numeric","空气净化器","","i024 空气净化器"
"translated_combined_w5","restricted_source/w5_charls_CN.dta","i025","numeric","家庭清洁整齐","","i025 家庭清洁整齐"
"translated_combined_w5","restricted_source/w5_charls_CN.dta","i026","numeric","家庭温度","","i026 家庭温度"
"translated_combined_w5","restricted_source/w5_charls_CN.dta","i027","numeric","家庭地面状况","","i027 家庭地面状况"
"translated_combined_w5","restricted_source/w5_charls_CN.dta","xgb005text_1_","character","gb005_1_的文本","","xgb005text_1_ gb005_1_的文本"
"translated_combined_w5","restricted_source/w5_charls_CN.dta","xgb005text_2_","character","gb005_2_的文本","","xgb005text_2_ gb005_2_的文本"
"translated_combined_w5","restricted_source/w5_charls_CN.dta","xgb005text_3_","character","gb005_3_的文本","","xgb005text_3_ gb005_3_的文本"
"translated_combined_w5","restricted_source/w5_charls_CN.dta","xgb005text_4_","character","gb005_4_的文本","","xgb005text_4_ gb005_4_的文本"
"translated_combined_w5","restricted_source/w5_charls_CN.dta","xgb005text_5_","character","gb005_5_的文本","","xgb005text_5_ gb005_5_的文本"
"translated_combined_w5","restricted_source/w5_charls_CN.dta","xgb005text_6_","character","gb005_6_的文本","","xgb005text_6_ gb005_6_的文本"
"translated_combined_w5","restricted_source/w5_charls_CN.dta","xgb005text_7_","character","gb005_7_的文本","","xgb005text_7_ gb005_7_的文本"
"translated_combined_w5","restricted_source/w5_charls_CN.dta","xgb005text_8_","character","gb005_8_的文本","","xgb005text_8_ gb005_8_的文本"
"translated_combined_w5","restricted_source/w5_charls_CN.dta","xgb005text_9_","character","gb005_9_的文本","","xgb005text_9_ gb005_9_的文本"
"translated_combined_w5","restricted_source/w5_charls_CN.dta","xgb005text_10_","character","gb005_10_的文本","","xgb005text_10_ gb005_10_的文本"
"translated_combined_w5","restricted_source/w5_charls_CN.dta","xpoorhhname_1_","character","五保文本","","xpoorhhname_1_ 五保文本"
"translated_combined_w5","restricted_source/w5_charls_CN.dta","xpoorhhname_2_","character","低保文本","","xpoorhhname_2_ 低保文本"
"translated_combined_w5","restricted_source/w5_charls_CN.dta","xpoorhhname_3_","character","特困文本","","xpoorhhname_3_ 特困文本"
"translated_combined_w5","restricted_source/w5_charls_CN.dta","xpoorhhname_4_","character","建档立卡贫困户文本","","xpoorhhname_4_ 建档立卡贫困户文本"
"translated_combined_w5","restricted_source/w5_charls_CN.dta","xpoorlstyr_1_","numeric","五保去年","","xpoorlstyr_1_ 五保去年"
"translated_combined_w5","restricted_source/w5_charls_CN.dta","xpoorlstyr_2_","numeric","低保去年","","xpoorlstyr_2_ 低保去年"
"translated_combined_w5","restricted_source/w5_charls_CN.dta","xpoorlstyr_3_","numeric","特困去年","","xpoorlstyr_3_ 特困去年"
"translated_combined_w5","restricted_source/w5_charls_CN.dta","xpoorlstyr_4_","numeric","建档立卡贫困户去年","","xpoorlstyr_4_ 建档立卡贫困户去年"
"translated_combined_w5","restricted_source/w5_charls_CN.dta","xpoorlstyr_5_","numeric","去年其他贫困家庭","","xpoorlstyr_5_ 去年其他贫困家庭"
"translated_combined_w5","restricted_source/w5_charls_CN.dta","xhhmembernum","numeric","家庭成员数量（不包括主要受访者和配偶）","","xhhmembernum 家庭成员数量（不包括主要受访者和配偶）"
"translated_combined_w5","restricted_source/w5_charls_CN.dta","xhhmemberage_1_","numeric","家庭成员[1]的年龄","","xhhmemberage_1_ 家庭成员[1]的年龄"
"translated_combined_w5","restricted_source/w5_charls_CN.dta","xhhmemberage_2_","numeric","家庭成员[2]的年龄","","xhhmemberage_2_ 家庭成员[2]的年龄"
"translated_combined_w5","restricted_source/w5_charls_CN.dta","xhhmemberage_3_","numeric","家庭成员[3]的年龄","","xhhmemberage_3_ 家庭成员[3]的年龄"
"translated_combined_w5","restricted_source/w5_charls_CN.dta","xhhmemberage_4_","numeric","家庭成员[4]的年龄","","xhhmemberage_4_ 家庭成员[4]的年龄"
"translated_combined_w5","restricted_source/w5_charls_CN.dta","xhhmemberage_5_","numeric","家庭成员[5]的年龄","","xhhmemberage_5_ 家庭成员[5]的年龄"
"translated_combined_w5","restricted_source/w5_charls_CN.dta","xhhmemberage_6_","numeric","家庭成员[6]的年龄","","xhhmemberage_6_ 家庭成员[6]的年龄"
"translated_combined_w5","restricted_source/w5_charls_CN.dta","xhhmemberage_7_","numeric","家庭成员[7]的年龄","","xhhmemberage_7_ 家庭成员[7]的年龄"
"translated_combined_w5","restricted_source/w5_charls_CN.dta","xhhmemberage_8_","numeric","家庭成员[8]的年龄","","xhhmemberage_8_ 家庭成员[8]的年龄"
"translated_combined_w5","restricted_source/w5_charls_CN.dta","xhhmemberage_9_","numeric","家庭成员[9]的年龄","","xhhmemberage_9_ 家庭成员[9]的年龄"
"translated_combined_w5","restricted_source/w5_charls_CN.dta","xhhmemberage_10_","numeric","家庭成员[10]的年龄","","xhhmemberage_10_ 家庭成员[10]的年龄"
"translated_combined_w5","restricted_source/w5_charls_CN.dta","xhhmemberage_11_","numeric","家庭成员[11]的年龄","","xhhmemberage_11_ 家庭成员[11]的年龄"
"translated_combined_w5","restricted_source/w5_charls_CN.dta","xhhmemberage_12_","numeric","家庭成员[12]的年龄","","xhhmemberage_12_ 家庭成员[12]的年龄"
"translated_combined_w5","restricted_source/w5_charls_CN.dta","xhhmemberage_13_","numeric","家庭成员[13]的年龄","","xhhmemberage_13_ 家庭成员[13]的年龄"
"translated_combined_w5","restricted_source/w5_charls_CN.dta","xhhmemberage_14_","numeric","家庭成员[14]的年龄","","xhhmemberage_14_ 家庭成员[14]的年龄"
"translated_combined_w5","restricted_source/w5_charls_CN.dta","ca001","numeric","家庭回应者","","ca001 家庭回应者"
"translated_combined_w5","restricted_source/w5_charls_CN.dta","ca002_1_","numeric","ZChildName[1] 仍然活着吗？","","ca002_1_ ZChildName[1] 仍然活着吗？"
"translated_combined_w5","restricted_source/w5_charls_CN.dta","ca002_2_","numeric","ZChildName[2] 仍然活着吗？","","ca002_2_ ZChildName[2] 仍然活着吗？"
"translated_combined_w5","restricted_source/w5_charls_CN.dta","ca002_3_","numeric","ZChildName[3] 仍然活着吗？","","ca002_3_ ZChildName[3] 仍然活着吗？"
"translated_combined_w5","restricted_source/w5_charls_CN.dta","ca002_4_","numeric","ZChildName[4] 仍然活着吗？","","ca002_4_ ZChildName[4] 仍然活着吗？"
"translated_combined_w5","restricted_source/w5_charls_CN.dta","ca002_5_","numeric","ZChildName[5] 仍然活着吗？","","ca002_5_ ZChildName[5] 仍然活着吗？"
"translated_combined_w5","restricted_source/w5_charls_CN.dta","ca002_6_","numeric","ZChildName[6] 还活着吗？","","ca002_6_ ZChildName[6] 还活着吗？"
"translated_combined_w5","restricted_source/w5_charls_CN.dta","ca002_7_","numeric","ZChildName[7] 还活着吗？","","ca002_7_ ZChildName[7] 还活着吗？"
"translated_combined_w5","restricted_source/w5_charls_CN.dta","ca002_8_","numeric","ZChildName[8] 还活着吗？","","ca002_8_ ZChildName[8] 还活着吗？"
"translated_combined_w5","restricted_source/w5_charls_CN.dta","ca002_9_","numeric","ZChildName[9] 还活着吗？","","ca002_9_ ZChildName[9] 还活着吗？"
"translated_combined_w5","restricted_source/w5_charls_CN.dta","ca002_10_","numeric","ZChildName[10] 还活着吗？","","ca002_10_ ZChildName[10] 还活着吗？"
"translated_combined_w5","restricted_source/w5_charls_CN.dta","ca002_11_","numeric","ZChildName[11] 还活着吗？","","ca002_11_ ZChildName[11] 还活着吗？"
"translated_combined_w5","restricted_source/w5_charls_CN.dta","ca002_12_","numeric","ZChildName[12] 还活着吗？","","ca002_12_ ZChildName[12] 还活着吗？"
"translated_combined_w5","restricted_source/w5_charls_CN.dta","ca002_13_","numeric","ZChildName[13] 还活着吗？","","ca002_13_ ZChildName[13] 还活着吗？"
"translated_combined_w5","restricted_source/w5_charls_CN.dta","ca002_14_","numeric","ZChildName[14] 还活着吗？","","ca002_14_ ZChildName[14] 还活着吗？"
"translated_combined_w5","restricted_source/w5_charls_CN.dta","ca002_15_","numeric","ZChildName[15] 还活着吗？","","ca002_15_ ZChildName[15] 还活着吗？"
"translated_combined_w5","restricted_source/w5_charls_CN.dta","ca002_16_","numeric","ZChildName[16] 还活着吗？","","ca002_16_ ZChildName[16] 还活着吗？"
"translated_combined_w5","restricted_source/w5_charls_CN.dta","ca002_17_","numeric","ZChildName[17] 还活着吗？","","ca002_17_ ZChildName[17] 还活着吗？"
"translated_combined_w5","restricted_source/w5_charls_CN.dta","ca003_1_1_","numeric","ZChildName[1] 去世的年份是什么？","","ca003_1_1_ ZChildName[1] 去世的年份是什么？"
"translated_combined_w5","restricted_source/w5_charls_CN.dta","ca003_1_2_","numeric","ZChildName[2] 去世的年份是什么？","","ca003_1_2_ ZChildName[2] 去世的年份是什么？"
"translated_combined_w5","restricted_source/w5_charls_CN.dta","ca003_1_3_","numeric","ZChildName[3] 去世的年份是什么？","","ca003_1_3_ ZChildName[3] 去世的年份是什么？"
"translated_combined_w5","restricted_source/w5_charls_CN.dta","ca003_1_4_","numeric","ZChildName[4] 去世的年份是什么？","","ca003_1_4_ ZChildName[4] 去世的年份是什么？"
"translated_combined_w5","restricted_source/w5_charls_CN.dta","ca003_1_5_","numeric","ZChildName[5] 去世的年份是什么？","","ca003_1_5_ ZChildName[5] 去世的年份是什么？"
"translated_combined_w5","restricted_source/w5_charls_CN.dta","ca003_1_6_","numeric","ZChildName[6] 去世的年份是什么？","","ca003_1_6_ ZChildName[6] 去世的年份是什么？"
"translated_combined_w5","restricted_source/w5_charls_CN.dta","ca003_1_7_","numeric","ZChildName[7] 去世的年份是什么？","","ca003_1_7_ ZChildName[7] 去世的年份是什么？"
"translated_combined_w5","restricted_source/w5_charls_CN.dta","ca003_1_8_","numeric","ZChildName[8] 何时去世（年份）","","ca003_1_8_ ZChildName[8] 何时去世（年份）"
"translated_combined_w5","restricted_source/w5_charls_CN.dta","ca003_1_9_","numeric","ZChildName[9] 何时去世（年份）","","ca003_1_9_ ZChildName[9] 何时去世（年份）"
"translated_combined_w5","restricted_source/w5_charls_CN.dta","ca003_1_10_","numeric","ZChildName[10] 何时去世（年份）","","ca003_1_10_ ZChildName[10] 何时去世（年份）"
"translated_combined_w5","restricted_source/w5_charls_CN.dta","ca003_1_11_","numeric","ZChildName[11] 何时去世（年份）","","ca003_1_11_ ZChildName[11] 何时去世（年份）"
"translated_combined_w5","restricted_source/w5_charls_CN.dta","ca003_2_1_","numeric","ZChildName[1] 何时去世（月份）","","ca003_2_1_ ZChildName[1] 何时去世（月份）"
"translated_combined_w5","restricted_source/w5_charls_CN.dta","ca003_2_2_","numeric","ZChildName[2] 何时去世（月份）","","ca003_2_2_ ZChildName[2] 何时去世（月份）"
"translated_combined_w5","restricted_source/w5_charls_CN.dta","ca003_2_3_","numeric","ZChildName[3] 何时去世（月份）","","ca003_2_3_ ZChildName[3] 何时去世（月份）"
"translated_combined_w5","restricted_source/w5_charls_CN.dta","ca003_2_4_","numeric","ZChildName[4] 何时去世（月份）","","ca003_2_4_ ZChildName[4] 何时去世（月份）"
"translated_combined_w5","restricted_source/w5_charls_CN.dta","ca003_2_5_","numeric","ZChildName[5] 何时去世（月份）","","ca003_2_5_ ZChildName[5] 何时去世（月份）"
"translated_combined_w5","restricted_source/w5_charls_CN.dta","ca003_2_6_","numeric","ZChildName[6] 何时去世（月份）","","ca003_2_6_ ZChildName[6] 何时去世（月份）"
"translated_combined_w5","restricted_source/w5_charls_CN.dta","ca003_2_7_","numeric","ZChildName[7] 何时去世（月份）","","ca003_2_7_ ZChildName[7] 何时去世（月份）"
"translated_combined_w5","restricted_source/w5_charls_CN.dta","ca003_2_8_","numeric","ZChildName[8] 何时去世（月份）","","ca003_2_8_ ZChildName[8] 何时去世（月份）"
"translated_combined_w5","restricted_source/w5_charls_CN.dta","ca003_2_9_","numeric","ZChildName[9] 何时去世（月份）","","ca003_2_9_ ZChildName[9] 何时去世（月份）"
"translated_combined_w5","restricted_source/w5_charls_CN.dta","ca003_2_10_","numeric","ZChildName[10] 何时去世（月份）","","ca003_2_10_ ZChildName[10] 何时去世（月份）"
"translated_combined_w5","restricted_source/w5_charls_CN.dta","ca003_2_11_","numeric","ZChildName[11] 何时去世（月份）","","ca003_2_11_ ZChildName[11] 何时去世（月份）"
"translated_combined_w5","restricted_source/w5_charls_CN.dta","ca003_3_1_","numeric","ZChildName[1] 何时去世（日期）","","ca003_3_1_ ZChildName[1] 何时去世（日期）"
"translated_combined_w5","restricted_source/w5_charls_CN.dta","ca003_3_2_","numeric","ZChildName[2] 何时去世（天）","","ca003_3_2_ ZChildName[2] 何时去世（天）"
"translated_combined_w5","restricted_source/w5_charls_CN.dta","ca003_3_3_","numeric","ZChildName[3] 何时去世（天）","","ca003_3_3_ ZChildName[3] 何时去世（天）"
"translated_combined_w5","restricted_source/w5_charls_CN.dta","ca003_3_4_","numeric","ZChildName[4] 何时去世（天）","","ca003_3_4_ ZChildName[4] 何时去世（天）"
"translated_combined_w5","restricted_source/w5_charls_CN.dta","ca003_3_5_","numeric","ZChildName[5] 何时去世（天）","","ca003_3_5_ ZChildName[5] 何时去世（天）"
"translated_combined_w5","restricted_source/w5_charls_CN.dta","ca003_3_6_","numeric","ZChildName[6] 何时去世（天）","","ca003_3_6_ ZChildName[6] 何时去世（天）"
"translated_combined_w5","restricted_source/w5_charls_CN.dta","ca003_3_7_","numeric","ZChildName[7] 何时去世（天）","","ca003_3_7_ ZChildName[7] 何时去世（天）"
"translated_combined_w5","restricted_source/w5_charls_CN.dta","ca003_3_8_","numeric","ZChildName[8] 何时去世（天）","","ca003_3_8_ ZChildName[8] 何时去世（天）"
"translated_combined_w5","restricted_source/w5_charls_CN.dta","ca003_3_9_","numeric","ZChildName[9] 何时去世（天）","","ca003_3_9_ ZChildName[9] 何时去世（天）"
"translated_combined_w5","restricted_source/w5_charls_CN.dta","ca003_3_10_","numeric","ZChildName[10] 过世的日期（天）","","ca003_3_10_ ZChildName[10] 过世的日期（天）"
"translated_combined_w5","restricted_source/w5_charls_CN.dta","ca003_3_11_","numeric","ZChildName[11] 过世的日期（天）","","ca003_3_11_ ZChildName[11] 过世的日期（天）"
"translated_combined_w5","restricted_source/w5_charls_CN.dta","ca005_1_","numeric","XChildPanAliveName[1] 的出生年份","","ca005_1_ XChildPanAliveName[1] 的出生年份"
"translated_combined_w5","restricted_source/w5_charls_CN.dta","ca005_2_","numeric","XChildPanAliveName[2] 的出生年份","","ca005_2_ XChildPanAliveName[2] 的出生年份"
"translated_combined_w5","restricted_source/w5_charls_CN.dta","ca005_3_","numeric","XChildPanAliveName[3] 的出生年份","","ca005_3_ XChildPanAliveName[3] 的出生年份"
"translated_combined_w5","restricted_source/w5_charls_CN.dta","ca005_4_","numeric","XChildPanAliveName[4] 的出生年份","","ca005_4_ XChildPanAliveName[4] 的出生年份"
"translated_combined_w5","restricted_source/w5_charls_CN.dta","ca005_5_","numeric","XChildPanAliveName[5] 的出生年份","","ca005_5_ XChildPanAliveName[5] 的出生年份"
"translated_combined_w5","restricted_source/w5_charls_CN.dta","ca005_6_","numeric","XChildPanAliveName[6] 的出生年份","","ca005_6_ XChildPanAliveName[6] 的出生年份"
"translated_combined_w5","restricted_source/w5_charls_CN.dta","ca005_7_","numeric","XChildPanAliveName[7] 的出生年份","","ca005_7_ XChildPanAliveName[7] 的出生年份"
"translated_combined_w5","restricted_source/w5_charls_CN.dta","ca006_1_","numeric","XChildPanAliveName[1] 的性别","","ca006_1_ XChildPanAliveName[1] 的性别"
"translated_combined_w5","restricted_source/w5_charls_CN.dta","ca006_2_","numeric","XChildPanAliveName[2]'的性别","","ca006_2_ XChildPanAliveName[2]'的性别"
"translated_combined_w5","restricted_source/w5_charls_CN.dta","ca006_3_","numeric","XChildPanAliveName[3]'的性别","","ca006_3_ XChildPanAliveName[3]'的性别"
"translated_combined_w5","restricted_source/w5_charls_CN.dta","ca006_4_","numeric","XChildPanAliveName[4]'的性别","","ca006_4_ XChildPanAliveName[4]'的性别"
"translated_combined_w5","restricted_source/w5_charls_CN.dta","ca006_5_","numeric","XChildPanAliveName[5]'的性别","","ca006_5_ XChildPanAliveName[5]'的性别"
"translated_combined_w5","restricted_source/w5_charls_CN.dta","ca006_6_","numeric","XChildPanAliveName[6]'的性别","","ca006_6_ XChildPanAliveName[6]'的性别"
"translated_combined_w5","restricted_source/w5_charls_CN.dta","ca006_7_","numeric","XChildPanAliveName[7]'的性别","","ca006_7_ XChildPanAliveName[7]'的性别"
"translated_combined_w5","restricted_source/w5_charls_CN.dta","ca007_1_","numeric","XChildPanAliveName[1]'的最高学位","","ca007_1_ XChildPanAliveName[1]'的最高学位"
"translated_combined_w5","restricted_source/w5_charls_CN.dta","ca007_2_","numeric","XChildPanAliveName[2]'的最高学位","","ca007_2_ XChildPanAliveName[2]'的最高学位"
"translated_combined_w5","restricted_source/w5_charls_CN.dta","ca007_3_","numeric","XChildPanAliveName[3]'的最高学位","","ca007_3_ XChildPanAliveName[3]'的最高学位"
"translated_combined_w5","restricted_source/w5_charls_CN.dta","ca007_4_","numeric","XChildPanAliveName[4]'的最高学位","","ca007_4_ XChildPanAliveName[4]'的最高学位"
"translated_combined_w5","restricted_source/w5_charls_CN.dta","ca007_5_","numeric","XChildPanAliveName[5]'的最高学位","","ca007_5_ XChildPanAliveName[5]'的最高学位"
"translated_combined_w5","restricted_source/w5_charls_CN.dta","ca007_6_","numeric","XChildPanAliveName[6]'的最高学位","","ca007_6_ XChildPanAliveName[6]'的最高学位"
"translated_combined_w5","restricted_source/w5_charls_CN.dta","ca007_7_","numeric","XChildPanAliveName[7]'的最高学位","","ca007_7_ XChildPanAliveName[7]'的最高学位"
"translated_combined_w5","restricted_source/w5_charls_CN.dta","ca007_8_","numeric","XChildPanAliveName[8]'的最高学位","","ca007_8_ XChildPanAliveName[8]'的最高学位"
"translated_combined_w5","restricted_source/w5_charls_CN.dta","ca007_9_","numeric","XChildPanAliveName[9]'的最高学位","","ca007_9_ XChildPanAliveName[9]'的最高学位"
"translated_combined_w5","restricted_source/w5_charls_CN.dta","ca007_10_","numeric","XChildPanAliveName[10]'的最高学位","","ca007_10_ XChildPanAliveName[10]'的最高学位"
"translated_combined_w5","restricted_source/w5_charls_CN.dta","ca007_11_","numeric","XChildPanAliveName[11]'的最高学位","","ca007_11_ XChildPanAliveName[11]'的最高学位"
"translated_combined_w5","restricted_source/w5_charls_CN.dta","ca007_12_","numeric","XChildPanAliveName[12]'的最高学位","","ca007_12_ XChildPanAliveName[12]'的最高学位"
"translated_combined_w5","restricted_source/w5_charls_CN.dta","ca007_13_","numeric","XChildPanAliveName[13]'的最高学位","","ca007_13_ XChildPanAliveName[13]'的最高学位"
"translated_combined_w5","restricted_source/w5_charls_CN.dta","ca007_14_","numeric","XChildPanAliveName[14]'的最高学位","","ca007_14_ XChildPanAliveName[14]'的最高学位"
"translated_combined_w5","restricted_source/w5_charls_CN.dta","ca007_15_","numeric","XChildPanAliveName[15]'s 最高学位","","ca007_15_ XChildPanAliveName[15]'s 最高学位"
"translated_combined_w5","restricted_source/w5_charls_CN.dta","ca007_16_","numeric","XChildPanAliveName[16]'s 最高学位","","ca007_16_ XChildPanAliveName[16]'s 最高学位"
"translated_combined_w5","restricted_source/w5_charls_CN.dta","ca007_17_","numeric","XChildPanAliveName[17]'s 最高学位","","ca007_17_ XChildPanAliveName[17]'s 最高学位"
"translated_combined_w5","restricted_source/w5_charls_CN.dta","ca008_1_","numeric","XChildAliveName[1] 是否在工作或上学","","ca008_1_ XChildAliveName[1] 是否在工作或上学"
"translated_combined_w5","restricted_source/w5_charls_CN.dta","ca008_2_","numeric","XChildAliveName[2] 是否在工作或上学","","ca008_2_ XChildAliveName[2] 是否在工作或上学"
"translated_combined_w5","restricted_source/w5_charls_CN.dta","ca008_3_","numeric","XChildAliveName[3] 是否在工作或上学","","ca008_3_ XChildAliveName[3] 是否在工作或上学"
"translated_combined_w5","restricted_source/w5_charls_CN.dta","ca008_4_","numeric","XChildAliveName[4] 是否在工作或上学","","ca008_4_ XChildAliveName[4] 是否在工作或上学"
"translated_combined_w5","restricted_source/w5_charls_CN.dta","ca008_5_","numeric","XChildAliveName[5] 是否在工作或上学","","ca008_5_ XChildAliveName[5] 是否在工作或上学"
"translated_combined_w5","restricted_source/w5_charls_CN.dta","ca008_6_","numeric","XChildAliveName[6] 是否在工作或上学","","ca008_6_ XChildAliveName[6] 是否在工作或上学"
"translated_combined_w5","restricted_source/w5_charls_CN.dta","ca008_7_","numeric","XChildAliveName[7] 是否在工作或上学","","ca008_7_ XChildAliveName[7] 是否在工作或上学"
"translated_combined_w5","restricted_source/w5_charls_CN.dta","ca008_8_","numeric","XChildAliveName[8] 是否在工作或上学","","ca008_8_ XChildAliveName[8] 是否在工作或上学"
"translated_combined_w5","restricted_source/w5_charls_CN.dta","ca008_9_","numeric","XChildAliveName[9] 是否在工作或上学","","ca008_9_ XChildAliveName[9] 是否在工作或上学"
"translated_combined_w5","restricted_source/w5_charls_CN.dta","ca008_10_","numeric","XChildAliveName[10] 是否在工作或上学","","ca008_10_ XChildAliveName[10] 是否在工作或上学"
"translated_combined_w5","restricted_source/w5_charls_CN.dta","ca008_11_","numeric","XChildAliveName[11] 是否在工作或上学","","ca008_11_ XChildAliveName[11] 是否在工作或上学"
"translated_combined_w5","restricted_source/w5_charls_CN.dta","ca008_12_","numeric","XChildAliveName[12] 是否在工作或上学","","ca008_12_ XChildAliveName[12] 是否在工作或上学"
"translated_combined_w5","restricted_source/w5_charls_CN.dta","ca008_13_","numeric","XChildAliveName[13] 是否在工作或上学","","ca008_13_ XChildAliveName[13] 是否在工作或上学"
"translated_combined_w5","restricted_source/w5_charls_CN.dta","ca008_14_","numeric","XChildAliveName[14] 是否在工作或上学","","ca008_14_ XChildAliveName[14] 是否在工作或上学"
"translated_combined_w5","restricted_source/w5_charls_CN.dta","ca008_15_","numeric","XChildAliveName[15] 是否在工作或上学","","ca008_15_ XChildAliveName[15] 是否在工作或上学"
"translated_combined_w5","restricted_source/w5_charls_CN.dta","ca008_16_","numeric","XChildAliveName[16] 是否在工作或上学","","ca008_16_ XChildAliveName[16] 是否在工作或上学"
"translated_combined_w5","restricted_source/w5_charls_CN.dta","ca008_17_","numeric","XChildAliveName[17] 是否在工作或上学","","ca008_17_ XChildAliveName[17] 是否在工作或上学"
"translated_combined_w5","restricted_source/w5_charls_CN.dta","ca010_1_","numeric","XChildPanAliveName[1]'的婚姻状况","","ca010_1_ XChildPanAliveName[1]'的婚姻状况"
"translated_combined_w5","restricted_source/w5_charls_CN.dta","ca010_2_","numeric","XChildPanAliveName[2]'的婚姻状况","","ca010_2_ XChildPanAliveName[2]'的婚姻状况"
"translated_combined_w5","restricted_source/w5_charls_CN.dta","ca010_3_","numeric","XChildPanAliveName[3]'的婚姻状况","","ca010_3_ XChildPanAliveName[3]'的婚姻状况"
"translated_combined_w5","restricted_source/w5_charls_CN.dta","ca010_4_","numeric","XChildPanAliveName[4]'的婚姻状况","","ca010_4_ XChildPanAliveName[4]'的婚姻状况"
"translated_combined_w5","restricted_source/w5_charls_CN.dta","ca010_5_","numeric","XChildPanAliveName[5]'的婚姻状况","","ca010_5_ XChildPanAliveName[5]'的婚姻状况"
"translated_combined_w5","restricted_source/w5_charls_CN.dta","ca010_6_","numeric","XChildPanAliveName[6]'的婚姻状况","","ca010_6_ XChildPanAliveName[6]'的婚姻状况"
"translated_combined_w5","restricted_source/w5_charls_CN.dta","ca010_7_","numeric","XChildPanAliveName[7]'的婚姻状况","","ca010_7_ XChildPanAliveName[7]'的婚姻状况"
"translated_combined_w5","restricted_source/w5_charls_CN.dta","ca010_8_","numeric","XChildPanAliveName[8]'的婚姻状况","","ca010_8_ XChildPanAliveName[8]'的婚姻状况"
"translated_combined_w5","restricted_source/w5_charls_CN.dta","ca010_9_","numeric","XChildPanAliveName[9]'的婚姻状况","","ca010_9_ XChildPanAliveName[9]'的婚姻状况"
"translated_combined_w5","restricted_source/w5_charls_CN.dta","ca010_10_","numeric","XChildPanAliveName[10]'的婚姻状况","","ca010_10_ XChildPanAliveName[10]'的婚姻状况"
"translated_combined_w5","restricted_source/w5_charls_CN.dta","ca010_11_","numeric","XChildPanAliveName[11]'的婚姻状态","","ca010_11_ XChildPanAliveName[11]'的婚姻状态"
"translated_combined_w5","restricted_source/w5_charls_CN.dta","ca010_12_","numeric","XChildPanAliveName[12]'的婚姻状态","","ca010_12_ XChildPanAliveName[12]'的婚姻状态"
"translated_combined_w5","restricted_source/w5_charls_CN.dta","ca010_13_","numeric","XChildPanAliveName[13]'的婚姻状态","","ca010_13_ XChildPanAliveName[13]'的婚姻状态"
"translated_combined_w5","restricted_source/w5_charls_CN.dta","ca010_14_","numeric","XChildPanAliveName[14]'的婚姻状态","","ca010_14_ XChildPanAliveName[14]'的婚姻状态"
"translated_combined_w5","restricted_source/w5_charls_CN.dta","ca010_15_","numeric","XChildPanAliveName[15]'的婚姻状态","","ca010_15_ XChildPanAliveName[15]'的婚姻状态"
"translated_combined_w5","restricted_source/w5_charls_CN.dta","ca010_16_","numeric","XChildPanAliveName[16]'的婚姻状态","","ca010_16_ XChildPanAliveName[16]'的婚姻状态"
"translated_combined_w5","restricted_source/w5_charls_CN.dta","ca010_17_","numeric","XChildPanAliveName[17]'的婚姻状态","","ca010_17_ XChildPanAliveName[17]'的婚姻状态"
"translated_combined_w5","restricted_source/w5_charls_CN.dta","ca012_1_","numeric","XChildCoupleDis[1]'的年收入","","ca012_1_ XChildCoupleDis[1]'的年收入"
"translated_combined_w5","restricted_source/w5_charls_CN.dta","ca012_2_","numeric","XChildCoupleDis[2]'的年收入","","ca012_2_ XChildCoupleDis[2]'的年收入"
"translated_combined_w5","restricted_source/w5_charls_CN.dta","ca012_3_","numeric","XChildCoupleDis[3]'的年收入","","ca012_3_ XChildCoupleDis[3]'的年收入"
"translated_combined_w5","restricted_source/w5_charls_CN.dta","ca012_4_","numeric","XChildCoupleDis[4]'的年收入","","ca012_4_ XChildCoupleDis[4]'的年收入"
"translated_combined_w5","restricted_source/w5_charls_CN.dta","ca012_5_","numeric","XChildCoupleDis[5]'的年收入","","ca012_5_ XChildCoupleDis[5]'的年收入"
"translated_combined_w5","restricted_source/w5_charls_CN.dta","ca012_6_","numeric","XChildCoupleDis[6]'的年收入","","ca012_6_ XChildCoupleDis[6]'的年收入"
"translated_combined_w5","restricted_source/w5_charls_CN.dta","ca012_7_","numeric","XChildCoupleDis[7]'的年收入","","ca012_7_ XChildCoupleDis[7]'的年收入"
"translated_combined_w5","restricted_source/w5_charls_CN.dta","ca012_8_","numeric","XChildCoupleDis[8]'的年收入","","ca012_8_ XChildCoupleDis[8]'的年收入"
"translated_combined_w5","restricted_source/w5_charls_CN.dta","ca012_9_","numeric","XChildCoupleDis[9]'的年收入","","ca012_9_ XChildCoupleDis[9]'的年收入"
"translated_combined_w5","restricted_source/w5_charls_CN.dta","ca012_10_","numeric","XChildCoupleDis[10]'的年收入","","ca012_10_ XChildCoupleDis[10]'的年收入"
"translated_combined_w5","restricted_source/w5_charls_CN.dta","ca012_11_","numeric","XChildCoupleDis[11]'的年收入","","ca012_11_ XChildCoupleDis[11]'的年收入"
"translated_combined_w5","restricted_source/w5_charls_CN.dta","ca012_12_","numeric","XChildCoupleDis[12]'的年收入","","ca012_12_ XChildCoupleDis[12]'的年收入"
"translated_combined_w5","restricted_source/w5_charls_CN.dta","ca012_13_","numeric","XChildCoupleDis[13]'的年收入","","ca012_13_ XChildCoupleDis[13]'的年收入"
"translated_combined_w5","restricted_source/w5_charls_CN.dta","ca012_14_","numeric","XChildCoupleDis[14] 的年收入","","ca012_14_ XChildCoupleDis[14] 的年收入"
"translated_combined_w5","restricted_source/w5_charls_CN.dta","ca012_15_","numeric","XChildCoupleDis[15] 的年收入","","ca012_15_ XChildCoupleDis[15] 的年收入"
"translated_combined_w5","restricted_source/w5_charls_CN.dta","ca012_16_","numeric","XChildCoupleDis[16] 的年收入","","ca012_16_ XChildCoupleDis[16] 的年收入"
"translated_combined_w5","restricted_source/w5_charls_CN.dta","ca012_17_","numeric","XChildCoupleDis[17] 的年收入","","ca012_17_ XChildCoupleDis[17] 的年收入"
"translated_combined_w5","restricted_source/w5_charls_CN.dta","ca013_1_","numeric","XChildPanAliveName[1] 的健康状况","","ca013_1_ XChildPanAliveName[1] 的健康状况"
"translated_combined_w5","restricted_source/w5_charls_CN.dta","ca013_2_","numeric","XChildPanAliveName[2] 的健康状况","","ca013_2_ XChildPanAliveName[2] 的健康状况"
"translated_combined_w5","restricted_source/w5_charls_CN.dta","ca013_3_","numeric","XChildPanAliveName[3] 的健康状况","","ca013_3_ XChildPanAliveName[3] 的健康状况"
"translated_combined_w5","restricted_source/w5_charls_CN.dta","ca013_4_","numeric","XChildPanAliveName[4] 的健康状况","","ca013_4_ XChildPanAliveName[4] 的健康状况"
"translated_combined_w5","restricted_source/w5_charls_CN.dta","ca013_5_","numeric","XChildPanAliveName[5] 的健康状况","","ca013_5_ XChildPanAliveName[5] 的健康状况"
"translated_combined_w5","restricted_source/w5_charls_CN.dta","ca013_6_","numeric","XChildPanAliveName[6] 的健康状况","","ca013_6_ XChildPanAliveName[6] 的健康状况"
"translated_combined_w5","restricted_source/w5_charls_CN.dta","ca013_7_","numeric","XChildPanAliveName[7]的健康状态","","ca013_7_ XChildPanAliveName[7]的健康状态"
"translated_combined_w5","restricted_source/w5_charls_CN.dta","ca013_8_","numeric","XChildPanAliveName[8]的健康状态","","ca013_8_ XChildPanAliveName[8]的健康状态"
"translated_combined_w5","restricted_source/w5_charls_CN.dta","ca013_9_","numeric","XChildPanAliveName[9]的健康状态","","ca013_9_ XChildPanAliveName[9]的健康状态"
"translated_combined_w5","restricted_source/w5_charls_CN.dta","ca013_10_","numeric","XChildPanAliveName[10]的健康状态","","ca013_10_ XChildPanAliveName[10]的健康状态"
"translated_combined_w5","restricted_source/w5_charls_CN.dta","ca013_11_","numeric","XChildPanAliveName[11]的健康状态","","ca013_11_ XChildPanAliveName[11]的健康状态"
"translated_combined_w5","restricted_source/w5_charls_CN.dta","ca013_12_","numeric","XChildPanAliveName[12]的健康状态","","ca013_12_ XChildPanAliveName[12]的健康状态"
"translated_combined_w5","restricted_source/w5_charls_CN.dta","ca013_13_","numeric","XChildPanAliveName[13]的健康状态","","ca013_13_ XChildPanAliveName[13]的健康状态"
"translated_combined_w5","restricted_source/w5_charls_CN.dta","ca013_14_","numeric","XChildPanAliveName[14]的健康状态","","ca013_14_ XChildPanAliveName[14]的健康状态"
"translated_combined_w5","restricted_source/w5_charls_CN.dta","ca013_15_","numeric","XChildPanAliveName[15]的健康状态","","ca013_15_ XChildPanAliveName[15]的健康状态"
"translated_combined_w5","restricted_source/w5_charls_CN.dta","ca013_16_","numeric","XChildPanAliveName[16]的健康状态","","ca013_16_ XChildPanAliveName[16]的健康状态"
"translated_combined_w5","restricted_source/w5_charls_CN.dta","ca013_17_","numeric","XChildPanAliveName[17]的健康状况","","ca013_17_ XChildPanAliveName[17]的健康状况"
"translated_combined_w5","restricted_source/w5_charls_CN.dta","ca014_1_","numeric","XFamilyRAndS与XChildPanAliveName[1]共同生活的时间","","ca014_1_ XFamilyRAndS与XChildPanAliveName[1]共同生活的时间"
"translated_combined_w5","restricted_source/w5_charls_CN.dta","ca014_2_","numeric","XFamilyRAndS与XChildPanAliveName[2]共同生活的时间","","ca014_2_ XFamilyRAndS与XChildPanAliveName[2]共同生活的时间"
"translated_combined_w5","restricted_source/w5_charls_CN.dta","ca014_3_","numeric","XFamilyRAndS与XChildPanAliveName[3]共同生活的时间","","ca014_3_ XFamilyRAndS与XChildPanAliveName[3]共同生活的时间"
"translated_combined_w5","restricted_source/w5_charls_CN.dta","ca014_4_","numeric","XFamilyRAndS与XChildPanAliveName[4]共同生活的时间","","ca014_4_ XFamilyRAndS与XChildPanAliveName[4]共同生活的时间"
"translated_combined_w5","restricted_source/w5_charls_CN.dta","ca014_5_","numeric","XFamilyRAndS与XChildPanAliveName[5]共同生活的时间","","ca014_5_ XFamilyRAndS与XChildPanAliveName[5]共同生活的时间"
"translated_combined_w5","restricted_source/w5_charls_CN.dta","ca014_6_","numeric","XFamilyRAndS与XChildPanAliveName[6]共同生活的时间","","ca014_6_ XFamilyRAndS与XChildPanAliveName[6]共同生活的时间"
"translated_combined_w5","restricted_source/w5_charls_CN.dta","ca014_7_","numeric","XFamilyRAndS与XChildPanAliveName[7]共同生活的时间","","ca014_7_ XFamilyRAndS与XChildPanAliveName[7]共同生活的时间"
"translated_combined_w5","restricted_source/w5_charls_CN.dta","ca014_8_","numeric","家庭成员与孩子（姓名[8]）共同生活的时间","","ca014_8_ 家庭成员与孩子（姓名[8]）共同生活的时间"
"translated_combined_w5","restricted_source/w5_charls_CN.dta","ca014_9_","numeric","家庭成员与孩子（姓名[9]）共同生活的时间","","ca014_9_ 家庭成员与孩子（姓名[9]）共同生活的时间"
"translated_combined_w5","restricted_source/w5_charls_CN.dta","ca014_10_","numeric","家庭成员与孩子（姓名[10]）共同生活的时间","","ca014_10_ 家庭成员与孩子（姓名[10]）共同生活的时间"
"translated_combined_w5","restricted_source/w5_charls_CN.dta","ca014_11_","numeric","家庭成员与孩子（姓名[11]）共同生活的时间","","ca014_11_ 家庭成员与孩子（姓名[11]）共同生活的时间"
"translated_combined_w5","restricted_source/w5_charls_CN.dta","ca014_12_","numeric","家庭成员与孩子（姓名[12]）共同生活的时间","","ca014_12_ 家庭成员与孩子（姓名[12]）共同生活的时间"
"translated_combined_w5","restricted_source/w5_charls_CN.dta","ca014_13_","numeric","家庭成员与孩子（姓名[13]）共同生活的时间","","ca014_13_ 家庭成员与孩子（姓名[13]）共同生活的时间"
"translated_combined_w5","restricted_source/w5_charls_CN.dta","ca014_14_","numeric","家庭成员与孩子（姓名[14]）共同生活的时间","","ca014_14_ 家庭成员与孩子（姓名[14]）共同生活的时间"
"translated_combined_w5","restricted_source/w5_charls_CN.dta","ca014_15_","numeric","家庭成员与孩子（姓名[15]）共同生活的时间","","ca014_15_ 家庭成员与孩子（姓名[15]）共同生活的时间"
"translated_combined_w5","restricted_source/w5_charls_CN.dta","ca014_16_","numeric","家庭与孩子的关系中，XChildPanAliveName[16]与家庭成员共同生活的时间","","ca014_16_ 家庭与孩子的关系中，XChildPanAliveName[16]与家庭成员共同生活的时间"
"translated_combined_w5","restricted_source/w5_charls_CN.dta","ca014_17_","numeric","家庭与孩子的关系中，XChildPanAliveName[17]与家庭成员共同生活的时间","","ca014_17_ 家庭与孩子的关系中，XChildPanAliveName[17]与家庭成员共同生活的时间"
"translated_combined_w5","restricted_source/w5_charls_CN.dta","ca015_1_","numeric","看到XChildPanAliveName[1]的频率","","ca015_1_ 看到XChildPanAliveName[1]的频率"
"translated_combined_w5","restricted_source/w5_charls_CN.dta","ca015_2_","numeric","看到XChildPanAliveName[2]的频率","","ca015_2_ 看到XChildPanAliveName[2]的频率"
"translated_combined_w5","restricted_source/w5_charls_CN.dta","ca015_3_","numeric","看到XChildPanAliveName[3]的频率","","ca015_3_ 看到XChildPanAliveName[3]的频率"
"translated_combined_w5","restricted_source/w5_charls_CN.dta","ca015_4_","numeric","看到XChildPanAliveName[4]的频率","","ca015_4_ 看到XChildPanAliveName[4]的频率"
"translated_combined_w5","restricted_source/w5_charls_CN.dta","ca015_5_","numeric","看到XChildPanAliveName[5]的频率","","ca015_5_ 看到XChildPanAliveName[5]的频率"
"translated_combined_w5","restricted_source/w5_charls_CN.dta","ca015_6_","numeric","看到XChildPanAliveName[6]的频率","","ca015_6_ 看到XChildPanAliveName[6]的频率"
"translated_combined_w5","restricted_source/w5_charls_CN.dta","ca015_7_","numeric","看到XChildPanAliveName[7]的频率","","ca015_7_ 看到XChildPanAliveName[7]的频率"
"translated_combined_w5","restricted_source/w5_charls_CN.dta","ca015_8_","numeric","看到XChildPanAliveName[8]的频率","","ca015_8_ 看到XChildPanAliveName[8]的频率"
"translated_combined_w5","restricted_source/w5_charls_CN.dta","ca015_9_","numeric","频率见 XChildPanAliveName[9]","","ca015_9_ 频率见 XChildPanAliveName[9]"
"translated_combined_w5","restricted_source/w5_charls_CN.dta","ca015_10_","numeric","频率见 XChildPanAliveName[10]","","ca015_10_ 频率见 XChildPanAliveName[10]"
"translated_combined_w5","restricted_source/w5_charls_CN.dta","ca015_11_","numeric","频率见 XChildPanAliveName[11]","","ca015_11_ 频率见 XChildPanAliveName[11]"
"translated_combined_w5","restricted_source/w5_charls_CN.dta","ca015_12_","numeric","频率见 XChildPanAliveName[12]","","ca015_12_ 频率见 XChildPanAliveName[12]"
"translated_combined_w5","restricted_source/w5_charls_CN.dta","ca015_13_","numeric","频率见 XChildPanAliveName[13]","","ca015_13_ 频率见 XChildPanAliveName[13]"
"translated_combined_w5","restricted_source/w5_charls_CN.dta","ca015_14_","numeric","频率见 XChildPanAliveName[14]","","ca015_14_ 频率见 XChildPanAliveName[14]"
"translated_combined_w5","restricted_source/w5_charls_CN.dta","ca015_15_","numeric","频率见 XChildPanAliveName[15]","","ca015_15_ 频率见 XChildPanAliveName[15]"
"translated_combined_w5","restricted_source/w5_charls_CN.dta","ca015_16_","numeric","频率见 XChildPanAliveName[16]","","ca015_16_ 频率见 XChildPanAliveName[16]"
"translated_combined_w5","restricted_source/w5_charls_CN.dta","ca015_17_","numeric","频率见 XChildPanAliveName[17]","","ca015_17_ 频率见 XChildPanAliveName[17]"
"translated_combined_w5","restricted_source/w5_charls_CN.dta","ca016_1_","numeric","通过电话/信息/微信/邮件/电子邮件与 XChildPanAliveName[1] 联系","","ca016_1_ 通过电话/信息/微信/邮件/电子邮件与 XChildPanAliveName[1] 联系"
"translated_combined_w5","restricted_source/w5_charls_CN.dta","ca016_2_","numeric","通过电话/信息/微信/邮件与XChildPanAliveName[2]联系","","ca016_2_ 通过电话/信息/微信/邮件与XChildPanAliveName[2]联系"
"translated_combined_w5","restricted_source/w5_charls_CN.dta","ca016_3_","numeric","通过电话/信息/微信/邮件与XChildPanAliveName[3]联系","","ca016_3_ 通过电话/信息/微信/邮件与XChildPanAliveName[3]联系"
"translated_combined_w5","restricted_source/w5_charls_CN.dta","ca016_4_","numeric","通过电话/信息/微信/邮件与XChildPanAliveName[4]联系","","ca016_4_ 通过电话/信息/微信/邮件与XChildPanAliveName[4]联系"
"translated_combined_w5","restricted_source/w5_charls_CN.dta","ca016_5_","numeric","通过电话/信息/微信/邮件与XChildPanAliveName[5]联系","","ca016_5_ 通过电话/信息/微信/邮件与XChildPanAliveName[5]联系"
"translated_combined_w5","restricted_source/w5_charls_CN.dta","ca016_6_","numeric","通过电话/信息/微信/邮件与XChildPanAliveName[6]联系","","ca016_6_ 通过电话/信息/微信/邮件与XChildPanAliveName[6]联系"
"translated_combined_w5","restricted_source/w5_charls_CN.dta","ca016_7_","numeric","通过电话/信息/微信/邮件与XChildPanAliveName[7]联系","","ca016_7_ 通过电话/信息/微信/邮件与XChildPanAliveName[7]联系"
"translated_combined_w5","restricted_source/w5_charls_CN.dta","ca016_8_","numeric","通过电话/信息/微信/邮件与XChildPanAliveName[8]联系","","ca016_8_ 通过电话/信息/微信/邮件与XChildPanAliveName[8]联系"
"translated_combined_w5","restricted_source/w5_charls_CN.dta","ca016_9_","numeric","通过电话/信息/微信/邮件与XChildPanAliveName[9]联系","","ca016_9_ 通过电话/信息/微信/邮件与XChildPanAliveName[9]联系"
"translated_combined_w5","restricted_source/w5_charls_CN.dta","ca016_10_","numeric","通过电话/信息/微信/邮件与XChildPanAliveName[10]联系","","ca016_10_ 通过电话/信息/微信/邮件与XChildPanAliveName[10]联系"
"translated_combined_w5","restricted_source/w5_charls_CN.dta","ca016_11_","numeric","通过电话/信息/微信/邮件与XChildPanAliveName[11]联系","","ca016_11_ 通过电话/信息/微信/邮件与XChildPanAliveName[11]联系"
"translated_combined_w5","restricted_source/w5_charls_CN.dta","ca016_12_","numeric","通过电话/信息/微信/邮件与XChildPanAliveName[12]联系","","ca016_12_ 通过电话/信息/微信/邮件与XChildPanAliveName[12]联系"
"translated_combined_w5","restricted_source/w5_charls_CN.dta","ca016_13_","numeric","通过电话/信息/微信/邮件与XChildPanAliveName[13]联系","","ca016_13_ 通过电话/信息/微信/邮件与XChildPanAliveName[13]联系"
"translated_combined_w5","restricted_source/w5_charls_CN.dta","ca016_14_","numeric","通过电话/信息/微信/邮件与XChildPanAliveName[14]联系","","ca016_14_ 通过电话/信息/微信/邮件与XChildPanAliveName[14]联系"
"translated_combined_w5","restricted_source/w5_charls_CN.dta","ca016_15_","numeric","通过电话/信息/微信/邮件与XChildPanAliveName[15]联系","","ca016_15_ 通过电话/信息/微信/邮件与XChildPanAliveName[15]联系"
"translated_combined_w5","restricted_source/w5_charls_CN.dta","ca016_16_","numeric","与XChildPanAliveName[16]通过电话/信息/微信/邮件/电子邮件联系","","ca016_16_ 与XChildPanAliveName[16]通过电话/信息/微信/邮件/电子邮件联系"
"translated_combined_w5","restricted_source/w5_charls_CN.dta","ca016_17_","numeric","与XChildPanAliveName[17]通过电话/信息/微信/邮件/电子邮件联系","","ca016_17_ 与XChildPanAliveName[17]通过电话/信息/微信/邮件/电子邮件联系"
"translated_combined_w5","restricted_source/w5_charls_CN.dta","ca017_1_1_","numeric","从XChildPanAliveName[1]收到的总金额","","ca017_1_1_ 从XChildPanAliveName[1]收到的总金额"
"translated_combined_w5","restricted_source/w5_charls_CN.dta","ca017_1_2_","numeric","从XChildPanAliveName[2]收到的总金额","","ca017_1_2_ 从XChildPanAliveName[2]收到的总金额"
"translated_combined_w5","restricted_source/w5_charls_CN.dta","ca017_1_3_","numeric","从XChildPanAliveName[3]收到的总金额","","ca017_1_3_ 从XChildPanAliveName[3]收到的总金额"
"translated_combined_w5","restricted_source/w5_charls_CN.dta","ca017_1_4_","numeric","从XChildPanAliveName[4]收到的总金额","","ca017_1_4_ 从XChildPanAliveName[4]收到的总金额"
"translated_combined_w5","restricted_source/w5_charls_CN.dta","ca017_1_5_","numeric","从XChildPanAliveName[5]收到的总金额","","ca017_1_5_ 从XChildPanAliveName[5]收到的总金额"
"translated_combined_w5","restricted_source/w5_charls_CN.dta","ca017_1_6_","numeric","从XChildPanAliveName[6]收到的总金额","","ca017_1_6_ 从XChildPanAliveName[6]收到的总金额"
"translated_combined_w5","restricted_source/w5_charls_CN.dta","ca017_1_7_","numeric","从XChildPanAliveName[7]收到的总金额","","ca017_1_7_ 从XChildPanAliveName[7]收到的总金额"
"translated_combined_w5","restricted_source/w5_charls_CN.dta","ca017_1_8_","numeric","从XChildPanAliveName[8]收到的总金额","","ca017_1_8_ 从XChildPanAliveName[8]收到的总金额"
"translated_combined_w5","restricted_source/w5_charls_CN.dta","ca017_1_9_","numeric","从XChildPanAliveName[9]收到的总金额","","ca017_1_9_ 从XChildPanAliveName[9]收到的总金额"
"translated_combined_w5","restricted_source/w5_charls_CN.dta","ca017_1_10_","numeric","从XChildPanAliveName[10]收到的总金额","","ca017_1_10_ 从XChildPanAliveName[10]收到的总金额"
"translated_combined_w5","restricted_source/w5_charls_CN.dta","ca017_1_11_","numeric","从XChildPanAliveName[11]收到的总金额","","ca017_1_11_ 从XChildPanAliveName[11]收到的总金额"
"translated_combined_w5","restricted_source/w5_charls_CN.dta","ca017_1_12_","numeric","从XChildPanAliveName[12]收到的总金额","","ca017_1_12_ 从XChildPanAliveName[12]收到的总金额"
"translated_combined_w5","restricted_source/w5_charls_CN.dta","ca017_1_13_","numeric","从XChildPanAliveName[13]收到的总金额","","ca017_1_13_ 从XChildPanAliveName[13]收到的总金额"
"translated_combined_w5","restricted_source/w5_charls_CN.dta","ca017_1_14_","numeric","从XChildPanAliveName[14]收到的总金额","","ca017_1_14_ 从XChildPanAliveName[14]收到的总金额"
"translated_combined_w5","restricted_source/w5_charls_CN.dta","ca017_1_15_","numeric","从XChildPanAliveName[15]收到的总金额","","ca017_1_15_ 从XChildPanAliveName[15]收到的总金额"
"translated_combined_w5","restricted_source/w5_charls_CN.dta","ca017_1_16_","numeric","从 XChildPanAliveName[16] 收到的总金额","","ca017_1_16_ 从 XChildPanAliveName[16] 收到的总金额"
"translated_combined_w5","restricted_source/w5_charls_CN.dta","ca017_1_17_","numeric","从 XChildPanAliveName[17] 收到的总金额","","ca017_1_17_ 从 XChildPanAliveName[17] 收到的总金额"
"translated_combined_w5","restricted_source/w5_charls_CN.dta","ca017_1_min_1_","numeric","ca017_1_1_ 的最小区间","","ca017_1_min_1_ ca017_1_1_ 的最小区间"
"translated_combined_w5","restricted_source/w5_charls_CN.dta","ca017_1_min_2_","numeric","ca017_1_2_ 的最小区间","","ca017_1_min_2_ ca017_1_2_ 的最小区间"
"translated_combined_w5","restricted_source/w5_charls_CN.dta","ca017_1_min_3_","numeric","ca017_1_3_ 的最小区间","","ca017_1_min_3_ ca017_1_3_ 的最小区间"
"translated_combined_w5","restricted_source/w5_charls_CN.dta","ca017_1_min_4_","numeric","ca017_1_4_ 的最小区间","","ca017_1_min_4_ ca017_1_4_ 的最小区间"
"translated_combined_w5","restricted_source/w5_charls_CN.dta","ca017_1_min_5_","numeric","ca017_1_5_ 的最小区间","","ca017_1_min_5_ ca017_1_5_ 的最小区间"
"translated_combined_w5","restricted_source/w5_charls_CN.dta","ca017_1_min_6_","numeric","ca017_1_6_ 的最小区间","","ca017_1_min_6_ ca017_1_6_ 的最小区间"
"translated_combined_w5","restricted_source/w5_charls_CN.dta","ca017_1_min_7_","numeric","ca017_1_7_ 的最小区间","","ca017_1_min_7_ ca017_1_7_ 的最小区间"
"translated_combined_w5","restricted_source/w5_charls_CN.dta","ca017_1_min_8_","numeric","ca017_1_8_的最小区间","","ca017_1_min_8_ ca017_1_8_的最小区间"
"translated_combined_w5","restricted_source/w5_charls_CN.dta","ca017_1_min_9_","numeric","ca017_1_9_的最小区间","","ca017_1_min_9_ ca017_1_9_的最小区间"
"translated_combined_w5","restricted_source/w5_charls_CN.dta","ca017_1_min_10_","numeric","ca017_1_10_的最小区间","","ca017_1_min_10_ ca017_1_10_的最小区间"
"translated_combined_w5","restricted_source/w5_charls_CN.dta","ca017_1_min_11_","numeric","ca017_1_11_的最小区间","","ca017_1_min_11_ ca017_1_11_的最小区间"
"translated_combined_w5","restricted_source/w5_charls_CN.dta","ca017_1_min_12_","numeric","ca017_1_12_的最小区间","","ca017_1_min_12_ ca017_1_12_的最小区间"
"translated_combined_w5","restricted_source/w5_charls_CN.dta","ca017_1_min_13_","numeric","ca017_1_13_的最小区间","","ca017_1_min_13_ ca017_1_13_的最小区间"
"translated_combined_w5","restricted_source/w5_charls_CN.dta","ca017_1_min_14_","numeric","ca017_1_14_的最小区间","","ca017_1_min_14_ ca017_1_14_的最小区间"
"translated_combined_w5","restricted_source/w5_charls_CN.dta","ca017_1_min_15_","numeric","ca017_1_15_的最小区间","","ca017_1_min_15_ ca017_1_15_的最小区间"
"translated_combined_w5","restricted_source/w5_charls_CN.dta","ca017_1_min_16_","numeric","ca017_1_16_的最小区间","","ca017_1_min_16_ ca017_1_16_的最小区间"
"translated_combined_w5","restricted_source/w5_charls_CN.dta","ca017_1_min_17_","numeric","ca017_1_17_的最小区间","","ca017_1_min_17_ ca017_1_17_的最小区间"
"translated_combined_w5","restricted_source/w5_charls_CN.dta","ca017_1_max_1_","numeric","ca017_1_1_的最大区间","","ca017_1_max_1_ ca017_1_1_的最大区间"
"translated_combined_w5","restricted_source/w5_charls_CN.dta","ca017_1_max_2_","numeric","ca017_1_2_的最大区间","","ca017_1_max_2_ ca017_1_2_的最大区间"
"translated_combined_w5","restricted_source/w5_charls_CN.dta","ca017_1_max_3_","numeric","ca017_1_3_的最大区间","","ca017_1_max_3_ ca017_1_3_的最大区间"
"translated_combined_w5","restricted_source/w5_charls_CN.dta","ca017_1_max_4_","numeric","ca017_1_4_的最大区间","","ca017_1_max_4_ ca017_1_4_的最大区间"
"translated_combined_w5","restricted_source/w5_charls_CN.dta","ca017_1_max_5_","numeric","ca017_1_5_的最大区间","","ca017_1_max_5_ ca017_1_5_的最大区间"
"translated_combined_w5","restricted_source/w5_charls_CN.dta","ca017_1_max_6_","numeric","ca017_1_6_的最大区间","","ca017_1_max_6_ ca017_1_6_的最大区间"
"translated_combined_w5","restricted_source/w5_charls_CN.dta","ca017_1_max_7_","numeric","ca017_1_7_的最大区间","","ca017_1_max_7_ ca017_1_7_的最大区间"
"translated_combined_w5","restricted_source/w5_charls_CN.dta","ca017_1_max_8_","numeric","ca017_1_8_的最大区间","","ca017_1_max_8_ ca017_1_8_的最大区间"
"translated_combined_w5","restricted_source/w5_charls_CN.dta","ca017_1_max_9_","numeric","ca017_1_9_的最大区间","","ca017_1_max_9_ ca017_1_9_的最大区间"
"translated_combined_w5","restricted_source/w5_charls_CN.dta","ca017_1_max_10_","numeric","ca017_1_10_的最大区间","","ca017_1_max_10_ ca017_1_10_的最大区间"
"translated_combined_w5","restricted_source/w5_charls_CN.dta","ca017_1_max_11_","numeric","ca017_1_11_的最大区间","","ca017_1_max_11_ ca017_1_11_的最大区间"
"translated_combined_w5","restricted_source/w5_charls_CN.dta","ca017_1_max_12_","numeric","ca017_1_12_的最大区间","","ca017_1_max_12_ ca017_1_12_的最大区间"
"translated_combined_w5","restricted_source/w5_charls_CN.dta","ca017_1_max_13_","numeric","ca017_1_13_的最大区间","","ca017_1_max_13_ ca017_1_13_的最大区间"
"translated_combined_w5","restricted_source/w5_charls_CN.dta","ca017_1_max_14_","numeric","ca017_1_14_的最大区间","","ca017_1_max_14_ ca017_1_14_的最大区间"
"translated_combined_w5","restricted_source/w5_charls_CN.dta","ca017_1_max_15_","numeric","ca017_1_15_的最大区间","","ca017_1_max_15_ ca017_1_15_的最大区间"
"translated_combined_w5","restricted_source/w5_charls_CN.dta","ca017_1_max_16_","numeric","ca017_1_16_的最大区间","","ca017_1_max_16_ ca017_1_16_的最大区间"
"translated_combined_w5","restricted_source/w5_charls_CN.dta","ca017_1_max_17_","numeric","ca017_1_17_的最大区间","","ca017_1_max_17_ ca017_1_17_的最大区间"
"translated_combined_w5","restricted_source/w5_charls_CN.dta","ca017_2_1_","numeric","来自XChildPanAliveName[1]的定期付款","","ca017_2_1_ 来自XChildPanAliveName[1]的定期付款"
"translated_combined_w5","restricted_source/w5_charls_CN.dta","ca017_2_2_","numeric","来自XChildPanAliveName[2]的定期付款","","ca017_2_2_ 来自XChildPanAliveName[2]的定期付款"
"translated_combined_w5","restricted_source/w5_charls_CN.dta","ca017_2_3_","numeric","来自XChildPanAliveName[3]的定期付款","","ca017_2_3_ 来自XChildPanAliveName[3]的定期付款"
"translated_combined_w5","restricted_source/w5_charls_CN.dta","ca017_2_4_","numeric","来自XChildPanAliveName[4]的定期付款","","ca017_2_4_ 来自XChildPanAliveName[4]的定期付款"
"translated_combined_w5","restricted_source/w5_charls_CN.dta","ca017_2_5_","numeric","来自XChildPanAliveName[5]的定期付款","","ca017_2_5_ 来自XChildPanAliveName[5]的定期付款"
"translated_combined_w5","restricted_source/w5_charls_CN.dta","ca017_2_6_","numeric","来自XChildPanAliveName[6]的定期付款","","ca017_2_6_ 来自XChildPanAliveName[6]的定期付款"
"translated_combined_w5","restricted_source/w5_charls_CN.dta","ca017_2_7_","numeric","来自XChildPanAliveName[7]的定期付款","","ca017_2_7_ 来自XChildPanAliveName[7]的定期付款"
"translated_combined_w5","restricted_source/w5_charls_CN.dta","ca017_2_8_","numeric","来自XChildPanAliveName[8]的定期付款","","ca017_2_8_ 来自XChildPanAliveName[8]的定期付款"
"translated_combined_w5","restricted_source/w5_charls_CN.dta","ca017_2_9_","numeric","来自XChildPanAliveName[9]的定期付款","","ca017_2_9_ 来自XChildPanAliveName[9]的定期付款"
"translated_combined_w5","restricted_source/w5_charls_CN.dta","ca017_2_10_","numeric","来自XChildPanAliveName[10]的定期付款","","ca017_2_10_ 来自XChildPanAliveName[10]的定期付款"
"translated_combined_w5","restricted_source/w5_charls_CN.dta","ca017_2_11_","numeric","来自XChildPanAliveName[11]的定期付款","","ca017_2_11_ 来自XChildPanAliveName[11]的定期付款"
"translated_combined_w5","restricted_source/w5_charls_CN.dta","ca017_2_12_","numeric","来自XChildPanAliveName[12]的定期付款","","ca017_2_12_ 来自XChildPanAliveName[12]的定期付款"
"translated_combined_w5","restricted_source/w5_charls_CN.dta","ca017_2_13_","numeric","来自XChildPanAliveName[13]的定期付款","","ca017_2_13_ 来自XChildPanAliveName[13]的定期付款"
"translated_combined_w5","restricted_source/w5_charls_CN.dta","ca017_2_14_","numeric","来自XChildPanAliveName[14]的定期付款","","ca017_2_14_ 来自XChildPanAliveName[14]的定期付款"
"translated_combined_w5","restricted_source/w5_charls_CN.dta","ca017_2_15_","numeric","来自XChildPanAliveName[15]的定期付款","","ca017_2_15_ 来自XChildPanAliveName[15]的定期付款"
"translated_combined_w5","restricted_source/w5_charls_CN.dta","ca017_2_16_","numeric","来自XChildPanAliveName[16]的定期付款","","ca017_2_16_ 来自XChildPanAliveName[16]的定期付款"
"translated_combined_w5","restricted_source/w5_charls_CN.dta","ca017_2_17_","numeric","来自XChildPanAliveName[17]的定期付款","","ca017_2_17_ 来自XChildPanAliveName[17]的定期付款"
"translated_combined_w5","restricted_source/w5_charls_CN.dta","ca017_2_min_1_","numeric","ca017_2_1_的最小区间","","ca017_2_min_1_ ca017_2_1_的最小区间"
"translated_combined_w5","restricted_source/w5_charls_CN.dta","ca017_2_min_2_","numeric","ca017_2_2_的最小区间","","ca017_2_min_2_ ca017_2_2_的最小区间"
"translated_combined_w5","restricted_source/w5_charls_CN.dta","ca017_2_min_3_","numeric","ca017_2_3_的最小区间","","ca017_2_min_3_ ca017_2_3_的最小区间"
"translated_combined_w5","restricted_source/w5_charls_CN.dta","ca017_2_min_4_","numeric","ca017_2_4_的最小区间","","ca017_2_min_4_ ca017_2_4_的最小区间"
"translated_combined_w5","restricted_source/w5_charls_CN.dta","ca017_2_min_5_","numeric","ca017_2_5_的最小区间","","ca017_2_min_5_ ca017_2_5_的最小区间"
"translated_combined_w5","restricted_source/w5_charls_CN.dta","ca017_2_min_6_","numeric","ca017_2_6_的最小区间","","ca017_2_min_6_ ca017_2_6_的最小区间"
"translated_combined_w5","restricted_source/w5_charls_CN.dta","ca017_2_min_7_","numeric","ca017_2_7_的最小区间","","ca017_2_min_7_ ca017_2_7_的最小区间"
"translated_combined_w5","restricted_source/w5_charls_CN.dta","ca017_2_min_8_","numeric","ca017_2_8_的最小区间","","ca017_2_min_8_ ca017_2_8_的最小区间"
"translated_combined_w5","restricted_source/w5_charls_CN.dta","ca017_2_min_9_","numeric","ca017_2_9_的最小区间","","ca017_2_min_9_ ca017_2_9_的最小区间"
"translated_combined_w5","restricted_source/w5_charls_CN.dta","ca017_2_min_10_","numeric","ca017_2_10_的最小区间","","ca017_2_min_10_ ca017_2_10_的最小区间"
"translated_combined_w5","restricted_source/w5_charls_CN.dta","ca017_2_min_11_","numeric","ca017_2_11_ 的最小区间","","ca017_2_min_11_ ca017_2_11_ 的最小区间"
"translated_combined_w5","restricted_source/w5_charls_CN.dta","ca017_2_max_1_","numeric","ca017_2_1_ 的最大区间","","ca017_2_max_1_ ca017_2_1_ 的最大区间"
"translated_combined_w5","restricted_source/w5_charls_CN.dta","ca017_2_max_2_","numeric","ca017_2_2_ 的最大区间","","ca017_2_max_2_ ca017_2_2_ 的最大区间"
"translated_combined_w5","restricted_source/w5_charls_CN.dta","ca017_2_max_3_","numeric","ca017_2_3_ 的最大区间","","ca017_2_max_3_ ca017_2_3_ 的最大区间"
"translated_combined_w5","restricted_source/w5_charls_CN.dta","ca017_2_max_4_","numeric","ca017_2_4_ 的最大区间","","ca017_2_max_4_ ca017_2_4_ 的最大区间"
"translated_combined_w5","restricted_source/w5_charls_CN.dta","ca017_2_max_5_","numeric","ca017_2_5_ 的最大区间","","ca017_2_max_5_ ca017_2_5_ 的最大区间"
"translated_combined_w5","restricted_source/w5_charls_CN.dta","ca017_2_max_6_","numeric","ca017_2_6_ 的最大区间","","ca017_2_max_6_ ca017_2_6_ 的最大区间"
"translated_combined_w5","restricted_source/w5_charls_CN.dta","ca017_2_max_7_","numeric","ca017_2_7_ 的最大区间","","ca017_2_max_7_ ca017_2_7_ 的最大区间"
"translated_combined_w5","restricted_source/w5_charls_CN.dta","ca017_2_max_8_","numeric","ca017_2_8_ 的最大区间","","ca017_2_max_8_ ca017_2_8_ 的最大区间"
"translated_combined_w5","restricted_source/w5_charls_CN.dta","ca017_2_max_9_","numeric","ca017_2_9_的最大档次","","ca017_2_max_9_ ca017_2_9_的最大档次"
"translated_combined_w5","restricted_source/w5_charls_CN.dta","ca017_2_max_10_","numeric","ca017_2_10_的最大档次","","ca017_2_max_10_ ca017_2_10_的最大档次"
"translated_combined_w5","restricted_source/w5_charls_CN.dta","ca017_2_max_11_","numeric","ca017_2_11_的最大档次","","ca017_2_max_11_ ca017_2_11_的最大档次"
"translated_combined_w5","restricted_source/w5_charls_CN.dta","ca017_3_1_","numeric","从XChildPanAliveName[1]收到的总实物支付","","ca017_3_1_ 从XChildPanAliveName[1]收到的总实物支付"
"translated_combined_w5","restricted_source/w5_charls_CN.dta","ca017_3_2_","numeric","从XChildPanAliveName[2]收到的总实物支付","","ca017_3_2_ 从XChildPanAliveName[2]收到的总实物支付"
"translated_combined_w5","restricted_source/w5_charls_CN.dta","ca017_3_3_","numeric","从XChildPanAliveName[3]收到的总实物支付","","ca017_3_3_ 从XChildPanAliveName[3]收到的总实物支付"
"translated_combined_w5","restricted_source/w5_charls_CN.dta","ca017_3_4_","numeric","从XChildPanAliveName[4]收到的总实物支付","","ca017_3_4_ 从XChildPanAliveName[4]收到的总实物支付"
"translated_combined_w5","restricted_source/w5_charls_CN.dta","ca017_3_5_","numeric","从XChildPanAliveName[5]收到的总实物支付","","ca017_3_5_ 从XChildPanAliveName[5]收到的总实物支付"
"translated_combined_w5","restricted_source/w5_charls_CN.dta","ca017_3_6_","numeric","从XChildPanAliveName[6]收到的总实物支付","","ca017_3_6_ 从XChildPanAliveName[6]收到的总实物支付"
"translated_combined_w5","restricted_source/w5_charls_CN.dta","ca017_3_7_","numeric","从XChildPanAliveName[7]收到的总实物支付","","ca017_3_7_ 从XChildPanAliveName[7]收到的总实物支付"
"translated_combined_w5","restricted_source/w5_charls_CN.dta","ca017_3_8_","numeric","从XChildPanAliveName[8]收到的总实物支付","","ca017_3_8_ 从XChildPanAliveName[8]收到的总实物支付"
"translated_combined_w5","restricted_source/w5_charls_CN.dta","ca017_3_9_","numeric","从XChildPanAliveName[9]收到的总实物支付","","ca017_3_9_ 从XChildPanAliveName[9]收到的总实物支付"
"translated_combined_w5","restricted_source/w5_charls_CN.dta","ca017_3_10_","numeric","从XChildPanAliveName[10]收到的总实物支付","","ca017_3_10_ 从XChildPanAliveName[10]收到的总实物支付"
"translated_combined_w5","restricted_source/w5_charls_CN.dta","ca017_3_11_","numeric","从XChildPanAliveName[11]收到的总实物支付","","ca017_3_11_ 从XChildPanAliveName[11]收到的总实物支付"
"translated_combined_w5","restricted_source/w5_charls_CN.dta","ca017_3_12_","numeric","从XChildPanAliveName[12]收到的总实物支付","","ca017_3_12_ 从XChildPanAliveName[12]收到的总实物支付"
"translated_combined_w5","restricted_source/w5_charls_CN.dta","ca017_3_13_","numeric","从XChildPanAliveName[13]收到的总实物支付","","ca017_3_13_ 从XChildPanAliveName[13]收到的总实物支付"
"translated_combined_w5","restricted_source/w5_charls_CN.dta","ca017_3_14_","numeric","从XChildPanAliveName[14]收到的总实物支付","","ca017_3_14_ 从XChildPanAliveName[14]收到的总实物支付"
"translated_combined_w5","restricted_source/w5_charls_CN.dta","ca017_3_15_","numeric","从 XChildPanAliveName[15] 收到的总实物支付","","ca017_3_15_ 从 XChildPanAliveName[15] 收到的总实物支付"
"translated_combined_w5","restricted_source/w5_charls_CN.dta","ca017_3_16_","numeric","从 XChildPanAliveName[16] 收到的总实物支付","","ca017_3_16_ 从 XChildPanAliveName[16] 收到的总实物支付"
"translated_combined_w5","restricted_source/w5_charls_CN.dta","ca017_3_17_","numeric","从 XChildPanAliveName[17] 收到的总实物支付","","ca017_3_17_ 从 XChildPanAliveName[17] 收到的总实物支付"
"translated_combined_w5","restricted_source/w5_charls_CN.dta","ca017_3_min_1_","numeric","ca017_3_1_ 的最小区间","","ca017_3_min_1_ ca017_3_1_ 的最小区间"
"translated_combined_w5","restricted_source/w5_charls_CN.dta","ca017_3_min_2_","numeric","ca017_3_2_ 的最小区间","","ca017_3_min_2_ ca017_3_2_ 的最小区间"
"translated_combined_w5","restricted_source/w5_charls_CN.dta","ca017_3_min_3_","numeric","ca017_3_3_ 的最小区间","","ca017_3_min_3_ ca017_3_3_ 的最小区间"
"translated_combined_w5","restricted_source/w5_charls_CN.dta","ca017_3_min_4_","numeric","ca017_3_4_ 的最小区间","","ca017_3_min_4_ ca017_3_4_ 的最小区间"
"translated_combined_w5","restricted_source/w5_charls_CN.dta","ca017_3_min_5_","numeric","ca017_3_5_ 的最小区间","","ca017_3_min_5_ ca017_3_5_ 的最小区间"
"translated_combined_w5","restricted_source/w5_charls_CN.dta","ca017_3_min_6_","numeric","ca017_3_6_ 的最小区间","","ca017_3_min_6_ ca017_3_6_ 的最小区间"
"translated_combined_w5","restricted_source/w5_charls_CN.dta","ca017_3_min_7_","numeric","ca017_3_7_的最小区间","","ca017_3_min_7_ ca017_3_7_的最小区间"
"translated_combined_w5","restricted_source/w5_charls_CN.dta","ca017_3_min_8_","numeric","ca017_3_8_的最小区间","","ca017_3_min_8_ ca017_3_8_的最小区间"
"translated_combined_w5","restricted_source/w5_charls_CN.dta","ca017_3_min_9_","numeric","ca017_3_9_的最小区间","","ca017_3_min_9_ ca017_3_9_的最小区间"
"translated_combined_w5","restricted_source/w5_charls_CN.dta","ca017_3_min_10_","numeric","ca017_3_10_的最小区间","","ca017_3_min_10_ ca017_3_10_的最小区间"
"translated_combined_w5","restricted_source/w5_charls_CN.dta","ca017_3_min_11_","numeric","ca017_3_11_的最小区间","","ca017_3_min_11_ ca017_3_11_的最小区间"
"translated_combined_w5","restricted_source/w5_charls_CN.dta","ca017_3_min_12_","numeric","ca017_3_12_的最小区间","","ca017_3_min_12_ ca017_3_12_的最小区间"
"translated_combined_w5","restricted_source/w5_charls_CN.dta","ca017_3_min_13_","numeric","ca017_3_13_的最小区间","","ca017_3_min_13_ ca017_3_13_的最小区间"
"translated_combined_w5","restricted_source/w5_charls_CN.dta","ca017_3_min_14_","numeric","ca017_3_14_的最小区间","","ca017_3_min_14_ ca017_3_14_的最小区间"
"translated_combined_w5","restricted_source/w5_charls_CN.dta","ca017_3_min_15_","numeric","ca017_3_15_的最小区间","","ca017_3_min_15_ ca017_3_15_的最小区间"
"translated_combined_w5","restricted_source/w5_charls_CN.dta","ca017_3_min_16_","numeric","ca017_3_16_ 的最小区间","","ca017_3_min_16_ ca017_3_16_ 的最小区间"
"translated_combined_w5","restricted_source/w5_charls_CN.dta","ca017_3_min_17_","numeric","ca017_3_17_ 的最小区间","","ca017_3_min_17_ ca017_3_17_ 的最小区间"
"translated_combined_w5","restricted_source/w5_charls_CN.dta","ca017_3_max_1_","numeric","ca017_3_1_ 的最大区间","","ca017_3_max_1_ ca017_3_1_ 的最大区间"
"translated_combined_w5","restricted_source/w5_charls_CN.dta","ca017_3_max_2_","numeric","ca017_3_2_ 的最大区间","","ca017_3_max_2_ ca017_3_2_ 的最大区间"
"translated_combined_w5","restricted_source/w5_charls_CN.dta","ca017_3_max_3_","numeric","ca017_3_3_ 的最大区间","","ca017_3_max_3_ ca017_3_3_ 的最大区间"
"translated_combined_w5","restricted_source/w5_charls_CN.dta","ca017_3_max_4_","numeric","ca017_3_4_ 的最大区间","","ca017_3_max_4_ ca017_3_4_ 的最大区间"
"translated_combined_w5","restricted_source/w5_charls_CN.dta","ca017_3_max_5_","numeric","ca017_3_5_ 的最大区间","","ca017_3_max_5_ ca017_3_5_ 的最大区间"
"translated_combined_w5","restricted_source/w5_charls_CN.dta","ca017_3_max_6_","numeric","ca017_3_6_ 的最大区间","","ca017_3_max_6_ ca017_3_6_ 的最大区间"
"translated_combined_w5","restricted_source/w5_charls_CN.dta","ca017_3_max_7_","numeric","ca017_3_7_ 的最大区间","","ca017_3_max_7_ ca017_3_7_ 的最大区间"
"translated_combined_w5","restricted_source/w5_charls_CN.dta","ca017_3_max_8_","numeric","ca017_3_8_的最大区间","","ca017_3_max_8_ ca017_3_8_的最大区间"
"translated_combined_w5","restricted_source/w5_charls_CN.dta","ca017_3_max_9_","numeric","ca017_3_9_的最大区间","","ca017_3_max_9_ ca017_3_9_的最大区间"
"translated_combined_w5","restricted_source/w5_charls_CN.dta","ca017_3_max_10_","numeric","ca017_3_10_的最大区间","","ca017_3_max_10_ ca017_3_10_的最大区间"
"translated_combined_w5","restricted_source/w5_charls_CN.dta","ca017_3_max_11_","numeric","ca017_3_11_的最大区间","","ca017_3_max_11_ ca017_3_11_的最大区间"
"translated_combined_w5","restricted_source/w5_charls_CN.dta","ca017_3_max_12_","numeric","ca017_3_12_的最大区间","","ca017_3_max_12_ ca017_3_12_的最大区间"
"translated_combined_w5","restricted_source/w5_charls_CN.dta","ca017_3_max_13_","numeric","ca017_3_13_的最大区间","","ca017_3_max_13_ ca017_3_13_的最大区间"
"translated_combined_w5","restricted_source/w5_charls_CN.dta","ca017_3_max_14_","numeric","ca017_3_14_的最大区间","","ca017_3_max_14_ ca017_3_14_的最大区间"
"translated_combined_w5","restricted_source/w5_charls_CN.dta","ca017_3_max_15_","numeric","ca017_3_15_的最大区间","","ca017_3_max_15_ ca017_3_15_的最大区间"
"translated_combined_w5","restricted_source/w5_charls_CN.dta","ca017_3_max_16_","numeric","ca017_3_16_的最大区间","","ca017_3_max_16_ ca017_3_16_的最大区间"
"translated_combined_w5","restricted_source/w5_charls_CN.dta","ca017_3_max_17_","numeric","ca017_3_17_的最大档次","","ca017_3_max_17_ ca017_3_17_的最大档次"
"translated_combined_w5","restricted_source/w5_charls_CN.dta","ca017_4_1_","numeric","来自XChildPanAliveName[1]的定期实物支付","","ca017_4_1_ 来自XChildPanAliveName[1]的定期实物支付"
"translated_combined_w5","restricted_source/w5_charls_CN.dta","ca017_4_2_","numeric","来自XChildPanAliveName[2]的定期实物支付","","ca017_4_2_ 来自XChildPanAliveName[2]的定期实物支付"
"translated_combined_w5","restricted_source/w5_charls_CN.dta","ca017_4_3_","numeric","来自XChildPanAliveName[3]的定期实物支付","","ca017_4_3_ 来自XChildPanAliveName[3]的定期实物支付"
"translated_combined_w5","restricted_source/w5_charls_CN.dta","ca017_4_4_","numeric","来自XChildPanAliveName[4]的定期实物支付","","ca017_4_4_ 来自XChildPanAliveName[4]的定期实物支付"
"translated_combined_w5","restricted_source/w5_charls_CN.dta","ca017_4_5_","numeric","来自XChildPanAliveName[5]的定期实物支付","","ca017_4_5_ 来自XChildPanAliveName[5]的定期实物支付"
"translated_combined_w5","restricted_source/w5_charls_CN.dta","ca017_4_6_","numeric","来自XChildPanAliveName[6]的定期实物支付","","ca017_4_6_ 来自XChildPanAliveName[6]的定期实物支付"
"translated_combined_w5","restricted_source/w5_charls_CN.dta","ca017_4_7_","numeric","来自XChildPanAliveName[7]的定期实物支付","","ca017_4_7_ 来自XChildPanAliveName[7]的定期实物支付"
"translated_combined_w5","restricted_source/w5_charls_CN.dta","ca017_4_8_","numeric","来自XChildPanAliveName[8]的定期实物支付","","ca017_4_8_ 来自XChildPanAliveName[8]的定期实物支付"
"translated_combined_w5","restricted_source/w5_charls_CN.dta","ca017_4_9_","numeric","来自XChildPanAliveName[9]的定期实物支付","","ca017_4_9_ 来自XChildPanAliveName[9]的定期实物支付"
"translated_combined_w5","restricted_source/w5_charls_CN.dta","ca017_4_10_","numeric","来自XChildPanAliveName[10]的定期实物支付","","ca017_4_10_ 来自XChildPanAliveName[10]的定期实物支付"
"translated_combined_w5","restricted_source/w5_charls_CN.dta","ca017_4_11_","numeric","来自XChildPanAliveName[11]的定期实物支付","","ca017_4_11_ 来自XChildPanAliveName[11]的定期实物支付"
"translated_combined_w5","restricted_source/w5_charls_CN.dta","ca017_4_12_","numeric","来自XChildPanAliveName[12]的定期实物支付","","ca017_4_12_ 来自XChildPanAliveName[12]的定期实物支付"
"translated_combined_w5","restricted_source/w5_charls_CN.dta","ca017_4_13_","numeric","来自XChildPanAliveName[13]的定期实物支付","","ca017_4_13_ 来自XChildPanAliveName[13]的定期实物支付"
"translated_combined_w5","restricted_source/w5_charls_CN.dta","ca017_4_14_","numeric","来自XChildPanAliveName[14]的定期实物支付","","ca017_4_14_ 来自XChildPanAliveName[14]的定期实物支付"
"translated_combined_w5","restricted_source/w5_charls_CN.dta","ca017_4_15_","numeric","来自XChildPanAliveName[15]的定期实物支付","","ca017_4_15_ 来自XChildPanAliveName[15]的定期实物支付"
"translated_combined_w5","restricted_source/w5_charls_CN.dta","ca017_4_16_","numeric","来自XChildPanAliveName[16]的常规实物支付","","ca017_4_16_ 来自XChildPanAliveName[16]的常规实物支付"
"translated_combined_w5","restricted_source/w5_charls_CN.dta","ca017_4_17_","numeric","来自XChildPanAliveName[17]的常规实物支付","","ca017_4_17_ 来自XChildPanAliveName[17]的常规实物支付"
"translated_combined_w5","restricted_source/w5_charls_CN.dta","ca017_4_min_1_","numeric","ca017_4_1_的最小区间","","ca017_4_min_1_ ca017_4_1_的最小区间"
"translated_combined_w5","restricted_source/w5_charls_CN.dta","ca017_4_min_2_","numeric","ca017_4_2_的最小区间","","ca017_4_min_2_ ca017_4_2_的最小区间"
"translated_combined_w5","restricted_source/w5_charls_CN.dta","ca017_4_min_3_","numeric","ca017_4_3_的最小区间","","ca017_4_min_3_ ca017_4_3_的最小区间"
"translated_combined_w5","restricted_source/w5_charls_CN.dta","ca017_4_min_4_","numeric","ca017_4_4_的最小区间","","ca017_4_min_4_ ca017_4_4_的最小区间"
"translated_combined_w5","restricted_source/w5_charls_CN.dta","ca017_4_min_5_","numeric","ca017_4_5_的最小区间","","ca017_4_min_5_ ca017_4_5_的最小区间"
"translated_combined_w5","restricted_source/w5_charls_CN.dta","ca017_4_min_6_","numeric","ca017_4_6_的最小区间","","ca017_4_min_6_ ca017_4_6_的最小区间"
"translated_combined_w5","restricted_source/w5_charls_CN.dta","ca017_4_min_7_","numeric","ca017_4_7_的最小区间","","ca017_4_min_7_ ca017_4_7_的最小区间"
"translated_combined_w5","restricted_source/w5_charls_CN.dta","ca017_4_min_8_","numeric","ca017_4_8_的最小区间","","ca017_4_min_8_ ca017_4_8_的最小区间"
"translated_combined_w5","restricted_source/w5_charls_CN.dta","ca017_4_min_9_","numeric","ca017_4_9_的最小区间","","ca017_4_min_9_ ca017_4_9_的最小区间"
"translated_combined_w5","restricted_source/w5_charls_CN.dta","ca017_4_max_1_","numeric","ca017_4_1_的最大区间","","ca017_4_max_1_ ca017_4_1_的最大区间"
"translated_combined_w5","restricted_source/w5_charls_CN.dta","ca017_4_max_2_","numeric","ca017_4_2_的最大区间","","ca017_4_max_2_ ca017_4_2_的最大区间"
"translated_combined_w5","restricted_source/w5_charls_CN.dta","ca017_4_max_3_","numeric","ca017_4_3_的最大区间","","ca017_4_max_3_ ca017_4_3_的最大区间"
"translated_combined_w5","restricted_source/w5_charls_CN.dta","ca017_4_max_4_","numeric","ca017_4_4_的最大区间","","ca017_4_max_4_ ca017_4_4_的最大区间"
"translated_combined_w5","restricted_source/w5_charls_CN.dta","ca017_4_max_5_","numeric","ca017_4_5_的最大区间","","ca017_4_max_5_ ca017_4_5_的最大区间"
"translated_combined_w5","restricted_source/w5_charls_CN.dta","ca017_4_max_6_","numeric","ca017_4_6_的最大区间","","ca017_4_max_6_ ca017_4_6_的最大区间"
"translated_combined_w5","restricted_source/w5_charls_CN.dta","ca017_4_max_7_","numeric","ca017_4_7_的最大区间","","ca017_4_max_7_ ca017_4_7_的最大区间"
"translated_combined_w5","restricted_source/w5_charls_CN.dta","ca017_4_max_8_","numeric","ca017_4_8_ 的最大档次","","ca017_4_max_8_ ca017_4_8_ 的最大档次"
"translated_combined_w5","restricted_source/w5_charls_CN.dta","ca017_4_max_9_","numeric","ca017_4_9_ 的最大档次","","ca017_4_max_9_ ca017_4_9_ 的最大档次"
"translated_combined_w5","restricted_source/w5_charls_CN.dta","ca018_1_1_","numeric","提供给 XChildPanAliveName[1] 的总金额","","ca018_1_1_ 提供给 XChildPanAliveName[1] 的总金额"
"translated_combined_w5","restricted_source/w5_charls_CN.dta","ca018_1_2_","numeric","提供给 XChildPanAliveName[2] 的总金额","","ca018_1_2_ 提供给 XChildPanAliveName[2] 的总金额"
"translated_combined_w5","restricted_source/w5_charls_CN.dta","ca018_1_3_","numeric","提供给 XChildPanAliveName[3] 的总金额","","ca018_1_3_ 提供给 XChildPanAliveName[3] 的总金额"
"translated_combined_w5","restricted_source/w5_charls_CN.dta","ca018_1_4_","numeric","提供给 XChildPanAliveName[4] 的总金额","","ca018_1_4_ 提供给 XChildPanAliveName[4] 的总金额"
"translated_combined_w5","restricted_source/w5_charls_CN.dta","ca018_1_5_","numeric","提供给 XChildPanAliveName[5] 的总金额","","ca018_1_5_ 提供给 XChildPanAliveName[5] 的总金额"
"translated_combined_w5","restricted_source/w5_charls_CN.dta","ca018_1_6_","numeric","提供给 XChildPanAliveName[6] 的总金额","","ca018_1_6_ 提供给 XChildPanAliveName[6] 的总金额"
"translated_combined_w5","restricted_source/w5_charls_CN.dta","ca018_1_7_","numeric","提供给 XChildPanAliveName[7] 的总金额","","ca018_1_7_ 提供给 XChildPanAliveName[7] 的总金额"
"translated_combined_w5","restricted_source/w5_charls_CN.dta","ca018_1_8_","numeric","提供给XChildPanAliveName[8]的总金额","","ca018_1_8_ 提供给XChildPanAliveName[8]的总金额"
"translated_combined_w5","restricted_source/w5_charls_CN.dta","ca018_1_9_","numeric","提供给XChildPanAliveName[9]的总金额","","ca018_1_9_ 提供给XChildPanAliveName[9]的总金额"
"translated_combined_w5","restricted_source/w5_charls_CN.dta","ca018_1_10_","numeric","提供给XChildPanAliveName[10]的总金额","","ca018_1_10_ 提供给XChildPanAliveName[10]的总金额"
"translated_combined_w5","restricted_source/w5_charls_CN.dta","ca018_1_11_","numeric","提供给XChildPanAliveName[11]的总金额","","ca018_1_11_ 提供给XChildPanAliveName[11]的总金额"
"translated_combined_w5","restricted_source/w5_charls_CN.dta","ca018_1_12_","numeric","提供给XChildPanAliveName[12]的总金额","","ca018_1_12_ 提供给XChildPanAliveName[12]的总金额"
"translated_combined_w5","restricted_source/w5_charls_CN.dta","ca018_1_13_","numeric","提供给XChildPanAliveName[13]的总金额","","ca018_1_13_ 提供给XChildPanAliveName[13]的总金额"
"translated_combined_w5","restricted_source/w5_charls_CN.dta","ca018_1_14_","numeric","提供给XChildPanAliveName[14]的总金额","","ca018_1_14_ 提供给XChildPanAliveName[14]的总金额"
"translated_combined_w5","restricted_source/w5_charls_CN.dta","ca018_1_15_","numeric","提供给XChildPanAliveName[15]的总金额","","ca018_1_15_ 提供给XChildPanAliveName[15]的总金额"
"translated_combined_w5","restricted_source/w5_charls_CN.dta","ca018_1_16_","numeric","提供给XChildPanAliveName[16]的总金额","","ca018_1_16_ 提供给XChildPanAliveName[16]的总金额"
"translated_combined_w5","restricted_source/w5_charls_CN.dta","ca018_1_17_","numeric","提供给XChildPanAliveName[17]的总金额","","ca018_1_17_ 提供给XChildPanAliveName[17]的总金额"
"translated_combined_w5","restricted_source/w5_charls_CN.dta","ca018_1_min_1_","numeric","ca018_1_1_的最小区间","","ca018_1_min_1_ ca018_1_1_的最小区间"
"translated_combined_w5","restricted_source/w5_charls_CN.dta","ca018_1_min_2_","numeric","ca018_1_2_的最小区间","","ca018_1_min_2_ ca018_1_2_的最小区间"
"translated_combined_w5","restricted_source/w5_charls_CN.dta","ca018_1_min_3_","numeric","ca018_1_3_的最小区间","","ca018_1_min_3_ ca018_1_3_的最小区间"
"translated_combined_w5","restricted_source/w5_charls_CN.dta","ca018_1_min_4_","numeric","ca018_1_4_的最小区间","","ca018_1_min_4_ ca018_1_4_的最小区间"
"translated_combined_w5","restricted_source/w5_charls_CN.dta","ca018_1_min_5_","numeric","ca018_1_5_的最小区间","","ca018_1_min_5_ ca018_1_5_的最小区间"
"translated_combined_w5","restricted_source/w5_charls_CN.dta","ca018_1_min_6_","numeric","ca018_1_6_的最小区间","","ca018_1_min_6_ ca018_1_6_的最小区间"
"translated_combined_w5","restricted_source/w5_charls_CN.dta","ca018_1_min_7_","numeric","ca018_1_7_的最小区间","","ca018_1_min_7_ ca018_1_7_的最小区间"
"translated_combined_w5","restricted_source/w5_charls_CN.dta","ca018_1_min_8_","numeric","ca018_1_8_的最小区间","","ca018_1_min_8_ ca018_1_8_的最小区间"
"translated_combined_w5","restricted_source/w5_charls_CN.dta","ca018_1_min_9_","numeric","ca018_1_9_的最小区间","","ca018_1_min_9_ ca018_1_9_的最小区间"
"translated_combined_w5","restricted_source/w5_charls_CN.dta","ca018_1_min_10_","numeric","ca018_1_10_的最小区间","","ca018_1_min_10_ ca018_1_10_的最小区间"
"translated_combined_w5","restricted_source/w5_charls_CN.dta","ca018_1_min_11_","numeric","ca018_1_11_的最小区间","","ca018_1_min_11_ ca018_1_11_的最小区间"
"translated_combined_w5","restricted_source/w5_charls_CN.dta","ca018_1_max_1_","numeric","ca018_1_1_的最大区间","","ca018_1_max_1_ ca018_1_1_的最大区间"
"translated_combined_w5","restricted_source/w5_charls_CN.dta","ca018_1_max_2_","numeric","ca018_1_2_的最大区间","","ca018_1_max_2_ ca018_1_2_的最大区间"
"translated_combined_w5","restricted_source/w5_charls_CN.dta","ca018_1_max_3_","numeric","ca018_1_3_的最大区间","","ca018_1_max_3_ ca018_1_3_的最大区间"
"translated_combined_w5","restricted_source/w5_charls_CN.dta","ca018_1_max_4_","numeric","ca018_1_4_的最大区间","","ca018_1_max_4_ ca018_1_4_的最大区间"
"translated_combined_w5","restricted_source/w5_charls_CN.dta","ca018_1_max_5_","numeric","ca018_1_5_的最大区间","","ca018_1_max_5_ ca018_1_5_的最大区间"
"translated_combined_w5","restricted_source/w5_charls_CN.dta","ca018_1_max_6_","numeric","ca018_1_6_的最大区间","","ca018_1_max_6_ ca018_1_6_的最大区间"
"translated_combined_w5","restricted_source/w5_charls_CN.dta","ca018_1_max_7_","numeric","ca018_1_7_的最大档次","","ca018_1_max_7_ ca018_1_7_的最大档次"
"translated_combined_w5","restricted_source/w5_charls_CN.dta","ca018_1_max_8_","numeric","ca018_1_8_的最大档次","","ca018_1_max_8_ ca018_1_8_的最大档次"
"translated_combined_w5","restricted_source/w5_charls_CN.dta","ca018_1_max_9_","numeric","ca018_1_9_的最大档次","","ca018_1_max_9_ ca018_1_9_的最大档次"
"translated_combined_w5","restricted_source/w5_charls_CN.dta","ca018_1_max_10_","numeric","ca018_1_10_的最大档次","","ca018_1_max_10_ ca018_1_10_的最大档次"
"translated_combined_w5","restricted_source/w5_charls_CN.dta","ca018_1_max_11_","numeric","ca018_1_11_的最大档次","","ca018_1_max_11_ ca018_1_11_的最大档次"
"translated_combined_w5","restricted_source/w5_charls_CN.dta","ca018_2_1_","numeric","提供给XChildPanAliveName[1]的定期支付","","ca018_2_1_ 提供给XChildPanAliveName[1]的定期支付"
"translated_combined_w5","restricted_source/w5_charls_CN.dta","ca018_2_2_","numeric","提供给XChildPanAliveName[2]的定期支付","","ca018_2_2_ 提供给XChildPanAliveName[2]的定期支付"
"translated_combined_w5","restricted_source/w5_charls_CN.dta","ca018_2_3_","numeric","提供给XChildPanAliveName[3]的定期支付","","ca018_2_3_ 提供给XChildPanAliveName[3]的定期支付"
"translated_combined_w5","restricted_source/w5_charls_CN.dta","ca018_2_4_","numeric","提供给XChildPanAliveName[4]的定期支付","","ca018_2_4_ 提供给XChildPanAliveName[4]的定期支付"
"translated_combined_w5","restricted_source/w5_charls_CN.dta","ca018_2_5_","numeric","定期支付给 XChildPanAliveName[5]","","ca018_2_5_ 定期支付给 XChildPanAliveName[5]"
"translated_combined_w5","restricted_source/w5_charls_CN.dta","ca018_2_6_","numeric","定期支付给 XChildPanAliveName[6]","","ca018_2_6_ 定期支付给 XChildPanAliveName[6]"
"translated_combined_w5","restricted_source/w5_charls_CN.dta","ca018_2_7_","numeric","定期支付给 XChildPanAliveName[7]","","ca018_2_7_ 定期支付给 XChildPanAliveName[7]"
"translated_combined_w5","restricted_source/w5_charls_CN.dta","ca018_2_8_","numeric","定期支付给 XChildPanAliveName[8]","","ca018_2_8_ 定期支付给 XChildPanAliveName[8]"
"translated_combined_w5","restricted_source/w5_charls_CN.dta","ca018_2_9_","numeric","定期支付给 XChildPanAliveName[9]","","ca018_2_9_ 定期支付给 XChildPanAliveName[9]"
"translated_combined_w5","restricted_source/w5_charls_CN.dta","ca018_2_10_","numeric","定期支付给 XChildPanAliveName[10]","","ca018_2_10_ 定期支付给 XChildPanAliveName[10]"
"translated_combined_w5","restricted_source/w5_charls_CN.dta","ca018_2_11_","numeric","定期支付给 XChildPanAliveName[11]","","ca018_2_11_ 定期支付给 XChildPanAliveName[11]"
"translated_combined_w5","restricted_source/w5_charls_CN.dta","ca018_2_12_","numeric","定期支付给 XChildPanAliveName[12]","","ca018_2_12_ 定期支付给 XChildPanAliveName[12]"
"translated_combined_w5","restricted_source/w5_charls_CN.dta","ca018_2_13_","numeric","定期支付给 XChildPanAliveName[13]","","ca018_2_13_ 定期支付给 XChildPanAliveName[13]"
"translated_combined_w5","restricted_source/w5_charls_CN.dta","ca018_2_14_","numeric","向XChildPanAliveName[14]提供的定期付款","","ca018_2_14_ 向XChildPanAliveName[14]提供的定期付款"
"translated_combined_w5","restricted_source/w5_charls_CN.dta","ca018_2_15_","numeric","向XChildPanAliveName[15]提供的定期付款","","ca018_2_15_ 向XChildPanAliveName[15]提供的定期付款"
"translated_combined_w5","restricted_source/w5_charls_CN.dta","ca018_2_16_","numeric","向XChildPanAliveName[16]提供的定期付款","","ca018_2_16_ 向XChildPanAliveName[16]提供的定期付款"
"translated_combined_w5","restricted_source/w5_charls_CN.dta","ca018_2_17_","numeric","向XChildPanAliveName[17]提供的定期付款","","ca018_2_17_ 向XChildPanAliveName[17]提供的定期付款"
"translated_combined_w5","restricted_source/w5_charls_CN.dta","ca018_2_min_1_","numeric","ca018_2_1_的最小区间","","ca018_2_min_1_ ca018_2_1_的最小区间"
"translated_combined_w5","restricted_source/w5_charls_CN.dta","ca018_2_min_2_","numeric","ca018_2_2_的最小区间","","ca018_2_min_2_ ca018_2_2_的最小区间"
"translated_combined_w5","restricted_source/w5_charls_CN.dta","ca018_2_min_3_","numeric","ca018_2_3_的最小区间","","ca018_2_min_3_ ca018_2_3_的最小区间"
"translated_combined_w5","restricted_source/w5_charls_CN.dta","ca018_2_min_4_","numeric","ca018_2_4_的最小区间","","ca018_2_min_4_ ca018_2_4_的最小区间"
"translated_combined_w5","restricted_source/w5_charls_CN.dta","ca018_2_min_5_","numeric","ca018_2_5_的最小区间","","ca018_2_min_5_ ca018_2_5_的最小区间"
"translated_combined_w5","restricted_source/w5_charls_CN.dta","ca018_2_min_6_","numeric","ca018_2_6_的最小区间","","ca018_2_min_6_ ca018_2_6_的最小区间"
"translated_combined_w5","restricted_source/w5_charls_CN.dta","ca018_2_min_7_","numeric","ca018_2_7_的最小区间","","ca018_2_min_7_ ca018_2_7_的最小区间"
"translated_combined_w5","restricted_source/w5_charls_CN.dta","ca018_2_min_8_","numeric","ca018_2_8_的最小区间","","ca018_2_min_8_ ca018_2_8_的最小区间"
"translated_combined_w5","restricted_source/w5_charls_CN.dta","ca018_2_max_1_","numeric","ca018_2_1_的最大区间","","ca018_2_max_1_ ca018_2_1_的最大区间"
"translated_combined_w5","restricted_source/w5_charls_CN.dta","ca018_2_max_2_","numeric","ca018_2_2_的最大区间","","ca018_2_max_2_ ca018_2_2_的最大区间"
"translated_combined_w5","restricted_source/w5_charls_CN.dta","ca018_2_max_3_","numeric","ca018_2_3_的最大区间","","ca018_2_max_3_ ca018_2_3_的最大区间"
"translated_combined_w5","restricted_source/w5_charls_CN.dta","ca018_2_max_4_","numeric","ca018_2_4_的最大区间","","ca018_2_max_4_ ca018_2_4_的最大区间"
"translated_combined_w5","restricted_source/w5_charls_CN.dta","ca018_2_max_5_","numeric","ca018_2_5_的最大区间","","ca018_2_max_5_ ca018_2_5_的最大区间"
"translated_combined_w5","restricted_source/w5_charls_CN.dta","ca018_2_max_6_","numeric","ca018_2_6_的最大区间","","ca018_2_max_6_ ca018_2_6_的最大区间"
"translated_combined_w5","restricted_source/w5_charls_CN.dta","ca018_2_max_7_","numeric","ca018_2_7_的最大档次","","ca018_2_max_7_ ca018_2_7_的最大档次"
"translated_combined_w5","restricted_source/w5_charls_CN.dta","ca018_2_max_8_","numeric","ca018_2_8_的最大档次","","ca018_2_max_8_ ca018_2_8_的最大档次"
"translated_combined_w5","restricted_source/w5_charls_CN.dta","ca018_3_1_","numeric","提供给XChildPanAliveName[1]的总实物支付","","ca018_3_1_ 提供给XChildPanAliveName[1]的总实物支付"
"translated_combined_w5","restricted_source/w5_charls_CN.dta","ca018_3_2_","numeric","提供给XChildPanAliveName[2]的总实物支付","","ca018_3_2_ 提供给XChildPanAliveName[2]的总实物支付"
"translated_combined_w5","restricted_source/w5_charls_CN.dta","ca018_3_3_","numeric","提供给XChildPanAliveName[3]的总实物支付","","ca018_3_3_ 提供给XChildPanAliveName[3]的总实物支付"
"translated_combined_w5","restricted_source/w5_charls_CN.dta","ca018_3_4_","numeric","提供给XChildPanAliveName[4]的总实物支付","","ca018_3_4_ 提供给XChildPanAliveName[4]的总实物支付"
"translated_combined_w5","restricted_source/w5_charls_CN.dta","ca018_3_5_","numeric","提供给XChildPanAliveName[5]的总实物支付","","ca018_3_5_ 提供给XChildPanAliveName[5]的总实物支付"
"translated_combined_w5","restricted_source/w5_charls_CN.dta","ca018_3_6_","numeric","提供给XChildPanAliveName[6]的总实物支付","","ca018_3_6_ 提供给XChildPanAliveName[6]的总实物支付"
"translated_combined_w5","restricted_source/w5_charls_CN.dta","ca018_3_7_","numeric","提供给XChildPanAliveName[7]的总实物支付","","ca018_3_7_ 提供给XChildPanAliveName[7]的总实物支付"
"translated_combined_w5","restricted_source/w5_charls_CN.dta","ca018_3_8_","numeric","提供给XChildPanAliveName[8]的总实物支付","","ca018_3_8_ 提供给XChildPanAliveName[8]的总实物支付"
"translated_combined_w5","restricted_source/w5_charls_CN.dta","ca018_3_9_","numeric","提供给XChildPanAliveName[9]的总实物支付","","ca018_3_9_ 提供给XChildPanAliveName[9]的总实物支付"
"translated_combined_w5","restricted_source/w5_charls_CN.dta","ca018_3_10_","numeric","提供给XChildPanAliveName[10]的总实物支付","","ca018_3_10_ 提供给XChildPanAliveName[10]的总实物支付"
"translated_combined_w5","restricted_source/w5_charls_CN.dta","ca018_3_11_","numeric","提供给XChildPanAliveName[11]的总实物支付","","ca018_3_11_ 提供给XChildPanAliveName[11]的总实物支付"
"translated_combined_w5","restricted_source/w5_charls_CN.dta","ca018_3_12_","numeric","提供给XChildPanAliveName[12]的总实物支付","","ca018_3_12_ 提供给XChildPanAliveName[12]的总实物支付"
"translated_combined_w5","restricted_source/w5_charls_CN.dta","ca018_3_13_","numeric","提供给XChildPanAliveName[13]的总实物支付","","ca018_3_13_ 提供给XChildPanAliveName[13]的总实物支付"
"translated_combined_w5","restricted_source/w5_charls_CN.dta","ca018_3_14_","numeric","提供给XChildPanAliveName[14]的总实物支付","","ca018_3_14_ 提供给XChildPanAliveName[14]的总实物支付"
"translated_combined_w5","restricted_source/w5_charls_CN.dta","ca018_3_15_","numeric","提供给XChildPanAliveName[15]的总实物支付","","ca018_3_15_ 提供给XChildPanAliveName[15]的总实物支付"
"translated_combined_w5","restricted_source/w5_charls_CN.dta","ca018_3_16_","numeric","提供给XChildPanAliveName[16]的总实物支付","","ca018_3_16_ 提供给XChildPanAliveName[16]的总实物支付"
"translated_combined_w5","restricted_source/w5_charls_CN.dta","ca018_3_17_","numeric","提供给XChildPanAliveName[17]的总实物支付","","ca018_3_17_ 提供给XChildPanAliveName[17]的总实物支付"
"translated_combined_w5","restricted_source/w5_charls_CN.dta","ca018_3_min_1_","numeric","ca018_3_1_的最小区间","","ca018_3_min_1_ ca018_3_1_的最小区间"
"translated_combined_w5","restricted_source/w5_charls_CN.dta","ca018_3_min_2_","numeric","ca018_3_2_的最小区间","","ca018_3_min_2_ ca018_3_2_的最小区间"
"translated_combined_w5","restricted_source/w5_charls_CN.dta","ca018_3_min_3_","numeric","ca018_3_3_的最小区间","","ca018_3_min_3_ ca018_3_3_的最小区间"
"translated_combined_w5","restricted_source/w5_charls_CN.dta","ca018_3_min_4_","numeric","ca018_3_4_的最小区间","","ca018_3_min_4_ ca018_3_4_的最小区间"
"translated_combined_w5","restricted_source/w5_charls_CN.dta","ca018_3_min_5_","numeric","ca018_3_5_的最小区间","","ca018_3_min_5_ ca018_3_5_的最小区间"
"translated_combined_w5","restricted_source/w5_charls_CN.dta","ca018_3_min_6_","numeric","ca018_3_6_的最小区间","","ca018_3_min_6_ ca018_3_6_的最小区间"
"translated_combined_w5","restricted_source/w5_charls_CN.dta","ca018_3_min_7_","numeric","ca018_3_7_的最小区间","","ca018_3_min_7_ ca018_3_7_的最小区间"
"translated_combined_w5","restricted_source/w5_charls_CN.dta","ca018_3_min_8_","numeric","ca018_3_8_的最小区间","","ca018_3_min_8_ ca018_3_8_的最小区间"
"translated_combined_w5","restricted_source/w5_charls_CN.dta","ca018_3_min_9_","numeric","ca018_3_9_的最小区间","","ca018_3_min_9_ ca018_3_9_的最小区间"
"translated_combined_w5","restricted_source/w5_charls_CN.dta","ca018_3_max_1_","numeric","ca018_3_1_的最大区间","","ca018_3_max_1_ ca018_3_1_的最大区间"
"translated_combined_w5","restricted_source/w5_charls_CN.dta","ca018_3_max_2_","numeric","ca018_3_2_的最大区间","","ca018_3_max_2_ ca018_3_2_的最大区间"
"translated_combined_w5","restricted_source/w5_charls_CN.dta","ca018_3_max_3_","numeric","ca018_3_3_的最大区间","","ca018_3_max_3_ ca018_3_3_的最大区间"
"translated_combined_w5","restricted_source/w5_charls_CN.dta","ca018_3_max_4_","numeric","ca018_3_4_的最大区间","","ca018_3_max_4_ ca018_3_4_的最大区间"
"translated_combined_w5","restricted_source/w5_charls_CN.dta","ca018_3_max_5_","numeric","ca018_3_5_的最大区间","","ca018_3_max_5_ ca018_3_5_的最大区间"
"translated_combined_w5","restricted_source/w5_charls_CN.dta","ca018_3_max_6_","numeric","ca018_3_6_的最大区间","","ca018_3_max_6_ ca018_3_6_的最大区间"
"translated_combined_w5","restricted_source/w5_charls_CN.dta","ca018_3_max_7_","numeric","ca018_3_7_的最大区间","","ca018_3_max_7_ ca018_3_7_的最大区间"
"translated_combined_w5","restricted_source/w5_charls_CN.dta","ca018_3_max_8_","numeric","ca018_3_8_的最大区间","","ca018_3_max_8_ ca018_3_8_的最大区间"
"translated_combined_w5","restricted_source/w5_charls_CN.dta","ca018_3_max_9_","numeric","ca018_3_9_的最大区间","","ca018_3_max_9_ ca018_3_9_的最大区间"
"translated_combined_w5","restricted_source/w5_charls_CN.dta","ca018_4_1_","numeric","提供给XChildPanAliveName[1]的定期实物支付","","ca018_4_1_ 提供给XChildPanAliveName[1]的定期实物支付"
"translated_combined_w5","restricted_source/w5_charls_CN.dta","ca018_4_2_","numeric","提供给XChildPanAliveName[2]的定期实物支付","","ca018_4_2_ 提供给XChildPanAliveName[2]的定期实物支付"
"translated_combined_w5","restricted_source/w5_charls_CN.dta","ca018_4_3_","numeric","提供给XChildPanAliveName[3]的定期实物支付","","ca018_4_3_ 提供给XChildPanAliveName[3]的定期实物支付"
"translated_combined_w5","restricted_source/w5_charls_CN.dta","ca018_4_4_","numeric","提供给XChildPanAliveName[4]的定期实物支付","","ca018_4_4_ 提供给XChildPanAliveName[4]的定期实物支付"
"translated_combined_w5","restricted_source/w5_charls_CN.dta","ca018_4_5_","numeric","提供给XChildPanAliveName[5]的定期实物支付","","ca018_4_5_ 提供给XChildPanAliveName[5]的定期实物支付"
"translated_combined_w5","restricted_source/w5_charls_CN.dta","ca018_4_6_","numeric","提供给XChildPanAliveName[6]的定期实物支付","","ca018_4_6_ 提供给XChildPanAliveName[6]的定期实物支付"
"translated_combined_w5","restricted_source/w5_charls_CN.dta","ca018_4_7_","numeric","定期实物支付提供给XChildPanAliveName[7]","","ca018_4_7_ 定期实物支付提供给XChildPanAliveName[7]"
"translated_combined_w5","restricted_source/w5_charls_CN.dta","ca018_4_8_","numeric","定期实物支付提供给XChildPanAliveName[8]","","ca018_4_8_ 定期实物支付提供给XChildPanAliveName[8]"
"translated_combined_w5","restricted_source/w5_charls_CN.dta","ca018_4_9_","numeric","定期实物支付提供给XChildPanAliveName[9]","","ca018_4_9_ 定期实物支付提供给XChildPanAliveName[9]"
"translated_combined_w5","restricted_source/w5_charls_CN.dta","ca018_4_10_","numeric","定期实物支付提供给XChildPanAliveName[10]","","ca018_4_10_ 定期实物支付提供给XChildPanAliveName[10]"
"translated_combined_w5","restricted_source/w5_charls_CN.dta","ca018_4_11_","numeric","定期实物支付提供给XChildPanAliveName[11]","","ca018_4_11_ 定期实物支付提供给XChildPanAliveName[11]"
"translated_combined_w5","restricted_source/w5_charls_CN.dta","ca018_4_12_","numeric","定期实物支付提供给XChildPanAliveName[12]","","ca018_4_12_ 定期实物支付提供给XChildPanAliveName[12]"
"translated_combined_w5","restricted_source/w5_charls_CN.dta","ca018_4_13_","numeric","定期实物支付提供给XChildPanAliveName[13]","","ca018_4_13_ 定期实物支付提供给XChildPanAliveName[13]"
"translated_combined_w5","restricted_source/w5_charls_CN.dta","ca018_4_14_","numeric","定期实物支付提供给XChildPanAliveName[14]","","ca018_4_14_ 定期实物支付提供给XChildPanAliveName[14]"
"translated_combined_w5","restricted_source/w5_charls_CN.dta","ca018_4_15_","numeric","定期实物支付提供给XChildPanAliveName[15]","","ca018_4_15_ 定期实物支付提供给XChildPanAliveName[15]"
"translated_combined_w5","restricted_source/w5_charls_CN.dta","ca018_4_16_","numeric","定期实物支付提供给XChildPanAliveName[16]","","ca018_4_16_ 定期实物支付提供给XChildPanAliveName[16]"
"translated_combined_w5","restricted_source/w5_charls_CN.dta","ca018_4_17_","numeric","定期实物支付提供给XChildPanAliveName[17]","","ca018_4_17_ 定期实物支付提供给XChildPanAliveName[17]"
"translated_combined_w5","restricted_source/w5_charls_CN.dta","ca018_4_min_1_","numeric","ca018_4_1_的最小区间","","ca018_4_min_1_ ca018_4_1_的最小区间"
"translated_combined_w5","restricted_source/w5_charls_CN.dta","ca018_4_min_2_","numeric","ca018_4_2_的最小区间","","ca018_4_min_2_ ca018_4_2_的最小区间"
"translated_combined_w5","restricted_source/w5_charls_CN.dta","ca018_4_min_3_","numeric","ca018_4_3_的最小区间","","ca018_4_min_3_ ca018_4_3_的最小区间"
"translated_combined_w5","restricted_source/w5_charls_CN.dta","ca018_4_min_4_","numeric","ca018_4_4_的最小区间","","ca018_4_min_4_ ca018_4_4_的最小区间"
"translated_combined_w5","restricted_source/w5_charls_CN.dta","ca018_4_min_5_","numeric","ca018_4_5_的最小区间","","ca018_4_min_5_ ca018_4_5_的最小区间"
"translated_combined_w5","restricted_source/w5_charls_CN.dta","ca018_4_min_6_","numeric","ca018_4_6_的最小区间","","ca018_4_min_6_ ca018_4_6_的最小区间"
"translated_combined_w5","restricted_source/w5_charls_CN.dta","ca018_4_min_7_","numeric","ca018_4_7_ 的最小区间","","ca018_4_min_7_ ca018_4_7_ 的最小区间"
"translated_combined_w5","restricted_source/w5_charls_CN.dta","ca018_4_max_1_","numeric","ca018_4_1_ 的最大区间","","ca018_4_max_1_ ca018_4_1_ 的最大区间"
"translated_combined_w5","restricted_source/w5_charls_CN.dta","ca018_4_max_2_","numeric","ca018_4_2_ 的最大区间","","ca018_4_max_2_ ca018_4_2_ 的最大区间"
"translated_combined_w5","restricted_source/w5_charls_CN.dta","ca018_4_max_3_","numeric","ca018_4_3_ 的最大区间","","ca018_4_max_3_ ca018_4_3_ 的最大区间"
"translated_combined_w5","restricted_source/w5_charls_CN.dta","ca018_4_max_4_","numeric","ca018_4_4_ 的最大区间","","ca018_4_max_4_ ca018_4_4_ 的最大区间"
"translated_combined_w5","restricted_source/w5_charls_CN.dta","ca018_4_max_5_","numeric","ca018_4_5_ 的最大区间","","ca018_4_max_5_ ca018_4_5_ 的最大区间"
"translated_combined_w5","restricted_source/w5_charls_CN.dta","ca018_4_max_6_","numeric","ca018_4_6_ 的最大区间","","ca018_4_max_6_ ca018_4_6_ 的最大区间"
"translated_combined_w5","restricted_source/w5_charls_CN.dta","ca018_4_max_7_","numeric","ca018_4_7_ 的最大区间","","ca018_4_max_7_ ca018_4_7_ 的最大区间"
"translated_combined_w5","restricted_source/w5_charls_CN.dta","ca019_1_","numeric","与 XChildPanAliveName[1] 的关系受到 COVID-19 大流行的影响吗？","","ca019_1_ 与 XChildPanAliveName[1] 的关系受到 COVID-19 大流行的影响吗？"
"translated_combined_w5","restricted_source/w5_charls_CN.dta","ca019_2_","numeric","与 XChildPanAliveName[2] 的关系受到 COVID-19 大流行的影响吗？","","ca019_2_ 与 XChildPanAliveName[2] 的关系受到 COVID-19 大流行的影响吗？"
"translated_combined_w5","restricted_source/w5_charls_CN.dta","ca019_3_","numeric","与 XChildPanAliveName[3] 的关系受到 COVID-19 大流行的影响吗？","","ca019_3_ 与 XChildPanAliveName[3] 的关系受到 COVID-19 大流行的影响吗？"
"translated_combined_w5","restricted_source/w5_charls_CN.dta","ca019_4_","numeric","与 XChildPanAliveName[4] 的关系受到 COVID-19 大流行的影响吗？","","ca019_4_ 与 XChildPanAliveName[4] 的关系受到 COVID-19 大流行的影响吗？"
"translated_combined_w5","restricted_source/w5_charls_CN.dta","ca019_5_","numeric","与 XChildPanAliveName[5] 的关系受到 COVID-19 大流行的影响吗？","","ca019_5_ 与 XChildPanAliveName[5] 的关系受到 COVID-19 大流行的影响吗？"
"translated_combined_w5","restricted_source/w5_charls_CN.dta","ca019_6_","numeric","与 XChildPanAliveName[6] 的关系受到 COVID-19 大流行的影响吗？","","ca019_6_ 与 XChildPanAliveName[6] 的关系受到 COVID-19 大流行的影响吗？"
"translated_combined_w5","restricted_source/w5_charls_CN.dta","ca019_7_","numeric","与 XChildPanAliveName[7] 的关系受到 COVID-19 大流行的影响吗？","","ca019_7_ 与 XChildPanAliveName[7] 的关系受到 COVID-19 大流行的影响吗？"
"translated_combined_w5","restricted_source/w5_charls_CN.dta","ca019_8_","numeric","与 XChildPanAliveName[8] 的关系受到 COVID-19 大流行的影响吗？","","ca019_8_ 与 XChildPanAliveName[8] 的关系受到 COVID-19 大流行的影响吗？"
"translated_combined_w5","restricted_source/w5_charls_CN.dta","ca019_9_","numeric","与 XChildPanAliveName[9] 的关系受到 COVID-19 大流行的影响？","","ca019_9_ 与 XChildPanAliveName[9] 的关系受到 COVID-19 大流行的影响？"
"translated_combined_w5","restricted_source/w5_charls_CN.dta","ca019_10_","numeric","与 XChildPanAliveName[10] 的关系受到 COVID-19 大流行的影响？","","ca019_10_ 与 XChildPanAliveName[10] 的关系受到 COVID-19 大流行的影响？"
"translated_combined_w5","restricted_source/w5_charls_CN.dta","ca019_11_","numeric","与 XChildPanAliveName[11] 的关系受到 COVID-19 大流行的影响？","","ca019_11_ 与 XChildPanAliveName[11] 的关系受到 COVID-19 大流行的影响？"
"translated_combined_w5","restricted_source/w5_charls_CN.dta","ca019_12_","numeric","与 XChildPanAliveName[12] 的关系受到 COVID-19 大流行的影响？","","ca019_12_ 与 XChildPanAliveName[12] 的关系受到 COVID-19 大流行的影响？"
"translated_combined_w5","restricted_source/w5_charls_CN.dta","ca019_13_","numeric","与 XChildPanAliveName[13] 的关系受到 COVID-19 大流行的影响？","","ca019_13_ 与 XChildPanAliveName[13] 的关系受到 COVID-19 大流行的影响？"
"translated_combined_w5","restricted_source/w5_charls_CN.dta","ca019_14_","numeric","与 XChildPanAliveName[14] 的关系受到 COVID-19 大流行的影响？","","ca019_14_ 与 XChildPanAliveName[14] 的关系受到 COVID-19 大流行的影响？"
"translated_combined_w5","restricted_source/w5_charls_CN.dta","ca019_15_","numeric","与 XChildPanAliveName[15] 的关系受到 COVID-19 大流行的影响？","","ca019_15_ 与 XChildPanAliveName[15] 的关系受到 COVID-19 大流行的影响？"
"translated_combined_w5","restricted_source/w5_charls_CN.dta","ca019_16_","numeric","与 XChildPanAliveName[16] 的关系受到 COVID-19 大流行的影响吗？","","ca019_16_ 与 XChildPanAliveName[16] 的关系受到 COVID-19 大流行的影响吗？"
"translated_combined_w5","restricted_source/w5_charls_CN.dta","ca019_17_","numeric","与 XChildPanAliveName[17] 的关系受到 COVID-19 大流行的影响吗？","","ca019_17_ 与 XChildPanAliveName[17] 的关系受到 COVID-19 大流行的影响吗？"
"translated_combined_w5","restricted_source/w5_charls_CN.dta","ca020_1_","numeric","XChildCoupleDis[1] 的收入受到 COVID-19 大流行的影响吗？","","ca020_1_ XChildCoupleDis[1] 的收入受到 COVID-19 大流行的影响吗？"
"translated_combined_w5","restricted_source/w5_charls_CN.dta","ca020_2_","numeric","XChildCoupleDis[2] 的收入受到 COVID-19 大流行的影响吗？","","ca020_2_ XChildCoupleDis[2] 的收入受到 COVID-19 大流行的影响吗？"
"translated_combined_w5","restricted_source/w5_charls_CN.dta","ca020_3_","numeric","XChildCoupleDis[3] 的收入受到 COVID-19 大流行的影响吗？","","ca020_3_ XChildCoupleDis[3] 的收入受到 COVID-19 大流行的影响吗？"
"translated_combined_w5","restricted_source/w5_charls_CN.dta","ca020_4_","numeric","XChildCoupleDis[4] 的收入受到 COVID-19 大流行的影响吗？","","ca020_4_ XChildCoupleDis[4] 的收入受到 COVID-19 大流行的影响吗？"
"translated_combined_w5","restricted_source/w5_charls_CN.dta","ca020_5_","numeric","XChildCoupleDis[5] 的收入受到 COVID-19 大流行的影响吗？","","ca020_5_ XChildCoupleDis[5] 的收入受到 COVID-19 大流行的影响吗？"
"translated_combined_w5","restricted_source/w5_charls_CN.dta","ca020_6_","numeric","XChildCoupleDis[6]的收入是否受到COVID-19疫情的影响？","","ca020_6_ XChildCoupleDis[6]的收入是否受到COVID-19疫情的影响？"
"translated_combined_w5","restricted_source/w5_charls_CN.dta","ca020_7_","numeric","XChildCoupleDis[7]的收入是否受到COVID-19疫情的影响？","","ca020_7_ XChildCoupleDis[7]的收入是否受到COVID-19疫情的影响？"
"translated_combined_w5","restricted_source/w5_charls_CN.dta","ca020_8_","numeric","XChildCoupleDis[8]的收入是否受到COVID-19疫情的影响？","","ca020_8_ XChildCoupleDis[8]的收入是否受到COVID-19疫情的影响？"
"translated_combined_w5","restricted_source/w5_charls_CN.dta","ca020_9_","numeric","XChildCoupleDis[9]的收入是否受到COVID-19疫情的影响？","","ca020_9_ XChildCoupleDis[9]的收入是否受到COVID-19疫情的影响？"
"translated_combined_w5","restricted_source/w5_charls_CN.dta","ca020_10_","numeric","XChildCoupleDis[10]的收入是否受到COVID-19疫情的影响？","","ca020_10_ XChildCoupleDis[10]的收入是否受到COVID-19疫情的影响？"
"translated_combined_w5","restricted_source/w5_charls_CN.dta","ca020_11_","numeric","XChildCoupleDis[11]的收入是否受到COVID-19疫情的影响？","","ca020_11_ XChildCoupleDis[11]的收入是否受到COVID-19疫情的影响？"
"translated_combined_w5","restricted_source/w5_charls_CN.dta","ca020_12_","numeric","XChildCoupleDis[12]的收入是否受到COVID-19疫情的影响？","","ca020_12_ XChildCoupleDis[12]的收入是否受到COVID-19疫情的影响？"
"translated_combined_w5","restricted_source/w5_charls_CN.dta","ca020_13_","numeric","XChildCoupleDis[13]的收入是否受到COVID-19疫情的影响？","","ca020_13_ XChildCoupleDis[13]的收入是否受到COVID-19疫情的影响？"
"translated_combined_w5","restricted_source/w5_charls_CN.dta","ca020_14_","numeric","XChildCoupleDis[14]的收入是否受到COVID-19疫情的影响？","","ca020_14_ XChildCoupleDis[14]的收入是否受到COVID-19疫情的影响？"
"translated_combined_w5","restricted_source/w5_charls_CN.dta","ca020_15_","numeric","XChildCoupleDis[15]的收入是否受到COVID-19疫情的影响？","","ca020_15_ XChildCoupleDis[15]的收入是否受到COVID-19疫情的影响？"
"translated_combined_w5","restricted_source/w5_charls_CN.dta","ca020_16_","numeric","XChildCoupleDis[16]的收入是否受到COVID-19疫情的影响？","","ca020_16_ XChildCoupleDis[16]的收入是否受到COVID-19疫情的影响？"
"translated_combined_w5","restricted_source/w5_charls_CN.dta","ca020_17_","numeric","XChildCoupleDis[17]的收入是否受到COVID-19疫情的影响？","","ca020_17_ XChildCoupleDis[17]的收入是否受到COVID-19疫情的影响？"
"translated_combined_w5","restricted_source/w5_charls_CN.dta","ca020_1_1_","numeric","收入增长百分比","","ca020_1_1_ 收入增长百分比"
"translated_combined_w5","restricted_source/w5_charls_CN.dta","ca020_1_2_","numeric","收入增长百分比","","ca020_1_2_ 收入增长百分比"
"translated_combined_w5","restricted_source/w5_charls_CN.dta","ca020_1_3_","numeric","收入增长百分比","","ca020_1_3_ 收入增长百分比"
"translated_combined_w5","restricted_source/w5_charls_CN.dta","ca020_1_4_","numeric","收入增加百分比","","ca020_1_4_ 收入增加百分比"
"translated_combined_w5","restricted_source/w5_charls_CN.dta","ca020_1_5_","numeric","收入增加百分比","","ca020_1_5_ 收入增加百分比"
"translated_combined_w5","restricted_source/w5_charls_CN.dta","ca020_1_6_","numeric","收入增加百分比","","ca020_1_6_ 收入增加百分比"
"translated_combined_w5","restricted_source/w5_charls_CN.dta","ca020_1_7_","numeric","收入增加百分比","","ca020_1_7_ 收入增加百分比"
"translated_combined_w5","restricted_source/w5_charls_CN.dta","ca020_1_8_","numeric","收入增加百分比","","ca020_1_8_ 收入增加百分比"
"translated_combined_w5","restricted_source/w5_charls_CN.dta","ca020_1_9_","numeric","收入增加百分比","","ca020_1_9_ 收入增加百分比"
"translated_combined_w5","restricted_source/w5_charls_CN.dta","ca020_2_1_","numeric","收入减少百分比","","ca020_2_1_ 收入减少百分比"
"translated_combined_w5","restricted_source/w5_charls_CN.dta","ca020_2_2_","numeric","收入减少百分比","","ca020_2_2_ 收入减少百分比"
"translated_combined_w5","restricted_source/w5_charls_CN.dta","ca020_2_3_","numeric","收入减少百分比","","ca020_2_3_ 收入减少百分比"
"translated_combined_w5","restricted_source/w5_charls_CN.dta","ca020_2_4_","numeric","收入减少百分比","","ca020_2_4_ 收入减少百分比"
"translated_combined_w5","restricted_source/w5_charls_CN.dta","ca020_2_5_","numeric","收入减少百分比","","ca020_2_5_ 收入减少百分比"
"translated_combined_w5","restricted_source/w5_charls_CN.dta","ca020_2_6_","numeric","收入减少百分比","","ca020_2_6_ 收入减少百分比"
"translated_combined_w5","restricted_source/w5_charls_CN.dta","ca020_2_7_","numeric","收入减少百分比","","ca020_2_7_ 收入减少百分比"
"translated_combined_w5","restricted_source/w5_charls_CN.dta","ca020_2_8_","numeric","收入减少百分比","","ca020_2_8_ 收入减少百分比"
"translated_combined_w5","restricted_source/w5_charls_CN.dta","ca020_2_9_","numeric","收入减少百分比","","ca020_2_9_ 收入减少百分比"
"translated_combined_w5","restricted_source/w5_charls_CN.dta","ca020_2_10_","numeric","收入减少百分比","","ca020_2_10_ 收入减少百分比"
"translated_combined_w5","restricted_source/w5_charls_CN.dta","ca020_2_11_","numeric","收入减少百分比","","ca020_2_11_ 收入减少百分比"
"translated_combined_w5","restricted_source/w5_charls_CN.dta","ca020_2_12_","numeric","收入减少百分比","","ca020_2_12_ 收入减少百分比"
"translated_combined_w5","restricted_source/w5_charls_CN.dta","cb001","character","从列表中选择家庭成员","","cb001 从列表中选择家庭成员"
"translated_combined_w5","restricted_source/w5_charls_CN.dta","cb002","character","家庭其他成员","","cb002 家庭其他成员"
"translated_combined_w5","restricted_source/w5_charls_CN.dta","cb003_1_","numeric","XHH其他成员姓名[1]的性别","","cb003_1_ XHH其他成员姓名[1]的性别"
"translated_combined_w5","restricted_source/w5_charls_CN.dta","cb003_2_","numeric","XHH其他成员姓名[2]的性别","","cb003_2_ XHH其他成员姓名[2]的性别"
"translated_combined_w5","restricted_source/w5_charls_CN.dta","cb003_3_","numeric","XHH其他成员姓名[3]的性别","","cb003_3_ XHH其他成员姓名[3]的性别"
"translated_combined_w5","restricted_source/w5_charls_CN.dta","cb003_4_","numeric","XHH其他成员姓名[4]的性别","","cb003_4_ XHH其他成员姓名[4]的性别"
"translated_combined_w5","restricted_source/w5_charls_CN.dta","cb003_5_","numeric","XHH其他成员姓名[5]'的性别","","cb003_5_ XHH其他成员姓名[5]'的性别"
"translated_combined_w5","restricted_source/w5_charls_CN.dta","cb003_6_","numeric","XHH其他成员姓名[6]'的性别","","cb003_6_ XHH其他成员姓名[6]'的性别"
"translated_combined_w5","restricted_source/w5_charls_CN.dta","cb003_7_","numeric","XHH其他成员姓名[7]'的性别","","cb003_7_ XHH其他成员姓名[7]'的性别"
"translated_combined_w5","restricted_source/w5_charls_CN.dta","cb003_8_","numeric","XHH其他成员姓名[8]'的性别","","cb003_8_ XHH其他成员姓名[8]'的性别"
"translated_combined_w5","restricted_source/w5_charls_CN.dta","cb003_9_","numeric","XHH其他成员姓名[9]'的性别","","cb003_9_ XHH其他成员姓名[9]'的性别"
"translated_combined_w5","restricted_source/w5_charls_CN.dta","cb003_10_","numeric","XHH其他成员姓名[10]'的性别","","cb003_10_ XHH其他成员姓名[10]'的性别"
"translated_combined_w5","restricted_source/w5_charls_CN.dta","cb004_1_","numeric","XHH其他成员姓名[1]'的年龄","","cb004_1_ XHH其他成员姓名[1]'的年龄"
"translated_combined_w5","restricted_source/w5_charls_CN.dta","cb004_2_","numeric","XHH其他成员姓名[2]'的年龄","","cb004_2_ XHH其他成员姓名[2]'的年龄"
"translated_combined_w5","restricted_source/w5_charls_CN.dta","cb004_3_","numeric","XHH其他成员姓名[3]'的年龄","","cb004_3_ XHH其他成员姓名[3]'的年龄"
"translated_combined_w5","restricted_source/w5_charls_CN.dta","cb004_4_","numeric","XHH其他成员姓名[4]'的年龄","","cb004_4_ XHH其他成员姓名[4]'的年龄"
"translated_combined_w5","restricted_source/w5_charls_CN.dta","cb004_5_","numeric","XHHOtherMemberName[5]的年龄","","cb004_5_ XHHOtherMemberName[5]的年龄"
"translated_combined_w5","restricted_source/w5_charls_CN.dta","cb004_6_","numeric","XHHOtherMemberName[6]的年龄","","cb004_6_ XHHOtherMemberName[6]的年龄"
"translated_combined_w5","restricted_source/w5_charls_CN.dta","cb004_7_","numeric","XHHOtherMemberName[7]的年龄","","cb004_7_ XHHOtherMemberName[7]的年龄"
"translated_combined_w5","restricted_source/w5_charls_CN.dta","cb004_8_","numeric","XHHOtherMemberName[8]的年龄","","cb004_8_ XHHOtherMemberName[8]的年龄"
"translated_combined_w5","restricted_source/w5_charls_CN.dta","cb004_9_","numeric","XHHOtherMemberName[9]的年龄","","cb004_9_ XHHOtherMemberName[9]的年龄"
"translated_combined_w5","restricted_source/w5_charls_CN.dta","cb004_10_","numeric","XHHOtherMemberName[10]的年龄","","cb004_10_ XHHOtherMemberName[10]的年龄"
"translated_combined_w5","restricted_source/w5_charls_CN.dta","cb005_1_","numeric","XHHOtherMemberName[1]是XFamilyR吗？","","cb005_1_ XHHOtherMemberName[1]是XFamilyR吗？"
"translated_combined_w5","restricted_source/w5_charls_CN.dta","cb005_2_","numeric","XHHOtherMemberName[2]是XFamilyR吗？","","cb005_2_ XHHOtherMemberName[2]是XFamilyR吗？"
"translated_combined_w5","restricted_source/w5_charls_CN.dta","cb005_3_","numeric","XHHOtherMemberName[3]是XFamilyR吗？","","cb005_3_ XHHOtherMemberName[3]是XFamilyR吗？"
"translated_combined_w5","restricted_source/w5_charls_CN.dta","cb005_4_","numeric","XHHOtherMemberName[4]是XFamilyR吗？","","cb005_4_ XHHOtherMemberName[4]是XFamilyR吗？"
"translated_combined_w5","restricted_source/w5_charls_CN.dta","cb005_5_","numeric","XHHOtherMemberName[5] 是 XFamilyR 的?","","cb005_5_ XHHOtherMemberName[5] 是 XFamilyR 的?"
"translated_combined_w5","restricted_source/w5_charls_CN.dta","cb005_6_","numeric","XHHOtherMemberName[6] 是 XFamilyR 的?","","cb005_6_ XHHOtherMemberName[6] 是 XFamilyR 的?"
"translated_combined_w5","restricted_source/w5_charls_CN.dta","cb005_7_","numeric","XHHOtherMemberName[7] 是 XFamilyR 的?","","cb005_7_ XHHOtherMemberName[7] 是 XFamilyR 的?"
"translated_combined_w5","restricted_source/w5_charls_CN.dta","cb005_8_","numeric","XHHOtherMemberName[8] 是 XFamilyR 的?","","cb005_8_ XHHOtherMemberName[8] 是 XFamilyR 的?"
"translated_combined_w5","restricted_source/w5_charls_CN.dta","cb005_9_","numeric","XHHOtherMemberName[9] 是 XFamilyR 的?","","cb005_9_ XHHOtherMemberName[9] 是 XFamilyR 的?"
"translated_combined_w5","restricted_source/w5_charls_CN.dta","cb005_10_","numeric","XHHOtherMemberName[10] 是 XFamilyR 的?","","cb005_10_ XHHOtherMemberName[10] 是 XFamilyR 的?"
"translated_combined_w5","restricted_source/w5_charls_CN.dta","cb006_1_","numeric","XFamilyR 的哪个孩子与 XHHOtherMemberName[1] 结婚了?","","cb006_1_ XFamilyR 的哪个孩子与 XHHOtherMemberName[1] 结婚了?"
"translated_combined_w5","restricted_source/w5_charls_CN.dta","cb006_2_","numeric","XFamilyR 的哪个孩子与 XHHOtherMemberName[2] 结婚了?","","cb006_2_ XFamilyR 的哪个孩子与 XHHOtherMemberName[2] 结婚了?"
"translated_combined_w5","restricted_source/w5_charls_CN.dta","cb006_3_","numeric","XFamilyR的哪个孩子与XHHOtherMemberName[3]结婚了？","","cb006_3_ XFamilyR的哪个孩子与XHHOtherMemberName[3]结婚了？"
"translated_combined_w5","restricted_source/w5_charls_CN.dta","cb006_4_","numeric","XFamilyR的哪个孩子与XHHOtherMemberName[4]结婚了？","","cb006_4_ XFamilyR的哪个孩子与XHHOtherMemberName[4]结婚了？"
"translated_combined_w5","restricted_source/w5_charls_CN.dta","cb006_5_","numeric","XFamilyR的哪个孩子与XHHOtherMemberName[5]结婚了？","","cb006_5_ XFamilyR的哪个孩子与XHHOtherMemberName[5]结婚了？"
"translated_combined_w5","restricted_source/w5_charls_CN.dta","cb006_6_","numeric","XFamilyR的哪个孩子与XHHOtherMemberName[6]结婚了？","","cb006_6_ XFamilyR的哪个孩子与XHHOtherMemberName[6]结婚了？"
"translated_combined_w5","restricted_source/w5_charls_CN.dta","cb006_7_","numeric","XFamilyR的哪个孩子与XHHOtherMemberName[7]结婚了？","","cb006_7_ XFamilyR的哪个孩子与XHHOtherMemberName[7]结婚了？"
"translated_combined_w5","restricted_source/w5_charls_CN.dta","cb006_8_","numeric","XFamilyR的哪个孩子与XHHOtherMemberName[8]结婚了？","","cb006_8_ XFamilyR的哪个孩子与XHHOtherMemberName[8]结婚了？"
"translated_combined_w5","restricted_source/w5_charls_CN.dta","cb007_1_","numeric","XHHOtherMemberName[1]的父母是谁？","","cb007_1_ XHHOtherMemberName[1]的父母是谁？"
"translated_combined_w5","restricted_source/w5_charls_CN.dta","cb007_2_","numeric","XHHOtherMemberName[1]的父母是谁？","","cb007_2_ XHHOtherMemberName[1]的父母是谁？"
"translated_combined_w5","restricted_source/w5_charls_CN.dta","cb007_3_","numeric","XHHOtherMemberName[1]的父母是谁？","","cb007_3_ XHHOtherMemberName[1]的父母是谁？"
"translated_combined_w5","restricted_source/w5_charls_CN.dta","cb007_4_","numeric","XHHOtherMemberName[1]的父母是谁？","","cb007_4_ XHHOtherMemberName[1]的父母是谁？"
"translated_combined_w5","restricted_source/w5_charls_CN.dta","cb007_5_","numeric","XHHOtherMemberName[1]的父母是谁？","","cb007_5_ XHHOtherMemberName[1]的父母是谁？"
"translated_combined_w5","restricted_source/w5_charls_CN.dta","cb007_6_","numeric","XHHOtherMemberName[1]的父母是谁？","","cb007_6_ XHHOtherMemberName[1]的父母是谁？"
"translated_combined_w5","restricted_source/w5_charls_CN.dta","cb007_7_","numeric","XHHOtherMemberName[1]的父母是谁？","","cb007_7_ XHHOtherMemberName[1]的父母是谁？"
"translated_combined_w5","restricted_source/w5_charls_CN.dta","cb007_8_","numeric","XHHOtherMemberName[1]的父母是谁？","","cb007_8_ XHHOtherMemberName[1]的父母是谁？"
"translated_combined_w5","restricted_source/w5_charls_CN.dta","cb007_9_","numeric","XHHOtherMemberName[1]的父母是谁？","","cb007_9_ XHHOtherMemberName[1]的父母是谁？"
"translated_combined_w5","restricted_source/w5_charls_CN.dta","cb007_10_","numeric","XHHOtherMemberName[1]的父母是谁？","","cb007_10_ XHHOtherMemberName[1]的父母是谁？"
"translated_combined_w5","restricted_source/w5_charls_CN.dta","cc001","numeric","由于COVID-19疫情，儿童/孙子无法返回家中","","cc001 由于COVID-19疫情，儿童/孙子无法返回家中"
"translated_combined_w5","restricted_source/w5_charls_CN.dta","cc001_1","numeric","无法回家的孩子/孙子数量","","cc001_1 无法回家的孩子/孙子数量"
"translated_combined_w5","restricted_source/w5_charls_CN.dta","cc002","numeric","亲戚/朋友无法探访XFamilyR","","cc002 亲戚/朋友无法探访XFamilyR"
"translated_combined_w5","restricted_source/w5_charls_CN.dta","cc003","numeric","XFamilyRAndS在农历一月（正月）收到的钱少于往年","","cc003 XFamilyRAndS在农历一月（正月）收到的钱少于往年"
"translated_combined_w5","restricted_source/w5_charls_CN.dta","cc003_1","numeric","少于往年的人民币金额","","cc003_1 少于往年的人民币金额"
"translated_combined_w5","restricted_source/w5_charls_CN.dta","cc004","numeric","发红包（红包）花费减少","","cc004 发红包（红包）花费减少"
"translated_combined_w5","restricted_source/w5_charls_CN.dta","cc004_1","numeric","少于往年的人民币金额","","cc004_1 少于往年的人民币金额"
"translated_combined_w5","restricted_source/w5_charls_CN.dta","cc005","numeric","XFamilyRAndS在农历一月（正月）大多数时间是一起生活的吗？","","cc005 XFamilyRAndS在农历一月（正月）大多数时间是一起生活的吗？"
"translated_combined_w5","restricted_source/w5_charls_CN.dta","cc006_1_","character","XCoupleList[1]在农历一月（正月）与谁同住？","","cc006_1_ XCoupleList[1]在农历一月（正月）与谁同住？"
"translated_combined_w5","restricted_source/w5_charls_CN.dta","cc006_2_","character","XCoupleList[2]在农历一月（正月）与谁同住？","","cc006_2_ XCoupleList[2]在农历一月（正月）与谁同住？"
"translated_combined_w5","restricted_source/w5_charls_CN.dta","cc007_1_","character","在农历一月（正月）中，谁还与 CouLiveList[1] 共同生活？","","cc007_1_ 在农历一月（正月）中，谁还与 CouLiveList[1] 共同生活？"
"translated_combined_w5","restricted_source/w5_charls_CN.dta","cc007_2_","character","在农历一月（正月）中，谁还与 CouLiveList[2] 共同生活？","","cc007_2_ 在农历一月（正月）中，谁还与 CouLiveList[2] 共同生活？"
"translated_combined_w5","restricted_source/w5_charls_CN.dta","cc008_1_","numeric","在农历一月（正月）中，与 XCouLiveList[1] 共同生活的人数是更多还是更少？","","cc008_1_ 在农历一月（正月）中，与 XCouLiveList[1] 共同生活的人数是更多还是更少？"
"translated_combined_w5","restricted_source/w5_charls_CN.dta","cc008_2_","numeric","在农历一月（正月）中，与 XCouLiveList[2] 共同生活的人数是更多还是更少？","","cc008_2_ 在农历一月（正月）中，与 XCouLiveList[2] 共同生活的人数是更多还是更少？"
"translated_combined_w5","restricted_source/w5_charls_CN.dta","xhhothermembernum","numeric","家庭其他成员数量","","xhhothermembernum 家庭其他成员数量"
"translated_combined_w5","restricted_source/w5_charls_CN.dta","xaffectreunion","numeric","家庭团聚受到 COVID-19 大流行的影响","","xaffectreunion 家庭团聚受到 COVID-19 大流行的影响"
"translated_combined_w5","restricted_source/w5_charls_CN.dta","xchildalivenum","numeric","存活儿童数量","","xchildalivenum 存活儿童数量"
"translated_combined_w5","restricted_source/w5_charls_CN.dta","xchildpanalivenum","numeric","COVID 大流行开始时存活的儿童数量","","xchildpanalivenum COVID 大流行开始时存活的儿童数量"
"translated_combined_w5","restricted_source/w5_charls_CN.dta","xchildalive_1_","numeric","ZChildName[1] 在 R 被访谈时是否仍然活着","","xchildalive_1_ ZChildName[1] 在 R 被访谈时是否仍然活着"
"translated_combined_w5","restricted_source/w5_charls_CN.dta","xchildalive_2_","numeric","ZChildName[2] 在 R 被访谈时是否仍然活着","","xchildalive_2_ ZChildName[2] 在 R 被访谈时是否仍然活着"
"translated_combined_w5","restricted_source/w5_charls_CN.dta","xchildalive_3_","numeric","ZChildName[3] 在 R 被访谈时是否仍然活着","","xchildalive_3_ ZChildName[3] 在 R 被访谈时是否仍然活着"
"translated_combined_w5","restricted_source/w5_charls_CN.dta","xchildalive_4_","numeric","ZChildName[4] 在 R 被访谈时是否仍然活着","","xchildalive_4_ ZChildName[4] 在 R 被访谈时是否仍然活着"
"translated_combined_w5","restricted_source/w5_charls_CN.dta","xchildalive_5_","numeric","ZChildName[5] 在 R 被访谈时是否仍然活着","","xchildalive_5_ ZChildName[5] 在 R 被访谈时是否仍然活着"
"translated_combined_w5","restricted_source/w5_charls_CN.dta","xchildalive_6_","numeric","ZChildName[6] 在 R 被访谈时是否仍然活着","","xchildalive_6_ ZChildName[6] 在 R 被访谈时是否仍然活着"
"translated_combined_w5","restricted_source/w5_charls_CN.dta","xchildalive_7_","numeric","ZChildName[7] 在 R 被访谈时是否仍然活着","","xchildalive_7_ ZChildName[7] 在 R 被访谈时是否仍然活着"
"translated_combined_w5","restricted_source/w5_charls_CN.dta","xchildalive_8_","numeric","ZChildName[8] 在 R 被访谈时是否仍然活着","","xchildalive_8_ ZChildName[8] 在 R 被访谈时是否仍然活着"
"translated_combined_w5","restricted_source/w5_charls_CN.dta","xchildalive_9_","numeric","ZChildName[9] 在 R 被访谈时是否仍然活着","","xchildalive_9_ ZChildName[9] 在 R 被访谈时是否仍然活着"
"translated_combined_w5","restricted_source/w5_charls_CN.dta","xchildalive_10_","numeric","ZChildName[10] 在 R 被访谈时是否仍然活着","","xchildalive_10_ ZChildName[10] 在 R 被访谈时是否仍然活着"
"translated_combined_w5","restricted_source/w5_charls_CN.dta","xchildalive_11_","numeric","ZChildName[11] 在 R 被访谈时是否仍然活着","","xchildalive_11_ ZChildName[11] 在 R 被访谈时是否仍然活着"
"translated_combined_w5","restricted_source/w5_charls_CN.dta","xchildalive_12_","numeric","ZChildName[12] 在 R 被访谈时是否仍然活着","","xchildalive_12_ ZChildName[12] 在 R 被访谈时是否仍然活着"
"translated_combined_w5","restricted_source/w5_charls_CN.dta","xchildalive_13_","numeric","ZChildName[13] 在 R 被访谈时是否仍然活着","","xchildalive_13_ ZChildName[13] 在 R 被访谈时是否仍然活着"
"translated_combined_w5","restricted_source/w5_charls_CN.dta","xchildalive_14_","numeric","ZChildName[14] 在 R 被访谈时是否仍然活着","","xchildalive_14_ ZChildName[14] 在 R 被访谈时是否仍然活着"
"translated_combined_w5","restricted_source/w5_charls_CN.dta","xchildalive_15_","numeric","ZChildName[15] 在 R 被访谈时是否仍然活着","","xchildalive_15_ ZChildName[15] 在 R 被访谈时是否仍然活着"
"translated_combined_w5","restricted_source/w5_charls_CN.dta","xchildalive_16_","numeric","ZChildName[16] 在 R 被访谈时是否仍然活着","","xchildalive_16_ ZChildName[16] 在 R 被访谈时是否仍然活着"
"translated_combined_w5","restricted_source/w5_charls_CN.dta","xchildalive_17_","numeric","ZChildName[17] 在 R 被访谈时是否仍然活着","","xchildalive_17_ ZChildName[17] 在 R 被访谈时是否仍然活着"
"translated_combined_w5","restricted_source/w5_charls_CN.dta","xchildpanalive_1_","numeric","ZChildName[1] 在 COVID-19 大流行开始时仍然活着","","xchildpanalive_1_ ZChildName[1] 在 COVID-19 大流行开始时仍然活着"
"translated_combined_w5","restricted_source/w5_charls_CN.dta","xchildpanalive_2_","numeric","ZChildName[2] 在 COVID-19 大流行开始时仍然活着","","xchildpanalive_2_ ZChildName[2] 在 COVID-19 大流行开始时仍然活着"
"translated_combined_w5","restricted_source/w5_charls_CN.dta","xchildpanalive_3_","numeric","ZChildName[3] 在 COVID-19 大流行开始时仍然活着","","xchildpanalive_3_ ZChildName[3] 在 COVID-19 大流行开始时仍然活着"
"translated_combined_w5","restricted_source/w5_charls_CN.dta","xchildpanalive_4_","numeric","ZChildName[4] 在 COVID-19 大流行开始时仍然活着","","xchildpanalive_4_ ZChildName[4] 在 COVID-19 大流行开始时仍然活着"
"translated_combined_w5","restricted_source/w5_charls_CN.dta","xchildpanalive_5_","numeric","ZChildName[5] 在 COVID-19 大流行开始时仍然活着","","xchildpanalive_5_ ZChildName[5] 在 COVID-19 大流行开始时仍然活着"
"translated_combined_w5","restricted_source/w5_charls_CN.dta","xchildpanalive_6_","numeric","ZChildName[6] 在 COVID-19 大流行开始时仍然活着","","xchildpanalive_6_ ZChildName[6] 在 COVID-19 大流行开始时仍然活着"
"translated_combined_w5","restricted_source/w5_charls_CN.dta","xchildpanalive_7_","numeric","ZChildName[7] 在 COVID-19 大流行开始时仍然活着","","xchildpanalive_7_ ZChildName[7] 在 COVID-19 大流行开始时仍然活着"
"translated_combined_w5","restricted_source/w5_charls_CN.dta","xchildpanalive_8_","numeric","ZChildName[8] 在 COVID-19 大流行开始时仍然活着","","xchildpanalive_8_ ZChildName[8] 在 COVID-19 大流行开始时仍然活着"
"translated_combined_w5","restricted_source/w5_charls_CN.dta","xchildpanalive_9_","numeric","ZChildName[9] 在 COVID-19 大流行开始时仍然活着","","xchildpanalive_9_ ZChildName[9] 在 COVID-19 大流行开始时仍然活着"
"translated_combined_w5","restricted_source/w5_charls_CN.dta","xchildpanalive_10_","numeric","ZChildName[10] 在 COVID-19 大流行开始时仍然活着","","xchildpanalive_10_ ZChildName[10] 在 COVID-19 大流行开始时仍然活着"
"translated_combined_w5","restricted_source/w5_charls_CN.dta","xchildpanalive_11_","numeric","ZChildName[11] 在 COVID-19 大流行开始时仍然活着","","xchildpanalive_11_ ZChildName[11] 在 COVID-19 大流行开始时仍然活着"
"translated_combined_w5","restricted_source/w5_charls_CN.dta","xchildpanalive_12_","numeric","ZChildName[12] 在 COVID-19 大流行开始时仍然活着","","xchildpanalive_12_ ZChildName[12] 在 COVID-19 大流行开始时仍然活着"
"translated_combined_w5","restricted_source/w5_charls_CN.dta","xchildpanalive_13_","numeric","ZChildName[13] 在 COVID-19 大流行开始时仍然活着","","xchildpanalive_13_ ZChildName[13] 在 COVID-19 大流行开始时仍然活着"
"translated_combined_w5","restricted_source/w5_charls_CN.dta","xchildpanalive_14_","numeric","ZChildName[14] 在 COVID-19 大流行开始时仍然活着","","xchildpanalive_14_ ZChildName[14] 在 COVID-19 大流行开始时仍然活着"
"translated_combined_w5","restricted_source/w5_charls_CN.dta","xchildpanalive_15_","numeric","ZChildName[15] 在 COVID-19 大流行开始时仍然活着","","xchildpanalive_15_ ZChildName[15] 在 COVID-19 大流行开始时仍然活着"
"translated_combined_w5","restricted_source/w5_charls_CN.dta","xchildpanalive_16_","numeric","ZChildName[16] 在 COVID-19 大流行开始时仍然活着","","xchildpanalive_16_ ZChildName[16] 在 COVID-19 大流行开始时仍然活着"
"translated_combined_w5","restricted_source/w5_charls_CN.dta","xchildpanalive_17_","numeric","ZChildName[17] 在 COVID-19 大流行开始时仍然活着","","xchildpanalive_17_ ZChildName[17] 在 COVID-19 大流行开始时仍然活着"
"translated_combined_w5","restricted_source/w5_charls_CN.dta","xchildbirth_1_","numeric","ZChildName[1] 的出生年份（在 CA005 后更新）","","xchildbirth_1_ ZChildName[1] 的出生年份（在 CA005 后更新）"
"translated_combined_w5","restricted_source/w5_charls_CN.dta","xchildbirth_2_","numeric","ZChildName[2] 的出生年份（在 CA005 后更新）","","xchildbirth_2_ ZChildName[2] 的出生年份（在 CA005 后更新）"
"translated_combined_w5","restricted_source/w5_charls_CN.dta","xchildbirth_3_","numeric","ZChildName[3] 的出生年份（在 CA005 后更新）","","xchildbirth_3_ ZChildName[3] 的出生年份（在 CA005 后更新）"
"translated_combined_w5","restricted_source/w5_charls_CN.dta","xchildbirth_4_","numeric","ZChildName[4] 的出生年份（在 CA005 后更新）","","xchildbirth_4_ ZChildName[4] 的出生年份（在 CA005 后更新）"
"translated_combined_w5","restricted_source/w5_charls_CN.dta","xchildbirth_5_","numeric","ZChildName[5] 的出生年份（在 CA005 后更新）","","xchildbirth_5_ ZChildName[5] 的出生年份（在 CA005 后更新）"
"translated_combined_w5","restricted_source/w5_charls_CN.dta","xchildbirth_6_","numeric","ZChildName[6]的出生年份（在CA005之后更新）","","xchildbirth_6_ ZChildName[6]的出生年份（在CA005之后更新）"
"translated_combined_w5","restricted_source/w5_charls_CN.dta","xchildbirth_7_","numeric","ZChildName[7]的出生年份（在CA005之后更新）","","xchildbirth_7_ ZChildName[7]的出生年份（在CA005之后更新）"
"translated_combined_w5","restricted_source/w5_charls_CN.dta","xchildbirth_8_","numeric","ZChildName[8]的出生年份（在CA005之后更新）","","xchildbirth_8_ ZChildName[8]的出生年份（在CA005之后更新）"
"translated_combined_w5","restricted_source/w5_charls_CN.dta","xchildbirth_9_","numeric","ZChildName[9]的出生年份（在CA005之后更新）","","xchildbirth_9_ ZChildName[9]的出生年份（在CA005之后更新）"
"translated_combined_w5","restricted_source/w5_charls_CN.dta","xchildbirth_10_","numeric","ZChildName[10]的出生年份（在CA005之后更新）","","xchildbirth_10_ ZChildName[10]的出生年份（在CA005之后更新）"
"translated_combined_w5","restricted_source/w5_charls_CN.dta","xchildbirth_11_","numeric","ZChildName[11]的出生年份（在CA005之后更新）","","xchildbirth_11_ ZChildName[11]的出生年份（在CA005之后更新）"
"translated_combined_w5","restricted_source/w5_charls_CN.dta","xchildbirth_12_","numeric","ZChildName[12]的出生年份（在CA005之后更新）","","xchildbirth_12_ ZChildName[12]的出生年份（在CA005之后更新）"
"translated_combined_w5","restricted_source/w5_charls_CN.dta","xchildbirth_13_","numeric","ZChildName[13]的出生年份（在CA005之后更新）","","xchildbirth_13_ ZChildName[13]的出生年份（在CA005之后更新）"
"translated_combined_w5","restricted_source/w5_charls_CN.dta","xchildbirth_14_","numeric","ZChildName[14]的出生年份（在CA005之后更新）","","xchildbirth_14_ ZChildName[14]的出生年份（在CA005之后更新）"
"translated_combined_w5","restricted_source/w5_charls_CN.dta","xchildbirth_15_","numeric","ZChildName[15]的出生年份（在CA005之后更新）","","xchildbirth_15_ ZChildName[15]的出生年份（在CA005之后更新）"
"translated_combined_w5","restricted_source/w5_charls_CN.dta","xchildbirth_16_","numeric","ZChildName[16]的出生年份（在CA005之后更新）","","xchildbirth_16_ ZChildName[16]的出生年份（在CA005之后更新）"
"translated_combined_w5","restricted_source/w5_charls_CN.dta","xchildbirth_17_","numeric","ZChildName[17]的出生年份（在CA005之后更新）","","xchildbirth_17_ ZChildName[17]的出生年份（在CA005之后更新）"
"translated_combined_w5","restricted_source/w5_charls_CN.dta","xchildgender_1_","numeric","ZChildName[1]的性别（在CA006之后更新）","","xchildgender_1_ ZChildName[1]的性别（在CA006之后更新）"
"translated_combined_w5","restricted_source/w5_charls_CN.dta","xchildgender_2_","numeric","ZChildName[2]的性别（在CA006之后更新）","","xchildgender_2_ ZChildName[2]的性别（在CA006之后更新）"
"translated_combined_w5","restricted_source/w5_charls_CN.dta","xchildgender_3_","numeric","ZChildName[3]的性别（在CA006之后更新）","","xchildgender_3_ ZChildName[3]的性别（在CA006之后更新）"
"translated_combined_w5","restricted_source/w5_charls_CN.dta","xchildgender_4_","numeric","ZChildName[4]的性别（在CA006之后更新）","","xchildgender_4_ ZChildName[4]的性别（在CA006之后更新）"
"translated_combined_w5","restricted_source/w5_charls_CN.dta","xchildgender_5_","numeric","ZChildName[5]'的性别（在CA006之后更新）","","xchildgender_5_ ZChildName[5]'的性别（在CA006之后更新）"
"translated_combined_w5","restricted_source/w5_charls_CN.dta","xchildgender_6_","numeric","ZChildName[6]'的性别（在CA006之后更新）","","xchildgender_6_ ZChildName[6]'的性别（在CA006之后更新）"
"translated_combined_w5","restricted_source/w5_charls_CN.dta","xchildgender_7_","numeric","ZChildName[7]'的性别（在CA006之后更新）","","xchildgender_7_ ZChildName[7]'的性别（在CA006之后更新）"
"translated_combined_w5","restricted_source/w5_charls_CN.dta","xchildgender_8_","numeric","ZChildName[8]'的性别（在CA006之后更新）","","xchildgender_8_ ZChildName[8]'的性别（在CA006之后更新）"
"translated_combined_w5","restricted_source/w5_charls_CN.dta","xchildgender_9_","numeric","ZChildName[9]'的性别（在CA006之后更新）","","xchildgender_9_ ZChildName[9]'的性别（在CA006之后更新）"
"translated_combined_w5","restricted_source/w5_charls_CN.dta","xchildgender_10_","numeric","ZChildName[10]'的性别（在CA006之后更新）","","xchildgender_10_ ZChildName[10]'的性别（在CA006之后更新）"
"translated_combined_w5","restricted_source/w5_charls_CN.dta","xchildgender_11_","numeric","ZChildName[11]'的性别（在CA006之后更新）","","xchildgender_11_ ZChildName[11]'的性别（在CA006之后更新）"
"translated_combined_w5","restricted_source/w5_charls_CN.dta","xchildgender_12_","numeric","ZChildName[12]'的性别（在CA006之后更新）","","xchildgender_12_ ZChildName[12]'的性别（在CA006之后更新）"
"translated_combined_w5","restricted_source/w5_charls_CN.dta","xchildgender_13_","numeric","ZChildName[13]的性别（在CA006后更新）","","xchildgender_13_ ZChildName[13]的性别（在CA006后更新）"
"translated_combined_w5","restricted_source/w5_charls_CN.dta","xchildgender_14_","numeric","ZChildName[14]的性别（在CA006后更新）","","xchildgender_14_ ZChildName[14]的性别（在CA006后更新）"
"translated_combined_w5","restricted_source/w5_charls_CN.dta","xchildgender_15_","numeric","ZChildName[15]的性别（在CA006后更新）","","xchildgender_15_ ZChildName[15]的性别（在CA006后更新）"
"translated_combined_w5","restricted_source/w5_charls_CN.dta","xchildgender_16_","numeric","ZChildName[16]的性别（在CA006后更新）","","xchildgender_16_ ZChildName[16]的性别（在CA006后更新）"
"translated_combined_w5","restricted_source/w5_charls_CN.dta","xchildgender_17_","numeric","ZChildName[17]的性别（在CA006后更新）","","xchildgender_17_ ZChildName[17]的性别（在CA006后更新）"
"translated_combined_w5","restricted_source/w5_charls_CN.dta","xchildedu_1_","numeric","ZChildName[1]的最高学位（在CA007后更新）","","xchildedu_1_ ZChildName[1]的最高学位（在CA007后更新）"
"translated_combined_w5","restricted_source/w5_charls_CN.dta","xchildedu_2_","numeric","ZChildName[2]的最高学位（在CA007后更新）","","xchildedu_2_ ZChildName[2]的最高学位（在CA007后更新）"
"translated_combined_w5","restricted_source/w5_charls_CN.dta","xchildedu_3_","numeric","ZChildName[3]的最高学位（在CA007后更新）","","xchildedu_3_ ZChildName[3]的最高学位（在CA007后更新）"
"translated_combined_w5","restricted_source/w5_charls_CN.dta","xchildedu_4_","numeric","ZChildName[4]的最高学位（在CA007后更新）","","xchildedu_4_ ZChildName[4]的最高学位（在CA007后更新）"
"translated_combined_w5","restricted_source/w5_charls_CN.dta","xchildedu_5_","numeric","ZChildName[5]的最高学位（在CA007后更新）","","xchildedu_5_ ZChildName[5]的最高学位（在CA007后更新）"
"translated_combined_w5","restricted_source/w5_charls_CN.dta","xchildedu_6_","numeric","ZChildName[6]的最高学位（在CA007后更新）","","xchildedu_6_ ZChildName[6]的最高学位（在CA007后更新）"
"translated_combined_w5","restricted_source/w5_charls_CN.dta","xchildedu_7_","numeric","ZChildName[7]的最高学位（在CA007后更新）","","xchildedu_7_ ZChildName[7]的最高学位（在CA007后更新）"
"translated_combined_w5","restricted_source/w5_charls_CN.dta","xchildedu_8_","numeric","ZChildName[8]的最高学位（在CA007后更新）","","xchildedu_8_ ZChildName[8]的最高学位（在CA007后更新）"
"translated_combined_w5","restricted_source/w5_charls_CN.dta","xchildedu_9_","numeric","ZChildName[9]的最高学位（在CA007后更新）","","xchildedu_9_ ZChildName[9]的最高学位（在CA007后更新）"
"translated_combined_w5","restricted_source/w5_charls_CN.dta","xchildedu_10_","numeric","ZChildName[10]的最高学位（在CA007后更新）","","xchildedu_10_ ZChildName[10]的最高学位（在CA007后更新）"
"translated_combined_w5","restricted_source/w5_charls_CN.dta","xchildedu_11_","numeric","ZChildName[11]的最高学位（在CA007后更新）","","xchildedu_11_ ZChildName[11]的最高学位（在CA007后更新）"
"translated_combined_w5","restricted_source/w5_charls_CN.dta","xchildedu_12_","numeric","ZChildName[12]的最高学位（在CA007后更新）","","xchildedu_12_ ZChildName[12]的最高学位（在CA007后更新）"
"translated_combined_w5","restricted_source/w5_charls_CN.dta","xchildedu_13_","numeric","ZChildName[13]的最高学位（在CA007后更新）","","xchildedu_13_ ZChildName[13]的最高学位（在CA007后更新）"
"translated_combined_w5","restricted_source/w5_charls_CN.dta","xchildedu_14_","numeric","ZChildName[14]的最高学位（在CA007后更新）","","xchildedu_14_ ZChildName[14]的最高学位（在CA007后更新）"
"translated_combined_w5","restricted_source/w5_charls_CN.dta","xchildedu_15_","numeric","ZChildName[15]的最高学位（在CA007后更新）","","xchildedu_15_ ZChildName[15]的最高学位（在CA007后更新）"
"translated_combined_w5","restricted_source/w5_charls_CN.dta","xchildedu_16_","numeric","ZChildName[16]的最高学位（在CA007后更新）","","xchildedu_16_ ZChildName[16]的最高学位（在CA007后更新）"
"translated_combined_w5","restricted_source/w5_charls_CN.dta","xchildedu_17_","numeric","ZChildName[17]的最高学位（在CA007后更新）","","xchildedu_17_ ZChildName[17]的最高学位（在CA007后更新）"
"translated_combined_w5","restricted_source/w5_charls_CN.dta","zchildbirth_1_","numeric","ZChildName[1]的出生年份","","zchildbirth_1_ ZChildName[1]的出生年份"
"translated_combined_w5","restricted_source/w5_charls_CN.dta","zchildbirth_2_","numeric","ZChildName[2]的出生年份","","zchildbirth_2_ ZChildName[2]的出生年份"
"translated_combined_w5","restricted_source/w5_charls_CN.dta","zchildbirth_3_","numeric","ZChildName[3]的出生年份","","zchildbirth_3_ ZChildName[3]的出生年份"
"translated_combined_w5","restricted_source/w5_charls_CN.dta","zchildbirth_4_","numeric","ZChildName[4]的出生年份","","zchildbirth_4_ ZChildName[4]的出生年份"
"translated_combined_w5","restricted_source/w5_charls_CN.dta","zchildbirth_5_","numeric","ZChildName[5]的出生年份","","zchildbirth_5_ ZChildName[5]的出生年份"
"translated_combined_w5","restricted_source/w5_charls_CN.dta","zchildbirth_6_","numeric","ZChildName[6]的出生年份","","zchildbirth_6_ ZChildName[6]的出生年份"
"translated_combined_w5","restricted_source/w5_charls_CN.dta","zchildbirth_7_","numeric","ZChildName[7]的出生年份","","zchildbirth_7_ ZChildName[7]的出生年份"
"translated_combined_w5","restricted_source/w5_charls_CN.dta","zchildbirth_8_","numeric","ZChildName[8]的出生年份","","zchildbirth_8_ ZChildName[8]的出生年份"
"translated_combined_w5","restricted_source/w5_charls_CN.dta","zchildbirth_9_","numeric","ZChildName[9]的出生年份","","zchildbirth_9_ ZChildName[9]的出生年份"
"translated_combined_w5","restricted_source/w5_charls_CN.dta","zchildbirth_10_","numeric","ZChildName[10]的出生年份","","zchildbirth_10_ ZChildName[10]的出生年份"
"translated_combined_w5","restricted_source/w5_charls_CN.dta","zchildbirth_11_","numeric","ZChildName[11]的出生年份","","zchildbirth_11_ ZChildName[11]的出生年份"
"translated_combined_w5","restricted_source/w5_charls_CN.dta","zchildbirth_12_","numeric","ZChildName[12]的出生年份","","zchildbirth_12_ ZChildName[12]的出生年份"
"translated_combined_w5","restricted_source/w5_charls_CN.dta","zchildbirth_13_","numeric","ZChildName[13]的出生年份","","zchildbirth_13_ ZChildName[13]的出生年份"
"translated_combined_w5","restricted_source/w5_charls_CN.dta","zchildbirth_14_","numeric","ZChildName[14]'的出生年份","","zchildbirth_14_ ZChildName[14]'的出生年份"
"translated_combined_w5","restricted_source/w5_charls_CN.dta","zchildbirth_15_","numeric","ZChildName[15]'的出生年份","","zchildbirth_15_ ZChildName[15]'的出生年份"
"translated_combined_w5","restricted_source/w5_charls_CN.dta","zchildbirth_16_","numeric","ZChildName[16]'的出生年份","","zchildbirth_16_ ZChildName[16]'的出生年份"
"translated_combined_w5","restricted_source/w5_charls_CN.dta","zchildbirth_17_","numeric","ZChildName[17]'的出生年份","","zchildbirth_17_ ZChildName[17]'的出生年份"
"translated_combined_w5","restricted_source/w5_charls_CN.dta","zchildgender_1_","numeric","ZChildName[1]'的性别","","zchildgender_1_ ZChildName[1]'的性别"
"translated_combined_w5","restricted_source/w5_charls_CN.dta","zchildgender_2_","numeric","ZChildName[2]'的性别","","zchildgender_2_ ZChildName[2]'的性别"
"translated_combined_w5","restricted_source/w5_charls_CN.dta","zchildgender_3_","numeric","ZChildName[3]'的性别","","zchildgender_3_ ZChildName[3]'的性别"
"translated_combined_w5","restricted_source/w5_charls_CN.dta","zchildgender_4_","numeric","ZChildName[4]'的性别","","zchildgender_4_ ZChildName[4]'的性别"
"translated_combined_w5","restricted_source/w5_charls_CN.dta","zchildgender_5_","numeric","ZChildName[5]'的性别","","zchildgender_5_ ZChildName[5]'的性别"
"translated_combined_w5","restricted_source/w5_charls_CN.dta","zchildgender_6_","numeric","ZChildName[6]'的性别","","zchildgender_6_ ZChildName[6]'的性别"
"translated_combined_w5","restricted_source/w5_charls_CN.dta","zchildgender_7_","numeric","ZChildName[7]'的性别","","zchildgender_7_ ZChildName[7]'的性别"
"translated_combined_w5","restricted_source/w5_charls_CN.dta","zchildgender_8_","numeric","ZChildName[8]的性别","","zchildgender_8_ ZChildName[8]的性别"
"translated_combined_w5","restricted_source/w5_charls_CN.dta","zchildgender_9_","numeric","ZChildName[9]的性别","","zchildgender_9_ ZChildName[9]的性别"
"translated_combined_w5","restricted_source/w5_charls_CN.dta","zchildgender_10_","numeric","ZChildName[10]的性别","","zchildgender_10_ ZChildName[10]的性别"
"translated_combined_w5","restricted_source/w5_charls_CN.dta","zchildgender_11_","numeric","ZChildName[11]的性别","","zchildgender_11_ ZChildName[11]的性别"
"translated_combined_w5","restricted_source/w5_charls_CN.dta","zchildgender_12_","numeric","ZChildName[12]的性别","","zchildgender_12_ ZChildName[12]的性别"
"translated_combined_w5","restricted_source/w5_charls_CN.dta","zchildgender_13_","numeric","ZChildName[13]的性别","","zchildgender_13_ ZChildName[13]的性别"
"translated_combined_w5","restricted_source/w5_charls_CN.dta","zchildgender_14_","numeric","ZChildName[14]的性别","","zchildgender_14_ ZChildName[14]的性别"
"translated_combined_w5","restricted_source/w5_charls_CN.dta","zchildgender_15_","numeric","ZChildName[15]的性别","","zchildgender_15_ ZChildName[15]的性别"
"translated_combined_w5","restricted_source/w5_charls_CN.dta","zchildgender_16_","numeric","ZChildName[16]的性别","","zchildgender_16_ ZChildName[16]的性别"
"translated_combined_w5","restricted_source/w5_charls_CN.dta","zchildgender_17_","numeric","ZChildName[17]的性别","","zchildgender_17_ ZChildName[17]的性别"
"translated_combined_w5","restricted_source/w5_charls_CN.dta","zchildedu_1_","numeric","ZChildName[1]的最高学位","","zchildedu_1_ ZChildName[1]的最高学位"
"translated_combined_w5","restricted_source/w5_charls_CN.dta","zchildedu_2_","numeric","ZChildName[2]'的最高学位","","zchildedu_2_ ZChildName[2]'的最高学位"
"translated_combined_w5","restricted_source/w5_charls_CN.dta","zchildedu_3_","numeric","ZChildName[3]'的最高学位","","zchildedu_3_ ZChildName[3]'的最高学位"
"translated_combined_w5","restricted_source/w5_charls_CN.dta","zchildedu_4_","numeric","ZChildName[4]'的最高学位","","zchildedu_4_ ZChildName[4]'的最高学位"
"translated_combined_w5","restricted_source/w5_charls_CN.dta","zchildedu_5_","numeric","ZChildName[5]'的最高学位","","zchildedu_5_ ZChildName[5]'的最高学位"
"translated_combined_w5","restricted_source/w5_charls_CN.dta","zchildedu_6_","numeric","ZChildName[6]'的最高学位","","zchildedu_6_ ZChildName[6]'的最高学位"
"translated_combined_w5","restricted_source/w5_charls_CN.dta","zchildedu_7_","numeric","ZChildName[7]'的最高学位","","zchildedu_7_ ZChildName[7]'的最高学位"
"translated_combined_w5","restricted_source/w5_charls_CN.dta","zchildedu_8_","numeric","ZChildName[8]'的最高学位","","zchildedu_8_ ZChildName[8]'的最高学位"
"translated_combined_w5","restricted_source/w5_charls_CN.dta","zchildedu_9_","numeric","ZChildName[9]'的最高学位","","zchildedu_9_ ZChildName[9]'的最高学位"
"translated_combined_w5","restricted_source/w5_charls_CN.dta","zchildedu_10_","numeric","ZChildName[10]'的最高学位","","zchildedu_10_ ZChildName[10]'的最高学位"
"translated_combined_w5","restricted_source/w5_charls_CN.dta","zchildedu_11_","numeric","ZChildName[11]'的最高学位","","zchildedu_11_ ZChildName[11]'的最高学位"
"translated_combined_w5","restricted_source/w5_charls_CN.dta","zchildedu_12_","numeric","ZChildName[12]'s 最高学位","","zchildedu_12_ ZChildName[12]'s 最高学位"
"raw_health","restricted_source/Health_Status_and_Functioning.dta","ID","character","Individual ID","","ID Individual ID"
"raw_health","restricted_source/Health_Status_and_Functioning.dta","householdID","character","Household ID","","householdID Household ID"
"raw_health","restricted_source/Health_Status_and_Functioning.dta","communityID","character","Community ID","","communityID Community ID"
"raw_health","restricted_source/Health_Status_and_Functioning.dta","proxy","haven_labelled/vctrs_vctr/double","Proxy","1 Yes=1","proxy Proxy"
"raw_health","restricted_source/Health_Status_and_Functioning.dta","proxy_5","haven_labelled/vctrs_vctr/double","Proxy for Health Module","1 Yes=1 | 2 No=2","proxy_5 Proxy for Health Module"
"raw_health","restricted_source/Health_Status_and_Functioning.dta","da001","haven_labelled/vctrs_vctr/double","Self-Reported Health Status","1 Very Good=1 | 2 Good=2 | 3 Fair=3 | 4 Poor=4 | 5 Very Poor=5 | 997 Don't Know=997","da001 Self-Reported Health Status"
"raw_health","restricted_source/Health_Status_and_Functioning.dta","da002_1_","haven_labelled/vctrs_vctr/double","Doctor Diagnosed Disease [1] Compared to ZIWTime","1 Better=1 | 2 Worse=2 | 3 Same=3 | 99 Never Had the Disease=99","da002_1_ Doctor Diagnosed Disease [1] Compared to ZIWTime"
"raw_health","restricted_source/Health_Status_and_Functioning.dta","da002_2_","haven_labelled/vctrs_vctr/double","Doctor Diagnosed Disease [2] Compared to ZIWTime","1 Better=1 | 2 Worse=2 | 3 Same=3 | 99 Never Had the Disease=99","da002_2_ Doctor Diagnosed Disease [2] Compared to ZIWTime"
"raw_health","restricted_source/Health_Status_and_Functioning.dta","da002_3_","haven_labelled/vctrs_vctr/double","Doctor Diagnosed Disease [3] Compared to ZIWTime","1 Better=1 | 2 Worse=2 | 3 Same=3 | 99 Never Had the Disease=99","da002_3_ Doctor Diagnosed Disease [3] Compared to ZIWTime"
"raw_health","restricted_source/Health_Status_and_Functioning.dta","da002_4_","haven_labelled/vctrs_vctr/double","Doctor Diagnosed Disease [4] Compared to ZIWTime","1 Better=1 | 2 Worse=2 | 3 Same=3 | 99 Never Had the Disease=99","da002_4_ Doctor Diagnosed Disease [4] Compared to ZIWTime"
"raw_health","restricted_source/Health_Status_and_Functioning.dta","da002_5_","haven_labelled/vctrs_vctr/double","Doctor Diagnosed Disease [5] Compared to ZIWTime","1 Better=1 | 2 Worse=2 | 3 Same=3 | 99 Never Had the Disease=99","da002_5_ Doctor Diagnosed Disease [5] Compared to ZIWTime"
"raw_health","restricted_source/Health_Status_and_Functioning.dta","da002_6_","haven_labelled/vctrs_vctr/double","Doctor Diagnosed Disease [6] Compared to ZIWTime","1 Better=1 | 2 Worse=2 | 3 Same=3 | 99 Never Had the Disease=99","da002_6_ Doctor Diagnosed Disease [6] Compared to ZIWTime"
"raw_health","restricted_source/Health_Status_and_Functioning.dta","da002_7_","haven_labelled/vctrs_vctr/double","Doctor Diagnosed Disease [7] Compared to ZIWTime","1 Better=1 | 2 Worse=2 | 3 Same=3 | 99 Never Had the Disease=99","da002_7_ Doctor Diagnosed Disease [7] Compared to ZIWTime"
"raw_health","restricted_source/Health_Status_and_Functioning.dta","da002_8_","haven_labelled/vctrs_vctr/double","Doctor Diagnosed Disease [8] Compared to ZIWTime","1 Better=1 | 2 Worse=2 | 3 Same=3 | 99 Never Had the Disease=99","da002_8_ Doctor Diagnosed Disease [8] Compared to ZIWTime"
"raw_health","restricted_source/Health_Status_and_Functioning.dta","da002_9_","haven_labelled/vctrs_vctr/double","Doctor Diagnosed Disease [9] Compared to ZIWTime","1 Better=1 | 2 Worse=2 | 3 Same=3 | 99 Never Had the Disease=99","da002_9_ Doctor Diagnosed Disease [9] Compared to ZIWTime"
"raw_health","restricted_source/Health_Status_and_Functioning.dta","da002_10_","haven_labelled/vctrs_vctr/double","Doctor Diagnosed Disease [10] Compared to ZIWTime","1 Better=1 | 2 Worse=2 | 3 Same=3 | 99 Never Had the Disease=99","da002_10_ Doctor Diagnosed Disease [10] Compared to ZIWTime"
"raw_health","restricted_source/Health_Status_and_Functioning.dta","da002_11_","haven_labelled/vctrs_vctr/double","Doctor Diagnosed Disease [11] Compared to ZIWTime","1 Better=1 | 2 Worse=2 | 3 Same=3 | 99 Never Had the Disease=99","da002_11_ Doctor Diagnosed Disease [11] Compared to ZIWTime"
"raw_health","restricted_source/Health_Status_and_Functioning.dta","da002_12_","haven_labelled/vctrs_vctr/double","Doctor Diagnosed Disease [12] Compared to ZIWTime","1 Better=1 | 2 Worse=2 | 3 Same=3 | 99 Never Had the Disease=99","da002_12_ Doctor Diagnosed Disease [12] Compared to ZIWTime"
"raw_health","restricted_source/Health_Status_and_Functioning.dta","da002_13_","haven_labelled/vctrs_vctr/double","Doctor Diagnosed Disease [13] Compared to ZIWTime","1 Better=1 | 2 Worse=2 | 3 Same=3 | 99 Never Had the Disease=99","da002_13_ Doctor Diagnosed Disease [13] Compared to ZIWTime"
"raw_health","restricted_source/Health_Status_and_Functioning.dta","da002_14_","haven_labelled/vctrs_vctr/double","Doctor Diagnosed Disease [14] Compared to ZIWTime","1 Better=1 | 2 Worse=2 | 3 Same=3 | 99 Never Had the Disease=99","da002_14_ Doctor Diagnosed Disease [14] Compared to ZIWTime"
"raw_health","restricted_source/Health_Status_and_Functioning.dta","da002_15_","haven_labelled/vctrs_vctr/double","Doctor Diagnosed Disease [15] Compared to ZIWTime","1 Better=1 | 2 Worse=2 | 3 Same=3 | 99 Never Had the Disease=99","da002_15_ Doctor Diagnosed Disease [15] Compared to ZIWTime"
"raw_health","restricted_source/Health_Status_and_Functioning.dta","da002_1_1_","haven_labelled/vctrs_vctr/double","Self-know Disease [1] Compared to ZIWTime","1 Better=1 | 2 Worse=2 | 3 Same=3 | 99 Never Had the Disease=99","da002_1_1_ Self-know Disease [1] Compared to ZIWTime"
"raw_health","restricted_source/Health_Status_and_Functioning.dta","da002_1_5_","haven_labelled/vctrs_vctr/double","Self-know Disease [5] Compared to ZIWTime","1 Better=1 | 2 Worse=2 | 3 Same=3 | 99 Never Had the Disease=99","da002_1_5_ Self-know Disease [5] Compared to ZIWTime"
"raw_health","restricted_source/Health_Status_and_Functioning.dta","da002_1_11_","haven_labelled/vctrs_vctr/double","Self-know Disease [11] Compared to ZIWTime","1 Better=1 | 2 Worse=2 | 3 Same=3 | 99 Never Had the Disease=99","da002_1_11_ Self-know Disease [11] Compared to ZIWTime"
"raw_health","restricted_source/Health_Status_and_Functioning.dta","da003_1_","haven_labelled/vctrs_vctr/double","Diagnosed Disease [1]","1 Yes=1 | 2 No=2","da003_1_ Diagnosed Disease [1]"
"raw_health","restricted_source/Health_Status_and_Functioning.dta","da003_2_","haven_labelled/vctrs_vctr/double","Diagnosed Disease [2]","1 Yes=1 | 2 No=2","da003_2_ Diagnosed Disease [2]"
"raw_health","restricted_source/Health_Status_and_Functioning.dta","da003_3_","haven_labelled/vctrs_vctr/double","Diagnosed Disease [3]","1 Yes=1 | 2 No=2","da003_3_ Diagnosed Disease [3]"
"raw_health","restricted_source/Health_Status_and_Functioning.dta","da003_4_","haven_labelled/vctrs_vctr/double","Diagnosed Disease [4]","1 Yes=1 | 2 No=2","da003_4_ Diagnosed Disease [4]"
"raw_health","restricted_source/Health_Status_and_Functioning.dta","da003_5_","haven_labelled/vctrs_vctr/double","Diagnosed Disease [5]","1 Yes=1 | 2 No=2","da003_5_ Diagnosed Disease [5]"
"raw_health","restricted_source/Health_Status_and_Functioning.dta","da003_6_","haven_labelled/vctrs_vctr/double","Diagnosed Disease [6]","1 Yes=1 | 2 No=2","da003_6_ Diagnosed Disease [6]"
"raw_health","restricted_source/Health_Status_and_Functioning.dta","da003_7_","haven_labelled/vctrs_vctr/double","Diagnosed Disease [7]","1 Yes=1 | 2 No=2","da003_7_ Diagnosed Disease [7]"
"raw_health","restricted_source/Health_Status_and_Functioning.dta","da003_8_","haven_labelled/vctrs_vctr/double","Diagnosed Disease [8]","1 Yes=1 | 2 No=2","da003_8_ Diagnosed Disease [8]"
"raw_health","restricted_source/Health_Status_and_Functioning.dta","da003_9_","haven_labelled/vctrs_vctr/double","Diagnosed Disease [9]","1 Yes=1 | 2 No=2","da003_9_ Diagnosed Disease [9]"
"raw_health","restricted_source/Health_Status_and_Functioning.dta","da003_10_","haven_labelled/vctrs_vctr/double","Diagnosed Disease [10]","1 Yes=1 | 2 No=2","da003_10_ Diagnosed Disease [10]"
"raw_health","restricted_source/Health_Status_and_Functioning.dta","da003_11_","haven_labelled/vctrs_vctr/double","Diagnosed Disease [11]","1 Yes=1 | 2 No=2","da003_11_ Diagnosed Disease [11]"
"raw_health","restricted_source/Health_Status_and_Functioning.dta","da003_12_","haven_labelled/vctrs_vctr/double","Diagnosed Disease [12]","1 Yes=1 | 2 No=2","da003_12_ Diagnosed Disease [12]"
"raw_health","restricted_source/Health_Status_and_Functioning.dta","da003_13_","haven_labelled/vctrs_vctr/double","Diagnosed Disease [13]","1 Yes=1 | 2 No=2","da003_13_ Diagnosed Disease [13]"
"raw_health","restricted_source/Health_Status_and_Functioning.dta","da003_14_","haven_labelled/vctrs_vctr/double","Diagnosed Disease [14]","1 Yes=1 | 2 No=2","da003_14_ Diagnosed Disease [14]"
"raw_health","restricted_source/Health_Status_and_Functioning.dta","da003_15_","haven_labelled/vctrs_vctr/double","Diagnosed Disease [15]","1 Yes=1 | 2 No=2","da003_15_ Diagnosed Disease [15]"
"raw_health","restricted_source/Health_Status_and_Functioning.dta","da004_1_","haven_labelled/vctrs_vctr/double","Self-known Disease [1]","1 Yes=1 | 2 No=2 | 3 Don't Know=3","da004_1_ Self-known Disease [1]"
"raw_health","restricted_source/Health_Status_and_Functioning.dta","da004_5_","haven_labelled/vctrs_vctr/double","Self-known Disease [5]","1 Yes=1 | 2 No=2 | 3 Don't Know=3","da004_5_ Self-known Disease [5]"
"raw_health","restricted_source/Health_Status_and_Functioning.dta","da004_11_","haven_labelled/vctrs_vctr/double","Self-known Disease [11]","1 Yes=1 | 2 No=2 | 3 Don't Know=3","da004_11_ Self-known Disease [11]"
"raw_health","restricted_source/Health_Status_and_Functioning.dta","da005","haven_labelled/vctrs_vctr/double","Out-patient Service","1 Yes=1 | 2 No=2","da005 Out-patient Service"
"raw_health","restricted_source/Health_Status_and_Functioning.dta","da006","numeric","Out-patient Service Times","","da006 Out-patient Service Times"
"raw_health","restricted_source/Health_Status_and_Functioning.dta","da007","haven_labelled/vctrs_vctr/double","In-patient Service","1 Yes=1 | 2 No=2","da007 In-patient Service"
"raw_health","restricted_source/Health_Status_and_Functioning.dta","da008","numeric","In-patient Service Times","","da008 In-patient Service Times"
"raw_health","restricted_source/Health_Status_and_Functioning.dta","da009","haven_labelled/vctrs_vctr/double","Delayed Medical Service","1 Yes=1 | 2 No=2","da009 Delayed Medical Service"
"raw_health","restricted_source/Health_Status_and_Functioning.dta","da010_s1","haven_labelled/vctrs_vctr/double","Delayed Medical Service 1: In-patient Service, Big Surgery","0 No=0 | 1 Yes=1","da010_s1 Delayed Medical Service 1: In-patient Service, Big Surgery"
"raw_health","restricted_source/Health_Status_and_Functioning.dta","da010_s2","haven_labelled/vctrs_vctr/double","Delayed Medical Service 1: Out-patient Service, Small Surgery","0 No=0 | 2 Yes=2","da010_s2 Delayed Medical Service 1: Out-patient Service, Small Surgery"
"raw_health","restricted_source/Health_Status_and_Functioning.dta","da010_s3","haven_labelled/vctrs_vctr/double","Delayed Medical Service 1: Out-patient Service","0 No=0 | 3 Yes=3","da010_s3 Delayed Medical Service 1: Out-patient Service"
"raw_health","restricted_source/Health_Status_and_Functioning.dta","da010_s4","haven_labelled/vctrs_vctr/double","Delayed Medical Service 1: Prescribtion for medicine","0 No=0 | 4 Yes=4","da010_s4 Delayed Medical Service 1: Prescribtion for medicine"
"raw_health","restricted_source/Health_Status_and_Functioning.dta","da010_s5","haven_labelled/vctrs_vctr/double","Delayed Medical Service 1: Dental care","0 No=0 | 5 Yes=5","da010_s5 Delayed Medical Service 1: Dental care"
"raw_health","restricted_source/Health_Status_and_Functioning.dta","da010_s6","haven_labelled/vctrs_vctr/double","Delayed Medical Service 1: Others, Please Specify","0 No=0 | 6 Yes=6","da010_s6 Delayed Medical Service 1: Others, Please Specify"
"raw_health","restricted_source/Health_Status_and_Functioning.dta","da011_s1","haven_labelled/vctrs_vctr/double","Reason for Out-patient Service: New Symptoms","0 No=0 | 1 Yes=1","da011_s1 Reason for Out-patient Service: New Symptoms"
"raw_health","restricted_source/Health_Status_and_Functioning.dta","da011_s2","haven_labelled/vctrs_vctr/double","Reason for Out-patient Service: Prevalent Disease","0 No=0 | 2 Yes=2","da011_s2 Reason for Out-patient Service: Prevalent Disease"
"raw_health","restricted_source/Health_Status_and_Functioning.dta","da011_s3","haven_labelled/vctrs_vctr/double","Reason for Out-patient Service: Regular Physical Examination","0 No=0 | 3 Yes=3","da011_s3 Reason for Out-patient Service: Regular Physical Examination"
"raw_health","restricted_source/Health_Status_and_Functioning.dta","da012_s1","haven_labelled/vctrs_vctr/double","Reason for Delayed: Unavailable for Appointment","0 No=0 | 1 Yes=1","da012_s1 Reason for Delayed: Unavailable for Appointment"
"raw_health","restricted_source/Health_Status_and_Functioning.dta","da012_s2","haven_labelled/vctrs_vctr/double","Reason for Delayed: Change Scedule of Hospital","0 No=0 | 2 Yes=2","da012_s2 Reason for Delayed: Change Scedule of Hospital"
"raw_health","restricted_source/Health_Status_and_Functioning.dta","da012_s3","haven_labelled/vctrs_vctr/double","Reason for Delayed: I decided to Visit Later","0 No=0 | 3 Yes=3","da012_s3 Reason for Delayed: I decided to Visit Later"
"raw_health","restricted_source/Health_Status_and_Functioning.dta","da012_s4","haven_labelled/vctrs_vctr/double","Reason for Delayed: I am Afraid to go to Hospital","0 No=0 | 4 Yes=4","da012_s4 Reason for Delayed: I am Afraid to go to Hospital"
"raw_health","restricted_source/Health_Status_and_Functioning.dta","da012_s5","haven_labelled/vctrs_vctr/double","Reason for Delayed: Others, Please Specify","0 No=0 | 5 Yes=5","da012_s5 Reason for Delayed: Others, Please Specify"
"raw_health","restricted_source/Health_Status_and_Functioning.dta","da013","haven_labelled/vctrs_vctr/double","RIW: Time for the Latest Physical Examination","1 Year and Month=1 | 2 No Physical Examination Since ZIWTime=2","da013 RIW: Time for the Latest Physical Examination"
"raw_health","restricted_source/Health_Status_and_Functioning.dta","da013_1","numeric","Year","","da013_1 Year"
"raw_health","restricted_source/Health_Status_and_Functioning.dta","da013_2","numeric","Month","","da013_2 Month"
"raw_health","restricted_source/Health_Status_and_Functioning.dta","da014","haven_labelled/vctrs_vctr/double","NIW: Time for the Latest Physical Examination","1 Year and Month=1 | 2 No Physical Examination Lifetime=2","da014 NIW: Time for the Latest Physical Examination"
"raw_health","restricted_source/Health_Status_and_Functioning.dta","da014_1","numeric","Year","","da014_1 Year"
"raw_health","restricted_source/Health_Status_and_Functioning.dta","da014_2","numeric","Month","","da014_2 Month"
"raw_health","restricted_source/Health_Status_and_Functioning.dta","da019","haven_labelled/vctrs_vctr/double","RIW: Traffic Accident/Injury and Received Medical Treatment Since ZIWTime","1 Yes=1 | 2 No=2","da019 RIW: Traffic Accident/Injury and Received Medical Treatment Since ZIWTime"
"raw_health","restricted_source/Health_Status_and_Functioning.dta","da020","haven_labelled/vctrs_vctr/double","NIW: Traffic Accident/Injury and Received Medical Treatment","1 Yes=1 | 2 No=2","da020 NIW: Traffic Accident/Injury and Received Medical Treatment"
"raw_health","restricted_source/Health_Status_and_Functioning.dta","da021","haven_labelled/vctrs_vctr/double","Traffic Accident/Injury Limit Daily Activities","1 Yes=1 | 2 No=2","da021 Traffic Accident/Injury Limit Daily Activities"
"raw_health","restricted_source/Health_Status_and_Functioning.dta","da022","haven_labelled/vctrs_vctr/double","Fallen Down since ZIWTime","1 Yes=1 | 2 No=2","da022 Fallen Down since ZIWTime"
"raw_health","restricted_source/Health_Status_and_Functioning.dta","da023","haven_labelled/vctrs_vctr/double","Fallen Down","1 Yes=1 | 2 No=2","da023 Fallen Down"
"raw_health","restricted_source/Health_Status_and_Functioning.dta","da024","numeric","Times Fallen Down Needing Medical Treatment","","da024 Times Fallen Down Needing Medical Treatment"
"raw_health","restricted_source/Health_Status_and_Functioning.dta","da025","haven_labelled/vctrs_vctr/double","Fractured Hip since ZIWTime","1 Yes=1 | 2 No=2","da025 Fractured Hip since ZIWTime"
"raw_health","restricted_source/Health_Status_and_Functioning.dta","da026","haven_labelled/vctrs_vctr/double","Fractured Hip","1 Yes=1 | 2 No=2","da026 Fractured Hip"
"raw_health","restricted_source/Health_Status_and_Functioning.dta","da027","haven_labelled/vctrs_vctr/double","Troubled with Body Pain","1 None=1 | 2 A little=2 | 3 Somewhat=3 | 4 Quite a Bit=4 | 5 Very=5","da027 Troubled with Body Pain"
"raw_health","restricted_source/Health_Status_and_Functioning.dta","da028_s1","haven_labelled/vctrs_vctr/double","Body Parts Feeling Pain","0 No=0 | 1 Head (Headache)=1 | 2 Shoulder=2 | 3 Arm=3 | 4 Wrist=4 | 5 Fingers=5 | 6 Chest=6 | 7 Stomach (Stomachache)=7 | 8 Back=8 | 9 Waist=9 | 10 Buttocks=10 | 11 Leg=11 | 12 Knees=12 | 13 Ankle=13 | 14 Toes=14 | 15 Neck=15 | 16 Other, Please Specify=16","da028_s1 Body Parts Feeling Pain"
"raw_health","restricted_source/Health_Status_and_Functioning.dta","da028_s2","haven_labelled/vctrs_vctr/double","Body Parts Feeling Pain","0 No=0 | 1 Head (Headache)=1 | 2 Shoulder=2 | 3 Arm=3 | 4 Wrist=4 | 5 Fingers=5 | 6 Chest=6 | 7 Stomach (Stomachache)=7 | 8 Back=8 | 9 Waist=9 | 10 Buttocks=10 | 11 Leg=11 | 12 Knees=12 | 13 Ankle=13 | 14 Toes=14 | 15 Neck=15 | 16 Other, Please Specify=16","da028_s2 Body Parts Feeling Pain"
"raw_health","restricted_source/Health_Status_and_Functioning.dta","da028_s3","haven_labelled/vctrs_vctr/double","Body Parts Feeling Pain","0 No=0 | 1 Head (Headache)=1 | 2 Shoulder=2 | 3 Arm=3 | 4 Wrist=4 | 5 Fingers=5 | 6 Chest=6 | 7 Stomach (Stomachache)=7 | 8 Back=8 | 9 Waist=9 | 10 Buttocks=10 | 11 Leg=11 | 12 Knees=12 | 13 Ankle=13 | 14 Toes=14 | 15 Neck=15 | 16 Other, Please Specify=16","da028_s3 Body Parts Feeling Pain"
"raw_health","restricted_source/Health_Status_and_Functioning.dta","da028_s4","haven_labelled/vctrs_vctr/double","Body Parts Feeling Pain","0 No=0 | 1 Head (Headache)=1 | 2 Shoulder=2 | 3 Arm=3 | 4 Wrist=4 | 5 Fingers=5 | 6 Chest=6 | 7 Stomach (Stomachache)=7 | 8 Back=8 | 9 Waist=9 | 10 Buttocks=10 | 11 Leg=11 | 12 Knees=12 | 13 Ankle=13 | 14 Toes=14 | 15 Neck=15 | 16 Other, Please Specify=16","da028_s4 Body Parts Feeling Pain"
"raw_health","restricted_source/Health_Status_and_Functioning.dta","da028_s5","haven_labelled/vctrs_vctr/double","Body Parts Feeling Pain","0 No=0 | 1 Head (Headache)=1 | 2 Shoulder=2 | 3 Arm=3 | 4 Wrist=4 | 5 Fingers=5 | 6 Chest=6 | 7 Stomach (Stomachache)=7 | 8 Back=8 | 9 Waist=9 | 10 Buttocks=10 | 11 Leg=11 | 12 Knees=12 | 13 Ankle=13 | 14 Toes=14 | 15 Neck=15 | 16 Other, Please Specify=16","da028_s5 Body Parts Feeling Pain"
"raw_health","restricted_source/Health_Status_and_Functioning.dta","da028_s6","haven_labelled/vctrs_vctr/double","Body Parts Feeling Pain","0 No=0 | 1 Head (Headache)=1 | 2 Shoulder=2 | 3 Arm=3 | 4 Wrist=4 | 5 Fingers=5 | 6 Chest=6 | 7 Stomach (Stomachache)=7 | 8 Back=8 | 9 Waist=9 | 10 Buttocks=10 | 11 Leg=11 | 12 Knees=12 | 13 Ankle=13 | 14 Toes=14 | 15 Neck=15 | 16 Other, Please Specify=16","da028_s6 Body Parts Feeling Pain"
"raw_health","restricted_source/Health_Status_and_Functioning.dta","da028_s7","haven_labelled/vctrs_vctr/double","Body Parts Feeling Pain","0 No=0 | 1 Head (Headache)=1 | 2 Shoulder=2 | 3 Arm=3 | 4 Wrist=4 | 5 Fingers=5 | 6 Chest=6 | 7 Stomach (Stomachache)=7 | 8 Back=8 | 9 Waist=9 | 10 Buttocks=10 | 11 Leg=11 | 12 Knees=12 | 13 Ankle=13 | 14 Toes=14 | 15 Neck=15 | 16 Other, Please Specify=16","da028_s7 Body Parts Feeling Pain"
"raw_health","restricted_source/Health_Status_and_Functioning.dta","da028_s8","haven_labelled/vctrs_vctr/double","Body Parts Feeling Pain","0 No=0 | 1 Head (Headache)=1 | 2 Shoulder=2 | 3 Arm=3 | 4 Wrist=4 | 5 Fingers=5 | 6 Chest=6 | 7 Stomach (Stomachache)=7 | 8 Back=8 | 9 Waist=9 | 10 Buttocks=10 | 11 Leg=11 | 12 Knees=12 | 13 Ankle=13 | 14 Toes=14 | 15 Neck=15 | 16 Other, Please Specify=16","da028_s8 Body Parts Feeling Pain"
"raw_health","restricted_source/Health_Status_and_Functioning.dta","da028_s9","haven_labelled/vctrs_vctr/double","Body Parts Feeling Pain","0 No=0 | 1 Head (Headache)=1 | 2 Shoulder=2 | 3 Arm=3 | 4 Wrist=4 | 5 Fingers=5 | 6 Chest=6 | 7 Stomach (Stomachache)=7 | 8 Back=8 | 9 Waist=9 | 10 Buttocks=10 | 11 Leg=11 | 12 Knees=12 | 13 Ankle=13 | 14 Toes=14 | 15 Neck=15 | 16 Other, Please Specify=16","da028_s9 Body Parts Feeling Pain"
"raw_health","restricted_source/Health_Status_and_Functioning.dta","da028_s10","haven_labelled/vctrs_vctr/double","Body Parts Feeling Pain","0 No=0 | 1 Head (Headache)=1 | 2 Shoulder=2 | 3 Arm=3 | 4 Wrist=4 | 5 Fingers=5 | 6 Chest=6 | 7 Stomach (Stomachache)=7 | 8 Back=8 | 9 Waist=9 | 10 Buttocks=10 | 11 Leg=11 | 12 Knees=12 | 13 Ankle=13 | 14 Toes=14 | 15 Neck=15 | 16 Other, Please Specify=16","da028_s10 Body Parts Feeling Pain"
"raw_health","restricted_source/Health_Status_and_Functioning.dta","da028_s11","haven_labelled/vctrs_vctr/double","Body Parts Feeling Pain","0 No=0 | 1 Head (Headache)=1 | 2 Shoulder=2 | 3 Arm=3 | 4 Wrist=4 | 5 Fingers=5 | 6 Chest=6 | 7 Stomach (Stomachache)=7 | 8 Back=8 | 9 Waist=9 | 10 Buttocks=10 | 11 Leg=11 | 12 Knees=12 | 13 Ankle=13 | 14 Toes=14 | 15 Neck=15 | 16 Other, Please Specify=16","da028_s11 Body Parts Feeling Pain"
"raw_health","restricted_source/Health_Status_and_Functioning.dta","da028_s12","haven_labelled/vctrs_vctr/double","Body Parts Feeling Pain","0 No=0 | 1 Head (Headache)=1 | 2 Shoulder=2 | 3 Arm=3 | 4 Wrist=4 | 5 Fingers=5 | 6 Chest=6 | 7 Stomach (Stomachache)=7 | 8 Back=8 | 9 Waist=9 | 10 Buttocks=10 | 11 Leg=11 | 12 Knees=12 | 13 Ankle=13 | 14 Toes=14 | 15 Neck=15 | 16 Other, Please Specify=16","da028_s12 Body Parts Feeling Pain"
"raw_health","restricted_source/Health_Status_and_Functioning.dta","da028_s13","haven_labelled/vctrs_vctr/double","Body Parts Feeling Pain","0 No=0 | 1 Head (Headache)=1 | 2 Shoulder=2 | 3 Arm=3 | 4 Wrist=4 | 5 Fingers=5 | 6 Chest=6 | 7 Stomach (Stomachache)=7 | 8 Back=8 | 9 Waist=9 | 10 Buttocks=10 | 11 Leg=11 | 12 Knees=12 | 13 Ankle=13 | 14 Toes=14 | 15 Neck=15 | 16 Other, Please Specify=16","da028_s13 Body Parts Feeling Pain"
"raw_health","restricted_source/Health_Status_and_Functioning.dta","da028_s14","haven_labelled/vctrs_vctr/double","Body Parts Feeling Pain","0 No=0 | 1 Head (Headache)=1 | 2 Shoulder=2 | 3 Arm=3 | 4 Wrist=4 | 5 Fingers=5 | 6 Chest=6 | 7 Stomach (Stomachache)=7 | 8 Back=8 | 9 Waist=9 | 10 Buttocks=10 | 11 Leg=11 | 12 Knees=12 | 13 Ankle=13 | 14 Toes=14 | 15 Neck=15 | 16 Other, Please Specify=16","da028_s14 Body Parts Feeling Pain"
"raw_health","restricted_source/Health_Status_and_Functioning.dta","da028_s15","haven_labelled/vctrs_vctr/double","Body Parts Feeling Pain","0 No=0 | 1 Head (Headache)=1 | 2 Shoulder=2 | 3 Arm=3 | 4 Wrist=4 | 5 Fingers=5 | 6 Chest=6 | 7 Stomach (Stomachache)=7 | 8 Back=8 | 9 Waist=9 | 10 Buttocks=10 | 11 Leg=11 | 12 Knees=12 | 13 Ankle=13 | 14 Toes=14 | 15 Neck=15 | 16 Other, Please Specify=16","da028_s15 Body Parts Feeling Pain"
"raw_health","restricted_source/Health_Status_and_Functioning.dta","da028_s16","haven_labelled/vctrs_vctr/double","Body Parts Feeling Pain","0 No=0 | 1 Head (Headache)=1 | 2 Shoulder=2 | 3 Arm=3 | 4 Wrist=4 | 5 Fingers=5 | 6 Chest=6 | 7 Stomach (Stomachache)=7 | 8 Back=8 | 9 Waist=9 | 10 Buttocks=10 | 11 Leg=11 | 12 Knees=12 | 13 Ankle=13 | 14 Toes=14 | 15 Neck=15 | 16 Other, Please Specify=16","da028_s16 Body Parts Feeling Pain"
"raw_health","restricted_source/Health_Status_and_Functioning.dta","da029","haven_labelled/vctrs_vctr/double","Life Expectancy","1 Almost Impossible=1 | 2 Not Very Likely=2 | 3 Maybe=3 | 4 Very Likely=4 | 5 Almost Certain=5 | 997 Don't Know=997","da029 Life Expectancy"
"raw_health","restricted_source/Health_Status_and_Functioning.dta","da030","numeric","During Last Month Average Hours of Actual Sleep","","da030 During Last Month Average Hours of Actual Sleep"
"raw_health","restricted_source/Health_Status_and_Functioning.dta","da031","numeric","During Last Month Time for a Nap after Lunch","","da031 During Last Month Time for a Nap after Lunch"
"raw_health","restricted_source/Health_Status_and_Functioning.dta","da032_1_","haven_labelled/vctrs_vctr/double","Intensive Physical Activity More than 10 Mins Each Time","1 Yes=1 | 2 No=2","da032_1_ Intensive Physical Activity More than 10 Mins Each Time"
"raw_health","restricted_source/Health_Status_and_Functioning.dta","da032_2_","haven_labelled/vctrs_vctr/double","Moderate Physical Activity More than 10 Mins Each Time","1 Yes=1 | 2 No=2","da032_2_ Moderate Physical Activity More than 10 Mins Each Time"
"raw_health","restricted_source/Health_Status_and_Functioning.dta","da032_3_","haven_labelled/vctrs_vctr/double","Light Physical Activity More than 10 Mins Each Time","1 Yes=1 | 2 No=2","da032_3_ Light Physical Activity More than 10 Mins Each Time"
"raw_health","restricted_source/Health_Status_and_Functioning.dta","da033_1_","numeric","Days with Intensive Physical Activity","","da033_1_ Days with Intensive Physical Activity"
"raw_health","restricted_source/Health_Status_and_Functioning.dta","da033_2_","numeric","Days with Moderate Physical Activity","","da033_2_ Days with Moderate Physical Activity"
"raw_health","restricted_source/Health_Status_and_Functioning.dta","da033_3_","numeric","Days with Light Physical Activity","","da033_3_ Days with Light Physical Activity"
"raw_health","restricted_source/Health_Status_and_Functioning.dta","da034_1_","haven_labelled/vctrs_vctr/double","Time with Intensive Physical Activity","1 <2 Hours=1 | 2 >=2 Hours=2","da034_1_ Time with Intensive Physical Activity"
"raw_health","restricted_source/Health_Status_and_Functioning.dta","da034_2_","haven_labelled/vctrs_vctr/double","Time with Moderate Physical Activity","1 <2 Hours=1 | 2 >=2 Hours=2","da034_2_ Time with Moderate Physical Activity"
"raw_health","restricted_source/Health_Status_and_Functioning.dta","da034_3_","haven_labelled/vctrs_vctr/double","Time with Light Physical Activity","1 <2 Hours=1 | 2 >=2 Hours=2","da034_3_ Time with Light Physical Activity"
"raw_health","restricted_source/Health_Status_and_Functioning.dta","da035_1_","haven_labelled/vctrs_vctr/double","Time with Intensive Physical Activity","1 <30 Minutes=1 | 2 >=30 Minutes=2","da035_1_ Time with Intensive Physical Activity"
"raw_health","restricted_source/Health_Status_and_Functioning.dta","da035_2_","haven_labelled/vctrs_vctr/double","Time with Moderate Physical Activity","1 <30 Minutes=1 | 2 >=30 Minutes=2","da035_2_ Time with Moderate Physical Activity"
"raw_health","restricted_source/Health_Status_and_Functioning.dta","da035_3_","haven_labelled/vctrs_vctr/double","Time with Light Physical Activity","1 <30 Minutes=1 | 2 >=30 Minutes=2","da035_3_ Time with Light Physical Activity"
"raw_health","restricted_source/Health_Status_and_Functioning.dta","da036_1_","haven_labelled/vctrs_vctr/double","Time with Intensive Physical Activity","1 <4 Hours=1 | 2 >=4 Hours=2","da036_1_ Time with Intensive Physical Activity"
"raw_health","restricted_source/Health_Status_and_Functioning.dta","da036_2_","haven_labelled/vctrs_vctr/double","Time with Moderate Physical Activity","1 <4 Hours=1 | 2 >=4 Hours=2","da036_2_ Time with Moderate Physical Activity"
"raw_health","restricted_source/Health_Status_and_Functioning.dta","da036_3_","haven_labelled/vctrs_vctr/double","Time with Light Physical Activity","1 <4 Hours=1 | 2 >=4 Hours=2","da036_3_ Time with Light Physical Activity"
"raw_health","restricted_source/Health_Status_and_Functioning.dta","da037_1_","haven_labelled/vctrs_vctr/double","Purpose for Intensive Physical Activity","1 Job Demands=1 | 2 Entertainment=2 | 3 Exercise=3 | 4 Others, Please Specify=4","da037_1_ Purpose for Intensive Physical Activity"
"raw_health","restricted_source/Health_Status_and_Functioning.dta","da037_2_","haven_labelled/vctrs_vctr/double","Purpose for Moderate Physical Activity","1 Job Demands=1 | 2 Entertainment=2 | 3 Exercise=3 | 4 Others, Please Specify=4","da037_2_ Purpose for Moderate Physical Activity"
"raw_health","restricted_source/Health_Status_and_Functioning.dta","da037_3_","haven_labelled/vctrs_vctr/double","Purpose for Light Physical Activity","1 Job Demands=1 | 2 Entertainment=2 | 3 Exercise=3 | 4 Others, Please Specify=4","da037_3_ Purpose for Light Physical Activity"
"raw_health","restricted_source/Health_Status_and_Functioning.dta","da038_s1","haven_labelled/vctrs_vctr/double","Activities in Last Month","0 No=0 | 1 Interacted With Friends=1 | 2 Played Ma-jong, Played Chess, Played Cards, or Went to Community Club=2 | 3 Provided Help to Family, Friends, or Neighbors Who Do Not Live With You=3 | 4 Went to a Sport, Social, or Other Kind of Club=4 | 5 Took Part in a Community-Related Organization=5 | 6 Done Voluntary or Charity work, or Cared for a Sick or Disabled Adult Who Does Not Live With You=6 | 7 Attended an Educational or Training Course=7 | 8 Others, Please Specify=8 | 9 None of These=9","da038_s1 Activities in Last Month"
"raw_health","restricted_source/Health_Status_and_Functioning.dta","da038_s2","haven_labelled/vctrs_vctr/double","Activities in Last Month","0 No=0 | 1 Interacted With Friends=1 | 2 Played Ma-jong, Played Chess, Played Cards, or Went to Community Club=2 | 3 Provided Help to Family, Friends, or Neighbors Who Do Not Live With You=3 | 4 Went to a Sport, Social, or Other Kind of Club=4 | 5 Took Part in a Community-Related Organization=5 | 6 Done Voluntary or Charity work, or Cared for a Sick or Disabled Adult Who Does Not Live With You=6 | 7 Attended an Educational or Training Course=7 | 8 Others, Please Specify=8 | 9 None of These=9","da038_s2 Activities in Last Month"
"raw_health","restricted_source/Health_Status_and_Functioning.dta","da038_s3","haven_labelled/vctrs_vctr/double","Activities in Last Month","0 No=0 | 1 Interacted With Friends=1 | 2 Played Ma-jong, Played Chess, Played Cards, or Went to Community Club=2 | 3 Provided Help to Family, Friends, or Neighbors Who Do Not Live With You=3 | 4 Went to a Sport, Social, or Other Kind of Club=4 | 5 Took Part in a Community-Related Organization=5 | 6 Done Voluntary or Charity work, or Cared for a Sick or Disabled Adult Who Does Not Live With You=6 | 7 Attended an Educational or Training Course=7 | 8 Others, Please Specify=8 | 9 None of These=9","da038_s3 Activities in Last Month"
"raw_health","restricted_source/Health_Status_and_Functioning.dta","da038_s4","haven_labelled/vctrs_vctr/double","Activities in Last Month","0 No=0 | 1 Interacted With Friends=1 | 2 Played Ma-jong, Played Chess, Played Cards, or Went to Community Club=2 | 3 Provided Help to Family, Friends, or Neighbors Who Do Not Live With You=3 | 4 Went to a Sport, Social, or Other Kind of Club=4 | 5 Took Part in a Community-Related Organization=5 | 6 Done Voluntary or Charity work, or Cared for a Sick or Disabled Adult Who Does Not Live With You=6 | 7 Attended an Educational or Training Course=7 | 8 Others, Please Specify=8 | 9 None of These=9","da038_s4 Activities in Last Month"
"raw_health","restricted_source/Health_Status_and_Functioning.dta","da038_s5","haven_labelled/vctrs_vctr/double","Activities in Last Month","0 No=0 | 1 Interacted With Friends=1 | 2 Played Ma-jong, Played Chess, Played Cards, or Went to Community Club=2 | 3 Provided Help to Family, Friends, or Neighbors Who Do Not Live With You=3 | 4 Went to a Sport, Social, or Other Kind of Club=4 | 5 Took Part in a Community-Related Organization=5 | 6 Done Voluntary or Charity work, or Cared for a Sick or Disabled Adult Who Does Not Live With You=6 | 7 Attended an Educational or Training Course=7 | 8 Others, Please Specify=8 | 9 None of These=9","da038_s5 Activities in Last Month"
"raw_health","restricted_source/Health_Status_and_Functioning.dta","da038_s6","haven_labelled/vctrs_vctr/double","Activities in Last Month","0 No=0 | 1 Interacted With Friends=1 | 2 Played Ma-jong, Played Chess, Played Cards, or Went to Community Club=2 | 3 Provided Help to Family, Friends, or Neighbors Who Do Not Live With You=3 | 4 Went to a Sport, Social, or Other Kind of Club=4 | 5 Took Part in a Community-Related Organization=5 | 6 Done Voluntary or Charity work, or Cared for a Sick or Disabled Adult Who Does Not Live With You=6 | 7 Attended an Educational or Training Course=7 | 8 Others, Please Specify=8 | 9 None of These=9","da038_s6 Activities in Last Month"
"raw_health","restricted_source/Health_Status_and_Functioning.dta","da038_s7","haven_labelled/vctrs_vctr/double","Activities in Last Month","0 No=0 | 1 Interacted With Friends=1 | 2 Played Ma-jong, Played Chess, Played Cards, or Went to Community Club=2 | 3 Provided Help to Family, Friends, or Neighbors Who Do Not Live With You=3 | 4 Went to a Sport, Social, or Other Kind of Club=4 | 5 Took Part in a Community-Related Organization=5 | 6 Done Voluntary or Charity work, or Cared for a Sick or Disabled Adult Who Does Not Live With You=6 | 7 Attended an Educational or Training Course=7 | 8 Others, Please Specify=8 | 9 None of These=9","da038_s7 Activities in Last Month"
"raw_health","restricted_source/Health_Status_and_Functioning.dta","da038_s8","haven_labelled/vctrs_vctr/double","Activities in Last Month","0 No=0 | 1 Interacted With Friends=1 | 2 Played Ma-jong, Played Chess, Played Cards, or Went to Community Club=2 | 3 Provided Help to Family, Friends, or Neighbors Who Do Not Live With You=3 | 4 Went to a Sport, Social, or Other Kind of Club=4 | 5 Took Part in a Community-Related Organization=5 | 6 Done Voluntary or Charity work, or Cared for a Sick or Disabled Adult Who Does Not Live With You=6 | 7 Attended an Educational or Training Course=7 | 8 Others, Please Specify=8 | 9 None of These=9","da038_s8 Activities in Last Month"
"raw_health","restricted_source/Health_Status_and_Functioning.dta","da038_s9","haven_labelled/vctrs_vctr/double","Activities in Last Month","0 No=0 | 1 Interacted With Friends=1 | 2 Played Ma-jong, Played Chess, Played Cards, or Went to Community Club=2 | 3 Provided Help to Family, Friends, or Neighbors Who Do Not Live With You=3 | 4 Went to a Sport, Social, or Other Kind of Club=4 | 5 Took Part in a Community-Related Organization=5 | 6 Done Voluntary or Charity work, or Cared for a Sick or Disabled Adult Who Does Not Live With You=6 | 7 Attended an Educational or Training Course=7 | 8 Others, Please Specify=8 | 9 None of These=9","da038_s9 Activities in Last Month"
"raw_health","restricted_source/Health_Status_and_Functioning.dta","da039_1_","haven_labelled/vctrs_vctr/double","Frequency of Activities[1]","1 Almost Daily=1 | 2 Almost Every Week=2 | 3 Not Regularly=3","da039_1_ Frequency of Activities[1]"
"raw_health","restricted_source/Health_Status_and_Functioning.dta","da039_2_","haven_labelled/vctrs_vctr/double","Frequency of Activities[2]","1 Almost Daily=1 | 2 Almost Every Week=2 | 3 Not Regularly=3","da039_2_ Frequency of Activities[2]"
"raw_health","restricted_source/Health_Status_and_Functioning.dta","da039_3_","haven_labelled/vctrs_vctr/double","Frequency of Activities[3]","1 Almost Daily=1 | 2 Almost Every Week=2 | 3 Not Regularly=3","da039_3_ Frequency of Activities[3]"
"raw_health","restricted_source/Health_Status_and_Functioning.dta","da039_4_","haven_labelled/vctrs_vctr/double","Frequency of Activities[4]","1 Almost Daily=1 | 2 Almost Every Week=2 | 3 Not Regularly=3","da039_4_ Frequency of Activities[4]"
"raw_health","restricted_source/Health_Status_and_Functioning.dta","da039_5_","haven_labelled/vctrs_vctr/double","Frequency of Activities[5]","1 Almost Daily=1 | 2 Almost Every Week=2 | 3 Not Regularly=3","da039_5_ Frequency of Activities[5]"
"raw_health","restricted_source/Health_Status_and_Functioning.dta","da039_6_","haven_labelled/vctrs_vctr/double","Frequency of Activities[6]","1 Almost Daily=1 | 2 Almost Every Week=2 | 3 Not Regularly=3","da039_6_ Frequency of Activities[6]"
"raw_health","restricted_source/Health_Status_and_Functioning.dta","da039_7_","haven_labelled/vctrs_vctr/double","Frequency of Activities[7]","1 Almost Daily=1 | 2 Almost Every Week=2 | 3 Not Regularly=3","da039_7_ Frequency of Activities[7]"
"raw_health","restricted_source/Health_Status_and_Functioning.dta","da039_8_","haven_labelled/vctrs_vctr/double","Frequency of Activities[8]","1 Almost Daily=1 | 2 Almost Every Week=2 | 3 Not Regularly=3","da039_8_ Frequency of Activities[8]"
"raw_health","restricted_source/Health_Status_and_Functioning.dta","da040","haven_labelled/vctrs_vctr/double","Used the Internet","1 Yes=1 | 2 No=2","da040 Used the Internet"
"raw_health","restricted_source/Health_Status_and_Functioning.dta","da041_s1","haven_labelled/vctrs_vctr/double","Devices to Use Internet: Desktop Computer","0 No=0 | 1 Yes=1","da041_s1 Devices to Use Internet: Desktop Computer"
"raw_health","restricted_source/Health_Status_and_Functioning.dta","da041_s2","haven_labelled/vctrs_vctr/double","Devices to Use Internet: Laptop Computer","0 No=0 | 2 Yes=2","da041_s2 Devices to Use Internet: Laptop Computer"
"raw_health","restricted_source/Health_Status_and_Functioning.dta","da041_s3","haven_labelled/vctrs_vctr/double","Devices to Use Internet: Tablet Computer","0 No=0 | 3 Yes=3","da041_s3 Devices to Use Internet: Tablet Computer"
"raw_health","restricted_source/Health_Status_and_Functioning.dta","da041_s4","haven_labelled/vctrs_vctr/double","Devices to Use Internet: Cellphone","0 No=0 | 4 Yes=4","da041_s4 Devices to Use Internet: Cellphone"
"raw_health","restricted_source/Health_Status_and_Functioning.dta","da041_s5","haven_labelled/vctrs_vctr/double","Devices to Use Internet: Others, Please Specify","0 No=0 | 5 Yes=5","da041_s5 Devices to Use Internet: Others, Please Specify"
"raw_health","restricted_source/Health_Status_and_Functioning.dta","da042_s1","haven_labelled/vctrs_vctr/double","Activities with Internet: Chatting","0 No=0 | 1 Yes=1","da042_s1 Activities with Internet: Chatting"
"raw_health","restricted_source/Health_Status_and_Functioning.dta","da042_s2","haven_labelled/vctrs_vctr/double","Activities with Internet: Reading News","0 No=0 | 2 Yes=2","da042_s2 Activities with Internet: Reading News"
"raw_health","restricted_source/Health_Status_and_Functioning.dta","da042_s3","haven_labelled/vctrs_vctr/double","Activities with Internet: Watching Videos","0 No=0 | 3 Yes=3","da042_s3 Activities with Internet: Watching Videos"
"raw_health","restricted_source/Health_Status_and_Functioning.dta","da042_s4","haven_labelled/vctrs_vctr/double","Activities with Internet: Playing Games","0 No=0 | 4 Yes=4","da042_s4 Activities with Internet: Playing Games"
"raw_health","restricted_source/Health_Status_and_Functioning.dta","da042_s5","haven_labelled/vctrs_vctr/double","Activities with Internet: Money Management","0 No=0 | 5 Yes=5","da042_s5 Activities with Internet: Money Management"
"raw_health","restricted_source/Health_Status_and_Functioning.dta","da042_s6","haven_labelled/vctrs_vctr/double","Activities with Internet: Others, Please Specify","0 No=0 | 6 Yes=6","da042_s6 Activities with Internet: Others, Please Specify"
"raw_health","restricted_source/Health_Status_and_Functioning.dta","da043","haven_labelled/vctrs_vctr/double","Payment with Mobile Phone","1 Yes=1 | 2 No=2","da043 Payment with Mobile Phone"
"raw_health","restricted_source/Health_Status_and_Functioning.dta","da044","haven_labelled/vctrs_vctr/double","Use Wechat","1 Yes=1 | 2 No=2","da044 Use Wechat"
"raw_health","restricted_source/Health_Status_and_Functioning.dta","da045","haven_labelled/vctrs_vctr/double","Use Wechat Moments","1 Yes=1 | 2 No=2","da045 Use Wechat Moments"
"raw_health","restricted_source/Health_Status_and_Functioning.dta","da046","haven_labelled/vctrs_vctr/double","Ever Smoked","1 Yes=1 | 2 No=2","da046 Ever Smoked"
"raw_health","restricted_source/Health_Status_and_Functioning.dta","da047","haven_labelled/vctrs_vctr/double","Still Smoke or already Quit","1 Still smoke=1 | 2 Quit=2 | 3 Never Smoked=3","da047 Still Smoke or already Quit"
"raw_health","restricted_source/Health_Status_and_Functioning.dta","da048","haven_labelled/vctrs_vctr/double","Products Normally Use","1 Smoking a Pipe=1 | 2 Smoking Self-Rolled Cigarettes=2 | 3 Filtered Cigarette=3 | 4 Unfiltered Cigarette=4 | 5 Cigar=5 | 6 Water Cigarettes=6","da048 Products Normally Use"
"raw_health","restricted_source/Health_Status_and_Functioning.dta","da049","haven_labelled/vctrs_vctr/double","Time Totally Quit Smoking","1 Age=1 | 2 Year=2","da049 Time Totally Quit Smoking"
"raw_health","restricted_source/Health_Status_and_Functioning.dta","da049_1","numeric","Age","","da049_1 Age"
"raw_health","restricted_source/Health_Status_and_Functioning.dta","da049_2","numeric","Year","","da049_2 Year"
"raw_health","restricted_source/Health_Status_and_Functioning.dta","da050_1","numeric","Current Cigarettes in One Day","","da050_1 Current Cigarettes in One Day"
"raw_health","restricted_source/Health_Status_and_Functioning.dta","da050_2","numeric","Cigarettes in One Day Before Quit","","da050_2 Cigarettes in One Day Before Quit"
"raw_health","restricted_source/Health_Status_and_Functioning.dta","da051","haven_labelled/vctrs_vctr/double","Frequency Drank Alcoholic Beverages in the Past Year","1 Drink More than Once a Month=1 | 2 Drink But Less than Once a Month=2 | 3 None of These=3","da051 Frequency Drank Alcoholic Beverages in the Past Year"
"raw_health","restricted_source/Health_Status_and_Functioning.dta","da052","haven_labelled/vctrs_vctr/double","Frequncy Drinking Per Month in the Last Year","1 Once a Month=1 | 2 Two or Three Times a Month=2 | 3 Once a Week=3 | 4 Two or Three Times a Week=4 | 5 Four to six times a Week=5 | 6 Once a Day=6 | 7 Twice a Day=7 | 8 More than Twice a Day=8","da052 Frequncy Drinking Per Month in the Last Year"
"raw_health","restricted_source/Health_Status_and_Functioning.dta","db001","haven_labelled/vctrs_vctr/double","Difficulty with Dressing","1 Don't Have Any Difficulty=1 | 2 Have Difficulty But Can Still Do It=2 | 3 Have Difficulty and Need Help=3 | 4 Can Not Do It=4","db001 Difficulty with Dressing"
"raw_health","restricted_source/Health_Status_and_Functioning.dta","db002","haven_labelled/vctrs_vctr/double","Anyone Ever Helped","1 Yes=1 | 2 No=2","db002 Anyone Ever Helped"
"raw_health","restricted_source/Health_Status_and_Functioning.dta","db003","haven_labelled/vctrs_vctr/double","Difficulty with Bathing or Showering","1 Don't Have Any Difficulty=1 | 2 Have Difficulty But Can Still Do It=2 | 3 Have Difficulty and Need Help=3 | 4 Can Not Do It=4","db003 Difficulty with Bathing or Showering"
"raw_health","restricted_source/Health_Status_and_Functioning.dta","db004","haven_labelled/vctrs_vctr/double","Anyone Ever Helped","1 Yes=1 | 2 No=2","db004 Anyone Ever Helped"
"raw_health","restricted_source/Health_Status_and_Functioning.dta","db005","haven_labelled/vctrs_vctr/double","Difficulty with Eating","1 Don't Have Any Difficulty=1 | 2 Have Difficulty But Can Still Do It=2 | 3 Have Difficulty and Need Help=3 | 4 Can Not Do It=4","db005 Difficulty with Eating"
"raw_health","restricted_source/Health_Status_and_Functioning.dta","db006","haven_labelled/vctrs_vctr/double","Anyone Ever Helped","1 Yes=1 | 2 No=2","db006 Anyone Ever Helped"
"raw_health","restricted_source/Health_Status_and_Functioning.dta","db007","haven_labelled/vctrs_vctr/double","Difficulty with Getting into or out of Bed","1 Don't Have Any Difficulty=1 | 2 Have Difficulty But Can Still Do It=2 | 3 Have Difficulty and Need Help=3 | 4 Can Not Do It=4","db007 Difficulty with Getting into or out of Bed"
"raw_health","restricted_source/Health_Status_and_Functioning.dta","db008","haven_labelled/vctrs_vctr/double","Anyone Ever Helped","1 Yes=1 | 2 No=2","db008 Anyone Ever Helped"
"raw_health","restricted_source/Health_Status_and_Functioning.dta","db009","haven_labelled/vctrs_vctr/double","Difficulty with Using the Toilet","1 Don't Have Any Difficulty=1 | 2 Have Difficulty But Can Still Do It=2 | 3 Have Difficulty and Need Help=3 | 4 Can Not Do It=4","db009 Difficulty with Using the Toilet"
"raw_health","restricted_source/Health_Status_and_Functioning.dta","db010","haven_labelled/vctrs_vctr/double","Anyone Ever Helped","1 Yes=1 | 2 No=2","db010 Anyone Ever Helped"
"raw_health","restricted_source/Health_Status_and_Functioning.dta","db011","haven_labelled/vctrs_vctr/double","Difficulty with Controlling Urination and Defecation","1 Don't Have Any Difficulty=1 | 2 Have Difficulty But Can Still Do It=2 | 3 Have Difficulty and Need Help=3 | 4 Can Not Do It=4","db011 Difficulty with Controlling Urination and Defecation"
"raw_health","restricted_source/Health_Status_and_Functioning.dta","db012","haven_labelled/vctrs_vctr/double","Difficulty with Household Chores","1 Don't Have Any Difficulty=1 | 2 Have Difficulty But Can Still Do It=2 | 3 Have Difficulty and Need Help=3 | 4 Can Not Do It=4","db012 Difficulty with Household Chores"
"raw_health","restricted_source/Health_Status_and_Functioning.dta","db013","haven_labelled/vctrs_vctr/double","Anyone Ever Helped","1 Yes=1 | 2 No=2","db013 Anyone Ever Helped"
"raw_health","restricted_source/Health_Status_and_Functioning.dta","db014","haven_labelled/vctrs_vctr/double","Difficulty with Preparing Hot Meals","1 Don't Have Any Difficulty=1 | 2 Have Difficulty But Can Still Do It=2 | 3 Have Difficulty and Need Help=3 | 4 Can Not Do It=4","db014 Difficulty with Preparing Hot Meals"
"raw_health","restricted_source/Health_Status_and_Functioning.dta","db015","haven_labelled/vctrs_vctr/double","Anyone Ever Helped","1 Yes=1 | 2 No=2","db015 Anyone Ever Helped"
"raw_health","restricted_source/Health_Status_and_Functioning.dta","db016","haven_labelled/vctrs_vctr/double","Difficulty with Shopping for Groceries","1 Don't Have Any Difficulty=1 | 2 Have Difficulty But Can Still Do It=2 | 3 Have Difficulty and Need Help=3 | 4 Can Not Do It=4","db016 Difficulty with Shopping for Groceries"
"raw_health","restricted_source/Health_Status_and_Functioning.dta","db017","haven_labelled/vctrs_vctr/double","Anyone Ever Helped","1 Yes=1 | 2 No=2","db017 Anyone Ever Helped"
"raw_health","restricted_source/Health_Status_and_Functioning.dta","db018","haven_labelled/vctrs_vctr/double","Difficulty with Making Phone Calls","1 Don't Have Any Difficulty=1 | 2 Have Difficulty But Can Still Do It=2 | 3 Have Difficulty and Need Help=3 | 4 Can Not Do It=4 | 5 Not Relevant To Me (No Phone)=5","db018 Difficulty with Making Phone Calls"
"raw_health","restricted_source/Health_Status_and_Functioning.dta","db019","haven_labelled/vctrs_vctr/double","Anyone Ever Helped","1 Yes=1 | 2 No=2","db019 Anyone Ever Helped"
"raw_health","restricted_source/Health_Status_and_Functioning.dta","db020","haven_labelled/vctrs_vctr/double","Difficulty with Taking Medications","1 Don't Have Any Difficulty=1 | 2 Have Difficulty But Can Still Do It=2 | 3 Have Difficulty and Need Help=3 | 4 Can Not Do It=4","db020 Difficulty with Taking Medications"
"raw_health","restricted_source/Health_Status_and_Functioning.dta","db021","haven_labelled/vctrs_vctr/double","Anyone Ever Helped","1 Yes=1 | 2 No=2","db021 Anyone Ever Helped"
"raw_health","restricted_source/Health_Status_and_Functioning.dta","db022","haven_labelled/vctrs_vctr/double","Difficulty with Managing Money","1 Don't Have Any Difficulty=1 | 2 Have Difficulty But Can Still Do It=2 | 3 Have Difficulty and Need Help=3 | 4 Can Not Do It=4","db022 Difficulty with Managing Money"
"raw_health","restricted_source/Health_Status_and_Functioning.dta","db023","haven_labelled/vctrs_vctr/double","Anyone Ever Helped","1 Yes=1 | 2 No=2","db023 Anyone Ever Helped"
"raw_health","restricted_source/Health_Status_and_Functioning.dta","db024_s1","haven_labelled/vctrs_vctr/double","Helper[1]","0 No=0 | 1 Spouse=1 | 2 Father, Mother, Father-in-Law, Mother-in-Law=2 | 3 Children, Children's Spouse, Grandson, Granddaughter=3 | 4 Sibling, Brother-in-Law, Sister-in-Law, Sibling of Spouse, Etc=4 | 5 Other Relative=5 | 6 Paid Helper (Such as Nanny)=6 | 7 Volunteer or Employee of Facility=7 | 8 Nursing Home=8 | 9 Staff from Home-based Nursing Service=9 | 10 Help from the Community=10 | 11 Other, Please Specify=11","db024_s1 Helper[1]"
"raw_health","restricted_source/Health_Status_and_Functioning.dta","db024_s2","haven_labelled/vctrs_vctr/double","Helper[2]","0 No=0 | 1 Spouse=1 | 2 Father, Mother, Father-in-Law, Mother-in-Law=2 | 3 Children, Children's Spouse, Grandson, Granddaughter=3 | 4 Sibling, Brother-in-Law, Sister-in-Law, Sibling of Spouse, Etc=4 | 5 Other Relative=5 | 6 Paid Helper (Such as Nanny)=6 | 7 Volunteer or Employee of Facility=7 | 8 Nursing Home=8 | 9 Staff from Home-based Nursing Service=9 | 10 Help from the Community=10 | 11 Other, Please Specify=11","db024_s2 Helper[2]"
"raw_health","restricted_source/Health_Status_and_Functioning.dta","db024_s3","haven_labelled/vctrs_vctr/double","Helper[3]","0 No=0 | 1 Spouse=1 | 2 Father, Mother, Father-in-Law, Mother-in-Law=2 | 3 Children, Children's Spouse, Grandson, Granddaughter=3 | 4 Sibling, Brother-in-Law, Sister-in-Law, Sibling of Spouse, Etc=4 | 5 Other Relative=5 | 6 Paid Helper (Such as Nanny)=6 | 7 Volunteer or Employee of Facility=7 | 8 Nursing Home=8 | 9 Staff from Home-based Nursing Service=9 | 10 Help from the Community=10 | 11 Other, Please Specify=11","db024_s3 Helper[3]"
"raw_health","restricted_source/Health_Status_and_Functioning.dta","db024_s4","haven_labelled/vctrs_vctr/double","Helper[4]","0 No=0 | 1 Spouse=1 | 2 Father, Mother, Father-in-Law, Mother-in-Law=2 | 3 Children, Children's Spouse, Grandson, Granddaughter=3 | 4 Sibling, Brother-in-Law, Sister-in-Law, Sibling of Spouse, Etc=4 | 5 Other Relative=5 | 6 Paid Helper (Such as Nanny)=6 | 7 Volunteer or Employee of Facility=7 | 8 Nursing Home=8 | 9 Staff from Home-based Nursing Service=9 | 10 Help from the Community=10 | 11 Other, Please Specify=11","db024_s4 Helper[4]"
"raw_health","restricted_source/Health_Status_and_Functioning.dta","db024_s5","haven_labelled/vctrs_vctr/double","Helper[5]","0 No=0 | 1 Spouse=1 | 2 Father, Mother, Father-in-Law, Mother-in-Law=2 | 3 Children, Children's Spouse, Grandson, Granddaughter=3 | 4 Sibling, Brother-in-Law, Sister-in-Law, Sibling of Spouse, Etc=4 | 5 Other Relative=5 | 6 Paid Helper (Such as Nanny)=6 | 7 Volunteer or Employee of Facility=7 | 8 Nursing Home=8 | 9 Staff from Home-based Nursing Service=9 | 10 Help from the Community=10 | 11 Other, Please Specify=11","db024_s5 Helper[5]"
"raw_health","restricted_source/Health_Status_and_Functioning.dta","db024_s6","haven_labelled/vctrs_vctr/double","Helper[6]","0 No=0 | 1 Spouse=1 | 2 Father, Mother, Father-in-Law, Mother-in-Law=2 | 3 Children, Children's Spouse, Grandson, Granddaughter=3 | 4 Sibling, Brother-in-Law, Sister-in-Law, Sibling of Spouse, Etc=4 | 5 Other Relative=5 | 6 Paid Helper (Such as Nanny)=6 | 7 Volunteer or Employee of Facility=7 | 8 Nursing Home=8 | 9 Staff from Home-based Nursing Service=9 | 10 Help from the Community=10 | 11 Other, Please Specify=11","db024_s6 Helper[6]"
"raw_health","restricted_source/Health_Status_and_Functioning.dta","db024_s7","haven_labelled/vctrs_vctr/double","Helper[7]","0 No=0 | 1 Spouse=1 | 2 Father, Mother, Father-in-Law, Mother-in-Law=2 | 3 Children, Children's Spouse, Grandson, Granddaughter=3 | 4 Sibling, Brother-in-Law, Sister-in-Law, Sibling of Spouse, Etc=4 | 5 Other Relative=5 | 6 Paid Helper (Such as Nanny)=6 | 7 Volunteer or Employee of Facility=7 | 8 Nursing Home=8 | 9 Staff from Home-based Nursing Service=9 | 10 Help from the Community=10 | 11 Other, Please Specify=11","db024_s7 Helper[7]"
"raw_health","restricted_source/Health_Status_and_Functioning.dta","db024_s8","haven_labelled/vctrs_vctr/double","Helper[8]","0 No=0 | 1 Spouse=1 | 2 Father, Mother, Father-in-Law, Mother-in-Law=2 | 3 Children, Children's Spouse, Grandson, Granddaughter=3 | 4 Sibling, Brother-in-Law, Sister-in-Law, Sibling of Spouse, Etc=4 | 5 Other Relative=5 | 6 Paid Helper (Such as Nanny)=6 | 7 Volunteer or Employee of Facility=7 | 8 Nursing Home=8 | 9 Staff from Home-based Nursing Service=9 | 10 Help from the Community=10 | 11 Other, Please Specify=11","db024_s8 Helper[8]"
"raw_health","restricted_source/Health_Status_and_Functioning.dta","db024_s9","haven_labelled/vctrs_vctr/double","Helper[9]","0 No=0 | 1 Spouse=1 | 2 Father, Mother, Father-in-Law, Mother-in-Law=2 | 3 Children, Children's Spouse, Grandson, Granddaughter=3 | 4 Sibling, Brother-in-Law, Sister-in-Law, Sibling of Spouse, Etc=4 | 5 Other Relative=5 | 6 Paid Helper (Such as Nanny)=6 | 7 Volunteer or Employee of Facility=7 | 8 Nursing Home=8 | 9 Staff from Home-based Nursing Service=9 | 10 Help from the Community=10 | 11 Other, Please Specify=11","db024_s9 Helper[9]"
"raw_health","restricted_source/Health_Status_and_Functioning.dta","db024_s10","haven_labelled/vctrs_vctr/double","Helper[10]","0 No=0 | 1 Spouse=1 | 2 Father, Mother, Father-in-Law, Mother-in-Law=2 | 3 Children, Children's Spouse, Grandson, Granddaughter=3 | 4 Sibling, Brother-in-Law, Sister-in-Law, Sibling of Spouse, Etc=4 | 5 Other Relative=5 | 6 Paid Helper (Such as Nanny)=6 | 7 Volunteer or Employee of Facility=7 | 8 Nursing Home=8 | 9 Staff from Home-based Nursing Service=9 | 10 Help from the Community=10 | 11 Other, Please Specify=11","db024_s10 Helper[10]"
"raw_health","restricted_source/Health_Status_and_Functioning.dta","db024_s11","haven_labelled/vctrs_vctr/double","Helper[11]","0 No=0 | 1 Spouse=1 | 2 Father, Mother, Father-in-Law, Mother-in-Law=2 | 3 Children, Children's Spouse, Grandson, Granddaughter=3 | 4 Sibling, Brother-in-Law, Sister-in-Law, Sibling of Spouse, Etc=4 | 5 Other Relative=5 | 6 Paid Helper (Such as Nanny)=6 | 7 Volunteer or Employee of Facility=7 | 8 Nursing Home=8 | 9 Staff from Home-based Nursing Service=9 | 10 Help from the Community=10 | 11 Other, Please Specify=11","db024_s11 Helper[11]"
"raw_health","restricted_source/Health_Status_and_Functioning.dta","db024_1","numeric","Number of Paid Helpers","","db024_1 Number of Paid Helpers"
"raw_health","restricted_source/Health_Status_and_Functioning.dta","db025_s1","haven_labelled/vctrs_vctr/double","Who Help the Most","0 No=0 | 1 Father=1 | 2 Mother=2 | 3 Father-in-Law=3 | 4 Mother-in-Law=4","db025_s1 Who Help the Most"
"raw_health","restricted_source/Health_Status_and_Functioning.dta","db025_s2","haven_labelled/vctrs_vctr/double","Who Help the Most","0 No=0 | 1 Father=1 | 2 Mother=2 | 3 Father-in-Law=3 | 4 Mother-in-Law=4","db025_s2 Who Help the Most"
"raw_health","restricted_source/Health_Status_and_Functioning.dta","db025_s3","haven_labelled/vctrs_vctr/double","Who Help the Most","0 No=0 | 1 Father=1 | 2 Mother=2 | 3 Father-in-Law=3 | 4 Mother-in-Law=4","db025_s3 Who Help the Most"
"raw_health","restricted_source/Health_Status_and_Functioning.dta","db025_s4","haven_labelled/vctrs_vctr/double","Who Help the Most","0 No=0 | 1 Father=1 | 2 Mother=2 | 3 Father-in-Law=3 | 4 Mother-in-Law=4","db025_s4 Who Help the Most"
"raw_health","restricted_source/Health_Status_and_Functioning.dta","db026_s1","haven_labelled/vctrs_vctr/double","Which Child's Family Helped","0 No=0 | 1 Preload XChildPanAliveName[1]=1","db026_s1 Which Child's Family Helped"
"raw_health","restricted_source/Health_Status_and_Functioning.dta","db026_s2","haven_labelled/vctrs_vctr/double","Which Child's Family Helped","0 No=0 | 2 Preload XChildPanAliveName[2]=2","db026_s2 Which Child's Family Helped"
"raw_health","restricted_source/Health_Status_and_Functioning.dta","db026_s3","haven_labelled/vctrs_vctr/double","Which Child's Family Helped","0 No=0 | 3 Preload XChildPanAliveName[3]=3","db026_s3 Which Child's Family Helped"
"raw_health","restricted_source/Health_Status_and_Functioning.dta","db026_s4","haven_labelled/vctrs_vctr/double","Which Child's Family Helped","0 No=0 | 4 Preload XChildPanAliveName[4]=4","db026_s4 Which Child's Family Helped"
"raw_health","restricted_source/Health_Status_and_Functioning.dta","db026_s5","haven_labelled/vctrs_vctr/double","Which Child's Family Helped","0 No=0 | 5 Preload XChildPanAliveName[5]=5","db026_s5 Which Child's Family Helped"
"raw_health","restricted_source/Health_Status_and_Functioning.dta","db026_s6","haven_labelled/vctrs_vctr/double","Which Child's Family Helped","0 No=0 | 6 Preload XChildPanAliveName[6]=6","db026_s6 Which Child's Family Helped"
"raw_health","restricted_source/Health_Status_and_Functioning.dta","db026_s7","haven_labelled/vctrs_vctr/double","Which Child's Family Helped","0 No=0 | 7 Preload XChildPanAliveName[7]=7","db026_s7 Which Child's Family Helped"
"raw_health","restricted_source/Health_Status_and_Functioning.dta","db026_s8","haven_labelled/vctrs_vctr/double","Which Child's Family Helped","0 No=0 | 8 Preload XChildPanAliveName[8]=8","db026_s8 Which Child's Family Helped"
"raw_health","restricted_source/Health_Status_and_Functioning.dta","db026_s9","haven_labelled/vctrs_vctr/double","Which Child's Family Helped","0 No=0 | 9 Preload XChildPanAliveName[9]=9","db026_s9 Which Child's Family Helped"
"raw_health","restricted_source/Health_Status_and_Functioning.dta","db026_s10","haven_labelled/vctrs_vctr/double","Which Child's Family Helped","0 No=0 | 10 Preload XChildPanAliveName[10]=10","db026_s10 Which Child's Family Helped"
"raw_health","restricted_source/Health_Status_and_Functioning.dta","db026_s11","haven_labelled/vctrs_vctr/double","Which Child's Family Helped","0 No=0 | 11 Preload XChildPanAliveName[11]=11","db026_s11 Which Child's Family Helped"
"raw_health","restricted_source/Health_Status_and_Functioning.dta","db026_s12","haven_labelled/vctrs_vctr/double","Which Child's Family Helped","0 No=0 | 12 Preload XChildPanAliveName[12]=12","db026_s12 Which Child's Family Helped"
"raw_health","restricted_source/Health_Status_and_Functioning.dta","db026_s13","haven_labelled/vctrs_vctr/double","Which Child's Family Helped","0 No=0 | 13 Preload XChildPanAliveName[13]=13","db026_s13 Which Child's Family Helped"
"raw_health","restricted_source/Health_Status_and_Functioning.dta","db026_s14","haven_labelled/vctrs_vctr/double","Which Child's Family Helped","0 No=0 | 14 Preload XChildPanAliveName[14]=14","db026_s14 Which Child's Family Helped"
"raw_health","restricted_source/Health_Status_and_Functioning.dta","db026_s15","haven_labelled/vctrs_vctr/double","Which Child's Family Helped","0 No=0 | 15 Preload XChildPanAliveName[15]=15","db026_s15 Which Child's Family Helped"
"raw_health","restricted_source/Health_Status_and_Functioning.dta","db026_s16","haven_labelled/vctrs_vctr/double","Which Child's Family Helped","0 No=0 | 16 Preload XChildPanAliveName[16]=16","db026_s16 Which Child's Family Helped"
"raw_health","restricted_source/Health_Status_and_Functioning.dta","db026_s17","haven_labelled/vctrs_vctr/double","Which Child's Family Helped","0 No=0 | 17 Preload XChildPanAliveName[17]=17","db026_s17 Which Child's Family Helped"
"raw_health","restricted_source/Health_Status_and_Functioning.dta","db026_s18","haven_labelled/vctrs_vctr/double","Which Child's Family Helped","0 No=0 | 18 Preload XChildPanAliveName[18]=18","db026_s18 Which Child's Family Helped"
"raw_health","restricted_source/Health_Status_and_Functioning.dta","db026_s19","haven_labelled/vctrs_vctr/double","Which Child's Family Helped","0 No=0 | 19 Preload XChildPanAliveName[19]=19","db026_s19 Which Child's Family Helped"
"raw_health","restricted_source/Health_Status_and_Functioning.dta","db026_s20","haven_labelled/vctrs_vctr/double","Which Child's Family Helped","0 No=0 | 20 Preload XChildPanAliveName[20]=20","db026_s20 Which Child's Family Helped"
"raw_health","restricted_source/Health_Status_and_Functioning.dta","db026_s21","haven_labelled/vctrs_vctr/double","Which Child's Family Helped","0 No=0 | 21 Preload XChildPanAliveName[21]=21","db026_s21 Which Child's Family Helped"
"raw_health","restricted_source/Health_Status_and_Functioning.dta","db026_s22","haven_labelled/vctrs_vctr/double","Which Child's Family Helped","0 No=0 | 22 Preload XChildPanAliveName[22]=22","db026_s22 Which Child's Family Helped"
"raw_health","restricted_source/Health_Status_and_Functioning.dta","db026_s23","haven_labelled/vctrs_vctr/double","Which Child's Family Helped","0 No=0 | 23 Preload XChildPanAliveName[23]=23","db026_s23 Which Child's Family Helped"
"raw_health","restricted_source/Health_Status_and_Functioning.dta","db026_s24","haven_labelled/vctrs_vctr/double","Which Child's Family Helped","0 No=0 | 24 Preload XChildPanAliveName[24]=24","db026_s24 Which Child's Family Helped"
"raw_health","restricted_source/Health_Status_and_Functioning.dta","db026_s25","haven_labelled/vctrs_vctr/double","Which Child's Family Helped","0 No=0 | 25 Preload XChildPanAliveName[25]=25","db026_s25 Which Child's Family Helped"
"raw_health","restricted_source/Health_Status_and_Functioning.dta","db026_s26","haven_labelled/vctrs_vctr/double","Which Child's Family Helped","0 No=0 | 26 Other Child[26]=26","db026_s26 Which Child's Family Helped"
"raw_health","restricted_source/Health_Status_and_Functioning.dta","db026_s27","haven_labelled/vctrs_vctr/double","Which Child's Family Helped","0 No=0 | 27 Other Child[27]=27","db026_s27 Which Child's Family Helped"
"raw_health","restricted_source/Health_Status_and_Functioning.dta","db026_s28","haven_labelled/vctrs_vctr/double","Which Child's Family Helped","0 No=0 | 28 Other Child[28]=28","db026_s28 Which Child's Family Helped"
"raw_health","restricted_source/Health_Status_and_Functioning.dta","db026_s29","haven_labelled/vctrs_vctr/double","Which Child's Family Helped","0 No=0 | 29 Other Child[29]=29","db026_s29 Which Child's Family Helped"
"raw_health","restricted_source/Health_Status_and_Functioning.dta","db026_s30","haven_labelled/vctrs_vctr/double","Which Child's Family Helped","0 No=0 | 30 Other Child[30]=30","db026_s30 Which Child's Family Helped"
"raw_health","restricted_source/Health_Status_and_Functioning.dta","db026_s31","haven_labelled/vctrs_vctr/double","Which Child's Family Helped","0 No=0 | 31 Other Child[31]=31","db026_s31 Which Child's Family Helped"
"raw_health","restricted_source/Health_Status_and_Functioning.dta","db026_s32","haven_labelled/vctrs_vctr/double","Which Child's Family Helped","0 No=0 | 32 Other Child[32]=32","db026_s32 Which Child's Family Helped"
"raw_health","restricted_source/Health_Status_and_Functioning.dta","db026_s33","haven_labelled/vctrs_vctr/double","Which Child's Family Helped","0 No=0 | 33 Other Child[33]=33","db026_s33 Which Child's Family Helped"
"raw_health","restricted_source/Health_Status_and_Functioning.dta","db026_s34","haven_labelled/vctrs_vctr/double","Which Child's Family Helped","0 No=0 | 34 Other Child[34]=34","db026_s34 Which Child's Family Helped"
"raw_health","restricted_source/Health_Status_and_Functioning.dta","db026_s35","haven_labelled/vctrs_vctr/double","Which Child's Family Helped","0 No=0 | 35 Other Child[35]=35","db026_s35 Which Child's Family Helped"
"raw_health","restricted_source/Health_Status_and_Functioning.dta","db027_1__s1","haven_labelled/vctrs_vctr/double","Who in Child[1]'s Family Helped","0 No=0 | 1 Himself/herself=1 | 2 His/her Spouse=2 | 3 His/her Children=3","db027_1__s1 Who in Child[1]'s Family Helped"
"raw_health","restricted_source/Health_Status_and_Functioning.dta","db027_1__s2","haven_labelled/vctrs_vctr/double","Who in Child[1]'s Family Helped","0 No=0 | 1 Himself/herself=1 | 2 His/her Spouse=2 | 3 His/her Children=3","db027_1__s2 Who in Child[1]'s Family Helped"
"raw_health","restricted_source/Health_Status_and_Functioning.dta","db027_1__s3","haven_labelled/vctrs_vctr/double","Who in Child[1]'s Family Helped","0 No=0 | 1 Himself/herself=1 | 2 His/her Spouse=2 | 3 His/her Children=3","db027_1__s3 Who in Child[1]'s Family Helped"
"raw_health","restricted_source/Health_Status_and_Functioning.dta","db027_2__s1","haven_labelled/vctrs_vctr/double","Who in Child[2]'s Family Helped","0 No=0 | 1 Himself/herself=1 | 2 His/her Spouse=2 | 3 His/her Children=3","db027_2__s1 Who in Child[2]'s Family Helped"
"raw_health","restricted_source/Health_Status_and_Functioning.dta","db027_2__s2","haven_labelled/vctrs_vctr/double","Who in Child[2]'s Family Helped","0 No=0 | 1 Himself/herself=1 | 2 His/her Spouse=2 | 3 His/her Children=3","db027_2__s2 Who in Child[2]'s Family Helped"
"raw_health","restricted_source/Health_Status_and_Functioning.dta","db027_2__s3","haven_labelled/vctrs_vctr/double","Who in Child[2]'s Family Helped","0 No=0 | 1 Himself/herself=1 | 2 His/her Spouse=2 | 3 His/her Children=3","db027_2__s3 Who in Child[2]'s Family Helped"
"raw_health","restricted_source/Health_Status_and_Functioning.dta","db027_3__s1","haven_labelled/vctrs_vctr/double","Who in Child[3]'s Family Helped","0 No=0 | 1 Himself/herself=1 | 2 His/her Spouse=2 | 3 His/her Children=3","db027_3__s1 Who in Child[3]'s Family Helped"
"raw_health","restricted_source/Health_Status_and_Functioning.dta","db027_3__s2","haven_labelled/vctrs_vctr/double","Who in Child[3]'s Family Helped","0 No=0 | 1 Himself/herself=1 | 2 His/her Spouse=2 | 3 His/her Children=3","db027_3__s2 Who in Child[3]'s Family Helped"
"raw_health","restricted_source/Health_Status_and_Functioning.dta","db027_3__s3","haven_labelled/vctrs_vctr/double","Who in Child[3]'s Family Helped","0 No=0 | 1 Himself/herself=1 | 2 His/her Spouse=2 | 3 His/her Children=3","db027_3__s3 Who in Child[3]'s Family Helped"
"raw_health","restricted_source/Health_Status_and_Functioning.dta","db027_4__s1","haven_labelled/vctrs_vctr/double","Who in Child[4]'s Family Helped","0 No=0 | 1 Himself/herself=1 | 2 His/her Spouse=2 | 3 His/her Children=3","db027_4__s1 Who in Child[4]'s Family Helped"
"raw_health","restricted_source/Health_Status_and_Functioning.dta","db027_4__s2","haven_labelled/vctrs_vctr/double","Who in Child[4]'s Family Helped","0 No=0 | 1 Himself/herself=1 | 2 His/her Spouse=2 | 3 His/her Children=3","db027_4__s2 Who in Child[4]'s Family Helped"
"raw_health","restricted_source/Health_Status_and_Functioning.dta","db027_4__s3","haven_labelled/vctrs_vctr/double","Who in Child[4]'s Family Helped","0 No=0 | 1 Himself/herself=1 | 2 His/her Spouse=2 | 3 His/her Children=3","db027_4__s3 Who in Child[4]'s Family Helped"
"raw_health","restricted_source/Health_Status_and_Functioning.dta","db027_5__s1","haven_labelled/vctrs_vctr/double","Who in Child[5]'s Family Helped","0 No=0 | 1 Himself/herself=1 | 2 His/her Spouse=2 | 3 His/her Children=3","db027_5__s1 Who in Child[5]'s Family Helped"
"raw_health","restricted_source/Health_Status_and_Functioning.dta","db027_5__s2","haven_labelled/vctrs_vctr/double","Who in Child[5]'s Family Helped","0 No=0 | 1 Himself/herself=1 | 2 His/her Spouse=2 | 3 His/her Children=3","db027_5__s2 Who in Child[5]'s Family Helped"
"raw_health","restricted_source/Health_Status_and_Functioning.dta","db027_5__s3","haven_labelled/vctrs_vctr/double","Who in Child[5]'s Family Helped","0 No=0 | 1 Himself/herself=1 | 2 His/her Spouse=2 | 3 His/her Children=3","db027_5__s3 Who in Child[5]'s Family Helped"
"raw_health","restricted_source/Health_Status_and_Functioning.dta","db027_6__s1","haven_labelled/vctrs_vctr/double","Who in Child[6]'s Family Helped","0 No=0 | 1 Himself/herself=1 | 2 His/her Spouse=2 | 3 His/her Children=3","db027_6__s1 Who in Child[6]'s Family Helped"
"raw_health","restricted_source/Health_Status_and_Functioning.dta","db027_6__s2","haven_labelled/vctrs_vctr/double","Who in Child[6]'s Family Helped","0 No=0 | 1 Himself/herself=1 | 2 His/her Spouse=2 | 3 His/her Children=3","db027_6__s2 Who in Child[6]'s Family Helped"
"raw_health","restricted_source/Health_Status_and_Functioning.dta","db027_6__s3","haven_labelled/vctrs_vctr/double","Who in Child[6]'s Family Helped","0 No=0 | 1 Himself/herself=1 | 2 His/her Spouse=2 | 3 His/her Children=3","db027_6__s3 Who in Child[6]'s Family Helped"
"raw_health","restricted_source/Health_Status_and_Functioning.dta","db027_7__s1","haven_labelled/vctrs_vctr/double","Who in Child[7]'s Family Helped","0 No=0 | 1 Himself/herself=1 | 2 His/her Spouse=2 | 3 His/her Children=3","db027_7__s1 Who in Child[7]'s Family Helped"
"raw_health","restricted_source/Health_Status_and_Functioning.dta","db027_7__s2","haven_labelled/vctrs_vctr/double","Who in Child[7]'s Family Helped","0 No=0 | 1 Himself/herself=1 | 2 His/her Spouse=2 | 3 His/her Children=3","db027_7__s2 Who in Child[7]'s Family Helped"
"raw_health","restricted_source/Health_Status_and_Functioning.dta","db027_7__s3","haven_labelled/vctrs_vctr/double","Who in Child[7]'s Family Helped","0 No=0 | 1 Himself/herself=1 | 2 His/her Spouse=2 | 3 His/her Children=3","db027_7__s3 Who in Child[7]'s Family Helped"
"raw_health","restricted_source/Health_Status_and_Functioning.dta","db027_8__s1","haven_labelled/vctrs_vctr/double","Who in Child[8]'s Family Helped","0 No=0 | 1 Himself/herself=1 | 2 His/her Spouse=2 | 3 His/her Children=3","db027_8__s1 Who in Child[8]'s Family Helped"
"raw_health","restricted_source/Health_Status_and_Functioning.dta","db027_8__s2","haven_labelled/vctrs_vctr/double","Who in Child[8]'s Family Helped","0 No=0 | 1 Himself/herself=1 | 2 His/her Spouse=2 | 3 His/her Children=3","db027_8__s2 Who in Child[8]'s Family Helped"
"raw_health","restricted_source/Health_Status_and_Functioning.dta","db027_8__s3","haven_labelled/vctrs_vctr/double","Who in Child[8]'s Family Helped","0 No=0 | 1 Himself/herself=1 | 2 His/her Spouse=2 | 3 His/her Children=3","db027_8__s3 Who in Child[8]'s Family Helped"
"raw_health","restricted_source/Health_Status_and_Functioning.dta","db027_9__s1","haven_labelled/vctrs_vctr/double","Who in Child[9]'s Family Helped","0 No=0 | 1 Himself/herself=1 | 2 His/her Spouse=2 | 3 His/her Children=3","db027_9__s1 Who in Child[9]'s Family Helped"
"raw_health","restricted_source/Health_Status_and_Functioning.dta","db027_9__s2","haven_labelled/vctrs_vctr/double","Who in Child[9]'s Family Helped","0 No=0 | 1 Himself/herself=1 | 2 His/her Spouse=2 | 3 His/her Children=3","db027_9__s2 Who in Child[9]'s Family Helped"
"raw_health","restricted_source/Health_Status_and_Functioning.dta","db027_9__s3","haven_labelled/vctrs_vctr/double","Who in Child[9]'s Family Helped","0 No=0 | 1 Himself/herself=1 | 2 His/her Spouse=2 | 3 His/her Children=3","db027_9__s3 Who in Child[9]'s Family Helped"
"raw_health","restricted_source/Health_Status_and_Functioning.dta","db027_10__s1","haven_labelled/vctrs_vctr/double","Who in Child[10]'s Family Helped","0 No=0 | 1 Himself/herself=1 | 2 His/her Spouse=2 | 3 His/her Children=3","db027_10__s1 Who in Child[10]'s Family Helped"
"raw_health","restricted_source/Health_Status_and_Functioning.dta","db027_10__s2","haven_labelled/vctrs_vctr/double","Who in Child[10]'s Family Helped","0 No=0 | 1 Himself/herself=1 | 2 His/her Spouse=2 | 3 His/her Children=3","db027_10__s2 Who in Child[10]'s Family Helped"
"raw_health","restricted_source/Health_Status_and_Functioning.dta","db027_10__s3","haven_labelled/vctrs_vctr/double","Who in Child[10]'s Family Helped","0 No=0 | 1 Himself/herself=1 | 2 His/her Spouse=2 | 3 His/her Children=3","db027_10__s3 Who in Child[10]'s Family Helped"
"raw_health","restricted_source/Health_Status_and_Functioning.dta","db027_11__s1","haven_labelled/vctrs_vctr/double","Who in Child[11]'s Family Helped","0 No=0 | 1 Himself/herself=1 | 2 His/her Spouse=2 | 3 His/her Children=3","db027_11__s1 Who in Child[11]'s Family Helped"
"raw_health","restricted_source/Health_Status_and_Functioning.dta","db027_11__s2","haven_labelled/vctrs_vctr/double","Who in Child[11]'s Family Helped","0 No=0 | 1 Himself/herself=1 | 2 His/her Spouse=2 | 3 His/her Children=3","db027_11__s2 Who in Child[11]'s Family Helped"
"raw_health","restricted_source/Health_Status_and_Functioning.dta","db027_11__s3","haven_labelled/vctrs_vctr/double","Who in Child[11]'s Family Helped","0 No=0 | 1 Himself/herself=1 | 2 His/her Spouse=2 | 3 His/her Children=3","db027_11__s3 Who in Child[11]'s Family Helped"
"raw_health","restricted_source/Health_Status_and_Functioning.dta","db027_12__s1","haven_labelled/vctrs_vctr/double","Who in Child[12]'s Family Helped","0 No=0 | 1 Himself/herself=1 | 2 His/her Spouse=2 | 3 His/her Children=3","db027_12__s1 Who in Child[12]'s Family Helped"
"raw_health","restricted_source/Health_Status_and_Functioning.dta","db027_12__s2","haven_labelled/vctrs_vctr/double","Who in Child[12]'s Family Helped","0 No=0 | 1 Himself/herself=1 | 2 His/her Spouse=2 | 3 His/her Children=3","db027_12__s2 Who in Child[12]'s Family Helped"
"raw_health","restricted_source/Health_Status_and_Functioning.dta","db027_12__s3","haven_labelled/vctrs_vctr/double","Who in Child[12]'s Family Helped","0 No=0 | 1 Himself/herself=1 | 2 His/her Spouse=2 | 3 His/her Children=3","db027_12__s3 Who in Child[12]'s Family Helped"
"raw_health","restricted_source/Health_Status_and_Functioning.dta","db027_13__s1","haven_labelled/vctrs_vctr/double","Who in Child[13]'s Family Helped","0 No=0 | 1 Himself/herself=1 | 2 His/her Spouse=2 | 3 His/her Children=3","db027_13__s1 Who in Child[13]'s Family Helped"
"raw_health","restricted_source/Health_Status_and_Functioning.dta","db027_13__s2","haven_labelled/vctrs_vctr/double","Who in Child[13]'s Family Helped","0 No=0 | 1 Himself/herself=1 | 2 His/her Spouse=2 | 3 His/her Children=3","db027_13__s2 Who in Child[13]'s Family Helped"
"raw_health","restricted_source/Health_Status_and_Functioning.dta","db027_13__s3","haven_labelled/vctrs_vctr/double","Who in Child[13]'s Family Helped","0 No=0 | 1 Himself/herself=1 | 2 His/her Spouse=2 | 3 His/her Children=3","db027_13__s3 Who in Child[13]'s Family Helped"
"raw_health","restricted_source/Health_Status_and_Functioning.dta","db027_14__s1","haven_labelled/vctrs_vctr/double","Who in Child[14]'s Family Helped","0 No=0 | 1 Himself/herself=1 | 2 His/her Spouse=2 | 3 His/her Children=3","db027_14__s1 Who in Child[14]'s Family Helped"
"raw_health","restricted_source/Health_Status_and_Functioning.dta","db027_14__s2","haven_labelled/vctrs_vctr/double","Who in Child[14]'s Family Helped","0 No=0 | 1 Himself/herself=1 | 2 His/her Spouse=2 | 3 His/her Children=3","db027_14__s2 Who in Child[14]'s Family Helped"
"raw_health","restricted_source/Health_Status_and_Functioning.dta","db027_14__s3","haven_labelled/vctrs_vctr/double","Who in Child[14]'s Family Helped","0 No=0 | 1 Himself/herself=1 | 2 His/her Spouse=2 | 3 His/her Children=3","db027_14__s3 Who in Child[14]'s Family Helped"
"raw_health","restricted_source/Health_Status_and_Functioning.dta","db027_15__s1","haven_labelled/vctrs_vctr/double","Who in Child[15]'s Family Helped","0 No=0 | 1 Himself/herself=1 | 2 His/her Spouse=2 | 3 His/her Children=3","db027_15__s1 Who in Child[15]'s Family Helped"
"raw_health","restricted_source/Health_Status_and_Functioning.dta","db027_15__s2","haven_labelled/vctrs_vctr/double","Who in Child[15]'s Family Helped","0 No=0 | 1 Himself/herself=1 | 2 His/her Spouse=2 | 3 His/her Children=3","db027_15__s2 Who in Child[15]'s Family Helped"
"raw_health","restricted_source/Health_Status_and_Functioning.dta","db027_15__s3","haven_labelled/vctrs_vctr/double","Who in Child[15]'s Family Helped","0 No=0 | 1 Himself/herself=1 | 2 His/her Spouse=2 | 3 His/her Children=3","db027_15__s3 Who in Child[15]'s Family Helped"
"raw_health","restricted_source/Health_Status_and_Functioning.dta","db027_16__s1","haven_labelled/vctrs_vctr/double","Who in Child[16]'s Family Helped","0 No=0 | 1 Himself/herself=1 | 2 His/her Spouse=2 | 3 His/her Children=3","db027_16__s1 Who in Child[16]'s Family Helped"
"raw_health","restricted_source/Health_Status_and_Functioning.dta","db027_16__s2","haven_labelled/vctrs_vctr/double","Who in Child[16]'s Family Helped","0 No=0 | 1 Himself/herself=1 | 2 His/her Spouse=2 | 3 His/her Children=3","db027_16__s2 Who in Child[16]'s Family Helped"
"raw_health","restricted_source/Health_Status_and_Functioning.dta","db027_16__s3","haven_labelled/vctrs_vctr/double","Who in Child[16]'s Family Helped","0 No=0 | 1 Himself/herself=1 | 2 His/her Spouse=2 | 3 His/her Children=3","db027_16__s3 Who in Child[16]'s Family Helped"
"raw_health","restricted_source/Health_Status_and_Functioning.dta","db027_17__s1","haven_labelled/vctrs_vctr/double","Who in Child[17]'s Family Helped","0 No=0 | 1 Himself/herself=1 | 2 His/her Spouse=2 | 3 His/her Children=3","db027_17__s1 Who in Child[17]'s Family Helped"
"raw_health","restricted_source/Health_Status_and_Functioning.dta","db027_17__s2","haven_labelled/vctrs_vctr/double","Who in Child[17]'s Family Helped","0 No=0 | 1 Himself/herself=1 | 2 His/her Spouse=2 | 3 His/her Children=3","db027_17__s2 Who in Child[17]'s Family Helped"
"raw_health","restricted_source/Health_Status_and_Functioning.dta","db027_17__s3","haven_labelled/vctrs_vctr/double","Who in Child[17]'s Family Helped","0 No=0 | 1 Himself/herself=1 | 2 His/her Spouse=2 | 3 His/her Children=3","db027_17__s3 Who in Child[17]'s Family Helped"
"raw_health","restricted_source/Health_Status_and_Functioning.dta","db027_18__s1","haven_labelled/vctrs_vctr/double","Who in Child[18]'s Family Helped","0 No=0 | 1 Himself/herself=1 | 2 His/her Spouse=2 | 3 His/her Children=3","db027_18__s1 Who in Child[18]'s Family Helped"
"raw_health","restricted_source/Health_Status_and_Functioning.dta","db027_18__s2","haven_labelled/vctrs_vctr/double","Who in Child[18]'s Family Helped","0 No=0 | 1 Himself/herself=1 | 2 His/her Spouse=2 | 3 His/her Children=3","db027_18__s2 Who in Child[18]'s Family Helped"
"raw_health","restricted_source/Health_Status_and_Functioning.dta","db027_18__s3","haven_labelled/vctrs_vctr/double","Who in Child[18]'s Family Helped","0 No=0 | 1 Himself/herself=1 | 2 His/her Spouse=2 | 3 His/her Children=3","db027_18__s3 Who in Child[18]'s Family Helped"
"raw_health","restricted_source/Health_Status_and_Functioning.dta","db027_19__s1","haven_labelled/vctrs_vctr/double","Who in Child[19]'s Family Helped","0 No=0 | 1 Himself/herself=1 | 2 His/her Spouse=2 | 3 His/her Children=3","db027_19__s1 Who in Child[19]'s Family Helped"
"raw_health","restricted_source/Health_Status_and_Functioning.dta","db027_19__s2","haven_labelled/vctrs_vctr/double","Who in Child[19]'s Family Helped","0 No=0 | 1 Himself/herself=1 | 2 His/her Spouse=2 | 3 His/her Children=3","db027_19__s2 Who in Child[19]'s Family Helped"
"raw_health","restricted_source/Health_Status_and_Functioning.dta","db027_19__s3","haven_labelled/vctrs_vctr/double","Who in Child[19]'s Family Helped","0 No=0 | 1 Himself/herself=1 | 2 His/her Spouse=2 | 3 His/her Children=3","db027_19__s3 Who in Child[19]'s Family Helped"
"raw_health","restricted_source/Health_Status_and_Functioning.dta","db027_20__s1","haven_labelled/vctrs_vctr/double","Who in Child[20]'s Family Helped","0 No=0 | 1 Himself/herself=1 | 2 His/her Spouse=2 | 3 His/her Children=3","db027_20__s1 Who in Child[20]'s Family Helped"
"raw_health","restricted_source/Health_Status_and_Functioning.dta","db027_20__s2","haven_labelled/vctrs_vctr/double","Who in Child[20]'s Family Helped","0 No=0 | 1 Himself/herself=1 | 2 His/her Spouse=2 | 3 His/her Children=3","db027_20__s2 Who in Child[20]'s Family Helped"
"raw_health","restricted_source/Health_Status_and_Functioning.dta","db027_20__s3","haven_labelled/vctrs_vctr/double","Who in Child[20]'s Family Helped","0 No=0 | 1 Himself/herself=1 | 2 His/her Spouse=2 | 3 His/her Children=3","db027_20__s3 Who in Child[20]'s Family Helped"
"raw_health","restricted_source/Health_Status_and_Functioning.dta","db027_21__s1","haven_labelled/vctrs_vctr/double","Who in Child[21]'s Family Helped","0 No=0 | 1 Himself/herself=1 | 2 His/her Spouse=2 | 3 His/her Children=3","db027_21__s1 Who in Child[21]'s Family Helped"
"raw_health","restricted_source/Health_Status_and_Functioning.dta","db027_21__s2","haven_labelled/vctrs_vctr/double","Who in Child[21]'s Family Helped","0 No=0 | 1 Himself/herself=1 | 2 His/her Spouse=2 | 3 His/her Children=3","db027_21__s2 Who in Child[21]'s Family Helped"
"raw_health","restricted_source/Health_Status_and_Functioning.dta","db027_21__s3","haven_labelled/vctrs_vctr/double","Who in Child[21]'s Family Helped","0 No=0 | 1 Himself/herself=1 | 2 His/her Spouse=2 | 3 His/her Children=3","db027_21__s3 Who in Child[21]'s Family Helped"
"raw_health","restricted_source/Health_Status_and_Functioning.dta","db027_22__s1","haven_labelled/vctrs_vctr/double","Who in Child[22]'s Family Helped","0 No=0 | 1 Himself/herself=1 | 2 His/her Spouse=2 | 3 His/her Children=3","db027_22__s1 Who in Child[22]'s Family Helped"
"raw_health","restricted_source/Health_Status_and_Functioning.dta","db027_22__s2","haven_labelled/vctrs_vctr/double","Who in Child[22]'s Family Helped","0 No=0 | 1 Himself/herself=1 | 2 His/her Spouse=2 | 3 His/her Children=3","db027_22__s2 Who in Child[22]'s Family Helped"
"raw_health","restricted_source/Health_Status_and_Functioning.dta","db027_22__s3","haven_labelled/vctrs_vctr/double","Who in Child[22]'s Family Helped","0 No=0 | 1 Himself/herself=1 | 2 His/her Spouse=2 | 3 His/her Children=3","db027_22__s3 Who in Child[22]'s Family Helped"
"raw_health","restricted_source/Health_Status_and_Functioning.dta","db027_23__s1","haven_labelled/vctrs_vctr/double","Who in Child[23]'s Family Helped","0 No=0 | 1 Himself/herself=1 | 2 His/her Spouse=2 | 3 His/her Children=3","db027_23__s1 Who in Child[23]'s Family Helped"
"raw_health","restricted_source/Health_Status_and_Functioning.dta","db027_23__s2","haven_labelled/vctrs_vctr/double","Who in Child[23]'s Family Helped","0 No=0 | 1 Himself/herself=1 | 2 His/her Spouse=2 | 3 His/her Children=3","db027_23__s2 Who in Child[23]'s Family Helped"
"raw_health","restricted_source/Health_Status_and_Functioning.dta","db027_23__s3","haven_labelled/vctrs_vctr/double","Who in Child[23]'s Family Helped","0 No=0 | 1 Himself/herself=1 | 2 His/her Spouse=2 | 3 His/her Children=3","db027_23__s3 Who in Child[23]'s Family Helped"
"raw_health","restricted_source/Health_Status_and_Functioning.dta","db027_24__s1","haven_labelled/vctrs_vctr/double","Who in Child[24]'s Family Helped","0 No=0 | 1 Himself/herself=1 | 2 His/her Spouse=2 | 3 His/her Children=3","db027_24__s1 Who in Child[24]'s Family Helped"
"raw_health","restricted_source/Health_Status_and_Functioning.dta","db027_24__s2","haven_labelled/vctrs_vctr/double","Who in Child[24]'s Family Helped","0 No=0 | 1 Himself/herself=1 | 2 His/her Spouse=2 | 3 His/her Children=3","db027_24__s2 Who in Child[24]'s Family Helped"
"raw_health","restricted_source/Health_Status_and_Functioning.dta","db027_24__s3","haven_labelled/vctrs_vctr/double","Who in Child[24]'s Family Helped","0 No=0 | 1 Himself/herself=1 | 2 His/her Spouse=2 | 3 His/her Children=3","db027_24__s3 Who in Child[24]'s Family Helped"
"raw_health","restricted_source/Health_Status_and_Functioning.dta","db027_25__s1","haven_labelled/vctrs_vctr/double","Who in Child[25]'s Family Helped","0 No=0 | 1 Himself/herself=1 | 2 His/her Spouse=2 | 3 His/her Children=3","db027_25__s1 Who in Child[25]'s Family Helped"
"raw_health","restricted_source/Health_Status_and_Functioning.dta","db027_25__s2","haven_labelled/vctrs_vctr/double","Who in Child[25]'s Family Helped","0 No=0 | 1 Himself/herself=1 | 2 His/her Spouse=2 | 3 His/her Children=3","db027_25__s2 Who in Child[25]'s Family Helped"
"raw_health","restricted_source/Health_Status_and_Functioning.dta","db027_25__s3","haven_labelled/vctrs_vctr/double","Who in Child[25]'s Family Helped","0 No=0 | 1 Himself/herself=1 | 2 His/her Spouse=2 | 3 His/her Children=3","db027_25__s3 Who in Child[25]'s Family Helped"
"raw_health","restricted_source/Health_Status_and_Functioning.dta","db027_26__s1","haven_labelled/vctrs_vctr/double","Who in Child[26]'s Family Helped","0 No=0 | 1 Himself/herself=1 | 2 His/her Spouse=2 | 3 His/her Children=3","db027_26__s1 Who in Child[26]'s Family Helped"
"raw_health","restricted_source/Health_Status_and_Functioning.dta","db027_26__s2","haven_labelled/vctrs_vctr/double","Who in Child[26]'s Family Helped","0 No=0 | 1 Himself/herself=1 | 2 His/her Spouse=2 | 3 His/her Children=3","db027_26__s2 Who in Child[26]'s Family Helped"
"raw_health","restricted_source/Health_Status_and_Functioning.dta","db027_26__s3","haven_labelled/vctrs_vctr/double","Who in Child[26]'s Family Helped","0 No=0 | 1 Himself/herself=1 | 2 His/her Spouse=2 | 3 His/her Children=3","db027_26__s3 Who in Child[26]'s Family Helped"
"raw_health","restricted_source/Health_Status_and_Functioning.dta","db027_27__s1","haven_labelled/vctrs_vctr/double","Who in Child[27]'s Family Helped","0 No=0 | 1 Himself/herself=1 | 2 His/her Spouse=2 | 3 His/her Children=3","db027_27__s1 Who in Child[27]'s Family Helped"
"raw_health","restricted_source/Health_Status_and_Functioning.dta","db027_27__s2","haven_labelled/vctrs_vctr/double","Who in Child[27]'s Family Helped","0 No=0 | 1 Himself/herself=1 | 2 His/her Spouse=2 | 3 His/her Children=3","db027_27__s2 Who in Child[27]'s Family Helped"
"raw_health","restricted_source/Health_Status_and_Functioning.dta","db027_27__s3","haven_labelled/vctrs_vctr/double","Who in Child[27]'s Family Helped","0 No=0 | 1 Himself/herself=1 | 2 His/her Spouse=2 | 3 His/her Children=3","db027_27__s3 Who in Child[27]'s Family Helped"
"raw_health","restricted_source/Health_Status_and_Functioning.dta","db027_28__s1","haven_labelled/vctrs_vctr/double","Who in Child[28]'s Family Helped","0 No=0 | 1 Himself/herself=1 | 2 His/her Spouse=2 | 3 His/her Children=3","db027_28__s1 Who in Child[28]'s Family Helped"
"raw_health","restricted_source/Health_Status_and_Functioning.dta","db027_28__s2","haven_labelled/vctrs_vctr/double","Who in Child[28]'s Family Helped","0 No=0 | 1 Himself/herself=1 | 2 His/her Spouse=2 | 3 His/her Children=3","db027_28__s2 Who in Child[28]'s Family Helped"
"raw_health","restricted_source/Health_Status_and_Functioning.dta","db027_28__s3","haven_labelled/vctrs_vctr/double","Who in Child[28]'s Family Helped","0 No=0 | 1 Himself/herself=1 | 2 His/her Spouse=2 | 3 His/her Children=3","db027_28__s3 Who in Child[28]'s Family Helped"
"raw_health","restricted_source/Health_Status_and_Functioning.dta","db027_29__s1","haven_labelled/vctrs_vctr/double","Who in Child[29]'s Family Helped","0 No=0 | 1 Himself/herself=1 | 2 His/her Spouse=2 | 3 His/her Children=3","db027_29__s1 Who in Child[29]'s Family Helped"
"raw_health","restricted_source/Health_Status_and_Functioning.dta","db027_29__s2","haven_labelled/vctrs_vctr/double","Who in Child[29]'s Family Helped","0 No=0 | 1 Himself/herself=1 | 2 His/her Spouse=2 | 3 His/her Children=3","db027_29__s2 Who in Child[29]'s Family Helped"
"raw_health","restricted_source/Health_Status_and_Functioning.dta","db027_29__s3","haven_labelled/vctrs_vctr/double","Who in Child[29]'s Family Helped","0 No=0 | 1 Himself/herself=1 | 2 His/her Spouse=2 | 3 His/her Children=3","db027_29__s3 Who in Child[29]'s Family Helped"
"raw_health","restricted_source/Health_Status_and_Functioning.dta","db027_30__s1","haven_labelled/vctrs_vctr/double","Who in Child[30]'s Family Helped","0 No=0 | 1 Himself/herself=1 | 2 His/her Spouse=2 | 3 His/her Children=3","db027_30__s1 Who in Child[30]'s Family Helped"
"raw_health","restricted_source/Health_Status_and_Functioning.dta","db027_30__s2","haven_labelled/vctrs_vctr/double","Who in Child[30]'s Family Helped","0 No=0 | 1 Himself/herself=1 | 2 His/her Spouse=2 | 3 His/her Children=3","db027_30__s2 Who in Child[30]'s Family Helped"
"raw_health","restricted_source/Health_Status_and_Functioning.dta","db027_30__s3","haven_labelled/vctrs_vctr/double","Who in Child[30]'s Family Helped","0 No=0 | 1 Himself/herself=1 | 2 His/her Spouse=2 | 3 His/her Children=3","db027_30__s3 Who in Child[30]'s Family Helped"
"raw_health","restricted_source/Health_Status_and_Functioning.dta","db027_31__s1","haven_labelled/vctrs_vctr/double","Who in Child[31]'s Family Helped","0 No=0 | 1 Himself/herself=1 | 2 His/her Spouse=2 | 3 His/her Children=3","db027_31__s1 Who in Child[31]'s Family Helped"
"raw_health","restricted_source/Health_Status_and_Functioning.dta","db027_31__s2","haven_labelled/vctrs_vctr/double","Who in Child[31]'s Family Helped","0 No=0 | 1 Himself/herself=1 | 2 His/her Spouse=2 | 3 His/her Children=3","db027_31__s2 Who in Child[31]'s Family Helped"
"raw_health","restricted_source/Health_Status_and_Functioning.dta","db027_31__s3","haven_labelled/vctrs_vctr/double","Who in Child[31]'s Family Helped","0 No=0 | 1 Himself/herself=1 | 2 His/her Spouse=2 | 3 His/her Children=3","db027_31__s3 Who in Child[31]'s Family Helped"
"raw_health","restricted_source/Health_Status_and_Functioning.dta","db027_32__s1","haven_labelled/vctrs_vctr/double","Who in Child[32]'s Family Helped","0 No=0 | 1 Himself/herself=1 | 2 His/her Spouse=2 | 3 His/her Children=3","db027_32__s1 Who in Child[32]'s Family Helped"
"raw_health","restricted_source/Health_Status_and_Functioning.dta","db027_32__s2","haven_labelled/vctrs_vctr/double","Who in Child[32]'s Family Helped","0 No=0 | 1 Himself/herself=1 | 2 His/her Spouse=2 | 3 His/her Children=3","db027_32__s2 Who in Child[32]'s Family Helped"
"raw_health","restricted_source/Health_Status_and_Functioning.dta","db027_32__s3","haven_labelled/vctrs_vctr/double","Who in Child[32]'s Family Helped","0 No=0 | 1 Himself/herself=1 | 2 His/her Spouse=2 | 3 His/her Children=3","db027_32__s3 Who in Child[32]'s Family Helped"
"raw_health","restricted_source/Health_Status_and_Functioning.dta","db027_33__s1","haven_labelled/vctrs_vctr/double","Who in Child[33]'s Family Helped","0 No=0 | 1 Himself/herself=1 | 2 His/her Spouse=2 | 3 His/her Children=3","db027_33__s1 Who in Child[33]'s Family Helped"
"raw_health","restricted_source/Health_Status_and_Functioning.dta","db027_33__s2","haven_labelled/vctrs_vctr/double","Who in Child[33]'s Family Helped","0 No=0 | 1 Himself/herself=1 | 2 His/her Spouse=2 | 3 His/her Children=3","db027_33__s2 Who in Child[33]'s Family Helped"
"raw_health","restricted_source/Health_Status_and_Functioning.dta","db027_33__s3","haven_labelled/vctrs_vctr/double","Who in Child[33]'s Family Helped","0 No=0 | 1 Himself/herself=1 | 2 His/her Spouse=2 | 3 His/her Children=3","db027_33__s3 Who in Child[33]'s Family Helped"
"raw_health","restricted_source/Health_Status_and_Functioning.dta","db027_34__s1","haven_labelled/vctrs_vctr/double","Who in Child[34]'s Family Helped","0 No=0 | 1 Himself/herself=1 | 2 His/her Spouse=2 | 3 His/her Children=3","db027_34__s1 Who in Child[34]'s Family Helped"
"raw_health","restricted_source/Health_Status_and_Functioning.dta","db027_34__s2","haven_labelled/vctrs_vctr/double","Who in Child[34]'s Family Helped","0 No=0 | 1 Himself/herself=1 | 2 His/her Spouse=2 | 3 His/her Children=3","db027_34__s2 Who in Child[34]'s Family Helped"
"raw_health","restricted_source/Health_Status_and_Functioning.dta","db027_34__s3","haven_labelled/vctrs_vctr/double","Who in Child[34]'s Family Helped","0 No=0 | 1 Himself/herself=1 | 2 His/her Spouse=2 | 3 His/her Children=3","db027_34__s3 Who in Child[34]'s Family Helped"
"raw_health","restricted_source/Health_Status_and_Functioning.dta","db027_35__s1","haven_labelled/vctrs_vctr/double","Who in Child[35]'s Family Helped","0 No=0 | 1 Himself/herself=1 | 2 His/her Spouse=2 | 3 His/her Children=3","db027_35__s1 Who in Child[35]'s Family Helped"
"raw_health","restricted_source/Health_Status_and_Functioning.dta","db027_35__s2","haven_labelled/vctrs_vctr/double","Who in Child[35]'s Family Helped","0 No=0 | 1 Himself/herself=1 | 2 His/her Spouse=2 | 3 His/her Children=3","db027_35__s2 Who in Child[35]'s Family Helped"
"raw_health","restricted_source/Health_Status_and_Functioning.dta","db027_35__s3","haven_labelled/vctrs_vctr/double","Who in Child[35]'s Family Helped","0 No=0 | 1 Himself/herself=1 | 2 His/her Spouse=2 | 3 His/her Children=3","db027_35__s3 Who in Child[35]'s Family Helped"
"raw_health","restricted_source/Health_Status_and_Functioning.dta","db027_1_1_","numeric","Number of Children Helped","","db027_1_1_ Number of Children Helped"
"raw_health","restricted_source/Health_Status_and_Functioning.dta","db027_1_2_","numeric","Number of Children Helped","","db027_1_2_ Number of Children Helped"
"raw_health","restricted_source/Health_Status_and_Functioning.dta","db027_1_3_","numeric","Number of Children Helped","","db027_1_3_ Number of Children Helped"
"raw_health","restricted_source/Health_Status_and_Functioning.dta","db027_1_4_","numeric","Number of Children Helped","","db027_1_4_ Number of Children Helped"
"raw_health","restricted_source/Health_Status_and_Functioning.dta","db027_1_5_","numeric","Number of Children Helped","","db027_1_5_ Number of Children Helped"
"raw_health","restricted_source/Health_Status_and_Functioning.dta","db027_1_6_","numeric","Number of Children Helped","","db027_1_6_ Number of Children Helped"
"raw_health","restricted_source/Health_Status_and_Functioning.dta","db027_1_7_","numeric","Number of Children Helped","","db027_1_7_ Number of Children Helped"
"raw_health","restricted_source/Health_Status_and_Functioning.dta","db027_1_8_","numeric","Number of Children Helped","","db027_1_8_ Number of Children Helped"
"raw_health","restricted_source/Health_Status_and_Functioning.dta","db027_1_9_","numeric","Number of Children Helped","","db027_1_9_ Number of Children Helped"
"raw_health","restricted_source/Health_Status_and_Functioning.dta","db027_1_10_","character","Number of Children Helped","","db027_1_10_ Number of Children Helped"
"raw_health","restricted_source/Health_Status_and_Functioning.dta","db027_1_11_","character","Number of Children Helped","","db027_1_11_ Number of Children Helped"
"raw_health","restricted_source/Health_Status_and_Functioning.dta","db027_1_12_","character","Number of Children Helped","","db027_1_12_ Number of Children Helped"
"raw_health","restricted_source/Health_Status_and_Functioning.dta","db027_1_13_","numeric","Number of Children Helped","","db027_1_13_ Number of Children Helped"
"raw_health","restricted_source/Health_Status_and_Functioning.dta","db027_1_14_","character","Number of Children Helped","","db027_1_14_ Number of Children Helped"
"raw_health","restricted_source/Health_Status_and_Functioning.dta","db027_1_15_","character","Number of Children Helped","","db027_1_15_ Number of Children Helped"
"raw_health","restricted_source/Health_Status_and_Functioning.dta","db027_1_16_","character","Number of Children Helped","","db027_1_16_ Number of Children Helped"
"raw_health","restricted_source/Health_Status_and_Functioning.dta","db027_1_17_","character","Number of Children Helped","","db027_1_17_ Number of Children Helped"
"raw_health","restricted_source/Health_Status_and_Functioning.dta","db027_1_18_","character","Number of Children Helped","","db027_1_18_ Number of Children Helped"
"raw_health","restricted_source/Health_Status_and_Functioning.dta","db027_1_19_","character","Number of Children Helped","","db027_1_19_ Number of Children Helped"
"raw_health","restricted_source/Health_Status_and_Functioning.dta","db027_1_20_","character","Number of Children Helped","","db027_1_20_ Number of Children Helped"
"raw_health","restricted_source/Health_Status_and_Functioning.dta","db027_1_21_","character","Number of Children Helped","","db027_1_21_ Number of Children Helped"
"raw_health","restricted_source/Health_Status_and_Functioning.dta","db027_1_22_","character","Number of Children Helped","","db027_1_22_ Number of Children Helped"
"raw_health","restricted_source/Health_Status_and_Functioning.dta","db027_1_23_","character","Number of Children Helped","","db027_1_23_ Number of Children Helped"
"raw_health","restricted_source/Health_Status_and_Functioning.dta","db027_1_24_","character","Number of Children Helped","","db027_1_24_ Number of Children Helped"
"raw_health","restricted_source/Health_Status_and_Functioning.dta","db027_1_25_","character","Number of Children Helped","","db027_1_25_ Number of Children Helped"
"raw_health","restricted_source/Health_Status_and_Functioning.dta","db027_1_26_","numeric","Number of Children Helped","","db027_1_26_ Number of Children Helped"
"raw_health","restricted_source/Health_Status_and_Functioning.dta","db027_1_27_","numeric","Number of Children Helped","","db027_1_27_ Number of Children Helped"
"raw_health","restricted_source/Health_Status_and_Functioning.dta","db027_1_28_","numeric","Number of Children Helped","","db027_1_28_ Number of Children Helped"
"raw_health","restricted_source/Health_Status_and_Functioning.dta","db027_1_29_","numeric","Number of Children Helped","","db027_1_29_ Number of Children Helped"
"raw_health","restricted_source/Health_Status_and_Functioning.dta","db027_1_30_","character","Number of Children Helped","","db027_1_30_ Number of Children Helped"
"raw_health","restricted_source/Health_Status_and_Functioning.dta","db027_1_31_","character","Number of Children Helped","","db027_1_31_ Number of Children Helped"
"raw_health","restricted_source/Health_Status_and_Functioning.dta","db027_1_32_","character","Number of Children Helped","","db027_1_32_ Number of Children Helped"
"raw_health","restricted_source/Health_Status_and_Functioning.dta","db027_1_33_","character","Number of Children Helped","","db027_1_33_ Number of Children Helped"
"raw_health","restricted_source/Health_Status_and_Functioning.dta","db027_1_34_","character","Number of Children Helped","","db027_1_34_ Number of Children Helped"
"raw_health","restricted_source/Health_Status_and_Functioning.dta","db027_1_35_","character","Number of Children Helped","","db027_1_35_ Number of Children Helped"
"raw_health","restricted_source/Health_Status_and_Functioning.dta","db028_s1","haven_labelled/vctrs_vctr/double","Which Sibling's Family Helps","0 No=0 | 1 Preload XSibName[1]=1","db028_s1 Which Sibling's Family Helps"
"raw_health","restricted_source/Health_Status_and_Functioning.dta","db028_s2","haven_labelled/vctrs_vctr/double","Which Sibling's Family Helps","0 No=0 | 2 Preload XSibName[2]=2","db028_s2 Which Sibling's Family Helps"
"raw_health","restricted_source/Health_Status_and_Functioning.dta","db028_s3","haven_labelled/vctrs_vctr/double","Which Sibling's Family Helps","0 No=0 | 3 Preload XSibName[3]=3","db028_s3 Which Sibling's Family Helps"
"raw_health","restricted_source/Health_Status_and_Functioning.dta","db028_s4","haven_labelled/vctrs_vctr/double","Which Sibling's Family Helps","0 No=0 | 4 Preload XSibName[4]=4","db028_s4 Which Sibling's Family Helps"
"raw_health","restricted_source/Health_Status_and_Functioning.dta","db028_s5","haven_labelled/vctrs_vctr/double","Which Sibling's Family Helps","0 No=0 | 5 Preload XSibName[5]=5","db028_s5 Which Sibling's Family Helps"
"raw_health","restricted_source/Health_Status_and_Functioning.dta","db028_s6","haven_labelled/vctrs_vctr/double","Which Sibling's Family Helps","0 No=0 | 6 Preload XSibName[6]=6","db028_s6 Which Sibling's Family Helps"
"raw_health","restricted_source/Health_Status_and_Functioning.dta","db028_s7","haven_labelled/vctrs_vctr/double","Which Sibling's Family Helps","0 No=0 | 7 Preload XSibName[7]=7","db028_s7 Which Sibling's Family Helps"
"raw_health","restricted_source/Health_Status_and_Functioning.dta","db028_s8","haven_labelled/vctrs_vctr/double","Which Sibling's Family Helps","0 No=0 | 8 Preload XSibName[8]=8","db028_s8 Which Sibling's Family Helps"
"raw_health","restricted_source/Health_Status_and_Functioning.dta","db028_s9","haven_labelled/vctrs_vctr/double","Which Sibling's Family Helps","0 No=0 | 9 Preload XSibName[9]=9","db028_s9 Which Sibling's Family Helps"
"raw_health","restricted_source/Health_Status_and_Functioning.dta","db028_s10","haven_labelled/vctrs_vctr/double","Which Sibling's Family Helps","0 No=0 | 10 Preload XSibName[10]=10","db028_s10 Which Sibling's Family Helps"
"raw_health","restricted_source/Health_Status_and_Functioning.dta","db028_s11","haven_labelled/vctrs_vctr/double","Which Sibling's Family Helps","0 No=0 | 11 Preload XSibName[11]=11","db028_s11 Which Sibling's Family Helps"
"raw_health","restricted_source/Health_Status_and_Functioning.dta","db028_s12","haven_labelled/vctrs_vctr/double","Which Sibling's Family Helps","0 No=0 | 12 Preload XSibName[12]=12","db028_s12 Which Sibling's Family Helps"
"raw_health","restricted_source/Health_Status_and_Functioning.dta","db028_s13","haven_labelled/vctrs_vctr/double","Which Sibling's Family Helps","0 No=0 | 13 Preload XSibName[13]=13","db028_s13 Which Sibling's Family Helps"
"raw_health","restricted_source/Health_Status_and_Functioning.dta","db028_s14","haven_labelled/vctrs_vctr/double","Which Sibling's Family Helps","0 No=0 | 14 Preload XSibName[14]=14","db028_s14 Which Sibling's Family Helps"
"raw_health","restricted_source/Health_Status_and_Functioning.dta","db028_s15","haven_labelled/vctrs_vctr/double","Which Sibling's Family Helps","0 No=0 | 15 Preload XSibName[15]=15","db028_s15 Which Sibling's Family Helps"
"raw_health","restricted_source/Health_Status_and_Functioning.dta","db028_s16","haven_labelled/vctrs_vctr/double","Which Sibling's Family Helps","0 No=0 | 16 Preload XSibName[16]=16","db028_s16 Which Sibling's Family Helps"
"raw_health","restricted_source/Health_Status_and_Functioning.dta","db028_s17","haven_labelled/vctrs_vctr/double","Which Sibling's Family Helps","0 No=0 | 17 Preload XSibName[17]=17","db028_s17 Which Sibling's Family Helps"
"raw_health","restricted_source/Health_Status_and_Functioning.dta","db028_s18","haven_labelled/vctrs_vctr/double","Which Sibling's Family Helps","0 No=0 | 18 Preload XSibName[18]=18","db028_s18 Which Sibling's Family Helps"
"raw_health","restricted_source/Health_Status_and_Functioning.dta","db028_s19","haven_labelled/vctrs_vctr/double","Which Sibling's Family Helps","0 No=0 | 19 Preload XSibName[19]=19","db028_s19 Which Sibling's Family Helps"
"raw_health","restricted_source/Health_Status_and_Functioning.dta","db028_s20","haven_labelled/vctrs_vctr/double","Which Sibling's Family Helps","0 No=0 | 20 Preload XSibName[20]=20","db028_s20 Which Sibling's Family Helps"
"raw_health","restricted_source/Health_Status_and_Functioning.dta","db028_s21","haven_labelled/vctrs_vctr/double","Which Sibling's Family Helps","0 No=0 | 21 Preload XSibName[21]=21","db028_s21 Which Sibling's Family Helps"
"raw_health","restricted_source/Health_Status_and_Functioning.dta","db028_s22","haven_labelled/vctrs_vctr/double","Which Sibling's Family Helps","0 No=0 | 22 Preload XSibName[22]=22","db028_s22 Which Sibling's Family Helps"
"raw_health","restricted_source/Health_Status_and_Functioning.dta","db028_s23","haven_labelled/vctrs_vctr/double","Which Sibling's Family Helps","0 No=0 | 23 Preload XSibName[23]=23","db028_s23 Which Sibling's Family Helps"
"raw_health","restricted_source/Health_Status_and_Functioning.dta","db028_s24","haven_labelled/vctrs_vctr/double","Which Sibling's Family Helps","0 No=0 | 24 Preload XSibName[24]=24","db028_s24 Which Sibling's Family Helps"
"raw_health","restricted_source/Health_Status_and_Functioning.dta","db028_s25","haven_labelled/vctrs_vctr/double","Which Sibling's Family Helps","0 No=0 | 25 Preload XSibName[25]=25","db028_s25 Which Sibling's Family Helps"
"raw_health","restricted_source/Health_Status_and_Functioning.dta","db028_s26","haven_labelled/vctrs_vctr/double","Which Sibling's Family Helps","0 No=0 | 26 Preload XSibName[26]=26","db028_s26 Which Sibling's Family Helps"
"raw_health","restricted_source/Health_Status_and_Functioning.dta","db028_s27","haven_labelled/vctrs_vctr/double","Which Sibling's Family Helps","0 No=0 | 27 Preload XSibName[27]=27","db028_s27 Which Sibling's Family Helps"
"raw_health","restricted_source/Health_Status_and_Functioning.dta","db028_s28","haven_labelled/vctrs_vctr/double","Which Sibling's Family Helps","0 No=0 | 28 Preload XSibName[28]=28","db028_s28 Which Sibling's Family Helps"
"raw_health","restricted_source/Health_Status_and_Functioning.dta","db028_s29","haven_labelled/vctrs_vctr/double","Which Sibling's Family Helps","0 No=0 | 29 Preload XSibName[29]=29","db028_s29 Which Sibling's Family Helps"
"raw_health","restricted_source/Health_Status_and_Functioning.dta","db028_s30","haven_labelled/vctrs_vctr/double","Which Sibling's Family Helps","0 No=0 | 30 Preload XSibName[30]=30","db028_s30 Which Sibling's Family Helps"
"raw_health","restricted_source/Health_Status_and_Functioning.dta","db028_s31","haven_labelled/vctrs_vctr/double","Which Sibling's Family Helps","0 No=0 | 31 Other Sibling[31]=31","db028_s31 Which Sibling's Family Helps"
"raw_health","restricted_source/Health_Status_and_Functioning.dta","db028_s32","haven_labelled/vctrs_vctr/double","Which Sibling's Family Helps","0 No=0 | 32 Other Sibling[32]=32","db028_s32 Which Sibling's Family Helps"
"raw_health","restricted_source/Health_Status_and_Functioning.dta","db028_s33","haven_labelled/vctrs_vctr/double","Which Sibling's Family Helps","0 No=0 | 33 Other Sibling[33]=33","db028_s33 Which Sibling's Family Helps"
"raw_health","restricted_source/Health_Status_and_Functioning.dta","db028_s34","haven_labelled/vctrs_vctr/double","Which Sibling's Family Helps","0 No=0 | 34 Other Sibling[34]=34","db028_s34 Which Sibling's Family Helps"
"raw_health","restricted_source/Health_Status_and_Functioning.dta","db028_s35","haven_labelled/vctrs_vctr/double","Which Sibling's Family Helps","0 No=0 | 35 Other Sibling[35]=35","db028_s35 Which Sibling's Family Helps"
"raw_health","restricted_source/Health_Status_and_Functioning.dta","db028_s36","haven_labelled/vctrs_vctr/double","Which Sibling's Family Helps","0 No=0 | 36 Other Sibling[36]=36","db028_s36 Which Sibling's Family Helps"
"raw_health","restricted_source/Health_Status_and_Functioning.dta","db028_s37","haven_labelled/vctrs_vctr/double","Which Sibling's Family Helps","0 No=0 | 37 Other Sibling[37]=37","db028_s37 Which Sibling's Family Helps"
"raw_health","restricted_source/Health_Status_and_Functioning.dta","db028_s38","haven_labelled/vctrs_vctr/double","Which Sibling's Family Helps","0 No=0 | 38 Other Sibling[38]=38","db028_s38 Which Sibling's Family Helps"
"raw_health","restricted_source/Health_Status_and_Functioning.dta","db028_s39","haven_labelled/vctrs_vctr/double","Which Sibling's Family Helps","0 No=0 | 39 Other Sibling[39]=39","db028_s39 Which Sibling's Family Helps"
"raw_health","restricted_source/Health_Status_and_Functioning.dta","db028_s40","haven_labelled/vctrs_vctr/double","Which Sibling's Family Helps","0 No=0 | 40 Other Sibling[40]=40","db028_s40 Which Sibling's Family Helps"
"raw_health","restricted_source/Health_Status_and_Functioning.dta","db029_1__s1","haven_labelled/vctrs_vctr/double","Who Help in Person from Sibling[1]'s Family","0 No=0 | 1 Himself/herself=1 | 2 His/her Spouse=2 | 3 His/her Children=3","db029_1__s1 Who Help in Person from Sibling[1]'s Family"
"raw_health","restricted_source/Health_Status_and_Functioning.dta","db029_1__s2","haven_labelled/vctrs_vctr/double","Who Help in Person from Sibling[1]'s Family","0 No=0 | 1 Himself/herself=1 | 2 His/her Spouse=2 | 3 His/her Children=3","db029_1__s2 Who Help in Person from Sibling[1]'s Family"
"raw_health","restricted_source/Health_Status_and_Functioning.dta","db029_1__s3","haven_labelled/vctrs_vctr/double","Who Help in Person from Sibling[1]'s Family","0 No=0 | 1 Himself/herself=1 | 2 His/her Spouse=2 | 3 His/her Children=3","db029_1__s3 Who Help in Person from Sibling[1]'s Family"
"raw_health","restricted_source/Health_Status_and_Functioning.dta","db029_2__s1","haven_labelled/vctrs_vctr/double","Who Help in Person from Sibling[2]'s Family","0 No=0 | 1 Himself/herself=1 | 2 His/her Spouse=2 | 3 His/her Children=3","db029_2__s1 Who Help in Person from Sibling[2]'s Family"
"raw_health","restricted_source/Health_Status_and_Functioning.dta","db029_2__s2","haven_labelled/vctrs_vctr/double","Who Help in Person from Sibling[2]'s Family","0 No=0 | 1 Himself/herself=1 | 2 His/her Spouse=2 | 3 His/her Children=3","db029_2__s2 Who Help in Person from Sibling[2]'s Family"
"raw_health","restricted_source/Health_Status_and_Functioning.dta","db029_2__s3","haven_labelled/vctrs_vctr/double","Who Help in Person from Sibling[2]'s Family","0 No=0 | 1 Himself/herself=1 | 2 His/her Spouse=2 | 3 His/her Children=3","db029_2__s3 Who Help in Person from Sibling[2]'s Family"
"raw_health","restricted_source/Health_Status_and_Functioning.dta","db029_3__s1","haven_labelled/vctrs_vctr/double","Who Help in Person from Sibling[3]'s Family","0 No=0 | 1 Himself/herself=1 | 2 His/her Spouse=2 | 3 His/her Children=3","db029_3__s1 Who Help in Person from Sibling[3]'s Family"
"raw_health","restricted_source/Health_Status_and_Functioning.dta","db029_3__s2","haven_labelled/vctrs_vctr/double","Who Help in Person from Sibling[3]'s Family","0 No=0 | 1 Himself/herself=1 | 2 His/her Spouse=2 | 3 His/her Children=3","db029_3__s2 Who Help in Person from Sibling[3]'s Family"
"raw_health","restricted_source/Health_Status_and_Functioning.dta","db029_3__s3","haven_labelled/vctrs_vctr/double","Who Help in Person from Sibling[3]'s Family","0 No=0 | 1 Himself/herself=1 | 2 His/her Spouse=2 | 3 His/her Children=3","db029_3__s3 Who Help in Person from Sibling[3]'s Family"
"raw_health","restricted_source/Health_Status_and_Functioning.dta","db029_4__s1","haven_labelled/vctrs_vctr/double","Who Help in Person from Sibling[4]'s Family","0 No=0 | 1 Himself/herself=1 | 2 His/her Spouse=2 | 3 His/her Children=3","db029_4__s1 Who Help in Person from Sibling[4]'s Family"
"raw_health","restricted_source/Health_Status_and_Functioning.dta","db029_4__s2","haven_labelled/vctrs_vctr/double","Who Help in Person from Sibling[4]'s Family","0 No=0 | 1 Himself/herself=1 | 2 His/her Spouse=2 | 3 His/her Children=3","db029_4__s2 Who Help in Person from Sibling[4]'s Family"
"raw_health","restricted_source/Health_Status_and_Functioning.dta","db029_4__s3","haven_labelled/vctrs_vctr/double","Who Help in Person from Sibling[4]'s Family","0 No=0 | 1 Himself/herself=1 | 2 His/her Spouse=2 | 3 His/her Children=3","db029_4__s3 Who Help in Person from Sibling[4]'s Family"
"raw_health","restricted_source/Health_Status_and_Functioning.dta","db029_5__s1","haven_labelled/vctrs_vctr/double","Who Help in Person from Sibling[5]'s Family","0 No=0 | 1 Himself/herself=1 | 2 His/her Spouse=2 | 3 His/her Children=3","db029_5__s1 Who Help in Person from Sibling[5]'s Family"
"raw_health","restricted_source/Health_Status_and_Functioning.dta","db029_5__s2","haven_labelled/vctrs_vctr/double","Who Help in Person from Sibling[5]'s Family","0 No=0 | 1 Himself/herself=1 | 2 His/her Spouse=2 | 3 His/her Children=3","db029_5__s2 Who Help in Person from Sibling[5]'s Family"
"raw_health","restricted_source/Health_Status_and_Functioning.dta","db029_5__s3","haven_labelled/vctrs_vctr/double","Who Help in Person from Sibling[5]'s Family","0 No=0 | 1 Himself/herself=1 | 2 His/her Spouse=2 | 3 His/her Children=3","db029_5__s3 Who Help in Person from Sibling[5]'s Family"
"raw_health","restricted_source/Health_Status_and_Functioning.dta","db029_6__s1","haven_labelled/vctrs_vctr/double","Who Help in Person from Sibling[6]'s Family","0 No=0 | 1 Himself/herself=1 | 2 His/her Spouse=2 | 3 His/her Children=3","db029_6__s1 Who Help in Person from Sibling[6]'s Family"
"raw_health","restricted_source/Health_Status_and_Functioning.dta","db029_6__s2","haven_labelled/vctrs_vctr/double","Who Help in Person from Sibling[6]'s Family","0 No=0 | 1 Himself/herself=1 | 2 His/her Spouse=2 | 3 His/her Children=3","db029_6__s2 Who Help in Person from Sibling[6]'s Family"
"raw_health","restricted_source/Health_Status_and_Functioning.dta","db029_6__s3","haven_labelled/vctrs_vctr/double","Who Help in Person from Sibling[6]'s Family","0 No=0 | 1 Himself/herself=1 | 2 His/her Spouse=2 | 3 His/her Children=3","db029_6__s3 Who Help in Person from Sibling[6]'s Family"
"raw_health","restricted_source/Health_Status_and_Functioning.dta","db029_7__s1","haven_labelled/vctrs_vctr/double","Who Help in Person from Sibling[7]'s Family","0 No=0 | 1 Himself/herself=1 | 2 His/her Spouse=2 | 3 His/her Children=3","db029_7__s1 Who Help in Person from Sibling[7]'s Family"
"raw_health","restricted_source/Health_Status_and_Functioning.dta","db029_7__s2","haven_labelled/vctrs_vctr/double","Who Help in Person from Sibling[7]'s Family","0 No=0 | 1 Himself/herself=1 | 2 His/her Spouse=2 | 3 His/her Children=3","db029_7__s2 Who Help in Person from Sibling[7]'s Family"
"raw_health","restricted_source/Health_Status_and_Functioning.dta","db029_7__s3","haven_labelled/vctrs_vctr/double","Who Help in Person from Sibling[7]'s Family","0 No=0 | 1 Himself/herself=1 | 2 His/her Spouse=2 | 3 His/her Children=3","db029_7__s3 Who Help in Person from Sibling[7]'s Family"
"raw_health","restricted_source/Health_Status_and_Functioning.dta","db029_8__s1","haven_labelled/vctrs_vctr/double","Who Help in Person from Sibling[8]'s Family","0 No=0 | 1 Himself/herself=1 | 2 His/her Spouse=2 | 3 His/her Children=3","db029_8__s1 Who Help in Person from Sibling[8]'s Family"
"raw_health","restricted_source/Health_Status_and_Functioning.dta","db029_8__s2","haven_labelled/vctrs_vctr/double","Who Help in Person from Sibling[8]'s Family","0 No=0 | 1 Himself/herself=1 | 2 His/her Spouse=2 | 3 His/her Children=3","db029_8__s2 Who Help in Person from Sibling[8]'s Family"
"raw_health","restricted_source/Health_Status_and_Functioning.dta","db029_8__s3","haven_labelled/vctrs_vctr/double","Who Help in Person from Sibling[8]'s Family","0 No=0 | 1 Himself/herself=1 | 2 His/her Spouse=2 | 3 His/her Children=3","db029_8__s3 Who Help in Person from Sibling[8]'s Family"
"raw_health","restricted_source/Health_Status_and_Functioning.dta","db029_9__s1","haven_labelled/vctrs_vctr/double","Who Help in Person from Sibling[9]'s Family","0 No=0 | 1 Himself/herself=1 | 2 His/her Spouse=2 | 3 His/her Children=3","db029_9__s1 Who Help in Person from Sibling[9]'s Family"
"raw_health","restricted_source/Health_Status_and_Functioning.dta","db029_9__s2","haven_labelled/vctrs_vctr/double","Who Help in Person from Sibling[9]'s Family","0 No=0 | 1 Himself/herself=1 | 2 His/her Spouse=2 | 3 His/her Children=3","db029_9__s2 Who Help in Person from Sibling[9]'s Family"
"raw_health","restricted_source/Health_Status_and_Functioning.dta","db029_9__s3","haven_labelled/vctrs_vctr/double","Who Help in Person from Sibling[9]'s Family","0 No=0 | 1 Himself/herself=1 | 2 His/her Spouse=2 | 3 His/her Children=3","db029_9__s3 Who Help in Person from Sibling[9]'s Family"
"raw_health","restricted_source/Health_Status_and_Functioning.dta","db029_10__s1","haven_labelled/vctrs_vctr/double","Who Help in Person from Sibling[10]'s Family","0 No=0 | 1 Himself/herself=1 | 2 His/her Spouse=2 | 3 His/her Children=3","db029_10__s1 Who Help in Person from Sibling[10]'s Family"
"raw_health","restricted_source/Health_Status_and_Functioning.dta","db029_10__s2","haven_labelled/vctrs_vctr/double","Who Help in Person from Sibling[10]'s Family","0 No=0 | 1 Himself/herself=1 | 2 His/her Spouse=2 | 3 His/her Children=3","db029_10__s2 Who Help in Person from Sibling[10]'s Family"
"raw_health","restricted_source/Health_Status_and_Functioning.dta","db029_10__s3","haven_labelled/vctrs_vctr/double","Who Help in Person from Sibling[10]'s Family","0 No=0 | 1 Himself/herself=1 | 2 His/her Spouse=2 | 3 His/her Children=3","db029_10__s3 Who Help in Person from Sibling[10]'s Family"
"raw_health","restricted_source/Health_Status_and_Functioning.dta","db029_11__s1","haven_labelled/vctrs_vctr/double","Who Help in Person from Sibling[11]'s Family","0 No=0 | 1 Himself/herself=1 | 2 His/her Spouse=2 | 3 His/her Children=3","db029_11__s1 Who Help in Person from Sibling[11]'s Family"
"raw_health","restricted_source/Health_Status_and_Functioning.dta","db029_11__s2","haven_labelled/vctrs_vctr/double","Who Help in Person from Sibling[11]'s Family","0 No=0 | 1 Himself/herself=1 | 2 His/her Spouse=2 | 3 His/her Children=3","db029_11__s2 Who Help in Person from Sibling[11]'s Family"
"raw_health","restricted_source/Health_Status_and_Functioning.dta","db029_11__s3","haven_labelled/vctrs_vctr/double","Who Help in Person from Sibling[11]'s Family","0 No=0 | 1 Himself/herself=1 | 2 His/her Spouse=2 | 3 His/her Children=3","db029_11__s3 Who Help in Person from Sibling[11]'s Family"
"raw_health","restricted_source/Health_Status_and_Functioning.dta","db029_12__s1","haven_labelled/vctrs_vctr/double","Who Help in Person from Sibling[12]'s Family","0 No=0 | 1 Himself/herself=1 | 2 His/her Spouse=2 | 3 His/her Children=3","db029_12__s1 Who Help in Person from Sibling[12]'s Family"
"raw_health","restricted_source/Health_Status_and_Functioning.dta","db029_12__s2","haven_labelled/vctrs_vctr/double","Who Help in Person from Sibling[12]'s Family","0 No=0 | 1 Himself/herself=1 | 2 His/her Spouse=2 | 3 His/her Children=3","db029_12__s2 Who Help in Person from Sibling[12]'s Family"
"raw_health","restricted_source/Health_Status_and_Functioning.dta","db029_12__s3","haven_labelled/vctrs_vctr/double","Who Help in Person from Sibling[12]'s Family","0 No=0 | 1 Himself/herself=1 | 2 His/her Spouse=2 | 3 His/her Children=3","db029_12__s3 Who Help in Person from Sibling[12]'s Family"
"raw_health","restricted_source/Health_Status_and_Functioning.dta","db029_13__s1","haven_labelled/vctrs_vctr/double","Who Help in Person from Sibling[13]'s Family","0 No=0 | 1 Himself/herself=1 | 2 His/her Spouse=2 | 3 His/her Children=3","db029_13__s1 Who Help in Person from Sibling[13]'s Family"
"raw_health","restricted_source/Health_Status_and_Functioning.dta","db029_13__s2","haven_labelled/vctrs_vctr/double","Who Help in Person from Sibling[13]'s Family","0 No=0 | 1 Himself/herself=1 | 2 His/her Spouse=2 | 3 His/her Children=3","db029_13__s2 Who Help in Person from Sibling[13]'s Family"
"raw_health","restricted_source/Health_Status_and_Functioning.dta","db029_13__s3","haven_labelled/vctrs_vctr/double","Who Help in Person from Sibling[13]'s Family","0 No=0 | 1 Himself/herself=1 | 2 His/her Spouse=2 | 3 His/her Children=3","db029_13__s3 Who Help in Person from Sibling[13]'s Family"
"raw_health","restricted_source/Health_Status_and_Functioning.dta","db029_14__s1","haven_labelled/vctrs_vctr/double","Who Help in Person from Sibling[14]'s Family","0 No=0 | 1 Himself/herself=1 | 2 His/her Spouse=2 | 3 His/her Children=3","db029_14__s1 Who Help in Person from Sibling[14]'s Family"
"raw_health","restricted_source/Health_Status_and_Functioning.dta","db029_14__s2","haven_labelled/vctrs_vctr/double","Who Help in Person from Sibling[14]'s Family","0 No=0 | 1 Himself/herself=1 | 2 His/her Spouse=2 | 3 His/her Children=3","db029_14__s2 Who Help in Person from Sibling[14]'s Family"
"raw_health","restricted_source/Health_Status_and_Functioning.dta","db029_14__s3","haven_labelled/vctrs_vctr/double","Who Help in Person from Sibling[14]'s Family","0 No=0 | 1 Himself/herself=1 | 2 His/her Spouse=2 | 3 His/her Children=3","db029_14__s3 Who Help in Person from Sibling[14]'s Family"
"raw_health","restricted_source/Health_Status_and_Functioning.dta","db029_15__s1","haven_labelled/vctrs_vctr/double","Who Help in Person from Sibling[15]'s Family","0 No=0 | 1 Himself/herself=1 | 2 His/her Spouse=2 | 3 His/her Children=3","db029_15__s1 Who Help in Person from Sibling[15]'s Family"
"raw_health","restricted_source/Health_Status_and_Functioning.dta","db029_15__s2","haven_labelled/vctrs_vctr/double","Who Help in Person from Sibling[15]'s Family","0 No=0 | 1 Himself/herself=1 | 2 His/her Spouse=2 | 3 His/her Children=3","db029_15__s2 Who Help in Person from Sibling[15]'s Family"
"raw_health","restricted_source/Health_Status_and_Functioning.dta","db029_15__s3","haven_labelled/vctrs_vctr/double","Who Help in Person from Sibling[15]'s Family","0 No=0 | 1 Himself/herself=1 | 2 His/her Spouse=2 | 3 His/her Children=3","db029_15__s3 Who Help in Person from Sibling[15]'s Family"
"raw_health","restricted_source/Health_Status_and_Functioning.dta","db029_16__s1","haven_labelled/vctrs_vctr/double","Who Help in Person from Sibling[16]'s Family","0 No=0 | 1 Himself/herself=1 | 2 His/her Spouse=2 | 3 His/her Children=3","db029_16__s1 Who Help in Person from Sibling[16]'s Family"
"raw_health","restricted_source/Health_Status_and_Functioning.dta","db029_16__s2","haven_labelled/vctrs_vctr/double","Who Help in Person from Sibling[16]'s Family","0 No=0 | 1 Himself/herself=1 | 2 His/her Spouse=2 | 3 His/her Children=3","db029_16__s2 Who Help in Person from Sibling[16]'s Family"
"raw_health","restricted_source/Health_Status_and_Functioning.dta","db029_16__s3","haven_labelled/vctrs_vctr/double","Who Help in Person from Sibling[16]'s Family","0 No=0 | 1 Himself/herself=1 | 2 His/her Spouse=2 | 3 His/her Children=3","db029_16__s3 Who Help in Person from Sibling[16]'s Family"
"raw_health","restricted_source/Health_Status_and_Functioning.dta","db029_17__s1","haven_labelled/vctrs_vctr/double","Who Help in Person from Sibling[17]'s Family","0 No=0 | 1 Himself/herself=1 | 2 His/her Spouse=2 | 3 His/her Children=3","db029_17__s1 Who Help in Person from Sibling[17]'s Family"
"raw_health","restricted_source/Health_Status_and_Functioning.dta","db029_17__s2","haven_labelled/vctrs_vctr/double","Who Help in Person from Sibling[17]'s Family","0 No=0 | 1 Himself/herself=1 | 2 His/her Spouse=2 | 3 His/her Children=3","db029_17__s2 Who Help in Person from Sibling[17]'s Family"
"raw_health","restricted_source/Health_Status_and_Functioning.dta","db029_17__s3","haven_labelled/vctrs_vctr/double","Who Help in Person from Sibling[17]'s Family","0 No=0 | 1 Himself/herself=1 | 2 His/her Spouse=2 | 3 His/her Children=3","db029_17__s3 Who Help in Person from Sibling[17]'s Family"
"raw_health","restricted_source/Health_Status_and_Functioning.dta","db029_18__s1","haven_labelled/vctrs_vctr/double","Who Help in Person from Sibling[18]'s Family","0 No=0 | 1 Himself/herself=1 | 2 His/her Spouse=2 | 3 His/her Children=3","db029_18__s1 Who Help in Person from Sibling[18]'s Family"
"raw_health","restricted_source/Health_Status_and_Functioning.dta","db029_18__s2","haven_labelled/vctrs_vctr/double","Who Help in Person from Sibling[18]'s Family","0 No=0 | 1 Himself/herself=1 | 2 His/her Spouse=2 | 3 His/her Children=3","db029_18__s2 Who Help in Person from Sibling[18]'s Family"
"raw_health","restricted_source/Health_Status_and_Functioning.dta","db029_18__s3","haven_labelled/vctrs_vctr/double","Who Help in Person from Sibling[18]'s Family","0 No=0 | 1 Himself/herself=1 | 2 His/her Spouse=2 | 3 His/her Children=3","db029_18__s3 Who Help in Person from Sibling[18]'s Family"
"raw_health","restricted_source/Health_Status_and_Functioning.dta","db029_19__s1","haven_labelled/vctrs_vctr/double","Who Help in Person from Sibling[19]'s Family","0 No=0 | 1 Himself/herself=1 | 2 His/her Spouse=2 | 3 His/her Children=3","db029_19__s1 Who Help in Person from Sibling[19]'s Family"
"raw_health","restricted_source/Health_Status_and_Functioning.dta","db029_19__s2","haven_labelled/vctrs_vctr/double","Who Help in Person from Sibling[19]'s Family","0 No=0 | 1 Himself/herself=1 | 2 His/her Spouse=2 | 3 His/her Children=3","db029_19__s2 Who Help in Person from Sibling[19]'s Family"
"raw_health","restricted_source/Health_Status_and_Functioning.dta","db029_19__s3","haven_labelled/vctrs_vctr/double","Who Help in Person from Sibling[19]'s Family","0 No=0 | 1 Himself/herself=1 | 2 His/her Spouse=2 | 3 His/her Children=3","db029_19__s3 Who Help in Person from Sibling[19]'s Family"
"raw_health","restricted_source/Health_Status_and_Functioning.dta","db029_20__s1","haven_labelled/vctrs_vctr/double","Who Help in Person from Sibling[20]'s Family","0 No=0 | 1 Himself/herself=1 | 2 His/her Spouse=2 | 3 His/her Children=3","db029_20__s1 Who Help in Person from Sibling[20]'s Family"
"raw_health","restricted_source/Health_Status_and_Functioning.dta","db029_20__s2","haven_labelled/vctrs_vctr/double","Who Help in Person from Sibling[20]'s Family","0 No=0 | 1 Himself/herself=1 | 2 His/her Spouse=2 | 3 His/her Children=3","db029_20__s2 Who Help in Person from Sibling[20]'s Family"
"raw_health","restricted_source/Health_Status_and_Functioning.dta","db029_20__s3","haven_labelled/vctrs_vctr/double","Who Help in Person from Sibling[20]'s Family","0 No=0 | 1 Himself/herself=1 | 2 His/her Spouse=2 | 3 His/her Children=3","db029_20__s3 Who Help in Person from Sibling[20]'s Family"
"raw_health","restricted_source/Health_Status_and_Functioning.dta","db029_21__s1","haven_labelled/vctrs_vctr/double","Who Help in Person from Sibling[21]'s Family","0 No=0 | 1 Himself/herself=1 | 2 His/her Spouse=2 | 3 His/her Children=3","db029_21__s1 Who Help in Person from Sibling[21]'s Family"
"raw_health","restricted_source/Health_Status_and_Functioning.dta","db029_21__s2","haven_labelled/vctrs_vctr/double","Who Help in Person from Sibling[21]'s Family","0 No=0 | 1 Himself/herself=1 | 2 His/her Spouse=2 | 3 His/her Children=3","db029_21__s2 Who Help in Person from Sibling[21]'s Family"
"raw_health","restricted_source/Health_Status_and_Functioning.dta","db029_21__s3","haven_labelled/vctrs_vctr/double","Who Help in Person from Sibling[21]'s Family","0 No=0 | 1 Himself/herself=1 | 2 His/her Spouse=2 | 3 His/her Children=3","db029_21__s3 Who Help in Person from Sibling[21]'s Family"
"raw_health","restricted_source/Health_Status_and_Functioning.dta","db029_22__s1","haven_labelled/vctrs_vctr/double","Who Help in Person from Sibling[22]'s Family","0 No=0 | 1 Himself/herself=1 | 2 His/her Spouse=2 | 3 His/her Children=3","db029_22__s1 Who Help in Person from Sibling[22]'s Family"
"raw_health","restricted_source/Health_Status_and_Functioning.dta","db029_22__s2","haven_labelled/vctrs_vctr/double","Who Help in Person from Sibling[22]'s Family","0 No=0 | 1 Himself/herself=1 | 2 His/her Spouse=2 | 3 His/her Children=3","db029_22__s2 Who Help in Person from Sibling[22]'s Family"
"raw_health","restricted_source/Health_Status_and_Functioning.dta","db029_22__s3","haven_labelled/vctrs_vctr/double","Who Help in Person from Sibling[22]'s Family","0 No=0 | 1 Himself/herself=1 | 2 His/her Spouse=2 | 3 His/her Children=3","db029_22__s3 Who Help in Person from Sibling[22]'s Family"
"raw_health","restricted_source/Health_Status_and_Functioning.dta","db029_23__s1","haven_labelled/vctrs_vctr/double","Who Help in Person from Sibling[23]'s Family","0 No=0 | 1 Himself/herself=1 | 2 His/her Spouse=2 | 3 His/her Children=3","db029_23__s1 Who Help in Person from Sibling[23]'s Family"
"raw_health","restricted_source/Health_Status_and_Functioning.dta","db029_23__s2","haven_labelled/vctrs_vctr/double","Who Help in Person from Sibling[23]'s Family","0 No=0 | 1 Himself/herself=1 | 2 His/her Spouse=2 | 3 His/her Children=3","db029_23__s2 Who Help in Person from Sibling[23]'s Family"
"raw_health","restricted_source/Health_Status_and_Functioning.dta","db029_23__s3","haven_labelled/vctrs_vctr/double","Who Help in Person from Sibling[23]'s Family","0 No=0 | 1 Himself/herself=1 | 2 His/her Spouse=2 | 3 His/her Children=3","db029_23__s3 Who Help in Person from Sibling[23]'s Family"
"raw_health","restricted_source/Health_Status_and_Functioning.dta","db029_24__s1","haven_labelled/vctrs_vctr/double","Who Help in Person from Sibling[24]'s Family","0 No=0 | 1 Himself/herself=1 | 2 His/her Spouse=2 | 3 His/her Children=3","db029_24__s1 Who Help in Person from Sibling[24]'s Family"
"raw_health","restricted_source/Health_Status_and_Functioning.dta","db029_24__s2","haven_labelled/vctrs_vctr/double","Who Help in Person from Sibling[24]'s Family","0 No=0 | 1 Himself/herself=1 | 2 His/her Spouse=2 | 3 His/her Children=3","db029_24__s2 Who Help in Person from Sibling[24]'s Family"
"raw_health","restricted_source/Health_Status_and_Functioning.dta","db029_24__s3","haven_labelled/vctrs_vctr/double","Who Help in Person from Sibling[24]'s Family","0 No=0 | 1 Himself/herself=1 | 2 His/her Spouse=2 | 3 His/her Children=3","db029_24__s3 Who Help in Person from Sibling[24]'s Family"
"raw_health","restricted_source/Health_Status_and_Functioning.dta","db029_25__s1","haven_labelled/vctrs_vctr/double","Who Help in Person from Sibling[25]'s Family","0 No=0 | 1 Himself/herself=1 | 2 His/her Spouse=2 | 3 His/her Children=3","db029_25__s1 Who Help in Person from Sibling[25]'s Family"
"raw_health","restricted_source/Health_Status_and_Functioning.dta","db029_25__s2","haven_labelled/vctrs_vctr/double","Who Help in Person from Sibling[25]'s Family","0 No=0 | 1 Himself/herself=1 | 2 His/her Spouse=2 | 3 His/her Children=3","db029_25__s2 Who Help in Person from Sibling[25]'s Family"
"raw_health","restricted_source/Health_Status_and_Functioning.dta","db029_25__s3","haven_labelled/vctrs_vctr/double","Who Help in Person from Sibling[25]'s Family","0 No=0 | 1 Himself/herself=1 | 2 His/her Spouse=2 | 3 His/her Children=3","db029_25__s3 Who Help in Person from Sibling[25]'s Family"
"raw_health","restricted_source/Health_Status_and_Functioning.dta","db029_26__s1","haven_labelled/vctrs_vctr/double","Who Help in Person from Sibling[26]'s Family","0 No=0 | 1 Himself/herself=1 | 2 His/her Spouse=2 | 3 His/her Children=3","db029_26__s1 Who Help in Person from Sibling[26]'s Family"
"raw_health","restricted_source/Health_Status_and_Functioning.dta","db029_26__s2","haven_labelled/vctrs_vctr/double","Who Help in Person from Sibling[26]'s Family","0 No=0 | 1 Himself/herself=1 | 2 His/her Spouse=2 | 3 His/her Children=3","db029_26__s2 Who Help in Person from Sibling[26]'s Family"
"raw_health","restricted_source/Health_Status_and_Functioning.dta","db029_26__s3","haven_labelled/vctrs_vctr/double","Who Help in Person from Sibling[26]'s Family","0 No=0 | 1 Himself/herself=1 | 2 His/her Spouse=2 | 3 His/her Children=3","db029_26__s3 Who Help in Person from Sibling[26]'s Family"
"raw_health","restricted_source/Health_Status_and_Functioning.dta","db029_27__s1","haven_labelled/vctrs_vctr/double","Who Help in Person from Sibling[27]'s Family","0 No=0 | 1 Himself/herself=1 | 2 His/her Spouse=2 | 3 His/her Children=3","db029_27__s1 Who Help in Person from Sibling[27]'s Family"
"raw_health","restricted_source/Health_Status_and_Functioning.dta","db029_27__s2","haven_labelled/vctrs_vctr/double","Who Help in Person from Sibling[27]'s Family","0 No=0 | 1 Himself/herself=1 | 2 His/her Spouse=2 | 3 His/her Children=3","db029_27__s2 Who Help in Person from Sibling[27]'s Family"
"raw_health","restricted_source/Health_Status_and_Functioning.dta","db029_27__s3","haven_labelled/vctrs_vctr/double","Who Help in Person from Sibling[27]'s Family","0 No=0 | 1 Himself/herself=1 | 2 His/her Spouse=2 | 3 His/her Children=3","db029_27__s3 Who Help in Person from Sibling[27]'s Family"
"raw_health","restricted_source/Health_Status_and_Functioning.dta","db029_28__s1","haven_labelled/vctrs_vctr/double","Who Help in Person from Sibling[28]'s Family","0 No=0 | 1 Himself/herself=1 | 2 His/her Spouse=2 | 3 His/her Children=3","db029_28__s1 Who Help in Person from Sibling[28]'s Family"
"raw_health","restricted_source/Health_Status_and_Functioning.dta","db029_28__s2","haven_labelled/vctrs_vctr/double","Who Help in Person from Sibling[28]'s Family","0 No=0 | 1 Himself/herself=1 | 2 His/her Spouse=2 | 3 His/her Children=3","db029_28__s2 Who Help in Person from Sibling[28]'s Family"
"raw_health","restricted_source/Health_Status_and_Functioning.dta","db029_28__s3","haven_labelled/vctrs_vctr/double","Who Help in Person from Sibling[28]'s Family","0 No=0 | 1 Himself/herself=1 | 2 His/her Spouse=2 | 3 His/her Children=3","db029_28__s3 Who Help in Person from Sibling[28]'s Family"
"raw_health","restricted_source/Health_Status_and_Functioning.dta","db029_29__s1","haven_labelled/vctrs_vctr/double","Who Help in Person from Sibling[29]'s Family","0 No=0 | 1 Himself/herself=1 | 2 His/her Spouse=2 | 3 His/her Children=3","db029_29__s1 Who Help in Person from Sibling[29]'s Family"
"raw_health","restricted_source/Health_Status_and_Functioning.dta","db029_29__s2","haven_labelled/vctrs_vctr/double","Who Help in Person from Sibling[29]'s Family","0 No=0 | 1 Himself/herself=1 | 2 His/her Spouse=2 | 3 His/her Children=3","db029_29__s2 Who Help in Person from Sibling[29]'s Family"
"raw_health","restricted_source/Health_Status_and_Functioning.dta","db029_29__s3","haven_labelled/vctrs_vctr/double","Who Help in Person from Sibling[29]'s Family","0 No=0 | 1 Himself/herself=1 | 2 His/her Spouse=2 | 3 His/her Children=3","db029_29__s3 Who Help in Person from Sibling[29]'s Family"
"raw_health","restricted_source/Health_Status_and_Functioning.dta","db029_30__s1","haven_labelled/vctrs_vctr/double","Who Help in Person from Sibling[30]'s Family","0 No=0 | 1 Himself/herself=1 | 2 His/her Spouse=2 | 3 His/her Children=3","db029_30__s1 Who Help in Person from Sibling[30]'s Family"
"raw_health","restricted_source/Health_Status_and_Functioning.dta","db029_30__s2","haven_labelled/vctrs_vctr/double","Who Help in Person from Sibling[30]'s Family","0 No=0 | 1 Himself/herself=1 | 2 His/her Spouse=2 | 3 His/her Children=3","db029_30__s2 Who Help in Person from Sibling[30]'s Family"
"raw_health","restricted_source/Health_Status_and_Functioning.dta","db029_30__s3","haven_labelled/vctrs_vctr/double","Who Help in Person from Sibling[30]'s Family","0 No=0 | 1 Himself/herself=1 | 2 His/her Spouse=2 | 3 His/her Children=3","db029_30__s3 Who Help in Person from Sibling[30]'s Family"
"raw_health","restricted_source/Health_Status_and_Functioning.dta","db029_31__s1","haven_labelled/vctrs_vctr/double","Who Help in Person from Sibling[31]'s Family","0 No=0 | 1 Himself/herself=1 | 2 His/her Spouse=2 | 3 His/her Children=3","db029_31__s1 Who Help in Person from Sibling[31]'s Family"
"raw_health","restricted_source/Health_Status_and_Functioning.dta","db029_31__s2","haven_labelled/vctrs_vctr/double","Who Help in Person from Sibling[31]'s Family","0 No=0 | 1 Himself/herself=1 | 2 His/her Spouse=2 | 3 His/her Children=3","db029_31__s2 Who Help in Person from Sibling[31]'s Family"
"raw_health","restricted_source/Health_Status_and_Functioning.dta","db029_31__s3","haven_labelled/vctrs_vctr/double","Who Help in Person from Sibling[31]'s Family","0 No=0 | 1 Himself/herself=1 | 2 His/her Spouse=2 | 3 His/her Children=3","db029_31__s3 Who Help in Person from Sibling[31]'s Family"
"raw_health","restricted_source/Health_Status_and_Functioning.dta","db029_32__s1","haven_labelled/vctrs_vctr/double","Who Help in Person from Sibling[32]'s Family","0 No=0 | 1 Himself/herself=1 | 2 His/her Spouse=2 | 3 His/her Children=3","db029_32__s1 Who Help in Person from Sibling[32]'s Family"
"raw_health","restricted_source/Health_Status_and_Functioning.dta","db029_32__s2","haven_labelled/vctrs_vctr/double","Who Help in Person from Sibling[32]'s Family","0 No=0 | 1 Himself/herself=1 | 2 His/her Spouse=2 | 3 His/her Children=3","db029_32__s2 Who Help in Person from Sibling[32]'s Family"
"raw_health","restricted_source/Health_Status_and_Functioning.dta","db029_32__s3","haven_labelled/vctrs_vctr/double","Who Help in Person from Sibling[32]'s Family","0 No=0 | 1 Himself/herself=1 | 2 His/her Spouse=2 | 3 His/her Children=3","db029_32__s3 Who Help in Person from Sibling[32]'s Family"
"raw_health","restricted_source/Health_Status_and_Functioning.dta","db029_33__s1","haven_labelled/vctrs_vctr/double","Who Help in Person from Sibling[33]'s Family","0 No=0 | 1 Himself/herself=1 | 2 His/her Spouse=2 | 3 His/her Children=3","db029_33__s1 Who Help in Person from Sibling[33]'s Family"
"raw_health","restricted_source/Health_Status_and_Functioning.dta","db029_33__s2","haven_labelled/vctrs_vctr/double","Who Help in Person from Sibling[33]'s Family","0 No=0 | 1 Himself/herself=1 | 2 His/her Spouse=2 | 3 His/her Children=3","db029_33__s2 Who Help in Person from Sibling[33]'s Family"
"raw_health","restricted_source/Health_Status_and_Functioning.dta","db029_33__s3","haven_labelled/vctrs_vctr/double","Who Help in Person from Sibling[33]'s Family","0 No=0 | 1 Himself/herself=1 | 2 His/her Spouse=2 | 3 His/her Children=3","db029_33__s3 Who Help in Person from Sibling[33]'s Family"
"raw_health","restricted_source/Health_Status_and_Functioning.dta","db029_34__s1","haven_labelled/vctrs_vctr/double","Who Help in Person from Sibling[34]'s Family","0 No=0 | 1 Himself/herself=1 | 2 His/her Spouse=2 | 3 His/her Children=3","db029_34__s1 Who Help in Person from Sibling[34]'s Family"
"raw_health","restricted_source/Health_Status_and_Functioning.dta","db029_34__s2","haven_labelled/vctrs_vctr/double","Who Help in Person from Sibling[34]'s Family","0 No=0 | 1 Himself/herself=1 | 2 His/her Spouse=2 | 3 His/her Children=3","db029_34__s2 Who Help in Person from Sibling[34]'s Family"
"raw_health","restricted_source/Health_Status_and_Functioning.dta","db029_34__s3","haven_labelled/vctrs_vctr/double","Who Help in Person from Sibling[34]'s Family","0 No=0 | 1 Himself/herself=1 | 2 His/her Spouse=2 | 3 His/her Children=3","db029_34__s3 Who Help in Person from Sibling[34]'s Family"
"raw_health","restricted_source/Health_Status_and_Functioning.dta","db029_35__s1","haven_labelled/vctrs_vctr/double","Who Help in Person from Sibling[35]'s Family","0 No=0 | 1 Himself/herself=1 | 2 His/her Spouse=2 | 3 His/her Children=3","db029_35__s1 Who Help in Person from Sibling[35]'s Family"
"raw_health","restricted_source/Health_Status_and_Functioning.dta","db029_35__s2","haven_labelled/vctrs_vctr/double","Who Help in Person from Sibling[35]'s Family","0 No=0 | 1 Himself/herself=1 | 2 His/her Spouse=2 | 3 His/her Children=3","db029_35__s2 Who Help in Person from Sibling[35]'s Family"
"raw_health","restricted_source/Health_Status_and_Functioning.dta","db029_35__s3","haven_labelled/vctrs_vctr/double","Who Help in Person from Sibling[35]'s Family","0 No=0 | 1 Himself/herself=1 | 2 His/her Spouse=2 | 3 His/her Children=3","db029_35__s3 Who Help in Person from Sibling[35]'s Family"
"raw_health","restricted_source/Health_Status_and_Functioning.dta","db029_36__s1","haven_labelled/vctrs_vctr/double","Who Help in Person from Sibling[36]'s Family","0 No=0 | 1 Himself/herself=1 | 2 His/her Spouse=2 | 3 His/her Children=3","db029_36__s1 Who Help in Person from Sibling[36]'s Family"
"raw_health","restricted_source/Health_Status_and_Functioning.dta","db029_36__s2","haven_labelled/vctrs_vctr/double","Who Help in Person from Sibling[36]'s Family","0 No=0 | 1 Himself/herself=1 | 2 His/her Spouse=2 | 3 His/her Children=3","db029_36__s2 Who Help in Person from Sibling[36]'s Family"
"raw_health","restricted_source/Health_Status_and_Functioning.dta","db029_36__s3","haven_labelled/vctrs_vctr/double","Who Help in Person from Sibling[36]'s Family","0 No=0 | 1 Himself/herself=1 | 2 His/her Spouse=2 | 3 His/her Children=3","db029_36__s3 Who Help in Person from Sibling[36]'s Family"
"raw_health","restricted_source/Health_Status_and_Functioning.dta","db029_37__s1","haven_labelled/vctrs_vctr/double","Who Help in Person from Sibling[37]'s Family","0 No=0 | 1 Himself/herself=1 | 2 His/her Spouse=2 | 3 His/her Children=3","db029_37__s1 Who Help in Person from Sibling[37]'s Family"
"raw_health","restricted_source/Health_Status_and_Functioning.dta","db029_37__s2","haven_labelled/vctrs_vctr/double","Who Help in Person from Sibling[37]'s Family","0 No=0 | 1 Himself/herself=1 | 2 His/her Spouse=2 | 3 His/her Children=3","db029_37__s2 Who Help in Person from Sibling[37]'s Family"
"raw_health","restricted_source/Health_Status_and_Functioning.dta","db029_37__s3","haven_labelled/vctrs_vctr/double","Who Help in Person from Sibling[37]'s Family","0 No=0 | 1 Himself/herself=1 | 2 His/her Spouse=2 | 3 His/her Children=3","db029_37__s3 Who Help in Person from Sibling[37]'s Family"
"raw_health","restricted_source/Health_Status_and_Functioning.dta","db029_38__s1","haven_labelled/vctrs_vctr/double","Who Help in Person from Sibling[38]'s Family","0 No=0 | 1 Himself/herself=1 | 2 His/her Spouse=2 | 3 His/her Children=3","db029_38__s1 Who Help in Person from Sibling[38]'s Family"
"raw_health","restricted_source/Health_Status_and_Functioning.dta","db029_38__s2","haven_labelled/vctrs_vctr/double","Who Help in Person from Sibling[38]'s Family","0 No=0 | 1 Himself/herself=1 | 2 His/her Spouse=2 | 3 His/her Children=3","db029_38__s2 Who Help in Person from Sibling[38]'s Family"
"raw_health","restricted_source/Health_Status_and_Functioning.dta","db029_38__s3","haven_labelled/vctrs_vctr/double","Who Help in Person from Sibling[38]'s Family","0 No=0 | 1 Himself/herself=1 | 2 His/her Spouse=2 | 3 His/her Children=3","db029_38__s3 Who Help in Person from Sibling[38]'s Family"
"raw_health","restricted_source/Health_Status_and_Functioning.dta","db029_39__s1","haven_labelled/vctrs_vctr/double","Who Help in Person from Sibling[39]'s Family","0 No=0 | 1 Himself/herself=1 | 2 His/her Spouse=2 | 3 His/her Children=3","db029_39__s1 Who Help in Person from Sibling[39]'s Family"
"raw_health","restricted_source/Health_Status_and_Functioning.dta","db029_39__s2","haven_labelled/vctrs_vctr/double","Who Help in Person from Sibling[39]'s Family","0 No=0 | 1 Himself/herself=1 | 2 His/her Spouse=2 | 3 His/her Children=3","db029_39__s2 Who Help in Person from Sibling[39]'s Family"
"raw_health","restricted_source/Health_Status_and_Functioning.dta","db029_39__s3","haven_labelled/vctrs_vctr/double","Who Help in Person from Sibling[39]'s Family","0 No=0 | 1 Himself/herself=1 | 2 His/her Spouse=2 | 3 His/her Children=3","db029_39__s3 Who Help in Person from Sibling[39]'s Family"
"raw_health","restricted_source/Health_Status_and_Functioning.dta","db029_40__s1","haven_labelled/vctrs_vctr/double","Who Help in Person from Sibling[40]'s Family","0 No=0 | 1 Himself/herself=1 | 2 His/her Spouse=2 | 3 His/her Children=3","db029_40__s1 Who Help in Person from Sibling[40]'s Family"
"raw_health","restricted_source/Health_Status_and_Functioning.dta","db029_40__s2","haven_labelled/vctrs_vctr/double","Who Help in Person from Sibling[40]'s Family","0 No=0 | 1 Himself/herself=1 | 2 His/her Spouse=2 | 3 His/her Children=3","db029_40__s2 Who Help in Person from Sibling[40]'s Family"
"raw_health","restricted_source/Health_Status_and_Functioning.dta","db029_40__s3","haven_labelled/vctrs_vctr/double","Who Help in Person from Sibling[40]'s Family","0 No=0 | 1 Himself/herself=1 | 2 His/her Spouse=2 | 3 His/her Children=3","db029_40__s3 Who Help in Person from Sibling[40]'s Family"
"raw_health","restricted_source/Health_Status_and_Functioning.dta","db029_1_1_","numeric","Number of Children Helped","","db029_1_1_ Number of Children Helped"
"raw_health","restricted_source/Health_Status_and_Functioning.dta","db029_1_2_","numeric","Number of Children Helped","","db029_1_2_ Number of Children Helped"
"raw_health","restricted_source/Health_Status_and_Functioning.dta","db029_1_3_","numeric","Number of Children Helped","","db029_1_3_ Number of Children Helped"
"raw_health","restricted_source/Health_Status_and_Functioning.dta","db029_1_4_","numeric","Number of Children Helped","","db029_1_4_ Number of Children Helped"
"raw_health","restricted_source/Health_Status_and_Functioning.dta","db029_1_5_","numeric","Number of Children Helped","","db029_1_5_ Number of Children Helped"
"raw_health","restricted_source/Health_Status_and_Functioning.dta","db029_1_6_","numeric","Number of Children Helped","","db029_1_6_ Number of Children Helped"
"raw_health","restricted_source/Health_Status_and_Functioning.dta","db029_1_7_","numeric","Number of Children Helped","","db029_1_7_ Number of Children Helped"
"raw_health","restricted_source/Health_Status_and_Functioning.dta","db029_1_8_","character","Number of Children Helped","","db029_1_8_ Number of Children Helped"
"raw_health","restricted_source/Health_Status_and_Functioning.dta","db029_1_9_","character","Number of Children Helped","","db029_1_9_ Number of Children Helped"
"raw_health","restricted_source/Health_Status_and_Functioning.dta","db029_1_10_","character","Number of Children Helped","","db029_1_10_ Number of Children Helped"
"raw_health","restricted_source/Health_Status_and_Functioning.dta","db029_1_11_","character","Number of Children Helped","","db029_1_11_ Number of Children Helped"
"raw_health","restricted_source/Health_Status_and_Functioning.dta","db029_1_12_","character","Number of Children Helped","","db029_1_12_ Number of Children Helped"
"raw_health","restricted_source/Health_Status_and_Functioning.dta","db029_1_13_","character","Number of Children Helped","","db029_1_13_ Number of Children Helped"
"raw_health","restricted_source/Health_Status_and_Functioning.dta","db029_1_14_","character","Number of Children Helped","","db029_1_14_ Number of Children Helped"
"raw_health","restricted_source/Health_Status_and_Functioning.dta","db029_1_15_","character","Number of Children Helped","","db029_1_15_ Number of Children Helped"
"raw_health","restricted_source/Health_Status_and_Functioning.dta","db029_1_16_","numeric","Number of Children Helped","","db029_1_16_ Number of Children Helped"
"raw_health","restricted_source/Health_Status_and_Functioning.dta","db029_1_17_","numeric","Number of Children Helped","","db029_1_17_ Number of Children Helped"
"raw_health","restricted_source/Health_Status_and_Functioning.dta","db029_1_18_","numeric","Number of Children Helped","","db029_1_18_ Number of Children Helped"
"raw_health","restricted_source/Health_Status_and_Functioning.dta","db029_1_19_","numeric","Number of Children Helped","","db029_1_19_ Number of Children Helped"
"raw_health","restricted_source/Health_Status_and_Functioning.dta","db029_1_20_","numeric","Number of Children Helped","","db029_1_20_ Number of Children Helped"
"raw_health","restricted_source/Health_Status_and_Functioning.dta","db029_1_21_","numeric","Number of Children Helped","","db029_1_21_ Number of Children Helped"
"raw_health","restricted_source/Health_Status_and_Functioning.dta","db029_1_22_","numeric","Number of Children Helped","","db029_1_22_ Number of Children Helped"
"raw_health","restricted_source/Health_Status_and_Functioning.dta","db029_1_23_","character","Number of Children Helped","","db029_1_23_ Number of Children Helped"
"raw_health","restricted_source/Health_Status_and_Functioning.dta","db029_1_24_","character","Number of Children Helped","","db029_1_24_ Number of Children Helped"
"raw_health","restricted_source/Health_Status_and_Functioning.dta","db029_1_25_","character","Number of Children Helped","","db029_1_25_ Number of Children Helped"
"raw_health","restricted_source/Health_Status_and_Functioning.dta","db029_1_26_","character","Number of Children Helped","","db029_1_26_ Number of Children Helped"
"raw_health","restricted_source/Health_Status_and_Functioning.dta","db029_1_27_","character","Number of Children Helped","","db029_1_27_ Number of Children Helped"
"raw_health","restricted_source/Health_Status_and_Functioning.dta","db029_1_28_","character","Number of Children Helped","","db029_1_28_ Number of Children Helped"
"raw_health","restricted_source/Health_Status_and_Functioning.dta","db029_1_29_","character","Number of Children Helped","","db029_1_29_ Number of Children Helped"
"raw_health","restricted_source/Health_Status_and_Functioning.dta","db029_1_30_","character","Number of Children Helped","","db029_1_30_ Number of Children Helped"
"raw_health","restricted_source/Health_Status_and_Functioning.dta","db029_1_31_","numeric","Number of Children Helped","","db029_1_31_ Number of Children Helped"
"raw_health","restricted_source/Health_Status_and_Functioning.dta","db029_1_32_","numeric","Number of Children Helped","","db029_1_32_ Number of Children Helped"
"raw_health","restricted_source/Health_Status_and_Functioning.dta","db029_1_33_","numeric","Number of Children Helped","","db029_1_33_ Number of Children Helped"
"raw_health","restricted_source/Health_Status_and_Functioning.dta","db029_1_34_","numeric","Number of Children Helped","","db029_1_34_ Number of Children Helped"
"raw_health","restricted_source/Health_Status_and_Functioning.dta","db029_1_35_","character","Number of Children Helped","","db029_1_35_ Number of Children Helped"
"raw_health","restricted_source/Health_Status_and_Functioning.dta","db029_1_36_","character","Number of Children Helped","","db029_1_36_ Number of Children Helped"
"raw_health","restricted_source/Health_Status_and_Functioning.dta","db029_1_37_","character","Number of Children Helped","","db029_1_37_ Number of Children Helped"
"raw_health","restricted_source/Health_Status_and_Functioning.dta","db029_1_38_","character","Number of Children Helped","","db029_1_38_ Number of Children Helped"
"raw_health","restricted_source/Health_Status_and_Functioning.dta","db029_1_39_","character","Number of Children Helped","","db029_1_39_ Number of Children Helped"
"raw_health","restricted_source/Health_Status_and_Functioning.dta","db029_1_40_","character","Number of Children Helped","","db029_1_40_ Number of Children Helped"
"raw_health","restricted_source/Health_Status_and_Functioning.dta","db030","numeric","Number of Relatives Help in Person","","db030 Number of Relatives Help in Person"
"raw_health","restricted_source/Health_Status_and_Functioning.dta","db031","numeric","Number of Others Who Help in Person","","db031 Number of Others Who Help in Person"
"raw_health","restricted_source/Health_Status_and_Functioning.dta","db032_s1","haven_labelled/vctrs_vctr/double","Choose Most Important 7 Helpers","0 No=0 | 1 Helper[1]=1","db032_s1 Choose Most Important 7 Helpers"
"raw_health","restricted_source/Health_Status_and_Functioning.dta","db032_s2","haven_labelled/vctrs_vctr/double","Choose Most Important 7 Helpers","0 No=0 | 2 Helper[2]=2","db032_s2 Choose Most Important 7 Helpers"
"raw_health","restricted_source/Health_Status_and_Functioning.dta","db032_s3","haven_labelled/vctrs_vctr/double","Choose Most Important 7 Helpers","0 No=0 | 3 Helper[3]=3","db032_s3 Choose Most Important 7 Helpers"
"raw_health","restricted_source/Health_Status_and_Functioning.dta","db032_s4","haven_labelled/vctrs_vctr/double","Choose Most Important 7 Helpers","0 No=0 | 4 Helper[4]=4","db032_s4 Choose Most Important 7 Helpers"
"raw_health","restricted_source/Health_Status_and_Functioning.dta","db032_s5","haven_labelled/vctrs_vctr/double","Choose Most Important 7 Helpers","0 No=0 | 5 Helper[5]=5","db032_s5 Choose Most Important 7 Helpers"
"raw_health","restricted_source/Health_Status_and_Functioning.dta","db032_s6","haven_labelled/vctrs_vctr/double","Choose Most Important 7 Helpers","0 No=0 | 6 Helper[6]=6","db032_s6 Choose Most Important 7 Helpers"
"raw_health","restricted_source/Health_Status_and_Functioning.dta","db032_s7","haven_labelled/vctrs_vctr/double","Choose Most Important 7 Helpers","0 No=0 | 7 Helper[7]=7","db032_s7 Choose Most Important 7 Helpers"
"raw_health","restricted_source/Health_Status_and_Functioning.dta","db032_s8","haven_labelled/vctrs_vctr/double","Choose Most Important 7 Helpers","0 No=0 | 8 Helper[8]=8","db032_s8 Choose Most Important 7 Helpers"
"raw_health","restricted_source/Health_Status_and_Functioning.dta","db032_s9","haven_labelled/vctrs_vctr/double","Choose Most Important 7 Helpers","0 No=0 | 9 Helper[9]=9","db032_s9 Choose Most Important 7 Helpers"
"raw_health","restricted_source/Health_Status_and_Functioning.dta","db032_s10","haven_labelled/vctrs_vctr/double","Choose Most Important 7 Helpers","0 No=0 | 10 Helper[10]=10","db032_s10 Choose Most Important 7 Helpers"
"raw_health","restricted_source/Health_Status_and_Functioning.dta","db032_s11","haven_labelled/vctrs_vctr/double","Choose Most Important 7 Helpers","0 No=0 | 11 Helper[11]=11","db032_s11 Choose Most Important 7 Helpers"
"raw_health","restricted_source/Health_Status_and_Functioning.dta","db032_s12","haven_labelled/vctrs_vctr/double","Choose Most Important 7 Helpers","0 No=0 | 12 Helper[12]=12","db032_s12 Choose Most Important 7 Helpers"
"raw_health","restricted_source/Health_Status_and_Functioning.dta","db032_s13","haven_labelled/vctrs_vctr/double","Choose Most Important 7 Helpers","0 No=0 | 13 Helper[13]=13","db032_s13 Choose Most Important 7 Helpers"
"raw_health","restricted_source/Health_Status_and_Functioning.dta","db032_s14","haven_labelled/vctrs_vctr/double","Choose Most Important 7 Helpers","0 No=0 | 14 Helper[14]=14","db032_s14 Choose Most Important 7 Helpers"
"raw_health","restricted_source/Health_Status_and_Functioning.dta","db032_s15","haven_labelled/vctrs_vctr/double","Choose Most Important 7 Helpers","0 No=0 | 15 Helper[15]=15","db032_s15 Choose Most Important 7 Helpers"
"raw_health","restricted_source/Health_Status_and_Functioning.dta","db032_s16","haven_labelled/vctrs_vctr/double","Choose Most Important 7 Helpers","0 No=0 | 16 Helper[16]=16","db032_s16 Choose Most Important 7 Helpers"
"raw_health","restricted_source/Health_Status_and_Functioning.dta","db032_s17","haven_labelled/vctrs_vctr/double","Choose Most Important 7 Helpers","0 No=0 | 17 Helper[17]=17","db032_s17 Choose Most Important 7 Helpers"
"raw_health","restricted_source/Health_Status_and_Functioning.dta","db032_s18","haven_labelled/vctrs_vctr/double","Choose Most Important 7 Helpers","0 No=0 | 18 Helper[18]=18","db032_s18 Choose Most Important 7 Helpers"
"raw_health","restricted_source/Health_Status_and_Functioning.dta","db032_s19","haven_labelled/vctrs_vctr/double","Choose Most Important 7 Helpers","0 No=0 | 19 Helper[19]=19","db032_s19 Choose Most Important 7 Helpers"
"raw_health","restricted_source/Health_Status_and_Functioning.dta","db032_s20","haven_labelled/vctrs_vctr/double","Choose Most Important 7 Helpers","0 No=0 | 20 Helper[20]=20","db032_s20 Choose Most Important 7 Helpers"
"raw_health","restricted_source/Health_Status_and_Functioning.dta","db032_s21","haven_labelled/vctrs_vctr/double","Choose Most Important 7 Helpers","0 No=0 | 21 Helper[21]=21","db032_s21 Choose Most Important 7 Helpers"
"raw_health","restricted_source/Health_Status_and_Functioning.dta","db032_s22","haven_labelled/vctrs_vctr/double","Choose Most Important 7 Helpers","0 No=0 | 22 Helper[22]=22","db032_s22 Choose Most Important 7 Helpers"
"raw_health","restricted_source/Health_Status_and_Functioning.dta","db032_s23","haven_labelled/vctrs_vctr/double","Choose Most Important 7 Helpers","0 No=0 | 23 Helper[23]=23","db032_s23 Choose Most Important 7 Helpers"
"raw_health","restricted_source/Health_Status_and_Functioning.dta","db032_s24","haven_labelled/vctrs_vctr/double","Choose Most Important 7 Helpers","0 No=0 | 24 Helper[24]=24","db032_s24 Choose Most Important 7 Helpers"
"raw_health","restricted_source/Health_Status_and_Functioning.dta","db032_s25","haven_labelled/vctrs_vctr/double","Choose Most Important 7 Helpers","0 No=0 | 25 Helper[25]=25","db032_s25 Choose Most Important 7 Helpers"
"raw_health","restricted_source/Health_Status_and_Functioning.dta","db033_1_","numeric","Days Helper[1] Helped","","db033_1_ Days Helper[1] Helped"
"raw_health","restricted_source/Health_Status_and_Functioning.dta","db033_2_","numeric","Days Helper[2] Helped","","db033_2_ Days Helper[2] Helped"
"raw_health","restricted_source/Health_Status_and_Functioning.dta","db033_3_","numeric","Days Helper[3] Helped","","db033_3_ Days Helper[3] Helped"
"raw_health","restricted_source/Health_Status_and_Functioning.dta","db033_4_","numeric","Days Helper[4] Helped","","db033_4_ Days Helper[4] Helped"
"raw_health","restricted_source/Health_Status_and_Functioning.dta","db033_5_","numeric","Days Helper[5] Helped","","db033_5_ Days Helper[5] Helped"
"raw_health","restricted_source/Health_Status_and_Functioning.dta","db033_6_","numeric","Days Helper[6] Helped","","db033_6_ Days Helper[6] Helped"
"raw_health","restricted_source/Health_Status_and_Functioning.dta","db033_7_","numeric","Days Helper[7] Helped","","db033_7_ Days Helper[7] Helped"
"raw_health","restricted_source/Health_Status_and_Functioning.dta","db033_8_","numeric","Days Helper[8] Helped","","db033_8_ Days Helper[8] Helped"
"raw_health","restricted_source/Health_Status_and_Functioning.dta","db033_9_","numeric","Days Helper[9] Helped","","db033_9_ Days Helper[9] Helped"
"raw_health","restricted_source/Health_Status_and_Functioning.dta","db033_10_","numeric","Days Helper[10] Helped","","db033_10_ Days Helper[10] Helped"
"raw_health","restricted_source/Health_Status_and_Functioning.dta","db033_11_","numeric","Days Helper[11] Helped","","db033_11_ Days Helper[11] Helped"
"raw_health","restricted_source/Health_Status_and_Functioning.dta","db033_12_","numeric","Days Helper[12] Helped","","db033_12_ Days Helper[12] Helped"
"raw_health","restricted_source/Health_Status_and_Functioning.dta","db033_13_","numeric","Days Helper[13] Helped","","db033_13_ Days Helper[13] Helped"
"raw_health","restricted_source/Health_Status_and_Functioning.dta","db033_14_","numeric","Days Helper[14] Helped","","db033_14_ Days Helper[14] Helped"
"raw_health","restricted_source/Health_Status_and_Functioning.dta","db033_15_","numeric","Days Helper[15] Helped","","db033_15_ Days Helper[15] Helped"
"raw_health","restricted_source/Health_Status_and_Functioning.dta","db033_16_","numeric","Days Helper[16] Helped","","db033_16_ Days Helper[16] Helped"
"raw_health","restricted_source/Health_Status_and_Functioning.dta","db033_17_","numeric","Days Helper[17] Helped","","db033_17_ Days Helper[17] Helped"
"raw_health","restricted_source/Health_Status_and_Functioning.dta","db033_18_","numeric","Days Helper[18] Helped","","db033_18_ Days Helper[18] Helped"
"raw_health","restricted_source/Health_Status_and_Functioning.dta","db033_19_","numeric","Days Helper[19] Helped","","db033_19_ Days Helper[19] Helped"
"raw_health","restricted_source/Health_Status_and_Functioning.dta","db033_20_","numeric","Days Helper[20] Helped","","db033_20_ Days Helper[20] Helped"
"raw_health","restricted_source/Health_Status_and_Functioning.dta","db033_21_","character","Days Helper[21] Helped","","db033_21_ Days Helper[21] Helped"
"raw_health","restricted_source/Health_Status_and_Functioning.dta","db033_22_","numeric","Days Helper[22] Helped","","db033_22_ Days Helper[22] Helped"
"raw_health","restricted_source/Health_Status_and_Functioning.dta","db033_23_","character","Days Helper[23] Helped","","db033_23_ Days Helper[23] Helped"
"raw_health","restricted_source/Health_Status_and_Functioning.dta","db033_24_","character","Days Helper[24] Helped","","db033_24_ Days Helper[24] Helped"
"raw_health","restricted_source/Health_Status_and_Functioning.dta","db033_25_","numeric","Days Helper[25] Helped","","db033_25_ Days Helper[25] Helped"
"raw_health","restricted_source/Health_Status_and_Functioning.dta","db034_1_","numeric","Hours Helper[1] Helped","","db034_1_ Hours Helper[1] Helped"
"raw_health","restricted_source/Health_Status_and_Functioning.dta","db034_2_","numeric","Hours Helper[2] Helped","","db034_2_ Hours Helper[2] Helped"
"raw_health","restricted_source/Health_Status_and_Functioning.dta","db034_3_","numeric","Hours Helper[3] Helped","","db034_3_ Hours Helper[3] Helped"
"raw_health","restricted_source/Health_Status_and_Functioning.dta","db034_4_","numeric","Hours Helper[4] Helped","","db034_4_ Hours Helper[4] Helped"
"raw_health","restricted_source/Health_Status_and_Functioning.dta","db034_5_","numeric","Hours Helper[5] Helped","","db034_5_ Hours Helper[5] Helped"
"raw_health","restricted_source/Health_Status_and_Functioning.dta","db034_6_","numeric","Hours Helper[6] Helped","","db034_6_ Hours Helper[6] Helped"
"raw_health","restricted_source/Health_Status_and_Functioning.dta","db034_7_","numeric","Hours Helper[7] Helped","","db034_7_ Hours Helper[7] Helped"
"raw_health","restricted_source/Health_Status_and_Functioning.dta","db034_8_","numeric","Hours Helper[8] Helped","","db034_8_ Hours Helper[8] Helped"
"raw_health","restricted_source/Health_Status_and_Functioning.dta","db034_9_","numeric","Hours Helper[9] Helped","","db034_9_ Hours Helper[9] Helped"
"raw_health","restricted_source/Health_Status_and_Functioning.dta","db034_10_","numeric","Hours Helper[10] Helped","","db034_10_ Hours Helper[10] Helped"
"raw_health","restricted_source/Health_Status_and_Functioning.dta","db034_11_","numeric","Hours Helper[11] Helped","","db034_11_ Hours Helper[11] Helped"
"raw_health","restricted_source/Health_Status_and_Functioning.dta","db034_12_","numeric","Hours Helper[12] Helped","","db034_12_ Hours Helper[12] Helped"
"raw_health","restricted_source/Health_Status_and_Functioning.dta","db034_13_","numeric","Hours Helper[13] Helped","","db034_13_ Hours Helper[13] Helped"
"raw_health","restricted_source/Health_Status_and_Functioning.dta","db034_14_","numeric","Hours Helper[14] Helped","","db034_14_ Hours Helper[14] Helped"
"raw_health","restricted_source/Health_Status_and_Functioning.dta","db034_15_","numeric","Hours Helper[15] Helped","","db034_15_ Hours Helper[15] Helped"
"raw_health","restricted_source/Health_Status_and_Functioning.dta","db034_16_","numeric","Hours Helper[16] Helped","","db034_16_ Hours Helper[16] Helped"
"raw_health","restricted_source/Health_Status_and_Functioning.dta","db034_17_","numeric","Hours Helper[17] Helped","","db034_17_ Hours Helper[17] Helped"
"raw_health","restricted_source/Health_Status_and_Functioning.dta","db034_18_","numeric","Hours Helper[18] Helped","","db034_18_ Hours Helper[18] Helped"
"raw_health","restricted_source/Health_Status_and_Functioning.dta","db034_19_","numeric","Hours Helper[19] Helped","","db034_19_ Hours Helper[19] Helped"
"raw_health","restricted_source/Health_Status_and_Functioning.dta","db034_20_","numeric","Hours Helper[20] Helped","","db034_20_ Hours Helper[20] Helped"
"raw_health","restricted_source/Health_Status_and_Functioning.dta","db034_21_","character","Hours Helper[21] Helped","","db034_21_ Hours Helper[21] Helped"
"raw_health","restricted_source/Health_Status_and_Functioning.dta","db034_22_","numeric","Hours Helper[22] Helped","","db034_22_ Hours Helper[22] Helped"
"raw_health","restricted_source/Health_Status_and_Functioning.dta","db034_23_","character","Hours Helper[23] Helped","","db034_23_ Hours Helper[23] Helped"
"raw_health","restricted_source/Health_Status_and_Functioning.dta","db034_24_","character","Hours Helper[24] Helped","","db034_24_ Hours Helper[24] Helped"
"raw_health","restricted_source/Health_Status_and_Functioning.dta","db034_25_","numeric","Hours Helper[25] Helped","","db034_25_ Hours Helper[25] Helped"
"raw_health","restricted_source/Health_Status_and_Functioning.dta","db035_1_","haven_labelled/vctrs_vctr/double","Helper[1] Living in Your Home","1 Yes=1 | 2 No=2","db035_1_ Helper[1] Living in Your Home"
"raw_health","restricted_source/Health_Status_and_Functioning.dta","db035_2_","haven_labelled/vctrs_vctr/double","Helper[2] Living in Your Home","1 Yes=1 | 2 No=2","db035_2_ Helper[2] Living in Your Home"
"raw_health","restricted_source/Health_Status_and_Functioning.dta","db035_3_","haven_labelled/vctrs_vctr/double","Helper[3] Living in Your Home","1 Yes=1 | 2 No=2","db035_3_ Helper[3] Living in Your Home"
"raw_health","restricted_source/Health_Status_and_Functioning.dta","db035_4_","haven_labelled/vctrs_vctr/double","Helper[4] Living in Your Home","1 Yes=1 | 2 No=2","db035_4_ Helper[4] Living in Your Home"
"raw_health","restricted_source/Health_Status_and_Functioning.dta","db035_5_","haven_labelled/vctrs_vctr/double","Helper[5] Living in Your Home","1 Yes=1 | 2 No=2","db035_5_ Helper[5] Living in Your Home"
"raw_health","restricted_source/Health_Status_and_Functioning.dta","db035_6_","haven_labelled/vctrs_vctr/double","Helper[6] Living in Your Home","1 Yes=1 | 2 No=2","db035_6_ Helper[6] Living in Your Home"
"raw_health","restricted_source/Health_Status_and_Functioning.dta","db035_7_","haven_labelled/vctrs_vctr/double","Helper[7] Living in Your Home","1 Yes=1 | 2 No=2","db035_7_ Helper[7] Living in Your Home"
"raw_health","restricted_source/Health_Status_and_Functioning.dta","db035_8_","haven_labelled/vctrs_vctr/double","Helper[8] Living in Your Home","1 Yes=1 | 2 No=2","db035_8_ Helper[8] Living in Your Home"
"raw_health","restricted_source/Health_Status_and_Functioning.dta","db035_9_","haven_labelled/vctrs_vctr/double","Helper[9] Living in Your Home","1 Yes=1 | 2 No=2","db035_9_ Helper[9] Living in Your Home"
"raw_health","restricted_source/Health_Status_and_Functioning.dta","db035_10_","haven_labelled/vctrs_vctr/double","Helper[10] Living in Your Home","1 Yes=1 | 2 No=2","db035_10_ Helper[10] Living in Your Home"
"raw_health","restricted_source/Health_Status_and_Functioning.dta","db035_11_","haven_labelled/vctrs_vctr/double","Helper[11] Living in Your Home","1 Yes=1 | 2 No=2","db035_11_ Helper[11] Living in Your Home"
"raw_health","restricted_source/Health_Status_and_Functioning.dta","db035_12_","haven_labelled/vctrs_vctr/double","Helper[12] Living in Your Home","1 Yes=1 | 2 No=2","db035_12_ Helper[12] Living in Your Home"
"raw_health","restricted_source/Health_Status_and_Functioning.dta","db035_13_","haven_labelled/vctrs_vctr/double","Helper[13] Living in Your Home","1 Yes=1 | 2 No=2","db035_13_ Helper[13] Living in Your Home"
"raw_health","restricted_source/Health_Status_and_Functioning.dta","db035_14_","haven_labelled/vctrs_vctr/double","Helper[14] Living in Your Home","1 Yes=1 | 2 No=2","db035_14_ Helper[14] Living in Your Home"
"raw_health","restricted_source/Health_Status_and_Functioning.dta","db035_15_","haven_labelled/vctrs_vctr/double","Helper[15] Living in Your Home","1 Yes=1 | 2 No=2","db035_15_ Helper[15] Living in Your Home"
"raw_health","restricted_source/Health_Status_and_Functioning.dta","db035_16_","haven_labelled/vctrs_vctr/double","Helper[16] Living in Your Home","1 Yes=1 | 2 No=2","db035_16_ Helper[16] Living in Your Home"
"raw_health","restricted_source/Health_Status_and_Functioning.dta","db035_17_","haven_labelled/vctrs_vctr/double","Helper[17] Living in Your Home","1 Yes=1 | 2 No=2","db035_17_ Helper[17] Living in Your Home"
"raw_health","restricted_source/Health_Status_and_Functioning.dta","db035_18_","haven_labelled/vctrs_vctr/double","Helper[18] Living in Your Home","1 Yes=1 | 2 No=2","db035_18_ Helper[18] Living in Your Home"
"raw_health","restricted_source/Health_Status_and_Functioning.dta","db035_19_","haven_labelled/vctrs_vctr/double","Helper[19] Living in Your Home","1 Yes=1 | 2 No=2","db035_19_ Helper[19] Living in Your Home"
"raw_health","restricted_source/Health_Status_and_Functioning.dta","db035_20_","haven_labelled/vctrs_vctr/double","Helper[20] Living in Your Home","1 Yes=1 | 2 No=2","db035_20_ Helper[20] Living in Your Home"
"raw_health","restricted_source/Health_Status_and_Functioning.dta","db035_21_","haven_labelled/vctrs_vctr/double","Helper[21] Living in Your Home","1 Yes=1 | 2 No=2","db035_21_ Helper[21] Living in Your Home"
"raw_health","restricted_source/Health_Status_and_Functioning.dta","db035_22_","haven_labelled/vctrs_vctr/double","Helper[22] Living in Your Home","1 Yes=1 | 2 No=2","db035_22_ Helper[22] Living in Your Home"
"raw_health","restricted_source/Health_Status_and_Functioning.dta","db035_23_","haven_labelled/vctrs_vctr/double","Helper[23] Living in Your Home","1 Yes=1 | 2 No=2","db035_23_ Helper[23] Living in Your Home"
"raw_health","restricted_source/Health_Status_and_Functioning.dta","db035_24_","haven_labelled/vctrs_vctr/double","Helper[24] Living in Your Home","1 Yes=1 | 2 No=2","db035_24_ Helper[24] Living in Your Home"
"raw_health","restricted_source/Health_Status_and_Functioning.dta","db035_25_","haven_labelled/vctrs_vctr/double","Helper[25] Living in Your Home","1 Yes=1 | 2 No=2","db035_25_ Helper[25] Living in Your Home"
"raw_health","restricted_source/Health_Status_and_Functioning.dta","db048","haven_labelled/vctrs_vctr/double","Change of Received Care Because of Pademic","1 Become More=1 | 2 Become Less=2 | 3 Don't Change=3","db048 Change of Received Care Because of Pademic"
"raw_health","restricted_source/Health_Status_and_Functioning.dta","db036","haven_labelled/vctrs_vctr/double","Any Possible Helper in the Future","1 Yes=1 | 2 No=2","db036 Any Possible Helper in the Future"
"raw_health","restricted_source/Health_Status_and_Functioning.dta","db037_s1","haven_labelled/vctrs_vctr/double","Helper[1]'s Relationship to You","0 No=0 | 1 Spouse=1 | 2 Father, Mother, Father-in-Law, Mother-in-Law=2 | 3 Children, Children's Spouse, Grandson, Granddaughter=3 | 4 Sibling, Brother-in-Law, Sister-in-Law, Sibling of Spouse, Etc=4 | 5 Other Relative=5 | 6 Paid Helper (Such as Nanny)=6 | 7 Volunteer or Employee of Facility=7 | 8 Nursing Home=8 | 9 Staff from Home-based Nursing Service=9 | 10 Help from the Community=10 | 11 Other, Please Specify=11","db037_s1 Helper[1]'s Relationship to You"
"raw_health","restricted_source/Health_Status_and_Functioning.dta","db037_s2","haven_labelled/vctrs_vctr/double","Helper[2]'s Relationship to You","0 No=0 | 1 Spouse=1 | 2 Father, Mother, Father-in-Law, Mother-in-Law=2 | 3 Children, Children's Spouse, Grandson, Granddaughter=3 | 4 Sibling, Brother-in-Law, Sister-in-Law, Sibling of Spouse, Etc=4 | 5 Other Relative=5 | 6 Paid Helper (Such as Nanny)=6 | 7 Volunteer or Employee of Facility=7 | 8 Nursing Home=8 | 9 Staff from Home-based Nursing Service=9 | 10 Help from the Community=10 | 11 Other, Please Specify=11","db037_s2 Helper[2]'s Relationship to You"
"raw_health","restricted_source/Health_Status_and_Functioning.dta","db037_s3","haven_labelled/vctrs_vctr/double","Helper[3]'s Relationship to You","0 No=0 | 1 Spouse=1 | 2 Father, Mother, Father-in-Law, Mother-in-Law=2 | 3 Children, Children's Spouse, Grandson, Granddaughter=3 | 4 Sibling, Brother-in-Law, Sister-in-Law, Sibling of Spouse, Etc=4 | 5 Other Relative=5 | 6 Paid Helper (Such as Nanny)=6 | 7 Volunteer or Employee of Facility=7 | 8 Nursing Home=8 | 9 Staff from Home-based Nursing Service=9 | 10 Help from the Community=10 | 11 Other, Please Specify=11","db037_s3 Helper[3]'s Relationship to You"
"raw_health","restricted_source/Health_Status_and_Functioning.dta","db037_s4","haven_labelled/vctrs_vctr/double","Helper[4]'s Relationship to You","0 No=0 | 1 Spouse=1 | 2 Father, Mother, Father-in-Law, Mother-in-Law=2 | 3 Children, Children's Spouse, Grandson, Granddaughter=3 | 4 Sibling, Brother-in-Law, Sister-in-Law, Sibling of Spouse, Etc=4 | 5 Other Relative=5 | 6 Paid Helper (Such as Nanny)=6 | 7 Volunteer or Employee of Facility=7 | 8 Nursing Home=8 | 9 Staff from Home-based Nursing Service=9 | 10 Help from the Community=10 | 11 Other, Please Specify=11","db037_s4 Helper[4]'s Relationship to You"
"raw_health","restricted_source/Health_Status_and_Functioning.dta","db037_s5","haven_labelled/vctrs_vctr/double","Helper[5]'s Relationship to You","0 No=0 | 1 Spouse=1 | 2 Father, Mother, Father-in-Law, Mother-in-Law=2 | 3 Children, Children's Spouse, Grandson, Granddaughter=3 | 4 Sibling, Brother-in-Law, Sister-in-Law, Sibling of Spouse, Etc=4 | 5 Other Relative=5 | 6 Paid Helper (Such as Nanny)=6 | 7 Volunteer or Employee of Facility=7 | 8 Nursing Home=8 | 9 Staff from Home-based Nursing Service=9 | 10 Help from the Community=10 | 11 Other, Please Specify=11","db037_s5 Helper[5]'s Relationship to You"
"raw_health","restricted_source/Health_Status_and_Functioning.dta","db037_s6","haven_labelled/vctrs_vctr/double","Helper[6]'s Relationship to You","0 No=0 | 1 Spouse=1 | 2 Father, Mother, Father-in-Law, Mother-in-Law=2 | 3 Children, Children's Spouse, Grandson, Granddaughter=3 | 4 Sibling, Brother-in-Law, Sister-in-Law, Sibling of Spouse, Etc=4 | 5 Other Relative=5 | 6 Paid Helper (Such as Nanny)=6 | 7 Volunteer or Employee of Facility=7 | 8 Nursing Home=8 | 9 Staff from Home-based Nursing Service=9 | 10 Help from the Community=10 | 11 Other, Please Specify=11","db037_s6 Helper[6]'s Relationship to You"
"raw_health","restricted_source/Health_Status_and_Functioning.dta","db037_s7","haven_labelled/vctrs_vctr/double","Helper[7]'s Relationship to You","0 No=0 | 1 Spouse=1 | 2 Father, Mother, Father-in-Law, Mother-in-Law=2 | 3 Children, Children's Spouse, Grandson, Granddaughter=3 | 4 Sibling, Brother-in-Law, Sister-in-Law, Sibling of Spouse, Etc=4 | 5 Other Relative=5 | 6 Paid Helper (Such as Nanny)=6 | 7 Volunteer or Employee of Facility=7 | 8 Nursing Home=8 | 9 Staff from Home-based Nursing Service=9 | 10 Help from the Community=10 | 11 Other, Please Specify=11","db037_s7 Helper[7]'s Relationship to You"
"raw_health","restricted_source/Health_Status_and_Functioning.dta","db037_s8","haven_labelled/vctrs_vctr/double","Helper[8]'s Relationship to You","0 No=0 | 1 Spouse=1 | 2 Father, Mother, Father-in-Law, Mother-in-Law=2 | 3 Children, Children's Spouse, Grandson, Granddaughter=3 | 4 Sibling, Brother-in-Law, Sister-in-Law, Sibling of Spouse, Etc=4 | 5 Other Relative=5 | 6 Paid Helper (Such as Nanny)=6 | 7 Volunteer or Employee of Facility=7 | 8 Nursing Home=8 | 9 Staff from Home-based Nursing Service=9 | 10 Help from the Community=10 | 11 Other, Please Specify=11","db037_s8 Helper[8]'s Relationship to You"
"raw_health","restricted_source/Health_Status_and_Functioning.dta","db037_s9","haven_labelled/vctrs_vctr/double","Helper[9]'s Relationship to You","0 No=0 | 1 Spouse=1 | 2 Father, Mother, Father-in-Law, Mother-in-Law=2 | 3 Children, Children's Spouse, Grandson, Granddaughter=3 | 4 Sibling, Brother-in-Law, Sister-in-Law, Sibling of Spouse, Etc=4 | 5 Other Relative=5 | 6 Paid Helper (Such as Nanny)=6 | 7 Volunteer or Employee of Facility=7 | 8 Nursing Home=8 | 9 Staff from Home-based Nursing Service=9 | 10 Help from the Community=10 | 11 Other, Please Specify=11","db037_s9 Helper[9]'s Relationship to You"
"raw_health","restricted_source/Health_Status_and_Functioning.dta","db037_s10","haven_labelled/vctrs_vctr/double","Helper[10]'s Relationship to You","0 No=0 | 1 Spouse=1 | 2 Father, Mother, Father-in-Law, Mother-in-Law=2 | 3 Children, Children's Spouse, Grandson, Granddaughter=3 | 4 Sibling, Brother-in-Law, Sister-in-Law, Sibling of Spouse, Etc=4 | 5 Other Relative=5 | 6 Paid Helper (Such as Nanny)=6 | 7 Volunteer or Employee of Facility=7 | 8 Nursing Home=8 | 9 Staff from Home-based Nursing Service=9 | 10 Help from the Community=10 | 11 Other, Please Specify=11","db037_s10 Helper[10]'s Relationship to You"
"raw_health","restricted_source/Health_Status_and_Functioning.dta","db037_s11","haven_labelled/vctrs_vctr/double","Helper[11]'s Relationship to You","0 No=0 | 1 Spouse=1 | 2 Father, Mother, Father-in-Law, Mother-in-Law=2 | 3 Children, Children's Spouse, Grandson, Granddaughter=3 | 4 Sibling, Brother-in-Law, Sister-in-Law, Sibling of Spouse, Etc=4 | 5 Other Relative=5 | 6 Paid Helper (Such as Nanny)=6 | 7 Volunteer or Employee of Facility=7 | 8 Nursing Home=8 | 9 Staff from Home-based Nursing Service=9 | 10 Help from the Community=10 | 11 Other, Please Specify=11","db037_s11 Helper[11]'s Relationship to You"
"raw_health","restricted_source/Health_Status_and_Functioning.dta","db037_1","numeric","Number of Paid Helpers","","db037_1 Number of Paid Helpers"
"raw_health","restricted_source/Health_Status_and_Functioning.dta","db038_s1","haven_labelled/vctrs_vctr/double","Who Will Help You in Future","0 No=0 | 1 Father=1 | 2 Mother=2 | 3 Father-in-Law=3 | 4 Mother-in-Law=4","db038_s1 Who Will Help You in Future"
"raw_health","restricted_source/Health_Status_and_Functioning.dta","db038_s2","haven_labelled/vctrs_vctr/double","Who Will Help You in Future","0 No=0 | 1 Father=1 | 2 Mother=2 | 3 Father-in-Law=3 | 4 Mother-in-Law=4","db038_s2 Who Will Help You in Future"
"raw_health","restricted_source/Health_Status_and_Functioning.dta","db038_s3","haven_labelled/vctrs_vctr/double","Who Will Help You in Future","0 No=0 | 1 Father=1 | 2 Mother=2 | 3 Father-in-Law=3 | 4 Mother-in-Law=4","db038_s3 Who Will Help You in Future"
"raw_health","restricted_source/Health_Status_and_Functioning.dta","db038_s4","haven_labelled/vctrs_vctr/double","Who Will Help You in Future","0 No=0 | 1 Father=1 | 2 Mother=2 | 3 Father-in-Law=3 | 4 Mother-in-Law=4","db038_s4 Who Will Help You in Future"
"raw_health","restricted_source/Health_Status_and_Functioning.dta","db039_s1","haven_labelled/vctrs_vctr/double","Which Child's Family Will Help You in Future","0 No=0 | 1 Preload XChildName[1]=1","db039_s1 Which Child's Family Will Help You in Future"
"raw_health","restricted_source/Health_Status_and_Functioning.dta","db039_s2","haven_labelled/vctrs_vctr/double","Which Child's Family Will Help You in Future","0 No=0 | 2 Preload XChildName[2]=2","db039_s2 Which Child's Family Will Help You in Future"
"raw_health","restricted_source/Health_Status_and_Functioning.dta","db039_s3","haven_labelled/vctrs_vctr/double","Which Child's Family Will Help You in Future","0 No=0 | 3 Preload XChildName[3]=3","db039_s3 Which Child's Family Will Help You in Future"
"raw_health","restricted_source/Health_Status_and_Functioning.dta","db039_s4","haven_labelled/vctrs_vctr/double","Which Child's Family Will Help You in Future","0 No=0 | 4 Preload XChildName[4]=4","db039_s4 Which Child's Family Will Help You in Future"
"raw_health","restricted_source/Health_Status_and_Functioning.dta","db039_s5","haven_labelled/vctrs_vctr/double","Which Child's Family Will Help You in Future","0 No=0 | 5 Preload XChildName[5]=5","db039_s5 Which Child's Family Will Help You in Future"
"raw_health","restricted_source/Health_Status_and_Functioning.dta","db039_s6","haven_labelled/vctrs_vctr/double","Which Child's Family Will Help You in Future","0 No=0 | 6 Preload XChildName[6]=6","db039_s6 Which Child's Family Will Help You in Future"
"raw_health","restricted_source/Health_Status_and_Functioning.dta","db039_s7","haven_labelled/vctrs_vctr/double","Which Child's Family Will Help You in Future","0 No=0 | 7 Preload XChildName[7]=7","db039_s7 Which Child's Family Will Help You in Future"
"raw_health","restricted_source/Health_Status_and_Functioning.dta","db039_s8","haven_labelled/vctrs_vctr/double","Which Child's Family Will Help You in Future","0 No=0 | 8 Preload XChildName[8]=8","db039_s8 Which Child's Family Will Help You in Future"
"raw_health","restricted_source/Health_Status_and_Functioning.dta","db039_s9","haven_labelled/vctrs_vctr/double","Which Child's Family Will Help You in Future","0 No=0 | 9 Preload XChildName[9]=9","db039_s9 Which Child's Family Will Help You in Future"
"raw_health","restricted_source/Health_Status_and_Functioning.dta","db039_s10","haven_labelled/vctrs_vctr/double","Which Child's Family Will Help You in Future","0 No=0 | 10 Preload XChildName[10]=10","db039_s10 Which Child's Family Will Help You in Future"
"raw_health","restricted_source/Health_Status_and_Functioning.dta","db039_s11","haven_labelled/vctrs_vctr/double","Which Child's Family Will Help You in Future","0 No=0 | 11 Preload XChildName[11]=11","db039_s11 Which Child's Family Will Help You in Future"
"raw_health","restricted_source/Health_Status_and_Functioning.dta","db039_s12","haven_labelled/vctrs_vctr/double","Which Child's Family Will Help You in Future","0 No=0 | 12 Preload XChildName[12]=12","db039_s12 Which Child's Family Will Help You in Future"
"raw_health","restricted_source/Health_Status_and_Functioning.dta","db039_s13","haven_labelled/vctrs_vctr/double","Which Child's Family Will Help You in Future","0 No=0 | 13 Preload XChildName[13]=13","db039_s13 Which Child's Family Will Help You in Future"
"raw_health","restricted_source/Health_Status_and_Functioning.dta","db039_s14","haven_labelled/vctrs_vctr/double","Which Child's Family Will Help You in Future","0 No=0 | 14 Preload XChildName[14]=14","db039_s14 Which Child's Family Will Help You in Future"
"raw_health","restricted_source/Health_Status_and_Functioning.dta","db039_s15","haven_labelled/vctrs_vctr/double","Which Child's Family Will Help You in Future","0 No=0 | 15 Preload XChildName[15]=15","db039_s15 Which Child's Family Will Help You in Future"
"raw_health","restricted_source/Health_Status_and_Functioning.dta","db039_s16","haven_labelled/vctrs_vctr/double","Which Child's Family Will Help You in Future","0 No=0 | 16 Preload XChildName[16]=16","db039_s16 Which Child's Family Will Help You in Future"
"raw_health","restricted_source/Health_Status_and_Functioning.dta","db039_s17","haven_labelled/vctrs_vctr/double","Which Child's Family Will Help You in Future","0 No=0 | 17 Preload XChildName[17]=17","db039_s17 Which Child's Family Will Help You in Future"
"raw_health","restricted_source/Health_Status_and_Functioning.dta","db039_s18","haven_labelled/vctrs_vctr/double","Which Child's Family Will Help You in Future","0 No=0 | 18 Preload XChildName[18]=18","db039_s18 Which Child's Family Will Help You in Future"
"raw_health","restricted_source/Health_Status_and_Functioning.dta","db039_s19","haven_labelled/vctrs_vctr/double","Which Child's Family Will Help You in Future","0 No=0 | 19 Preload XChildName[19]=19","db039_s19 Which Child's Family Will Help You in Future"
"raw_health","restricted_source/Health_Status_and_Functioning.dta","db039_s20","haven_labelled/vctrs_vctr/double","Which Child's Family Will Help You in Future","0 No=0 | 20 Preload XChildName[20]=20","db039_s20 Which Child's Family Will Help You in Future"
"raw_health","restricted_source/Health_Status_and_Functioning.dta","db039_s21","haven_labelled/vctrs_vctr/double","Which Child's Family Will Help You in Future","0 No=0 | 21 Preload XChildName[21]=21","db039_s21 Which Child's Family Will Help You in Future"
"raw_health","restricted_source/Health_Status_and_Functioning.dta","db039_s22","haven_labelled/vctrs_vctr/double","Which Child's Family Will Help You in Future","0 No=0 | 22 Preload XChildName[22]=22","db039_s22 Which Child's Family Will Help You in Future"
"raw_health","restricted_source/Health_Status_and_Functioning.dta","db039_s23","haven_labelled/vctrs_vctr/double","Which Child's Family Will Help You in Future","0 No=0 | 23 Preload XChildName[23]=23","db039_s23 Which Child's Family Will Help You in Future"
"raw_health","restricted_source/Health_Status_and_Functioning.dta","db039_s24","haven_labelled/vctrs_vctr/double","Which Child's Family Will Help You in Future","0 No=0 | 24 Preload XChildName[24]=24","db039_s24 Which Child's Family Will Help You in Future"
"raw_health","restricted_source/Health_Status_and_Functioning.dta","db039_s25","haven_labelled/vctrs_vctr/double","Which Child's Family Will Help You in Future","0 No=0 | 25 Preload XChildName[25]=25","db039_s25 Which Child's Family Will Help You in Future"
"raw_health","restricted_source/Health_Status_and_Functioning.dta","db039_s26","haven_labelled/vctrs_vctr/double","Which Child's Family Will Help You in Future","0 No=0 | 26 Other Child[26]=26","db039_s26 Which Child's Family Will Help You in Future"
"raw_health","restricted_source/Health_Status_and_Functioning.dta","db039_s27","haven_labelled/vctrs_vctr/double","Which Child's Family Will Help You in Future","0 No=0 | 27 Other Child[27]=27","db039_s27 Which Child's Family Will Help You in Future"
"raw_health","restricted_source/Health_Status_and_Functioning.dta","db039_s28","haven_labelled/vctrs_vctr/double","Which Child's Family Will Help You in Future","0 No=0 | 28 Other Child[28]=28","db039_s28 Which Child's Family Will Help You in Future"
"raw_health","restricted_source/Health_Status_and_Functioning.dta","db039_s29","haven_labelled/vctrs_vctr/double","Which Child's Family Will Help You in Future","0 No=0 | 29 Other Child[29]=29","db039_s29 Which Child's Family Will Help You in Future"
"raw_health","restricted_source/Health_Status_and_Functioning.dta","db039_s30","haven_labelled/vctrs_vctr/double","Which Child's Family Will Help You in Future","0 No=0 | 30 Other Child[30]=30","db039_s30 Which Child's Family Will Help You in Future"
"raw_health","restricted_source/Health_Status_and_Functioning.dta","db039_s31","haven_labelled/vctrs_vctr/double","Which Child's Family Will Help You in Future","0 No=0 | 31 Other Child[31]=31","db039_s31 Which Child's Family Will Help You in Future"
"raw_health","restricted_source/Health_Status_and_Functioning.dta","db039_s32","haven_labelled/vctrs_vctr/double","Which Child's Family Will Help You in Future","0 No=0 | 32 Other Child[32]=32","db039_s32 Which Child's Family Will Help You in Future"
"raw_health","restricted_source/Health_Status_and_Functioning.dta","db039_s33","haven_labelled/vctrs_vctr/double","Which Child's Family Will Help You in Future","0 No=0 | 33 Other Child[33]=33","db039_s33 Which Child's Family Will Help You in Future"
"raw_health","restricted_source/Health_Status_and_Functioning.dta","db039_s34","haven_labelled/vctrs_vctr/double","Which Child's Family Will Help You in Future","0 No=0 | 34 Other Child[34]=34","db039_s34 Which Child's Family Will Help You in Future"
"raw_health","restricted_source/Health_Status_and_Functioning.dta","db039_s35","haven_labelled/vctrs_vctr/double","Which Child's Family Will Help You in Future","0 No=0 | 35 Other Child[35]=35","db039_s35 Which Child's Family Will Help You in Future"
"raw_health","restricted_source/Health_Status_and_Functioning.dta","db040_s1","haven_labelled/vctrs_vctr/double","Which Sibling's Family Will Help You","0 No=0 | 1 Preload XSibName[1]=1","db040_s1 Which Sibling's Family Will Help You"
"raw_health","restricted_source/Health_Status_and_Functioning.dta","db040_s2","haven_labelled/vctrs_vctr/double","Which Sibling's Family Will Help You","0 No=0 | 2 Preload XSibName[2]=2","db040_s2 Which Sibling's Family Will Help You"
"raw_health","restricted_source/Health_Status_and_Functioning.dta","db040_s3","haven_labelled/vctrs_vctr/double","Which Sibling's Family Will Help You","0 No=0 | 3 Preload XSibName[3]=3","db040_s3 Which Sibling's Family Will Help You"
"raw_health","restricted_source/Health_Status_and_Functioning.dta","db040_s4","haven_labelled/vctrs_vctr/double","Which Sibling's Family Will Help You","0 No=0 | 4 Preload XSibName[4]=4","db040_s4 Which Sibling's Family Will Help You"
"raw_health","restricted_source/Health_Status_and_Functioning.dta","db040_s5","haven_labelled/vctrs_vctr/double","Which Sibling's Family Will Help You","0 No=0 | 5 Preload XSibName[5]=5","db040_s5 Which Sibling's Family Will Help You"
"raw_health","restricted_source/Health_Status_and_Functioning.dta","db040_s6","haven_labelled/vctrs_vctr/double","Which Sibling's Family Will Help You","0 No=0 | 6 Preload XSibName[6]=6","db040_s6 Which Sibling's Family Will Help You"
"raw_health","restricted_source/Health_Status_and_Functioning.dta","db040_s7","haven_labelled/vctrs_vctr/double","Which Sibling's Family Will Help You","0 No=0 | 7 Preload XSibName[7]=7","db040_s7 Which Sibling's Family Will Help You"
"raw_health","restricted_source/Health_Status_and_Functioning.dta","db040_s8","haven_labelled/vctrs_vctr/double","Which Sibling's Family Will Help You","0 No=0 | 8 Preload XSibName[8]=8","db040_s8 Which Sibling's Family Will Help You"
"raw_health","restricted_source/Health_Status_and_Functioning.dta","db040_s9","haven_labelled/vctrs_vctr/double","Which Sibling's Family Will Help You","0 No=0 | 9 Preload XSibName[9]=9","db040_s9 Which Sibling's Family Will Help You"
"raw_health","restricted_source/Health_Status_and_Functioning.dta","db040_s10","haven_labelled/vctrs_vctr/double","Which Sibling's Family Will Help You","0 No=0 | 10 Preload XSibName[10]=10","db040_s10 Which Sibling's Family Will Help You"
"raw_health","restricted_source/Health_Status_and_Functioning.dta","db040_s11","haven_labelled/vctrs_vctr/double","Which Sibling's Family Will Help You","0 No=0 | 11 Preload XSibName[11]=11","db040_s11 Which Sibling's Family Will Help You"
"raw_health","restricted_source/Health_Status_and_Functioning.dta","db040_s12","haven_labelled/vctrs_vctr/double","Which Sibling's Family Will Help You","0 No=0 | 12 Preload XSibName[12]=12","db040_s12 Which Sibling's Family Will Help You"
"raw_health","restricted_source/Health_Status_and_Functioning.dta","db040_s13","haven_labelled/vctrs_vctr/double","Which Sibling's Family Will Help You","0 No=0 | 13 Preload XSibName[13]=13","db040_s13 Which Sibling's Family Will Help You"
"raw_health","restricted_source/Health_Status_and_Functioning.dta","db040_s14","haven_labelled/vctrs_vctr/double","Which Sibling's Family Will Help You","0 No=0 | 14 Preload XSibName[14]=14","db040_s14 Which Sibling's Family Will Help You"
"raw_health","restricted_source/Health_Status_and_Functioning.dta","db040_s15","haven_labelled/vctrs_vctr/double","Which Sibling's Family Will Help You","0 No=0 | 15 Preload XSibName[15]=15","db040_s15 Which Sibling's Family Will Help You"
"raw_health","restricted_source/Health_Status_and_Functioning.dta","db040_s16","haven_labelled/vctrs_vctr/double","Which Sibling's Family Will Help You","0 No=0 | 16 Preload XSibName[16]=16","db040_s16 Which Sibling's Family Will Help You"
"raw_health","restricted_source/Health_Status_and_Functioning.dta","db040_s17","haven_labelled/vctrs_vctr/double","Which Sibling's Family Will Help You","0 No=0 | 17 Preload XSibName[17]=17","db040_s17 Which Sibling's Family Will Help You"
"raw_health","restricted_source/Health_Status_and_Functioning.dta","db040_s18","haven_labelled/vctrs_vctr/double","Which Sibling's Family Will Help You","0 No=0 | 18 Preload XSibName[18]=18","db040_s18 Which Sibling's Family Will Help You"
"raw_health","restricted_source/Health_Status_and_Functioning.dta","db040_s19","haven_labelled/vctrs_vctr/double","Which Sibling's Family Will Help You","0 No=0 | 19 Preload XSibName[19]=19","db040_s19 Which Sibling's Family Will Help You"
"raw_health","restricted_source/Health_Status_and_Functioning.dta","db040_s20","haven_labelled/vctrs_vctr/double","Which Sibling's Family Will Help You","0 No=0 | 20 Preload XSibName[20]=20","db040_s20 Which Sibling's Family Will Help You"
"raw_health","restricted_source/Health_Status_and_Functioning.dta","db040_s21","haven_labelled/vctrs_vctr/double","Which Sibling's Family Will Help You","0 No=0 | 21 Preload XSibName[21]=21","db040_s21 Which Sibling's Family Will Help You"
"raw_health","restricted_source/Health_Status_and_Functioning.dta","db040_s22","haven_labelled/vctrs_vctr/double","Which Sibling's Family Will Help You","0 No=0 | 22 Preload XSibName[22]=22","db040_s22 Which Sibling's Family Will Help You"
"raw_health","restricted_source/Health_Status_and_Functioning.dta","db040_s23","haven_labelled/vctrs_vctr/double","Which Sibling's Family Will Help You","0 No=0 | 23 Preload XSibName[23]=23","db040_s23 Which Sibling's Family Will Help You"
"raw_health","restricted_source/Health_Status_and_Functioning.dta","db040_s24","haven_labelled/vctrs_vctr/double","Which Sibling's Family Will Help You","0 No=0 | 24 Preload XSibName[24]=24","db040_s24 Which Sibling's Family Will Help You"
"raw_health","restricted_source/Health_Status_and_Functioning.dta","db040_s25","haven_labelled/vctrs_vctr/double","Which Sibling's Family Will Help You","0 No=0 | 25 Preload XSibName[25]=25","db040_s25 Which Sibling's Family Will Help You"
"raw_health","restricted_source/Health_Status_and_Functioning.dta","db040_s26","haven_labelled/vctrs_vctr/double","Which Sibling's Family Will Help You","0 No=0 | 26 Preload XSibName[26]=26","db040_s26 Which Sibling's Family Will Help You"
"raw_health","restricted_source/Health_Status_and_Functioning.dta","db040_s27","haven_labelled/vctrs_vctr/double","Which Sibling's Family Will Help You","0 No=0 | 27 Preload XSibName[27]=27","db040_s27 Which Sibling's Family Will Help You"
"raw_health","restricted_source/Health_Status_and_Functioning.dta","db040_s28","haven_labelled/vctrs_vctr/double","Which Sibling's Family Will Help You","0 No=0 | 28 Preload XSibName[28]=28","db040_s28 Which Sibling's Family Will Help You"
"raw_health","restricted_source/Health_Status_and_Functioning.dta","db040_s29","haven_labelled/vctrs_vctr/double","Which Sibling's Family Will Help You","0 No=0 | 29 Preload XSibName[29]=29","db040_s29 Which Sibling's Family Will Help You"
"raw_health","restricted_source/Health_Status_and_Functioning.dta","db040_s30","haven_labelled/vctrs_vctr/double","Which Sibling's Family Will Help You","0 No=0 | 30 Preload XSibName[30]=30","db040_s30 Which Sibling's Family Will Help You"
"raw_health","restricted_source/Health_Status_and_Functioning.dta","db040_s31","haven_labelled/vctrs_vctr/double","Which Sibling's Family Will Help You","0 No=0 | 31 Other Sibling[31]=31","db040_s31 Which Sibling's Family Will Help You"
"raw_health","restricted_source/Health_Status_and_Functioning.dta","db040_s32","haven_labelled/vctrs_vctr/double","Which Sibling's Family Will Help You","0 No=0 | 32 Other Sibling[32]=32","db040_s32 Which Sibling's Family Will Help You"
"raw_health","restricted_source/Health_Status_and_Functioning.dta","db040_s33","haven_labelled/vctrs_vctr/double","Which Sibling's Family Will Help You","0 No=0 | 33 Other Sibling[33]=33","db040_s33 Which Sibling's Family Will Help You"
"raw_health","restricted_source/Health_Status_and_Functioning.dta","db040_s34","haven_labelled/vctrs_vctr/double","Which Sibling's Family Will Help You","0 No=0 | 34 Other Sibling[34]=34","db040_s34 Which Sibling's Family Will Help You"
"raw_health","restricted_source/Health_Status_and_Functioning.dta","db040_s35","haven_labelled/vctrs_vctr/double","Which Sibling's Family Will Help You","0 No=0 | 35 Other Sibling[35]=35","db040_s35 Which Sibling's Family Will Help You"
"raw_health","restricted_source/Health_Status_and_Functioning.dta","db040_s36","haven_labelled/vctrs_vctr/double","Which Sibling's Family Will Help You","0 No=0 | 36 Other Sibling[36]=36","db040_s36 Which Sibling's Family Will Help You"
"raw_health","restricted_source/Health_Status_and_Functioning.dta","db040_s37","haven_labelled/vctrs_vctr/double","Which Sibling's Family Will Help You","0 No=0 | 37 Other Sibling[37]=37","db040_s37 Which Sibling's Family Will Help You"
"raw_health","restricted_source/Health_Status_and_Functioning.dta","db040_s38","haven_labelled/vctrs_vctr/double","Which Sibling's Family Will Help You","0 No=0 | 38 Other Sibling[38]=38","db040_s38 Which Sibling's Family Will Help You"
"raw_health","restricted_source/Health_Status_and_Functioning.dta","db040_s39","haven_labelled/vctrs_vctr/double","Which Sibling's Family Will Help You","0 No=0 | 39 Other Sibling[39]=39","db040_s39 Which Sibling's Family Will Help You"
"raw_health","restricted_source/Health_Status_and_Functioning.dta","db040_s40","haven_labelled/vctrs_vctr/double","Which Sibling's Family Will Help You","0 No=0 | 40 Other Sibling[40]=40","db040_s40 Which Sibling's Family Will Help You"
"raw_health","restricted_source/Health_Status_and_Functioning.dta","db041","numeric","Number of Relatives Help in Person","","db041 Number of Relatives Help in Person"
"raw_health","restricted_source/Health_Status_and_Functioning.dta","db042","numeric","Number of Others Who Help in Person","","db042 Number of Others Who Help in Person"
"raw_health","restricted_source/Health_Status_and_Functioning.dta","db043","haven_labelled/vctrs_vctr/double","Can't Work Because of Disability or Health","1 I Can't Work at All=1 | 2 I Can't Work for Long Time=2 | 3 I Have No Problem Working=3","db043 Can't Work Because of Disability or Health"
"raw_health","restricted_source/Health_Status_and_Functioning.dta","db044","haven_labelled/vctrs_vctr/double","Can't Do Household Work Because of Disability or Health","1 I Can't Do at All=1 | 2 I Can't Do for Long Time=2 | 3 I Have No Problem=3","db044 Can't Do Household Work Because of Disability or Health"
"raw_health","restricted_source/Health_Status_and_Functioning.dta","db045","haven_labelled/vctrs_vctr/double","How often the Respondent Receive Assistance","1 Never=1 | 2 A Few Times=2 | 3 Most or All of the Time=3 | 4 The Section Was Completed by a Proxy Respondent=4","db045 How often the Respondent Receive Assistance"
"raw_health","restricted_source/Health_Status_and_Functioning.dta","db046","haven_labelled/vctrs_vctr/double","Relationship to R","1 Spouse=1 | 2 Mother=2 | 3 Father=3 | 4 Mother-in-Law=4 | 5 Father-in-Law=5 | 6 Sibling=6 | 7 Brother-in-Law, sister-in-Law=7 | 8 Child=8 | 9 Spouse of Child=9 | 10 Grandchild=10 | 11 Other Relative=11 | 12 Helper or Other Non-Relative=12","db046 Relationship to R"
"raw_health","restricted_source/Health_Status_and_Functioning.dta","db047","haven_labelled/vctrs_vctr/double","Main Reason for Proxy","1 Respondent Has Serious Physical Handicaps=1 | 2 Respondent Has Serious Mental Handicaps=2 | 3 Respondent Has Rejected this Interview=3 | 4 Others, Please Specify=4","db047 Main Reason for Proxy"
"raw_health","restricted_source/Health_Status_and_Functioning.dta","dc001","haven_labelled/vctrs_vctr/double","Checking Year","1 Correct=1 | 2 Error=2 | 997 Don't Know=997 | 999 Refused=999","dc001 Checking Year"
"raw_health","restricted_source/Health_Status_and_Functioning.dta","dc002","haven_labelled/vctrs_vctr/double","Checking Season","1 Correct=1 | 2 Error=2 | 997 Don't Know=997 | 999 Refused=999","dc002 Checking Season"
"raw_health","restricted_source/Health_Status_and_Functioning.dta","dc003","haven_labelled/vctrs_vctr/double","Checking Date","1 Correct=1 | 2 Error=2 | 997 Don't Know=997 | 999 Refused=999","dc003 Checking Date"
"raw_health","restricted_source/Health_Status_and_Functioning.dta","dc004","haven_labelled/vctrs_vctr/double","Checking Day","1 Correct=1 | 2 Error=2 | 997 Don't Know=997 | 999 Refused=999","dc004 Checking Day"
"raw_health","restricted_source/Health_Status_and_Functioning.dta","dc005","haven_labelled/vctrs_vctr/double","Checking Month","1 Correct=1 | 2 Error=2 | 997 Don't Know=997 | 999 Refused=999","dc005 Checking Month"
"raw_health","restricted_source/Health_Status_and_Functioning.dta","dc006","haven_labelled/vctrs_vctr/double","Self-Rated Memory","1 Excellent=1 | 2 Very Good=2 | 3 Good=3 | 4 Fair=4 | 5 Poor=5 | 997 Don't Know=997","dc006 Self-Rated Memory"
"raw_health","restricted_source/Health_Status_and_Functioning.dta","dc007_1","haven_labelled/vctrs_vctr/double","Result for 100-7","1 Record Answer=1 | 997 Don't Know=997 | 999 Refused=999","dc007_1 Result for 100-7"
"raw_health","restricted_source/Health_Status_and_Functioning.dta","dc007_1_1","numeric","Specific Result from 100-7","","dc007_1_1 Specific Result from 100-7"
"raw_health","restricted_source/Health_Status_and_Functioning.dta","dc007_2","haven_labelled/vctrs_vctr/double","Result for dc007_1_1-7","1 Record Answer=1 | 997 Don't Know=997 | 999 Refused=999","dc007_2 Result for dc007_1_1-7"
"raw_health","restricted_source/Health_Status_and_Functioning.dta","dc007_2_1","numeric","Specific Result from dc007_1_1-7","","dc007_2_1 Specific Result from dc007_1_1-7"
"raw_health","restricted_source/Health_Status_and_Functioning.dta","dc007_3","haven_labelled/vctrs_vctr/double","Result for dc007_2_1-7","1 Record Answer=1 | 997 Don't Know=997 | 999 Refused=999","dc007_3 Result for dc007_2_1-7"
"raw_health","restricted_source/Health_Status_and_Functioning.dta","dc007_3_1","numeric","Specific Result from dc007_2_1-7","","dc007_3_1 Specific Result from dc007_2_1-7"
"raw_health","restricted_source/Health_Status_and_Functioning.dta","dc007_4","haven_labelled/vctrs_vctr/double","Result for dc007_4_1-7","1 Record Answer=1 | 997 Don't Know=997 | 999 Refused=999","dc007_4 Result for dc007_4_1-7"
"raw_health","restricted_source/Health_Status_and_Functioning.dta","dc007_4_1","numeric","Specific Result from dc007_3_1-7","","dc007_4_1 Specific Result from dc007_3_1-7"
"raw_health","restricted_source/Health_Status_and_Functioning.dta","dc007_5","haven_labelled/vctrs_vctr/double","Result for dc007_4_1-7","1 Record Answer=1 | 997 Don't Know=997 | 999 Refused=999","dc007_5 Result for dc007_4_1-7"
"raw_health","restricted_source/Health_Status_and_Functioning.dta","dc007_5_1","numeric","Specific Result from dc007_4_1-7","","dc007_5_1 Specific Result from dc007_4_1-7"
"raw_health","restricted_source/Health_Status_and_Functioning.dta","dc008","haven_labelled/vctrs_vctr/double","Use Pen Paper or Other Instruments for Mathmatics","1 Used=1 | 2 Not Used=2","dc008 Use Pen Paper or Other Instruments for Mathmatics"
"raw_health","restricted_source/Health_Status_and_Functioning.dta","dc009","haven_labelled/vctrs_vctr/double","Draw","1 Correct=1 | 2 Error=2 | 3 Not Assessed=3 | 997 Don't Know=997 | 999 Refused=999","dc009 Draw"
"raw_health","restricted_source/Health_Status_and_Functioning.dta","dc010_1","haven_labelled/vctrs_vctr/double","Understand WR Test","1 Yes=1 | 2 No=2","dc010_1 Understand WR Test"
"raw_health","restricted_source/Health_Status_and_Functioning.dta","dc010_2","haven_labelled/vctrs_vctr/double","Understand WR Test","1 Yes=1 | 2 No=2","dc010_2 Understand WR Test"
"raw_health","restricted_source/Health_Status_and_Functioning.dta","dc010_3","haven_labelled/vctrs_vctr/double","Understand WR Test","1 Yes=1 | 2 No=2","dc010_3 Understand WR Test"
"raw_health","restricted_source/Health_Status_and_Functioning.dta","dc011_s1","haven_labelled/vctrs_vctr/double","Reasons for Rufused Word Recall Test","0 No=0 | 1 Refused=1 | 2 Dumb=2 | 3 Dumb at Old Age=3 | 4 Deaf=4 | 5 Others, Please Sepficy=5","dc011_s1 Reasons for Rufused Word Recall Test"
"raw_health","restricted_source/Health_Status_and_Functioning.dta","dc011_s2","haven_labelled/vctrs_vctr/double","Reasons for Rufused Word Recall Test","0 No=0 | 1 Refused=1 | 2 Dumb=2 | 3 Dumb at Old Age=3 | 4 Deaf=4 | 5 Others, Please Sepficy=5","dc011_s2 Reasons for Rufused Word Recall Test"
"raw_health","restricted_source/Health_Status_and_Functioning.dta","dc011_s3","haven_labelled/vctrs_vctr/double","Reasons for Rufused Word Recall Test","0 No=0 | 1 Refused=1 | 2 Dumb=2 | 3 Dumb at Old Age=3 | 4 Deaf=4 | 5 Others, Please Sepficy=5","dc011_s3 Reasons for Rufused Word Recall Test"
"raw_health","restricted_source/Health_Status_and_Functioning.dta","dc011_s4","haven_labelled/vctrs_vctr/double","Reasons for Rufused Word Recall Test","0 No=0 | 1 Refused=1 | 2 Dumb=2 | 3 Dumb at Old Age=3 | 4 Deaf=4 | 5 Others, Please Sepficy=5","dc011_s4 Reasons for Rufused Word Recall Test"
"raw_health","restricted_source/Health_Status_and_Functioning.dta","dc011_s5","haven_labelled/vctrs_vctr/double","Reasons for Rufused Word Recall Test","0 No=0 | 1 Refused=1 | 2 Dumb=2 | 3 Dumb at Old Age=3 | 4 Deaf=4 | 5 Others, Please Sepficy=5","dc011_s5 Reasons for Rufused Word Recall Test"
"raw_health","restricted_source/Health_Status_and_Functioning.dta","dc012_s1","haven_labelled/vctrs_vctr/double","Wordlist[9]","0 No=0 | 1 Yes=1","dc012_s1 Wordlist[9]"
"raw_health","restricted_source/Health_Status_and_Functioning.dta","dc012_s2","haven_labelled/vctrs_vctr/double","Wordlist[3]","0 No=0 | 2 Yes=2","dc012_s2 Wordlist[3]"
"raw_health","restricted_source/Health_Status_and_Functioning.dta","dc012_s3","haven_labelled/vctrs_vctr/double","Wordlist[1]","0 No=0 | 3 Yes=3","dc012_s3 Wordlist[1]"
"raw_health","restricted_source/Health_Status_and_Functioning.dta","dc012_s4","haven_labelled/vctrs_vctr/double","Wordlist[2]","0 No=0 | 4 Yes=4","dc012_s4 Wordlist[2]"
"raw_health","restricted_source/Health_Status_and_Functioning.dta","dc012_s5","haven_labelled/vctrs_vctr/double","Wordlist[10]","0 No=0 | 5 Yes=5","dc012_s5 Wordlist[10]"
"raw_health","restricted_source/Health_Status_and_Functioning.dta","dc012_s6","haven_labelled/vctrs_vctr/double","Wordlist[4]","0 No=0 | 6 Yes=6","dc012_s6 Wordlist[4]"
"raw_health","restricted_source/Health_Status_and_Functioning.dta","dc012_s7","haven_labelled/vctrs_vctr/double","Wordlist[5]","0 No=0 | 7 Yes=7","dc012_s7 Wordlist[5]"
"raw_health","restricted_source/Health_Status_and_Functioning.dta","dc012_s8","haven_labelled/vctrs_vctr/double","Wordlist[6]","0 No=0 | 8 Yes=8","dc012_s8 Wordlist[6]"
"raw_health","restricted_source/Health_Status_and_Functioning.dta","dc012_s9","haven_labelled/vctrs_vctr/double","Wordlist[8]","0 No=0 | 9 Yes=9","dc012_s9 Wordlist[8]"
"raw_health","restricted_source/Health_Status_and_Functioning.dta","dc012_s10","haven_labelled/vctrs_vctr/double","Wordlist[7]","0 No=0 | 10 Yes=10","dc012_s10 Wordlist[7]"
"raw_health","restricted_source/Health_Status_and_Functioning.dta","dc012_s11","haven_labelled/vctrs_vctr/double","None of the Above","0 No=0 | 11 Yes=11","dc012_s11 None of the Above"
"raw_health","restricted_source/Health_Status_and_Functioning.dta","dc012_s12","haven_labelled/vctrs_vctr/double","Refused to Recall","0 No=0 | 12 Yes=12","dc012_s12 Refused to Recall"
"raw_health","restricted_source/Health_Status_and_Functioning.dta","dc012_s13","haven_labelled/vctrs_vctr/double","Can't Understand or Incaple of the Test","0 No=0 | 13 Yes=13","dc012_s13 Can't Understand or Incaple of the Test"
"raw_health","restricted_source/Health_Status_and_Functioning.dta","dc013_s1","haven_labelled/vctrs_vctr/double","Wordlist[5]","0 No=0 | 1 Yes=1","dc013_s1 Wordlist[5]"
"raw_health","restricted_source/Health_Status_and_Functioning.dta","dc013_s2","haven_labelled/vctrs_vctr/double","Wordlist[2]","0 No=0 | 2 Yes=2","dc013_s2 Wordlist[2]"
"raw_health","restricted_source/Health_Status_and_Functioning.dta","dc013_s3","haven_labelled/vctrs_vctr/double","Wordlist[9]","0 No=0 | 3 Yes=3","dc013_s3 Wordlist[9]"
"raw_health","restricted_source/Health_Status_and_Functioning.dta","dc013_s4","haven_labelled/vctrs_vctr/double","Wordlist[10]","0 No=0 | 4 Yes=4","dc013_s4 Wordlist[10]"
"raw_health","restricted_source/Health_Status_and_Functioning.dta","dc013_s5","haven_labelled/vctrs_vctr/double","Wordlist[3]","0 No=0 | 5 Yes=5","dc013_s5 Wordlist[3]"
"raw_health","restricted_source/Health_Status_and_Functioning.dta","dc013_s6","haven_labelled/vctrs_vctr/double","Wordlist[1]","0 No=0 | 6 Yes=6","dc013_s6 Wordlist[1]"
"raw_health","restricted_source/Health_Status_and_Functioning.dta","dc013_s7","haven_labelled/vctrs_vctr/double","Wordlist[8]","0 No=0 | 7 Yes=7","dc013_s7 Wordlist[8]"
"raw_health","restricted_source/Health_Status_and_Functioning.dta","dc013_s8","haven_labelled/vctrs_vctr/double","Wordlist[4]","0 No=0 | 8 Yes=8","dc013_s8 Wordlist[4]"
"raw_health","restricted_source/Health_Status_and_Functioning.dta","dc013_s9","haven_labelled/vctrs_vctr/double","Wordlist[6]","0 No=0 | 9 Yes=9","dc013_s9 Wordlist[6]"
"raw_health","restricted_source/Health_Status_and_Functioning.dta","dc013_s10","haven_labelled/vctrs_vctr/double","Wordlist[7]","0 No=0 | 10 Yes=10","dc013_s10 Wordlist[7]"
"raw_health","restricted_source/Health_Status_and_Functioning.dta","dc013_s11","haven_labelled/vctrs_vctr/double","None of the Above","0 No=0 | 11 Yes=11","dc013_s11 None of the Above"
"raw_health","restricted_source/Health_Status_and_Functioning.dta","dc013_s12","haven_labelled/vctrs_vctr/double","Refused to Recall","0 No=0 | 12 Yes=12","dc013_s12 Refused to Recall"
"raw_health","restricted_source/Health_Status_and_Functioning.dta","dc014_s1","haven_labelled/vctrs_vctr/double","Wordlist[1]","0 No=0 | 1 Yes=1","dc014_s1 Wordlist[1]"
"raw_health","restricted_source/Health_Status_and_Functioning.dta","dc014_s2","haven_labelled/vctrs_vctr/double","Wordlist[2]","0 No=0 | 2 Yes=2","dc014_s2 Wordlist[2]"
"raw_health","restricted_source/Health_Status_and_Functioning.dta","dc014_s3","haven_labelled/vctrs_vctr/double","Wordlist[3]","0 No=0 | 3 Yes=3","dc014_s3 Wordlist[3]"
"raw_health","restricted_source/Health_Status_and_Functioning.dta","dc014_s4","haven_labelled/vctrs_vctr/double","Wordlist[4]","0 No=0 | 4 Yes=4","dc014_s4 Wordlist[4]"
"raw_health","restricted_source/Health_Status_and_Functioning.dta","dc014_s5","haven_labelled/vctrs_vctr/double","Wordlist[5]","0 No=0 | 5 Yes=5","dc014_s5 Wordlist[5]"
"raw_health","restricted_source/Health_Status_and_Functioning.dta","dc014_s6","haven_labelled/vctrs_vctr/double","Wordlist[6]","0 No=0 | 6 Yes=6","dc014_s6 Wordlist[6]"
"raw_health","restricted_source/Health_Status_and_Functioning.dta","dc014_s7","haven_labelled/vctrs_vctr/double","Wordlist[7]","0 No=0 | 7 Yes=7","dc014_s7 Wordlist[7]"
"raw_health","restricted_source/Health_Status_and_Functioning.dta","dc014_s8","haven_labelled/vctrs_vctr/double","Wordlist[8]","0 No=0 | 8 Yes=8","dc014_s8 Wordlist[8]"
"raw_health","restricted_source/Health_Status_and_Functioning.dta","dc014_s9","haven_labelled/vctrs_vctr/double","Wordlist[9]","0 No=0 | 9 Yes=9","dc014_s9 Wordlist[9]"
"raw_health","restricted_source/Health_Status_and_Functioning.dta","dc014_s10","haven_labelled/vctrs_vctr/double","Wordlist[10]","0 No=0 | 10 Yes=10","dc014_s10 Wordlist[10]"
"raw_health","restricted_source/Health_Status_and_Functioning.dta","dc014_s11","haven_labelled/vctrs_vctr/double","None of the Above","0 No=0 | 11 Yes=11","dc014_s11 None of the Above"
"raw_health","restricted_source/Health_Status_and_Functioning.dta","dc014_s12","haven_labelled/vctrs_vctr/double","Refused to Recall","0 No=0 | 12 Yes=12","dc014_s12 Refused to Recall"
"raw_health","restricted_source/Health_Status_and_Functioning.dta","dc015_s1","haven_labelled/vctrs_vctr/double","Whether any of the Following Apply","0 No=0 | 1 Interruption Occured during Administration=1 | 2 Others, Please Specify=2 | 3 None of the above=3","dc015_s1 Whether any of the Following Apply"
"raw_health","restricted_source/Health_Status_and_Functioning.dta","dc015_s2","haven_labelled/vctrs_vctr/double","Whether any of the Following Apply","0 No=0 | 1 Interruption Occured during Administration=1 | 2 Others, Please Specify=2 | 3 None of the above=3","dc015_s2 Whether any of the Following Apply"
"raw_health","restricted_source/Health_Status_and_Functioning.dta","dc015_s3","haven_labelled/vctrs_vctr/double","Whether any of the Following Apply","0 No=0 | 1 Interruption Occured during Administration=1 | 2 Others, Please Specify=2 | 3 None of the above=3","dc015_s3 Whether any of the Following Apply"
"raw_health","restricted_source/Health_Status_and_Functioning.dta","dc016","haven_labelled/vctrs_vctr/double","Bothered by Things","1 Rarely or None (<1 Day)=1 | 2 Some or A Little (1-2 Days)=2 | 3 Occasionally or Moderate Amount of Time (3-4 Days)=3 | 4 Most of the Time (5-7 Days)=4 | 997 Don't Know=997 | 999 Refused=999","dc016 Bothered by Things"
"raw_health","restricted_source/Health_Status_and_Functioning.dta","dc017","haven_labelled/vctrs_vctr/double","Had Trouble Keeping Mind","1 Rarely or None (<1 Day)=1 | 2 Some or A Little (1-2 Days)=2 | 3 Occasionally or Moderate Amount of Time (3-4 Days)=3 | 4 Most of the Time (5-7 Days)=4 | 997 Don't Know=997 | 999 Refused=999","dc017 Had Trouble Keeping Mind"
"raw_health","restricted_source/Health_Status_and_Functioning.dta","dc018","haven_labelled/vctrs_vctr/double","Felt Depressed","1 Rarely or None (<1 Day)=1 | 2 Some or A Little (1-2 Days)=2 | 3 Occasionally or Moderate Amount of Time (3-4 Days)=3 | 4 Most of the Time (5-7 Days)=4 | 997 Don't Know=997 | 999 Refused=999","dc018 Felt Depressed"
"raw_health","restricted_source/Health_Status_and_Functioning.dta","dc019","haven_labelled/vctrs_vctr/double","I Felt Everything I Did Was An Effort","1 Rarely or None (<1 Day)=1 | 2 Some or A Little (1-2 Days)=2 | 3 Occasionally or Moderate Amount of Time (3-4 Days)=3 | 4 Most of the Time (5-7 Days)=4 | 997 Don't Know=997 | 999 Refused=999","dc019 I Felt Everything I Did Was An Effort"
"raw_health","restricted_source/Health_Status_and_Functioning.dta","dc020","haven_labelled/vctrs_vctr/double","I Felt Hopeful about the Future","1 Rarely or None (<1 Day)=1 | 2 Some or A Little (1-2 Days)=2 | 3 Occasionally or Moderate Amount of Time (3-4 Days)=3 | 4 Most of the Time (5-7 Days)=4 | 997 Don't Know=997 | 999 Refused=999","dc020 I Felt Hopeful about the Future"
"raw_health","restricted_source/Health_Status_and_Functioning.dta","dc021","haven_labelled/vctrs_vctr/double","I Felt Fearful","1 Rarely or None (<1 Day)=1 | 2 Some or A Little (1-2 Days)=2 | 3 Occasionally or Moderate Amount of Time (3-4 Days)=3 | 4 Most of the Time (5-7 Days)=4 | 997 Don't Know=997 | 999 Refused=999","dc021 I Felt Fearful"
"raw_health","restricted_source/Health_Status_and_Functioning.dta","dc022","haven_labelled/vctrs_vctr/double","My Sleep Was Restless","1 Rarely or None (<1 Day)=1 | 2 Some or A Little (1-2 Days)=2 | 3 Occasionally or Moderate Amount of Time (3-4 Days)=3 | 4 Most of the Time (5-7 Days)=4 | 997 Don't Know=997 | 999 Refused=999","dc022 My Sleep Was Restless"
"raw_health","restricted_source/Health_Status_and_Functioning.dta","dc023","haven_labelled/vctrs_vctr/double","I Was Happy","1 Rarely or None (<1 Day)=1 | 2 Some or A Little (1-2 Days)=2 | 3 Occasionally or Moderate Amount of Time (3-4 Days)=3 | 4 Most of the Time (5-7 Days)=4 | 997 Don't Know=997 | 999 Refused=999","dc023 I Was Happy"
"raw_health","restricted_source/Health_Status_and_Functioning.dta","dc024","haven_labelled/vctrs_vctr/double","I Felt Lonely","1 Rarely or None (<1 Day)=1 | 2 Some or A Little (1-2 Days)=2 | 3 Occasionally or Moderate Amount of Time (3-4 Days)=3 | 4 Most of the Time (5-7 Days)=4 | 997 Don't Know=997 | 999 Refused=999","dc024 I Felt Lonely"
"raw_health","restricted_source/Health_Status_and_Functioning.dta","dc025","haven_labelled/vctrs_vctr/double","I Could Not Get on","1 Rarely or None (<1 Day)=1 | 2 Some or A Little (1-2 Days)=2 | 3 Occasionally or Moderate Amount of Time (3-4 Days)=3 | 4 Most of the Time (5-7 Days)=4 | 997 Don't Know=997 | 999 Refused=999","dc025 I Could Not Get on"
"raw_health","restricted_source/Health_Status_and_Functioning.dta","dc026","haven_labelled/vctrs_vctr/double","Life Satisfication","1 Completely Satisfied=1 | 2 Very Satisfied=2 | 3 Somewhat Satistied=3 | 4 Not Very Satistied=4 | 5 Not at All Satisfied=5","dc026 Life Satisfication"
"raw_health","restricted_source/Health_Status_and_Functioning.dta","dc027","haven_labelled/vctrs_vctr/double","Chidren Satisfication","1 Completely Satisfied=1 | 2 Very Satisfied=2 | 3 Somewhat Satistied=3 | 4 Not Very Satistied=4 | 5 Not at All Satisfied=5 | 6 No Child=6","dc027 Chidren Satisfication"
"raw_health","restricted_source/Health_Status_and_Functioning.dta","dc028_s1","haven_labelled/vctrs_vctr/double","Wordlist[1]","0 No=0 | 1 Yes=1","dc028_s1 Wordlist[1]"
"raw_health","restricted_source/Health_Status_and_Functioning.dta","dc028_s2","haven_labelled/vctrs_vctr/double","Wordlist[2]","0 No=0 | 2 Yes=2","dc028_s2 Wordlist[2]"
"raw_health","restricted_source/Health_Status_and_Functioning.dta","dc028_s3","haven_labelled/vctrs_vctr/double","Wordlist[3]","0 No=0 | 3 Yes=3","dc028_s3 Wordlist[3]"
"raw_health","restricted_source/Health_Status_and_Functioning.dta","dc028_s4","haven_labelled/vctrs_vctr/double","Wordlist[4]","0 No=0 | 4 Yes=4","dc028_s4 Wordlist[4]"
"raw_health","restricted_source/Health_Status_and_Functioning.dta","dc028_s5","haven_labelled/vctrs_vctr/double","Wordlist[5]","0 No=0 | 5 Yes=5","dc028_s5 Wordlist[5]"
"raw_health","restricted_source/Health_Status_and_Functioning.dta","dc028_s6","haven_labelled/vctrs_vctr/double","Wordlist[6]","0 No=0 | 6 Yes=6","dc028_s6 Wordlist[6]"
"raw_health","restricted_source/Health_Status_and_Functioning.dta","dc028_s7","haven_labelled/vctrs_vctr/double","Wordlist[7]","0 No=0 | 7 Yes=7","dc028_s7 Wordlist[7]"
"raw_health","restricted_source/Health_Status_and_Functioning.dta","dc028_s8","haven_labelled/vctrs_vctr/double","Wordlist[8]","0 No=0 | 8 Yes=8","dc028_s8 Wordlist[8]"
"raw_health","restricted_source/Health_Status_and_Functioning.dta","dc028_s9","haven_labelled/vctrs_vctr/double","Wordlist[9]","0 No=0 | 9 Yes=9","dc028_s9 Wordlist[9]"
"raw_health","restricted_source/Health_Status_and_Functioning.dta","dc028_s10","haven_labelled/vctrs_vctr/double","Wordlist[10]","0 No=0 | 10 Yes=10","dc028_s10 Wordlist[10]"
"raw_health","restricted_source/Health_Status_and_Functioning.dta","dc028_s11","haven_labelled/vctrs_vctr/double","None of the Above","0 No=0 | 11 Yes=11","dc028_s11 None of the Above"
"raw_health","restricted_source/Health_Status_and_Functioning.dta","dc028_s12","haven_labelled/vctrs_vctr/double","Refused to Recall","0 No=0 | 12 Yes=12","dc028_s12 Refused to Recall"
"raw_health","restricted_source/Health_Status_and_Functioning.dta","dc029_s1","haven_labelled/vctrs_vctr/double","Things Happened during Respondent Interview","0 No=0 | 1 R Had Poor Eysight=1 | 2 R Had Poor Hearing and Didn't Wear Hearing Aid=2 | 3 R Wore Hearing Aid=3 | 4 R Had Tremor Hand, Which Interfered Some Tests=4 | 5 Interview Was Interfered by Other Affairs or Noisy=5 | 6 Quality Not Good for Emotion Problems of R=6 | 7 Others, Please Specify=7 | 8 None of the Above=8","dc029_s1 Things Happened during Respondent Interview"
"raw_health","restricted_source/Health_Status_and_Functioning.dta","dc029_s2","haven_labelled/vctrs_vctr/double","Things Happened during Respondent Interview","0 No=0 | 1 R Had Poor Eysight=1 | 2 R Had Poor Hearing and Didn't Wear Hearing Aid=2 | 3 R Wore Hearing Aid=3 | 4 R Had Tremor Hand, Which Interfered Some Tests=4 | 5 Interview Was Interfered by Other Affairs or Noisy=5 | 6 Quality Not Good for Emotion Problems of R=6 | 7 Others, Please Specify=7 | 8 None of the Above=8","dc029_s2 Things Happened during Respondent Interview"
"raw_health","restricted_source/Health_Status_and_Functioning.dta","dc029_s3","haven_labelled/vctrs_vctr/double","Things Happened during Respondent Interview","0 No=0 | 1 R Had Poor Eysight=1 | 2 R Had Poor Hearing and Didn't Wear Hearing Aid=2 | 3 R Wore Hearing Aid=3 | 4 R Had Tremor Hand, Which Interfered Some Tests=4 | 5 Interview Was Interfered by Other Affairs or Noisy=5 | 6 Quality Not Good for Emotion Problems of R=6 | 7 Others, Please Specify=7 | 8 None of the Above=8","dc029_s3 Things Happened during Respondent Interview"
"raw_health","restricted_source/Health_Status_and_Functioning.dta","dc029_s4","haven_labelled/vctrs_vctr/double","Things Happened during Respondent Interview","0 No=0 | 1 R Had Poor Eysight=1 | 2 R Had Poor Hearing and Didn't Wear Hearing Aid=2 | 3 R Wore Hearing Aid=3 | 4 R Had Tremor Hand, Which Interfered Some Tests=4 | 5 Interview Was Interfered by Other Affairs or Noisy=5 | 6 Quality Not Good for Emotion Problems of R=6 | 7 Others, Please Specify=7 | 8 None of the Above=8","dc029_s4 Things Happened during Respondent Interview"
"raw_health","restricted_source/Health_Status_and_Functioning.dta","dc029_s5","haven_labelled/vctrs_vctr/double","Things Happened during Respondent Interview","0 No=0 | 1 R Had Poor Eysight=1 | 2 R Had Poor Hearing and Didn't Wear Hearing Aid=2 | 3 R Wore Hearing Aid=3 | 4 R Had Tremor Hand, Which Interfered Some Tests=4 | 5 Interview Was Interfered by Other Affairs or Noisy=5 | 6 Quality Not Good for Emotion Problems of R=6 | 7 Others, Please Specify=7 | 8 None of the Above=8","dc029_s5 Things Happened during Respondent Interview"
"raw_health","restricted_source/Health_Status_and_Functioning.dta","dc029_s6","haven_labelled/vctrs_vctr/double","Things Happened during Respondent Interview","0 No=0 | 1 R Had Poor Eysight=1 | 2 R Had Poor Hearing and Didn't Wear Hearing Aid=2 | 3 R Wore Hearing Aid=3 | 4 R Had Tremor Hand, Which Interfered Some Tests=4 | 5 Interview Was Interfered by Other Affairs or Noisy=5 | 6 Quality Not Good for Emotion Problems of R=6 | 7 Others, Please Specify=7 | 8 None of the Above=8","dc029_s6 Things Happened during Respondent Interview"
"raw_health","restricted_source/Health_Status_and_Functioning.dta","dc029_s7","haven_labelled/vctrs_vctr/double","Things Happened during Respondent Interview","0 No=0 | 1 R Had Poor Eysight=1 | 2 R Had Poor Hearing and Didn't Wear Hearing Aid=2 | 3 R Wore Hearing Aid=3 | 4 R Had Tremor Hand, Which Interfered Some Tests=4 | 5 Interview Was Interfered by Other Affairs or Noisy=5 | 6 Quality Not Good for Emotion Problems of R=6 | 7 Others, Please Specify=7 | 8 None of the Above=8","dc029_s7 Things Happened during Respondent Interview"
"raw_health","restricted_source/Health_Status_and_Functioning.dta","dc029_s8","haven_labelled/vctrs_vctr/double","Things Happened during Respondent Interview","0 No=0 | 1 R Had Poor Eysight=1 | 2 R Had Poor Hearing and Didn't Wear Hearing Aid=2 | 3 R Wore Hearing Aid=3 | 4 R Had Tremor Hand, Which Interfered Some Tests=4 | 5 Interview Was Interfered by Other Affairs or Noisy=5 | 6 Quality Not Good for Emotion Problems of R=6 | 7 Others, Please Specify=7 | 8 None of the Above=8","dc029_s8 Things Happened during Respondent Interview"
"raw_health","restricted_source/Health_Status_and_Functioning.dta","dc030","haven_labelled/vctrs_vctr/double","Laguage Used by Interviweres","1 Mandarin=1 | 2 Local Dialect=2 | 3 Other Dialect, Please Sepcify=3","dc030 Laguage Used by Interviweres"
"raw_health","restricted_source/Health_Status_and_Functioning.dta","xrage","numeric","Age of Respondent","","xrage Age of Respondent"
"raw_health","restricted_source/Health_Status_and_Functioning.dta","xrtype","haven_labelled/vctrs_vctr/double","Respondent Type","1 RE Interview=1 | 2 New Interview=2","xrtype Respondent Type"
"raw_health","restricted_source/Health_Status_and_Functioning.dta","xchrodistype_1_","character","Name of Disease [1]","","xchrodistype_1_ Name of Disease [1]"
"raw_health","restricted_source/Health_Status_and_Functioning.dta","xchrodistype_2_","character","Name of Disease [2]","","xchrodistype_2_ Name of Disease [2]"
"raw_health","restricted_source/Health_Status_and_Functioning.dta","xchrodistype_3_","character","Name of Disease [3]","","xchrodistype_3_ Name of Disease [3]"
"raw_health","restricted_source/Health_Status_and_Functioning.dta","xchrodistype_4_","character","Name of Disease [4]","","xchrodistype_4_ Name of Disease [4]"
"raw_health","restricted_source/Health_Status_and_Functioning.dta","xchrodistype_5_","character","Name of Disease [5]","","xchrodistype_5_ Name of Disease [5]"
"raw_health","restricted_source/Health_Status_and_Functioning.dta","xchrodistype_6_","character","Name of Disease [6]","","xchrodistype_6_ Name of Disease [6]"
"raw_health","restricted_source/Health_Status_and_Functioning.dta","xchrodistype_7_","character","Name of Disease [7]","","xchrodistype_7_ Name of Disease [7]"
"raw_health","restricted_source/Health_Status_and_Functioning.dta","xchrodistype_8_","character","Name of Disease [8]","","xchrodistype_8_ Name of Disease [8]"
"raw_health","restricted_source/Health_Status_and_Functioning.dta","xchrodistype_9_","character","Name of Disease [9]","","xchrodistype_9_ Name of Disease [9]"
"raw_health","restricted_source/Health_Status_and_Functioning.dta","xchrodistype_10_","character","Name of Disease [10]","","xchrodistype_10_ Name of Disease [10]"
"raw_health","restricted_source/Health_Status_and_Functioning.dta","xchrodistype_11_","character","Name of Disease [11]","","xchrodistype_11_ Name of Disease [11]"
"raw_health","restricted_source/Health_Status_and_Functioning.dta","xchrodistype_12_","character","Name of Disease [12]","","xchrodistype_12_ Name of Disease [12]"
"raw_health","restricted_source/Health_Status_and_Functioning.dta","xchrodistype_13_","character","Name of Disease [13]","","xchrodistype_13_ Name of Disease [13]"
"raw_health","restricted_source/Health_Status_and_Functioning.dta","xchrodistype_14_","character","Name of Disease [14]","","xchrodistype_14_ Name of Disease [14]"
"raw_health","restricted_source/Health_Status_and_Functioning.dta","xchrodistype_15_","character","Name of Disease [15]","","xchrodistype_15_ Name of Disease [15]"
"raw_health","restricted_source/Health_Status_and_Functioning.dta","xfagepossibility","numeric","Specific Life Expectancy","","xfagepossibility Specific Life Expectancy"
"raw_health","restricted_source/Health_Status_and_Functioning.dta","xpsyacttype_1_","character","Intensive Physical Activity","","xpsyacttype_1_ Intensive Physical Activity"
"raw_health","restricted_source/Health_Status_and_Functioning.dta","xpsyacttype_2_","character","Moderate Physical Activity","","xpsyacttype_2_ Moderate Physical Activity"
"raw_health","restricted_source/Health_Status_and_Functioning.dta","xpsyacttype_3_","character","Light Physical Activity","","xpsyacttype_3_ Light Physical Activity"
"raw_health","restricted_source/Health_Status_and_Functioning.dta","xsoctype_1_","character","Interacted With Friends","","xsoctype_1_ Interacted With Friends"
"raw_health","restricted_source/Health_Status_and_Functioning.dta","xsoctype_2_","character","Played Ma-jong, Played Chess, Played Cards, or Went to Community Club","","xsoctype_2_ Played Ma-jong, Played Chess, Played Cards, or Went to Community Club"
"raw_health","restricted_source/Health_Status_and_Functioning.dta","xsoctype_3_","character","Provided Help to Family, Friends, or Neighbors Who Do Not Live With You","","xsoctype_3_ Provided Help to Family, Friends, or Neighbors Who Do Not Live With You"
"raw_health","restricted_source/Health_Status_and_Functioning.dta","xsoctype_4_","character","Went to a Sport, Social, or Other Kind of Club","","xsoctype_4_ Went to a Sport, Social, or Other Kind of Club"
"raw_health","restricted_source/Health_Status_and_Functioning.dta","xsoctype_5_","character","Took Part in a Community-Related Organization","","xsoctype_5_ Took Part in a Community-Related Organization"
"raw_health","restricted_source/Health_Status_and_Functioning.dta","xsoctype_6_","character","Done Voluntary or Charity work, or Cared for a Sick or Disabled Adult Who Does N","","xsoctype_6_ Done Voluntary or Charity work, or Cared for a Sick or Disabled Adult Who Does N"
"raw_health","restricted_source/Health_Status_and_Functioning.dta","xsoctype_7_","character","Attended an Educational or Training Course","","xsoctype_7_ Attended an Educational or Training Course"
"raw_health","restricted_source/Health_Status_and_Functioning.dta","xsoctype_8_","character","Others","","xsoctype_8_ Others"
"raw_health","restricted_source/Health_Status_and_Functioning.dta","xhelperselect","haven_labelled/vctrs_vctr/double","Have Helper or Not","0 No=0 | 1 Yes=1","xhelperselect Have Helper or Not"
"raw_health","restricted_source/Health_Status_and_Functioning.dta","xhelpernum","numeric","Number of Helpers","","xhelpernum Number of Helpers"
"raw_health","restricted_source/Health_Status_and_Functioning.dta","xselectnum","numeric","Numbers Selected","","xselectnum Numbers Selected"
"raw_health","restricted_source/Health_Status_and_Functioning.dta","xhelpercurrent","haven_labelled/vctrs_vctr/double","Have Helper in Current","0 No=0 | 1 Yes=1","xhelpercurrent Have Helper in Current"
"raw_health","restricted_source/Health_Status_and_Functioning.dta","xwordlist_1_","character","Wordlist[1]","","xwordlist_1_ Wordlist[1]"
"raw_health","restricted_source/Health_Status_and_Functioning.dta","xwordlist_2_","character","Wordlist[2]","","xwordlist_2_ Wordlist[2]"
"raw_health","restricted_source/Health_Status_and_Functioning.dta","xwordlist_3_","character","Wordlist[3]","","xwordlist_3_ Wordlist[3]"
"raw_health","restricted_source/Health_Status_and_Functioning.dta","xwordlist_4_","character","Wordlist[4]","","xwordlist_4_ Wordlist[4]"
"raw_health","restricted_source/Health_Status_and_Functioning.dta","xwordlist_5_","character","Wordlist[5]","","xwordlist_5_ Wordlist[5]"
"raw_health","restricted_source/Health_Status_and_Functioning.dta","xwordlist_6_","character","Wordlist[6]","","xwordlist_6_ Wordlist[6]"
"raw_health","restricted_source/Health_Status_and_Functioning.dta","xwordlist_7_","character","Wordlist[7]","","xwordlist_7_ Wordlist[7]"
"raw_health","restricted_source/Health_Status_and_Functioning.dta","xwordlist_8_","character","Wordlist[8]","","xwordlist_8_ Wordlist[8]"
"raw_health","restricted_source/Health_Status_and_Functioning.dta","xwordlist_9_","character","Wordlist[9]","","xwordlist_9_ Wordlist[9]"
"raw_health","restricted_source/Health_Status_and_Functioning.dta","xwordlist_10_","character","Wordlist[10]","","xwordlist_10_ Wordlist[10]"
"raw_health","restricted_source/Health_Status_and_Functioning.dta","xwordrecallbr","haven_labelled/vctrs_vctr/double","Had Immediate WR test","0 No=0 | 1 Yes=1","xwordrecallbr Had Immediate WR test"
"raw_health","restricted_source/Health_Status_and_Functioning.dta","ziwtime","character","R's LAST IW Time","","ziwtime R's LAST IW Time"
"raw_health","restricted_source/Health_Status_and_Functioning.dta","zsmoke","haven_labelled/vctrs_vctr/double","Smoking in LAST IW Time","1 Yes=1","zsmoke Smoking in LAST IW Time"
"raw_health","restricted_source/Health_Status_and_Functioning.dta","zchildnum","numeric","Number of Children in LAST IW Time","","zchildnum Number of Children in LAST IW Time"
"raw_health","restricted_source/Health_Status_and_Functioning.dta","zdisease_1_","haven_labelled/vctrs_vctr/double","Had Doctor DIagnosed Disease[1] Listed in DA007 at ZIWTime","1 Yes=1","zdisease_1_ Had Doctor DIagnosed Disease[1] Listed in DA007 at ZIWTime"
"raw_health","restricted_source/Health_Status_and_Functioning.dta","zdisease_2_","haven_labelled/vctrs_vctr/double","Had Doctor DIagnosed Disease[2] Listed in DA007 at ZIWTime","1 Yes=1","zdisease_2_ Had Doctor DIagnosed Disease[2] Listed in DA007 at ZIWTime"
"raw_health","restricted_source/Health_Status_and_Functioning.dta","zdisease_3_","haven_labelled/vctrs_vctr/double","Had Doctor DIagnosed Disease[3] Listed in DA007 at ZIWTime","1 Yes=1","zdisease_3_ Had Doctor DIagnosed Disease[3] Listed in DA007 at ZIWTime"
"raw_health","restricted_source/Health_Status_and_Functioning.dta","zdisease_4_","haven_labelled/vctrs_vctr/double","Had Doctor DIagnosed Disease[4] Listed in DA007 at ZIWTime","1 Yes=1","zdisease_4_ Had Doctor DIagnosed Disease[4] Listed in DA007 at ZIWTime"
"raw_health","restricted_source/Health_Status_and_Functioning.dta","zdisease_5_","haven_labelled/vctrs_vctr/double","Had Doctor DIagnosed Disease[5] Listed in DA007 at ZIWTime","1 Yes=1","zdisease_5_ Had Doctor DIagnosed Disease[5] Listed in DA007 at ZIWTime"
"raw_health","restricted_source/Health_Status_and_Functioning.dta","zdisease_6_","haven_labelled/vctrs_vctr/double","Had Doctor DIagnosed Disease[6] Listed in DA007 at ZIWTime","1 Yes=1","zdisease_6_ Had Doctor DIagnosed Disease[6] Listed in DA007 at ZIWTime"
"raw_health","restricted_source/Health_Status_and_Functioning.dta","zdisease_7_","haven_labelled/vctrs_vctr/double","Had Doctor DIagnosed Disease[7] Listed in DA007 at ZIWTime","1 Yes=1","zdisease_7_ Had Doctor DIagnosed Disease[7] Listed in DA007 at ZIWTime"
"raw_health","restricted_source/Health_Status_and_Functioning.dta","zdisease_8_","haven_labelled/vctrs_vctr/double","Had Doctor DIagnosed Disease[8] Listed in DA007 at ZIWTime","1 Yes=1","zdisease_8_ Had Doctor DIagnosed Disease[8] Listed in DA007 at ZIWTime"
"raw_health","restricted_source/Health_Status_and_Functioning.dta","zdisease_9_","haven_labelled/vctrs_vctr/double","Had Doctor DIagnosed Disease[9] Listed in DA007 at ZIWTime","1 Yes=1","zdisease_9_ Had Doctor DIagnosed Disease[9] Listed in DA007 at ZIWTime"
"raw_health","restricted_source/Health_Status_and_Functioning.dta","zdisease_10_","haven_labelled/vctrs_vctr/double","Had Doctor DIagnosed Disease[10] Listed in DA007 at ZIWTime","1 Yes=1","zdisease_10_ Had Doctor DIagnosed Disease[10] Listed in DA007 at ZIWTime"
"raw_health","restricted_source/Health_Status_and_Functioning.dta","zdisease_11_","haven_labelled/vctrs_vctr/double","Had Doctor DIagnosed Disease[11] Listed in DA007 at ZIWTime","1 Yes=1","zdisease_11_ Had Doctor DIagnosed Disease[11] Listed in DA007 at ZIWTime"
"raw_health","restricted_source/Health_Status_and_Functioning.dta","zdisease_12_","haven_labelled/vctrs_vctr/double","Had Doctor DIagnosed Disease[12] Listed in DA007 at ZIWTime","1 Yes=1","zdisease_12_ Had Doctor DIagnosed Disease[12] Listed in DA007 at ZIWTime"
"raw_health","restricted_source/Health_Status_and_Functioning.dta","zdisease_13_","haven_labelled/vctrs_vctr/double","Had Doctor DIagnosed Disease[13] Listed in DA007 at ZIWTime","1 Yes=1","zdisease_13_ Had Doctor DIagnosed Disease[13] Listed in DA007 at ZIWTime"
"raw_health","restricted_source/Health_Status_and_Functioning.dta","zdisease_14_","haven_labelled/vctrs_vctr/double","Had Doctor DIagnosed Disease[14] Listed in DA007 at ZIWTime","1 Yes=1","zdisease_14_ Had Doctor DIagnosed Disease[14] Listed in DA007 at ZIWTime"
"raw_health","restricted_source/Health_Status_and_Functioning.dta","zdisease_15_","haven_labelled/vctrs_vctr/double","Had Doctor DIagnosed Disease[15] Listed in DA007 at ZIWTime","1 Yes=1","zdisease_15_ Had Doctor DIagnosed Disease[15] Listed in DA007 at ZIWTime"
"raw_health","restricted_source/Health_Status_and_Functioning.dta","zselfdisease_1_","haven_labelled/vctrs_vctr/double","Had only Self-known Disease[1] Listed in DA007 at ZIWTime","1 Yes=1","zselfdisease_1_ Had only Self-known Disease[1] Listed in DA007 at ZIWTime"
"raw_health","restricted_source/Health_Status_and_Functioning.dta","zselfdisease_5_","haven_labelled/vctrs_vctr/double","Had only Self-known Disease[5] Listed in DA007 at ZIWTime","1 Yes=1","zselfdisease_5_ Had only Self-known Disease[5] Listed in DA007 at ZIWTime"
"raw_health","restricted_source/Health_Status_and_Functioning.dta","zselfdisease_11_","haven_labelled/vctrs_vctr/double","Had only Self-known Disease[11] Listed in DA007 at ZIWTime","1 Yes=1","zselfdisease_11_ Had only Self-known Disease[11] Listed in DA007 at ZIWTime"
"raw_health","restricted_source/Health_Status_and_Functioning.dta","versionID","character","Version ID","","versionID Version ID"
"raw_sample","restricted_source/Sample_Infor.dta","ID","character","Individual ID","","ID Individual ID"
"raw_sample","restricted_source/Sample_Infor.dta","householdID","character","Household ID","","householdID Household ID"
"raw_sample","restricted_source/Sample_Infor.dta","communityID","character","Community ID","","communityID Community ID"
"raw_sample","restricted_source/Sample_Infor.dta","died","haven_labelled/vctrs_vctr/double","Whether Individual Died","0 Alive=0 | 1 Died=1","died Whether Individual Died"
"raw_sample","restricted_source/Sample_Infor.dta","crosssection","haven_labelled/vctrs_vctr/double","Whether Cross-Section Sample","0 No=0 | 1 Yes=1","crosssection Whether Cross-Section Sample"
"raw_sample","restricted_source/Sample_Infor.dta","iyear","character","Interview Year","","iyear Interview Year"
"raw_sample","restricted_source/Sample_Infor.dta","imonth","character","Interview Month","","imonth Interview Month"
"raw_sample","restricted_source/Sample_Infor.dta","versionID","character","Version ID","","versionID Version ID"
"raw_weights","restricted_source/Weights.dta","ID","character","Individual ID","","ID Individual ID"
"raw_weights","restricted_source/Weights.dta","householdID","character","Household ID","","householdID Household ID"
"raw_weights","restricted_source/Weights.dta","communityID","character","Community ID","","communityID Community ID"
"raw_weights","restricted_source/Weights.dta","HH_weight","numeric","Household Base Weight","","HH_weight Household Base Weight"
"raw_weights","restricted_source/Weights.dta","HH_weight_ad1","numeric","Household Weight with Household Response Adjustment","","HH_weight_ad1 Household Weight with Household Response Adjustment"
"raw_weights","restricted_source/Weights.dta","INDV_weight","numeric","Individual Base Weight","","INDV_weight Individual Base Weight"
"raw_weights","restricted_source/Weights.dta","INDV_weight_ad2","numeric","Individual Weight with Household and Individual Response Adjustment","","INDV_weight_ad2 Individual Weight with Household and Individual Response Adjustment"
"raw_weights","restricted_source/Weights.dta","versionID","character","Version ID","","versionID Version ID"
"raw_exit","restricted_source/Exit_Module.dta","ID","character","Individual ID","","ID Individual ID"
"raw_exit","restricted_source/Exit_Module.dta","householdID","character","Household ID","","householdID Household ID"
"raw_exit","restricted_source/Exit_Module.dta","communityID","character","Community ID","","communityID Community ID"
"raw_exit","restricted_source/Exit_Module.dta","exb001_1","numeric","Year of Death","","exb001_1 Year of Death"
"raw_exit","restricted_source/Exit_Module.dta","exb001_2","numeric","Month of Death","","exb001_2 Month of Death"
"raw_exit","restricted_source/Exit_Module.dta","exb001_3","numeric","Day of Death","","exb001_3 Day of Death"
"raw_exit","restricted_source/Exit_Module.dta","exb002","haven_labelled/vctrs_vctr/double","Solar Calendar or Lunar Calendar","1 Solar calendar=1 | 2 Lunar calendar=2","exb002 Solar Calendar or Lunar Calendar"
"raw_exit","restricted_source/Exit_Module.dta","exb003","haven_labelled/vctrs_vctr/double","Residence, Before Death","1 Chinese Mainland=1 | 2 Hong Kong, China=2 | 3 Macao, China=3 | 4 Taiwan, China=4 | 5 Abroad=5","exb003 Residence, Before Death"
"raw_exit","restricted_source/Exit_Module.dta","exb004","haven_labelled/vctrs_vctr/double","Type of Residence, Before Death","1 Family Housing=1 | 2 Workplace=2 | 3 Nursing home=3 | 4 Hospital=4 | 5 Other, Please Specify=5","exb004 Type of Residence, Before Death"
"raw_exit","restricted_source/Exit_Module.dta","exb005","haven_labelled/vctrs_vctr/double","Address of Death","1 Residence, Before Death=1 | 2 Chinese Mainland=2 | 3 Hong Kong, China=3 | 4 Macao, China=4 | 5 Taiwan, China=5 | 6 Abroad=6","exb005 Address of Death"
"raw_exit","restricted_source/Exit_Module.dta","exb006","haven_labelled/vctrs_vctr/double","Type of Address of Death","1 Home=1 | 2 Workplace=2 | 3 Hospital=3 | 4 On the Way to the Hospital=4 | 5 Nursing home=5 | 6 Hospice=6 | 7 Other, Please Specify=7","exb006 Type of Address of Death"
"raw_exit","restricted_source/Exit_Module.dta","exb007","haven_labelled/vctrs_vctr/double","Was the Death Expected at About the Time It Occurred?","1 Expected=1 | 2 Unexpected=2 | 3 Other, Please Specify=3","exb007 Was the Death Expected at About the Time It Occurred?"
"raw_exit","restricted_source/Exit_Module.dta","exb008","haven_labelled/vctrs_vctr/double","How Long Is the Time Between the Start of the Final Illness and Death?","1 One or two hours (or no warning)=1 | 2 Less Than A Day=2 | 3 Less Than A Week=3 | 4 Less Than A Month=4 | 5 Less Than A Year=5 | 6 More Than A Year=6","exb008 How Long Is the Time Between the Start of the Final Illness and Death?"
"raw_exit","restricted_source/Exit_Module.dta","exb009","haven_labelled/vctrs_vctr/double","Marital Status at the Time of R Died","1 Married=1 | 2 Separated=2 | 3 Divorced=3 | 4 Widowed=4 | 5 Never Married=5 | 6 Cohabitation=6","exb009 Marital Status at the Time of R Died"
"raw_exit","restricted_source/Exit_Module.dta","exb010","haven_labelled/vctrs_vctr/double","Live With His/Her Spouse or Cohabitant When R Died","Yes=1 | 2 No=2","exb010 Live With His/Her Spouse or Cohabitant When R Died"
"raw_exit","restricted_source/Exit_Module.dta","exb011","haven_labelled/vctrs_vctr/double","Death Certificate","1 Yes=1 | 2 No=2","exb011 Death Certificate"
"raw_exit","restricted_source/Exit_Module.dta","exb012","haven_labelled/vctrs_vctr/double","Where Did R's Death Certificate Filed","1 Residence, Before Death=1 | 2 Other Community of Residence, Before Death=2 | 3 Other, Please Specify=3 | 4 Abroad=4","exb012 Where Did R's Death Certificate Filed"
"raw_exit","restricted_source/Exit_Module.dta","exb013","haven_labelled/vctrs_vctr/double","Household Registration Cancelled","1 Yes=1 | 2 No=2","exb013 Household Registration Cancelled"
"raw_exit","restricted_source/Exit_Module.dta","exb014","haven_labelled/vctrs_vctr/double","Reason for Not Canceling Household Registration","1 Time Is too Short to Deal with the Cancellation=1 | 2 The Cancellation Is Not Important=2 | 3 Other, Please Specify=3","exb014 Reason for Not Canceling Household Registration"
"raw_exit","restricted_source/Exit_Module.dta","exc001_1_","haven_labelled/vctrs_vctr/double","Is ZChildName[1] Still Alive","1 Yes=1 | 2 No=2","exc001_1_ Is ZChildName[1] Still Alive"
"raw_exit","restricted_source/Exit_Module.dta","exc001_2_","haven_labelled/vctrs_vctr/double","Is ZChildName[2] Still Alive","1 Yes=1 | 2 No=2","exc001_2_ Is ZChildName[2] Still Alive"
"raw_exit","restricted_source/Exit_Module.dta","exc001_3_","haven_labelled/vctrs_vctr/double","Is ZChildName[3] Still Alive","1 Yes=1 | 2 No=2","exc001_3_ Is ZChildName[3] Still Alive"
"raw_exit","restricted_source/Exit_Module.dta","exc001_4_","haven_labelled/vctrs_vctr/double","Is ZChildName[4] Still Alive","1 Yes=1 | 2 No=2","exc001_4_ Is ZChildName[4] Still Alive"
"raw_exit","restricted_source/Exit_Module.dta","exc003_1_","numeric","XEChildAliveName[1]'s Birth Year","","exc003_1_ XEChildAliveName[1]'s Birth Year"
"raw_exit","restricted_source/Exit_Module.dta","exc003_2_","numeric","XEChildAliveName[2]'s Birth Year","","exc003_2_ XEChildAliveName[2]'s Birth Year"
"raw_exit","restricted_source/Exit_Module.dta","exc003_3_","numeric","XEChildAliveName[3]'s Birth Year","","exc003_3_ XEChildAliveName[3]'s Birth Year"
"raw_exit","restricted_source/Exit_Module.dta","exc003_4_","numeric","XEChildAliveName[4]'s Birth Year","","exc003_4_ XEChildAliveName[4]'s Birth Year"
"raw_exit","restricted_source/Exit_Module.dta","exc003_5_","numeric","XEChildAliveName[5]'s Birth Year","","exc003_5_ XEChildAliveName[5]'s Birth Year"
"raw_exit","restricted_source/Exit_Module.dta","exc003_6_","numeric","XEChildAliveName[6]'s Birth Year","","exc003_6_ XEChildAliveName[6]'s Birth Year"
"raw_exit","restricted_source/Exit_Module.dta","exc003_7_","numeric","XEChildAliveName[7]'s Birth Year","","exc003_7_ XEChildAliveName[7]'s Birth Year"
"raw_exit","restricted_source/Exit_Module.dta","exc003_8_","numeric","XEChildAliveName[8]'s Birth Year","","exc003_8_ XEChildAliveName[8]'s Birth Year"
"raw_exit","restricted_source/Exit_Module.dta","exc003_9_","numeric","XEChildAliveName[9]'s Birth Year","","exc003_9_ XEChildAliveName[9]'s Birth Year"
"raw_exit","restricted_source/Exit_Module.dta","exc004_1_","haven_labelled/vctrs_vctr/double","XEChildAliveName[1]'s Gender","1 Male=1 | 2 Female=2","exc004_1_ XEChildAliveName[1]'s Gender"
"raw_exit","restricted_source/Exit_Module.dta","exc004_2_","haven_labelled/vctrs_vctr/double","XEChildAliveName[2]'s Gender","1 Male=1 | 2 Female=2","exc004_2_ XEChildAliveName[2]'s Gender"
"raw_exit","restricted_source/Exit_Module.dta","exc004_3_","haven_labelled/vctrs_vctr/double","XEChildAliveName[3]'s Gender","1 Male=1 | 2 Female=2","exc004_3_ XEChildAliveName[3]'s Gender"
"raw_exit","restricted_source/Exit_Module.dta","exc004_4_","haven_labelled/vctrs_vctr/double","XEChildAliveName[4]'s Gender","1 Male=1 | 2 Female=2","exc004_4_ XEChildAliveName[4]'s Gender"
"raw_exit","restricted_source/Exit_Module.dta","exc004_5_","haven_labelled/vctrs_vctr/double","XEChildAliveName[5]'s Gender","1 Male=1 | 2 Female=2","exc004_5_ XEChildAliveName[5]'s Gender"
"raw_exit","restricted_source/Exit_Module.dta","exc004_6_","haven_labelled/vctrs_vctr/double","XEChildAliveName[6]'s Gender","1 Male=1 | 2 Female=2","exc004_6_ XEChildAliveName[6]'s Gender"
"raw_exit","restricted_source/Exit_Module.dta","exc004_7_","haven_labelled/vctrs_vctr/double","XEChildAliveName[7]'s Gender","1 Male=1 | 2 Female=2","exc004_7_ XEChildAliveName[7]'s Gender"
"raw_exit","restricted_source/Exit_Module.dta","exc004_8_","haven_labelled/vctrs_vctr/double","XEChildAliveName[8]'s Gender","1 Male=1 | 2 Female=2","exc004_8_ XEChildAliveName[8]'s Gender"
"raw_exit","restricted_source/Exit_Module.dta","exc004_9_","haven_labelled/vctrs_vctr/double","XEChildAliveName[9]'s Gender","1 Male=1 | 2 Female=2","exc004_9_ XEChildAliveName[9]'s Gender"
"raw_exit","restricted_source/Exit_Module.dta","exc004_10_","haven_labelled/vctrs_vctr/double","XEChildAliveName[10]'s Gender","1 Male=1 | 2 Female=2","exc004_10_ XEChildAliveName[10]'s Gender"
"raw_exit","restricted_source/Exit_Module.dta","exc004_11_","haven_labelled/vctrs_vctr/double","XEChildAliveName[11]'s Gender","1 Male=1 | 2 Female=2","exc004_11_ XEChildAliveName[11]'s Gender"
"raw_exit","restricted_source/Exit_Module.dta","exc004_12_","haven_labelled/vctrs_vctr/double","XEChildAliveName[12]'s Gender","1 Male=1 | 2 Female=2","exc004_12_ XEChildAliveName[12]'s Gender"
"raw_exit","restricted_source/Exit_Module.dta","exc005_1_","haven_labelled/vctrs_vctr/double","XEChildAliveName[1]'s Highest Degree","1 No Formal Education(Illiterate)=1 | 2 Did not Finish Primary School=2 | 3 Sishu/Home School=3 | 4 Elementary School=4 | 5 Middle School=5 | 6 High School=6 | 7 Vocational School=7 | 8 Two-/Three-Year College/Associate Degree=8 | 9 Four-Year College/Bachelor's Degree=9 | 10 Master's Degree=10 | 11 Doctoral Degree/Ph.D=11 | 997 Don't Know=997 | 999 Refuse=999","exc005_1_ XEChildAliveName[1]'s Highest Degree"
"raw_exit","restricted_source/Exit_Module.dta","exc005_2_","haven_labelled/vctrs_vctr/double","XEChildAliveName[2]'s Highest Degree","1 No Formal Education(Illiterate)=1 | 2 Did not Finish Primary School=2 | 3 Sishu/Home School=3 | 4 Elementary School=4 | 5 Middle School=5 | 6 High School=6 | 7 Vocational School=7 | 8 Two-/Three-Year College/Associate Degree=8 | 9 Four-Year College/Bachelor's Degree=9 | 10 Master's Degree=10 | 11 Doctoral Degree/Ph.D=11 | 997 Don't Know=997 | 999 Refuse=999","exc005_2_ XEChildAliveName[2]'s Highest Degree"
"raw_exit","restricted_source/Exit_Module.dta","exc005_3_","haven_labelled/vctrs_vctr/double","XEChildAliveName[3]'s Highest Degree","1 No Formal Education(Illiterate)=1 | 2 Did not Finish Primary School=2 | 3 Sishu/Home School=3 | 4 Elementary School=4 | 5 Middle School=5 | 6 High School=6 | 7 Vocational School=7 | 8 Two-/Three-Year College/Associate Degree=8 | 9 Four-Year College/Bachelor's Degree=9 | 10 Master's Degree=10 | 11 Doctoral Degree/Ph.D=11 | 997 Don't Know=997 | 999 Refuse=999","exc005_3_ XEChildAliveName[3]'s Highest Degree"
"raw_exit","restricted_source/Exit_Module.dta","exc005_4_","haven_labelled/vctrs_vctr/double","XEChildAliveName[4]'s Highest Degree","1 No Formal Education(Illiterate)=1 | 2 Did not Finish Primary School=2 | 3 Sishu/Home School=3 | 4 Elementary School=4 | 5 Middle School=5 | 6 High School=6 | 7 Vocational School=7 | 8 Two-/Three-Year College/Associate Degree=8 | 9 Four-Year College/Bachelor's Degree=9 | 10 Master's Degree=10 | 11 Doctoral Degree/Ph.D=11 | 997 Don't Know=997 | 999 Refuse=999","exc005_4_ XEChildAliveName[4]'s Highest Degree"
"raw_exit","restricted_source/Exit_Module.dta","exc005_5_","haven_labelled/vctrs_vctr/double","XEChildAliveName[5]'s Highest Degree","1 No Formal Education(Illiterate)=1 | 2 Did not Finish Primary School=2 | 3 Sishu/Home School=3 | 4 Elementary School=4 | 5 Middle School=5 | 6 High School=6 | 7 Vocational School=7 | 8 Two-/Three-Year College/Associate Degree=8 | 9 Four-Year College/Bachelor's Degree=9 | 10 Master's Degree=10 | 11 Doctoral Degree/Ph.D=11 | 997 Don't Know=997 | 999 Refuse=999","exc005_5_ XEChildAliveName[5]'s Highest Degree"
"raw_exit","restricted_source/Exit_Module.dta","exc005_6_","haven_labelled/vctrs_vctr/double","XEChildAliveName[6]'s Highest Degree","1 No Formal Education(Illiterate)=1 | 2 Did not Finish Primary School=2 | 3 Sishu/Home School=3 | 4 Elementary School=4 | 5 Middle School=5 | 6 High School=6 | 7 Vocational School=7 | 8 Two-/Three-Year College/Associate Degree=8 | 9 Four-Year College/Bachelor's Degree=9 | 10 Master's Degree=10 | 11 Doctoral Degree/Ph.D=11 | 997 Don't Know=997 | 999 Refuse=999","exc005_6_ XEChildAliveName[6]'s Highest Degree"
"raw_exit","restricted_source/Exit_Module.dta","exc005_7_","haven_labelled/vctrs_vctr/double","XEChildAliveName[7]'s Highest Degree","1 No Formal Education(Illiterate)=1 | 2 Did not Finish Primary School=2 | 3 Sishu/Home School=3 | 4 Elementary School=4 | 5 Middle School=5 | 6 High School=6 | 7 Vocational School=7 | 8 Two-/Three-Year College/Associate Degree=8 | 9 Four-Year College/Bachelor's Degree=9 | 10 Master's Degree=10 | 11 Doctoral Degree/Ph.D=11 | 997 Don't Know=997 | 999 Refuse=999","exc005_7_ XEChildAliveName[7]'s Highest Degree"
"raw_exit","restricted_source/Exit_Module.dta","exc005_8_","haven_labelled/vctrs_vctr/double","XEChildAliveName[8]'s Highest Degree","1 No Formal Education(Illiterate)=1 | 2 Did not Finish Primary School=2 | 3 Sishu/Home School=3 | 4 Elementary School=4 | 5 Middle School=5 | 6 High School=6 | 7 Vocational School=7 | 8 Two-/Three-Year College/Associate Degree=8 | 9 Four-Year College/Bachelor's Degree=9 | 10 Master's Degree=10 | 11 Doctoral Degree/Ph.D=11 | 997 Don't Know=997 | 999 Refuse=999","exc005_8_ XEChildAliveName[8]'s Highest Degree"
"raw_exit","restricted_source/Exit_Module.dta","exc005_9_","haven_labelled/vctrs_vctr/double","XEChildAliveName[9]'s Highest Degree","1 No Formal Education(Illiterate)=1 | 2 Did not Finish Primary School=2 | 3 Sishu/Home School=3 | 4 Elementary School=4 | 5 Middle School=5 | 6 High School=6 | 7 Vocational School=7 | 8 Two-/Three-Year College/Associate Degree=8 | 9 Four-Year College/Bachelor's Degree=9 | 10 Master's Degree=10 | 11 Doctoral Degree/Ph.D=11 | 997 Don't Know=997 | 999 Refuse=999","exc005_9_ XEChildAliveName[9]'s Highest Degree"
"raw_exit","restricted_source/Exit_Module.dta","exc005_10_","haven_labelled/vctrs_vctr/double","XEChildAliveName[10]'s Highest Degree","1 No Formal Education(Illiterate)=1 | 2 Did not Finish Primary School=2 | 3 Sishu/Home School=3 | 4 Elementary School=4 | 5 Middle School=5 | 6 High School=6 | 7 Vocational School=7 | 8 Two-/Three-Year College/Associate Degree=8 | 9 Four-Year College/Bachelor's Degree=9 | 10 Master's Degree=10 | 11 Doctoral Degree/Ph.D=11 | 997 Don't Know=997 | 999 Refuse=999","exc005_10_ XEChildAliveName[10]'s Highest Degree"
"raw_exit","restricted_source/Exit_Module.dta","exc005_11_","haven_labelled/vctrs_vctr/double","XEChildAliveName[11]'s Highest Degree","1 No Formal Education(Illiterate)=1 | 2 Did not Finish Primary School=2 | 3 Sishu/Home School=3 | 4 Elementary School=4 | 5 Middle School=5 | 6 High School=6 | 7 Vocational School=7 | 8 Two-/Three-Year College/Associate Degree=8 | 9 Four-Year College/Bachelor's Degree=9 | 10 Master's Degree=10 | 11 Doctoral Degree/Ph.D=11 | 997 Don't Know=997 | 999 Refuse=999","exc005_11_ XEChildAliveName[11]'s Highest Degree"
"raw_exit","restricted_source/Exit_Module.dta","exc006_1_","numeric","Number of Months That XEChildAliveName[1] Lived With XRName","","exc006_1_ Number of Months That XEChildAliveName[1] Lived With XRName"
"raw_exit","restricted_source/Exit_Module.dta","exc006_2_","numeric","Number of Months That XEChildAliveName[2] Lived With XRName","","exc006_2_ Number of Months That XEChildAliveName[2] Lived With XRName"
"raw_exit","restricted_source/Exit_Module.dta","exc006_3_","numeric","Number of Months That XEChildAliveName[3] Lived With XRName","","exc006_3_ Number of Months That XEChildAliveName[3] Lived With XRName"
"raw_exit","restricted_source/Exit_Module.dta","exc006_4_","numeric","Number of Months That XEChildAliveName[4] Lived With XRName","","exc006_4_ Number of Months That XEChildAliveName[4] Lived With XRName"
"raw_exit","restricted_source/Exit_Module.dta","exc006_5_","numeric","Number of Months That XEChildAliveName[5] Lived With XRName","","exc006_5_ Number of Months That XEChildAliveName[5] Lived With XRName"
"raw_exit","restricted_source/Exit_Module.dta","exc006_6_","numeric","Number of Months That XEChildAliveName[6] Lived With XRName","","exc006_6_ Number of Months That XEChildAliveName[6] Lived With XRName"
"raw_exit","restricted_source/Exit_Module.dta","exc006_7_","numeric","Number of Months That XEChildAliveName[7] Lived With XRName","","exc006_7_ Number of Months That XEChildAliveName[7] Lived With XRName"
"raw_exit","restricted_source/Exit_Module.dta","exc006_8_","numeric","Number of Months That XEChildAliveName[8] Lived With XRName","","exc006_8_ Number of Months That XEChildAliveName[8] Lived With XRName"
"raw_exit","restricted_source/Exit_Module.dta","exc006_9_","numeric","Number of Months That XEChildAliveName[9] Lived With XRName","","exc006_9_ Number of Months That XEChildAliveName[9] Lived With XRName"
"raw_exit","restricted_source/Exit_Module.dta","exc006_10_","numeric","Number of Months That XEChildAliveName[10] Lived With XRName","","exc006_10_ Number of Months That XEChildAliveName[10] Lived With XRName"
"raw_exit","restricted_source/Exit_Module.dta","exc006_11_","numeric","Number of Months That XEChildAliveName[11] Lived With XRName","","exc006_11_ Number of Months That XEChildAliveName[11] Lived With XRName"
"raw_exit","restricted_source/Exit_Module.dta","exc006_12_","numeric","Number of Months That XEChildAliveName[12] Lived With XRName","","exc006_12_ Number of Months That XEChildAliveName[12] Lived With XRName"
"raw_exit","restricted_source/Exit_Module.dta","exc007_1_","haven_labelled/vctrs_vctr/double","How Often XRName See XEChildAliveName[1]","1 Almost Every Day=1 | 2 2-3 Times a Week=2 | 3 Once a week=3 | 4 Every Two Weeks=4 | 5 Once a Month=5 | 6 Once Every Three Months=6 | 7 Once Every Six Months=7 | 8 Once a Year=8 | 9 Almost Never=9 | 10 Other=10","exc007_1_ How Often XRName See XEChildAliveName[1]"
"raw_exit","restricted_source/Exit_Module.dta","exc007_2_","haven_labelled/vctrs_vctr/double","How Often XRName See XEChildAliveName[2]","1 Almost Every Day=1 | 2 2-3 Times a Week=2 | 3 Once a week=3 | 4 Every Two Weeks=4 | 5 Once a Month=5 | 6 Once Every Three Months=6 | 7 Once Every Six Months=7 | 8 Once a Year=8 | 9 Almost Never=9 | 10 Other=10","exc007_2_ How Often XRName See XEChildAliveName[2]"
"raw_exit","restricted_source/Exit_Module.dta","exc007_3_","haven_labelled/vctrs_vctr/double","How Often XRName See XEChildAliveName[3]","1 Almost Every Day=1 | 2 2-3 Times a Week=2 | 3 Once a week=3 | 4 Every Two Weeks=4 | 5 Once a Month=5 | 6 Once Every Three Months=6 | 7 Once Every Six Months=7 | 8 Once a Year=8 | 9 Almost Never=9 | 10 Other=10","exc007_3_ How Often XRName See XEChildAliveName[3]"
"raw_exit","restricted_source/Exit_Module.dta","exc007_4_","haven_labelled/vctrs_vctr/double","How Often XRName See XEChildAliveName[4]","1 Almost Every Day=1 | 2 2-3 Times a Week=2 | 3 Once a week=3 | 4 Every Two Weeks=4 | 5 Once a Month=5 | 6 Once Every Three Months=6 | 7 Once Every Six Months=7 | 8 Once a Year=8 | 9 Almost Never=9 | 10 Other=10","exc007_4_ How Often XRName See XEChildAliveName[4]"
"raw_exit","restricted_source/Exit_Module.dta","exc007_5_","haven_labelled/vctrs_vctr/double","How Often XRName See XEChildAliveName[5]","1 Almost Every Day=1 | 2 2-3 Times a Week=2 | 3 Once a week=3 | 4 Every Two Weeks=4 | 5 Once a Month=5 | 6 Once Every Three Months=6 | 7 Once Every Six Months=7 | 8 Once a Year=8 | 9 Almost Never=9 | 10 Other=10","exc007_5_ How Often XRName See XEChildAliveName[5]"
"raw_exit","restricted_source/Exit_Module.dta","exc007_6_","haven_labelled/vctrs_vctr/double","How Often XRName See XEChildAliveName[6]","1 Almost Every Day=1 | 2 2-3 Times a Week=2 | 3 Once a week=3 | 4 Every Two Weeks=4 | 5 Once a Month=5 | 6 Once Every Three Months=6 | 7 Once Every Six Months=7 | 8 Once a Year=8 | 9 Almost Never=9 | 10 Other=10","exc007_6_ How Often XRName See XEChildAliveName[6]"
"raw_exit","restricted_source/Exit_Module.dta","exc007_7_","haven_labelled/vctrs_vctr/double","How Often XRName See XEChildAliveName[7]","1 Almost Every Day=1 | 2 2-3 Times a Week=2 | 3 Once a week=3 | 4 Every Two Weeks=4 | 5 Once a Month=5 | 6 Once Every Three Months=6 | 7 Once Every Six Months=7 | 8 Once a Year=8 | 9 Almost Never=9 | 10 Other=10","exc007_7_ How Often XRName See XEChildAliveName[7]"
"raw_exit","restricted_source/Exit_Module.dta","exc007_8_","haven_labelled/vctrs_vctr/double","How Often XRName See XEChildAliveName[8]","1 Almost Every Day=1 | 2 2-3 Times a Week=2 | 3 Once a week=3 | 4 Every Two Weeks=4 | 5 Once a Month=5 | 6 Once Every Three Months=6 | 7 Once Every Six Months=7 | 8 Once a Year=8 | 9 Almost Never=9 | 10 Other=10","exc007_8_ How Often XRName See XEChildAliveName[8]"
"raw_exit","restricted_source/Exit_Module.dta","exc007_9_","haven_labelled/vctrs_vctr/double","How Often XRName See XEChildAliveName[9]","1 Almost Every Day=1 | 2 2-3 Times a Week=2 | 3 Once a week=3 | 4 Every Two Weeks=4 | 5 Once a Month=5 | 6 Once Every Three Months=6 | 7 Once Every Six Months=7 | 8 Once a Year=8 | 9 Almost Never=9 | 10 Other=10","exc007_9_ How Often XRName See XEChildAliveName[9]"
"raw_exit","restricted_source/Exit_Module.dta","exc007_10_","haven_labelled/vctrs_vctr/double","How Often XRName See XEChildAliveName[10]","1 Almost Every Day=1 | 2 2-3 Times a Week=2 | 3 Once a week=3 | 4 Every Two Weeks=4 | 5 Once a Month=5 | 6 Once Every Three Months=6 | 7 Once Every Six Months=7 | 8 Once a Year=8 | 9 Almost Never=9 | 10 Other=10","exc007_10_ How Often XRName See XEChildAliveName[10]"
"raw_exit","restricted_source/Exit_Module.dta","exc007_11_","haven_labelled/vctrs_vctr/double","How Often XRName See XEChildAliveName[11]","1 Almost Every Day=1 | 2 2-3 Times a Week=2 | 3 Once a week=3 | 4 Every Two Weeks=4 | 5 Once a Month=5 | 6 Once Every Three Months=6 | 7 Once Every Six Months=7 | 8 Once a Year=8 | 9 Almost Never=9 | 10 Other=10","exc007_11_ How Often XRName See XEChildAliveName[11]"
"raw_exit","restricted_source/Exit_Module.dta","exc007_12_","haven_labelled/vctrs_vctr/double","How Often XRName See XEChildAliveName[12]","1 Almost Every Day=1 | 2 2-3 Times a Week=2 | 3 Once a week=3 | 4 Every Two Weeks=4 | 5 Once a Month=5 | 6 Once Every Three Months=6 | 7 Once Every Six Months=7 | 8 Once a Year=8 | 9 Almost Never=9 | 10 Other=10","exc007_12_ How Often XRName See XEChildAliveName[12]"
"raw_exit","restricted_source/Exit_Module.dta","exc008","numeric","Number of Grandchildren","","exc008 Number of Grandchildren"
"raw_exit","restricted_source/Exit_Module.dta","exc009","numeric","Number of Great-Grandchildren","","exc009 Number of Great-Grandchildren"
"raw_exit","restricted_source/Exit_Module.dta","exda001_1_","haven_labelled/vctrs_vctr/double","Disease[1]","1 Yes=1 | 2 No=2","exda001_1_ Disease[1]"
"raw_exit","restricted_source/Exit_Module.dta","exda001_2_","haven_labelled/vctrs_vctr/double","Disease[2]","1 Yes=1 | 2 No=2","exda001_2_ Disease[2]"
"raw_exit","restricted_source/Exit_Module.dta","exda001_3_","haven_labelled/vctrs_vctr/double","Disease[3]","1 Yes=1 | 2 No=2","exda001_3_ Disease[3]"
"raw_exit","restricted_source/Exit_Module.dta","exda001_4_","haven_labelled/vctrs_vctr/double","Disease[4]","1 Yes=1 | 2 No=2","exda001_4_ Disease[4]"
"raw_exit","restricted_source/Exit_Module.dta","exda001_5_","haven_labelled/vctrs_vctr/double","Disease[5]","1 Yes=1 | 2 No=2","exda001_5_ Disease[5]"
"raw_exit","restricted_source/Exit_Module.dta","exda002_1_","haven_labelled/vctrs_vctr/double","When Disease[1] First Diagnosed","1 Year=1 | 2 Age=2","exda002_1_ When Disease[1] First Diagnosed"
"raw_exit","restricted_source/Exit_Module.dta","exda002_1_1_","numeric","Year","","exda002_1_1_ Year"
"raw_exit","restricted_source/Exit_Module.dta","exda002_2_1_","numeric","Age","","exda002_2_1_ Age"
"raw_exit","restricted_source/Exit_Module.dta","exda002_2_","haven_labelled/vctrs_vctr/double","When Disease[2] First Diagnosed","1 Year=1 | 2 Age=2","exda002_2_ When Disease[2] First Diagnosed"
"raw_exit","restricted_source/Exit_Module.dta","exda002_1_2_","numeric","Year","","exda002_1_2_ Year"
"raw_exit","restricted_source/Exit_Module.dta","exda002_2_2_","numeric","Age","","exda002_2_2_ Age"
"raw_exit","restricted_source/Exit_Module.dta","exda002_3_","haven_labelled/vctrs_vctr/double","When Disease[3] First Diagnosed","1 Year=1 | 2 Age=2","exda002_3_ When Disease[3] First Diagnosed"
"raw_exit","restricted_source/Exit_Module.dta","exda002_1_3_","numeric","Year","","exda002_1_3_ Year"
"raw_exit","restricted_source/Exit_Module.dta","exda002_2_3_","numeric","Age","","exda002_2_3_ Age"
"raw_exit","restricted_source/Exit_Module.dta","exda002_4_","haven_labelled/vctrs_vctr/double","When Disease[4] First Diagnosed","1 Year=1 | 2 Age=2","exda002_4_ When Disease[4] First Diagnosed"
"raw_exit","restricted_source/Exit_Module.dta","exda002_1_4_","numeric","Year","","exda002_1_4_ Year"
"raw_exit","restricted_source/Exit_Module.dta","exda002_2_4_","numeric","Age","","exda002_2_4_ Age"
"raw_exit","restricted_source/Exit_Module.dta","exda002_5_","haven_labelled/vctrs_vctr/double","When Disease[5] First Diagnosed","1 Year=1 | 2 Age=2","exda002_5_ When Disease[5] First Diagnosed"
"raw_exit","restricted_source/Exit_Module.dta","exda002_1_5_","numeric","Year","","exda002_1_5_ Year"
"raw_exit","restricted_source/Exit_Module.dta","exda002_2_5_","numeric","Age","","exda002_2_5_ Age"
"raw_exit","restricted_source/Exit_Module.dta","exda003","haven_labelled/vctrs_vctr/double","Had Heart Attack since Last ZIWTime","1 Yes=1 | 2 No=2","exda003 Had Heart Attack since Last ZIWTime"
"raw_exit","restricted_source/Exit_Module.dta","exda004","haven_labelled/vctrs_vctr/double","When Was the Most Recent Heart Attack","1 Year=1 | 2 Age=2","exda004 When Was the Most Recent Heart Attack"
"raw_exit","restricted_source/Exit_Module.dta","exda004_1","numeric","Year","","exda004_1 Year"
"raw_exit","restricted_source/Exit_Module.dta","exda004_2","numeric","Age","","exda004_2 Age"
"raw_exit","restricted_source/Exit_Module.dta","exda005_s1","haven_labelled/vctrs_vctr/double","Organ or Body Part have Cancer","0 No=0 | 1 Brain=1 | 2 Oral cavity=2 | 3 Larynx=3 | 4 Pharynx=4 | 5 Thyroid=5 | 6 Lung=6 | 7 Breast=7 | 8 Oesophagus=8 | 9 Stomach=9 | 10 Liver=10 | 11 Pancreas=11 | 12 Kidney=12 | 13 Prostate=13 | 14 Testicle=14 | 15 Ovary=15 | 16 Cervix=16 | 17 Endometrium=17 | 18 Colon or Rectum=18 | 19 Bladder=19 | 20 Skin=20 | 21 Non-Hodgkin lymphoma=21 | 22 Leukemia=22 | 23 Other organ=23","exda005_s1 Organ or Body Part have Cancer"
"raw_exit","restricted_source/Exit_Module.dta","exda005_s2","haven_labelled/vctrs_vctr/double","Organ or Body Part have Cancer","0 No=0 | 1 Brain=1 | 2 Oral cavity=2 | 3 Larynx=3 | 4 Pharynx=4 | 5 Thyroid=5 | 6 Lung=6 | 7 Breast=7 | 8 Oesophagus=8 | 9 Stomach=9 | 10 Liver=10 | 11 Pancreas=11 | 12 Kidney=12 | 13 Prostate=13 | 14 Testicle=14 | 15 Ovary=15 | 16 Cervix=16 | 17 Endometrium=17 | 18 Colon or Rectum=18 | 19 Bladder=19 | 20 Skin=20 | 21 Non-Hodgkin lymphoma=21 | 22 Leukemia=22 | 23 Other organ=23","exda005_s2 Organ or Body Part have Cancer"
"raw_exit","restricted_source/Exit_Module.dta","exda005_s3","haven_labelled/vctrs_vctr/double","Organ or Body Part have Cancer","0 No=0 | 1 Brain=1 | 2 Oral cavity=2 | 3 Larynx=3 | 4 Pharynx=4 | 5 Thyroid=5 | 6 Lung=6 | 7 Breast=7 | 8 Oesophagus=8 | 9 Stomach=9 | 10 Liver=10 | 11 Pancreas=11 | 12 Kidney=12 | 13 Prostate=13 | 14 Testicle=14 | 15 Ovary=15 | 16 Cervix=16 | 17 Endometrium=17 | 18 Colon or Rectum=18 | 19 Bladder=19 | 20 Skin=20 | 21 Non-Hodgkin lymphoma=21 | 22 Leukemia=22 | 23 Other organ=23","exda005_s3 Organ or Body Part have Cancer"
"raw_exit","restricted_source/Exit_Module.dta","exda005_s4","haven_labelled/vctrs_vctr/double","Organ or Body Part have Cancer","0 No=0 | 1 Brain=1 | 2 Oral cavity=2 | 3 Larynx=3 | 4 Pharynx=4 | 5 Thyroid=5 | 6 Lung=6 | 7 Breast=7 | 8 Oesophagus=8 | 9 Stomach=9 | 10 Liver=10 | 11 Pancreas=11 | 12 Kidney=12 | 13 Prostate=13 | 14 Testicle=14 | 15 Ovary=15 | 16 Cervix=16 | 17 Endometrium=17 | 18 Colon or Rectum=18 | 19 Bladder=19 | 20 Skin=20 | 21 Non-Hodgkin lymphoma=21 | 22 Leukemia=22 | 23 Other organ=23","exda005_s4 Organ or Body Part have Cancer"
"raw_exit","restricted_source/Exit_Module.dta","exda005_s5","haven_labelled/vctrs_vctr/double","Organ or Body Part have Cancer","0 No=0 | 1 Brain=1 | 2 Oral cavity=2 | 3 Larynx=3 | 4 Pharynx=4 | 5 Thyroid=5 | 6 Lung=6 | 7 Breast=7 | 8 Oesophagus=8 | 9 Stomach=9 | 10 Liver=10 | 11 Pancreas=11 | 12 Kidney=12 | 13 Prostate=13 | 14 Testicle=14 | 15 Ovary=15 | 16 Cervix=16 | 17 Endometrium=17 | 18 Colon or Rectum=18 | 19 Bladder=19 | 20 Skin=20 | 21 Non-Hodgkin lymphoma=21 | 22 Leukemia=22 | 23 Other organ=23","exda005_s5 Organ or Body Part have Cancer"
"raw_exit","restricted_source/Exit_Module.dta","exda005_s6","haven_labelled/vctrs_vctr/double","Organ or Body Part have Cancer","0 No=0 | 1 Brain=1 | 2 Oral cavity=2 | 3 Larynx=3 | 4 Pharynx=4 | 5 Thyroid=5 | 6 Lung=6 | 7 Breast=7 | 8 Oesophagus=8 | 9 Stomach=9 | 10 Liver=10 | 11 Pancreas=11 | 12 Kidney=12 | 13 Prostate=13 | 14 Testicle=14 | 15 Ovary=15 | 16 Cervix=16 | 17 Endometrium=17 | 18 Colon or Rectum=18 | 19 Bladder=19 | 20 Skin=20 | 21 Non-Hodgkin lymphoma=21 | 22 Leukemia=22 | 23 Other organ=23","exda005_s6 Organ or Body Part have Cancer"
"raw_exit","restricted_source/Exit_Module.dta","exda005_s7","haven_labelled/vctrs_vctr/double","Organ or Body Part have Cancer","0 No=0 | 1 Brain=1 | 2 Oral cavity=2 | 3 Larynx=3 | 4 Pharynx=4 | 5 Thyroid=5 | 6 Lung=6 | 7 Breast=7 | 8 Oesophagus=8 | 9 Stomach=9 | 10 Liver=10 | 11 Pancreas=11 | 12 Kidney=12 | 13 Prostate=13 | 14 Testicle=14 | 15 Ovary=15 | 16 Cervix=16 | 17 Endometrium=17 | 18 Colon or Rectum=18 | 19 Bladder=19 | 20 Skin=20 | 21 Non-Hodgkin lymphoma=21 | 22 Leukemia=22 | 23 Other organ=23","exda005_s7 Organ or Body Part have Cancer"
"raw_exit","restricted_source/Exit_Module.dta","exda005_s8","haven_labelled/vctrs_vctr/double","Organ or Body Part have Cancer","0 No=0 | 1 Brain=1 | 2 Oral cavity=2 | 3 Larynx=3 | 4 Pharynx=4 | 5 Thyroid=5 | 6 Lung=6 | 7 Breast=7 | 8 Oesophagus=8 | 9 Stomach=9 | 10 Liver=10 | 11 Pancreas=11 | 12 Kidney=12 | 13 Prostate=13 | 14 Testicle=14 | 15 Ovary=15 | 16 Cervix=16 | 17 Endometrium=17 | 18 Colon or Rectum=18 | 19 Bladder=19 | 20 Skin=20 | 21 Non-Hodgkin lymphoma=21 | 22 Leukemia=22 | 23 Other organ=23","exda005_s8 Organ or Body Part have Cancer"
"raw_exit","restricted_source/Exit_Module.dta","exda005_s9","haven_labelled/vctrs_vctr/double","Organ or Body Part have Cancer","0 No=0 | 1 Brain=1 | 2 Oral cavity=2 | 3 Larynx=3 | 4 Pharynx=4 | 5 Thyroid=5 | 6 Lung=6 | 7 Breast=7 | 8 Oesophagus=8 | 9 Stomach=9 | 10 Liver=10 | 11 Pancreas=11 | 12 Kidney=12 | 13 Prostate=13 | 14 Testicle=14 | 15 Ovary=15 | 16 Cervix=16 | 17 Endometrium=17 | 18 Colon or Rectum=18 | 19 Bladder=19 | 20 Skin=20 | 21 Non-Hodgkin lymphoma=21 | 22 Leukemia=22 | 23 Other organ=23","exda005_s9 Organ or Body Part have Cancer"
"raw_exit","restricted_source/Exit_Module.dta","exda005_s10","haven_labelled/vctrs_vctr/double","Organ or Body Part have Cancer","0 No=0 | 1 Brain=1 | 2 Oral cavity=2 | 3 Larynx=3 | 4 Pharynx=4 | 5 Thyroid=5 | 6 Lung=6 | 7 Breast=7 | 8 Oesophagus=8 | 9 Stomach=9 | 10 Liver=10 | 11 Pancreas=11 | 12 Kidney=12 | 13 Prostate=13 | 14 Testicle=14 | 15 Ovary=15 | 16 Cervix=16 | 17 Endometrium=17 | 18 Colon or Rectum=18 | 19 Bladder=19 | 20 Skin=20 | 21 Non-Hodgkin lymphoma=21 | 22 Leukemia=22 | 23 Other organ=23","exda005_s10 Organ or Body Part have Cancer"
"raw_exit","restricted_source/Exit_Module.dta","exda005_s11","haven_labelled/vctrs_vctr/double","Organ or Body Part have Cancer","0 No=0 | 1 Brain=1 | 2 Oral cavity=2 | 3 Larynx=3 | 4 Pharynx=4 | 5 Thyroid=5 | 6 Lung=6 | 7 Breast=7 | 8 Oesophagus=8 | 9 Stomach=9 | 10 Liver=10 | 11 Pancreas=11 | 12 Kidney=12 | 13 Prostate=13 | 14 Testicle=14 | 15 Ovary=15 | 16 Cervix=16 | 17 Endometrium=17 | 18 Colon or Rectum=18 | 19 Bladder=19 | 20 Skin=20 | 21 Non-Hodgkin lymphoma=21 | 22 Leukemia=22 | 23 Other organ=23","exda005_s11 Organ or Body Part have Cancer"
"raw_exit","restricted_source/Exit_Module.dta","exda005_s12","haven_labelled/vctrs_vctr/double","Organ or Body Part have Cancer","0 No=0 | 1 Brain=1 | 2 Oral cavity=2 | 3 Larynx=3 | 4 Pharynx=4 | 5 Thyroid=5 | 6 Lung=6 | 7 Breast=7 | 8 Oesophagus=8 | 9 Stomach=9 | 10 Liver=10 | 11 Pancreas=11 | 12 Kidney=12 | 13 Prostate=13 | 14 Testicle=14 | 15 Ovary=15 | 16 Cervix=16 | 17 Endometrium=17 | 18 Colon or Rectum=18 | 19 Bladder=19 | 20 Skin=20 | 21 Non-Hodgkin lymphoma=21 | 22 Leukemia=22 | 23 Other organ=23","exda005_s12 Organ or Body Part have Cancer"
"raw_exit","restricted_source/Exit_Module.dta","exda005_s13","haven_labelled/vctrs_vctr/double","Organ or Body Part have Cancer","0 No=0 | 1 Brain=1 | 2 Oral cavity=2 | 3 Larynx=3 | 4 Pharynx=4 | 5 Thyroid=5 | 6 Lung=6 | 7 Breast=7 | 8 Oesophagus=8 | 9 Stomach=9 | 10 Liver=10 | 11 Pancreas=11 | 12 Kidney=12 | 13 Prostate=13 | 14 Testicle=14 | 15 Ovary=15 | 16 Cervix=16 | 17 Endometrium=17 | 18 Colon or Rectum=18 | 19 Bladder=19 | 20 Skin=20 | 21 Non-Hodgkin lymphoma=21 | 22 Leukemia=22 | 23 Other organ=23","exda005_s13 Organ or Body Part have Cancer"
"raw_exit","restricted_source/Exit_Module.dta","exda005_s14","haven_labelled/vctrs_vctr/double","Organ or Body Part have Cancer","0 No=0 | 1 Brain=1 | 2 Oral cavity=2 | 3 Larynx=3 | 4 Pharynx=4 | 5 Thyroid=5 | 6 Lung=6 | 7 Breast=7 | 8 Oesophagus=8 | 9 Stomach=9 | 10 Liver=10 | 11 Pancreas=11 | 12 Kidney=12 | 13 Prostate=13 | 14 Testicle=14 | 15 Ovary=15 | 16 Cervix=16 | 17 Endometrium=17 | 18 Colon or Rectum=18 | 19 Bladder=19 | 20 Skin=20 | 21 Non-Hodgkin lymphoma=21 | 22 Leukemia=22 | 23 Other organ=23","exda005_s14 Organ or Body Part have Cancer"
"raw_exit","restricted_source/Exit_Module.dta","exda005_s15","haven_labelled/vctrs_vctr/double","Organ or Body Part have Cancer","0 No=0 | 1 Brain=1 | 2 Oral cavity=2 | 3 Larynx=3 | 4 Pharynx=4 | 5 Thyroid=5 | 6 Lung=6 | 7 Breast=7 | 8 Oesophagus=8 | 9 Stomach=9 | 10 Liver=10 | 11 Pancreas=11 | 12 Kidney=12 | 13 Prostate=13 | 14 Testicle=14 | 15 Ovary=15 | 16 Cervix=16 | 17 Endometrium=17 | 18 Colon or Rectum=18 | 19 Bladder=19 | 20 Skin=20 | 21 Non-Hodgkin lymphoma=21 | 22 Leukemia=22 | 23 Other organ=23","exda005_s15 Organ or Body Part have Cancer"
"raw_exit","restricted_source/Exit_Module.dta","exda005_s16","haven_labelled/vctrs_vctr/double","Organ or Body Part have Cancer","0 No=0 | 1 Brain=1 | 2 Oral cavity=2 | 3 Larynx=3 | 4 Pharynx=4 | 5 Thyroid=5 | 6 Lung=6 | 7 Breast=7 | 8 Oesophagus=8 | 9 Stomach=9 | 10 Liver=10 | 11 Pancreas=11 | 12 Kidney=12 | 13 Prostate=13 | 14 Testicle=14 | 15 Ovary=15 | 16 Cervix=16 | 17 Endometrium=17 | 18 Colon or Rectum=18 | 19 Bladder=19 | 20 Skin=20 | 21 Non-Hodgkin lymphoma=21 | 22 Leukemia=22 | 23 Other organ=23","exda005_s16 Organ or Body Part have Cancer"
"raw_exit","restricted_source/Exit_Module.dta","exda005_s17","haven_labelled/vctrs_vctr/double","Organ or Body Part have Cancer","0 No=0 | 1 Brain=1 | 2 Oral cavity=2 | 3 Larynx=3 | 4 Pharynx=4 | 5 Thyroid=5 | 6 Lung=6 | 7 Breast=7 | 8 Oesophagus=8 | 9 Stomach=9 | 10 Liver=10 | 11 Pancreas=11 | 12 Kidney=12 | 13 Prostate=13 | 14 Testicle=14 | 15 Ovary=15 | 16 Cervix=16 | 17 Endometrium=17 | 18 Colon or Rectum=18 | 19 Bladder=19 | 20 Skin=20 | 21 Non-Hodgkin lymphoma=21 | 22 Leukemia=22 | 23 Other organ=23","exda005_s17 Organ or Body Part have Cancer"
"raw_exit","restricted_source/Exit_Module.dta","exda005_s18","haven_labelled/vctrs_vctr/double","Organ or Body Part have Cancer","0 No=0 | 1 Brain=1 | 2 Oral cavity=2 | 3 Larynx=3 | 4 Pharynx=4 | 5 Thyroid=5 | 6 Lung=6 | 7 Breast=7 | 8 Oesophagus=8 | 9 Stomach=9 | 10 Liver=10 | 11 Pancreas=11 | 12 Kidney=12 | 13 Prostate=13 | 14 Testicle=14 | 15 Ovary=15 | 16 Cervix=16 | 17 Endometrium=17 | 18 Colon or Rectum=18 | 19 Bladder=19 | 20 Skin=20 | 21 Non-Hodgkin lymphoma=21 | 22 Leukemia=22 | 23 Other organ=23","exda005_s18 Organ or Body Part have Cancer"
"raw_exit","restricted_source/Exit_Module.dta","exda005_s19","haven_labelled/vctrs_vctr/double","Organ or Body Part have Cancer","0 No=0 | 1 Brain=1 | 2 Oral cavity=2 | 3 Larynx=3 | 4 Pharynx=4 | 5 Thyroid=5 | 6 Lung=6 | 7 Breast=7 | 8 Oesophagus=8 | 9 Stomach=9 | 10 Liver=10 | 11 Pancreas=11 | 12 Kidney=12 | 13 Prostate=13 | 14 Testicle=14 | 15 Ovary=15 | 16 Cervix=16 | 17 Endometrium=17 | 18 Colon or Rectum=18 | 19 Bladder=19 | 20 Skin=20 | 21 Non-Hodgkin lymphoma=21 | 22 Leukemia=22 | 23 Other organ=23","exda005_s19 Organ or Body Part have Cancer"
"raw_exit","restricted_source/Exit_Module.dta","exda005_s20","haven_labelled/vctrs_vctr/double","Organ or Body Part have Cancer","0 No=0 | 1 Brain=1 | 2 Oral cavity=2 | 3 Larynx=3 | 4 Pharynx=4 | 5 Thyroid=5 | 6 Lung=6 | 7 Breast=7 | 8 Oesophagus=8 | 9 Stomach=9 | 10 Liver=10 | 11 Pancreas=11 | 12 Kidney=12 | 13 Prostate=13 | 14 Testicle=14 | 15 Ovary=15 | 16 Cervix=16 | 17 Endometrium=17 | 18 Colon or Rectum=18 | 19 Bladder=19 | 20 Skin=20 | 21 Non-Hodgkin lymphoma=21 | 22 Leukemia=22 | 23 Other organ=23","exda005_s20 Organ or Body Part have Cancer"
"raw_exit","restricted_source/Exit_Module.dta","exda005_s21","haven_labelled/vctrs_vctr/double","Organ or Body Part have Cancer","0 No=0 | 1 Brain=1 | 2 Oral cavity=2 | 3 Larynx=3 | 4 Pharynx=4 | 5 Thyroid=5 | 6 Lung=6 | 7 Breast=7 | 8 Oesophagus=8 | 9 Stomach=9 | 10 Liver=10 | 11 Pancreas=11 | 12 Kidney=12 | 13 Prostate=13 | 14 Testicle=14 | 15 Ovary=15 | 16 Cervix=16 | 17 Endometrium=17 | 18 Colon or Rectum=18 | 19 Bladder=19 | 20 Skin=20 | 21 Non-Hodgkin lymphoma=21 | 22 Leukemia=22 | 23 Other organ=23","exda005_s21 Organ or Body Part have Cancer"
"raw_exit","restricted_source/Exit_Module.dta","exda005_s22","haven_labelled/vctrs_vctr/double","Organ or Body Part have Cancer","0 No=0 | 1 Brain=1 | 2 Oral cavity=2 | 3 Larynx=3 | 4 Pharynx=4 | 5 Thyroid=5 | 6 Lung=6 | 7 Breast=7 | 8 Oesophagus=8 | 9 Stomach=9 | 10 Liver=10 | 11 Pancreas=11 | 12 Kidney=12 | 13 Prostate=13 | 14 Testicle=14 | 15 Ovary=15 | 16 Cervix=16 | 17 Endometrium=17 | 18 Colon or Rectum=18 | 19 Bladder=19 | 20 Skin=20 | 21 Non-Hodgkin lymphoma=21 | 22 Leukemia=22 | 23 Other organ=23","exda005_s22 Organ or Body Part have Cancer"
"raw_exit","restricted_source/Exit_Module.dta","exda005_s23","haven_labelled/vctrs_vctr/double","Organ or Body Part have Cancer","0 No=0 | 1 Brain=1 | 2 Oral cavity=2 | 3 Larynx=3 | 4 Pharynx=4 | 5 Thyroid=5 | 6 Lung=6 | 7 Breast=7 | 8 Oesophagus=8 | 9 Stomach=9 | 10 Liver=10 | 11 Pancreas=11 | 12 Kidney=12 | 13 Prostate=13 | 14 Testicle=14 | 15 Ovary=15 | 16 Cervix=16 | 17 Endometrium=17 | 18 Colon or Rectum=18 | 19 Bladder=19 | 20 Skin=20 | 21 Non-Hodgkin lymphoma=21 | 22 Leukemia=22 | 23 Other organ=23","exda005_s23 Organ or Body Part have Cancer"
"raw_exit","restricted_source/Exit_Module.dta","exda006_s1","haven_labelled/vctrs_vctr/double","Treatments for Cancer Two Years Before Death","0 No=0 | 1 Taking Chinese Traditional Medicine=1 | 2 Taking Western Modern Medicine=2 | 3 Chemotherapy=3 | 4 Surgery=4 | 5 Radiation Therapy=5 | 6 Other Treatments, Please Specify=6 | 7 None of the Above=7","exda006_s1 Treatments for Cancer Two Years Before Death"
"raw_exit","restricted_source/Exit_Module.dta","exda006_s2","haven_labelled/vctrs_vctr/double","Treatments for Cancer Two Years Before Death","0 No=0 | 1 Taking Chinese Traditional Medicine=1 | 2 Taking Western Modern Medicine=2 | 3 Chemotherapy=3 | 4 Surgery=4 | 5 Radiation Therapy=5 | 6 Other Treatments, Please Specify=6 | 7 None of the Above=7","exda006_s2 Treatments for Cancer Two Years Before Death"
"raw_exit","restricted_source/Exit_Module.dta","exda006_s3","haven_labelled/vctrs_vctr/double","Treatments for Cancer Two Years Before Death","0 No=0 | 1 Taking Chinese Traditional Medicine=1 | 2 Taking Western Modern Medicine=2 | 3 Chemotherapy=3 | 4 Surgery=4 | 5 Radiation Therapy=5 | 6 Other Treatments, Please Specify=6 | 7 None of the Above=7","exda006_s3 Treatments for Cancer Two Years Before Death"
"raw_exit","restricted_source/Exit_Module.dta","exda006_s4","haven_labelled/vctrs_vctr/double","Treatments for Cancer Two Years Before Death","0 No=0 | 1 Taking Chinese Traditional Medicine=1 | 2 Taking Western Modern Medicine=2 | 3 Chemotherapy=3 | 4 Surgery=4 | 5 Radiation Therapy=5 | 6 Other Treatments, Please Specify=6 | 7 None of the Above=7","exda006_s4 Treatments for Cancer Two Years Before Death"
"raw_exit","restricted_source/Exit_Module.dta","exda006_s5","haven_labelled/vctrs_vctr/double","Treatments for Cancer Two Years Before Death","0 No=0 | 1 Taking Chinese Traditional Medicine=1 | 2 Taking Western Modern Medicine=2 | 3 Chemotherapy=3 | 4 Surgery=4 | 5 Radiation Therapy=5 | 6 Other Treatments, Please Specify=6 | 7 None of the Above=7","exda006_s5 Treatments for Cancer Two Years Before Death"
"raw_exit","restricted_source/Exit_Module.dta","exda006_s6","haven_labelled/vctrs_vctr/double","Treatments for Cancer Two Years Before Death","0 No=0 | 1 Taking Chinese Traditional Medicine=1 | 2 Taking Western Modern Medicine=2 | 3 Chemotherapy=3 | 4 Surgery=4 | 5 Radiation Therapy=5 | 6 Other Treatments, Please Specify=6 | 7 None of the Above=7","exda006_s6 Treatments for Cancer Two Years Before Death"
"raw_exit","restricted_source/Exit_Module.dta","exda006_s7","haven_labelled/vctrs_vctr/double","Treatments for Cancer Two Years Before Death","0 No=0 | 1 Taking Chinese Traditional Medicine=1 | 2 Taking Western Modern Medicine=2 | 3 Chemotherapy=3 | 4 Surgery=4 | 5 Radiation Therapy=5 | 6 Other Treatments, Please Specify=6 | 7 None of the Above=7","exda006_s7 Treatments for Cancer Two Years Before Death"
"raw_exit","restricted_source/Exit_Module.dta","exda007","haven_labelled/vctrs_vctr/double","Had Stroke since Last ZIWTime","1 Yes=1 | 2 No=2","exda007 Had Stroke since Last ZIWTime"
"raw_exit","restricted_source/Exit_Module.dta","exda008","haven_labelled/vctrs_vctr/double","When Was the Most Recent Stroke","1 Year=1 | 2 Age=2","exda008 When Was the Most Recent Stroke"
"raw_exit","restricted_source/Exit_Module.dta","exda008_1","numeric","Year","","exda008_1 Year"
"raw_exit","restricted_source/Exit_Module.dta","exda008_2","numeric","Age","","exda008_2 Age"
"raw_exit","restricted_source/Exit_Module.dta","exda009","haven_labelled/vctrs_vctr/double","Memory Problems","1 Yes=1 | 2 No=2","exda009 Memory Problems"
"raw_exit","restricted_source/Exit_Module.dta","exda010","haven_labelled/vctrs_vctr/double","When Having Apparent Memory Problems","1 Year=1 | 2 Age=2","exda010 When Having Apparent Memory Problems"
"raw_exit","restricted_source/Exit_Module.dta","exda010_1","numeric","Year","","exda010_1 Year"
"raw_exit","restricted_source/Exit_Module.dta","exda010_2","numeric","Age","","exda010_2 Age"
"raw_exit","restricted_source/Exit_Module.dta","exda011","haven_labelled/vctrs_vctr/double","Memory Problems Happened","1 Suddenly=1 | 2 Slowly=2","exda011 Memory Problems Happened"
"raw_exit","restricted_source/Exit_Module.dta","exda012","haven_labelled/vctrs_vctr/double","Memory Problems Getting Worse","1 Yes=1 | 2 No=2","exda012 Memory Problems Getting Worse"
"raw_exit","restricted_source/Exit_Module.dta","exda013","haven_labelled/vctrs_vctr/double","Fallen Down since ZIWTime","1 Yes=1 | 2 No=2","exda013 Fallen Down since ZIWTime"
"raw_exit","restricted_source/Exit_Module.dta","exda014","numeric","Times Falling Needing Medical Treatment","","exda014 Times Falling Needing Medical Treatment"
"raw_exit","restricted_source/Exit_Module.dta","exda015","haven_labelled/vctrs_vctr/double","Fractured Hip since ZIWTime","1 Yes=1 | 2 No=2","exda015 Fractured Hip since ZIWTime"
"raw_exit","restricted_source/Exit_Module.dta","exda016","haven_labelled/vctrs_vctr/double","Troubled with Body Pain","1 None=1 | 2 A Little=2 | 3 Somewhat=3 | 4 Quite a Bit=4 | 5 A Lot=5","exda016 Troubled with Body Pain"
"raw_exit","restricted_source/Exit_Module.dta","exda017","haven_labelled/vctrs_vctr/double","Other Major Illness","1 Yes=1 | 2 No=2","exda017 Other Major Illness"
"raw_exit","restricted_source/Exit_Module.dta","exda019","haven_labelled/vctrs_vctr/double","Severe Fatigue","1 Yes=1 | 2 No=2","exda019 Severe Fatigue"
"raw_exit","restricted_source/Exit_Module.dta","exda020","haven_labelled/vctrs_vctr/double","Fetal and Urinary Incontinence","1 Yes=1 | 2 No=2","exda020 Fetal and Urinary Incontinence"
"raw_exit","restricted_source/Exit_Module.dta","exdb001","haven_labelled/vctrs_vctr/double","Difficulty with Dressing","1 Don't Have Any Difficulty=1 | 2 Have Difficulty But Can Still Do It=2 | 3 Have Difficulty and Need Help=3 | 4 Can Not Do It=4","exdb001 Difficulty with Dressing"
"raw_exit","restricted_source/Exit_Module.dta","exdb002","haven_labelled/vctrs_vctr/double","Help Dress","1 Yes=1 | 2 No=2","exdb002 Help Dress"
"raw_exit","restricted_source/Exit_Module.dta","exdb003","haven_labelled/vctrs_vctr/double","Time Need Help with Dressing","1 Months=1 | 2 Years=2 | 3 Age=3 | 4 Since Specific Year=4","exdb003 Time Need Help with Dressing"
"raw_exit","restricted_source/Exit_Module.dta","exdb003_1","numeric","Months","","exdb003_1 Months"
"raw_exit","restricted_source/Exit_Module.dta","exdb003_2","numeric","Years","","exdb003_2 Years"
"raw_exit","restricted_source/Exit_Module.dta","exdb003_3","numeric","Age","","exdb003_3 Age"
"raw_exit","restricted_source/Exit_Module.dta","exdb003_4","numeric","Since Specific Year","","exdb003_4 Since Specific Year"
"raw_exit","restricted_source/Exit_Module.dta","exdb004","haven_labelled/vctrs_vctr/double","Difficulty with Bathing or Showering","1 Don't Have Any Difficulty=1 | 2 Have Difficulty But Can Still Do It=2 | 3 Have Difficulty and Need Help=3 | 4 Can Not Do It=4","exdb004 Difficulty with Bathing or Showering"
"raw_exit","restricted_source/Exit_Module.dta","exdb005","haven_labelled/vctrs_vctr/double","Help Bathing or Showering","1 Yes=1 | 2 No=2","exdb005 Help Bathing or Showering"
"raw_exit","restricted_source/Exit_Module.dta","exdb006","haven_labelled/vctrs_vctr/double","Time Need Help with Bathing or Showering","1 Months=1 | 2 Years=2 | 3 Age=3 | 4 Since Specific Year=4","exdb006 Time Need Help with Bathing or Showering"
"raw_exit","restricted_source/Exit_Module.dta","exdb006_1","numeric","Months","","exdb006_1 Months"
"raw_exit","restricted_source/Exit_Module.dta","exdb006_2","numeric","Years","","exdb006_2 Years"
"raw_exit","restricted_source/Exit_Module.dta","exdb006_3","numeric","Age","","exdb006_3 Age"
"raw_exit","restricted_source/Exit_Module.dta","exdb006_4","numeric","Since Specific Year","","exdb006_4 Since Specific Year"
"raw_exit","restricted_source/Exit_Module.dta","exdb007","haven_labelled/vctrs_vctr/double","Difficulty with Eating","1 Don't Have Any Difficulty=1 | 2 Have Difficulty But Can Still Do It=2 | 3 Have Difficulty and Need Help=3 | 4 Can Not Do It=4","exdb007 Difficulty with Eating"
"raw_exit","restricted_source/Exit_Module.dta","exdb008","haven_labelled/vctrs_vctr/double","Help Eating","1 Yes=1 | 2 No=2","exdb008 Help Eating"
"raw_exit","restricted_source/Exit_Module.dta","exdb009","haven_labelled/vctrs_vctr/double","Time Need Help with Eating","1 Months=1 | 2 Years=2 | 3 Age=3 | 4 Since Specific Year=4","exdb009 Time Need Help with Eating"
"raw_exit","restricted_source/Exit_Module.dta","exdb009_1","numeric","Months","","exdb009_1 Months"
"raw_exit","restricted_source/Exit_Module.dta","exdb009_2","numeric","Years","","exdb009_2 Years"
"raw_exit","restricted_source/Exit_Module.dta","exdb009_3","numeric","Age","","exdb009_3 Age"
"raw_exit","restricted_source/Exit_Module.dta","exdb009_4","numeric","Since Specific Year","","exdb009_4 Since Specific Year"
"raw_exit","restricted_source/Exit_Module.dta","exdb010","haven_labelled/vctrs_vctr/double","Difficulty with Getting up","1 Don't Have Any Difficulty=1 | 2 Have Difficulty But Can Still Do It=2 | 3 Have Difficulty and Need Help=3 | 4 Can Not Do It=4","exdb010 Difficulty with Getting up"
"raw_exit","restricted_source/Exit_Module.dta","exdb011","haven_labelled/vctrs_vctr/double","Help Getting up","1 Yes=1 | 2 No=2","exdb011 Help Getting up"
"raw_exit","restricted_source/Exit_Module.dta","exdb012","haven_labelled/vctrs_vctr/double","Time Need Help with Getting up","1 Months=1 | 2 Years=2 | 3 Age=3 | 4 Since Specific Year=4","exdb012 Time Need Help with Getting up"
"raw_exit","restricted_source/Exit_Module.dta","exdb012_1","numeric","Months","","exdb012_1 Months"
"raw_exit","restricted_source/Exit_Module.dta","exdb012_2","numeric","Years","","exdb012_2 Years"
"raw_exit","restricted_source/Exit_Module.dta","exdb012_3","numeric","Age","","exdb012_3 Age"
"raw_exit","restricted_source/Exit_Module.dta","exdb012_4","numeric","Since Specific Year","","exdb012_4 Since Specific Year"
"raw_exit","restricted_source/Exit_Module.dta","exdb013","haven_labelled/vctrs_vctr/double","Difficulty with Using the Toilet","1 Don't Have Any Difficulty=1 | 2 Have Difficulty But Can Still Do It=2 | 3 Have Difficulty and Need Help=3 | 4 Can Not Do It=4","exdb013 Difficulty with Using the Toilet"
"raw_exit","restricted_source/Exit_Module.dta","exdb014","haven_labelled/vctrs_vctr/double","Help Using the Toilet","1 Yes=1 | 2 No=2","exdb014 Help Using the Toilet"
"raw_exit","restricted_source/Exit_Module.dta","exdb015","haven_labelled/vctrs_vctr/double","Time Need Help with Using the Toilet","1 Months=1 | 2 Years=2 | 3 Age=3 | 4 Since Specific Year=4","exdb015 Time Need Help with Using the Toilet"
"raw_exit","restricted_source/Exit_Module.dta","exdb015_1","numeric","Months","","exdb015_1 Months"
"raw_exit","restricted_source/Exit_Module.dta","exdb015_2","numeric","Years","","exdb015_2 Years"
"raw_exit","restricted_source/Exit_Module.dta","exdb015_3","numeric","Age","","exdb015_3 Age"
"raw_exit","restricted_source/Exit_Module.dta","exdb015_4","numeric","Since Specific Year","","exdb015_4 Since Specific Year"
"raw_exit","restricted_source/Exit_Module.dta","exdb016","haven_labelled/vctrs_vctr/double","Difficulty with Cooking","1 Don't Have Any Difficulty=1 | 2 Have Difficulty But Can Still Do It=2 | 3 Have Difficulty and Need Help=3 | 4 Can Not Do It=4","exdb016 Difficulty with Cooking"
"raw_exit","restricted_source/Exit_Module.dta","exdb017","haven_labelled/vctrs_vctr/double","Help Cooking","1 Yes=1 | 2 No=2","exdb017 Help Cooking"
"raw_exit","restricted_source/Exit_Module.dta","exdb018","haven_labelled/vctrs_vctr/double","Time Need Help with Cooking","1 Months=1 | 2 Years=2 | 3 Age=3 | 4 Since Specific Year=4","exdb018 Time Need Help with Cooking"
"raw_exit","restricted_source/Exit_Module.dta","exdb018_1","numeric","Months","","exdb018_1 Months"
"raw_exit","restricted_source/Exit_Module.dta","exdb018_2","numeric","Years","","exdb018_2 Years"
"raw_exit","restricted_source/Exit_Module.dta","exdb018_3","numeric","Age","","exdb018_3 Age"
"raw_exit","restricted_source/Exit_Module.dta","exdb018_4","numeric","Since Specific Year","","exdb018_4 Since Specific Year"
"raw_exit","restricted_source/Exit_Module.dta","exdb019","haven_labelled/vctrs_vctr/double","Difficulty with Shopping for Groceries","1 Don't Have Any Difficulty=1 | 2 Have Difficulty But Can Still Do It=2 | 3 Have Difficulty and Need Help=3 | 4 Can Not Do It=4","exdb019 Difficulty with Shopping for Groceries"
"raw_exit","restricted_source/Exit_Module.dta","exdb020","haven_labelled/vctrs_vctr/double","Help Shopping for Groceries","1 Yes=1 | 2 No=2","exdb020 Help Shopping for Groceries"
"raw_exit","restricted_source/Exit_Module.dta","exdb021","haven_labelled/vctrs_vctr/double","Time Need Help with Shopping for Groceries","1 Months=1 | 2 Years=2 | 3 Age=3 | 4 Since Specific Year=4","exdb021 Time Need Help with Shopping for Groceries"
"raw_exit","restricted_source/Exit_Module.dta","exdb021_1","numeric","Months","","exdb021_1 Months"
"raw_exit","restricted_source/Exit_Module.dta","exdb021_2","numeric","Years","","exdb021_2 Years"
"raw_exit","restricted_source/Exit_Module.dta","exdb021_3","numeric","Age","","exdb021_3 Age"
"raw_exit","restricted_source/Exit_Module.dta","exdb021_4","numeric","Since Specific Year","","exdb021_4 Since Specific Year"
"raw_exit","restricted_source/Exit_Module.dta","exdb022","haven_labelled/vctrs_vctr/double","Difficulty with Making Phone Calls","1 Don't Have Any Difficulty=1 | 2 Have Difficulty But Can Still Do It=2 | 3 Have Difficulty and Need Help=3 | 4 Can Not Do It=4","exdb022 Difficulty with Making Phone Calls"
"raw_exit","restricted_source/Exit_Module.dta","exdb023","haven_labelled/vctrs_vctr/double","Help Making Phone Calls","1 Yes=1 | 2 No=2","exdb023 Help Making Phone Calls"
"raw_exit","restricted_source/Exit_Module.dta","exdb024","haven_labelled/vctrs_vctr/double","Time Need Help with Making Phone Calls","1 Months=1 | 2 Years=2 | 3 Age=3 | 4 Since Specific Year=4","exdb024 Time Need Help with Making Phone Calls"
"raw_exit","restricted_source/Exit_Module.dta","exdb024_1","numeric","Months","","exdb024_1 Months"
"raw_exit","restricted_source/Exit_Module.dta","exdb024_2","numeric","Years","","exdb024_2 Years"
"raw_exit","restricted_source/Exit_Module.dta","exdb024_3","numeric","Age","","exdb024_3 Age"
"raw_exit","restricted_source/Exit_Module.dta","exdb024_4","numeric","Since Specific Year","","exdb024_4 Since Specific Year"
"raw_exit","restricted_source/Exit_Module.dta","exdb025","haven_labelled/vctrs_vctr/double","Difficulty with Taking Medications","1 Don't Have Any Difficulty=1 | 2 Have Difficulty But Can Still Do It=2 | 3 Have Difficulty and Need Help=3 | 4 Can Not Do It=4","exdb025 Difficulty with Taking Medications"
"raw_exit","restricted_source/Exit_Module.dta","exdb026","haven_labelled/vctrs_vctr/double","Help Taking Medications","1 Yes=1 | 2 No=2","exdb026 Help Taking Medications"
"raw_exit","restricted_source/Exit_Module.dta","exdb027","haven_labelled/vctrs_vctr/double","Time Need Help with Taking Medications","1 Months=1 | 2 Years=2 | 3 Age=3 | 4 Since Specific Year=4","exdb027 Time Need Help with Taking Medications"
"raw_exit","restricted_source/Exit_Module.dta","exdb027_1","numeric","Months","","exdb027_1 Months"
"raw_exit","restricted_source/Exit_Module.dta","exdb027_2","numeric","Years","","exdb027_2 Years"
"raw_exit","restricted_source/Exit_Module.dta","exdb027_3","numeric","Age","","exdb027_3 Age"
"raw_exit","restricted_source/Exit_Module.dta","exdb027_4","numeric","Since Specific Year","","exdb027_4 Since Specific Year"
"raw_exit","restricted_source/Exit_Module.dta","exdb028","haven_labelled/vctrs_vctr/double","Difficulty with Managing Money","1 Don't Have Any Difficulty=1 | 2 Have Difficulty But Can Still Do It=2 | 3 Have Difficulty and Need Help=3 | 4 Can Not Do It=4","exdb028 Difficulty with Managing Money"
"raw_exit","restricted_source/Exit_Module.dta","exdb029","haven_labelled/vctrs_vctr/double","Help Managing Money","1 Yes=1 | 2 No=2","exdb029 Help Managing Money"
"raw_exit","restricted_source/Exit_Module.dta","exdb030","haven_labelled/vctrs_vctr/double","Time Need Help with Managing Money","1 Months=1 | 2 Years=2 | 3 Age=3 | 4 Since Specific Year=4","exdb030 Time Need Help with Managing Money"
"raw_exit","restricted_source/Exit_Module.dta","exdb030_1","numeric","Months","","exdb030_1 Months"
"raw_exit","restricted_source/Exit_Module.dta","exdb030_2","numeric","Years","","exdb030_2 Years"
"raw_exit","restricted_source/Exit_Module.dta","exdb030_3","numeric","Age","","exdb030_3 Age"
"raw_exit","restricted_source/Exit_Module.dta","exdb030_4","numeric","Since Specific Year","","exdb030_4 Since Specific Year"
"raw_exit","restricted_source/Exit_Module.dta","exdb031_s1","haven_labelled/vctrs_vctr/double","Helper[1]","0 No=0 | 1 Spouse=1 | 2 Father, Mother, Father-in-Law, Mother-in-Law=2 | 3 Children, Children's Spouse, Grandson, Granddaughter=3 | 4 Sibling, Brother-in-Law, Sister-in-Law, Sibling of Spouse, Etc=4 | 5 Other Relative=5 | 6 Paid Helper (Such as Nanny)=6 | 7 Volunteer or Employee of Facility=7 | 8 Nursing Home=8 | 9 Staff from Home-based Nursing Service=9 | 10 Help from the Community=10 | 11 Other, Please Specify=11","exdb031_s1 Helper[1]"
"raw_exit","restricted_source/Exit_Module.dta","exdb031_s2","haven_labelled/vctrs_vctr/double","Helper[2]","0 No=0 | 1 Spouse=1 | 2 Father, Mother, Father-in-Law, Mother-in-Law=2 | 3 Children, Children's Spouse, Grandson, Granddaughter=3 | 4 Sibling, Brother-in-Law, Sister-in-Law, Sibling of Spouse, Etc=4 | 5 Other Relative=5 | 6 Paid Helper (Such as Nanny)=6 | 7 Volunteer or Employee of Facility=7 | 8 Nursing Home=8 | 9 Staff from Home-based Nursing Service=9 | 10 Help from the Community=10 | 11 Other, Please Specify=11","exdb031_s2 Helper[2]"
"raw_exit","restricted_source/Exit_Module.dta","exdb031_s3","haven_labelled/vctrs_vctr/double","Helper[3]","0 No=0 | 1 Spouse=1 | 2 Father, Mother, Father-in-Law, Mother-in-Law=2 | 3 Children, Children's Spouse, Grandson, Granddaughter=3 | 4 Sibling, Brother-in-Law, Sister-in-Law, Sibling of Spouse, Etc=4 | 5 Other Relative=5 | 6 Paid Helper (Such as Nanny)=6 | 7 Volunteer or Employee of Facility=7 | 8 Nursing Home=8 | 9 Staff from Home-based Nursing Service=9 | 10 Help from the Community=10 | 11 Other, Please Specify=11","exdb031_s3 Helper[3]"
"raw_exit","restricted_source/Exit_Module.dta","exdb031_s4","haven_labelled/vctrs_vctr/double","Helper[4]","0 No=0 | 1 Spouse=1 | 2 Father, Mother, Father-in-Law, Mother-in-Law=2 | 3 Children, Children's Spouse, Grandson, Granddaughter=3 | 4 Sibling, Brother-in-Law, Sister-in-Law, Sibling of Spouse, Etc=4 | 5 Other Relative=5 | 6 Paid Helper (Such as Nanny)=6 | 7 Volunteer or Employee of Facility=7 | 8 Nursing Home=8 | 9 Staff from Home-based Nursing Service=9 | 10 Help from the Community=10 | 11 Other, Please Specify=11","exdb031_s4 Helper[4]"
"raw_exit","restricted_source/Exit_Module.dta","exdb031_s5","haven_labelled/vctrs_vctr/double","Helper[5]","0 No=0 | 1 Spouse=1 | 2 Father, Mother, Father-in-Law, Mother-in-Law=2 | 3 Children, Children's Spouse, Grandson, Granddaughter=3 | 4 Sibling, Brother-in-Law, Sister-in-Law, Sibling of Spouse, Etc=4 | 5 Other Relative=5 | 6 Paid Helper (Such as Nanny)=6 | 7 Volunteer or Employee of Facility=7 | 8 Nursing Home=8 | 9 Staff from Home-based Nursing Service=9 | 10 Help from the Community=10 | 11 Other, Please Specify=11","exdb031_s5 Helper[5]"
"raw_exit","restricted_source/Exit_Module.dta","exdb031_s6","haven_labelled/vctrs_vctr/double","Helper[6]","0 No=0 | 1 Spouse=1 | 2 Father, Mother, Father-in-Law, Mother-in-Law=2 | 3 Children, Children's Spouse, Grandson, Granddaughter=3 | 4 Sibling, Brother-in-Law, Sister-in-Law, Sibling of Spouse, Etc=4 | 5 Other Relative=5 | 6 Paid Helper (Such as Nanny)=6 | 7 Volunteer or Employee of Facility=7 | 8 Nursing Home=8 | 9 Staff from Home-based Nursing Service=9 | 10 Help from the Community=10 | 11 Other, Please Specify=11","exdb031_s6 Helper[6]"
"raw_exit","restricted_source/Exit_Module.dta","exdb031_s7","haven_labelled/vctrs_vctr/double","Helper[7]","0 No=0 | 1 Spouse=1 | 2 Father, Mother, Father-in-Law, Mother-in-Law=2 | 3 Children, Children's Spouse, Grandson, Granddaughter=3 | 4 Sibling, Brother-in-Law, Sister-in-Law, Sibling of Spouse, Etc=4 | 5 Other Relative=5 | 6 Paid Helper (Such as Nanny)=6 | 7 Volunteer or Employee of Facility=7 | 8 Nursing Home=8 | 9 Staff from Home-based Nursing Service=9 | 10 Help from the Community=10 | 11 Other, Please Specify=11","exdb031_s7 Helper[7]"
"raw_exit","restricted_source/Exit_Module.dta","exdb031_s8","haven_labelled/vctrs_vctr/double","Helper[8]","0 No=0 | 1 Spouse=1 | 2 Father, Mother, Father-in-Law, Mother-in-Law=2 | 3 Children, Children's Spouse, Grandson, Granddaughter=3 | 4 Sibling, Brother-in-Law, Sister-in-Law, Sibling of Spouse, Etc=4 | 5 Other Relative=5 | 6 Paid Helper (Such as Nanny)=6 | 7 Volunteer or Employee of Facility=7 | 8 Nursing Home=8 | 9 Staff from Home-based Nursing Service=9 | 10 Help from the Community=10 | 11 Other, Please Specify=11","exdb031_s8 Helper[8]"
"raw_exit","restricted_source/Exit_Module.dta","exdb031_s9","haven_labelled/vctrs_vctr/double","Helper[9]","0 No=0 | 1 Spouse=1 | 2 Father, Mother, Father-in-Law, Mother-in-Law=2 | 3 Children, Children's Spouse, Grandson, Granddaughter=3 | 4 Sibling, Brother-in-Law, Sister-in-Law, Sibling of Spouse, Etc=4 | 5 Other Relative=5 | 6 Paid Helper (Such as Nanny)=6 | 7 Volunteer or Employee of Facility=7 | 8 Nursing Home=8 | 9 Staff from Home-based Nursing Service=9 | 10 Help from the Community=10 | 11 Other, Please Specify=11","exdb031_s9 Helper[9]"
"raw_exit","restricted_source/Exit_Module.dta","exdb031_s10","haven_labelled/vctrs_vctr/double","Helper[10]","0 No=0 | 1 Spouse=1 | 2 Father, Mother, Father-in-Law, Mother-in-Law=2 | 3 Children, Children's Spouse, Grandson, Granddaughter=3 | 4 Sibling, Brother-in-Law, Sister-in-Law, Sibling of Spouse, Etc=4 | 5 Other Relative=5 | 6 Paid Helper (Such as Nanny)=6 | 7 Volunteer or Employee of Facility=7 | 8 Nursing Home=8 | 9 Staff from Home-based Nursing Service=9 | 10 Help from the Community=10 | 11 Other, Please Specify=11","exdb031_s10 Helper[10]"
"raw_exit","restricted_source/Exit_Module.dta","exdb031_s11","haven_labelled/vctrs_vctr/double","Helper[11]","0 No=0 | 1 Spouse=1 | 2 Father, Mother, Father-in-Law, Mother-in-Law=2 | 3 Children, Children's Spouse, Grandson, Granddaughter=3 | 4 Sibling, Brother-in-Law, Sister-in-Law, Sibling of Spouse, Etc=4 | 5 Other Relative=5 | 6 Paid Helper (Such as Nanny)=6 | 7 Volunteer or Employee of Facility=7 | 8 Nursing Home=8 | 9 Staff from Home-based Nursing Service=9 | 10 Help from the Community=10 | 11 Other, Please Specify=11","exdb031_s11 Helper[11]"
"raw_exit","restricted_source/Exit_Module.dta","exdb031_1","numeric","Number of Paid Helpers","","exdb031_1 Number of Paid Helpers"
"raw_exit","restricted_source/Exit_Module.dta","exdb032_s1","haven_labelled/vctrs_vctr/double","Who Help the Most","0 No=0 | 1 Father=1 | 2 Mother=2 | 3 Father-in-Law=3 | 4 Mother-in-Law=4","exdb032_s1 Who Help the Most"
"raw_exit","restricted_source/Exit_Module.dta","exdb032_s2","haven_labelled/vctrs_vctr/double","Who Help the Most","0 No=0 | 1 Father=1 | 2 Mother=2 | 3 Father-in-Law=3 | 4 Mother-in-Law=4","exdb032_s2 Who Help the Most"
"raw_exit","restricted_source/Exit_Module.dta","exdb032_s3","haven_labelled/vctrs_vctr/double","Who Help the Most","0 No=0 | 1 Father=1 | 2 Mother=2 | 3 Father-in-Law=3 | 4 Mother-in-Law=4","exdb032_s3 Who Help the Most"
"raw_exit","restricted_source/Exit_Module.dta","exdb032_s4","haven_labelled/vctrs_vctr/double","Who Help the Most","0 No=0 | 1 Father=1 | 2 Mother=2 | 3 Father-in-Law=3 | 4 Mother-in-Law=4","exdb032_s4 Who Help the Most"
"raw_exit","restricted_source/Exit_Module.dta","exdb033_s1","haven_labelled/vctrs_vctr/double","Which Child's Family Helped","0 No=0 | 1 Preload XEChildAliveName[1]=1","exdb033_s1 Which Child's Family Helped"
"raw_exit","restricted_source/Exit_Module.dta","exdb033_s2","haven_labelled/vctrs_vctr/double","Which Child's Family Helped","0 No=0 | 2 Preload XEChildAliveName[2]=2","exdb033_s2 Which Child's Family Helped"
"raw_exit","restricted_source/Exit_Module.dta","exdb033_s3","haven_labelled/vctrs_vctr/double","Which Child's Family Helped","0 No=0 | 3 Preload XEChildAliveName[3]=3","exdb033_s3 Which Child's Family Helped"
"raw_exit","restricted_source/Exit_Module.dta","exdb033_s4","haven_labelled/vctrs_vctr/double","Which Child's Family Helped","0 No=0 | 4 Preload XEChildAliveName[4]=4","exdb033_s4 Which Child's Family Helped"
"raw_exit","restricted_source/Exit_Module.dta","exdb033_s5","haven_labelled/vctrs_vctr/double","Which Child's Family Helped","0 No=0 | 5 Preload XEChildAliveName[5]=5","exdb033_s5 Which Child's Family Helped"
"raw_exit","restricted_source/Exit_Module.dta","exdb033_s6","haven_labelled/vctrs_vctr/double","Which Child's Family Helped","0 No=0 | 6 Preload XEChildAliveName[6]=6","exdb033_s6 Which Child's Family Helped"
"raw_exit","restricted_source/Exit_Module.dta","exdb033_s7","haven_labelled/vctrs_vctr/double","Which Child's Family Helped","0 No=0 | 7 Preload XEChildAliveName[7]=7","exdb033_s7 Which Child's Family Helped"
"raw_exit","restricted_source/Exit_Module.dta","exdb033_s8","haven_labelled/vctrs_vctr/double","Which Child's Family Helped","0 No=0 | 8 Preload XEChildAliveName[8]=8","exdb033_s8 Which Child's Family Helped"
"raw_exit","restricted_source/Exit_Module.dta","exdb033_s9","haven_labelled/vctrs_vctr/double","Which Child's Family Helped","0 No=0 | 9 Preload XEChildAliveName[9]=9","exdb033_s9 Which Child's Family Helped"
"raw_exit","restricted_source/Exit_Module.dta","exdb033_s10","haven_labelled/vctrs_vctr/double","Which Child's Family Helped","0 No=0 | 10 Preload XEChildAliveName[10]=10","exdb033_s10 Which Child's Family Helped"
"raw_exit","restricted_source/Exit_Module.dta","exdb033_s11","haven_labelled/vctrs_vctr/double","Which Child's Family Helped","0 No=0 | 11 Preload XEChildAliveName[11]=11","exdb033_s11 Which Child's Family Helped"
"raw_exit","restricted_source/Exit_Module.dta","exdb033_s12","haven_labelled/vctrs_vctr/double","Which Child's Family Helped","0 No=0 | 12 Preload XEChildAliveName[12]=12","exdb033_s12 Which Child's Family Helped"
"raw_exit","restricted_source/Exit_Module.dta","exdb033_s13","haven_labelled/vctrs_vctr/double","Which Child's Family Helped","0 No=0 | 13 Preload XEChildAliveName[13]=13","exdb033_s13 Which Child's Family Helped"
"raw_exit","restricted_source/Exit_Module.dta","exdb033_s14","haven_labelled/vctrs_vctr/double","Which Child's Family Helped","0 No=0 | 14 Preload XEChildAliveName[14]=14","exdb033_s14 Which Child's Family Helped"
"raw_exit","restricted_source/Exit_Module.dta","exdb033_s15","haven_labelled/vctrs_vctr/double","Which Child's Family Helped","0 No=0 | 15 Preload XEChildAliveName[15]=15","exdb033_s15 Which Child's Family Helped"
"raw_exit","restricted_source/Exit_Module.dta","exdb033_s16","haven_labelled/vctrs_vctr/double","Which Child's Family Helped","0 No=0 | 16 Preload XEChildAliveName[16]=16","exdb033_s16 Which Child's Family Helped"
"raw_exit","restricted_source/Exit_Module.dta","exdb033_s17","haven_labelled/vctrs_vctr/double","Which Child's Family Helped","0 No=0 | 17 Preload XEChildAliveName[17]=17","exdb033_s17 Which Child's Family Helped"
"raw_exit","restricted_source/Exit_Module.dta","exdb033_s18","haven_labelled/vctrs_vctr/double","Which Child's Family Helped","0 No=0 | 18 Preload XEChildAliveName[18]=18","exdb033_s18 Which Child's Family Helped"
"raw_exit","restricted_source/Exit_Module.dta","exdb033_s19","haven_labelled/vctrs_vctr/double","Which Child's Family Helped","0 No=0 | 19 Preload XEChildAliveName[19]=19","exdb033_s19 Which Child's Family Helped"
"raw_exit","restricted_source/Exit_Module.dta","exdb033_s20","haven_labelled/vctrs_vctr/double","Which Child's Family Helped","0 No=0 | 20 Preload XEChildAliveName[20]=20","exdb033_s20 Which Child's Family Helped"
"raw_exit","restricted_source/Exit_Module.dta","exdb033_s21","haven_labelled/vctrs_vctr/double","Which Child's Family Helped","0 No=0 | 21 Preload XEChildAliveName[21]=21","exdb033_s21 Which Child's Family Helped"
"raw_exit","restricted_source/Exit_Module.dta","exdb033_s22","haven_labelled/vctrs_vctr/double","Which Child's Family Helped","0 No=0 | 22 Preload XEChildAliveName[22]=22","exdb033_s22 Which Child's Family Helped"
"raw_exit","restricted_source/Exit_Module.dta","exdb033_s23","haven_labelled/vctrs_vctr/double","Which Child's Family Helped","0 No=0 | 23 Preload XEChildAliveName[23]=23","exdb033_s23 Which Child's Family Helped"
"raw_exit","restricted_source/Exit_Module.dta","exdb033_s24","haven_labelled/vctrs_vctr/double","Which Child's Family Helped","0 No=0 | 24 Preload XEChildAliveName[24]=24","exdb033_s24 Which Child's Family Helped"
"raw_exit","restricted_source/Exit_Module.dta","exdb033_s25","haven_labelled/vctrs_vctr/double","Which Child's Family Helped","0 No=0 | 25 Preload XEChildAliveName[25]=25","exdb033_s25 Which Child's Family Helped"
"raw_exit","restricted_source/Exit_Module.dta","exdb034_1__s1","haven_labelled/vctrs_vctr/double","Who in Child[1]'s Family Helped","0 No=0 | 1 Himself/herself=1 | 2 His/her Spouse=2 | 3 His/her Children=3","exdb034_1__s1 Who in Child[1]'s Family Helped"
"raw_exit","restricted_source/Exit_Module.dta","exdb034_1__s2","haven_labelled/vctrs_vctr/double","Who in Child[1]'s Family Helped","0 No=0 | 1 Himself/herself=1 | 2 His/her Spouse=2 | 3 His/her Children=3","exdb034_1__s2 Who in Child[1]'s Family Helped"
"raw_exit","restricted_source/Exit_Module.dta","exdb034_1__s3","haven_labelled/vctrs_vctr/double","Who in Child[1]'s Family Helped","0 No=0 | 1 Himself/herself=1 | 2 His/her Spouse=2 | 3 His/her Children=3","exdb034_1__s3 Who in Child[1]'s Family Helped"
"raw_exit","restricted_source/Exit_Module.dta","exdb034_2__s1","haven_labelled/vctrs_vctr/double","Who in Child[2]'s Family Helped","0 No=0 | 1 Himself/herself=1 | 2 His/her Spouse=2 | 3 His/her Children=3","exdb034_2__s1 Who in Child[2]'s Family Helped"
"raw_exit","restricted_source/Exit_Module.dta","exdb034_2__s2","haven_labelled/vctrs_vctr/double","Who in Child[2]'s Family Helped","0 No=0 | 1 Himself/herself=1 | 2 His/her Spouse=2 | 3 His/her Children=3","exdb034_2__s2 Who in Child[2]'s Family Helped"
"raw_exit","restricted_source/Exit_Module.dta","exdb034_2__s3","haven_labelled/vctrs_vctr/double","Who in Child[2]'s Family Helped","0 No=0 | 1 Himself/herself=1 | 2 His/her Spouse=2 | 3 His/her Children=3","exdb034_2__s3 Who in Child[2]'s Family Helped"
"raw_exit","restricted_source/Exit_Module.dta","exdb034_3__s1","haven_labelled/vctrs_vctr/double","Who in Child[3]'s Family Helped","0 No=0 | 1 Himself/herself=1 | 2 His/her Spouse=2 | 3 His/her Children=3","exdb034_3__s1 Who in Child[3]'s Family Helped"
"raw_exit","restricted_source/Exit_Module.dta","exdb034_3__s2","haven_labelled/vctrs_vctr/double","Who in Child[3]'s Family Helped","0 No=0 | 1 Himself/herself=1 | 2 His/her Spouse=2 | 3 His/her Children=3","exdb034_3__s2 Who in Child[3]'s Family Helped"
"raw_exit","restricted_source/Exit_Module.dta","exdb034_3__s3","haven_labelled/vctrs_vctr/double","Who in Child[3]'s Family Helped","0 No=0 | 1 Himself/herself=1 | 2 His/her Spouse=2 | 3 His/her Children=3","exdb034_3__s3 Who in Child[3]'s Family Helped"
"raw_exit","restricted_source/Exit_Module.dta","exdb034_4__s1","haven_labelled/vctrs_vctr/double","Who in Child[4]'s Family Helped","0 No=0 | 1 Himself/herself=1 | 2 His/her Spouse=2 | 3 His/her Children=3","exdb034_4__s1 Who in Child[4]'s Family Helped"
"raw_exit","restricted_source/Exit_Module.dta","exdb034_4__s2","haven_labelled/vctrs_vctr/double","Who in Child[4]'s Family Helped","0 No=0 | 1 Himself/herself=1 | 2 His/her Spouse=2 | 3 His/her Children=3","exdb034_4__s2 Who in Child[4]'s Family Helped"
"raw_exit","restricted_source/Exit_Module.dta","exdb034_4__s3","haven_labelled/vctrs_vctr/double","Who in Child[4]'s Family Helped","0 No=0 | 1 Himself/herself=1 | 2 His/her Spouse=2 | 3 His/her Children=3","exdb034_4__s3 Who in Child[4]'s Family Helped"
"raw_exit","restricted_source/Exit_Module.dta","exdb034_5__s1","haven_labelled/vctrs_vctr/double","Who in Child[5]'s Family Helped","0 No=0 | 1 Himself/herself=1 | 2 His/her Spouse=2 | 3 His/her Children=3","exdb034_5__s1 Who in Child[5]'s Family Helped"
"raw_exit","restricted_source/Exit_Module.dta","exdb034_5__s2","haven_labelled/vctrs_vctr/double","Who in Child[5]'s Family Helped","0 No=0 | 1 Himself/herself=1 | 2 His/her Spouse=2 | 3 His/her Children=3","exdb034_5__s2 Who in Child[5]'s Family Helped"
"raw_exit","restricted_source/Exit_Module.dta","exdb034_5__s3","haven_labelled/vctrs_vctr/double","Who in Child[5]'s Family Helped","0 No=0 | 1 Himself/herself=1 | 2 His/her Spouse=2 | 3 His/her Children=3","exdb034_5__s3 Who in Child[5]'s Family Helped"
"raw_exit","restricted_source/Exit_Module.dta","exdb034_6__s1","haven_labelled/vctrs_vctr/double","Who in Child[6]'s Family Helped","0 No=0 | 1 Himself/herself=1 | 2 His/her Spouse=2 | 3 His/her Children=3","exdb034_6__s1 Who in Child[6]'s Family Helped"
"raw_exit","restricted_source/Exit_Module.dta","exdb034_6__s2","haven_labelled/vctrs_vctr/double","Who in Child[6]'s Family Helped","0 No=0 | 1 Himself/herself=1 | 2 His/her Spouse=2 | 3 His/her Children=3","exdb034_6__s2 Who in Child[6]'s Family Helped"
"raw_exit","restricted_source/Exit_Module.dta","exdb034_6__s3","haven_labelled/vctrs_vctr/double","Who in Child[6]'s Family Helped","0 No=0 | 1 Himself/herself=1 | 2 His/her Spouse=2 | 3 His/her Children=3","exdb034_6__s3 Who in Child[6]'s Family Helped"
"raw_exit","restricted_source/Exit_Module.dta","exdb034_7__s1","haven_labelled/vctrs_vctr/double","Who in Child[7]'s Family Helped","0 No=0 | 1 Himself/herself=1 | 2 His/her Spouse=2 | 3 His/her Children=3","exdb034_7__s1 Who in Child[7]'s Family Helped"
"raw_exit","restricted_source/Exit_Module.dta","exdb034_7__s2","haven_labelled/vctrs_vctr/double","Who in Child[7]'s Family Helped","0 No=0 | 1 Himself/herself=1 | 2 His/her Spouse=2 | 3 His/her Children=3","exdb034_7__s2 Who in Child[7]'s Family Helped"
"raw_exit","restricted_source/Exit_Module.dta","exdb034_7__s3","haven_labelled/vctrs_vctr/double","Who in Child[7]'s Family Helped","0 No=0 | 1 Himself/herself=1 | 2 His/her Spouse=2 | 3 His/her Children=3","exdb034_7__s3 Who in Child[7]'s Family Helped"
"raw_exit","restricted_source/Exit_Module.dta","exdb034_8__s1","haven_labelled/vctrs_vctr/double","Who in Child[8]'s Family Helped","0 No=0 | 1 Himself/herself=1 | 2 His/her Spouse=2 | 3 His/her Children=3","exdb034_8__s1 Who in Child[8]'s Family Helped"
"raw_exit","restricted_source/Exit_Module.dta","exdb034_8__s2","haven_labelled/vctrs_vctr/double","Who in Child[8]'s Family Helped","0 No=0 | 1 Himself/herself=1 | 2 His/her Spouse=2 | 3 His/her Children=3","exdb034_8__s2 Who in Child[8]'s Family Helped"
"raw_exit","restricted_source/Exit_Module.dta","exdb034_8__s3","haven_labelled/vctrs_vctr/double","Who in Child[8]'s Family Helped","0 No=0 | 1 Himself/herself=1 | 2 His/her Spouse=2 | 3 His/her Children=3","exdb034_8__s3 Who in Child[8]'s Family Helped"
"raw_exit","restricted_source/Exit_Module.dta","exdb034_9__s1","haven_labelled/vctrs_vctr/double","Who in Child[9]'s Family Helped","0 No=0 | 1 Himself/herself=1 | 2 His/her Spouse=2 | 3 His/her Children=3","exdb034_9__s1 Who in Child[9]'s Family Helped"
"raw_exit","restricted_source/Exit_Module.dta","exdb034_9__s2","haven_labelled/vctrs_vctr/double","Who in Child[9]'s Family Helped","0 No=0 | 1 Himself/herself=1 | 2 His/her Spouse=2 | 3 His/her Children=3","exdb034_9__s2 Who in Child[9]'s Family Helped"
"raw_exit","restricted_source/Exit_Module.dta","exdb034_9__s3","haven_labelled/vctrs_vctr/double","Who in Child[9]'s Family Helped","0 No=0 | 1 Himself/herself=1 | 2 His/her Spouse=2 | 3 His/her Children=3","exdb034_9__s3 Who in Child[9]'s Family Helped"
"raw_exit","restricted_source/Exit_Module.dta","exdb034_10__s1","haven_labelled/vctrs_vctr/double","Who in Child[10]'s Family Helped","0 No=0 | 1 Himself/herself=1 | 2 His/her Spouse=2 | 3 His/her Children=3","exdb034_10__s1 Who in Child[10]'s Family Helped"
"raw_exit","restricted_source/Exit_Module.dta","exdb034_10__s2","haven_labelled/vctrs_vctr/double","Who in Child[10]'s Family Helped","0 No=0 | 1 Himself/herself=1 | 2 His/her Spouse=2 | 3 His/her Children=3","exdb034_10__s2 Who in Child[10]'s Family Helped"
"raw_exit","restricted_source/Exit_Module.dta","exdb034_10__s3","haven_labelled/vctrs_vctr/double","Who in Child[10]'s Family Helped","0 No=0 | 1 Himself/herself=1 | 2 His/her Spouse=2 | 3 His/her Children=3","exdb034_10__s3 Who in Child[10]'s Family Helped"
"raw_exit","restricted_source/Exit_Module.dta","exdb034_11__s1","haven_labelled/vctrs_vctr/double","Who in Child[11]'s Family Helped","0 No=0 | 1 Himself/herself=1 | 2 His/her Spouse=2 | 3 His/her Children=3","exdb034_11__s1 Who in Child[11]'s Family Helped"
"raw_exit","restricted_source/Exit_Module.dta","exdb034_11__s2","haven_labelled/vctrs_vctr/double","Who in Child[11]'s Family Helped","0 No=0 | 1 Himself/herself=1 | 2 His/her Spouse=2 | 3 His/her Children=3","exdb034_11__s2 Who in Child[11]'s Family Helped"
"raw_exit","restricted_source/Exit_Module.dta","exdb034_11__s3","haven_labelled/vctrs_vctr/double","Who in Child[11]'s Family Helped","0 No=0 | 1 Himself/herself=1 | 2 His/her Spouse=2 | 3 His/her Children=3","exdb034_11__s3 Who in Child[11]'s Family Helped"
"raw_exit","restricted_source/Exit_Module.dta","exdb034_26__s1","haven_labelled/vctrs_vctr/double","Who in Child[26]'s Family Helped","0 No=0 | 1 Himself/herself=1 | 2 His/her Spouse=2 | 3 His/her Children=3","exdb034_26__s1 Who in Child[26]'s Family Helped"
"raw_exit","restricted_source/Exit_Module.dta","exdb034_26__s2","haven_labelled/vctrs_vctr/double","Who in Child[26]'s Family Helped","0 No=0 | 1 Himself/herself=1 | 2 His/her Spouse=2 | 3 His/her Children=3","exdb034_26__s2 Who in Child[26]'s Family Helped"
"raw_exit","restricted_source/Exit_Module.dta","exdb034_26__s3","haven_labelled/vctrs_vctr/double","Who in Child[26]'s Family Helped","0 No=0 | 1 Himself/herself=1 | 2 His/her Spouse=2 | 3 His/her Children=3","exdb034_26__s3 Who in Child[26]'s Family Helped"
"raw_exit","restricted_source/Exit_Module.dta","exdb034_27__s1","haven_labelled/vctrs_vctr/double","Who in Child[27]'s Family Helped","0 No=0 | 1 Himself/herself=1 | 2 His/her Spouse=2 | 3 His/her Children=3","exdb034_27__s1 Who in Child[27]'s Family Helped"
"raw_exit","restricted_source/Exit_Module.dta","exdb034_27__s2","haven_labelled/vctrs_vctr/double","Who in Child[27]'s Family Helped","0 No=0 | 1 Himself/herself=1 | 2 His/her Spouse=2 | 3 His/her Children=3","exdb034_27__s2 Who in Child[27]'s Family Helped"
"raw_exit","restricted_source/Exit_Module.dta","exdb034_27__s3","haven_labelled/vctrs_vctr/double","Who in Child[27]'s Family Helped","0 No=0 | 1 Himself/herself=1 | 2 His/her Spouse=2 | 3 His/her Children=3","exdb034_27__s3 Who in Child[27]'s Family Helped"
"raw_exit","restricted_source/Exit_Module.dta","exdb034_28__s1","haven_labelled/vctrs_vctr/double","Who in Child[28]'s Family Helped","0 No=0 | 1 Himself/herself=1 | 2 His/her Spouse=2 | 3 His/her Children=3","exdb034_28__s1 Who in Child[28]'s Family Helped"
"raw_exit","restricted_source/Exit_Module.dta","exdb034_28__s2","haven_labelled/vctrs_vctr/double","Who in Child[28]'s Family Helped","0 No=0 | 1 Himself/herself=1 | 2 His/her Spouse=2 | 3 His/her Children=3","exdb034_28__s2 Who in Child[28]'s Family Helped"
"raw_exit","restricted_source/Exit_Module.dta","exdb034_28__s3","haven_labelled/vctrs_vctr/double","Who in Child[28]'s Family Helped","0 No=0 | 1 Himself/herself=1 | 2 His/her Spouse=2 | 3 His/her Children=3","exdb034_28__s3 Who in Child[28]'s Family Helped"
"raw_exit","restricted_source/Exit_Module.dta","exdb034_29__s1","haven_labelled/vctrs_vctr/double","Who in Child[29]'s Family Helped","0 No=0 | 1 Himself/herself=1 | 2 His/her Spouse=2 | 3 His/her Children=3","exdb034_29__s1 Who in Child[29]'s Family Helped"
"raw_exit","restricted_source/Exit_Module.dta","exdb034_29__s2","haven_labelled/vctrs_vctr/double","Who in Child[29]'s Family Helped","0 No=0 | 1 Himself/herself=1 | 2 His/her Spouse=2 | 3 His/her Children=3","exdb034_29__s2 Who in Child[29]'s Family Helped"
"raw_exit","restricted_source/Exit_Module.dta","exdb034_29__s3","haven_labelled/vctrs_vctr/double","Who in Child[29]'s Family Helped","0 No=0 | 1 Himself/herself=1 | 2 His/her Spouse=2 | 3 His/her Children=3","exdb034_29__s3 Who in Child[29]'s Family Helped"
"raw_exit","restricted_source/Exit_Module.dta","exdb034_1_1_","numeric","Number of Children Helped","","exdb034_1_1_ Number of Children Helped"
"raw_exit","restricted_source/Exit_Module.dta","exdb034_1_2_","numeric","Number of Children Helped","","exdb034_1_2_ Number of Children Helped"
"raw_exit","restricted_source/Exit_Module.dta","exdb034_1_3_","numeric","Number of Children Helped","","exdb034_1_3_ Number of Children Helped"
"raw_exit","restricted_source/Exit_Module.dta","exdb034_1_4_","numeric","Number of Children Helped","","exdb034_1_4_ Number of Children Helped"
"raw_exit","restricted_source/Exit_Module.dta","exdb034_1_5_","numeric","Number of Children Helped","","exdb034_1_5_ Number of Children Helped"
"raw_exit","restricted_source/Exit_Module.dta","exdb034_1_6_","numeric","Number of Children Helped","","exdb034_1_6_ Number of Children Helped"
"raw_exit","restricted_source/Exit_Module.dta","exdb034_1_7_","numeric","Number of Children Helped","","exdb034_1_7_ Number of Children Helped"
"raw_exit","restricted_source/Exit_Module.dta","exdb034_1_8_","numeric","Number of Children Helped","","exdb034_1_8_ Number of Children Helped"
"raw_exit","restricted_source/Exit_Module.dta","exdb034_1_9_","numeric","Number of Children Helped","","exdb034_1_9_ Number of Children Helped"
"raw_exit","restricted_source/Exit_Module.dta","exdb034_1_26_","numeric","Number of Children Helped","","exdb034_1_26_ Number of Children Helped"
"raw_exit","restricted_source/Exit_Module.dta","exdb034_1_27_","numeric","Number of Children Helped","","exdb034_1_27_ Number of Children Helped"
"raw_exit","restricted_source/Exit_Module.dta","exdb034_1_28_","numeric","Number of Children Helped","","exdb034_1_28_ Number of Children Helped"
"raw_exit","restricted_source/Exit_Module.dta","exdb034_1_29_","numeric","Number of Children Helped","","exdb034_1_29_ Number of Children Helped"
"raw_exit","restricted_source/Exit_Module.dta","exdb035_s31","haven_labelled/vctrs_vctr/double","Which Sibling's Family Helps","0 No=0 | 31 Other Sibling[31]=31","exdb035_s31 Which Sibling's Family Helps"
"raw_exit","restricted_source/Exit_Module.dta","exdb035_s32","haven_labelled/vctrs_vctr/double","Which Sibling's Family Helps","0 No=0 | 32 Other Sibling[32]=32","exdb035_s32 Which Sibling's Family Helps"
"raw_exit","restricted_source/Exit_Module.dta","exdb035_s33","haven_labelled/vctrs_vctr/double","Which Sibling's Family Helps","0 No=0 | 33 Other Sibling[33]=33","exdb035_s33 Which Sibling's Family Helps"
"raw_exit","restricted_source/Exit_Module.dta","exdb035_s34","haven_labelled/vctrs_vctr/double","Which Sibling's Family Helps","0 No=0 | 34 Other Sibling[34]=34","exdb035_s34 Which Sibling's Family Helps"
"raw_exit","restricted_source/Exit_Module.dta","exdb035_s35","haven_labelled/vctrs_vctr/double","Which Sibling's Family Helps","0 No=0 | 35 Other Sibling[35]=35","exdb035_s35 Which Sibling's Family Helps"
"raw_exit","restricted_source/Exit_Module.dta","exdb035_s36","haven_labelled/vctrs_vctr/double","Which Sibling's Family Helps","0 No=0 | 36 Other Sibling[36]=36","exdb035_s36 Which Sibling's Family Helps"
"raw_exit","restricted_source/Exit_Module.dta","exdb035_s37","haven_labelled/vctrs_vctr/double","Which Sibling's Family Helps","0 No=0 | 37 Other Sibling[37]=37","exdb035_s37 Which Sibling's Family Helps"
"raw_exit","restricted_source/Exit_Module.dta","exdb035_s38","haven_labelled/vctrs_vctr/double","Which Sibling's Family Helps","0 No=0 | 38 Other Sibling[38]=38","exdb035_s38 Which Sibling's Family Helps"
"raw_exit","restricted_source/Exit_Module.dta","exdb036_31__s1","haven_labelled/vctrs_vctr/double","Who Help in Person from Sibling[31]'s Family","0 No=0 | 1 Himself/herself=1 | 2 His/her Spouse=2 | 3 His/her Children=3","exdb036_31__s1 Who Help in Person from Sibling[31]'s Family"
"raw_exit","restricted_source/Exit_Module.dta","exdb036_31__s2","haven_labelled/vctrs_vctr/double","Who Help in Person from Sibling[31]'s Family","0 No=0 | 1 Himself/herself=1 | 2 His/her Spouse=2 | 3 His/her Children=3","exdb036_31__s2 Who Help in Person from Sibling[31]'s Family"
"raw_exit","restricted_source/Exit_Module.dta","exdb036_31__s3","haven_labelled/vctrs_vctr/double","Who Help in Person from Sibling[31]'s Family","0 No=0 | 1 Himself/herself=1 | 2 His/her Spouse=2 | 3 His/her Children=3","exdb036_31__s3 Who Help in Person from Sibling[31]'s Family"
"raw_exit","restricted_source/Exit_Module.dta","exdb036_32__s1","haven_labelled/vctrs_vctr/double","Who Help in Person from Sibling[32]'s Family","0 No=0 | 1 Himself/herself=1 | 2 His/her Spouse=2 | 3 His/her Children=3","exdb036_32__s1 Who Help in Person from Sibling[32]'s Family"
"raw_exit","restricted_source/Exit_Module.dta","exdb036_32__s2","haven_labelled/vctrs_vctr/double","Who Help in Person from Sibling[32]'s Family","0 No=0 | 1 Himself/herself=1 | 2 His/her Spouse=2 | 3 His/her Children=3","exdb036_32__s2 Who Help in Person from Sibling[32]'s Family"
"raw_exit","restricted_source/Exit_Module.dta","exdb036_32__s3","haven_labelled/vctrs_vctr/double","Who Help in Person from Sibling[32]'s Family","0 No=0 | 1 Himself/herself=1 | 2 His/her Spouse=2 | 3 His/her Children=3","exdb036_32__s3 Who Help in Person from Sibling[32]'s Family"
"raw_exit","restricted_source/Exit_Module.dta","exdb036_33__s1","haven_labelled/vctrs_vctr/double","Who Help in Person from Sibling[33]'s Family","0 No=0 | 1 Himself/herself=1 | 2 His/her Spouse=2 | 3 His/her Children=3","exdb036_33__s1 Who Help in Person from Sibling[33]'s Family"
"raw_exit","restricted_source/Exit_Module.dta","exdb036_33__s2","haven_labelled/vctrs_vctr/double","Who Help in Person from Sibling[33]'s Family","0 No=0 | 1 Himself/herself=1 | 2 His/her Spouse=2 | 3 His/her Children=3","exdb036_33__s2 Who Help in Person from Sibling[33]'s Family"
"raw_exit","restricted_source/Exit_Module.dta","exdb036_33__s3","haven_labelled/vctrs_vctr/double","Who Help in Person from Sibling[33]'s Family","0 No=0 | 1 Himself/herself=1 | 2 His/her Spouse=2 | 3 His/her Children=3","exdb036_33__s3 Who Help in Person from Sibling[33]'s Family"
"raw_exit","restricted_source/Exit_Module.dta","exdb036_34__s1","haven_labelled/vctrs_vctr/double","Who Help in Person from Sibling[34]'s Family","0 No=0 | 1 Himself/herself=1 | 2 His/her Spouse=2 | 3 His/her Children=3","exdb036_34__s1 Who Help in Person from Sibling[34]'s Family"
"raw_exit","restricted_source/Exit_Module.dta","exdb036_34__s2","haven_labelled/vctrs_vctr/double","Who Help in Person from Sibling[34]'s Family","0 No=0 | 1 Himself/herself=1 | 2 His/her Spouse=2 | 3 His/her Children=3","exdb036_34__s2 Who Help in Person from Sibling[34]'s Family"
"raw_exit","restricted_source/Exit_Module.dta","exdb036_34__s3","haven_labelled/vctrs_vctr/double","Who Help in Person from Sibling[34]'s Family","0 No=0 | 1 Himself/herself=1 | 2 His/her Spouse=2 | 3 His/her Children=3","exdb036_34__s3 Who Help in Person from Sibling[34]'s Family"
"raw_exit","restricted_source/Exit_Module.dta","exdb036_35__s1","haven_labelled/vctrs_vctr/double","Who Help in Person from Sibling[35]'s Family","0 No=0 | 1 Himself/herself=1 | 2 His/her Spouse=2 | 3 His/her Children=3","exdb036_35__s1 Who Help in Person from Sibling[35]'s Family"
"raw_exit","restricted_source/Exit_Module.dta","exdb036_35__s2","haven_labelled/vctrs_vctr/double","Who Help in Person from Sibling[35]'s Family","0 No=0 | 1 Himself/herself=1 | 2 His/her Spouse=2 | 3 His/her Children=3","exdb036_35__s2 Who Help in Person from Sibling[35]'s Family"
"raw_exit","restricted_source/Exit_Module.dta","exdb036_35__s3","haven_labelled/vctrs_vctr/double","Who Help in Person from Sibling[35]'s Family","0 No=0 | 1 Himself/herself=1 | 2 His/her Spouse=2 | 3 His/her Children=3","exdb036_35__s3 Who Help in Person from Sibling[35]'s Family"
"raw_exit","restricted_source/Exit_Module.dta","exdb036_36__s1","haven_labelled/vctrs_vctr/double","Who Help in Person from Sibling[36]'s Family","0 No=0 | 1 Himself/herself=1 | 2 His/her Spouse=2 | 3 His/her Children=3","exdb036_36__s1 Who Help in Person from Sibling[36]'s Family"
"raw_exit","restricted_source/Exit_Module.dta","exdb036_36__s2","haven_labelled/vctrs_vctr/double","Who Help in Person from Sibling[36]'s Family","0 No=0 | 1 Himself/herself=1 | 2 His/her Spouse=2 | 3 His/her Children=3","exdb036_36__s2 Who Help in Person from Sibling[36]'s Family"
"raw_exit","restricted_source/Exit_Module.dta","exdb036_36__s3","haven_labelled/vctrs_vctr/double","Who Help in Person from Sibling[36]'s Family","0 No=0 | 1 Himself/herself=1 | 2 His/her Spouse=2 | 3 His/her Children=3","exdb036_36__s3 Who Help in Person from Sibling[36]'s Family"
"raw_exit","restricted_source/Exit_Module.dta","exdb036_37__s1","haven_labelled/vctrs_vctr/double","Who Help in Person from Sibling[37]'s Family","0 No=0 | 1 Himself/herself=1 | 2 His/her Spouse=2 | 3 His/her Children=3","exdb036_37__s1 Who Help in Person from Sibling[37]'s Family"
"raw_exit","restricted_source/Exit_Module.dta","exdb036_37__s2","haven_labelled/vctrs_vctr/double","Who Help in Person from Sibling[37]'s Family","0 No=0 | 1 Himself/herself=1 | 2 His/her Spouse=2 | 3 His/her Children=3","exdb036_37__s2 Who Help in Person from Sibling[37]'s Family"
"raw_exit","restricted_source/Exit_Module.dta","exdb036_37__s3","haven_labelled/vctrs_vctr/double","Who Help in Person from Sibling[37]'s Family","0 No=0 | 1 Himself/herself=1 | 2 His/her Spouse=2 | 3 His/her Children=3","exdb036_37__s3 Who Help in Person from Sibling[37]'s Family"
"raw_exit","restricted_source/Exit_Module.dta","exdb036_38__s1","haven_labelled/vctrs_vctr/double","Who Help in Person from Sibling[38]'s Family","0 No=0 | 1 Himself/herself=1 | 2 His/her Spouse=2 | 3 His/her Children=3","exdb036_38__s1 Who Help in Person from Sibling[38]'s Family"
"raw_exit","restricted_source/Exit_Module.dta","exdb036_38__s2","haven_labelled/vctrs_vctr/double","Who Help in Person from Sibling[38]'s Family","0 No=0 | 1 Himself/herself=1 | 2 His/her Spouse=2 | 3 His/her Children=3","exdb036_38__s2 Who Help in Person from Sibling[38]'s Family"
"raw_exit","restricted_source/Exit_Module.dta","exdb036_38__s3","haven_labelled/vctrs_vctr/double","Who Help in Person from Sibling[38]'s Family","0 No=0 | 1 Himself/herself=1 | 2 His/her Spouse=2 | 3 His/her Children=3","exdb036_38__s3 Who Help in Person from Sibling[38]'s Family"
"raw_exit","restricted_source/Exit_Module.dta","exdb036_1_31_","numeric","Number of Children Helped","","exdb036_1_31_ Number of Children Helped"
"raw_exit","restricted_source/Exit_Module.dta","exdb036_1_32_","numeric","Number of Children Helped","","exdb036_1_32_ Number of Children Helped"
"raw_exit","restricted_source/Exit_Module.dta","exdb036_1_33_","numeric","Number of Children Helped","","exdb036_1_33_ Number of Children Helped"
"raw_exit","restricted_source/Exit_Module.dta","exdb036_1_34_","numeric","Number of Children Helped","","exdb036_1_34_ Number of Children Helped"
"raw_exit","restricted_source/Exit_Module.dta","exdb036_1_35_","numeric","Number of Children Helped","","exdb036_1_35_ Number of Children Helped"
"raw_exit","restricted_source/Exit_Module.dta","exdb036_1_36_","numeric","Number of Children Helped","","exdb036_1_36_ Number of Children Helped"
"raw_exit","restricted_source/Exit_Module.dta","exdb036_1_37_","numeric","Number of Children Helped","","exdb036_1_37_ Number of Children Helped"
"raw_exit","restricted_source/Exit_Module.dta","exdb036_1_38_","numeric","Number of Children Helped","","exdb036_1_38_ Number of Children Helped"
"raw_exit","restricted_source/Exit_Module.dta","exdb037","numeric","Number of Relatives Help in Person","","exdb037 Number of Relatives Help in Person"
"raw_exit","restricted_source/Exit_Module.dta","exdb038","numeric","Number of Others Who Help in Person","","exdb038 Number of Others Who Help in Person"
"raw_exit","restricted_source/Exit_Module.dta","exdb039_s1","haven_labelled/vctrs_vctr/double","Choose Most Important 7 Helpers","0 No=0 | 1 Helper[1]=1","exdb039_s1 Choose Most Important 7 Helpers"
"raw_exit","restricted_source/Exit_Module.dta","exdb039_s2","haven_labelled/vctrs_vctr/double","Choose Most Important 7 Helpers","0 No=0 | 2 Helper[2]=2","exdb039_s2 Choose Most Important 7 Helpers"
"raw_exit","restricted_source/Exit_Module.dta","exdb039_s3","haven_labelled/vctrs_vctr/double","Choose Most Important 7 Helpers","0 No=0 | 3 Helper[3]=3","exdb039_s3 Choose Most Important 7 Helpers"
"raw_exit","restricted_source/Exit_Module.dta","exdb039_s4","haven_labelled/vctrs_vctr/double","Choose Most Important 7 Helpers","0 No=0 | 4 Helper[4]=4","exdb039_s4 Choose Most Important 7 Helpers"
"raw_exit","restricted_source/Exit_Module.dta","exdb039_s5","haven_labelled/vctrs_vctr/double","Choose Most Important 7 Helpers","0 No=0 | 5 Helper[5]=5","exdb039_s5 Choose Most Important 7 Helpers"
"raw_exit","restricted_source/Exit_Module.dta","exdb039_s6","haven_labelled/vctrs_vctr/double","Choose Most Important 7 Helpers","0 No=0 | 6 Helper[6]=6","exdb039_s6 Choose Most Important 7 Helpers"
"raw_exit","restricted_source/Exit_Module.dta","exdb039_s7","haven_labelled/vctrs_vctr/double","Choose Most Important 7 Helpers","0 No=0 | 7 Helper[7]=7","exdb039_s7 Choose Most Important 7 Helpers"
"raw_exit","restricted_source/Exit_Module.dta","exdb039_s8","haven_labelled/vctrs_vctr/double","Choose Most Important 7 Helpers","0 No=0 | 8 Helper[8]=8","exdb039_s8 Choose Most Important 7 Helpers"
"raw_exit","restricted_source/Exit_Module.dta","exdb039_s9","haven_labelled/vctrs_vctr/double","Choose Most Important 7 Helpers","0 No=0 | 9 Helper[9]=9","exdb039_s9 Choose Most Important 7 Helpers"
"raw_exit","restricted_source/Exit_Module.dta","exdb039_s10","haven_labelled/vctrs_vctr/double","Choose Most Important 7 Helpers","0 No=0 | 10 Helper[10]=10","exdb039_s10 Choose Most Important 7 Helpers"
"raw_exit","restricted_source/Exit_Module.dta","exdb039_s11","haven_labelled/vctrs_vctr/double","Choose Most Important 7 Helpers","0 No=0 | 11 Helper[11]=11","exdb039_s11 Choose Most Important 7 Helpers"
"raw_exit","restricted_source/Exit_Module.dta","exdb039_s12","haven_labelled/vctrs_vctr/double","Choose Most Important 7 Helpers","0 No=0 | 12 Helper[12]=12","exdb039_s12 Choose Most Important 7 Helpers"
"raw_exit","restricted_source/Exit_Module.dta","exdb039_s13","haven_labelled/vctrs_vctr/double","Choose Most Important 7 Helpers","0 No=0 | 13 Helper[13]=13","exdb039_s13 Choose Most Important 7 Helpers"
"raw_exit","restricted_source/Exit_Module.dta","exdb039_s14","haven_labelled/vctrs_vctr/double","Choose Most Important 7 Helpers","0 No=0 | 14 Helper[14]=14","exdb039_s14 Choose Most Important 7 Helpers"
"raw_exit","restricted_source/Exit_Module.dta","exdb039_s15","haven_labelled/vctrs_vctr/double","Choose Most Important 7 Helpers","0 No=0 | 15 Helper[15]=15","exdb039_s15 Choose Most Important 7 Helpers"
"raw_exit","restricted_source/Exit_Module.dta","exdb039_s16","haven_labelled/vctrs_vctr/double","Choose Most Important 7 Helpers","0 No=0 | 16 Helper[16]=16","exdb039_s16 Choose Most Important 7 Helpers"
"raw_exit","restricted_source/Exit_Module.dta","exdb039_s17","haven_labelled/vctrs_vctr/double","Choose Most Important 7 Helpers","0 No=0 | 17 Helper[17]=17","exdb039_s17 Choose Most Important 7 Helpers"
"raw_exit","restricted_source/Exit_Module.dta","exdb039_s18","haven_labelled/vctrs_vctr/double","Choose Most Important 7 Helpers","0 No=0 | 18 Helper[18]=18","exdb039_s18 Choose Most Important 7 Helpers"
"raw_exit","restricted_source/Exit_Module.dta","exdb039_s19","haven_labelled/vctrs_vctr/double","Choose Most Important 7 Helpers","0 No=0 | 19 Helper[19]=19","exdb039_s19 Choose Most Important 7 Helpers"
"raw_exit","restricted_source/Exit_Module.dta","exdb040_1_","numeric","Days Helper[1] Helped","","exdb040_1_ Days Helper[1] Helped"
"raw_exit","restricted_source/Exit_Module.dta","exdb040_2_","numeric","Days Helper[2] Helped","","exdb040_2_ Days Helper[2] Helped"
"raw_exit","restricted_source/Exit_Module.dta","exdb040_3_","numeric","Days Helper[3] Helped","","exdb040_3_ Days Helper[3] Helped"
"raw_exit","restricted_source/Exit_Module.dta","exdb040_4_","numeric","Days Helper[4] Helped","","exdb040_4_ Days Helper[4] Helped"
"raw_exit","restricted_source/Exit_Module.dta","exdb040_5_","numeric","Days Helper[5] Helped","","exdb040_5_ Days Helper[5] Helped"
"raw_exit","restricted_source/Exit_Module.dta","exdb040_6_","numeric","Days Helper[6] Helped","","exdb040_6_ Days Helper[6] Helped"
"raw_exit","restricted_source/Exit_Module.dta","exdb040_7_","numeric","Days Helper[7] Helped","","exdb040_7_ Days Helper[7] Helped"
"raw_exit","restricted_source/Exit_Module.dta","exdb040_8_","numeric","Days Helper[8] Helped","","exdb040_8_ Days Helper[8] Helped"
"raw_exit","restricted_source/Exit_Module.dta","exdb040_9_","numeric","Days Helper[9] Helped","","exdb040_9_ Days Helper[9] Helped"
"raw_exit","restricted_source/Exit_Module.dta","exdb040_10_","numeric","Days Helper[10] Helped","","exdb040_10_ Days Helper[10] Helped"
"raw_exit","restricted_source/Exit_Module.dta","exdb040_11_","numeric","Days Helper[11] Helped","","exdb040_11_ Days Helper[11] Helped"
"raw_exit","restricted_source/Exit_Module.dta","exdb040_12_","numeric","Days Helper[12] Helped","","exdb040_12_ Days Helper[12] Helped"
"raw_exit","restricted_source/Exit_Module.dta","exdb040_13_","numeric","Days Helper[13] Helped","","exdb040_13_ Days Helper[13] Helped"
"raw_exit","restricted_source/Exit_Module.dta","exdb040_14_","numeric","Days Helper[14] Helped","","exdb040_14_ Days Helper[14] Helped"
"raw_exit","restricted_source/Exit_Module.dta","exdb040_15_","numeric","Days Helper[15] Helped","","exdb040_15_ Days Helper[15] Helped"
"raw_exit","restricted_source/Exit_Module.dta","exdb040_16_","numeric","Days Helper[16] Helped","","exdb040_16_ Days Helper[16] Helped"
"raw_exit","restricted_source/Exit_Module.dta","exdb040_18_","numeric","Days Helper[18] Helped","","exdb040_18_ Days Helper[18] Helped"
"raw_exit","restricted_source/Exit_Module.dta","exdb040_19_","numeric","Days Helper[19] Helped","","exdb040_19_ Days Helper[19] Helped"
"raw_exit","restricted_source/Exit_Module.dta","exdb041_1_","numeric","Hours Helper[1] Helped","","exdb041_1_ Hours Helper[1] Helped"
"raw_exit","restricted_source/Exit_Module.dta","exdb041_2_","numeric","Hours Helper[2] Helped","","exdb041_2_ Hours Helper[2] Helped"
"raw_exit","restricted_source/Exit_Module.dta","exdb041_3_","numeric","Hours Helper[3] Helped","","exdb041_3_ Hours Helper[3] Helped"
"raw_exit","restricted_source/Exit_Module.dta","exdb041_4_","numeric","Hours Helper[4] Helped","","exdb041_4_ Hours Helper[4] Helped"
"raw_exit","restricted_source/Exit_Module.dta","exdb041_5_","numeric","Hours Helper[5] Helped","","exdb041_5_ Hours Helper[5] Helped"
"raw_exit","restricted_source/Exit_Module.dta","exdb041_6_","numeric","Hours Helper[6] Helped","","exdb041_6_ Hours Helper[6] Helped"
"raw_exit","restricted_source/Exit_Module.dta","exdb041_7_","numeric","Hours Helper[7] Helped","","exdb041_7_ Hours Helper[7] Helped"
"raw_exit","restricted_source/Exit_Module.dta","exdb041_8_","numeric","Hours Helper[8] Helped","","exdb041_8_ Hours Helper[8] Helped"
"raw_exit","restricted_source/Exit_Module.dta","exdb041_9_","numeric","Hours Helper[9] Helped","","exdb041_9_ Hours Helper[9] Helped"
"raw_exit","restricted_source/Exit_Module.dta","exdb041_10_","numeric","Hours Helper[10] Helped","","exdb041_10_ Hours Helper[10] Helped"
"raw_exit","restricted_source/Exit_Module.dta","exdb041_11_","numeric","Hours Helper[11] Helped","","exdb041_11_ Hours Helper[11] Helped"
"raw_exit","restricted_source/Exit_Module.dta","exdb041_12_","numeric","Hours Helper[12] Helped","","exdb041_12_ Hours Helper[12] Helped"
"raw_exit","restricted_source/Exit_Module.dta","exdb041_13_","numeric","Hours Helper[13] Helped","","exdb041_13_ Hours Helper[13] Helped"
"raw_exit","restricted_source/Exit_Module.dta","exdb041_14_","numeric","Hours Helper[14] Helped","","exdb041_14_ Hours Helper[14] Helped"
"raw_exit","restricted_source/Exit_Module.dta","exdb041_15_","numeric","Hours Helper[15] Helped","","exdb041_15_ Hours Helper[15] Helped"
"raw_exit","restricted_source/Exit_Module.dta","exdb041_16_","numeric","Hours Helper[16] Helped","","exdb041_16_ Hours Helper[16] Helped"
"raw_exit","restricted_source/Exit_Module.dta","exdb041_18_","numeric","Hours Helper[18] Helped","","exdb041_18_ Hours Helper[18] Helped"
"raw_exit","restricted_source/Exit_Module.dta","exdb041_19_","numeric","Hours Helper[19] Helped","","exdb041_19_ Hours Helper[19] Helped"
"raw_exit","restricted_source/Exit_Module.dta","exdb042_1_","haven_labelled/vctrs_vctr/double","Helper[1] Living in Your Home","1 Yes=1 | 2 No=2","exdb042_1_ Helper[1] Living in Your Home"
"raw_exit","restricted_source/Exit_Module.dta","exdb042_2_","haven_labelled/vctrs_vctr/double","Helper[2] Living in Your Home","1 Yes=1 | 2 No=2","exdb042_2_ Helper[2] Living in Your Home"
"raw_exit","restricted_source/Exit_Module.dta","exdb042_3_","haven_labelled/vctrs_vctr/double","Helper[3] Living in Your Home","1 Yes=1 | 2 No=2","exdb042_3_ Helper[3] Living in Your Home"
"raw_exit","restricted_source/Exit_Module.dta","exdb042_4_","haven_labelled/vctrs_vctr/double","Helper[4] Living in Your Home","1 Yes=1 | 2 No=2","exdb042_4_ Helper[4] Living in Your Home"
"raw_exit","restricted_source/Exit_Module.dta","exdb042_5_","haven_labelled/vctrs_vctr/double","Helper[5] Living in Your Home","1 Yes=1 | 2 No=2","exdb042_5_ Helper[5] Living in Your Home"
"raw_exit","restricted_source/Exit_Module.dta","exdb042_6_","haven_labelled/vctrs_vctr/double","Helper[6] Living in Your Home","1 Yes=1 | 2 No=2","exdb042_6_ Helper[6] Living in Your Home"
"raw_exit","restricted_source/Exit_Module.dta","exdb042_7_","haven_labelled/vctrs_vctr/double","Helper[7] Living in Your Home","1 Yes=1 | 2 No=2","exdb042_7_ Helper[7] Living in Your Home"
"raw_exit","restricted_source/Exit_Module.dta","exdb042_8_","haven_labelled/vctrs_vctr/double","Helper[8] Living in Your Home","1 Yes=1 | 2 No=2","exdb042_8_ Helper[8] Living in Your Home"
"raw_exit","restricted_source/Exit_Module.dta","exdb042_9_","haven_labelled/vctrs_vctr/double","Helper[9] Living in Your Home","1 Yes=1 | 2 No=2","exdb042_9_ Helper[9] Living in Your Home"
"raw_exit","restricted_source/Exit_Module.dta","exdb042_10_","haven_labelled/vctrs_vctr/double","Helper[10] Living in Your Home","1 Yes=1 | 2 No=2","exdb042_10_ Helper[10] Living in Your Home"
"raw_exit","restricted_source/Exit_Module.dta","exdb042_11_","haven_labelled/vctrs_vctr/double","Helper[11] Living in Your Home","1 Yes=1 | 2 No=2","exdb042_11_ Helper[11] Living in Your Home"
"raw_exit","restricted_source/Exit_Module.dta","exdb042_12_","haven_labelled/vctrs_vctr/double","Helper[12] Living in Your Home","1 Yes=1 | 2 No=2","exdb042_12_ Helper[12] Living in Your Home"
"raw_exit","restricted_source/Exit_Module.dta","exdb042_13_","haven_labelled/vctrs_vctr/double","Helper[13] Living in Your Home","1 Yes=1 | 2 No=2","exdb042_13_ Helper[13] Living in Your Home"
"raw_exit","restricted_source/Exit_Module.dta","exdb042_14_","haven_labelled/vctrs_vctr/double","Helper[14] Living in Your Home","1 Yes=1 | 2 No=2","exdb042_14_ Helper[14] Living in Your Home"
"raw_exit","restricted_source/Exit_Module.dta","exdb042_15_","haven_labelled/vctrs_vctr/double","Helper[15] Living in Your Home","1 Yes=1 | 2 No=2","exdb042_15_ Helper[15] Living in Your Home"
"raw_exit","restricted_source/Exit_Module.dta","exdb042_16_","haven_labelled/vctrs_vctr/double","Helper[16] Living in Your Home","1 Yes=1 | 2 No=2","exdb042_16_ Helper[16] Living in Your Home"
"raw_exit","restricted_source/Exit_Module.dta","exdb042_18_","haven_labelled/vctrs_vctr/double","Helper[18] Living in Your Home","1 Yes=1 | 2 No=2","exdb042_18_ Helper[18] Living in Your Home"
"raw_exit","restricted_source/Exit_Module.dta","exdb042_19_","haven_labelled/vctrs_vctr/double","Helper[19] Living in Your Home","1 Yes=1 | 2 No=2","exdb042_19_ Helper[19] Living in Your Home"
"raw_exit","restricted_source/Exit_Module.dta","exdb043_s1","haven_labelled/vctrs_vctr/double","Aids Used","0 No=0 | 1 Walking Stick=1 | 2 Walker=2 | 3 Manual Wheelchair=3 | 4 Electric Wheelchair=4 | 5 Catheter=5 | 6 Toilet Series=6 | 7 None of the Above=7","exdb043_s1 Aids Used"
"raw_exit","restricted_source/Exit_Module.dta","exdb043_s2","haven_labelled/vctrs_vctr/double","Aids Used","0 No=0 | 1 Walking Stick=1 | 2 Walker=2 | 3 Manual Wheelchair=3 | 4 Electric Wheelchair=4 | 5 Catheter=5 | 6 Toilet Series=6 | 7 None of the Above=7","exdb043_s2 Aids Used"
"raw_exit","restricted_source/Exit_Module.dta","exdb043_s3","haven_labelled/vctrs_vctr/double","Aids Used","0 No=0 | 1 Walking Stick=1 | 2 Walker=2 | 3 Manual Wheelchair=3 | 4 Electric Wheelchair=4 | 5 Catheter=5 | 6 Toilet Series=6 | 7 None of the Above=7","exdb043_s3 Aids Used"
"raw_exit","restricted_source/Exit_Module.dta","exdb043_s4","haven_labelled/vctrs_vctr/double","Aids Used","0 No=0 | 1 Walking Stick=1 | 2 Walker=2 | 3 Manual Wheelchair=3 | 4 Electric Wheelchair=4 | 5 Catheter=5 | 6 Toilet Series=6 | 7 None of the Above=7","exdb043_s4 Aids Used"
"raw_exit","restricted_source/Exit_Module.dta","exdb043_s5","haven_labelled/vctrs_vctr/double","Aids Used","0 No=0 | 1 Walking Stick=1 | 2 Walker=2 | 3 Manual Wheelchair=3 | 4 Electric Wheelchair=4 | 5 Catheter=5 | 6 Toilet Series=6 | 7 None of the Above=7","exdb043_s5 Aids Used"
"raw_exit","restricted_source/Exit_Module.dta","exdb043_s6","haven_labelled/vctrs_vctr/double","Aids Used","0 No=0 | 1 Walking Stick=1 | 2 Walker=2 | 3 Manual Wheelchair=3 | 4 Electric Wheelchair=4 | 5 Catheter=5 | 6 Toilet Series=6 | 7 None of the Above=7","exdb043_s6 Aids Used"
"raw_exit","restricted_source/Exit_Module.dta","exdb043_s7","haven_labelled/vctrs_vctr/double","Aids Used","0 No=0 | 1 Walking Stick=1 | 2 Walker=2 | 3 Manual Wheelchair=3 | 4 Electric Wheelchair=4 | 5 Catheter=5 | 6 Toilet Series=6 | 7 None of the Above=7","exdb043_s7 Aids Used"
"raw_exit","restricted_source/Exit_Module.dta","exea001_s1","numeric","Urban Employee Medical Insurance (yi-bao)","","exea001_s1 Urban Employee Medical Insurance (yi-bao)"
"raw_exit","restricted_source/Exit_Module.dta","exea001_s2","numeric","Urban and Rural Resident Medical Insurance","","exea001_s2 Urban and Rural Resident Medical Insurance"
"raw_exit","restricted_source/Exit_Module.dta","exea001_s3","numeric","Urban Resident Medical Insurance","","exea001_s3 Urban Resident Medical Insurance"
"raw_exit","restricted_source/Exit_Module.dta","exea001_s4","numeric","New Cooperative Medical Insurance (he-zuo-yi-liao)","","exea001_s4 New Cooperative Medical Insurance (he-zuo-yi-liao)"
"raw_exit","restricted_source/Exit_Module.dta","exea001_s5","numeric","Government Medical Insurance (gong-fei-yi-liao)","","exea001_s5 Government Medical Insurance (gong-fei-yi-liao)"
"raw_exit","restricted_source/Exit_Module.dta","exea001_s6","numeric","Medical Aid","","exea001_s6 Medical Aid"
"raw_exit","restricted_source/Exit_Module.dta","exea001_s7","numeric","Private Medical Insurance: Purchased by Work Unit","","exea001_s7 Private Medical Insurance: Purchased by Work Unit"
"raw_exit","restricted_source/Exit_Module.dta","exea001_s8","numeric","Private Medical Insurance: Purchased by Individual","","exea001_s8 Private Medical Insurance: Purchased by Individual"
"raw_exit","restricted_source/Exit_Module.dta","exea001_s9","numeric","Urban Non-employed Persons's Health Insurance","","exea001_s9 Urban Non-employed Persons's Health Insurance"
"raw_exit","restricted_source/Exit_Module.dta","exea001_s10","numeric","Long-term Care Insurance","","exea001_s10 Long-term Care Insurance"
"raw_exit","restricted_source/Exit_Module.dta","exea001_s11","numeric","Other Medical Insurance (Specify)","","exea001_s11 Other Medical Insurance (Specify)"
"raw_exit","restricted_source/Exit_Module.dta","exea001_s12","numeric","No Insurance","","exea001_s12 No Insurance"
"raw_exit","restricted_source/Exit_Module.dta","exea001_verify","numeric","Verify Health Insurance","","exea001_verify Verify Health Insurance"
"raw_exit","restricted_source/Exit_Module.dta","exea002","haven_labelled/vctrs_vctr/double","Supplemental Insurance","1 Yes=1 | 2 No=2","exea002 Supplemental Insurance"
"raw_exit","restricted_source/Exit_Module.dta","exea003_4_","haven_labelled/vctrs_vctr/double","Where Did R Set Up XEXMINS_4_","1 Residence Before Death=1 | 2 (If It Is Not In This County)The Place of R's HuKou=2 | 3 Other=3","exea003_4_ Where Did R Set Up XEXMINS_4_"
"raw_exit","restricted_source/Exit_Module.dta","exea003_2_","haven_labelled/vctrs_vctr/double","Where Did R Set Up XEXMINS_2_","1 Residence Before Death=1 | 2 (If It Is Not In This County)The Place of R's HuKou=2 | 3 Other=3","exea003_2_ Where Did R Set Up XEXMINS_2_"
"raw_exit","restricted_source/Exit_Module.dta","exea003_3_","haven_labelled/vctrs_vctr/double","Where Did R Set Up XEXMINS_3_","1 Residence Before Death=1 | 2 (If It Is Not In This County)The Place of R's HuKou=2 | 3 Other=3","exea003_3_ Where Did R Set Up XEXMINS_3_"
"raw_exit","restricted_source/Exit_Module.dta","exea003_1_","haven_labelled/vctrs_vctr/double","Where Did R Set Up XEXMINS_1_","1 Residence Before Death=1 | 2 (If It Is Not In This County)The Place of R's HuKou=2 | 3 Other=3","exea003_1_ Where Did R Set Up XEXMINS_1_"
"raw_exit","restricted_source/Exit_Module.dta","exea003_6_","haven_labelled/vctrs_vctr/double","Where Did R Set Up XEXMINS_6_","1 Residence Before Death=1 | 2 (If It Is Not In This County)The Place of R's HuKou=2 | 3 Other=3","exea003_6_ Where Did R Set Up XEXMINS_6_"
"raw_exit","restricted_source/Exit_Module.dta","exea003_5_","haven_labelled/vctrs_vctr/double","Where Did R Set Up XEXMINS_5_","1 Residence Before Death=1 | 2 (If It Is Not In This County)The Place of R's HuKou=2 | 3 Other=3","exea003_5_ Where Did R Set Up XEXMINS_5_"
"raw_exit","restricted_source/Exit_Module.dta","exea003_8_","haven_labelled/vctrs_vctr/double","Where Did R Set Up XEXMINS_8_","1 Residence Before Death=1 | 2 (If It Is Not In This County)The Place of R's HuKou=2 | 3 Other=3","exea003_8_ Where Did R Set Up XEXMINS_8_"
"raw_exit","restricted_source/Exit_Module.dta","exea003_11_","haven_labelled/vctrs_vctr/double","Where Did R Set Up XEXMINS_11_","1 Residence Before Death=1 | 2 (If It Is Not In This County)The Place of R's HuKou=2 | 3 Other=3","exea003_11_ Where Did R Set Up XEXMINS_11_"
"raw_exit","restricted_source/Exit_Module.dta","exea003_9_","haven_labelled/vctrs_vctr/double","Where Did R Set Up XEXMINS_9_","1 Residence Before Death=1 | 2 (If It Is Not In This County)The Place of R's HuKou=2 | 3 Other=3","exea003_9_ Where Did R Set Up XEXMINS_9_"
"raw_exit","restricted_source/Exit_Module.dta","exea003_7_","haven_labelled/vctrs_vctr/double","Where Did R Set Up XEXMINS_7_","1 Residence Before Death=1 | 2 (If It Is Not In This County)The Place of R's HuKou=2 | 3 Other=3","exea003_7_ Where Did R Set Up XEXMINS_7_"
"raw_exit","restricted_source/Exit_Module.dta","exea008_1_4_","numeric","Year of XEXMINS_4_ Begin","","exea008_1_4_ Year of XEXMINS_4_ Begin"
"raw_exit","restricted_source/Exit_Module.dta","exea008_1_2_","numeric","Year of XEXMINS_2_ Begin","","exea008_1_2_ Year of XEXMINS_2_ Begin"
"raw_exit","restricted_source/Exit_Module.dta","exea008_1_3_","numeric","Year of XEXMINS_3_ Begin","","exea008_1_3_ Year of XEXMINS_3_ Begin"
"raw_exit","restricted_source/Exit_Module.dta","exea008_1_1_","numeric","Year of XEXMINS_1_ Begin","","exea008_1_1_ Year of XEXMINS_1_ Begin"
"raw_exit","restricted_source/Exit_Module.dta","exea008_1_6_","numeric","Year of XEXMINS_6_ Begin","","exea008_1_6_ Year of XEXMINS_6_ Begin"
"raw_exit","restricted_source/Exit_Module.dta","exea008_1_5_","numeric","Year of XEXMINS_5_ Begin","","exea008_1_5_ Year of XEXMINS_5_ Begin"
"raw_exit","restricted_source/Exit_Module.dta","exea008_1_8_","numeric","Year of XEXMINS_8_ Begin","","exea008_1_8_ Year of XEXMINS_8_ Begin"
"raw_exit","restricted_source/Exit_Module.dta","exea008_1_11_","numeric","Year of XEXMINS_11_ Begin","","exea008_1_11_ Year of XEXMINS_11_ Begin"
"raw_exit","restricted_source/Exit_Module.dta","exea008_1_9_","numeric","Year of XEXMINS_9_ Begin","","exea008_1_9_ Year of XEXMINS_9_ Begin"
"raw_exit","restricted_source/Exit_Module.dta","exea008_1_7_","numeric","Year of XEXMINS_7_ Begin","","exea008_1_7_ Year of XEXMINS_7_ Begin"
"raw_exit","restricted_source/Exit_Module.dta","exea008_2_4_","numeric","Month of XEXMINS_4_ Begin","","exea008_2_4_ Month of XEXMINS_4_ Begin"
"raw_exit","restricted_source/Exit_Module.dta","exea008_2_2_","numeric","Month of XEXMINS_2_ Begin","","exea008_2_2_ Month of XEXMINS_2_ Begin"
"raw_exit","restricted_source/Exit_Module.dta","exea008_2_3_","numeric","Month of XEXMINS_3_ Begin","","exea008_2_3_ Month of XEXMINS_3_ Begin"
"raw_exit","restricted_source/Exit_Module.dta","exea008_2_1_","numeric","Month of XEXMINS_1_ Begin","","exea008_2_1_ Month of XEXMINS_1_ Begin"
"raw_exit","restricted_source/Exit_Module.dta","exea008_2_6_","numeric","Month of XEXMINS_6_ Begin","","exea008_2_6_ Month of XEXMINS_6_ Begin"
"raw_exit","restricted_source/Exit_Module.dta","exea008_2_5_","numeric","Month of XEXMINS_5_ Begin","","exea008_2_5_ Month of XEXMINS_5_ Begin"
"raw_exit","restricted_source/Exit_Module.dta","exea008_2_8_","numeric","Month of XEXMINS_8_ Begin","","exea008_2_8_ Month of XEXMINS_8_ Begin"
"raw_exit","restricted_source/Exit_Module.dta","exea008_2_11_","numeric","Month of XEXMINS_11_ Begin","","exea008_2_11_ Month of XEXMINS_11_ Begin"
"raw_exit","restricted_source/Exit_Module.dta","exea008_2_9_","numeric","Month of XEXMINS_9_ Begin","","exea008_2_9_ Month of XEXMINS_9_ Begin"
"raw_exit","restricted_source/Exit_Module.dta","exea008_2_7_","numeric","Month of XEXMINS_7_ Begin","","exea008_2_7_ Month of XEXMINS_7_ Begin"
"raw_exit","restricted_source/Exit_Module.dta","exea009_s1","numeric","I Do Not Need It","","exea009_s1 I Do Not Need It"
"raw_exit","restricted_source/Exit_Module.dta","exea009_s2","numeric","Cannot Afford It","","exea009_s2 Cannot Afford It"
"raw_exit","restricted_source/Exit_Module.dta","exea009_s3","numeric","Do Not Know Where or from Whom to Get It","","exea009_s3 Do Not Know Where or from Whom to Get It"
"raw_exit","restricted_source/Exit_Module.dta","exea009_s5","numeric","Do Not Have Suitable Programs for Me to Buy","","exea009_s5 Do Not Have Suitable Programs for Me to Buy"
"raw_exit","restricted_source/Exit_Module.dta","exea009_s6","numeric","Never Thought of It","","exea009_s6 Never Thought of It"
"raw_exit","restricted_source/Exit_Module.dta","exea009_s7","numeric","Others","","exea009_s7 Others"
"raw_exit","restricted_source/Exit_Module.dta","exeb001_s1","numeric","Urban Employee Medical Insurance (yi-bao)","","exeb001_s1 Urban Employee Medical Insurance (yi-bao)"
"raw_exit","restricted_source/Exit_Module.dta","exeb001_s2","numeric","Urban and Rural Resident Medical Insurance","","exeb001_s2 Urban and Rural Resident Medical Insurance"
"raw_exit","restricted_source/Exit_Module.dta","exeb001_s3","numeric","Urban Resident Medical Insurance","","exeb001_s3 Urban Resident Medical Insurance"
"raw_exit","restricted_source/Exit_Module.dta","exeb001_s4","numeric","New Cooperative Medical Insurance (he-zuo-yi-liao)","","exeb001_s4 New Cooperative Medical Insurance (he-zuo-yi-liao)"
"raw_exit","restricted_source/Exit_Module.dta","exeb001_s5","numeric","Government Medical Insurance (gong-fei)","","exeb001_s5 Government Medical Insurance (gong-fei)"
"raw_exit","restricted_source/Exit_Module.dta","exeb001_s6","numeric","Medical Aid","","exeb001_s6 Medical Aid"
"raw_exit","restricted_source/Exit_Module.dta","exeb001_s7","numeric","Private Medical Insurance: Purchased by Work Unit","","exeb001_s7 Private Medical Insurance: Purchased by Work Unit"
"raw_exit","restricted_source/Exit_Module.dta","exeb001_s8","numeric","Private Medical Insurance: Purchased by Individual","","exeb001_s8 Private Medical Insurance: Purchased by Individual"
"raw_exit","restricted_source/Exit_Module.dta","exeb001_s9","numeric","Urban Non-employed Persons’s Health Insurance","","exeb001_s9 Urban Non-employed Persons’s Health Insurance"
"raw_exit","restricted_source/Exit_Module.dta","exeb001_s10","numeric","Long-term Care Insurance","","exeb001_s10 Long-term Care Insurance"
"raw_exit","restricted_source/Exit_Module.dta","exeb001_s11","numeric","Other Medical Insurance (Specify)","","exeb001_s11 Other Medical Insurance (Specify)"
"raw_exit","restricted_source/Exit_Module.dta","exeb001_s12","numeric","No Insurance","","exeb001_s12 No Insurance"
"raw_exit","restricted_source/Exit_Module.dta","exeb003_1_4_","numeric","Year of Stoping Participate in New Cooperative Medical Insurance","","exeb003_1_4_ Year of Stoping Participate in New Cooperative Medical Insurance"
"raw_exit","restricted_source/Exit_Module.dta","exeb003_2_4_","numeric","Month of Stopping Participate in New Cooperative Medical Insurance","","exeb003_2_4_ Month of Stopping Participate in New Cooperative Medical Insurance"
"raw_exit","restricted_source/Exit_Module.dta","exeb004_4_","numeric","Reason of Stopping Participate in New Cooperative Medical Insurance","","exeb004_4_ Reason of Stopping Participate in New Cooperative Medical Insurance"
"raw_exit","restricted_source/Exit_Module.dta","exeb005","numeric","Receive Money from Any Health Insurance","","exeb005 Receive Money from Any Health Insurance"
"raw_exit","restricted_source/Exit_Module.dta","exeb006","numeric","How Much Is this Money","","exeb006 How Much Is this Money"
"raw_exit","restricted_source/Exit_Module.dta","exec001","haven_labelled/vctrs_vctr/double","Date of Last Physical Examination","1 Time of Physical Examination=1 | 2 Didn't Take Physical Examination Since Last Interview=2","exec001 Date of Last Physical Examination"
"raw_exit","restricted_source/Exit_Module.dta","exec001_1","numeric","Year","","exec001_1 Year"
"raw_exit","restricted_source/Exit_Module.dta","exec001_2","numeric","Month","","exec001_2 Month"
"raw_exit","restricted_source/Exit_Module.dta","exed030","numeric","Times of Respondent Visited A Public Hospital, Private Hospital, or Been Visited","","exed030 Times of Respondent Visited A Public Hospital, Private Hospital, or Been Visited"
"raw_exit","restricted_source/Exit_Module.dta","exed031","numeric","Total Cost","","exed031 Total Cost"
"raw_exit","restricted_source/Exit_Module.dta","exed031_min","character","EXED031_min","","exed031_min EXED031_min"
"raw_exit","restricted_source/Exit_Module.dta","exed031_max","character","EXED031_max","","exed031_max EXED031_max"
"raw_exit","restricted_source/Exit_Module.dta","exed032","haven_labelled/vctrs_vctr/double","Cost of Self-paid","1 Cost of Self-paid=1 | 2 Didn't Pay Anything=2","exed032 Cost of Self-paid"
"raw_exit","restricted_source/Exit_Module.dta","exed032_1","numeric","EXED032_1","","exed032_1 EXED032_1"
"raw_exit","restricted_source/Exit_Module.dta","exed032_1_min","character","EXED032_1_min","","exed032_1_min EXED032_1_min"
"raw_exit","restricted_source/Exit_Module.dta","exed032_1_max","character","EXED032_1_max","","exed032_1_max EXED032_1_max"
"raw_exit","restricted_source/Exit_Module.dta","exed033_s1","numeric","XEXMIns[1]","","exed033_s1 XEXMIns[1]"
"raw_exit","restricted_source/Exit_Module.dta","exed033_s2","numeric","XEXMIns[2]","","exed033_s2 XEXMIns[2]"
"raw_exit","restricted_source/Exit_Module.dta","exed033_s3","numeric","XEXMIns[3]","","exed033_s3 XEXMIns[3]"
"raw_exit","restricted_source/Exit_Module.dta","exed033_s4","numeric","XEXMIns[4]","","exed033_s4 XEXMIns[4]"
"raw_exit","restricted_source/Exit_Module.dta","exed033_s5","numeric","XEXMIns[5]","","exed033_s5 XEXMIns[5]"
"raw_exit","restricted_source/Exit_Module.dta","exed033_s6","numeric","XEXMIns[6]","","exed033_s6 XEXMIns[6]"
"raw_exit","restricted_source/Exit_Module.dta","exed033_s7","numeric","XEXMIns[7]","","exed033_s7 XEXMIns[7]"
"raw_exit","restricted_source/Exit_Module.dta","exed033_s8","numeric","XEXMIns[8]","","exed033_s8 XEXMIns[8]"
"raw_exit","restricted_source/Exit_Module.dta","exed033_s9","numeric","XEXMIns[9]","","exed033_s9 XEXMIns[9]"
"raw_exit","restricted_source/Exit_Module.dta","exed033_s10","numeric","XEXMIns[10]","","exed033_s10 XEXMIns[10]"
"raw_exit","restricted_source/Exit_Module.dta","exed033_s11","numeric","XEXMIns[11]","","exed033_s11 XEXMIns[11]"
"raw_exit","restricted_source/Exit_Module.dta","exed033_s12","numeric","Reimbursed by R's union","","exed033_s12 Reimbursed by R's union"
"raw_exit","restricted_source/Exit_Module.dta","exed033_s13","numeric","No Insurance","","exed033_s13 No Insurance"
"raw_exit","restricted_source/Exit_Module.dta","exed033_s14","numeric","Not Revelent to R","","exed033_s14 Not Revelent to R"
"raw_exit","restricted_source/Exit_Module.dta","exef001","haven_labelled/vctrs_vctr/double","Take Any Purchased Medicine in the Month before Death","1 Yes=1 | 2 No=2","exef001 Take Any Purchased Medicine in the Month before Death"
"raw_exit","restricted_source/Exit_Module.dta","exef002","numeric","Total Cost for Purchased Medicine","","exef002 Total Cost for Purchased Medicine"
"raw_exit","restricted_source/Exit_Module.dta","exef002_min","character","EXEF002_min","","exef002_min EXEF002_min"
"raw_exit","restricted_source/Exit_Module.dta","exef002_max","character","EXEF002_max","","exef002_max EXEF002_max"
"raw_exit","restricted_source/Exit_Module.dta","exef003","numeric","Self-Paid","","exef003 Self-Paid"
"raw_exit","restricted_source/Exit_Module.dta","exef003_1","numeric","EXEF003_1","","exef003_1 EXEF003_1"
"raw_exit","restricted_source/Exit_Module.dta","exef003_1_min","character","EXEF003_1_min","","exef003_1_min EXEF003_1_min"
"raw_exit","restricted_source/Exit_Module.dta","exef003_1_max","character","EXEF003_1_max","","exef003_1_max EXEF003_1_max"
"raw_exit","restricted_source/Exit_Module.dta","exef005_s1","numeric","XEXMIns[1]","","exef005_s1 XEXMIns[1]"
"raw_exit","restricted_source/Exit_Module.dta","exef005_s2","numeric","XEXMIns[2]","","exef005_s2 XEXMIns[2]"
"raw_exit","restricted_source/Exit_Module.dta","exef005_s3","numeric","XEXMIns[3]","","exef005_s3 XEXMIns[3]"
"raw_exit","restricted_source/Exit_Module.dta","exef005_s4","numeric","XEXMIns[4]","","exef005_s4 XEXMIns[4]"
"raw_exit","restricted_source/Exit_Module.dta","exef005_s5","numeric","XEXMIns[5]","","exef005_s5 XEXMIns[5]"
"raw_exit","restricted_source/Exit_Module.dta","exef005_s6","numeric","XEXMIns[6]","","exef005_s6 XEXMIns[6]"
"raw_exit","restricted_source/Exit_Module.dta","exef005_s7","numeric","XEXMIns[7]","","exef005_s7 XEXMIns[7]"
"raw_exit","restricted_source/Exit_Module.dta","exef005_s8","numeric","XEXMIns[8]","","exef005_s8 XEXMIns[8]"
"raw_exit","restricted_source/Exit_Module.dta","exef005_s9","numeric","XEXMIns[9]","","exef005_s9 XEXMIns[9]"
"raw_exit","restricted_source/Exit_Module.dta","exef005_s10","numeric","XEXMIns[10]","","exef005_s10 XEXMIns[10]"
"raw_exit","restricted_source/Exit_Module.dta","exef005_s11","numeric","XEXMIns[11]","","exef005_s11 XEXMIns[11]"
"raw_exit","restricted_source/Exit_Module.dta","exef005_s12","numeric","Reimbursed by R's union","","exef005_s12 Reimbursed by R's union"
"raw_exit","restricted_source/Exit_Module.dta","exef005_s13","numeric","No Insurance","","exef005_s13 No Insurance"
"raw_exit","restricted_source/Exit_Module.dta","exef005_s14","numeric","Not Revelent to R","","exef005_s14 Not Revelent to R"
"raw_exit","restricted_source/Exit_Module.dta","exeg000","numeric","Dead in Hospital","","exeg000 Dead in Hospital"
"raw_exit","restricted_source/Exit_Module.dta","exeg001","numeric","How Long Been A Patient in that Hospital before Death","","exeg001 How Long Been A Patient in that Hospital before Death"
"raw_exit","restricted_source/Exit_Module.dta","exeg001_1","numeric","EXEG001_1","","exeg001_1 EXEG001_1"
"raw_exit","restricted_source/Exit_Module.dta","exeg001_2","numeric","EXEG001_2","","exeg001_2 EXEG001_2"
"raw_exit","restricted_source/Exit_Module.dta","exeg001_3","numeric","EXEG001_3","","exeg001_3 EXEG001_3"
"raw_exit","restricted_source/Exit_Module.dta","exeg001_4","numeric","EXEG001_4","","exeg001_4 EXEG001_4"
"raw_exit","restricted_source/Exit_Module.dta","exeg001_5","numeric","EXEG001_5","","exeg001_5 EXEG001_5"
"raw_exit","restricted_source/Exit_Module.dta","exeg002","haven_labelled/vctrs_vctr/double","Why Had He/She Been Admitted to the Hospital?","1 Surgery=1 | 2 Receive Other Treatments=2 | 3 Relieve Symptoms=3 | 4 Others=4","exeg002 Why Had He/She Been Admitted to the Hospital?"
"raw_exit","restricted_source/Exit_Module.dta","exeg003","numeric","In Addition to that Hospital Stay, in the One Month before His/Her Death Had He/","","exeg003 In Addition to that Hospital Stay, in the One Month before His/Her Death Had He/"
"raw_exit","restricted_source/Exit_Module.dta","exeg004","numeric","In the One Year before His/Her Death Had He/She Been A Patient in A Hospital Ove","","exeg004 In the One Year before His/Her Death Had He/She Been A Patient in A Hospital Ove"
"raw_exit","restricted_source/Exit_Module.dta","exeg005","numeric","How Many Different Times Was He/She A Patient in A Hospital Overnight in the One","","exeg005 How Many Different Times Was He/She A Patient in A Hospital Overnight in the One"
"raw_exit","restricted_source/Exit_Module.dta","exeg006","haven_labelled/vctrs_vctr/double","During Any of Those Hospital Stays did R Spend any Time in An Intensive Care Uni","1 Yes=1 | 2 No=2","exeg006 During Any of Those Hospital Stays did R Spend any Time in An Intensive Care Uni"
"raw_exit","restricted_source/Exit_Module.dta","exeg006_1","numeric","EXEG006_1","","exeg006_1 EXEG006_1"
"raw_exit","restricted_source/Exit_Module.dta","exeg007_s1","numeric","Respirator","","exeg007_s1 Respirator"
"raw_exit","restricted_source/Exit_Module.dta","exeg007_s2","numeric","Artificial liver","","exeg007_s2 Artificial liver"
"raw_exit","restricted_source/Exit_Module.dta","exeg007_s3","numeric","Artificial lung","","exeg007_s3 Artificial lung"
"raw_exit","restricted_source/Exit_Module.dta","exeg007_s4","numeric","None of above","","exeg007_s4 None of above"
"raw_exit","restricted_source/Exit_Module.dta","exeg008","numeric","During Any of Those Hospital Stays Did R Use Kidney Dialysis Services?","","exeg008 During Any of Those Hospital Stays Did R Use Kidney Dialysis Services?"
"raw_exit","restricted_source/Exit_Module.dta","exeg009","numeric","During Any of Those Hospital Stays did R Receive Antibiotics to Treat Pneumonia","","exeg009 During Any of Those Hospital Stays did R Receive Antibiotics to Treat Pneumonia"
"raw_exit","restricted_source/Exit_Module.dta","exeg010","numeric","Total Cost for Hospital Bills","","exeg010 Total Cost for Hospital Bills"
"raw_exit","restricted_source/Exit_Module.dta","exeg011","numeric","Self-paid Part","","exeg011 Self-paid Part"
"raw_exit","restricted_source/Exit_Module.dta","exeg011_1","numeric","Self-paid Part","","exeg011_1 Self-paid Part"
"raw_exit","restricted_source/Exit_Module.dta","exeg012_s1","numeric","XEXMIns[1]","","exeg012_s1 XEXMIns[1]"
"raw_exit","restricted_source/Exit_Module.dta","exeg012_s2","numeric","XEXMIns[2]","","exeg012_s2 XEXMIns[2]"
"raw_exit","restricted_source/Exit_Module.dta","exeg012_s3","numeric","XEXMIns[3]","","exeg012_s3 XEXMIns[3]"
"raw_exit","restricted_source/Exit_Module.dta","exeg012_s4","numeric","XEXMIns[4]","","exeg012_s4 XEXMIns[4]"
"raw_exit","restricted_source/Exit_Module.dta","exeg012_s5","numeric","XEXMIns[5]","","exeg012_s5 XEXMIns[5]"
"raw_exit","restricted_source/Exit_Module.dta","exeg012_s6","numeric","XEXMIns[6]","","exeg012_s6 XEXMIns[6]"
"raw_exit","restricted_source/Exit_Module.dta","exeg012_s7","numeric","XEXMIns[7]","","exeg012_s7 XEXMIns[7]"
"raw_exit","restricted_source/Exit_Module.dta","exeg012_s8","numeric","XEXMIns[8]","","exeg012_s8 XEXMIns[8]"
"raw_exit","restricted_source/Exit_Module.dta","exeg012_s9","numeric","XEXMIns[9]","","exeg012_s9 XEXMIns[9]"
"raw_exit","restricted_source/Exit_Module.dta","exeg012_s10","numeric","XEXMIns[10]","","exeg012_s10 XEXMIns[10]"
"raw_exit","restricted_source/Exit_Module.dta","exeg012_s11","numeric","XEXMIns[11]","","exeg012_s11 XEXMIns[11]"
"raw_exit","restricted_source/Exit_Module.dta","exeg012_s12","numeric","Reimbursed by R's Union","","exeg012_s12 Reimbursed by R's Union"
"raw_exit","restricted_source/Exit_Module.dta","exeg012_s13","numeric","No Insurance","","exeg012_s13 No Insurance"
"raw_exit","restricted_source/Exit_Module.dta","exeg012_s14","numeric","Not Revelent to R","","exeg012_s14 Not Revelent to R"
"raw_exit","restricted_source/Exit_Module.dta","exf001","haven_labelled/vctrs_vctr/double","Time of Quitting Job","1 Year and Month=1 | 2 Worked Till Death=2 | 995 Denial of Working LastIW=995 | 997 Do not Know=997 | 999 Refuse to Answer=999","exf001 Time of Quitting Job"
"raw_exit","restricted_source/Exit_Module.dta","exf001_1","numeric","Year of Quitting Job","","exf001_1 Year of Quitting Job"
"raw_exit","restricted_source/Exit_Module.dta","exf001_2","numeric","Month of Quitting Job","","exf001_2 Month of Quitting Job"
"raw_exit","restricted_source/Exit_Module.dta","exf002","numeric","Days Worked During the Last Working Week","","exf002 Days Worked During the Last Working Week"
"raw_exit","restricted_source/Exit_Module.dta","exf003_1","numeric","Hours Worked Per Day During the Last Working Week","","exf003_1 Hours Worked Per Day During the Last Working Week"
"raw_exit","restricted_source/Exit_Module.dta","exf003_2","numeric","Hours Worked in Farming","","exf003_2 Hours Worked in Farming"
"raw_exit","restricted_source/Exit_Module.dta","exf003_3","numeric","Hours Worked in Non-farming Activities","","exf003_3 Hours Worked in Non-farming Activities"
"raw_exit","restricted_source/Exit_Module.dta","exf004","haven_labelled/vctrs_vctr/double","Retirement Processed","1 Yes=1 | 2 No=2 | 997 Do not Know=997 | 999 Refuse to Answer=999","exf004 Retirement Processed"
"raw_exit","restricted_source/Exit_Module.dta","exf005","numeric","Inherited From Pensions","","exf005 Inherited From Pensions"
"raw_exit","restricted_source/Exit_Module.dta","exf006","haven_labelled/vctrs_vctr/double","Receive A Lump-Sum Compensation From Pensions","1 Yes=1 | 2 No=2","exf006 Receive A Lump-Sum Compensation From Pensions"
"raw_exit","restricted_source/Exit_Module.dta","exf007","numeric","How Mucn Was It","","exf007 How Mucn Was It"
"raw_exit","restricted_source/Exit_Module.dta","exf008","haven_labelled/vctrs_vctr/double","Receive A Lump-sum Compensation From Other Places?","1 Yes=1 | 2 No=2","exf008 Receive A Lump-sum Compensation From Other Places?"
"raw_exit","restricted_source/Exit_Module.dta","exf009","numeric","How Mucn Was It","","exf009 How Mucn Was It"
"raw_exit","restricted_source/Exit_Module.dta","exf010","haven_labelled/vctrs_vctr/double","Was R Insured By Life Insurance?","1 Yes=1 | 2 No=2","exf010 Was R Insured By Life Insurance?"
"raw_exit","restricted_source/Exit_Module.dta","exf011","numeric","How Much Did the Life Insurance Pay Upon the Death of R","","exf011 How Much Did the Life Insurance Pay Upon the Death of R"
"raw_exit","restricted_source/Exit_Module.dta","exf012","haven_labelled/vctrs_vctr/double","Did R Have Commercial Pension?","1 Yes=1 | 2 No=2","exf012 Did R Have Commercial Pension?"
"raw_exit","restricted_source/Exit_Module.dta","exf013","numeric","How Much Have Been Inherited From Commercial Pension?","","exf013 How Much Have Been Inherited From Commercial Pension?"
"raw_exit","restricted_source/Exit_Module.dta","exg001","haven_labelled/vctrs_vctr/double","Own House","1 Yes=1 | 2 No=2","exg001 Own House"
"raw_exit","restricted_source/Exit_Module.dta","exg001_1","numeric","Total Value of House Properties","","exg001_1 Total Value of House Properties"
"raw_exit","restricted_source/Exit_Module.dta","exg002_s1","haven_labelled/vctrs_vctr/double","House Disposed: Spouse","0 No=0 | 1 Yes=1","exg002_s1 House Disposed: Spouse"
"raw_exit","restricted_source/Exit_Module.dta","exg002_s2","haven_labelled/vctrs_vctr/double","House Disposed: Children/Sons-in-law/Daughters-in-law","0 No=0 | 2 Yes=2","exg002_s2 House Disposed: Children/Sons-in-law/Daughters-in-law"
"raw_exit","restricted_source/Exit_Module.dta","exg002_s3","haven_labelled/vctrs_vctr/double","House Disposed: Sibling","0 No=0 | 3 Yes=3","exg002_s3 House Disposed: Sibling"
"raw_exit","restricted_source/Exit_Module.dta","exg002_s4","haven_labelled/vctrs_vctr/double","House Disposed: Other Relatives","0 No=0 | 4 Yes=4","exg002_s4 House Disposed: Other Relatives"
"raw_exit","restricted_source/Exit_Module.dta","exg002_s5","haven_labelled/vctrs_vctr/double","House Disposed: Parents/Parents-in-laws","0 No=0 | 5 Yes=5","exg002_s5 House Disposed: Parents/Parents-in-laws"
"raw_exit","restricted_source/Exit_Module.dta","exg002_s6","haven_labelled/vctrs_vctr/double","House Disposed: Grandchildren","0 No=0 | 6 Yes=6","exg002_s6 House Disposed: Grandchildren"
"raw_exit","restricted_source/Exit_Module.dta","exg002_s7","haven_labelled/vctrs_vctr/double","House Disposed: Friends","0 No=0 | 7 Yes=7","exg002_s7 House Disposed: Friends"
"raw_exit","restricted_source/Exit_Module.dta","exg002_s8","haven_labelled/vctrs_vctr/double","House Disposed: Charity","0 No=0 | 8 Yes=8","exg002_s8 House Disposed: Charity"
"raw_exit","restricted_source/Exit_Module.dta","exg002_s9","haven_labelled/vctrs_vctr/double","House Disposed: Others","0 No=0 | 9 Yes=9","exg002_s9 House Disposed: Others"
"raw_exit","restricted_source/Exit_Module.dta","exg002_s10","haven_labelled/vctrs_vctr/double","House Disposed: No Allocation","0 No=0 | 10 Yes=10","exg002_s10 House Disposed: No Allocation"
"raw_exit","restricted_source/Exit_Module.dta","exg002_1","numeric","House Disposed: Spouse(%)","","exg002_1 House Disposed: Spouse(%)"
"raw_exit","restricted_source/Exit_Module.dta","exg002_3","numeric","House Disposed: Sibling(%)","","exg002_3 House Disposed: Sibling(%)"
"raw_exit","restricted_source/Exit_Module.dta","exg002_4","numeric","House Disposed: Other Relatives(%)","","exg002_4 House Disposed: Other Relatives(%)"
"raw_exit","restricted_source/Exit_Module.dta","exg002_5","numeric","House Disposed: Parents/Parents-in-laws(%)","","exg002_5 House Disposed: Parents/Parents-in-laws(%)"
"raw_exit","restricted_source/Exit_Module.dta","exg002_7","numeric","House Disposed: Friends(%)","","exg002_7 House Disposed: Friends(%)"
"raw_exit","restricted_source/Exit_Module.dta","exg002_8","numeric","House Disposed: Charity(%)","","exg002_8 House Disposed: Charity(%)"
"raw_exit","restricted_source/Exit_Module.dta","exg002_9","numeric","House Disposed: Others(%)","","exg002_9 House Disposed: Others(%)"
"raw_exit","restricted_source/Exit_Module.dta","exg003_s1","haven_labelled/vctrs_vctr/double","House Disposed: Child[1]/'s Spouse","0 No=0 | 1 Yes=1","exg003_s1 House Disposed: Child[1]/'s Spouse"
"raw_exit","restricted_source/Exit_Module.dta","exg003_s2","haven_labelled/vctrs_vctr/double","House Disposed: Child[2]/'s Spouse","0 No=0 | 2 Yes=2","exg003_s2 House Disposed: Child[2]/'s Spouse"
"raw_exit","restricted_source/Exit_Module.dta","exg003_s3","haven_labelled/vctrs_vctr/double","House Disposed: Child[3]/'s Spouse","0 No=0 | 3 Yes=3","exg003_s3 House Disposed: Child[3]/'s Spouse"
"raw_exit","restricted_source/Exit_Module.dta","exg003_s4","haven_labelled/vctrs_vctr/double","House Disposed: Child[4]/'s Spouse","0 No=0 | 4 Yes=4","exg003_s4 House Disposed: Child[4]/'s Spouse"
"raw_exit","restricted_source/Exit_Module.dta","exg003_s5","haven_labelled/vctrs_vctr/double","House Disposed: Child[5]/'s Spouse","0 No=0 | 5 Yes=5","exg003_s5 House Disposed: Child[5]/'s Spouse"
"raw_exit","restricted_source/Exit_Module.dta","exg003_s6","haven_labelled/vctrs_vctr/double","House Disposed: Child[6]/'s Spouse","0 No=0 | 6 Yes=6","exg003_s6 House Disposed: Child[6]/'s Spouse"
"raw_exit","restricted_source/Exit_Module.dta","exg003_s7","haven_labelled/vctrs_vctr/double","House Disposed: Child[7]/'s Spouse","0 No=0 | 7 Yes=7","exg003_s7 House Disposed: Child[7]/'s Spouse"
"raw_exit","restricted_source/Exit_Module.dta","exg003_s8","haven_labelled/vctrs_vctr/double","House Disposed: Child[8]/'s Spouse","0 No=0 | 8 Yes=8","exg003_s8 House Disposed: Child[8]/'s Spouse"
"raw_exit","restricted_source/Exit_Module.dta","exg003_s9","haven_labelled/vctrs_vctr/double","House Disposed: Child[9]/'s Spouse","0 No=0 | 9 Yes=9","exg003_s9 House Disposed: Child[9]/'s Spouse"
"raw_exit","restricted_source/Exit_Module.dta","exg003_s10","haven_labelled/vctrs_vctr/double","House Disposed: Child[10]/'s Spouse","0 No=0 | 10 Yes=10","exg003_s10 House Disposed: Child[10]/'s Spouse"
"raw_exit","restricted_source/Exit_Module.dta","exg003_s11","haven_labelled/vctrs_vctr/double","House Disposed: Child[11]/'s Spouse","0 No=0 | 11 Yes=11","exg003_s11 House Disposed: Child[11]/'s Spouse"
"raw_exit","restricted_source/Exit_Module.dta","exg003_s12","haven_labelled/vctrs_vctr/double","House Disposed: Child[12]/'s Spouse","0 No=0 | 12 Yes=12","exg003_s12 House Disposed: Child[12]/'s Spouse"
"raw_exit","restricted_source/Exit_Module.dta","exg003_s13","haven_labelled/vctrs_vctr/double","House Disposed: Child[13]/'s Spouse","0 No=0 | 13 Yes=13","exg003_s13 House Disposed: Child[13]/'s Spouse"
"raw_exit","restricted_source/Exit_Module.dta","exg003_s14","haven_labelled/vctrs_vctr/double","House Disposed: Child[14]/'s Spouse","0 No=0 | 14 Yes=14","exg003_s14 House Disposed: Child[14]/'s Spouse"
"raw_exit","restricted_source/Exit_Module.dta","exg003_s15","haven_labelled/vctrs_vctr/double","House Disposed: Child[15]/'s Spouse","0 No=0 | 15 Yes=15","exg003_s15 House Disposed: Child[15]/'s Spouse"
"raw_exit","restricted_source/Exit_Module.dta","exg003_s16","haven_labelled/vctrs_vctr/double","House Disposed: Child[16]/'s Spouse","0 No=0 | 16 Yes=16","exg003_s16 House Disposed: Child[16]/'s Spouse"
"raw_exit","restricted_source/Exit_Module.dta","exg003_s17","haven_labelled/vctrs_vctr/double","House Disposed: Child[17]/'s Spouse","0 No=0 | 17 Yes=17","exg003_s17 House Disposed: Child[17]/'s Spouse"
"raw_exit","restricted_source/Exit_Module.dta","exg003_s18","haven_labelled/vctrs_vctr/double","House Disposed: Child[18]/'s Spouse","0 No=0 | 18 Yes=18","exg003_s18 House Disposed: Child[18]/'s Spouse"
"raw_exit","restricted_source/Exit_Module.dta","exg003_s19","haven_labelled/vctrs_vctr/double","House Disposed: Child[19]/'s Spouse","0 No=0 | 19 Yes=19","exg003_s19 House Disposed: Child[19]/'s Spouse"
"raw_exit","restricted_source/Exit_Module.dta","exg003_s20","haven_labelled/vctrs_vctr/double","House Disposed: Child[20]/'s Spouse","0 No=0 | 20 Yes=20","exg003_s20 House Disposed: Child[20]/'s Spouse"
"raw_exit","restricted_source/Exit_Module.dta","exg003_s21","haven_labelled/vctrs_vctr/double","House Disposed: Child[21]/'s Spouse","0 No=0 | 21 Yes=21","exg003_s21 House Disposed: Child[21]/'s Spouse"
"raw_exit","restricted_source/Exit_Module.dta","exg003_s22","haven_labelled/vctrs_vctr/double","House Disposed: Child[22]/'s Spouse","0 No=0 | 22 Yes=22","exg003_s22 House Disposed: Child[22]/'s Spouse"
"raw_exit","restricted_source/Exit_Module.dta","exg003_s23","haven_labelled/vctrs_vctr/double","House Disposed: Child[23]/'s Spouse","0 No=0 | 23 Yes=23","exg003_s23 House Disposed: Child[23]/'s Spouse"
"raw_exit","restricted_source/Exit_Module.dta","exg003_s24","haven_labelled/vctrs_vctr/double","House Disposed: Child[24]/'s Spouse","0 No=0 | 24 Yes=24","exg003_s24 House Disposed: Child[24]/'s Spouse"
"raw_exit","restricted_source/Exit_Module.dta","exg003_s25","haven_labelled/vctrs_vctr/double","House Disposed: Child[25]/'s Spouse","0 No=0 | 25 Yes=25","exg003_s25 House Disposed: Child[25]/'s Spouse"
"raw_exit","restricted_source/Exit_Module.dta","exg003_s26","haven_labelled/vctrs_vctr/double","House Disposed: Other Child[26]/'s Spouse","0 No=0 | 26 Yes=26","exg003_s26 House Disposed: Other Child[26]/'s Spouse"
"raw_exit","restricted_source/Exit_Module.dta","exg003_s27","haven_labelled/vctrs_vctr/double","House Disposed: Other Child[27]/'s Spouse","0 No=0 | 27 Yes=27","exg003_s27 House Disposed: Other Child[27]/'s Spouse"
"raw_exit","restricted_source/Exit_Module.dta","exg003_s28","haven_labelled/vctrs_vctr/double","House Disposed: Other Child[28]/'s Spouse","0 No=0 | 28 Yes=28","exg003_s28 House Disposed: Other Child[28]/'s Spouse"
"raw_exit","restricted_source/Exit_Module.dta","exg003_s29","haven_labelled/vctrs_vctr/double","House Disposed: Other Child[29]/'s Spouse","0 No=0 | 29 Yes=29","exg003_s29 House Disposed: Other Child[29]/'s Spouse"
"raw_exit","restricted_source/Exit_Module.dta","exg003_s30","haven_labelled/vctrs_vctr/double","House Disposed: Other Child[30]/'s Spouse","0 No=0 | 30 Yes=30","exg003_s30 House Disposed: Other Child[30]/'s Spouse"
"raw_exit","restricted_source/Exit_Module.dta","exg003_s31","haven_labelled/vctrs_vctr/double","House Disposed: Other Child[31]/'s Spouse","0 No=0 | 31 Yes=31","exg003_s31 House Disposed: Other Child[31]/'s Spouse"
"raw_exit","restricted_source/Exit_Module.dta","exg003_s32","haven_labelled/vctrs_vctr/double","House Disposed: Other Child[32]/'s Spouse","0 No=0 | 32 Yes=32","exg003_s32 House Disposed: Other Child[32]/'s Spouse"
"raw_exit","restricted_source/Exit_Module.dta","exg003_s33","haven_labelled/vctrs_vctr/double","House Disposed: Other Child[33]/'s Spouse","0 No=0 | 33 Yes=33","exg003_s33 House Disposed: Other Child[33]/'s Spouse"
"raw_exit","restricted_source/Exit_Module.dta","exg003_s34","haven_labelled/vctrs_vctr/double","House Disposed: Other Child[34]/'s Spouse","0 No=0 | 34 Yes=34","exg003_s34 House Disposed: Other Child[34]/'s Spouse"
"raw_exit","restricted_source/Exit_Module.dta","exg003_s35","haven_labelled/vctrs_vctr/double","House Disposed: Other Child[35]/'s Spouse","0 No=0 | 35 Yes=35","exg003_s35 House Disposed: Other Child[35]/'s Spouse"
"raw_exit","restricted_source/Exit_Module.dta","exg004_1_","numeric","House Disposed: Child[1]/'s Spouse(%)","","exg004_1_ House Disposed: Child[1]/'s Spouse(%)"
"raw_exit","restricted_source/Exit_Module.dta","exg004_2_","numeric","House Disposed: Child[2]/'s Spouse(%)","","exg004_2_ House Disposed: Child[2]/'s Spouse(%)"
"raw_exit","restricted_source/Exit_Module.dta","exg004_3_","numeric","House Disposed: Child[3]/'s Spouse(%)","","exg004_3_ House Disposed: Child[3]/'s Spouse(%)"
"raw_exit","restricted_source/Exit_Module.dta","exg004_4_","numeric","House Disposed: Child[4]/'s Spouse(%)","","exg004_4_ House Disposed: Child[4]/'s Spouse(%)"
"raw_exit","restricted_source/Exit_Module.dta","exg004_5_","numeric","House Disposed: Child[5]/'s Spouse(%)","","exg004_5_ House Disposed: Child[5]/'s Spouse(%)"
"raw_exit","restricted_source/Exit_Module.dta","exg004_6_","numeric","House Disposed: Child[6]/'s Spouse(%)","","exg004_6_ House Disposed: Child[6]/'s Spouse(%)"
"raw_exit","restricted_source/Exit_Module.dta","exg004_26_","numeric","House Disposed: Other Child[26]/'s Spouse(%)","","exg004_26_ House Disposed: Other Child[26]/'s Spouse(%)"
"raw_exit","restricted_source/Exit_Module.dta","exg004_27_","numeric","House Disposed: Other Child[27]/'s Spouse(%)","","exg004_27_ House Disposed: Other Child[27]/'s Spouse(%)"
"raw_exit","restricted_source/Exit_Module.dta","exg007_s1","haven_labelled/vctrs_vctr/double","House Disposed: Child[1]'s Children","0 No=0 | 1 Yes=1","exg007_s1 House Disposed: Child[1]'s Children"
"raw_exit","restricted_source/Exit_Module.dta","exg007_s2","haven_labelled/vctrs_vctr/double","House Disposed: Child[2]'s Children","0 No=0 | 2 Yes=2","exg007_s2 House Disposed: Child[2]'s Children"
"raw_exit","restricted_source/Exit_Module.dta","exg007_s3","haven_labelled/vctrs_vctr/double","House Disposed: Child[3]'s Children","0 No=0 | 3 Yes=3","exg007_s3 House Disposed: Child[3]'s Children"
"raw_exit","restricted_source/Exit_Module.dta","exg007_s4","haven_labelled/vctrs_vctr/double","House Disposed: Child[4]'s Children","0 No=0 | 4 Yes=4","exg007_s4 House Disposed: Child[4]'s Children"
"raw_exit","restricted_source/Exit_Module.dta","exg007_s5","haven_labelled/vctrs_vctr/double","House Disposed: Child[5]'s Children","0 No=0 | 5 Yes=5","exg007_s5 House Disposed: Child[5]'s Children"
"raw_exit","restricted_source/Exit_Module.dta","exg007_s6","haven_labelled/vctrs_vctr/double","House Disposed: Child[6]'s Children","0 No=0 | 6 Yes=6","exg007_s6 House Disposed: Child[6]'s Children"
"raw_exit","restricted_source/Exit_Module.dta","exg007_s7","haven_labelled/vctrs_vctr/double","House Disposed: Child[7]'s Children","0 No=0 | 7 Yes=7","exg007_s7 House Disposed: Child[7]'s Children"
"raw_exit","restricted_source/Exit_Module.dta","exg007_s8","haven_labelled/vctrs_vctr/double","House Disposed: Child[8]'s Children","0 No=0 | 8 Yes=8","exg007_s8 House Disposed: Child[8]'s Children"
"raw_exit","restricted_source/Exit_Module.dta","exg007_s9","haven_labelled/vctrs_vctr/double","House Disposed: Child[9]'s Children","0 No=0 | 9 Yes=9","exg007_s9 House Disposed: Child[9]'s Children"
"raw_exit","restricted_source/Exit_Module.dta","exg007_s10","haven_labelled/vctrs_vctr/double","House Disposed: Child[10]'s Children","0 No=0 | 10 Yes=10","exg007_s10 House Disposed: Child[10]'s Children"
"raw_exit","restricted_source/Exit_Module.dta","exg007_s11","haven_labelled/vctrs_vctr/double","House Disposed: Child[11]'s Children","0 No=0 | 11 Yes=11","exg007_s11 House Disposed: Child[11]'s Children"
"raw_exit","restricted_source/Exit_Module.dta","exg007_s12","haven_labelled/vctrs_vctr/double","House Disposed: Child[12]'s Children","0 No=0 | 12 Yes=12","exg007_s12 House Disposed: Child[12]'s Children"
"raw_exit","restricted_source/Exit_Module.dta","exg007_s13","haven_labelled/vctrs_vctr/double","House Disposed: Child[13]'s Children","0 No=0 | 13 Yes=13","exg007_s13 House Disposed: Child[13]'s Children"
"raw_exit","restricted_source/Exit_Module.dta","exg007_s14","haven_labelled/vctrs_vctr/double","House Disposed: Child[14]'s Children","0 No=0 | 14 Yes=14","exg007_s14 House Disposed: Child[14]'s Children"
"raw_exit","restricted_source/Exit_Module.dta","exg007_s15","haven_labelled/vctrs_vctr/double","House Disposed: Child[15]'s Children","0 No=0 | 15 Yes=15","exg007_s15 House Disposed: Child[15]'s Children"
"raw_exit","restricted_source/Exit_Module.dta","exg007_s16","haven_labelled/vctrs_vctr/double","House Disposed: Child[16]'s Children","0 No=0 | 16 Yes=16","exg007_s16 House Disposed: Child[16]'s Children"
"raw_exit","restricted_source/Exit_Module.dta","exg007_s17","haven_labelled/vctrs_vctr/double","House Disposed: Child[17]'s Children","0 No=0 | 17 Yes=17","exg007_s17 House Disposed: Child[17]'s Children"
"raw_exit","restricted_source/Exit_Module.dta","exg007_s18","haven_labelled/vctrs_vctr/double","House Disposed: Child[18]'s Children","0 No=0 | 18 Yes=18","exg007_s18 House Disposed: Child[18]'s Children"
"raw_exit","restricted_source/Exit_Module.dta","exg007_s19","haven_labelled/vctrs_vctr/double","House Disposed: Child[19]'s Children","0 No=0 | 19 Yes=19","exg007_s19 House Disposed: Child[19]'s Children"
"raw_exit","restricted_source/Exit_Module.dta","exg007_s20","haven_labelled/vctrs_vctr/double","House Disposed: Child[20]'s Children","0 No=0 | 20 Yes=20","exg007_s20 House Disposed: Child[20]'s Children"
"raw_exit","restricted_source/Exit_Module.dta","exg007_s21","haven_labelled/vctrs_vctr/double","House Disposed: Child[21]'s Children","0 No=0 | 21 Yes=21","exg007_s21 House Disposed: Child[21]'s Children"
"raw_exit","restricted_source/Exit_Module.dta","exg007_s22","haven_labelled/vctrs_vctr/double","House Disposed: Child[22]'s Children","0 No=0 | 22 Yes=22","exg007_s22 House Disposed: Child[22]'s Children"
"raw_exit","restricted_source/Exit_Module.dta","exg007_s23","haven_labelled/vctrs_vctr/double","House Disposed: Child[23]'s Children","0 No=0 | 23 Yes=23","exg007_s23 House Disposed: Child[23]'s Children"
"raw_exit","restricted_source/Exit_Module.dta","exg007_s24","haven_labelled/vctrs_vctr/double","House Disposed: Child[24]'s Children","0 No=0 | 24 Yes=24","exg007_s24 House Disposed: Child[24]'s Children"
"raw_exit","restricted_source/Exit_Module.dta","exg007_s25","haven_labelled/vctrs_vctr/double","House Disposed: Child[25]'s Children","0 No=0 | 25 Yes=25","exg007_s25 House Disposed: Child[25]'s Children"
"raw_exit","restricted_source/Exit_Module.dta","exg007_s26","haven_labelled/vctrs_vctr/double","House Disposed: Other Child[26]'s Children","0 No=0 | 26 Yes=26","exg007_s26 House Disposed: Other Child[26]'s Children"
"raw_exit","restricted_source/Exit_Module.dta","exg007_s27","haven_labelled/vctrs_vctr/double","House Disposed: Other Child[27]'s Children","0 No=0 | 27 Yes=27","exg007_s27 House Disposed: Other Child[27]'s Children"
"raw_exit","restricted_source/Exit_Module.dta","exg007_s28","haven_labelled/vctrs_vctr/double","House Disposed: Other Child[28]'s Children","0 No=0 | 28 Yes=28","exg007_s28 House Disposed: Other Child[28]'s Children"
"raw_exit","restricted_source/Exit_Module.dta","exg007_s29","haven_labelled/vctrs_vctr/double","House Disposed: Other Child[29]'s Children","0 No=0 | 29 Yes=29","exg007_s29 House Disposed: Other Child[29]'s Children"
"raw_exit","restricted_source/Exit_Module.dta","exg007_s30","haven_labelled/vctrs_vctr/double","House Disposed: Other Child[30]'s Children","0 No=0 | 30 Yes=30","exg007_s30 House Disposed: Other Child[30]'s Children"
"raw_exit","restricted_source/Exit_Module.dta","exg007_s31","haven_labelled/vctrs_vctr/double","House Disposed: Other Child[31]'s Children","0 No=0 | 31 Yes=31","exg007_s31 House Disposed: Other Child[31]'s Children"
"raw_exit","restricted_source/Exit_Module.dta","exg007_s32","haven_labelled/vctrs_vctr/double","House Disposed: Other Child[32]'s Children","0 No=0 | 32 Yes=32","exg007_s32 House Disposed: Other Child[32]'s Children"
"raw_exit","restricted_source/Exit_Module.dta","exg007_s33","haven_labelled/vctrs_vctr/double","House Disposed: Other Child[33]'s Children","0 No=0 | 33 Yes=33","exg007_s33 House Disposed: Other Child[33]'s Children"
"raw_exit","restricted_source/Exit_Module.dta","exg007_s34","haven_labelled/vctrs_vctr/double","House Disposed: Other Child[34]'s Children","0 No=0 | 34 Yes=34","exg007_s34 House Disposed: Other Child[34]'s Children"
"raw_exit","restricted_source/Exit_Module.dta","exg007_s35","haven_labelled/vctrs_vctr/double","House Disposed: Other Child[35]'s Children","0 No=0 | 35 Yes=35","exg007_s35 House Disposed: Other Child[35]'s Children"
"raw_exit","restricted_source/Exit_Module.dta","exg008_1_","numeric","House Disposed: Child[1]'s Children(%)","","exg008_1_ House Disposed: Child[1]'s Children(%)"
"raw_exit","restricted_source/Exit_Module.dta","exg008_2_","numeric","House Disposed: Child[2]'s Children(%)","","exg008_2_ House Disposed: Child[2]'s Children(%)"
"raw_exit","restricted_source/Exit_Module.dta","exg008_3_","numeric","House Disposed: Child[3]'s Children(%)","","exg008_3_ House Disposed: Child[3]'s Children(%)"
"raw_exit","restricted_source/Exit_Module.dta","exg008_4_","numeric","House Disposed: Child[4]'s Children(%)","","exg008_4_ House Disposed: Child[4]'s Children(%)"
"raw_exit","restricted_source/Exit_Module.dta","exg008_26_","numeric","House Disposed: Other Child[26]'s Children(%)","","exg008_26_ House Disposed: Other Child[26]'s Children(%)"
"raw_exit","restricted_source/Exit_Module.dta","exg009","haven_labelled/vctrs_vctr/double","Cash Left","1 Yes=1 | 2 No=2","exg009 Cash Left"
"raw_exit","restricted_source/Exit_Module.dta","exg010","numeric","Cash Amount","","exg010 Cash Amount"
"raw_exit","restricted_source/Exit_Module.dta","exg011","haven_labelled/vctrs_vctr/double","Deposit","1 Yes=1 | 2 No=2","exg011 Deposit"
"raw_exit","restricted_source/Exit_Module.dta","exg012","numeric","Deposit Amount","","exg012 Deposit Amount"
"raw_exit","restricted_source/Exit_Module.dta","exg013","haven_labelled/vctrs_vctr/double","Financial Asset","1 Yes=1 | 2 No=2","exg013 Financial Asset"
"raw_exit","restricted_source/Exit_Module.dta","exg014","numeric","Financial Asset Amount","","exg014 Financial Asset Amount"
"raw_exit","restricted_source/Exit_Module.dta","exg015","haven_labelled/vctrs_vctr/double","In-kind","1 Yes=1 | 2 No=2","exg015 In-kind"
"raw_exit","restricted_source/Exit_Module.dta","exg016","numeric","Value of In-kind","","exg016 Value of In-kind"
"raw_exit","restricted_source/Exit_Module.dta","exg017","numeric","Value of Other Legacy","","exg017 Value of Other Legacy"
"raw_exit","restricted_source/Exit_Module.dta","exg018","haven_labelled/vctrs_vctr/double","Total Value Correct","1 Yes=1 | 2 No=2","exg018 Total Value Correct"
"raw_exit","restricted_source/Exit_Module.dta","exg018_1","numeric","The Correct Total Value","","exg018_1 The Correct Total Value"
"raw_exit","restricted_source/Exit_Module.dta","exg019","haven_labelled/vctrs_vctr/double","Make a Will","1 Yes=1 | 2 No=2","exg019 Make a Will"
"raw_exit","restricted_source/Exit_Module.dta","exg020","haven_labelled/vctrs_vctr/double","Was Will Notarized","1 Yes=1 | 2 No=2","exg020 Was Will Notarized"
"raw_exit","restricted_source/Exit_Module.dta","exg021_s1","haven_labelled/vctrs_vctr/double","Estate Planning: Spouse","0 No=0 | 1 Yes=1","exg021_s1 Estate Planning: Spouse"
"raw_exit","restricted_source/Exit_Module.dta","exg021_s2","haven_labelled/vctrs_vctr/double","Estate Planning: Children/Sons-in-law/Daughters-in-law","0 No=0 | 2 Yes=2","exg021_s2 Estate Planning: Children/Sons-in-law/Daughters-in-law"
"raw_exit","restricted_source/Exit_Module.dta","exg021_s3","haven_labelled/vctrs_vctr/double","Estate Planning: Sibling","0 No=0 | 3 Yes=3","exg021_s3 Estate Planning: Sibling"
"raw_exit","restricted_source/Exit_Module.dta","exg021_s4","haven_labelled/vctrs_vctr/double","Estate Planning: Other Relatives","0 No=0 | 4 Yes=4","exg021_s4 Estate Planning: Other Relatives"
"raw_exit","restricted_source/Exit_Module.dta","exg021_s5","haven_labelled/vctrs_vctr/double","Estate Planning: Parents/Parents-in-law","0 No=0 | 5 Yes=5","exg021_s5 Estate Planning: Parents/Parents-in-law"
"raw_exit","restricted_source/Exit_Module.dta","exg021_s6","haven_labelled/vctrs_vctr/double","Estate Planning: Grandchildren","0 No=0 | 6 Yes=6","exg021_s6 Estate Planning: Grandchildren"
"raw_exit","restricted_source/Exit_Module.dta","exg021_s7","haven_labelled/vctrs_vctr/double","Estate Planning: Friends","0 No=0 | 7 Yes=7","exg021_s7 Estate Planning: Friends"
"raw_exit","restricted_source/Exit_Module.dta","exg021_s8","haven_labelled/vctrs_vctr/double","Estate Planning: Charity","0 No=0 | 8 Yes=8","exg021_s8 Estate Planning: Charity"
"raw_exit","restricted_source/Exit_Module.dta","exg021_s9","haven_labelled/vctrs_vctr/double","Estate Planning: Others","0 No=0 | 9 Yes=9","exg021_s9 Estate Planning: Others"
"raw_exit","restricted_source/Exit_Module.dta","exg021_s10","haven_labelled/vctrs_vctr/double","Estate Planning: No Arrangement","0 No=0 | 10 Yes=10","exg021_s10 Estate Planning: No Arrangement"
"raw_exit","restricted_source/Exit_Module.dta","exg021_1","numeric","Estate Planning: Spouse(%)","","exg021_1 Estate Planning: Spouse(%)"
"raw_exit","restricted_source/Exit_Module.dta","exg021_3","numeric","Estate Planning: Sibling(%)","","exg021_3 Estate Planning: Sibling(%)"
"raw_exit","restricted_source/Exit_Module.dta","exg021_4","numeric","Estate Planning: Other Relatives(%)","","exg021_4 Estate Planning: Other Relatives(%)"
"raw_exit","restricted_source/Exit_Module.dta","exg021_5","numeric","Estate Planning: Parents/Parents-in-law(%)","","exg021_5 Estate Planning: Parents/Parents-in-law(%)"
"raw_exit","restricted_source/Exit_Module.dta","exg021_7","numeric","Estate Planning: Friends(%)","","exg021_7 Estate Planning: Friends(%)"
"raw_exit","restricted_source/Exit_Module.dta","exg021_8","numeric","Estate Planning: Charity(%)","","exg021_8 Estate Planning: Charity(%)"
"raw_exit","restricted_source/Exit_Module.dta","exg021_9","numeric","Estate Planning: Others(%)","","exg021_9 Estate Planning: Others(%)"
"raw_exit","restricted_source/Exit_Module.dta","exg022_s1","haven_labelled/vctrs_vctr/double","Estate Planning: Child[1]/'s Spouse","0 No=0 | 1 Yes=1","exg022_s1 Estate Planning: Child[1]/'s Spouse"
"raw_exit","restricted_source/Exit_Module.dta","exg022_s2","haven_labelled/vctrs_vctr/double","Estate Planning: Child[2]/'s Spouse","0 No=0 | 2 Yes=2","exg022_s2 Estate Planning: Child[2]/'s Spouse"
"raw_exit","restricted_source/Exit_Module.dta","exg022_s3","haven_labelled/vctrs_vctr/double","Estate Planning: Child[3]/'s Spouse","0 No=0 | 3 Yes=3","exg022_s3 Estate Planning: Child[3]/'s Spouse"
"raw_exit","restricted_source/Exit_Module.dta","exg022_s4","haven_labelled/vctrs_vctr/double","Estate Planning: Child[4]/'s Spouse","0 No=0 | 4 Yes=4","exg022_s4 Estate Planning: Child[4]/'s Spouse"
"raw_exit","restricted_source/Exit_Module.dta","exg022_s5","haven_labelled/vctrs_vctr/double","Estate Planning: Child[5]/'s Spouse","0 No=0 | 5 Yes=5","exg022_s5 Estate Planning: Child[5]/'s Spouse"
"raw_exit","restricted_source/Exit_Module.dta","exg022_s6","haven_labelled/vctrs_vctr/double","Estate Planning: Child[6]/'s Spouse","0 No=0 | 6 Yes=6","exg022_s6 Estate Planning: Child[6]/'s Spouse"
"raw_exit","restricted_source/Exit_Module.dta","exg022_s7","haven_labelled/vctrs_vctr/double","Estate Planning: Child[7]/'s Spouse","0 No=0 | 7 Yes=7","exg022_s7 Estate Planning: Child[7]/'s Spouse"
"raw_exit","restricted_source/Exit_Module.dta","exg022_s8","haven_labelled/vctrs_vctr/double","Estate Planning: Child[8]/'s Spouse","0 No=0 | 8 Yes=8","exg022_s8 Estate Planning: Child[8]/'s Spouse"
"raw_exit","restricted_source/Exit_Module.dta","exg022_s9","haven_labelled/vctrs_vctr/double","Estate Planning: Child[9]/'s Spouse","0 No=0 | 9 Yes=9","exg022_s9 Estate Planning: Child[9]/'s Spouse"
"raw_exit","restricted_source/Exit_Module.dta","exg022_s10","haven_labelled/vctrs_vctr/double","Estate Planning: Child[10]/'s Spouse","0 No=0 | 10 Yes=10","exg022_s10 Estate Planning: Child[10]/'s Spouse"
"raw_exit","restricted_source/Exit_Module.dta","exg022_s11","haven_labelled/vctrs_vctr/double","Estate Planning: Child[11]/'s Spouse","0 No=0 | 11 Yes=11","exg022_s11 Estate Planning: Child[11]/'s Spouse"
"raw_exit","restricted_source/Exit_Module.dta","exg022_s12","haven_labelled/vctrs_vctr/double","Estate Planning: Child[12]/'s Spouse","0 No=0 | 12 Yes=12","exg022_s12 Estate Planning: Child[12]/'s Spouse"
"raw_exit","restricted_source/Exit_Module.dta","exg022_s13","haven_labelled/vctrs_vctr/double","Estate Planning: Child[13]/'s Spouse","0 No=0 | 13 Yes=13","exg022_s13 Estate Planning: Child[13]/'s Spouse"
"raw_exit","restricted_source/Exit_Module.dta","exg022_s14","haven_labelled/vctrs_vctr/double","Estate Planning: Child[14]/'s Spouse","0 No=0 | 14 Yes=14","exg022_s14 Estate Planning: Child[14]/'s Spouse"
"raw_exit","restricted_source/Exit_Module.dta","exg022_s15","haven_labelled/vctrs_vctr/double","Estate Planning: Child[15]/'s Spouse","0 No=0 | 15 Yes=15","exg022_s15 Estate Planning: Child[15]/'s Spouse"
"raw_exit","restricted_source/Exit_Module.dta","exg022_s16","haven_labelled/vctrs_vctr/double","Estate Planning: Child[16]/'s Spouse","0 No=0 | 16 Yes=16","exg022_s16 Estate Planning: Child[16]/'s Spouse"
"raw_exit","restricted_source/Exit_Module.dta","exg022_s17","haven_labelled/vctrs_vctr/double","Estate Planning: Child[17]/'s Spouse","0 No=0 | 17 Yes=17","exg022_s17 Estate Planning: Child[17]/'s Spouse"
"raw_exit","restricted_source/Exit_Module.dta","exg022_s18","haven_labelled/vctrs_vctr/double","Estate Planning: Child[18]/'s Spouse","0 No=0 | 18 Yes=18","exg022_s18 Estate Planning: Child[18]/'s Spouse"
"raw_exit","restricted_source/Exit_Module.dta","exg022_s19","haven_labelled/vctrs_vctr/double","Estate Planning: Child[19]/'s Spouse","0 No=0 | 19 Yes=19","exg022_s19 Estate Planning: Child[19]/'s Spouse"
"raw_exit","restricted_source/Exit_Module.dta","exg022_s20","haven_labelled/vctrs_vctr/double","Estate Planning: Child[20]/'s Spouse","0 No=0 | 20 Yes=20","exg022_s20 Estate Planning: Child[20]/'s Spouse"
"raw_exit","restricted_source/Exit_Module.dta","exg022_s21","haven_labelled/vctrs_vctr/double","Estate Planning: Child[21]/'s Spouse","0 No=0 | 21 Yes=21","exg022_s21 Estate Planning: Child[21]/'s Spouse"
"raw_exit","restricted_source/Exit_Module.dta","exg022_s22","haven_labelled/vctrs_vctr/double","Estate Planning: Child[22]/'s Spouse","0 No=0 | 22 Yes=22","exg022_s22 Estate Planning: Child[22]/'s Spouse"
"raw_exit","restricted_source/Exit_Module.dta","exg022_s23","haven_labelled/vctrs_vctr/double","Estate Planning: Child[23]/'s Spouse","0 No=0 | 23 Yes=23","exg022_s23 Estate Planning: Child[23]/'s Spouse"
"raw_exit","restricted_source/Exit_Module.dta","exg022_s24","haven_labelled/vctrs_vctr/double","Estate Planning: Child[24]/'s Spouse","0 No=0 | 24 Yes=24","exg022_s24 Estate Planning: Child[24]/'s Spouse"
"raw_exit","restricted_source/Exit_Module.dta","exg022_s25","haven_labelled/vctrs_vctr/double","Estate Planning: Child[25]/'s Spouse","0 No=0 | 25 Yes=25","exg022_s25 Estate Planning: Child[25]/'s Spouse"
"raw_exit","restricted_source/Exit_Module.dta","exg022_s26","haven_labelled/vctrs_vctr/double","Estate Planning: Other Child[26]/'s Spouse","0 No=0 | 26 Yes=26","exg022_s26 Estate Planning: Other Child[26]/'s Spouse"
"raw_exit","restricted_source/Exit_Module.dta","exg022_s27","haven_labelled/vctrs_vctr/double","Estate Planning: Other Child[27]/'s Spouse","0 No=0 | 27 Yes=27","exg022_s27 Estate Planning: Other Child[27]/'s Spouse"
"raw_exit","restricted_source/Exit_Module.dta","exg022_s28","haven_labelled/vctrs_vctr/double","Estate Planning: Other Child[28]/'s Spouse","0 No=0 | 28 Yes=28","exg022_s28 Estate Planning: Other Child[28]/'s Spouse"
"raw_exit","restricted_source/Exit_Module.dta","exg022_s29","haven_labelled/vctrs_vctr/double","Estate Planning: Other Child[29]/'s Spouse","0 No=0 | 29 Yes=29","exg022_s29 Estate Planning: Other Child[29]/'s Spouse"
"raw_exit","restricted_source/Exit_Module.dta","exg022_s30","haven_labelled/vctrs_vctr/double","Estate Planning: Other Child[30]/'s Spouse","0 No=0 | 30 Yes=30","exg022_s30 Estate Planning: Other Child[30]/'s Spouse"
"raw_exit","restricted_source/Exit_Module.dta","exg022_s31","haven_labelled/vctrs_vctr/double","Estate Planning: Other Child[31]/'s Spouse","0 No=0 | 31 Yes=31","exg022_s31 Estate Planning: Other Child[31]/'s Spouse"
"raw_exit","restricted_source/Exit_Module.dta","exg022_s32","haven_labelled/vctrs_vctr/double","Estate Planning: Other Child[32]/'s Spouse","0 No=0 | 32 Yes=32","exg022_s32 Estate Planning: Other Child[32]/'s Spouse"
"raw_exit","restricted_source/Exit_Module.dta","exg022_s33","haven_labelled/vctrs_vctr/double","Estate Planning: Other Child[33]/'s Spouse","0 No=0 | 33 Yes=33","exg022_s33 Estate Planning: Other Child[33]/'s Spouse"
"raw_exit","restricted_source/Exit_Module.dta","exg022_s34","haven_labelled/vctrs_vctr/double","Estate Planning: Other Child[34]/'s Spouse","0 No=0 | 34 Yes=34","exg022_s34 Estate Planning: Other Child[34]/'s Spouse"
"raw_exit","restricted_source/Exit_Module.dta","exg022_s35","haven_labelled/vctrs_vctr/double","Estate Planning: Other Child[35]/'s Spouse","0 No=0 | 35 Yes=35","exg022_s35 Estate Planning: Other Child[35]/'s Spouse"
"raw_exit","restricted_source/Exit_Module.dta","exg023_1_","numeric","Estate Planning: Child[1]/'s Spouse(%)","","exg023_1_ Estate Planning: Child[1]/'s Spouse(%)"
"raw_exit","restricted_source/Exit_Module.dta","exg023_2_","numeric","Estate Planning: Child[2]/'s Spouse(%)","","exg023_2_ Estate Planning: Child[2]/'s Spouse(%)"
"raw_exit","restricted_source/Exit_Module.dta","exg023_3_","numeric","Estate Planning: Child[3]/'s Spouse(%)","","exg023_3_ Estate Planning: Child[3]/'s Spouse(%)"
"raw_exit","restricted_source/Exit_Module.dta","exg023_4_","numeric","Estate Planning: Child[4]/'s Spouse(%)","","exg023_4_ Estate Planning: Child[4]/'s Spouse(%)"
"raw_exit","restricted_source/Exit_Module.dta","exg023_5_","numeric","Estate Planning: Child[5]/'s Spouse(%)","","exg023_5_ Estate Planning: Child[5]/'s Spouse(%)"
"raw_exit","restricted_source/Exit_Module.dta","exg026_s1","haven_labelled/vctrs_vctr/double","Estate Planning: Child[1]'s Children","0 No=0 | 1 Yes=1","exg026_s1 Estate Planning: Child[1]'s Children"
"raw_exit","restricted_source/Exit_Module.dta","exg026_s2","haven_labelled/vctrs_vctr/double","Estate Planning: Child[2]'s Children","0 No=0 | 2 Yes=2","exg026_s2 Estate Planning: Child[2]'s Children"
"raw_exit","restricted_source/Exit_Module.dta","exg026_s3","haven_labelled/vctrs_vctr/double","Estate Planning: Child[3]'s Children","0 No=0 | 3 Yes=3","exg026_s3 Estate Planning: Child[3]'s Children"
"raw_exit","restricted_source/Exit_Module.dta","exg026_s4","haven_labelled/vctrs_vctr/double","Estate Planning: Child[4]'s Children","0 No=0 | 4 Yes=4","exg026_s4 Estate Planning: Child[4]'s Children"
"raw_exit","restricted_source/Exit_Module.dta","exg026_s5","haven_labelled/vctrs_vctr/double","Estate Planning: Child[5]'s Children","0 No=0 | 5 Yes=5","exg026_s5 Estate Planning: Child[5]'s Children"
"raw_exit","restricted_source/Exit_Module.dta","exg026_s6","haven_labelled/vctrs_vctr/double","Estate Planning: Child[6]'s Children","0 No=0 | 6 Yes=6","exg026_s6 Estate Planning: Child[6]'s Children"
"raw_exit","restricted_source/Exit_Module.dta","exg026_s7","haven_labelled/vctrs_vctr/double","Estate Planning: Child[7]'s Children","0 No=0 | 7 Yes=7","exg026_s7 Estate Planning: Child[7]'s Children"
"raw_exit","restricted_source/Exit_Module.dta","exg026_s8","haven_labelled/vctrs_vctr/double","Estate Planning: Child[8]'s Children","0 No=0 | 8 Yes=8","exg026_s8 Estate Planning: Child[8]'s Children"
"raw_exit","restricted_source/Exit_Module.dta","exg026_s9","haven_labelled/vctrs_vctr/double","Estate Planning: Child[9]'s Children","0 No=0 | 9 Yes=9","exg026_s9 Estate Planning: Child[9]'s Children"
"raw_exit","restricted_source/Exit_Module.dta","exg026_s10","haven_labelled/vctrs_vctr/double","Estate Planning: Child[10]'s Children","0 No=0 | 10 Yes=10","exg026_s10 Estate Planning: Child[10]'s Children"
"raw_exit","restricted_source/Exit_Module.dta","exg026_s11","haven_labelled/vctrs_vctr/double","Estate Planning: Child[11]'s Children","0 No=0 | 11 Yes=11","exg026_s11 Estate Planning: Child[11]'s Children"
"raw_exit","restricted_source/Exit_Module.dta","exg026_s12","haven_labelled/vctrs_vctr/double","Estate Planning: Child[12]'s Children","0 No=0 | 12 Yes=12","exg026_s12 Estate Planning: Child[12]'s Children"
"raw_exit","restricted_source/Exit_Module.dta","exg026_s13","haven_labelled/vctrs_vctr/double","Estate Planning: Child[13]'s Children","0 No=0 | 13 Yes=13","exg026_s13 Estate Planning: Child[13]'s Children"
"raw_exit","restricted_source/Exit_Module.dta","exg026_s14","haven_labelled/vctrs_vctr/double","Estate Planning: Child[14]'s Children","0 No=0 | 14 Yes=14","exg026_s14 Estate Planning: Child[14]'s Children"
"raw_exit","restricted_source/Exit_Module.dta","exg026_s15","haven_labelled/vctrs_vctr/double","Estate Planning: Child[15]'s Children","0 No=0 | 15 Yes=15","exg026_s15 Estate Planning: Child[15]'s Children"
"raw_exit","restricted_source/Exit_Module.dta","exg026_s16","haven_labelled/vctrs_vctr/double","Estate Planning: Child[16]'s Children","0 No=0 | 16 Yes=16","exg026_s16 Estate Planning: Child[16]'s Children"
"raw_exit","restricted_source/Exit_Module.dta","exg026_s17","haven_labelled/vctrs_vctr/double","Estate Planning: Child[17]'s Children","0 No=0 | 17 Yes=17","exg026_s17 Estate Planning: Child[17]'s Children"
"raw_exit","restricted_source/Exit_Module.dta","exg026_s18","haven_labelled/vctrs_vctr/double","Estate Planning: Child[18]'s Children","0 No=0 | 18 Yes=18","exg026_s18 Estate Planning: Child[18]'s Children"
"raw_exit","restricted_source/Exit_Module.dta","exg026_s19","haven_labelled/vctrs_vctr/double","Estate Planning: Child[19]'s Children","0 No=0 | 19 Yes=19","exg026_s19 Estate Planning: Child[19]'s Children"
"raw_exit","restricted_source/Exit_Module.dta","exg026_s20","haven_labelled/vctrs_vctr/double","Estate Planning: Child[20]'s Children","0 No=0 | 20 Yes=20","exg026_s20 Estate Planning: Child[20]'s Children"
"raw_exit","restricted_source/Exit_Module.dta","exg026_s21","haven_labelled/vctrs_vctr/double","Estate Planning: Child[21]'s Children","0 No=0 | 21 Yes=21","exg026_s21 Estate Planning: Child[21]'s Children"
"raw_exit","restricted_source/Exit_Module.dta","exg026_s22","haven_labelled/vctrs_vctr/double","Estate Planning: Child[22]'s Children","0 No=0 | 22 Yes=22","exg026_s22 Estate Planning: Child[22]'s Children"
"raw_exit","restricted_source/Exit_Module.dta","exg026_s23","haven_labelled/vctrs_vctr/double","Estate Planning: Child[23]'s Children","0 No=0 | 23 Yes=23","exg026_s23 Estate Planning: Child[23]'s Children"
"raw_exit","restricted_source/Exit_Module.dta","exg026_s24","haven_labelled/vctrs_vctr/double","Estate Planning: Child[24]'s Children","0 No=0 | 24 Yes=24","exg026_s24 Estate Planning: Child[24]'s Children"
"raw_exit","restricted_source/Exit_Module.dta","exg026_s25","haven_labelled/vctrs_vctr/double","Estate Planning: Child[25]'s Children","0 No=0 | 25 Yes=25","exg026_s25 Estate Planning: Child[25]'s Children"
"raw_exit","restricted_source/Exit_Module.dta","exg026_s26","haven_labelled/vctrs_vctr/double","Estate Planning: Other Child[26]'s Children","0 No=0 | 26 Yes=26","exg026_s26 Estate Planning: Other Child[26]'s Children"
"raw_exit","restricted_source/Exit_Module.dta","exg026_s27","haven_labelled/vctrs_vctr/double","Estate Planning: Other Child[27]'s Children","0 No=0 | 27 Yes=27","exg026_s27 Estate Planning: Other Child[27]'s Children"
"raw_exit","restricted_source/Exit_Module.dta","exg026_s28","haven_labelled/vctrs_vctr/double","Estate Planning: Other Child[28]'s Children","0 No=0 | 28 Yes=28","exg026_s28 Estate Planning: Other Child[28]'s Children"
"raw_exit","restricted_source/Exit_Module.dta","exg026_s29","haven_labelled/vctrs_vctr/double","Estate Planning: Other Child[29]'s Children","0 No=0 | 29 Yes=29","exg026_s29 Estate Planning: Other Child[29]'s Children"
"raw_exit","restricted_source/Exit_Module.dta","exg026_s30","haven_labelled/vctrs_vctr/double","Estate Planning: Other Child[30]'s Children","0 No=0 | 30 Yes=30","exg026_s30 Estate Planning: Other Child[30]'s Children"
"raw_exit","restricted_source/Exit_Module.dta","exg026_s31","haven_labelled/vctrs_vctr/double","Estate Planning: Other Child[31]'s Children","0 No=0 | 31 Yes=31","exg026_s31 Estate Planning: Other Child[31]'s Children"
"raw_exit","restricted_source/Exit_Module.dta","exg026_s32","haven_labelled/vctrs_vctr/double","Estate Planning: Other Child[32]'s Children","0 No=0 | 32 Yes=32","exg026_s32 Estate Planning: Other Child[32]'s Children"
"raw_exit","restricted_source/Exit_Module.dta","exg026_s33","haven_labelled/vctrs_vctr/double","Estate Planning: Other Child[33]'s Children","0 No=0 | 33 Yes=33","exg026_s33 Estate Planning: Other Child[33]'s Children"
"raw_exit","restricted_source/Exit_Module.dta","exg026_s34","haven_labelled/vctrs_vctr/double","Estate Planning: Other Child[34]'s Children","0 No=0 | 34 Yes=34","exg026_s34 Estate Planning: Other Child[34]'s Children"
"raw_exit","restricted_source/Exit_Module.dta","exg026_s35","haven_labelled/vctrs_vctr/double","Estate Planning: Other Child[35]'s Children","0 No=0 | 35 Yes=35","exg026_s35 Estate Planning: Other Child[35]'s Children"
"raw_exit","restricted_source/Exit_Module.dta","exg027_1_","numeric","Estate Planning: Child[1]'s Children(%)","","exg027_1_ Estate Planning: Child[1]'s Children(%)"
"raw_exit","restricted_source/Exit_Module.dta","exg027_26_","numeric","Estate Planning: Other Child[26]'s Children(%)","","exg027_26_ Estate Planning: Other Child[26]'s Children(%)"
"raw_exit","restricted_source/Exit_Module.dta","exg028","haven_labelled/vctrs_vctr/double","Equal Share among Sibling for Sibling Share","1 Yes=1 | 2 No=2","exg028 Equal Share among Sibling for Sibling Share"
"raw_exit","restricted_source/Exit_Module.dta","exg029","haven_labelled/vctrs_vctr/double","Any Estate is Inherited","1 Yes=1 | 2 No=2","exg029 Any Estate is Inherited"
"raw_exit","restricted_source/Exit_Module.dta","exg029_1","numeric","Total Value of Estate Inherited","","exg029_1 Total Value of Estate Inherited"
"raw_exit","restricted_source/Exit_Module.dta","exg030","haven_labelled/vctrs_vctr/double","Follow the Will","1 Yes=1 | 2 No=2","exg030 Follow the Will"
"raw_exit","restricted_source/Exit_Module.dta","exg031_s1","haven_labelled/vctrs_vctr/double","Legacy Disposed without Housing: Spouse","0 No=0 | 1 Yes=1","exg031_s1 Legacy Disposed without Housing: Spouse"
"raw_exit","restricted_source/Exit_Module.dta","exg031_s2","haven_labelled/vctrs_vctr/double","Legacy Disposed without Housing: Children/Sons-in-law/Daughters-in-law","0 No=0 | 2 Yes=2","exg031_s2 Legacy Disposed without Housing: Children/Sons-in-law/Daughters-in-law"
"raw_exit","restricted_source/Exit_Module.dta","exg031_s3","haven_labelled/vctrs_vctr/double","Legacy Disposed without Housing: Sibling","0 No=0 | 3 Yes=3","exg031_s3 Legacy Disposed without Housing: Sibling"
"raw_exit","restricted_source/Exit_Module.dta","exg031_s4","haven_labelled/vctrs_vctr/double","Legacy Disposed without Housing: Other Relatives","0 No=0 | 4 Yes=4","exg031_s4 Legacy Disposed without Housing: Other Relatives"
"raw_exit","restricted_source/Exit_Module.dta","exg031_s5","haven_labelled/vctrs_vctr/double","Legacy Disposed without Housing: Parents/Parents-in-law","0 No=0 | 5 Yes=5","exg031_s5 Legacy Disposed without Housing: Parents/Parents-in-law"
"raw_exit","restricted_source/Exit_Module.dta","exg031_s6","haven_labelled/vctrs_vctr/double","Legacy Disposed without Housing: Grandchildren","0 No=0 | 6 Yes=6","exg031_s6 Legacy Disposed without Housing: Grandchildren"
"raw_exit","restricted_source/Exit_Module.dta","exg031_s7","haven_labelled/vctrs_vctr/double","Legacy Disposed without Housing: Friends","0 No=0 | 7 Yes=7","exg031_s7 Legacy Disposed without Housing: Friends"
"raw_exit","restricted_source/Exit_Module.dta","exg031_s8","haven_labelled/vctrs_vctr/double","Legacy Disposed without Housing: Charity","0 No=0 | 8 Yes=8","exg031_s8 Legacy Disposed without Housing: Charity"
"raw_exit","restricted_source/Exit_Module.dta","exg031_s9","haven_labelled/vctrs_vctr/double","Legacy Disposed without Housing: Others","0 No=0 | 9 Yes=9","exg031_s9 Legacy Disposed without Housing: Others"
"raw_exit","restricted_source/Exit_Module.dta","exg031_s10","haven_labelled/vctrs_vctr/double","Legacy Disposed without Housing: No Distribution","0 No=0 | 10 Yes=10","exg031_s10 Legacy Disposed without Housing: No Distribution"
"raw_exit","restricted_source/Exit_Module.dta","exg031_1","numeric","Legacy Disposed without Housing: Spouse(%)","","exg031_1 Legacy Disposed without Housing: Spouse(%)"
"raw_exit","restricted_source/Exit_Module.dta","exg031_3","numeric","Legacy Disposed without Housing: Sibling(%)","","exg031_3 Legacy Disposed without Housing: Sibling(%)"
"raw_exit","restricted_source/Exit_Module.dta","exg031_4","numeric","Legacy Disposed without Housing: Other Relatives(%)","","exg031_4 Legacy Disposed without Housing: Other Relatives(%)"
"raw_exit","restricted_source/Exit_Module.dta","exg031_5","numeric","Legacy Disposed without Housing: Parents/Parents-in-law(%)","","exg031_5 Legacy Disposed without Housing: Parents/Parents-in-law(%)"
"raw_exit","restricted_source/Exit_Module.dta","exg031_7","numeric","Legacy Disposed without Housing: Friends(%)","","exg031_7 Legacy Disposed without Housing: Friends(%)"
"raw_exit","restricted_source/Exit_Module.dta","exg031_8","numeric","Legacy Disposed without Housing: Charity(%)","","exg031_8 Legacy Disposed without Housing: Charity(%)"
"raw_exit","restricted_source/Exit_Module.dta","exg031_9","numeric","Legacy Disposed without Housing: Others(%)","","exg031_9 Legacy Disposed without Housing: Others(%)"
"raw_exit","restricted_source/Exit_Module.dta","exg032_s1","haven_labelled/vctrs_vctr/double","Legacy Disposed without Housing: Child[1]/'s Spouse","0 No=0 | 1 Yes=1","exg032_s1 Legacy Disposed without Housing: Child[1]/'s Spouse"
"raw_exit","restricted_source/Exit_Module.dta","exg032_s2","haven_labelled/vctrs_vctr/double","Legacy Disposed without Housing: Child[2]/'s Spouse","0 No=0 | 2 Yes=2","exg032_s2 Legacy Disposed without Housing: Child[2]/'s Spouse"
"raw_exit","restricted_source/Exit_Module.dta","exg032_s3","haven_labelled/vctrs_vctr/double","Legacy Disposed without Housing: Child[3]/'s Spouse","0 No=0 | 3 Yes=3","exg032_s3 Legacy Disposed without Housing: Child[3]/'s Spouse"
"raw_exit","restricted_source/Exit_Module.dta","exg032_s4","haven_labelled/vctrs_vctr/double","Legacy Disposed without Housing: Child[4]/'s Spouse","0 No=0 | 4 Yes=4","exg032_s4 Legacy Disposed without Housing: Child[4]/'s Spouse"
"raw_exit","restricted_source/Exit_Module.dta","exg032_s5","haven_labelled/vctrs_vctr/double","Legacy Disposed without Housing: Child[5]/'s Spouse","0 No=0 | 5 Yes=5","exg032_s5 Legacy Disposed without Housing: Child[5]/'s Spouse"
"raw_exit","restricted_source/Exit_Module.dta","exg032_s6","haven_labelled/vctrs_vctr/double","Legacy Disposed without Housing: Child[6]/'s Spouse","0 No=0 | 6 Yes=6","exg032_s6 Legacy Disposed without Housing: Child[6]/'s Spouse"
"raw_exit","restricted_source/Exit_Module.dta","exg032_s7","haven_labelled/vctrs_vctr/double","Legacy Disposed without Housing: Child[7]/'s Spouse","0 No=0 | 7 Yes=7","exg032_s7 Legacy Disposed without Housing: Child[7]/'s Spouse"
"raw_exit","restricted_source/Exit_Module.dta","exg032_s8","haven_labelled/vctrs_vctr/double","Legacy Disposed without Housing: Child[8]/'s Spouse","0 No=0 | 8 Yes=8","exg032_s8 Legacy Disposed without Housing: Child[8]/'s Spouse"
"raw_exit","restricted_source/Exit_Module.dta","exg032_s9","haven_labelled/vctrs_vctr/double","Legacy Disposed without Housing: Child[9]/'s Spouse","0 No=0 | 9 Yes=9","exg032_s9 Legacy Disposed without Housing: Child[9]/'s Spouse"
"raw_exit","restricted_source/Exit_Module.dta","exg032_s10","haven_labelled/vctrs_vctr/double","Legacy Disposed without Housing: Child[10]/'s Spouse","0 No=0 | 10 Yes=10","exg032_s10 Legacy Disposed without Housing: Child[10]/'s Spouse"
"raw_exit","restricted_source/Exit_Module.dta","exg032_s11","haven_labelled/vctrs_vctr/double","Legacy Disposed without Housing: Child[11]/'s Spouse","0 No=0 | 11 Yes=11","exg032_s11 Legacy Disposed without Housing: Child[11]/'s Spouse"
"raw_exit","restricted_source/Exit_Module.dta","exg032_s12","haven_labelled/vctrs_vctr/double","Legacy Disposed without Housing: Child[12]/'s Spouse","0 No=0 | 12 Yes=12","exg032_s12 Legacy Disposed without Housing: Child[12]/'s Spouse"
"raw_exit","restricted_source/Exit_Module.dta","exg032_s13","haven_labelled/vctrs_vctr/double","Legacy Disposed without Housing: Child[13]/'s Spouse","0 No=0 | 13 Yes=13","exg032_s13 Legacy Disposed without Housing: Child[13]/'s Spouse"
"raw_exit","restricted_source/Exit_Module.dta","exg032_s14","haven_labelled/vctrs_vctr/double","Legacy Disposed without Housing: Child[14]/'s Spouse","0 No=0 | 14 Yes=14","exg032_s14 Legacy Disposed without Housing: Child[14]/'s Spouse"
"raw_exit","restricted_source/Exit_Module.dta","exg032_s15","haven_labelled/vctrs_vctr/double","Legacy Disposed without Housing: Child[15]/'s Spouse","0 No=0 | 15 Yes=15","exg032_s15 Legacy Disposed without Housing: Child[15]/'s Spouse"
"raw_exit","restricted_source/Exit_Module.dta","exg032_s16","haven_labelled/vctrs_vctr/double","Legacy Disposed without Housing: Child[16]/'s Spouse","0 No=0 | 16 Yes=16","exg032_s16 Legacy Disposed without Housing: Child[16]/'s Spouse"
"raw_exit","restricted_source/Exit_Module.dta","exg032_s17","haven_labelled/vctrs_vctr/double","Legacy Disposed without Housing: Child[17]/'s Spouse","0 No=0 | 17 Yes=17","exg032_s17 Legacy Disposed without Housing: Child[17]/'s Spouse"
"raw_exit","restricted_source/Exit_Module.dta","exg032_s18","haven_labelled/vctrs_vctr/double","Legacy Disposed without Housing: Child[18]/'s Spouse","0 No=0 | 18 Yes=18","exg032_s18 Legacy Disposed without Housing: Child[18]/'s Spouse"
"raw_exit","restricted_source/Exit_Module.dta","exg032_s19","haven_labelled/vctrs_vctr/double","Legacy Disposed without Housing: Child[19]/'s Spouse","0 No=0 | 19 Yes=19","exg032_s19 Legacy Disposed without Housing: Child[19]/'s Spouse"
"raw_exit","restricted_source/Exit_Module.dta","exg032_s20","haven_labelled/vctrs_vctr/double","Legacy Disposed without Housing: Child[20]/'s Spouse","0 No=0 | 20 Yes=20","exg032_s20 Legacy Disposed without Housing: Child[20]/'s Spouse"
"raw_exit","restricted_source/Exit_Module.dta","exg032_s21","haven_labelled/vctrs_vctr/double","Legacy Disposed without Housing: Child[21]/'s Spouse","0 No=0 | 21 Yes=21","exg032_s21 Legacy Disposed without Housing: Child[21]/'s Spouse"
"raw_exit","restricted_source/Exit_Module.dta","exg032_s22","haven_labelled/vctrs_vctr/double","Legacy Disposed without Housing: Child[22]/'s Spouse","0 No=0 | 22 Yes=22","exg032_s22 Legacy Disposed without Housing: Child[22]/'s Spouse"
"raw_exit","restricted_source/Exit_Module.dta","exg032_s23","haven_labelled/vctrs_vctr/double","Legacy Disposed without Housing: Child[23]/'s Spouse","0 No=0 | 23 Yes=23","exg032_s23 Legacy Disposed without Housing: Child[23]/'s Spouse"
"raw_exit","restricted_source/Exit_Module.dta","exg032_s24","haven_labelled/vctrs_vctr/double","Legacy Disposed without Housing: Child[24]/'s Spouse","0 No=0 | 24 Yes=24","exg032_s24 Legacy Disposed without Housing: Child[24]/'s Spouse"
"raw_exit","restricted_source/Exit_Module.dta","exg032_s25","haven_labelled/vctrs_vctr/double","Legacy Disposed without Housing: Child[25]/'s Spouse","0 No=0 | 25 Yes=25","exg032_s25 Legacy Disposed without Housing: Child[25]/'s Spouse"
"raw_exit","restricted_source/Exit_Module.dta","exg032_s26","haven_labelled/vctrs_vctr/double","Legacy Disposed without Housing: Other Child[26]/'s Spouse","0 No=0 | 26 Yes=26","exg032_s26 Legacy Disposed without Housing: Other Child[26]/'s Spouse"
"raw_exit","restricted_source/Exit_Module.dta","exg032_s27","haven_labelled/vctrs_vctr/double","Legacy Disposed without Housing: Other Child[27]/'s Spouse","0 No=0 | 27 Yes=27","exg032_s27 Legacy Disposed without Housing: Other Child[27]/'s Spouse"
"raw_exit","restricted_source/Exit_Module.dta","exg032_s28","haven_labelled/vctrs_vctr/double","Legacy Disposed without Housing: Other Child[28]/'s Spouse","0 No=0 | 28 Yes=28","exg032_s28 Legacy Disposed without Housing: Other Child[28]/'s Spouse"
"raw_exit","restricted_source/Exit_Module.dta","exg032_s29","haven_labelled/vctrs_vctr/double","Legacy Disposed without Housing: Other Child[29]/'s Spouse","0 No=0 | 29 Yes=29","exg032_s29 Legacy Disposed without Housing: Other Child[29]/'s Spouse"
"raw_exit","restricted_source/Exit_Module.dta","exg032_s30","haven_labelled/vctrs_vctr/double","Legacy Disposed without Housing: Other Child[30]/'s Spouse","0 No=0 | 30 Yes=30","exg032_s30 Legacy Disposed without Housing: Other Child[30]/'s Spouse"
"raw_exit","restricted_source/Exit_Module.dta","exg032_s31","haven_labelled/vctrs_vctr/double","Legacy Disposed without Housing: Other Child[31]/'s Spouse","0 No=0 | 31 Yes=31","exg032_s31 Legacy Disposed without Housing: Other Child[31]/'s Spouse"
"raw_exit","restricted_source/Exit_Module.dta","exg032_s32","haven_labelled/vctrs_vctr/double","Legacy Disposed without Housing: Other Child[32]/'s Spouse","0 No=0 | 32 Yes=32","exg032_s32 Legacy Disposed without Housing: Other Child[32]/'s Spouse"
"raw_exit","restricted_source/Exit_Module.dta","exg032_s33","haven_labelled/vctrs_vctr/double","Legacy Disposed without Housing: Other Child[33]/'s Spouse","0 No=0 | 33 Yes=33","exg032_s33 Legacy Disposed without Housing: Other Child[33]/'s Spouse"
"raw_exit","restricted_source/Exit_Module.dta","exg032_s34","haven_labelled/vctrs_vctr/double","Legacy Disposed without Housing: Other Child[34]/'s Spouse","0 No=0 | 34 Yes=34","exg032_s34 Legacy Disposed without Housing: Other Child[34]/'s Spouse"
"raw_exit","restricted_source/Exit_Module.dta","exg032_s35","haven_labelled/vctrs_vctr/double","Legacy Disposed without Housing: Other Child[35]/'s Spouse","0 No=0 | 35 Yes=35","exg032_s35 Legacy Disposed without Housing: Other Child[35]/'s Spouse"
"raw_exit","restricted_source/Exit_Module.dta","exg033_1_","numeric","Legacy Disposed without Housing: Child[1]/'s Spouse(%)","","exg033_1_ Legacy Disposed without Housing: Child[1]/'s Spouse(%)"
"raw_exit","restricted_source/Exit_Module.dta","exg033_2_","numeric","Legacy Disposed without Housing: Child[2]/'s Spouse(%)","","exg033_2_ Legacy Disposed without Housing: Child[2]/'s Spouse(%)"
"raw_exit","restricted_source/Exit_Module.dta","exg033_3_","numeric","Legacy Disposed without Housing: Child[3]/'s Spouse(%)","","exg033_3_ Legacy Disposed without Housing: Child[3]/'s Spouse(%)"
"raw_exit","restricted_source/Exit_Module.dta","exg033_4_","numeric","Legacy Disposed without Housing: Child[4]/'s Spouse(%)","","exg033_4_ Legacy Disposed without Housing: Child[4]/'s Spouse(%)"
"raw_exit","restricted_source/Exit_Module.dta","exg033_5_","numeric","Legacy Disposed without Housing: Child[5]/'s Spouse(%)","","exg033_5_ Legacy Disposed without Housing: Child[5]/'s Spouse(%)"
"raw_exit","restricted_source/Exit_Module.dta","exg033_6_","numeric","Legacy Disposed without Housing: Child[6]/'s Spouse(%)","","exg033_6_ Legacy Disposed without Housing: Child[6]/'s Spouse(%)"
"raw_exit","restricted_source/Exit_Module.dta","exg033_7_","numeric","Legacy Disposed without Housing: Child[7]/'s Spouse(%)","","exg033_7_ Legacy Disposed without Housing: Child[7]/'s Spouse(%)"
"raw_exit","restricted_source/Exit_Module.dta","exg033_8_","numeric","Legacy Disposed without Housing: Child[8]/'s Spouse(%)","","exg033_8_ Legacy Disposed without Housing: Child[8]/'s Spouse(%)"
"raw_exit","restricted_source/Exit_Module.dta","exg033_9_","numeric","Legacy Disposed without Housing: Child[9]/'s Spouse(%)","","exg033_9_ Legacy Disposed without Housing: Child[9]/'s Spouse(%)"
"raw_exit","restricted_source/Exit_Module.dta","exg033_10_","numeric","Legacy Disposed without Housing: Child[10]/'s Spouse(%)","","exg033_10_ Legacy Disposed without Housing: Child[10]/'s Spouse(%)"
"raw_exit","restricted_source/Exit_Module.dta","exg033_11_","numeric","Legacy Disposed without Housing: Child[11]/'s Spouse(%)","","exg033_11_ Legacy Disposed without Housing: Child[11]/'s Spouse(%)"
"raw_exit","restricted_source/Exit_Module.dta","exg033_12_","numeric","Legacy Disposed without Housing: Child[12]/'s Spouse(%)","","exg033_12_ Legacy Disposed without Housing: Child[12]/'s Spouse(%)"
"raw_exit","restricted_source/Exit_Module.dta","exg033_26_","numeric","Legacy Disposed without Housing: Other Child[26]/'s Spouse(%)","","exg033_26_ Legacy Disposed without Housing: Other Child[26]/'s Spouse(%)"
"raw_exit","restricted_source/Exit_Module.dta","exg033_27_","numeric","Legacy Disposed without Housing: Other Child[27]/'s Spouse(%)","","exg033_27_ Legacy Disposed without Housing: Other Child[27]/'s Spouse(%)"
"raw_exit","restricted_source/Exit_Module.dta","exg033_28_","numeric","Legacy Disposed without Housing: Other Child[28]/'s Spouse(%)","","exg033_28_ Legacy Disposed without Housing: Other Child[28]/'s Spouse(%)"
"raw_exit","restricted_source/Exit_Module.dta","exg033_29_","numeric","Legacy Disposed without Housing: Other Child[29]/'s Spouse(%)","","exg033_29_ Legacy Disposed without Housing: Other Child[29]/'s Spouse(%)"
"raw_exit","restricted_source/Exit_Module.dta","exg033_30_","numeric","Legacy Disposed without Housing: Other Child[30]/'s Spouse(%)","","exg033_30_ Legacy Disposed without Housing: Other Child[30]/'s Spouse(%)"
"raw_exit","restricted_source/Exit_Module.dta","exg036_s1","haven_labelled/vctrs_vctr/double","Legacy Disposed without Housing: Child[1]'s Children","0 No=0 | 1 Yes=1","exg036_s1 Legacy Disposed without Housing: Child[1]'s Children"
"raw_exit","restricted_source/Exit_Module.dta","exg036_s2","haven_labelled/vctrs_vctr/double","Legacy Disposed without Housing: Child[2]'s Children","0 No=0 | 2 Yes=2","exg036_s2 Legacy Disposed without Housing: Child[2]'s Children"
"raw_exit","restricted_source/Exit_Module.dta","exg036_s3","haven_labelled/vctrs_vctr/double","Legacy Disposed without Housing: Child[3]'s Children","0 No=0 | 3 Yes=3","exg036_s3 Legacy Disposed without Housing: Child[3]'s Children"
"raw_exit","restricted_source/Exit_Module.dta","exg036_s4","haven_labelled/vctrs_vctr/double","Legacy Disposed without Housing: Child[4]'s Children","0 No=0 | 4 Yes=4","exg036_s4 Legacy Disposed without Housing: Child[4]'s Children"
"raw_exit","restricted_source/Exit_Module.dta","exg036_s5","haven_labelled/vctrs_vctr/double","Legacy Disposed without Housing: Child[5]'s Children","0 No=0 | 5 Yes=5","exg036_s5 Legacy Disposed without Housing: Child[5]'s Children"
"raw_exit","restricted_source/Exit_Module.dta","exg036_s6","haven_labelled/vctrs_vctr/double","Legacy Disposed without Housing: Child[6]'s Children","0 No=0 | 6 Yes=6","exg036_s6 Legacy Disposed without Housing: Child[6]'s Children"
"raw_exit","restricted_source/Exit_Module.dta","exg036_s7","haven_labelled/vctrs_vctr/double","Legacy Disposed without Housing: Child[7]'s Children","0 No=0 | 7 Yes=7","exg036_s7 Legacy Disposed without Housing: Child[7]'s Children"
"raw_exit","restricted_source/Exit_Module.dta","exg036_s8","haven_labelled/vctrs_vctr/double","Legacy Disposed without Housing: Child[8]'s Children","0 No=0 | 8 Yes=8","exg036_s8 Legacy Disposed without Housing: Child[8]'s Children"
"raw_exit","restricted_source/Exit_Module.dta","exg036_s9","haven_labelled/vctrs_vctr/double","Legacy Disposed without Housing: Child[9]'s Children","0 No=0 | 9 Yes=9","exg036_s9 Legacy Disposed without Housing: Child[9]'s Children"
"raw_exit","restricted_source/Exit_Module.dta","exg036_s10","haven_labelled/vctrs_vctr/double","Legacy Disposed without Housing: Child[10]'s Children","0 No=0 | 10 Yes=10","exg036_s10 Legacy Disposed without Housing: Child[10]'s Children"
"raw_exit","restricted_source/Exit_Module.dta","exg036_s11","haven_labelled/vctrs_vctr/double","Legacy Disposed without Housing: Child[11]'s Children","0 No=0 | 11 Yes=11","exg036_s11 Legacy Disposed without Housing: Child[11]'s Children"
"raw_exit","restricted_source/Exit_Module.dta","exg036_s12","haven_labelled/vctrs_vctr/double","Legacy Disposed without Housing: Child[12]'s Children","0 No=0 | 12 Yes=12","exg036_s12 Legacy Disposed without Housing: Child[12]'s Children"
"raw_exit","restricted_source/Exit_Module.dta","exg036_s13","haven_labelled/vctrs_vctr/double","Legacy Disposed without Housing: Child[13]'s Children","0 No=0 | 13 Yes=13","exg036_s13 Legacy Disposed without Housing: Child[13]'s Children"
"raw_exit","restricted_source/Exit_Module.dta","exg036_s14","haven_labelled/vctrs_vctr/double","Legacy Disposed without Housing: Child[14]'s Children","0 No=0 | 14 Yes=14","exg036_s14 Legacy Disposed without Housing: Child[14]'s Children"
"raw_exit","restricted_source/Exit_Module.dta","exg036_s15","haven_labelled/vctrs_vctr/double","Legacy Disposed without Housing: Child[15]'s Children","0 No=0 | 15 Yes=15","exg036_s15 Legacy Disposed without Housing: Child[15]'s Children"
"raw_exit","restricted_source/Exit_Module.dta","exg036_s16","haven_labelled/vctrs_vctr/double","Legacy Disposed without Housing: Child[16]'s Children","0 No=0 | 16 Yes=16","exg036_s16 Legacy Disposed without Housing: Child[16]'s Children"
"raw_exit","restricted_source/Exit_Module.dta","exg036_s17","haven_labelled/vctrs_vctr/double","Legacy Disposed without Housing: Child[17]'s Children","0 No=0 | 17 Yes=17","exg036_s17 Legacy Disposed without Housing: Child[17]'s Children"
"raw_exit","restricted_source/Exit_Module.dta","exg036_s18","haven_labelled/vctrs_vctr/double","Legacy Disposed without Housing: Child[18]'s Children","0 No=0 | 18 Yes=18","exg036_s18 Legacy Disposed without Housing: Child[18]'s Children"
"raw_exit","restricted_source/Exit_Module.dta","exg036_s19","haven_labelled/vctrs_vctr/double","Legacy Disposed without Housing: Child[19]'s Children","0 No=0 | 19 Yes=19","exg036_s19 Legacy Disposed without Housing: Child[19]'s Children"
"raw_exit","restricted_source/Exit_Module.dta","exg036_s20","haven_labelled/vctrs_vctr/double","Legacy Disposed without Housing: Child[20]'s Children","0 No=0 | 20 Yes=20","exg036_s20 Legacy Disposed without Housing: Child[20]'s Children"
"raw_exit","restricted_source/Exit_Module.dta","exg036_s21","haven_labelled/vctrs_vctr/double","Legacy Disposed without Housing: Child[21]'s Children","0 No=0 | 21 Yes=21","exg036_s21 Legacy Disposed without Housing: Child[21]'s Children"
"raw_exit","restricted_source/Exit_Module.dta","exg036_s22","haven_labelled/vctrs_vctr/double","Legacy Disposed without Housing: Child[22]'s Children","0 No=0 | 22 Yes=22","exg036_s22 Legacy Disposed without Housing: Child[22]'s Children"
"raw_exit","restricted_source/Exit_Module.dta","exg036_s23","haven_labelled/vctrs_vctr/double","Legacy Disposed without Housing: Child[23]'s Children","0 No=0 | 23 Yes=23","exg036_s23 Legacy Disposed without Housing: Child[23]'s Children"
"raw_exit","restricted_source/Exit_Module.dta","exg036_s24","haven_labelled/vctrs_vctr/double","Legacy Disposed without Housing: Child[24]'s Children","0 No=0 | 24 Yes=24","exg036_s24 Legacy Disposed without Housing: Child[24]'s Children"
"raw_exit","restricted_source/Exit_Module.dta","exg036_s25","haven_labelled/vctrs_vctr/double","Legacy Disposed without Housing: Child[25]'s Children","0 No=0 | 25 Yes=25","exg036_s25 Legacy Disposed without Housing: Child[25]'s Children"
"raw_exit","restricted_source/Exit_Module.dta","exg036_s26","haven_labelled/vctrs_vctr/double","Legacy Disposed without Housing: Other Child[26]'s Children","0 No=0 | 26 Yes=26","exg036_s26 Legacy Disposed without Housing: Other Child[26]'s Children"
"raw_exit","restricted_source/Exit_Module.dta","exg036_s27","haven_labelled/vctrs_vctr/double","Legacy Disposed without Housing: Other Child[27]'s Children","0 No=0 | 27 Yes=27","exg036_s27 Legacy Disposed without Housing: Other Child[27]'s Children"
"raw_exit","restricted_source/Exit_Module.dta","exg036_s28","haven_labelled/vctrs_vctr/double","Legacy Disposed without Housing: Other Child[28]'s Children","0 No=0 | 28 Yes=28","exg036_s28 Legacy Disposed without Housing: Other Child[28]'s Children"
"raw_exit","restricted_source/Exit_Module.dta","exg036_s29","haven_labelled/vctrs_vctr/double","Legacy Disposed without Housing: Other Child[29]'s Children","0 No=0 | 29 Yes=29","exg036_s29 Legacy Disposed without Housing: Other Child[29]'s Children"
"raw_exit","restricted_source/Exit_Module.dta","exg036_s30","haven_labelled/vctrs_vctr/double","Legacy Disposed without Housing: Other Child[30]'s Children","0 No=0 | 30 Yes=30","exg036_s30 Legacy Disposed without Housing: Other Child[30]'s Children"
"raw_exit","restricted_source/Exit_Module.dta","exg036_s31","haven_labelled/vctrs_vctr/double","Legacy Disposed without Housing: Other Child[31]'s Children","0 No=0 | 31 Yes=31","exg036_s31 Legacy Disposed without Housing: Other Child[31]'s Children"
"raw_exit","restricted_source/Exit_Module.dta","exg036_s32","haven_labelled/vctrs_vctr/double","Legacy Disposed without Housing: Other Child[32]'s Children","0 No=0 | 32 Yes=32","exg036_s32 Legacy Disposed without Housing: Other Child[32]'s Children"
"raw_exit","restricted_source/Exit_Module.dta","exg036_s33","haven_labelled/vctrs_vctr/double","Legacy Disposed without Housing: Other Child[33]'s Children","0 No=0 | 33 Yes=33","exg036_s33 Legacy Disposed without Housing: Other Child[33]'s Children"
"raw_exit","restricted_source/Exit_Module.dta","exg036_s34","haven_labelled/vctrs_vctr/double","Legacy Disposed without Housing: Other Child[34]'s Children","0 No=0 | 34 Yes=34","exg036_s34 Legacy Disposed without Housing: Other Child[34]'s Children"
"raw_exit","restricted_source/Exit_Module.dta","exg036_s35","haven_labelled/vctrs_vctr/double","Legacy Disposed without Housing: Other Child[35]'s Children","0 No=0 | 35 Yes=35","exg036_s35 Legacy Disposed without Housing: Other Child[35]'s Children"
"raw_exit","restricted_source/Exit_Module.dta","exg037_1_","numeric","Legacy Disposed without Housing: Child[1]'s Children(%)","","exg037_1_ Legacy Disposed without Housing: Child[1]'s Children(%)"
"raw_exit","restricted_source/Exit_Module.dta","exg037_2_","numeric","Legacy Disposed without Housing: Child[2]'s Children(%)","","exg037_2_ Legacy Disposed without Housing: Child[2]'s Children(%)"
"raw_exit","restricted_source/Exit_Module.dta","exg037_3_","numeric","Legacy Disposed without Housing: Child[3]'s Children(%)","","exg037_3_ Legacy Disposed without Housing: Child[3]'s Children(%)"
"raw_exit","restricted_source/Exit_Module.dta","exg037_4_","numeric","Legacy Disposed without Housing: Child[4]'s Children(%)","","exg037_4_ Legacy Disposed without Housing: Child[4]'s Children(%)"
"raw_exit","restricted_source/Exit_Module.dta","exg037_5_","numeric","Legacy Disposed without Housing: Child[5]'s Children(%)","","exg037_5_ Legacy Disposed without Housing: Child[5]'s Children(%)"
"raw_exit","restricted_source/Exit_Module.dta","exg037_26_","numeric","Legacy Disposed without Housing: Other Child[26]'s Children(%)","","exg037_26_ Legacy Disposed without Housing: Other Child[26]'s Children(%)"
"raw_exit","restricted_source/Exit_Module.dta","k01","haven_labelled/vctrs_vctr/double","Kind of Burial","1 Cremation=1 | 2 Ground Burial=2 | 3 Sky Burial=3 | 4 Water Burial=4 | 5 Other, Please Specify=5","k01 Kind of Burial"
"raw_exit","restricted_source/Exit_Module.dta","k02","haven_labelled/vctrs_vctr/double","Where Was He/She Buried","1 Contracted Land=1 | 2 Collective Burial Ground=2 | 3 Commercial Burial Ground=3 | 4 Waster Land=4 | 5 Ashes Kept In Funeral Home=5 | 6 Other, Please Specify=6","k02 Where Was He/She Buried"
"raw_exit","restricted_source/Exit_Module.dta","k03","haven_labelled/vctrs_vctr/double","How Much Does the Burial Ground Cost?","1 Yuan Total=1 | 2 Yuan Per Year=2","k03 How Much Does the Burial Ground Cost?"
"raw_exit","restricted_source/Exit_Module.dta","k03_1","numeric","K03_1","","k03_1 K03_1"
"raw_exit","restricted_source/Exit_Module.dta","k03_2","numeric","K03_2","","k03_2 K03_2"
"raw_exit","restricted_source/Exit_Module.dta","k04","numeric","In Which Year Was the Burial Ground Purchased?","","k04 In Which Year Was the Burial Ground Purchased?"
"raw_exit","restricted_source/Exit_Module.dta","k06_s1","numeric","Spouse","","k06_s1 Spouse"
"raw_exit","restricted_source/Exit_Module.dta","k06_s2","numeric","Child","","k06_s2 Child"
"raw_exit","restricted_source/Exit_Module.dta","k06_s3","numeric","Child","","k06_s3 Child"
"raw_exit","restricted_source/Exit_Module.dta","k06_s4","numeric","Child","","k06_s4 Child"
"raw_exit","restricted_source/Exit_Module.dta","k06_s5","numeric","Child","","k06_s5 Child"
"raw_exit","restricted_source/Exit_Module.dta","k06_s6","numeric","Child","","k06_s6 Child"
"raw_exit","restricted_source/Exit_Module.dta","k06_s7","numeric","Child","","k06_s7 Child"
"raw_exit","restricted_source/Exit_Module.dta","k06_s8","numeric","Child","","k06_s8 Child"
"raw_exit","restricted_source/Exit_Module.dta","k06_s9","numeric","Child","","k06_s9 Child"
"raw_exit","restricted_source/Exit_Module.dta","k06_s10","numeric","Child","","k06_s10 Child"
"raw_exit","restricted_source/Exit_Module.dta","k06_s11","numeric","Child","","k06_s11 Child"
"raw_exit","restricted_source/Exit_Module.dta","k06_s12","numeric","Child","","k06_s12 Child"
"raw_exit","restricted_source/Exit_Module.dta","k06_s13","numeric","Child","","k06_s13 Child"
"raw_exit","restricted_source/Exit_Module.dta","k06_s14","numeric","Child","","k06_s14 Child"
"raw_exit","restricted_source/Exit_Module.dta","k06_s15","numeric","Child","","k06_s15 Child"
"raw_exit","restricted_source/Exit_Module.dta","k06_s16","numeric","Child","","k06_s16 Child"
"raw_exit","restricted_source/Exit_Module.dta","k06_s17","numeric","Child","","k06_s17 Child"
"raw_exit","restricted_source/Exit_Module.dta","k06_s18","numeric","Child","","k06_s18 Child"
"raw_exit","restricted_source/Exit_Module.dta","k06_s19","numeric","Child","","k06_s19 Child"
"raw_exit","restricted_source/Exit_Module.dta","k06_s20","numeric","Child","","k06_s20 Child"
"raw_exit","restricted_source/Exit_Module.dta","k06_s21","numeric","Child","","k06_s21 Child"
"raw_exit","restricted_source/Exit_Module.dta","k06_s22","numeric","Child","","k06_s22 Child"
"raw_exit","restricted_source/Exit_Module.dta","k06_s23","numeric","Child","","k06_s23 Child"
"raw_exit","restricted_source/Exit_Module.dta","k06_s24","numeric","Child","","k06_s24 Child"
"raw_exit","restricted_source/Exit_Module.dta","k06_s25","numeric","Child","","k06_s25 Child"
"raw_exit","restricted_source/Exit_Module.dta","k06_s26","numeric","Child","","k06_s26 Child"
"raw_exit","restricted_source/Exit_Module.dta","k06_s27","numeric","Child's Spouse","","k06_s27 Child's Spouse"
"raw_exit","restricted_source/Exit_Module.dta","k06_s28","numeric","Child's Spouse","","k06_s28 Child's Spouse"
"raw_exit","restricted_source/Exit_Module.dta","k06_s29","numeric","Child's Spouse","","k06_s29 Child's Spouse"
"raw_exit","restricted_source/Exit_Module.dta","k06_s30","numeric","Child's Spouse","","k06_s30 Child's Spouse"
"raw_exit","restricted_source/Exit_Module.dta","k06_s31","numeric","Child's Spouse","","k06_s31 Child's Spouse"
"raw_exit","restricted_source/Exit_Module.dta","k06_s32","numeric","Child's Spouse","","k06_s32 Child's Spouse"
"raw_exit","restricted_source/Exit_Module.dta","k06_s33","numeric","Child's Spouse","","k06_s33 Child's Spouse"
"raw_exit","restricted_source/Exit_Module.dta","k06_s34","numeric","Child's Spouse","","k06_s34 Child's Spouse"
"raw_exit","restricted_source/Exit_Module.dta","k06_s35","numeric","Child's Spouse","","k06_s35 Child's Spouse"
"raw_exit","restricted_source/Exit_Module.dta","k06_s36","numeric","Child's Spouse","","k06_s36 Child's Spouse"
"raw_exit","restricted_source/Exit_Module.dta","k06_s37","numeric","Child's Spouse","","k06_s37 Child's Spouse"
"raw_exit","restricted_source/Exit_Module.dta","k06_s38","numeric","Child's Spouse","","k06_s38 Child's Spouse"
"raw_exit","restricted_source/Exit_Module.dta","k06_s39","numeric","Child's Spouse","","k06_s39 Child's Spouse"
"raw_exit","restricted_source/Exit_Module.dta","k06_s40","numeric","Child's Spouse","","k06_s40 Child's Spouse"
"raw_exit","restricted_source/Exit_Module.dta","k06_s41","numeric","Child's Spouse","","k06_s41 Child's Spouse"
"raw_exit","restricted_source/Exit_Module.dta","k06_s42","numeric","Child's Spouse","","k06_s42 Child's Spouse"
"raw_exit","restricted_source/Exit_Module.dta","k06_s43","numeric","Child's Spouse","","k06_s43 Child's Spouse"
"raw_exit","restricted_source/Exit_Module.dta","k06_s44","numeric","Child's Spouse","","k06_s44 Child's Spouse"
"raw_exit","restricted_source/Exit_Module.dta","k06_s45","numeric","Child's Spouse","","k06_s45 Child's Spouse"
"raw_exit","restricted_source/Exit_Module.dta","k06_s46","numeric","Child's Spouse","","k06_s46 Child's Spouse"
"raw_exit","restricted_source/Exit_Module.dta","k06_s47","numeric","Child's Spouse","","k06_s47 Child's Spouse"
"raw_exit","restricted_source/Exit_Module.dta","k06_s48","numeric","Child's Spouse","","k06_s48 Child's Spouse"
"raw_exit","restricted_source/Exit_Module.dta","k06_s49","numeric","Child's Spouse","","k06_s49 Child's Spouse"
"raw_exit","restricted_source/Exit_Module.dta","k06_s50","numeric","Child's Spouse","","k06_s50 Child's Spouse"
"raw_exit","restricted_source/Exit_Module.dta","k06_s51","numeric","Child's Spouse","","k06_s51 Child's Spouse"
"raw_exit","restricted_source/Exit_Module.dta","k06_s52","numeric","Grandson","","k06_s52 Grandson"
"raw_exit","restricted_source/Exit_Module.dta","k07","numeric","Which Child Was the Parent of the Grandchild?","","k07 Which Child Was the Parent of the Grandchild?"
"raw_exit","restricted_source/Exit_Module.dta","k09_min","character","K09_min","","k09_min K09_min"
"raw_exit","restricted_source/Exit_Module.dta","k09_max","character","K09_max","","k09_max K09_max"
"raw_exit","restricted_source/Exit_Module.dta","k09","numeric","How Much Did the Whole Funeral Cost","","k09 How Much Did the Whole Funeral Cost"
"raw_exit","restricted_source/Exit_Module.dta","k10_s1","numeric","Spouse","","k10_s1 Spouse"
"raw_exit","restricted_source/Exit_Module.dta","k10_s2","numeric","Child","","k10_s2 Child"
"raw_exit","restricted_source/Exit_Module.dta","k10_s3","numeric","Child","","k10_s3 Child"
"raw_exit","restricted_source/Exit_Module.dta","k10_s4","numeric","Child","","k10_s4 Child"
"raw_exit","restricted_source/Exit_Module.dta","k10_s5","numeric","Child","","k10_s5 Child"
"raw_exit","restricted_source/Exit_Module.dta","k10_s6","numeric","Child","","k10_s6 Child"
"raw_exit","restricted_source/Exit_Module.dta","k10_s7","numeric","Child","","k10_s7 Child"
"raw_exit","restricted_source/Exit_Module.dta","k10_s8","numeric","Child","","k10_s8 Child"
"raw_exit","restricted_source/Exit_Module.dta","k10_s9","numeric","Child","","k10_s9 Child"
"raw_exit","restricted_source/Exit_Module.dta","k10_s10","numeric","Child","","k10_s10 Child"
"raw_exit","restricted_source/Exit_Module.dta","k10_s11","numeric","Child","","k10_s11 Child"
"raw_exit","restricted_source/Exit_Module.dta","k10_s12","numeric","Child","","k10_s12 Child"
"raw_exit","restricted_source/Exit_Module.dta","k10_s13","numeric","Child","","k10_s13 Child"
"raw_exit","restricted_source/Exit_Module.dta","k10_s14","numeric","Child","","k10_s14 Child"
"raw_exit","restricted_source/Exit_Module.dta","k10_s15","numeric","Child","","k10_s15 Child"
"raw_exit","restricted_source/Exit_Module.dta","k10_s16","numeric","Child","","k10_s16 Child"
"raw_exit","restricted_source/Exit_Module.dta","k10_s17","numeric","Child","","k10_s17 Child"
"raw_exit","restricted_source/Exit_Module.dta","k10_s18","numeric","Child","","k10_s18 Child"
"raw_exit","restricted_source/Exit_Module.dta","k10_s19","numeric","Child","","k10_s19 Child"
"raw_exit","restricted_source/Exit_Module.dta","k10_s20","numeric","Child","","k10_s20 Child"
"raw_exit","restricted_source/Exit_Module.dta","k10_s21","numeric","Child","","k10_s21 Child"
"raw_exit","restricted_source/Exit_Module.dta","k10_s22","numeric","Child","","k10_s22 Child"
"raw_exit","restricted_source/Exit_Module.dta","k10_s23","numeric","Child","","k10_s23 Child"
"raw_exit","restricted_source/Exit_Module.dta","k10_s24","numeric","Child","","k10_s24 Child"
"raw_exit","restricted_source/Exit_Module.dta","k10_s25","numeric","Child","","k10_s25 Child"
"raw_exit","restricted_source/Exit_Module.dta","k10_s26","numeric","Child","","k10_s26 Child"
"raw_exit","restricted_source/Exit_Module.dta","k10_s27","numeric","Child's Spouse","","k10_s27 Child's Spouse"
"raw_exit","restricted_source/Exit_Module.dta","k10_s28","numeric","Child's Spouse","","k10_s28 Child's Spouse"
"raw_exit","restricted_source/Exit_Module.dta","k10_s29","numeric","Child's Spouse","","k10_s29 Child's Spouse"
"raw_exit","restricted_source/Exit_Module.dta","k10_s30","numeric","Child's Spouse","","k10_s30 Child's Spouse"
"raw_exit","restricted_source/Exit_Module.dta","k10_s31","numeric","Child's Spouse","","k10_s31 Child's Spouse"
"raw_exit","restricted_source/Exit_Module.dta","k10_s32","numeric","Child's Spouse","","k10_s32 Child's Spouse"
"raw_exit","restricted_source/Exit_Module.dta","k10_s33","numeric","Child's Spouse","","k10_s33 Child's Spouse"
"raw_exit","restricted_source/Exit_Module.dta","k10_s34","numeric","Child's Spouse","","k10_s34 Child's Spouse"
"raw_exit","restricted_source/Exit_Module.dta","k10_s35","numeric","Child's Spouse","","k10_s35 Child's Spouse"
"raw_exit","restricted_source/Exit_Module.dta","k10_s36","numeric","Child's Spouse","","k10_s36 Child's Spouse"
"raw_exit","restricted_source/Exit_Module.dta","k10_s37","numeric","Child's Spouse","","k10_s37 Child's Spouse"
"raw_exit","restricted_source/Exit_Module.dta","k10_s38","numeric","Child's Spouse","","k10_s38 Child's Spouse"
"raw_exit","restricted_source/Exit_Module.dta","k10_s39","numeric","Child's Spouse","","k10_s39 Child's Spouse"
"raw_exit","restricted_source/Exit_Module.dta","k10_s40","numeric","Child's Spouse","","k10_s40 Child's Spouse"
"raw_exit","restricted_source/Exit_Module.dta","k10_s41","numeric","Child's Spouse","","k10_s41 Child's Spouse"
"raw_exit","restricted_source/Exit_Module.dta","k10_s42","numeric","Child's Spouse","","k10_s42 Child's Spouse"
"raw_exit","restricted_source/Exit_Module.dta","k10_s43","numeric","Child's Spouse","","k10_s43 Child's Spouse"
"raw_exit","restricted_source/Exit_Module.dta","k10_s44","numeric","Child's Spouse","","k10_s44 Child's Spouse"
"raw_exit","restricted_source/Exit_Module.dta","k10_s45","numeric","Child's Spouse","","k10_s45 Child's Spouse"
"raw_exit","restricted_source/Exit_Module.dta","k10_s46","numeric","Child's Spouse","","k10_s46 Child's Spouse"
"raw_exit","restricted_source/Exit_Module.dta","k10_s47","numeric","Child's Spouse","","k10_s47 Child's Spouse"
"raw_exit","restricted_source/Exit_Module.dta","k10_s48","numeric","Child's Spouse","","k10_s48 Child's Spouse"
"raw_exit","restricted_source/Exit_Module.dta","k10_s49","numeric","Child's Spouse","","k10_s49 Child's Spouse"
"raw_exit","restricted_source/Exit_Module.dta","k10_s50","numeric","Child's Spouse","","k10_s50 Child's Spouse"
"raw_exit","restricted_source/Exit_Module.dta","k10_s51","numeric","Child's Spouse","","k10_s51 Child's Spouse"
"raw_exit","restricted_source/Exit_Module.dta","k10_s52","numeric","Grandson","","k10_s52 Grandson"
"raw_exit","restricted_source/Exit_Module.dta","k10_s53","numeric","Granddaughter","","k10_s53 Granddaughter"
"raw_exit","restricted_source/Exit_Module.dta","k10_s54","numeric","Relatives","","k10_s54 Relatives"
"raw_exit","restricted_source/Exit_Module.dta","k10_s55","numeric","R's Union","","k10_s55 R's Union"
"raw_exit","restricted_source/Exit_Module.dta","k10_s56","numeric","R's Insurance","","k10_s56 R's Insurance"
"raw_exit","restricted_source/Exit_Module.dta","k10_s57","numeric","Other People","","k10_s57 Other People"
"raw_exit","restricted_source/Exit_Module.dta","k11","numeric","Which Child Was the Parent of the Grandchild?","","k11 Which Child Was the Parent of the Grandchild?"
"raw_exit","restricted_source/Exit_Module.dta","k13","numeric","How Much Money Did R's Family Receive From the Whole Funeral?","","k13 How Much Money Did R's Family Receive From the Whole Funeral?"
"raw_exit","restricted_source/Exit_Module.dta","k13_min","character","K13_min","","k13_min K13_min"
"raw_exit","restricted_source/Exit_Module.dta","k13_max","character","K13_max","","k13_max K13_max"
"raw_exit","restricted_source/Exit_Module.dta","exv001","haven_labelled/vctrs_vctr/double","COVID-19 Confirmed Infection","1 Yes=1 | 2 No=2 | 995 Deny=995 | 997 Do not Know=997 | 999 Refuse to Answer=999","exv001 COVID-19 Confirmed Infection"
"raw_exit","restricted_source/Exit_Module.dta","exv002","haven_labelled/vctrs_vctr/double","Suspected Case","1 Yes=1 | 2 No=2 | 995 Deny=995 | 997 Do not Know=997 | 999 Refuse to Answer=999","exv002 Suspected Case"
"raw_exit","restricted_source/Exit_Module.dta","exv003","haven_labelled/vctrs_vctr/double","Days of Hospital Stay","1 Yes=1 | 2 No=2 | 995 Deny=995 | 997 Do not Know=997 | 999 Refuse to Answer=999","exv003 Days of Hospital Stay"
"raw_exit","restricted_source/Exit_Module.dta","exv004_s1","haven_labelled/vctrs_vctr/double","Travels","0 Yes=0","exv004_s1 Travels"
"raw_exit","restricted_source/Exit_Module.dta","exv004_s2","haven_labelled/vctrs_vctr/double","Close contact of COVID cases","0 Yes=0","exv004_s2 Close contact of COVID cases"
"raw_exit","restricted_source/Exit_Module.dta","exv004_s3","haven_labelled/vctrs_vctr/double","Building Lockdown","0 No=0 | 3 Yes=3","exv004_s3 Building Lockdown"
"raw_exit","restricted_source/Exit_Module.dta","exv004_s4","haven_labelled/vctrs_vctr/double","After Going to Hospital","0 No=0 | 4 Yes=4","exv004_s4 After Going to Hospital"
"raw_exit","restricted_source/Exit_Module.dta","exv004_s5","haven_labelled/vctrs_vctr/double","Tested Positive","0 Yes=0","exv004_s5 Tested Positive"
"raw_exit","restricted_source/Exit_Module.dta","exv004_s6","haven_labelled/vctrs_vctr/double","No Quarantine Experience","0 No=0 | 6 Yes=6","exv004_s6 No Quarantine Experience"
"raw_exit","restricted_source/Exit_Module.dta","exv004_s997","haven_labelled/vctrs_vctr/double","Do not Know","0 Yes=0","exv004_s997 Do not Know"
"raw_exit","restricted_source/Exit_Module.dta","exv004_s999","haven_labelled/vctrs_vctr/double","Refuse to Answer","0 Yes=0","exv004_s999 Refuse to Answer"
"raw_exit","restricted_source/Exit_Module.dta","exv005","numeric","Quarantine Days","","exv005 Quarantine Days"
"raw_exit","restricted_source/Exit_Module.dta","exv006_s1","haven_labelled/vctrs_vctr/double","Hospital","0 No=0 | 1 Yes=1","exv006_s1 Hospital"
"raw_exit","restricted_source/Exit_Module.dta","exv006_s2","haven_labelled/vctrs_vctr/double","Hotel","0 Yes=0","exv006_s2 Hotel"
"raw_exit","restricted_source/Exit_Module.dta","exv006_s3","haven_labelled/vctrs_vctr/double","Own Residence","0 No=0 | 3 Yes=3","exv006_s3 Own Residence"
"raw_exit","restricted_source/Exit_Module.dta","exv006_s4","haven_labelled/vctrs_vctr/double","Others","0 Yes=0","exv006_s4 Others"
"raw_exit","restricted_source/Exit_Module.dta","exv006_s999","haven_labelled/vctrs_vctr/double","Refuse to Answer","0 Yes=0","exv006_s999 Refuse to Answer"
"raw_exit","restricted_source/Exit_Module.dta","exv007","haven_labelled/vctrs_vctr/double","Quarantine Co-resident","1 Yes=1 | 2 No=2 | 995 Deny=995 | 997 Do not Know=997 | 999 Refuse to Answer=999","exv007 Quarantine Co-resident"
"raw_exit","restricted_source/Exit_Module.dta","exv008","haven_labelled/vctrs_vctr/double","COVID Tested","1 Yes=1 | 2 No=2 | 995 Deny=995 | 997 Do not Know=997 | 999 Refuse to Answer=999","exv008 COVID Tested"
"raw_exit","restricted_source/Exit_Module.dta","exv008_1","numeric","COVID Tested Month","","exv008_1 COVID Tested Month"
"raw_exit","restricted_source/Exit_Module.dta","exv009","numeric","Days of Self-isolation","","exv009 Days of Self-isolation"
"raw_exit","restricted_source/Exit_Module.dta","exv010","haven_labelled/vctrs_vctr/double","Treatment Delayed","1 Yes=1 | 2 No=2 | 995 Deny=995 | 997 Do not Know=997 | 999 Refuse to Answer=999","exv010 Treatment Delayed"
"raw_exit","restricted_source/Exit_Module.dta","exv011_s1","haven_labelled/vctrs_vctr/double","1. No Appointment Could Be Made or Regular Hospital Appointments Were Cancelled","0 No=0 | 1 Yes=1","exv011_s1 1. No Appointment Could Be Made or Regular Hospital Appointments Were Cancelled"
"raw_exit","restricted_source/Exit_Module.dta","exv011_s2","haven_labelled/vctrs_vctr/double","2. Hospitals Rescheduled All Regular Appointments","0 No=0 | 2 Yes=2","exv011_s2 2. Hospitals Rescheduled All Regular Appointments"
"raw_exit","restricted_source/Exit_Module.dta","exv011_s3","haven_labelled/vctrs_vctr/double","3. Decided to Wait","0 No=0 | 3 Yes=3","exv011_s3 3. Decided to Wait"
"raw_exit","restricted_source/Exit_Module.dta","exv011_s4","haven_labelled/vctrs_vctr/double","4. Was Afraid of Going to the Hospital","0 No=0 | 4 Yes=4","exv011_s4 4. Was Afraid of Going to the Hospital"
"raw_exit","restricted_source/Exit_Module.dta","exv011_s5","haven_labelled/vctrs_vctr/double","5. Other, Please Specify","0 No=0 | 5 Yes=5","exv011_s5 5. Other, Please Specify"
"raw_exit","restricted_source/Exit_Module.dta","exv012_s1","haven_labelled/vctrs_vctr/double","1. Major Surgery Requiring Hospitalization","0 No=0 | 1 Yes=1","exv012_s1 1. Major Surgery Requiring Hospitalization"
"raw_exit","restricted_source/Exit_Module.dta","exv012_s2","haven_labelled/vctrs_vctr/double","2. Minor Surgery that Can Be Done on An Outpatient Basis or in A Day","0 No=0 | 2 Yes=2","exv012_s2 2. Minor Surgery that Can Be Done on An Outpatient Basis or in A Day"
"raw_exit","restricted_source/Exit_Module.dta","exv012_s3","haven_labelled/vctrs_vctr/double","3. To See A Doctor for A Regular Outpatient Visit","0 No=0 | 3 Yes=3","exv012_s3 3. To See A Doctor for A Regular Outpatient Visit"
"raw_exit","restricted_source/Exit_Module.dta","exv012_s4","haven_labelled/vctrs_vctr/double","4. To Get Prescription Drugs","0 No=0 | 4 Yes=4","exv012_s4 4. To Get Prescription Drugs"
"raw_exit","restricted_source/Exit_Module.dta","exv012_s5","haven_labelled/vctrs_vctr/double","5. To See A Dentist for Oral Treatment","0 No=0 | 5 Yes=5","exv012_s5 5. To See A Dentist for Oral Treatment"
"raw_exit","restricted_source/Exit_Module.dta","exv012_s6","haven_labelled/vctrs_vctr/double","6. Other, Please Specify","0 No=0 | 6 Yes=6","exv012_s6 6. Other, Please Specify"
"raw_exit","restricted_source/Exit_Module.dta","exv013_s1","haven_labelled/vctrs_vctr/double","1. A New Symptom or Disease","0 No=0 | 1 Yes=1","exv013_s1 1. A New Symptom or Disease"
"raw_exit","restricted_source/Exit_Module.dta","exv013_s2","haven_labelled/vctrs_vctr/double","2. Treatment of An Existing Condition","0 No=0 | 2 Yes=2","exv013_s2 2. Treatment of An Existing Condition"
"raw_exit","restricted_source/Exit_Module.dta","exv013_s3","haven_labelled/vctrs_vctr/double","3. Routine Medical Screening","0 No=0 | 3 Yes=3","exv013_s3 3. Routine Medical Screening"
"raw_exit","restricted_source/Exit_Module.dta","exv014_s1","haven_labelled/vctrs_vctr/double","1. Due to Confirmed Infection with COVID-19","0 Yes=0","exv014_s1 1. Due to Confirmed Infection with COVID-19"
"raw_exit","restricted_source/Exit_Module.dta","exv014_s2","haven_labelled/vctrs_vctr/double","2. Unable to Have Timely Access to Routine Medical Care","0 No=0 | 2 Yes=2","exv014_s2 2. Unable to Have Timely Access to Routine Medical Care"
"raw_exit","restricted_source/Exit_Module.dta","exv014_s3","haven_labelled/vctrs_vctr/double","3. Unable to Receive Emergency Treatment in Time","0 No=0 | 3 Yes=3","exv014_s3 3. Unable to Receive Emergency Treatment in Time"
"raw_exit","restricted_source/Exit_Module.dta","exv014_s4","haven_labelled/vctrs_vctr/double","4. Unable to Receive Care and Attention","0 No=0 | 4 Yes=4","exv014_s4 4. Unable to Receive Care and Attention"
"raw_exit","restricted_source/Exit_Module.dta","exv014_s5","haven_labelled/vctrs_vctr/double","5. Accident Caused by the Pandemic","0 Yes=0","exv014_s5 5. Accident Caused by the Pandemic"
"raw_exit","restricted_source/Exit_Module.dta","exv014_s6","haven_labelled/vctrs_vctr/double","6. Other Reasons, Please Specify","0 No=0 | 6 Yes=6","exv014_s6 6. Other Reasons, Please Specify"
"raw_exit","restricted_source/Exit_Module.dta","exv014_s7","haven_labelled/vctrs_vctr/double","7. Not Related to the Pandemic","0 No=0 | 7 Yes=7","exv014_s7 7. Not Related to the Pandemic"
"raw_exit","restricted_source/Exit_Module.dta","ex005","haven_labelled/vctrs_vctr/double","Relationship to the Deceased?","1 Father=1 | 2 Mother=2 | 3 Spouse=3 | 4 Sibling=4 | 5 Other Relative=5 | 6 No Relation=6","ex005 Relationship to the Deceased?"
"raw_exit","restricted_source/Exit_Module.dta","xezdisease_1_","haven_labelled/vctrs_vctr/double","Cancer","1 Yes=1","xezdisease_1_ Cancer"
"raw_exit","restricted_source/Exit_Module.dta","xezdisease_2_","haven_labelled/vctrs_vctr/double","Chronic Lung Diseases","1 Yes=1","xezdisease_2_ Chronic Lung Diseases"
"raw_exit","restricted_source/Exit_Module.dta","xezdisease_3_","haven_labelled/vctrs_vctr/double","Heart Diseases","1 Yes=1","xezdisease_3_ Heart Diseases"
"raw_exit","restricted_source/Exit_Module.dta","xezdisease_4_","haven_labelled/vctrs_vctr/double","Stroke","1 Yes=1","xezdisease_4_ Stroke"
"raw_exit","restricted_source/Exit_Module.dta","xezdisease_5_","haven_labelled/vctrs_vctr/double","Emotional Problems","1 Yes=1","xezdisease_5_ Emotional Problems"
"raw_exit","restricted_source/Exit_Module.dta","xechrodistype_1_","character","Disease[1]","","xechrodistype_1_ Disease[1]"
"raw_exit","restricted_source/Exit_Module.dta","xechrodistype_2_","character","Disease[2]","","xechrodistype_2_ Disease[2]"
"raw_exit","restricted_source/Exit_Module.dta","xechrodistype_3_","character","Disease[3]","","xechrodistype_3_ Disease[3]"
"raw_exit","restricted_source/Exit_Module.dta","xechrodistype_4_","character","Disease[4]","","xechrodistype_4_ Disease[4]"
"raw_exit","restricted_source/Exit_Module.dta","xechrodistype_5_","character","Disease[5]","","xechrodistype_5_ Disease[5]"
"raw_exit","restricted_source/Exit_Module.dta","xedisease_3_","haven_labelled/vctrs_vctr/double","Heart Diseases","1 Yes=1 | 2 No=2","xedisease_3_ Heart Diseases"
"raw_exit","restricted_source/Exit_Module.dta","xedisease_1_","haven_labelled/vctrs_vctr/double","Cancer","1 Yes=1 | 2 No=2","xedisease_1_ Cancer"
"raw_exit","restricted_source/Exit_Module.dta","xedisease_4_","haven_labelled/vctrs_vctr/double","Stroke","1 Yes=1 | 2 No=2","xedisease_4_ Stroke"
"raw_exit","restricted_source/Exit_Module.dta","xehelperselect","haven_labelled/vctrs_vctr/double","Have Helper or Not","0 No=0 | 1 Yes=1","xehelperselect Have Helper or Not"
"raw_exit","restricted_source/Exit_Module.dta","xehelpernum","numeric","Number of Helpers","","xehelpernum Number of Helpers"
"raw_exit","restricted_source/Exit_Module.dta","xeselectnum","numeric","Numbers Selected","","xeselectnum Numbers Selected"
"raw_exit","restricted_source/Exit_Module.dta","xck_exf005","numeric","Value of exf005","","xck_exf005 Value of exf005"
"raw_exit","restricted_source/Exit_Module.dta","xck_exf007","numeric","Value of exf007","","xck_exf007 Value of exf007"
"raw_exit","restricted_source/Exit_Module.dta","xck_exf009","numeric","Value of exf009","","xck_exf009 Value of exf009"
"raw_exit","restricted_source/Exit_Module.dta","xck_exf011","numeric","Value of exf011","","xck_exf011 Value of exf011"
"raw_exit","restricted_source/Exit_Module.dta","xck_exf013","numeric","Value of exf013","","xck_exf013 Value of exf013"
"raw_exit","restricted_source/Exit_Module.dta","xck_exeb006","numeric","Value of exeb006","","xck_exeb006 Value of exeb006"
"raw_exit","restricted_source/Exit_Module.dta","xck_exg010","numeric","Value of exg010","","xck_exg010 Value of exg010"
"raw_exit","restricted_source/Exit_Module.dta","xck_exg012","numeric","Value of exg012","","xck_exg012 Value of exg012"
"raw_exit","restricted_source/Exit_Module.dta","xck_exg014","numeric","Value of exg014","","xck_exg014 Value of exg014"
"raw_exit","restricted_source/Exit_Module.dta","xck_exg016","numeric","Value of exg016","","xck_exg016 Value of exg016"
"raw_exit","restricted_source/Exit_Module.dta","xck_exg017","numeric","Value of exg017","","xck_exg017 Value of exg017"
"raw_exit","restricted_source/Exit_Module.dta","xexgtotalvalue","numeric","Total Value of Estate without Housing","","xexgtotalvalue Total Value of Estate without Housing"
"raw_exit","restricted_source/Exit_Module.dta","versionID","character","Version ID","","versionID Version ID"
"raw_demographic","restricted_source/Demographic_Background.dta","ID","character","Individual ID","","ID Individual ID"
"raw_demographic","restricted_source/Demographic_Background.dta","householdID","character","Household ID","","householdID Household ID"
"raw_demographic","restricted_source/Demographic_Background.dta","communityID","character","Community ID","","communityID Community ID"
"raw_demographic","restricted_source/Demographic_Background.dta","proxy_2","haven_labelled/vctrs_vctr/double","If Demographic Background Moduel Use Proxy Pattern","1 Yes=1 | 2 No=2","proxy_2 If Demographic Background Moduel Use Proxy Pattern"
"raw_demographic","restricted_source/Demographic_Background.dta","ba001","haven_labelled/vctrs_vctr/double","Interviewer record R's gender","1 Male=1 | 2 Female=2","ba001 Interviewer record R's gender"
"raw_demographic","restricted_source/Demographic_Background.dta","ba002","haven_labelled/vctrs_vctr/double","Reconfirm Gender","1 Male=1 | 2 Female=2","ba002 Reconfirm Gender"
"raw_demographic","restricted_source/Demographic_Background.dta","ba003_1","numeric","What's your actual date of birth? Year","","ba003_1 What's your actual date of birth? Year"
"raw_demographic","restricted_source/Demographic_Background.dta","ba003_2","numeric","What's your actual date of birth? Month","","ba003_2 What's your actual date of birth? Month"
"raw_demographic","restricted_source/Demographic_Background.dta","ba003_3","numeric","What's your actual date of birth? Day","","ba003_3 What's your actual date of birth? Day"
"raw_demographic","restricted_source/Demographic_Background.dta","ba005","haven_labelled/vctrs_vctr/double","Type of Interview Address","1 Family Housing=1 | 2 Workplace=2 | 3 Other, Please Specify=3","ba005 Type of Interview Address"
"raw_demographic","restricted_source/Demographic_Background.dta","ba006","haven_labelled/vctrs_vctr/double","What's Your Residential Address Now","1 Address of Interview=1 | 2 Not Address of Interview, Chinese Mainland=2 | 3 Hong Kong, China=3 | 4 Macao, China=4 | 5 Taiwan, China=5 | 6 Abroad=6","ba006 What's Your Residential Address Now"
"raw_demographic","restricted_source/Demographic_Background.dta","ba007","haven_labelled/vctrs_vctr/double","What's the Type of the Residential Address","1 Family Housing=1 | 2 Nursing home=2 | 3 Hospital=3 | 4 Other, Please Specify=4","ba007 What's the Type of the Residential Address"
"raw_demographic","restricted_source/Demographic_Background.dta","ba008","haven_labelled/vctrs_vctr/double","Was It Village or City/Town?","1 City Center or Town Center=1 | 2 Combination Zone Between Urban and Rural Areas / ZhenXiang Area=2 | 3 Village=3 | 4 Special Area=4","ba008 Was It Village or City/Town?"
"raw_demographic","restricted_source/Demographic_Background.dta","ba009","haven_labelled/vctrs_vctr/double","Type of HuKou","1 Agricultural HuKou=1 | 2 Non-Agricultural HuKou=2 | 3 Unified Residence HuKou=3 | 4 Do not Have HuKou=4","ba009 Type of HuKou"
"raw_demographic","restricted_source/Demographic_Background.dta","ba010","haven_labelled/vctrs_vctr/double","What's the Highest Level of Education Now? Not Including Adult Education","1 No formal education (illiterate)=1 | 2 Did not finish primary school=2 | 3 Sishu/home school=3 | 4 Elementary school=4 | 5 Middle school=5 | 6 High school=6 | 7 Vocational school=7 | 8 Two-/Three-Year College/Associate degree=8 | 9 Four-Year College/Bachelor's degree=9 | 10 Master's degree=10 | 11 Doctoral degree/Ph.D.=11","ba010 What's the Highest Level of Education Now? Not Including Adult Education"
"raw_demographic","restricted_source/Demographic_Background.dta","ba010_1","haven_labelled/vctrs_vctr/double","Are You Literate","1 Yes=1 | 2 No=2","ba010_1 Are You Literate"
"raw_demographic","restricted_source/Demographic_Background.dta","ba011","haven_labelled/vctrs_vctr/double","What's Your Marital Status","1 Married with Spouse Present=1 | 2 Married but Not Living with Spouse Temporarily for Reasons Such as Work=2 | 3 Separated, no longer living together as a spouse=3 | 4 Divorced=4 | 5 Widowed=5 | 6 Never Married=6","ba011 What's Your Marital Status"
"raw_demographic","restricted_source/Demographic_Background.dta","ba012","haven_labelled/vctrs_vctr/double","Do You Have Anyone Living Together as A Spouse?","1 Yes=1 | 2 No=2","ba012 Do You Have Anyone Living Together as A Spouse?"
"raw_demographic","restricted_source/Demographic_Background.dta","ba013","numeric","In the Past Year, How Many Months Have You Lived with Your Spouse","","ba013 In the Past Year, How Many Months Have You Lived with Your Spouse"
"raw_demographic","restricted_source/Demographic_Background.dta","ba014","haven_labelled/vctrs_vctr/double","How Ofen are Social Pensions Paid","1 One Month=1 | 2 One Quarter=2 | 3 Half a Year=3 | 4 One Year=4 | 5 More Than One Year=5 | Participate in the Endowment Insurance But Haven't Reached the Age of Receiving It=6 | 7 Didn't Participate in Any Social Endowment Insurance=7","ba014 How Ofen are Social Pensions Paid"
"raw_demographic","restricted_source/Demographic_Background.dta","ba014_1","numeric","Number of Years","","ba014_1 Number of Years"
"raw_demographic","restricted_source/Demographic_Background.dta","ba015","haven_labelled/vctrs_vctr/double","What Type of Social Endowment Insurance Do You Participate in","1 Pension Insurance for Employees of State Organs or Public Institutions=1 | 2 Worker's Basic Endownment Insurace=2 | 3 Social Endowment Insurance for Non-working Urban Residents=3 | 4 New Social Endowment Insurance for Rural Residents=4 | 5 Social Endownment Insurance for Urban and Rural Residents=5 | 6 Other, Please Specify=6","ba015 What Type of Social Endowment Insurance Do You Participate in"
"raw_demographic","restricted_source/Demographic_Background.dta","ba016","haven_labelled/vctrs_vctr/double","How Much Does Social Medical Insurance Cost Per Year","1 Cost Per Year=1 | 2 No Need to Pay=2 | 3 No Social Medical Insurance=3","ba016 How Much Does Social Medical Insurance Cost Per Year"
"raw_demographic","restricted_source/Demographic_Background.dta","ba016_1","numeric","How Much Does Social Medical Insurance Cost Per Year","","ba016_1 How Much Does Social Medical Insurance Cost Per Year"
"raw_demographic","restricted_source/Demographic_Background.dta","ba017","numeric","Type of Social Medical Insurance","","ba017 Type of Social Medical Insurance"
"raw_demographic","restricted_source/Demographic_Background.dta","ba018","numeric","How Many Days Do You Live Alone in the First Half of This Year","","ba018 How Many Days Do You Live Alone in the First Half of This Year"
"raw_demographic","restricted_source/Demographic_Background.dta","ba019","numeric","In the First Half of This Year, How Many Days Do You Live with Your Spouse Only","","ba019 In the First Half of This Year, How Many Days Do You Live with Your Spouse Only"
"raw_demographic","restricted_source/Demographic_Background.dta","ba020","numeric","In the First Half of This Year, To What Extent Does Not Live with Others Result","","ba020 In the First Half of This Year, To What Extent Does Not Live with Others Result"
"raw_demographic","restricted_source/Demographic_Background.dta","xr18gender","character","XR18Gender","","xr18gender XR18Gender"
"raw_demographic","restricted_source/Demographic_Background.dta","xr20gender","character","XR20Gender","","xr20gender XR20Gender"
"raw_demographic","restricted_source/Demographic_Background.dta","daynumber","numeric","DayNumber","","daynumber DayNumber"
"raw_demographic","restricted_source/Demographic_Background.dta","xrlivecovid","character","XRLiveCovid","","xrlivecovid XRLiveCovid"
"raw_demographic","restricted_source/Demographic_Background.dta","xrage","numeric","XRAge","","xrage XRAge"
"raw_demographic","restricted_source/Demographic_Background.dta","xrgender","numeric","XRGender","","xrgender XRGender"
"raw_demographic","restricted_source/Demographic_Background.dta","xrpartner","numeric","XRPartner","","xrpartner XRPartner"
"raw_demographic","restricted_source/Demographic_Background.dta","xrresidencesurveyhome","numeric","XRResidenceSurveyHome","","xrresidencesurveyhome XRResidenceSurveyHome"
"raw_demographic","restricted_source/Demographic_Background.dta","xrtype","numeric","XRType","","xrtype XRType"
"raw_demographic","restricted_source/Demographic_Background.dta","ziwtime","character","ZIWTime","","ziwtime ZIWTime"
"raw_demographic","restricted_source/Demographic_Background.dta","zrbirthyear","numeric","ZRBirthYear","","zrbirthyear ZRBirthYear"
"raw_demographic","restricted_source/Demographic_Background.dta","zredu","numeric","ZREdu","","zredu ZREdu"
"raw_demographic","restricted_source/Demographic_Background.dta","zrgender","numeric","ZRGender","","zrgender ZRGender"
"raw_demographic","restricted_source/Demographic_Background.dta","versionID","character","Version ID","","versionID Version ID"
