cohort,phase,replicate,seed,exposure,high_tle,low_tle,gap_tle,high_dfle,low_dfle,gap_dfle,high_disabled,low_disabled,gap_disabled,high_residual_age100,low_residual_age100,contribution_onset,contribution_recovery,contribution_relapse,contribution_post_disability_mortality,contribution_pre_disability_mortality,recovery_relapse_contribution,recovery_relapse_percent,closure_error
MHAS,final,1,451001,education,25.0082336990906,23.8115834035109,-1.19665029557971,18.9850543241812,16.6598660480574,-2.32518827612381,6.02317937490936,7.15171735545346,1.1285379805441,0.162117817019726,0.112282375770867,-1.08509630162468,-0.517300087690163,-0.499288347807379,-0.37940754444566,0.155904005444079,-1.01658843549754,43.7206933277782,0
MHAS,final,1,451001,wealth,24.1485456443397,22.634947511445,-1.51359813289475,17.4443459998609,15.5935363058045,-1.85080969405634,6.70419964447882,7.04141120564041,0.337211561161592,0.102729312008057,0.100101581684256,-0.858293600486278,0.127088238202312,-0.0174127689462454,0.0688475914991511,-1.17103915432528,0.109675469256066,-5.92581017963523,-3.77475828372553e-15
MHAS,final,2,451002,education,26.0397403338255,23.02857694354,-3.01116339028551,22.0018140472889,15.7676303348233,-6.23418371246563,4.03792628653658,7.2609466087167,3.22302032218012,0.0493556938622237,0.0370673281378487,-4.2012524659788,-0.851425365906646,-0.303915265064296,-0.000942173684707252,-0.876648441831184,-1.15534063097094,18.5323481671027,0
MHAS,final,2,451002,wealth,23.4994743437821,22.8212597890835,-0.67821455469856,16.6840909206799,15.3446663627711,-1.33942455790874,6.81538342310224,7.47659342631243,0.661210003210185,0.0306636415945369,0.0391295164227577,-0.414699935250295,-0.252277197032041,-0.0605614429019425,0.155134098249006,-0.767020080973474,-0.312838639933984,23.3561971136636,-1.77635683940025e-15
MHAS,final,3,451003,education,22.7186167525034,23.8173521783616,1.09873542585815,18.9134867425507,16.0340763434108,-2.87941039913994,3.80513000995268,7.78327583495077,3.97814582499809,0.0356664122602268,0.100571006847778,-3.05278036020129,-0.00839095834774755,-0.272208107846124,0.377353010385327,0.0766160168698961,-0.280599066193872,9.74501815641441,1.33226762955019e-15
MHAS,final,3,451003,wealth,24.953292490759,21.8093047262345,-3.14398776452452,17.5399727993494,14.6945381901032,-2.84543460924617,7.4133196914096,7.11476653613125,-0.298553155278349,0.113736403027026,0.0624835456406817,-1.17407515006806,-0.420279346310982,0.0705580898697488,-0.165063191285964,-1.15657501145092,-0.349721256441233,12.2906095014386,-4.44089209850063e-16
MHAS,final,4,451004,education,25.2803791945515,22.944325962953,-2.3360532315985,18.6826058766606,15.510039932244,-3.17256594441656,6.59777331789094,7.434286030709,0.836512712818054,0.125244859251905,0.0832447269678479,-1.30805771375456,-0.370932159992488,-0.551059316425143,-0.0871848634809235,-0.855331890763446,-0.921991476417631,29.061380994783,-1.33226762955019e-15
MHAS,final,4,451004,wealth,23.2870800611292,22.5475538563746,-0.739526204754579,15.8079057782126,15.6337812841872,-0.17412449402541,7.47917428291655,6.91377257218738,-0.565401710729169,0.0834898293321312,0.0764082255558396,-0.441142886048665,0.0189164611983871,0.68490030554143,-0.0460226236976517,-0.390775751018908,0.703816766739817,-404.203194202597,1.33226762955019e-15
MHAS,final,5,451005,education,24.8967389400013,23.4327185987612,-1.46402034124015,19.5145382066477,15.845660170253,-3.6688780363947,5.38220073335363,7.58705842850819,2.20485769515455,0.144466511528805,0.0919412153204889,-2.5547285937774,-0.817277872766373,-0.443189463392548,-0.256855679909519,0.403173573451145,-1.26046733615892,34.355661966827,-2.22044604925031e-15
MHAS,final,5,451005,wealth,24.8619058317969,22.0358456337161,-2.8260601980808,17.0528165635061,15.29027364837,-1.76254291513606,7.80908926829086,6.74557198534612,-1.06351728294474,0.132734766474679,0.0565332689374846,-1.61009874054355,0.27821742856387,0.246874055707629,-0.375820667540971,-0.301714991323034,0.525091484271499,-29.7916992410346,8.88178419700125e-16
MHAS,final,6,451006,education,26.0108328420544,23.7587374994599,-2.25209534259441,19.7769019583106,16.2544976246137,-3.52240433369686,6.2339308837438,7.50423987484625,1.27030899110246,0.160704447679855,0.0872313780663885,-2.34625807102045,-0.68190524458502,-0.080753113515844,-0.413743600648187,0.000255696072645624,-0.762658358100864,21.6516414883136,0
MHAS,final,6,451006,wealth,24.1536365024674,23.7081606889732,-0.445475813494188,16.5597070085353,16.1736299596594,-0.386077048875841,7.59392949393211,7.53453072931376,-0.0593987646183463,0.0862966144547309,0.0917901102228662,-0.830108199119042,0.117343061832378,0.709324861562437,-0.00134621998985427,-0.381290553161757,0.826667923394814,-214.119934298572,1.49880108324396e-15
MHAS,final,7,451007,education,25.2450530519367,23.3079010686298,-1.9371519833069,20.3045085888844,15.8220674459448,-4.48244114293962,4.94054446305229,7.48583362268501,2.54528915963272,0.091180027399041,0.0564481088272255,-3.51645143745397,-0.106748233494129,-0.373054923036154,-0.0720351706412356,-0.41415137831412,-0.479803156530283,10.7040592665903,4.44089209850063e-15
MHAS,final,7,451007,wealth,24.1098185934675,22.4088351061614,-1.70098348730616,17.4370169124431,15.0966124367017,-2.34040447574142,6.67280168102439,7.31222266945965,0.639420988435258,0.0610093071335489,0.049922017454341,-1.1171152974591,-0.127215510976476,-0.067748474476575,0.0497078826538339,-1.0780330754831,-0.194963985453051,8.33035432438608,8.88178419700125e-16
MHAS,final,8,451008,education,25.3945240842705,23.7741342908899,-1.62038979338068,20.3208592811784,15.6758109356656,-4.64504834551284,5.07366480309212,8.09832335522428,3.02465855213216,0.0771234508215135,0.093385616408841,-2.94266456714054,-0.409234888934561,-0.410798894914336,0.173820140508516,-1.05617013503192,-0.820033783848897,17.6539343156903,8.88178419700125e-16
MHAS,final,8,451008,wealth,24.0794095577274,23.3957197357876,-0.683689821939822,16.761023347144,15.091945352075,-1.66907799506898,7.31838621058344,8.3037743837126,0.985388173129158,0.0835141978543878,0.087818861373718,-0.782636597804688,-0.065482567592577,-0.35977298644917,0.0718665422630464,-0.533052385485593,-0.425255554041747,25.4784710659475,0
MHAS,final,9,451009,education,23.9304553176373,22.7113921843947,-1.21906313324257,19.9313692360322,15.9797307054504,-3.95163853058183,3.99908608160504,6.73166147894431,2.73257539733926,0.0295308176749598,0.0251832953020341,-2.09455343468274,-0.521768937190922,-0.972905782721024,0.0736716021445581,-0.436081978131698,-1.49467471991195,37.8241761827308,0
MHAS,final,9,451009,wealth,23.5044037115254,21.964485618234,-1.53991809329133,17.3318299574836,15.4348527405381,-1.89697721694545,6.17257375404179,6.52963287769591,0.357059123654119,0.0254609389435569,0.0217309177640358,-0.826654931156011,0.012470977248293,-0.103954819234526,0.0370237155933126,-1.01586215939652,-0.0914838419862326,4.82261153001835,-8.88178419700125e-16
MHAS,final,10,451010,education,27.5341912971251,23.1447448113577,-4.3894464857674,21.0548987384927,15.9050157444088,-5.14988299408383,6.47929255863245,7.23972906694888,0.760436508316428,0.124861922161946,0.0397616097968998,-2.96594007068802,-0.724457718577859,-0.147653945124795,-0.35411097996627,-0.957720279726878,-0.872111663702654,16.9345918092612,9.76996261670138e-15
MHAS,final,10,451010,wealth,24.720796776396,22.9145362996168,-1.80626047677918,17.941583182081,15.7319744046061,-2.20960877747497,6.77921359431496,7.18256189501075,0.403348300695789,0.0443279660965493,0.0393276791728082,-1.15027834982365,-0.227211979734809,0.157245804543967,0.0641530957611164,-1.0535173482216,-0.069966175190842,3.16645081718022,-8.88178419700125e-16
MHAS,final,11,451011,education,27.9424236812648,22.3559498835972,-5.58647379766763,20.5722351614376,16.0462654709378,-4.52596969049979,7.37018851982726,6.30968441265941,-1.06050410716784,0.148058207123772,0.00982944694413021,-2.43213530150098,-0.977205523432464,0.503043512773589,-0.76449078805196,-0.855181590287978,-0.474162010658875,10.4764733987097,1.77635683940025e-15
MHAS,final,11,451011,wealth,23.1204459159858,21.7003329573469,-1.42011295863894,16.9376851952829,16.0043667225495,-0.933318472733415,6.18276072070291,5.69596623479739,-0.486794485905526,0.0110512143809433,0.00946622500786163,-0.0609150986475574,-0.0420992729574369,0.25357534495097,0.0407525523443379,-1.12463199842373,0.211476071993533,-22.6585113411698,-3.33066907387547e-16
MHAS,final,12,451012,education,21.1178429455906,22.5663038045055,1.44846085891492,17.0269863986213,15.8154724900816,-1.21151390853976,4.0908565469693,6.75083131442398,2.65997476745468,0.0238042427060204,0.038094013250142,-1.69298116993159,-0.656810166144071,-0.111092126674966,0.104891249243247,1.14447830496762,-0.767902292819037,63.3836960026808,3.99680288865056e-15
MHAS,final,12,451012,wealth,22.9340024425819,20.585269414508,-2.34873302807386,16.5579950504519,15.2534298542864,-1.30456519616545,6.37600739212997,5.33183956022156,-1.04416783190841,0.040120789581639,0.0143163351215905,-0.713083011218974,-0.112661960780295,0.407580772957874,-0.291675678280665,-0.594725318843392,0.294918812177579,-22.6066748556871,-1.33226762955019e-15
MHAS,final,13,451013,education,28.322986042932,23.7181754782976,-4.60481056463443,20.1135464662356,16.0768143557649,-4.03673211047063,8.20943957669643,7.64136112253263,-0.568078454163796,0.321804482523134,0.104972265825161,-2.89373221142151,-0.195582318127493,-0.14408922534422,-0.77841110544749,-0.0249172501299199,-0.339671543471714,8.41451783710542,0
MHAS,final,13,451013,wealth,24.8536404709626,22.7406300086315,-2.11301046233108,16.8360941868274,16.229208450112,-0.606885736715466,8.01754628413517,6.51142155851956,-1.50612472561561,0.132326297126795,0.0822955600778018,-0.77680916551361,0.0404205239733529,0.943024110221016,-0.287543196441894,-0.52597800895433,0.983444634194369,-162.04774221864,5.55111512312578e-16
MHAS,final,14,451014,education,24.9091680616638,23.2166520850225,-1.69251597664126,18.8514895393317,15.9142586616883,-2.93723087764339,6.05767852233208,7.30239342333421,1.24471490100213,0.172683377885571,0.128264860245932,-2.39233676127024,-0.0820918657726441,-0.0241850669436304,-0.135958411513565,-0.30265877214331,-0.106276932716274,3.6182696268515,-1.33226762955019e-15
MHAS,final,14,451014,wealth,24.3471617825026,22.3751223065868,-1.97203947591577,16.7413136455353,15.269639854402,-1.47167379113332,7.60584813696729,7.10548245218484,-0.50036568478245,0.152054496455703,0.107512097140147,-1.09310394461547,0.0370460502278325,0.403269630436982,-0.164981975448047,-0.653903551734617,0.440315680664815,-29.9193804576579,-1.33226762955019e-15
MHAS,final,15,451015,education,27.0897581302858,23.6442456185423,-3.44551251174346,21.1325581647119,16.2839206967244,-4.8486374679875,5.95719996557385,7.3603249218179,1.40312495624404,0.208515157301524,0.0698273557654897,-2.20419555609607,-0.895991581314082,-1.06356670101711,-0.748825743530999,0.0639421139707639,-1.95955828233119,40.4146174109515,0
MHAS,final,15,451015,wealth,23.8925679983693,23.7745608706185,-0.118007127750779,17.5034358735326,15.7314664937855,-1.77196937974712,6.38913212483667,8.04309437683301,1.65396225199634,0.0642241587424729,0.0910900000249548,-1.56521665730098,0.118125976961199,0.0122964816409767,0.237877565998899,-0.57505274704722,0.130422458602176,-7.36031108058923,-1.99840144432528e-15
MHAS,final,16,451016,education,25.441549459656,22.6305327033084,-2.81101675634761,19.665176333916,15.9101290278358,-3.75504730608019,5.77637312573998,6.72040367547256,0.944030549732579,0.171177562958483,0.0445653167117156,-1.4579971373078,-0.872251198139531,-1.07875360616884,-0.811283998439497,0.465238633975484,-1.95100480430837,51.9568635300358,2.66453525910038e-15
MHAS,final,16,451016,wealth,22.910418127553,22.5801321726109,-0.330285954942056,16.864248294011,15.3891541954239,-1.47509409858707,6.04616983354204,7.19097797718706,1.14480814364502,0.0423529651228645,0.0522935782608043,-1.36153386031569,0.153704742832794,0.0208049061617848,0.0905497600905068,-0.378619647356464,0.174509648994579,-11.8304079151109,4.44089209850063e-16
MHAS,final,17,451017,education,24.062434872002,22.9206520443543,-1.14178282764763,20.384158798814,15.7630644077854,-4.62109439102861,3.67827607318793,7.15758763656891,3.47931156338098,0.0618402865494779,0.0370237963482486,-2.74284834801241,-1.27305755198555,-0.696035037926468,-0.332522374052253,0.423368920948066,-1.96909258991202,42.6109579958984,-2.66453525910038e-15
MHAS,final,17,451017,wealth,23.4457474015211,22.0153846843693,-1.43036271715182,16.6438671228996,15.5602050284517,-1.08366209444793,6.80188027862151,6.45517965591763,-0.346700622703888,0.0387854094385412,0.02862454573019,-0.778545985946055,-0.198752196874999,0.546800516907178,-0.104568550209441,-0.548595878324616,0.348048320032179,-32.1177903901391,8.88178419700125e-16
MHAS,final,18,451018,education,25.6307628486049,22.5573738920946,-3.07338895651023,20.121455707723,15.4525266010497,-4.6689291066733,5.50930714088187,7.10484729104494,1.59554015016307,0.12741387563264,0.0409071237041226,-2.74162460646682,-0.763830729692058,-0.610424456903371,-0.436890806448384,-0.11615850716267,-1.37425518659543,29.4340555445831,1.77635683940025e-15
MHAS,final,18,451018,wealth,23.4656046111827,22.0132345993516,-1.45237001183111,17.0066666160293,15.1026941320228,-1.90397248400651,6.45893799515347,6.91054046732887,0.451602472175398,0.050137911802102,0.0313988012330778,-1.3364928630929,-0.221463598486545,0.0578045375948441,-0.0946657303081663,-0.309154829713745,-0.1636590608917,8.59566313412861,-1.77635683940025e-15
MHAS,final,19,451019,education,24.672594481061,23.4252605251851,-1.24733395587593,18.7370125114654,15.681211769414,-3.05580074205138,5.93558196959556,7.74404875577102,1.80846678617545,0.0995427255354725,0.0940492829481539,-2.38542450082065,-0.555508346268978,0.29574561476613,-0.058727817922394,-0.351885691805487,-0.259762731502848,8.5006436423753,-4.44089209850063e-16
MHAS,final,19,451019,wealth,24.1135732839266,22.7095372400136,-1.40403604391294,16.0925569695907,15.7741591644845,-0.318397805106173,8.02101631433587,6.93537807552911,-1.08563823880677,0.109160990536194,0.0771299265751997,-0.877684546276113,0.357256110188281,0.752443023432278,-0.265318331955127,-0.285094060495494,1.10969913362056,-348.525999810369,-8.32667268468867e-16
MHAS,final,20,451020,education,23.9581743280627,22.6870259161116,-1.27114841195111,19.6885743967071,16.5117384104612,-3.17683598624583,4.26959993135567,6.17528750565039,1.90568757429472,0.0524295710606297,0.0395482445145062,-2.62179488166828,-0.0977588618191348,-0.326019805339517,-0.0794121306449192,-0.0518503067739841,-0.423778667158652,13.3396457668388,-4.44089209850063e-16
MHAS,final,20,451020,wealth,24.0343196468838,21.4332383349499,-2.60108131193388,17.69140750041,15.9584565945718,-1.73295090583818,6.34291214647385,5.47478174037815,-0.868130406095697,0.0568215719539542,0.0291611758110731,-0.826246171293993,0.251567150824748,0.293762569081802,-0.163235034940781,-1.28879941950996,0.545329719906551,-31.4682728789013,-2.66453525910038e-15
MHAS,final,21,451021,education,24.0582844650969,23.3521353937193,-0.706149071377549,17.8494392281329,16.189652325241,-1.65978690289186,6.20884523696396,7.16248306847827,0.953637831514305,0.0695088305533598,0.0700307187422308,-1.53943613554334,0.167724345004051,0.0182489867046295,0.0616320511980397,-0.367956150255238,0.18597333170868,-11.2046511142278,1.11022302462516e-15
MHAS,final,21,451021,wealth,23.7675578451441,22.6140661980074,-1.15349164713666,17.2049121534745,15.7912191487516,-1.41369300472287,6.56264569166961,6.82284704925583,0.260201357586212,0.0709452281616262,0.0587085519101369,-1.72375489958574,0.184934363224435,0.487279903579977,-0.0550107148527888,-0.307141657088759,0.672214266804412,-47.5502294033199,8.88178419700125e-16
MHAS,final,22,451022,education,23.8042523491385,23.451712861558,-0.352539487580465,18.4300598811716,16.162584913489,-2.26747496768266,5.37419246796684,7.28912794806904,1.9149354801022,0.0749499470607453,0.0450366094060039,-1.20850891636799,-0.287914574945984,-1.13387933550332,-0.22973608176004,0.592563940894678,-1.4217939104493,62.7038415291687,-8.88178419700125e-16
MHAS,final,22,451022,wealth,25.101005161983,21.9736123352887,-3.1273928266943,17.4402963410294,15.1824053788542,-2.25789096217522,7.66070882095352,6.79120695643444,-0.86950186451908,0.0730307916004206,0.0261816011572977,-1.29074539966888,0.0759806591565093,0.198187980225119,-0.380205053631643,-0.861109148256332,0.274168639381628,-12.1426873119461,0
MHAS,final,23,451023,education,23.9931753240572,22.7457425420872,-1.24743278197002,19.291506323635,15.592860447543,-3.69864587609199,4.70166900042221,7.15288209454418,2.45121309412198,0.0727570565053693,0.0563778493960211,-2.92762019949762,-0.0622756440235793,0.0142080132138089,0.19022378019351,-0.913181825978109,-0.0480676308097704,1.29960078418102,1.77635683940025e-15
MHAS,final,23,451023,wealth,24.0887507780318,21.2795653115683,-2.8091854664635,17.1779242109546,14.8978114411704,-2.28011276978425,6.91082656707713,6.38175387039789,-0.529072696679245,0.0651457807645083,0.0305249541998629,-0.921303352219996,0.103431314733986,-0.0554472538874111,-0.144150770310573,-1.26264270810026,0.0479840608465745,-2.10445998471886,-2.22044604925031e-15
MHAS,final,24,451024,education,26.2923829996133,23.071343946609,-3.22103905300435,20.319942343393,15.5960537341984,-4.72388860919456,5.97244065622036,7.47529021241056,1.50284955619021,0.158867722104959,0.0759878230512165,-2.28232665836145,-0.898548024549445,-0.596814944769642,-0.396543348947691,-0.549655632566334,-1.49536296931909,31.6553393407397,8.88178419700125e-16
MHAS,final,24,451024,wealth,23.2921768453587,23.1176713180728,-0.174505527285838,16.1474367885776,15.1647098837923,-0.982726904785277,7.1447400567811,7.95296143428054,0.808221377499439,0.0710115203529335,0.0843496587715173,-0.748178680786646,-0.115813827981752,0.105900307459071,0.127584616545243,-0.352219320021193,-0.00991352052268073,1.00877674910578,-3.33066907387547e-16
MHAS,final,25,451025,education,22.338469897989,22.7060722962792,0.367602398290188,18.7274562872427,16.1014765006579,-2.62597978658487,3.6110136107463,6.60459579562136,2.99358218487506,0.0540270040434196,0.0653091682771386,-3.01725260711873,-0.561418521705353,-0.0626238185282978,0.027409020067758,0.987906140699757,-0.624042340233651,23.7641715073987,4.44089209850063e-15
MHAS,final,25,451025,wealth,24.6089647401713,21.6763348689154,-2.93262987125587,18.1029054280141,15.2145181188312,-2.88838730918291,6.50605931215723,6.46181675008427,-0.0442425620729603,0.109564740362668,0.0437921778866469,-1.7577456289632,-0.205656535263826,-0.152202839313651,-0.381409444476288,-0.391372861165953,-0.357859374577478,12.3895910164039,-1.33226762955019e-15
MHAS,final,26,451026,education,24.102208900352,23.3621043734607,-0.740104526891276,20.0440853509659,16.2122957454282,-3.83178960553773,4.05812354938608,7.14980862803253,3.09168507864645,0.0828293055145304,0.110189030216564,-3.30408217760544,-0.413259412382632,0.00215628410237638,0.106875867585931,-0.223480167237959,-0.411103128280256,10.7287500254744,5.32907051820075e-15
MHAS,final,26,451026,wealth,24.7762128274337,22.0126224397537,-2.76359038768006,17.7444071993396,15.6703055249112,-2.07410167442838,7.03180562809412,6.34231691484244,-0.689488713251683,0.126328233989101,0.0909411266566861,-1.41520874472749,0.101938431490912,0.693316450837391,-0.115667646775079,-1.33848016525412,0.795254882328304,-38.342135881428,-2.22044604925031e-15
MHAS,final,27,451027,education,28.0561956307993,23.0825373856576,-4.97365824514169,22.0122024525113,15.8517369437328,-6.16046550877842,6.04399317828805,7.23080044192478,1.18680726363673,0.235093433245964,0.0921845181402932,-3.94673383737117,-0.149441568995755,-0.15104074962958,-0.405487881380458,-1.50776147140146,-0.300482318625335,4.87759112030024,-2.66453525910038e-15
MHAS,final,27,451027,wealth,25.365777421024,22.079579326324,-3.2861980947,17.5998440555926,15.2475514538804,-2.3522926017122,7.76593336543135,6.83202787244355,-0.933905492987803,0.135901252155173,0.0642268501141628,-1.67537283918863,-0.10092497853939,0.683115818556676,-0.326258330645786,-0.932852271895072,0.582190840017286,-24.7499328779727,-1.77635683940025e-15
MHAS,final,28,451028,education,21.9681569412923,23.5202466191812,1.55208967788889,17.2035025893751,16.2225032886879,-0.980999300687195,4.76465435191723,7.29774333049332,2.53308897857609,0.146319616237602,0.0935139587893718,-1.7362565313838,-1.03016858812835,-0.272326489620691,-0.555889495007087,2.61364180345273,-1.30249507774904,132.772273826968,1.33226762955019e-15
MHAS,final,28,451028,wealth,22.6459528290097,24.13156313444,1.48561030543027,16.4804584312475,16.3173492203986,-0.163109210848873,6.1654943977622,7.81421391404134,1.64871951627914,0.0770155939472199,0.117034124664239,-1.4232775689852,-0.538586380222104,0.991865984821797,0.104103715663395,0.702785037873242,0.453279604599694,-277.899452912978,5.27355936696949e-16
MHAS,final,29,451029,education,24.8803981925122,23.1143254921409,-1.76607270037134,20.8297104522008,16.185390205248,-4.64432024695278,4.05068774031142,6.92893528689287,2.87824754658144,0.0744614255052186,0.0646824855001932,-2.90360148389427,-0.462044603426133,-0.377426227703984,0.329740149882648,-1.23098808181105,-0.839470831130116,18.0752141646758,-8.88178419700125e-16
MHAS,final,29,451029,wealth,24.8592979524095,22.0816975430106,-2.77760040939884,17.5804479648545,16.0806055147049,-1.49984245014957,7.27884998755496,6.00109202830569,-1.27775795924927,0.0818818176615469,0.0477334156244714,-0.66347544041896,0.157746797898042,0.539841869063499,-0.133299062841405,-1.40065661385075,0.697588666961541,-46.510796310104,8.88178419700125e-16
MHAS,final,30,451030,education,24.7430234636004,23.2101186453443,-1.53290481825617,20.6444921814695,16.6461096862037,-3.99838249526583,4.09853128213095,6.5640089591406,2.46547767700966,0.101829530947842,0.0993513593025816,-2.35919911091457,-0.965532629471912,-0.268425419986941,0.28602027049264,-0.691245605385042,-1.23395804945885,30.8614308641029,2.22044604925031e-15
MHAS,final,30,451030,wealth,24.1589003898692,22.2830641221202,-1.87583626774902,18.1452519450556,15.8598719966566,-2.28537994839899,6.01364844481364,6.42319212546361,0.409543680649977,0.109774291312613,0.0810706793046283,-1.18378518187257,-0.16319346940725,-0.102520129817711,-0.0825567154671932,-0.753324451834273,-0.26571359922496,11.6266706291487,0
MHAS,final,31,451031,education,22.1997265586741,23.479120041932,1.27939348325797,18.6386367053489,16.2097640192528,-2.42887268609615,3.56108985332513,7.26935602267924,3.70826616935412,0.0171950081856267,0.0291719344182653,-2.57486944761449,-0.440796707215882,-0.0277120823011966,0.594566006587273,0.0199395444481503,-0.468508789517079,19.2891456270645,1.33226762955019e-15
MHAS,final,31,451031,wealth,23.9443748387614,23.015637607188,-0.928737231573397,16.8367920752132,16.0471417418551,-0.789650333358157,7.10758276354816,6.96849586533292,-0.139086898215238,0.0302526304838692,0.0226568499446995,-0.453494878623356,-0.115928538600627,0.245710679025237,-0.0346018297926699,-0.431335765366741,0.12978214042461,-16.4353936093059,-4.44089209850063e-16
MHAS,final,32,451032,education,22.994443036961,23.8350035817901,0.840560544829042,19.0146038006635,16.6067375712539,-2.40786622940961,3.97983923629753,7.22826601053619,3.24842677423866,0.0806297435060598,0.0993823160872755,-1.62666595201506,-0.385614359944641,-1.24033942798048,0.168310143645005,0.676443366885565,-1.62595378792513,67.5267491219308,2.66453525910038e-15
MHAS,final,32,451032,wealth,24.3335049716696,23.0154029626729,-1.31810200899668,17.8653738479193,15.6069355285339,-2.25843831938544,6.46813112375029,7.40846743413905,0.940336310388757,0.0975863379553515,0.0904793870799211,-1.21434074542106,-0.221127180202509,-0.112858526272847,0.0262925982732793,-0.736404465762296,-0.333985706475356,14.7883474881103,2.66453525910038e-15
MHAS,final,33,451033,education,24.6923965463797,23.7965884568744,-0.89580808950527,21.6169934820601,16.1601127983244,-5.45688068373567,3.0754030643196,7.63647565855,4.5610725942304,0.0536281835631828,0.105356007432242,-4.11144260621021,-0.475842389577969,-0.392086702621206,0.360136584805894,-0.837645570132172,-0.867929092199175,15.9052239273997,2.66453525910038e-15
MHAS,final,33,451033,wealth,24.5757751918653,23.289375679584,-1.28639951228132,16.9527634956912,15.5799965771827,-1.37276691850854,7.62301169617406,7.70937910240128,0.0863674062272226,0.114292454279614,0.0897537321552381,-0.824869022388517,-0.487598353577201,0.38270965441555,-0.0867005951589734,-0.356308601799396,-0.104888699161652,7.64067794375532,8.88178419700125e-16
MHAS,final,34,451034,education,24.6389980482362,23.1542820173719,-1.4847160308643,19.8990910324815,15.9554814942865,-3.94360953819507,4.73990701575466,7.19880052308543,2.45889350733076,0.0725028937364568,0.0486643648451879,-2.51578945375884,-0.749343701231131,-0.42376371360081,-0.152264275884216,-0.102448393720066,-1.17310741483194,29.7470478116567,-1.33226762955019e-15
MHAS,final,34,451034,wealth,23.1072739576343,22.9485318602964,-0.158742097337914,17.4775807134544,15.1969894810797,-2.28059123237474,5.62969324417982,7.75154237921664,2.12184913503682,0.02945377009672,0.0544224227968531,-1.92715940987628,-0.209563571563455,0.303137222488771,0.27345879253471,-0.720464265958484,0.0935736509253156,-4.10304352647533,-1.77635683940025e-15
MHAS,final,35,451035,education,25.7379652492107,23.5079471839495,-2.23001806526113,19.1362335607397,16.1616561223937,-2.97457743834595,6.60173168847099,7.34629106155581,0.744559373084815,0.179264494573374,0.0818096518658174,-1.10299756152511,-0.531111246604549,-1.04033030932654,-0.503924086942438,0.203785766052688,-1.57144155593109,52.8290686157058,2.66453525910038e-15
MHAS,final,35,451035,wealth,24.557898747961,23.3891611797866,-1.16873756817435,17.9947590883348,15.4728414221738,-2.52191766616103,6.56313965962613,7.91631975761282,1.35318009798669,0.0916346983965621,0.0839177227135703,-2.37940832924294,0.280063560368393,0.0207938200730429,-0.0591658909799634,-0.384200826379569,0.300857380441436,-11.9297066862382,-1.77635683940025e-15
MHAS,final,36,451036,education,23.9772858331365,22.3486349885698,-1.62865084456667,20.0983948033591,15.5708441075981,-4.52755069576098,3.87889102977739,6.77779088097169,2.8988998511943,0.0757083221812181,0.0430215317139726,-3.5564633490846,-0.640028040493988,-0.0585180456875467,-0.0608276318044752,-0.21171362869036,-0.698546086181535,15.4287855205148,8.88178419700125e-16
MHAS,final,36,451036,wealth,22.8600925637965,21.5109109671784,-1.34918159661808,16.7448562696844,14.7937046205712,-1.9511516491132,6.11523629411205,6.71720634660717,0.601970052495117,0.0434982739220639,0.0360902217729583,-1.17192102766616,-0.403128822301005,0.34274740097702,0.0466292236637254,-0.765478423786783,-0.0603814213239846,3.09465547444392,8.88178419700125e-16
MHAS,final,37,451037,education,24.0915589436638,23.5689196399701,-0.522639303693691,18.9602674879382,16.6360327952421,-2.32423469269606,5.13129145572559,6.93288684472796,1.80159538900237,0.0715185752344938,0.0665637399923735,-1.89463463175943,-0.94086632314737,0.342118084208033,-0.0623802077027288,0.231528385705429,-0.598748238939337,25.7610920627298,-3.99680288865056e-15
MHAS,final,37,451037,wealth,24.2430348805487,22.3243177878936,-1.91871709265503,17.3787574357698,15.6835723417169,-1.69518509405292,6.86427744477885,6.64074544617674,-0.223531998602108,0.0689605065595078,0.0506820022669889,-0.922012793575886,-0.274056822318287,0.483142877997471,-0.0890767048521294,-0.893181651304096,0.209086055679185,-12.3341136264532,-1.99840144432528e-15
MHAS,final,38,451038,education,24.4008868452862,22.4556685797795,-1.9452182655067,19.7671552967538,16.1184637397833,-3.64869155697046,4.63373154853236,6.33720483999612,1.70347329146376,0.103117496742323,0.033614353465489,-1.9114204048076,-0.790699224166547,-0.967682729848649,-0.574556237583806,0.59566703943614,-1.7583819540152,48.1921238493284,1.77635683940025e-15
MHAS,final,38,451038,wealth,22.713696965406,21.9824317972786,-0.731265168127447,16.8716009401461,15.8669516591029,-1.00464928104316,5.84209602525995,6.11548013817567,0.273384112915718,0.0302935003250123,0.0276572477480149,-0.660555080422602,-0.32021259943459,0.407743759506435,0.0253357076583529,-0.456961068350759,0.0875311600718449,-8.71260864099341,8.88178419700125e-16
MHAS,final,39,451039,education,23.6906808198362,23.5396214210348,-0.151059398801376,18.6628325604523,16.6376173607203,-2.02521519973201,5.02784825938388,6.90200406031451,1.87415580093063,0.0555741741580568,0.0545684892566509,-2.36773641739001,-0.207724752201093,0.200851902549256,-0.0609518389688263,0.410345906278663,-0.00687284965183702,0.339363918103443,-2.66453525910038e-15
MHAS,final,39,451039,wealth,24.3568108732295,22.507193215217,-1.84961765801251,18.0465574523801,15.8077940494381,-2.23876340294205,6.31025342084938,6.69939916577892,0.389145744929538,0.053124305906378,0.0463377592646565,-1.53117059006083,0.0556725094850675,0.384418714965815,0.0388619091228889,-1.18654594645499,0.440091224450882,-19.6577817858082,-1.77635683940025e-15
MHAS,final,40,451040,education,23.665889508421,23.0849782417427,-0.580911266678328,18.9349389623105,15.9341813878161,-3.00075757449439,4.73095054611046,7.15079685392653,2.41984630781607,0.0642541539469334,0.0732562470395404,-2.47411665023557,-0.788213236202705,0.237267979097312,0.0719026162559753,-0.0475982834094038,-0.550945257105393,18.3602054957146,4.44089209850063e-16
MHAS,final,40,451040,wealth,23.7318402457779,22.4745476879972,-1.25729255778063,17.2446401378396,15.8280451010312,-1.4165950368084,6.48720010793821,6.64650258696599,0.159302479027772,0.074289242402901,0.0588888674874808,-0.615724120719985,-0.0736348082541261,-0.169590189770998,-0.0435709968873817,-0.514074921175912,-0.243224998025124,17.1696915282938,1.77635683940025e-15
MHAS,final,41,451041,education,22.7489836207437,23.511962687941,0.762979067197289,18.4969026358762,16.149974897944,-2.34692773793221,4.25208098486757,7.36198778999707,3.1099068051295,0.0888421166502709,0.0943872028578846,-1.98043068628283,-0.333125550796475,-0.977669060087288,-0.0796186766930059,1.02391623592738,-1.31079461088376,55.8515113055272,-1.33226762955019e-15
MHAS,final,41,451041,wealth,24.1771908233784,22.1334315387638,-2.04375928461458,17.4853791481376,15.2870498713673,-2.19832927677026,6.69181167524083,6.84638166739651,0.154569992155676,0.0962220678834103,0.0734079071728978,-1.31097945581383,-0.0747851041199308,0.219826716604899,-0.104407184154702,-0.927984249286694,0.145041612484968,-6.59781107487503,-2.22044604925031e-15
MHAS,final,42,451042,education,24.6065302672205,22.7128488723306,-1.8936813948899,19.2017468117164,15.7889783187457,-3.41276849297066,5.40478345550409,6.92387055358485,1.51908709808076,0.106443186382373,0.0485134239637624,-1.14062700975081,-1.51413800718747,-0.584080000859593,-0.391913419622169,0.21798994444938,-2.09821800804706,61.4814046827026,4.44089209850063e-16
MHAS,final,42,451042,wealth,23.2305942778228,22.3226347450883,-0.90795953273447,16.5563504364109,15.4134098005047,-1.14294063590611,6.67424384141196,6.9092249445836,0.234981103171634,0.0468638147475497,0.0500882300367946,-0.491010257477254,-0.0980866994685746,0.133984116336391,0.0942981755698089,-0.782125970866479,0.0358974168678168,-3.1407945207371,6.66133814775094e-16
MHAS,final,43,451043,education,25.1785350789194,23.7643146942861,-1.41422038463336,18.6467173513467,16.0577245662398,-2.5889927851069,6.53181772757276,7.7065901280463,1.17477240047353,0.226318797426152,0.107033443674684,-2.20534270889046,-0.435258708251759,-0.317771042899621,-0.727846416706455,1.0972260916414,-0.75302975115138,29.0858188359258,2.22044604925031e-15
MHAS,final,43,451043,wealth,24.4499746865609,23.4432303528372,-1.0067443337237,17.0506810825959,16.0763275568367,-0.974353525759202,7.39929360396504,7.36690279600054,-0.0323908079645028,0.120518554888348,0.0961896340447372,-0.479979759472203,-0.275773436116215,0.102445558918739,-0.0936867802741067,-0.227359108815418,-0.173327877197476,17.7890131882492,-6.66133814775094e-16
MHAS,final,44,451044,wealth,25.2966751154796,22.6495498951828,-2.64712522029678,17.4551111865026,15.3489172147675,-2.10619397173509,7.84156392897695,7.30063268041526,-0.540931248561688,0.152221767836017,0.121443140567713,-1.05640117036207,-0.0360448132935145,0.556640482677237,-0.0309512579279045,-1.53943721282883,0.520595669383723,-24.71736584427,-8.88178419700125e-16
MHAS,final,45,451045,education,23.9448614634576,23.5189809294491,-0.42588053400852,19.5805579379376,16.502322619314,-3.07823531862366,4.36430352551995,7.0166583101351,2.65235478461514,0.0742914378256613,0.0624402548763702,-3.072819243317,-0.317253506120605,-0.250298118502561,-0.150341083389532,0.712476632706038,-0.567551624623166,18.4375645743981,4.44089209850063e-16
MHAS,final,45,451045,wealth,24.0736743808593,22.8943851470041,-1.17928923385517,16.9142781259843,16.1509369855228,-0.763341140461488,7.15939625487498,6.7434481614813,-0.415948093393679,0.0676731297544301,0.053109515724379,-1.18399028061672,0.216504663095983,0.736152462480173,-0.117595981079475,-0.414412004341454,0.952657125576156,-124.800967101055,-1.11022302462516e-16
MHAS,final,46,451046,education,25.0800203902708,23.7091777423851,-1.37084264788578,19.7473133212228,16.6018688181766,-3.14544450304613,5.33270706904806,7.10730892420841,1.77460185516035,0.0976537328710275,0.0792359555299244,-2.25386375293252,-0.947411978534316,0.286062966873541,-0.104703851016653,-0.125527887436189,-0.661349011660775,21.0256137414062,-2.22044604925031e-15
MHAS,final,46,451046,wealth,24.983034802253,22.8899502660878,-2.09308453616529,17.3091252570347,16.5948007880172,-0.714324469017456,7.67390954521834,6.29514947807051,-1.37876006714783,0.0925227318033323,0.0712435324275309,0.144334972126875,-0.0706924908248781,0.599424329905234,-0.037769035153295,-1.34962224507139,0.528731839080356,-74.0184414804689,-2.33146835171283e-15
MHAS,final,47,451047,education,25.0061493010167,23.3160380191984,-1.69011128181834,20.3560283777893,16.2136091000807,-4.14241927770866,4.6501209232274,7.10242891911773,2.45230799589033,0.110085261381455,0.0956124798299928,-2.93935932383645,-0.339085785031193,-0.151120889280998,0.0841217550418688,-0.796975034601888,-0.490206674312191,11.8338256330089,8.88178419700125e-16
MHAS,final,47,451047,wealth,24.3748022050928,22.2997230749127,-2.07507913018012,17.0844530071374,15.4975764719911,-1.58687653514626,7.29034919795541,6.80214660292155,-0.488202595033863,0.110828707134278,0.068628435122412,-1.04127174163549,0.0803580012226808,0.184993227464124,-0.224252400656948,-0.586703621540625,0.265351228686805,-16.7216051664882,1.11022302462516e-15
MHAS,final,48,451048,education,27.1813013686952,23.0571401915691,-4.12416117712602,21.155809120139,16.1825651853365,-4.97324393480251,6.02549224855615,6.87457500623265,0.849082757676497,0.220389673379167,0.0822086956698629,-2.22780927048203,-0.570113406826298,-0.913494705238166,-0.693480849324513,-0.568345702931504,-1.48360811206446,29.8317985506854,4.44089209850063e-15
MHAS,final,48,451048,wealth,24.407322242552,22.7521474316965,-1.65517481085551,17.4079642603498,15.7804875293909,-1.62747673095891,6.99935798220223,6.97165990230564,-0.0276980798965942,0.101287937924784,0.0789035679299894,-0.904887844971248,-0.0598071411297536,0.179076582843461,-0.0706961855150852,-0.771162142186286,0.119269441713708,-7.32848829386543,1.77635683940025e-15
MHAS,final,49,451049,education,26.01815268299,22.8873059271363,-3.13084675585375,21.3980607638207,16.0535637040543,-5.34449705976636,4.62009191916934,6.83374222308194,2.21365030391261,0.12756001563461,0.0537427209410839,-3.71486315698422,-0.578150694214608,-0.211997285644346,-0.207572025924548,-0.631913896998638,-0.790147979858954,14.784328085934,-4.44089209850063e-15
MHAS,final,49,451049,wealth,23.5831012754983,23.3457193734469,-0.2373819020514,17.3449601011638,16.0527326512048,-1.29222744995904,6.23814117433445,7.29298672224208,1.05484554790764,0.0589611835501523,0.0602307209809064,-1.6234016376787,-0.179705436998152,0.539835776968554,0.0469995341297188,-0.07595568638046,0.360130339970401,-27.8689591357789,-8.88178419700125e-16
MHAS,final,50,451050,education,29.6976787996633,23.371531249851,-6.32614754981235,23.6411974872516,15.9241556603705,-7.71704182688119,6.05648131241169,7.44737558948052,1.39089427706884,0.321227323058134,0.0892824187533508,-2.32006146606975,-1.45372433922734,-1.51858397383227,-0.955680653049189,-1.46899139470265,-2.9723083130596,38.5161617591083,-6.21724893790088e-15
MHAS,final,50,451050,wealth,24.4314234565715,22.3358313021044,-2.09559215446709,17.0828250983841,15.70232211867,-1.3805029797141,7.34859835818731,6.63350918343432,-0.715089174752988,0.0974744144639885,0.0627985974140698,-0.874452224146981,-0.191660243544202,0.680604651347455,-0.125131876482786,-0.869863286887582,0.488944407803253,-35.4178451613711,2.44249065417534e-15
MHAS,final,51,451051,education,23.8024779345593,23.19821422848,-0.604263706079276,19.6845968473787,16.0437469314781,-3.64084991590061,4.11788108718057,7.1544672970019,3.03658620982133,0.0566808096003077,0.0691961037245366,-2.97612235664277,-0.784757997114277,0.0343255987737814,0.041015607706742,0.0446892313759164,-0.750432398340496,20.6114620397602,0
MHAS,final,51,451051,wealth,23.3128267108998,22.434903123901,-0.877923586998826,16.4932508689856,15.8398757833648,-0.653375085620766,6.8195758419142,6.59502734053614,-0.224548501378061,0.0588676688763203,0.0641866728324344,-0.359628573029175,0.129898974408744,0.295580968939148,0.0917058990367658,-0.81093235497625,0.425479943347892,-65.1203195089153,-9.99200722162641e-16
MHAS,final,52,451052,education,23.5947482713767,23.5274194675493,-0.06732880382744,18.4700362044832,16.535298010087,-1.93473819439622,5.12471206689349,6.99212145746227,1.86740939056879,0.042954454166036,0.0576874485963763,-2.15713062682742,-0.197804767358695,0.442593122195271,0.134002659328134,-0.156398581733514,0.244788354836576,-12.6522728266584,0
MHAS,final,52,451052,wealth,24.0515343906869,22.6059687275011,-1.44556566318576,17.3212868473184,15.7491850621585,-1.57210178515988,6.73024754336846,6.85678366534259,0.126536121974123,0.0546863287284218,0.0534627557555427,-1.21577633826003,0.0326002950061684,0.660207960718755,0.0653179620607257,-1.11445166468549,0.692808255724923,-44.0689185817868,2.22044604925031e-15
MHAS,final,53,451053,education,23.1299817796056,23.0121396797635,-0.117842099842076,18.4418001287219,15.7454005772339,-2.69639955148802,4.68818165088371,7.26673910252966,2.57855745164595,0.0309574769799228,0.0329796332603875,-2.01352231216679,-0.131295897981331,-0.657950311351536,0.0943890808460383,0.0119798891656013,-0.789246209332867,29.270373112817,0
MHAS,final,53,451053,wealth,23.2230006456331,22.2135206297612,-1.00948001587192,16.9396518590809,14.9966573177103,-1.94299454137063,6.28334878655219,7.2168633120509,0.933514525498707,0.0290522700083086,0.0281888882809102,-1.15379909002312,-0.202469727873529,0.0590752923188626,0.0734609678359574,-0.719261983628799,-0.143394435554666,7.38007403013663,-3.33066907387547e-15
MHAS,final,54,451054,education,23.9615282012346,22.7422683528591,-1.21925984837551,18.5297080144104,15.5905132255924,-2.93919478881798,5.43182018682426,7.15175512726674,1.71993494044248,0.0793404900055631,0.0464872903219183,-2.86591353498658,-0.144257820955463,0.00669439501385932,-0.26398291833957,0.32826509044977,-0.137563425941604,4.68030994287814,-4.44089209850063e-16
MHAS,final,54,451054,wealth,24.2451165344752,22.0112091790536,-2.23390735542156,17.147091359852,14.7642504231631,-2.38284093668883,7.0980251746232,7.24695875589046,0.148933581267261,0.0677684869307667,0.0381725989340822,-1.50527523695989,-0.0227597430530836,0.0499879981734645,-0.149040154422867,-0.755753800426451,0.0272282551203809,-1.1426803485346,1.33226762955019e-15
MHAS,final,55,451055,education,27.5760882638164,22.7526147260869,-4.82347353772948,20.2029159164802,15.8476480573796,-4.35526785910058,7.3731723473362,6.9049666687073,-0.468205678628896,0.18936544961975,0.0578831629249004,-1.82875033834675,-0.847275302569402,-0.158743385008363,-0.501893626942022,-1.01860520623405,-1.00601868757776,23.0988935726566,-8.88178419700125e-16
MHAS,final,55,451055,wealth,23.873251525229,22.551346390808,-1.32190513442101,17.2937397222661,15.5966833333465,-1.6970563889196,6.57951180296288,6.95466305746146,0.375151254498588,0.0628475764727503,0.0619138161987701,-1.66119636344037,0.129831893936128,0.670582050270582,0.0507153799263651,-0.886989349612306,0.80041394420671,-47.1648408051002,8.88178419700125e-16
MHAS,final,56,451056,education,24.3848673521144,23.9495117201468,-0.435355631967639,19.5225280688214,16.428728623126,-3.09379944569546,4.86233928329295,7.52078309702078,2.65844381372783,0.105025698989522,0.0903304042048896,-3.10279702518864,-0.314244467018942,-0.0339129463543105,-0.249388043341704,0.606543036208126,-0.348157413373252,11.2533931007602,-2.66453525910038e-15
MHAS,final,56,451056,wealth,24.7783580081523,23.4523208999573,-1.32603710819499,17.5528455007278,15.8098475689302,-1.74299793179767,7.22551250742447,7.64247333102716,0.416960823602683,0.09893413425452,0.0928053685557913,-1.44004688082561,-0.0518870994610086,0.515810806835254,-0.0139569667794845,-0.75291779156682,0.463923707374246,-26.6164232848957,-1.33226762955019e-15
MHAS,final,57,451057,education,22.7995315636469,23.0717693188908,0.272237755243914,17.9116552491511,15.9456776083636,-1.96597764078746,4.88787631449583,7.12609171052721,2.23821539603138,0.0247377511439658,0.0364355721640894,-2.25312988007222,0.144778495814753,-0.15190128355223,0.0863394456292822,0.207935581392957,-0.0071227877374769,0.362302581153665,1.99840144432528e-15
MHAS,final,57,451057,wealth,22.8829853588408,22.757699528407,-0.125285830433782,16.3394890253778,15.646770349785,-0.692718675592804,6.54349633346298,7.110929178622,0.567432845159024,0.0284371368212772,0.0326369573152384,-0.946259359147924,0.0346885964734257,0.314534225069377,0.0269595457279129,-0.122641683715597,0.349222821542803,-50.4133689255527,-8.88178419700125e-16
MHAS,final,58,451058,education,25.5580986178122,23.096701783556,-2.46139683425617,20.4448089334123,16.0936618849818,-4.35114704843048,5.11328968439996,7.00303989857427,1.88975021417431,0.082548249127051,0.0300469071356286,-3.13269799269404,-0.362215628863925,-0.162910613609716,-0.418785843959627,-0.274536969303175,-0.525126242473641,12.0686852599721,-4.44089209850063e-15
MHAS,final,58,451058,wealth,23.9934368605148,22.7413360479462,-1.25210081256865,17.0885304155921,16.1353749370832,-0.953155478508837,6.90490644492276,6.60596111086295,-0.298945334059815,0.0277811784007143,0.030201894309179,-0.614823345770746,-0.110901422527342,0.753211185192636,0.11191597036166,-1.09255786576505,0.642309762665294,-67.3877218510201,-1.11022302462516e-15
MHAS,final,59,451059,education,25.6405299035543,23.0296881696968,-2.61084173385751,19.9866071321099,15.7202704843824,-4.26633664772751,5.65392277144438,7.30941768531439,1.65549491387,0.0977681893324219,0.0814206867029574,-3.13270934372086,-0.18542523779134,0.303859022014404,0.0718648881811852,-1.3239259764109,0.118433784223064,-2.77600653680596,-4.44089209850063e-15
MHAS,final,59,451059,wealth,24.4569544269984,22.4732358101161,-1.98371861688232,16.6700314695429,15.7243776727911,-0.945653796751788,7.78692295745548,6.74885813732495,-1.03806482013053,0.102066448096802,0.0685574674868716,-0.742090254071958,-0.116153788262349,0.78526098167806,-0.165228881035698,-0.707441855059843,0.669107193415711,-70.7560415570706,4.44089209850063e-16
MHAS,final,60,451060,education,23.5469509604653,22.8863497082609,-0.660601252204348,18.2494288702212,15.8986079146998,-2.35082095552141,5.29752209024414,6.9877417935612,1.69021970331706,0.08347937283551,0.047463196538457,-1.15342853678276,-0.675640684999632,-0.829341810417733,-0.309389886838634,0.616979963517351,-1.50498249541737,64.0194435855522,-2.66453525910038e-15
MHAS,final,60,451060,wealth,23.3155158029687,21.9477074114892,-1.3678083914795,16.9113242662271,15.3450852047225,-1.5662390615046,6.40419153674158,6.60262220676668,0.198430670025102,0.0547796810673343,0.0350735233253707,-0.664140815569476,-0.0932986660460164,-0.290279725521163,-0.139077397538457,-0.379442456829491,-0.383578391567179,24.4904115211311,4.44089209850063e-16
MHAS,final,61,451061,education,23.4204801325969,22.907132316568,-0.51334781602894,20.0612310734515,16.0956028432461,-3.96562823020539,3.3592490591454,6.81152947332186,3.45228041417645,0.0536267111071569,0.0695003560164887,-4.40241793272153,-0.132085212444068,0.232084891344435,0.134711885299117,0.202078138316647,0.0999996789003674,-2.52166045567988,-3.10862446895044e-15
MHAS,final,61,451061,wealth,23.9087359885888,22.0212991048461,-1.88743688374268,17.4359902353019,15.544881063882,-1.89110917141994,6.47274575328688,6.47641804096414,0.00367228767726147,0.0880249110210778,0.0509765932199799,-1.0839039657413,0.081797374012813,-0.247886452280806,-0.151867872163436,-0.489248255247213,-0.166089078267992,8.78262771806475,4.44089209850063e-16
MHAS,final,62,451062,education,24.058107980081,23.6494780317633,-0.408629948317749,20.0976809411231,16.1065609267716,-3.99112001435147,3.96042703895793,7.54291710499165,3.58249006603372,0.0826718798414938,0.0739296997495951,-2.51605817492653,-1.03882560609831,-0.670911779321736,-0.0696987649401809,0.304374310935281,-1.70973738542004,42.8385360317927,8.88178419700125e-16
MHAS,final,62,451062,wealth,24.8806303691212,23.0436901184578,-1.83694025066336,18.0013796322875,15.4458319581062,-2.55554767418134,6.87925073683367,7.59785816035165,0.718607423517979,0.0944561672612551,0.073269925940168,-1.20938558254177,-0.017471257517553,-0.253826295712791,-0.0546711719683958,-1.02019336644083,-0.271297553230344,10.616023953349,-8.88178419700125e-16
MHAS,final,63,451063,education,24.703934012949,23.1689663170486,-1.53496769590039,20.5140689833811,16.7989201931537,-3.71514879022741,4.18986502956782,6.37004612389483,2.18018109432701,0.069771738817362,0.0329335679207149,-3.36992538978682,-0.280537518386069,-0.0340612836523692,-0.357459922072593,0.326835323670435,-0.314598802038439,8.46800006680706,-5.77315972805081e-15
MHAS,final,63,451063,wealth,24.2031334025119,22.7370984264707,-1.46603497604115,18.3198351225044,16.469030536559,-1.85080458594535,5.8832982800075,6.26806788991171,0.384769609904203,0.0408722276366215,0.0320278257573389,-1.46579006569024,0.134338798322519,0.283227034055606,-0.0393627319962786,-0.763217620636965,0.417565832378125,-22.5613139036416,-2.66453525910038e-15
MHAS,final,64,451064,education,23.7737014409502,23.7144188545859,-0.0592825863642936,17.8674713262179,15.9511603043735,-1.91631102184436,5.90623011473228,7.76325855021235,1.85702843548007,0.127832468426205,0.131973191899082,-2.42182727661916,-0.12869893398413,0.299009459052204,-0.0707148570208889,0.405920586727616,0.170310525068074,-8.88741561921189,-1.33226762955019e-15
MHAS,final,64,451064,wealth,24.1917294097793,22.627479013475,-1.56425039630432,17.1350524197972,15.4127528269726,-1.72229959282457,7.05667698998208,7.21472618650233,0.158049196520246,0.135170767316991,0.110370379488231,-1.18024275084375,-0.32422008513733,0.456851722184147,-0.0679097297784111,-0.606778749249222,0.132631637046817,-7.70084586905702,-6.66133814775094e-16
MHAS,final,65,451065,education,22.4489081616488,23.4292996665342,0.98039150488535,17.9768463003002,16.3488485728983,-1.62799772740186,4.47206186134861,7.08045109363582,2.60838923228721,0.0398509914542089,0.0703116583209347,-1.29399086085405,-0.434678248766593,-0.474104816691183,0.254747251896907,0.320028947013061,-0.908783065457776,55.822133542417,0
MHAS,final,65,451065,wealth,23.7935132799673,22.5005869046219,-1.29292637534545,16.6287924027895,15.7008776326279,-0.927914770161589,7.16472087717786,6.799709271994,-0.36501160518386,0.0715080029322927,0.0502843801975937,-1.04897469308613,0.125319546343902,0.417380908722565,-0.107459469798055,-0.314181062343869,0.542700455066467,-58.4860239881687,-2.22044604925031e-16
MHAS,final,66,451066,education,26.1055293930517,23.4241256190426,-2.68140377400916,21.1116379093134,15.907499518073,-5.20413839124037,4.9938914837383,7.51662610096951,2.52273461723121,0.126966184387237,0.0782664141810268,-2.14993406636226,-1.09090270673872,-0.881017478958639,-0.101545889475741,-0.980738249705009,-1.97192018569736,37.8913863823549,3.5527136788005e-15
MHAS,final,66,451066,wealth,24.192399287631,22.3779777312768,-1.81442155635415,17.0332628212555,15.5286247461987,-1.50463807505677,7.15913646637553,6.84935298507816,-0.309783481297371,0.0850022119213567,0.0611788415294368,-1.09755405225583,0.143798349874756,0.293018123556758,-0.102223143085484,-0.741677353146971,0.436816473431514,-29.031331897874,1.33226762955019e-15
MHAS,final,67,451067,education,24.3600851708727,23.7061829651989,-0.653902205673781,18.5082651346114,16.399485348963,-2.10877978564841,5.85182003626126,7.30669761623589,1.45487757997463,0.172134942126095,0.0956482404177299,-1.11801953834547,-0.672164100990192,-0.9360428441087,-0.562750544169707,1.18019724196566,-1.60820694509889,76.2624412489044,-1.77635683940025e-15
MHAS,final,67,451067,wealth,24.754932817782,22.1244540864726,-2.63047873130947,16.7856085549946,15.890131180409,-0.895477374585674,7.9693242627874,6.23432290606361,-1.7350013567238,0.120994860089805,0.0563747175321111,-0.268542430270064,-0.110876156397473,0.416887992877833,-0.441299086244362,-0.491647694551608,0.30601183648036,-34.1730394497067,9.99200722162641e-16
MHAS,final,68,451068,education,25.2743716449043,23.3277429429176,-1.94662870198671,20.0982280225091,16.0169810895245,-4.08124693298465,5.1761436223952,7.31076185339314,2.13461823099794,0.0498097263370161,0.0504257106573457,-2.56546959356929,-0.398051640059697,-0.164665845832593,0.0635890224411669,-1.01664887596423,-0.56271748589229,13.7878813787131,1.77635683940025e-15
MHAS,final,68,451068,wealth,25.0585372493407,22.2898364171343,-2.76870083220646,17.7064129708316,15.6162180516303,-2.09019491920127,7.35212427850917,6.67361836550399,-0.678505913005188,0.063275793664307,0.0335483899690243,-0.38342924430906,-0.0990215316661395,-0.24137251791119,-0.116647977213105,-1.24972364810177,-0.34039404957733,16.2852778202813,4.44089209850063e-16
MHAS,final,69,451069,education,24.0330581786858,22.6840137345381,-1.34904444414772,19.2752460747102,15.6529237521118,-3.62232232259841,4.75781210397556,7.03108998242625,2.27327787845069,0.0559756930555778,0.0655084932349876,-2.14545460604015,-0.32467243620053,-0.0822804451097291,0.41103574331285,-1.48095057856085,-0.406952881310259,11.2345850277161,2.22044604925031e-15
MHAS,final,69,451069,wealth,23.3471111933538,22.9036101217026,-0.443501071651198,16.8175914104098,15.3477197452086,-1.46987166520123,6.52951978294404,7.55589037649407,1.02637059355003,0.0585911828225456,0.0770952662815289,-0.790098346908287,-0.225893951333955,0.176637785202821,0.227293496811654,-0.85781064897346,-0.0492561661311332,3.35105215627038,2.44249065417534e-15
MHAS,final,70,451070,education,25.6192416654625,22.4481914182014,-3.17105024726113,20.9879426176234,16.0583982528485,-4.92954436477488,4.63129904783914,6.38979316535289,1.75849411751375,0.056593936757658,0.0278070060594659,-2.88485561206182,-0.360211132420212,-0.480909721051229,-0.168046495063589,-1.03552140417803,-0.841120853471441,17.0628518830635,0
MHAS,final,70,451070,wealth,23.8509022604043,21.5341645840992,-2.31673767630512,17.3448317322942,15.2340709609933,-2.11076077130088,6.50607052811005,6.30009362310581,-0.205976905004238,0.0375593463739711,0.0213287326915721,-1.18731981961835,0.085305618353852,0.177198185982389,-0.0911176696517109,-1.09482708636706,0.262503804336241,-12.4364545667796,-8.88178419700125e-16
MHAS,final,71,451071,education,23.0753872443946,22.9156432427528,-0.159744001641773,18.7447072401208,15.9679988476426,-2.77670839247826,4.33068000427371,6.9476443951102,2.61696439083649,0.0430560690907183,0.0572229994444931,-2.10781539258239,-0.490029610366186,-0.308896557417155,0.18993227981877,-0.0598991119313091,-0.798926167783342,28.7724188088143,-3.5527136788005e-15
MHAS,final,71,451071,wealth,23.6203837133388,22.2541446666583,-1.36623904668044,17.1042219307112,14.9400453705591,-2.16417656015206,6.51616178262754,7.31409929609917,0.797937513471627,0.0651897407681795,0.0475364674386273,-1.4728119233435,-0.358082241855587,0.0796868976333785,-0.0835258903764676,-0.329443402209893,-0.278395344222208,12.8637999943335,-1.77635683940025e-15
MHAS,final,72,451072,education,22.9594479642243,23.179488929689,0.22004096546463,18.875949496516,16.3274126262915,-2.54853687022452,4.08349846770829,6.85207630339744,2.76857783568915,0.0206994599750427,0.043777619406967,-3.15737339593951,-0.170658932363528,0.459571408425047,0.247299205337125,0.0726248443163383,0.288912476061519,-11.3364055838072,-2.66453525910038e-15
MHAS,final,72,451072,wealth,24.0173709196684,22.5394018710661,-1.47796904860227,17.3632461233704,15.903326445994,-1.45991967737642,6.65412479629801,6.63607542507216,-0.018049371225846,0.0562064222411572,0.0347946338178167,-1.2304926013822,-0.0455186499290768,0.26117383030227,-0.152653327310722,-0.292428929056695,0.215655180373193,-14.7717154385329,0
MHAS,final,73,451073,education,22.8261591202322,23.0849724348275,0.258813314595283,19.163249723465,15.9635930218005,-3.19965670166452,3.66290939676716,7.12137941302696,3.4584700162598,0.02844755511027,0.079437026723427,-2.63302064519711,-0.320639525326457,-0.291577450083704,0.620439158017938,-0.57485823907519,-0.61221697541016,19.1338331731549,-4.44089209850063e-15
MHAS,final,73,451073,wealth,24.066328385268,22.2743745877856,-1.7919537974824,17.5642095161476,15.2838259366361,-2.28038357951147,6.50211886912044,6.99054865114951,0.488429782029066,0.0905128446724491,0.0624937656954735,-1.32656387489081,-0.0896129457102148,-0.231802608095406,-0.144401531390326,-0.488002619424709,-0.321415553805621,14.0948021505434,-8.88178419700125e-16
MHAS,final,74,451074,education,24.9059595096795,23.3478875318468,-1.55807197783269,20.1924633777506,16.2369789422954,-3.95548443545518,4.71349613192892,7.11090858955141,2.39741245762249,0.0619804663261449,0.0397462330115428,-1.65129564230392,-0.193259330807446,-1.61813336714884,-0.00589885449107802,-0.486897240703894,-1.81139269795629,45.7944589977345,-4.44089209850063e-16
MHAS,final,74,451074,wealth,24.5071653735439,22.4797201954294,-2.02744517811452,17.293582207205,15.6081294595739,-1.68545274763105,7.21358316633894,6.87159073585547,-0.341992430483467,0.0469055897779566,0.031362402468224,-1.26628759756993,0.193393424300942,0.436303727723738,-0.127283482773586,-0.921578819312212,0.629697152024679,-37.3607123017679,1.33226762955019e-15
MHAS,final,75,451075,education,25.8434779677585,23.4851586826212,-2.35831928513723,19.43043063149,15.8974343043554,-3.53299632713463,6.41304733626847,7.58772437826586,1.17467704199739,0.169017226374574,0.106924536848414,-1.98289997292878,-0.294830591105358,-0.535020233279142,-0.248698383792437,-0.471547146028912,-0.8298508243845,23.4885844066964,4.44089209850063e-16
MHAS,final,75,451075,wealth,24.650147326103,23.1029498861383,-1.54719743996474,16.6156802493849,15.5467040318842,-1.06897621750065,8.03446707671813,7.55624585425404,-0.478221222464089,0.130536273412849,0.0949845130309905,-0.9745686689542,0.268415681481813,0.176223029130054,-0.174229204116589,-0.364817055041729,0.444638710611867,-41.5948178577318,6.66133814775094e-16
MHAS,final,76,451076,education,26.5950383595967,22.5962536775915,-3.99878468200513,21.9601272685804,16.3338735501163,-5.6262537184641,4.6349110910163,6.26238012747528,1.62746903645898,0.149891221426629,0.064750615018277,-2.44221652693588,-0.351498719744783,-1.15640828161709,-0.533228350097142,-1.1429018400692,-1.50790700136188,26.8012620265109,2.66453525910038e-15
MHAS,final,76,451076,wealth,24.256316308619,21.8095535030656,-2.44676280555339,17.5781504129878,16.1204472749586,-1.45770313802921,6.6781658956312,5.68910622810702,-0.989059667524179,0.0868139101262923,0.049255175432713,-0.349856414292253,-0.482394902531583,0.586783095301208,-0.324397922013117,-0.88783699449346,0.104388192769625,-7.16114207662038,1.55431223447522e-15
MHAS,final,77,451077,education,22.2925278924806,23.494911799999,1.20238390751836,19.8906051555274,16.3049727523144,-3.58563240321297,2.40192273695325,7.18993904768459,4.78801631073133,0.0122971830981965,0.0667069019499443,-4.68874666122543,-0.277348034583601,0.350706423529934,0.354608707128008,0.675147161938116,0.0733583889463328,-2.04589820419401,1.33226762955019e-15
MHAS,final,77,451077,wealth,24.6957306571785,22.5807616765564,-2.11496898062214,17.938316060482,15.3578638339175,-2.58045222656451,6.75741459669655,7.22289784263891,0.465483245942359,0.0758660096504317,0.0541998495165411,-1.36236341996753,-0.073982219102534,-0.155441544287636,-0.0811592279302043,-0.907505815276602,-0.22942376339017,8.89083552984876,4.44089209850063e-16
MHAS,final,78,451078,education,23.0320748769171,23.1926375066364,0.160562629719379,19.4422833971261,16.3169275948886,-3.12535580223742,3.589791479791,6.8757099117478,3.2859184319568,0.049319206602007,0.0597809351932112,-3.38638448180147,-0.596710099167031,0.283714854161838,-0.0478906201133472,0.621914544682593,-0.312995245005193,10.0147075984476,8.88178419700125e-16
MHAS,final,78,451078,wealth,24.2600872746761,21.7762647256604,-2.48382254901563,17.4379264075073,15.4929246911958,-1.94500171631154,6.82216086716873,6.28334003446464,-0.538820832704088,0.082892951280829,0.0330549648197337,-1.13471757117306,-0.574180267698499,0.501739100346139,-0.394366618336085,-0.343476359450035,-0.0724411673523601,3.72447832538348,-1.33226762955019e-15
MHAS,final,79,451079,education,22.1944640965798,23.5423069513535,1.34784285477371,18.951765526974,16.3677274545251,-2.58403807244887,3.24269856960584,7.17457949682842,3.93188092722258,0.0267435235174974,0.0689772545327731,-3.20525387341242,-0.17772753178068,-0.284667297694595,0.292471966655969,0.791138663782854,-0.462394829475275,17.8942730916138,-3.5527136788005e-15
MHAS,final,79,451079,wealth,24.8446298436029,22.2946081151708,-2.55002172843205,18.1835575781059,15.6307358699373,-2.55282170816865,6.661072265497,6.66387224523359,0.00279997973659096,0.0844055940276474,0.0487268104559035,-1.62606199601778,-0.00527760131848061,0.144364355102315,-0.18536047915801,-0.88048598677669,0.139086753783835,-5.44835361352411,-2.22044604925031e-15
MHAS,final,80,451080,education,24.2894865845573,22.6709279669947,-1.61855861756261,19.0147290432374,15.8554852719681,-3.15924377126929,5.27475754131991,6.8154426950266,1.54068515370668,0.129542278294919,0.035059919502717,-1.5750175402961,-0.79748013016275,-1.18911240301835,-0.696980344068393,1.09934664627631,-1.9865925331811,62.8819007652248,3.5527136788005e-15
MHAS,final,80,451080,wealth,22.5645012150216,23.1396986341474,0.575197419125754,16.8332972081442,15.0846554787024,-1.74864172944177,5.73120400687741,8.05504315544494,2.32383914856753,0.0275020751567807,0.0467520317194436,-1.66120326532863,-0.244214935371042,-0.0451628510871497,0.244759587900748,-0.0428202655557029,-0.289377786458191,16.5487178754776,-6.66133814775094e-16
MHAS,final,81,451081,education,23.1911896369099,23.5696965242299,0.378506887319933,18.7914051218805,16.314030934753,-2.47737418712754,4.39978451502942,7.25566558947689,2.85588107444747,0.0735799556588622,0.104024359036391,-2.86536709691664,-0.288315852480414,0.195308210216578,0.00922819834114117,0.471772353711792,-0.0930076422638358,3.7542831739793,8.88178419700125e-16
MHAS,final,81,451081,wealth,24.3313197675867,23.0240556931118,-1.30726407447485,17.8634196522728,15.6753808080718,-2.18803884420103,6.46790011531387,7.34867488504004,0.880774769726173,0.0995214291777232,0.104690379434967,-1.37968631760717,-0.0239350313701369,0.0842267567144239,0.0755909491567035,-0.94423520109485,0.0602917253442871,-2.75551439610309,-1.33226762955019e-15
MHAS,final,82,451082,education,25.7847739302356,22.9628229583282,-2.82195097190731,20.6923026002986,16.0465437354611,-4.64575886483753,5.09247132993698,6.91627922286719,1.82380789293021,0.123782135677807,0.0617837414347046,-3.34546321040236,-0.150730251364274,-0.513454712741728,-0.326584191487034,-0.309526498842131,-0.664184964106001,14.2965871331169,2.66453525910038e-15
MHAS,final,82,451082,wealth,24.5215069422718,22.2982595891088,-2.223247353163,17.8533700442819,15.3217438759924,-2.53162616828943,6.66813689798989,6.97651571311632,0.308378815126433,0.0803096306676383,0.0578893234370475,-1.12356678860815,-0.319487545314445,-0.00344226196171998,-0.032834550307063,-1.05229502209805,-0.322929807276165,12.755825142002,-8.88178419700125e-16
MHAS,final,83,451083,education,23.5587314910447,23.6208334435879,0.0621019525432516,18.9239609472565,16.2915776549088,-2.6323832923477,4.63477054378822,7.32925578867917,2.69448524489095,0.0677299222727221,0.0796060690610238,-2.66582766935054,-0.370412955940128,0.0922743598065746,0.0751247173715987,0.236458255764796,-0.278138596133553,10.5660371322861,-1.33226762955019e-15
MHAS,final,83,451083,wealth,24.1272839559723,22.7923432766665,-1.33494067930582,17.3441559229621,15.1622953331279,-2.18186058983426,6.78312803301024,7.63004794353868,0.846919910528442,0.0805625209444628,0.0689403806352737,-1.1215631345688,-0.246840095777083,-0.116428061296047,0.00858902331610061,-0.705618321508428,-0.36326815707313,16.6494669167073,-1.77635683940025e-15
MHAS,final,84,451084,education,22.0567824219132,23.6094349140682,1.55265249215495,17.9611470241371,16.3220203913486,-1.6391266327885,4.09563539777613,7.28741452271958,3.19177912494345,0.0345270104543881,0.0699921104172522,-2.64077922864929,-0.434686886826586,0.273643346657387,0.204450947392499,0.95824518863749,-0.161043540169199,9.82496025308493,1.77635683940025e-15
MHAS,final,84,451084,wealth,24.7368681198165,21.7417622966355,-2.99510582318095,17.7881613990578,15.4012875178526,-2.38687388120522,6.9487067207587,6.34047477878298,-0.608231941975722,0.0879974860594775,0.0393482146540701,-1.15531840672715,0.00843840639919341,-0.0106338866348167,-0.373602936291875,-0.855757057950571,-0.00219548023562333,0.0919814093618869,3.10862446895044e-15
MHAS,final,85,451085,education,24.9560497517168,24.0707643998574,-0.885285351859395,19.5123755596206,16.2020357262479,-3.31033983337271,5.44367419209616,7.86872867360947,2.42505448151331,0.160386355290989,0.0906640902423334,-2.62369540810821,-0.699099523269511,-0.479483353268969,-0.503613055504411,0.995551506778394,-1.17858287653848,35.6030781086814,-4.44089209850063e-16
MHAS,final,85,451085,wealth,23.8418225640592,23.7680182662976,-0.0738042977615372,16.5117917215853,15.653581212124,-0.858210509461387,7.33003084247383,8.11443705417367,0.784406211699849,0.0832256784296482,0.0917336262388779,-0.975546201529434,-0.00490348167024634,0.183762450460548,0.0534607035867904,-0.114983980309044,0.178858968790301,-20.8409203591032,1.11022302462516e-16
MHAS,final,86,451086,education,24.924276492095,23.3827194606126,-1.54155703148239,19.6118928357471,16.1654200244749,-3.44647281127216,5.31238365634788,7.21729943613764,1.90491577978976,0.0833385448352673,0.0529105564388719,-1.49676745576795,-0.455786541364017,-1.05942626049064,-0.118489933762052,-0.316002619887502,-1.51521280185466,43.9641594414715,4.44089209850063e-16
MHAS,final,86,451086,wealth,23.3980721260746,23.3369200092476,-0.061152116826996,16.9421419355819,15.6282670849785,-1.31387485060334,6.45593019049269,7.70865292426904,1.25272273377634,0.0391083027959699,0.0648984450443037,-1.24467320015844,0.178182198565628,0.28095780839149,0.231888736114679,-0.760230393516699,0.459140006957118,-34.9454901847217,-2.22044604925031e-16
MHAS,final,87,451087,education,23.5167654669068,23.9218429964439,0.405077529537163,19.080453046768,16.7621263691235,-2.31832667764444,4.43631242013879,7.15971662732039,2.7234042071816,0.0912143935332317,0.114503846069095,-2.57464573038871,-0.0258258071359659,-0.387794524973955,0.0126996367635455,0.657239748090642,-0.413620332109921,17.8413308227201,3.5527136788005e-15
MHAS,final,87,451087,wealth,25.0018514351146,23.0562153145338,-1.94563612058073,18.0062952851477,15.7754175944736,-2.23087769067408,6.99555614996691,7.28079772006026,0.28524157009335,0.118965175876518,0.112430586290984,-1.30378404484637,-0.469824751775697,0.692343140260556,0.0589467908619026,-1.20855882517447,0.222518388484859,-9.97447728376464,4.44089209850063e-16
MHAS,final,88,451088,education,20.2350502979716,22.6702431619246,2.43519286395297,17.1189782422227,15.9263596366429,-1.1926186055798,3.11607205574894,6.74388352528171,3.62781146953277,0.0135444820451015,0.0324936500745463,-3.18113870327118,-0.18834876283778,0.148449654299865,0.12629683263749,1.9021223735918,-0.0398991085379149,3.34550445140152,-8.88178419700125e-16
MHAS,final,88,451088,wealth,22.7450943550829,22.3499058114165,-0.395188543666475,16.6696377146071,15.4309135621731,-1.23872415243409,6.0754566404758,6.91899224924342,0.843535608767613,0.032327852699728,0.0296201817936958,-1.58384081895686,0.0431037834617427,0.365950223920234,0.00491084805220018,-0.0688481889114089,0.409054007381976,-33.0222032547106,0
MHAS,final,89,451089,education,22.7119657440934,23.0095639696985,0.297598225605086,17.3689327508292,15.7003907362719,-1.66854201455737,5.34303299326417,7.30917323342662,1.96614024016245,0.0434610131827008,0.0355830204257707,-1.01982495805456,-0.566643179404682,-0.670418835110075,-0.0776150344991153,0.665959992511064,-1.23706201451476,74.1402975604978,-2.66453525910038e-15
MHAS,final,89,451089,wealth,24.3522076583805,21.8699968426619,-2.48221081571862,16.5944119392179,15.5885594703464,-1.00585246887152,7.7577957191626,6.28143737231551,-1.47635834684709,0.0599660327454718,0.0205192799530819,-0.306475072478521,-0.0484449937087261,0.218831065317146,-0.326946446503713,-0.542817021497711,0.170386071608419,-16.9394694432253,-8.88178419700125e-16
MHAS,final,90,451090,education,24.2405174874785,22.3981114759506,-1.84240601152789,21.0759080912847,16.1990117968849,-4.87689629439985,3.16460939619376,6.19909967906572,3.03449028287196,0.0396952383420084,0.0478131861105129,-2.69930484806936,-0.702338981672605,-0.764238552992886,0.343675564743525,-1.05468947640852,-1.46657753466549,30.0719442476061,8.88178419700125e-16
MHAS,final,90,451090,wealth,23.9672230946712,21.8255445840647,-2.14167851060652,17.961271519632,15.7443584241046,-2.2169130955274,6.00595157503926,6.08118615996014,0.0752345849208824,0.0660633808366216,0.0419826458690188,-0.897517632240092,0.137149684794151,-0.380916664677753,-0.0814776284521551,-0.994150854951556,-0.243766979883603,10.9957841999039,-2.22044604925031e-15
MHAS,final,91,451091,education,23.2000205048816,22.6839017925223,-0.516118712359244,19.3847582476649,15.5644387338047,-3.82031951386027,3.81526225721664,7.11946305871767,3.30420080150103,0.0466727131470467,0.0570650751987873,-2.68264361033237,-0.855299401371178,-0.3054130322038,0.0989997206118434,-0.0759631905647657,-1.16071243357498,30.3826009673763,1.33226762955019e-15
MHAS,final,91,451091,wealth,23.0439101680048,22.1680824848212,-0.875827683183577,16.7730289263278,15.053361196368,-1.71966772995973,6.27088124167705,7.1147212884532,0.84384004677615,0.05196888780408,0.046216182891434,-1.44010574666202,0.146080093025707,-0.0861473298606329,-0.0259229720094427,-0.313571774453334,0.0599327631650739,-3.48513623422343,2.22044604925031e-16
MHAS,final,92,451092,education,25.4550359471717,22.9150906461366,-2.53994530103513,21.5062236546208,16.0278223934626,-5.47840126115829,3.9488122925509,6.88726825267406,2.93845596012316,0.111899648236393,0.0754072133284575,-4.0956486295803,-0.150588074783654,-0.554170550907349,-0.247759013364673,-0.430234992522326,-0.704758625691003,12.8643119058789,-7.99360577730113e-15
MHAS,final,92,451092,wealth,23.4890393609336,21.6093586744973,-1.87968068643627,16.6090627309158,15.8642369435264,-0.744825787389413,6.87997663001778,5.74512173097092,-1.13485489904686,0.0748146312883999,0.0581769739031406,-0.498308132341627,0.362671903655469,0.610052764441921,-0.0514308725997651,-1.16781145054541,0.97272466809739,-130.597608805511,2.33146835171283e-15
MHAS,final,93,451093,education,23.5029532406537,23.3158500956722,-0.187103144981524,19.5423759875204,15.9786188337718,-3.56375715374861,3.9605772531333,7.33723126190039,3.37665400876709,0.0582317192905057,0.0466261580477871,-3.52612195300401,-0.660990600585892,-0.178215102061417,-0.154486968090079,0.956057469992786,-0.839205702647309,23.5483414397239,8.88178419700125e-16
MHAS,final,93,451093,wealth,23.5575567352378,22.2968367145649,-1.2607200206729,16.6590521291382,15.6704720401961,-0.988580088942056,6.89850460609964,6.6263646743688,-0.27213993173084,0.042283137214492,0.0312693842478113,-0.48255180574369,-0.144963177448478,0.307139431372289,-0.048751759989927,-0.619452777132249,0.162176253923811,-16.4049686755644,1.11022302462516e-16
MHAS,final,94,451094,education,25.2777784168811,23.0601283657434,-2.21765005113777,19.6673946393578,16.0904699130752,-3.57692472628262,5.61038377752336,6.96965845266821,1.35927467514485,0.129478599614074,0.0681053474049282,-2.76836574024475,-0.826699410445295,0.488312519419406,-0.32769152611735,-0.142480568894637,-0.338386891025889,9.46027431160295,-2.22044604925031e-15
MHAS,final,94,451094,wealth,23.7956047230057,22.0369901069858,-1.7586146160199,16.8281809113171,15.4023247713038,-1.42585614001337,6.96742381168858,6.63466533568204,-0.332758476006536,0.0777979592501761,0.0525205783686307,-0.88207712939854,-0.260420505864768,0.520864242809463,-0.143298409694482,-0.660924337865037,0.260443736944695,-18.2657793893747,8.88178419700125e-16
MHAS,final,95,451095,education,24.5363908114379,23.5179748169876,-1.01841599445035,19.4427173230327,15.9732223541905,-3.46949496884229,5.09367348840518,7.54475246279712,2.45107897439194,0.13376042690299,0.0808437851262884,-1.91528035530385,-1.3732756421855,-0.58111512388638,-0.308832563351267,0.709008715884714,-1.95439076607188,56.3306989525347,-4.44089209850063e-15
MHAS,final,95,451095,wealth,25.3021825460144,22.4983704624828,-2.80381208353156,17.4077815755173,15.3163520116995,-2.09142956381781,7.89440097049708,7.18201845078332,-0.712382519713754,0.125722788805978,0.0590042999742289,-1.22909356346867,-0.204383480473948,0.213482275199626,-0.277595209417663,-0.593839585657159,0.00909879472567843,-0.435051453947556,1.33226762955019e-15
MHAS,final,96,451096,education,28.1925169348269,23.1316902891744,-5.06082664565242,19.3241688723336,15.8876055017798,-3.43656337055378,8.8683480624933,7.24408478739466,-1.62426327509863,0.378827630142923,0.0986066912782998,-1.22138410559455,-1.33246685320984,-0.0488435002415966,-0.952117959112886,0.118249047605084,-1.38131035345143,40.1945258826652,1.33226762955019e-15
MHAS,final,96,451096,wealth,23.6810388745831,22.9468576081755,-0.734181266407592,16.5405159413352,15.6098826041836,-0.930633337151676,7.14052293324783,7.33697500399191,0.196452070744085,0.117280702361868,0.103491488750884,-0.771153024162113,-0.157600147088115,0.31106522521631,-0.0621543960036262,-0.250790995114132,0.153465078128195,-16.4903912208749,3.33066907387547e-16
MHAS,final,97,451097,education,26.5096207951315,23.250469875395,-3.25915091973646,20.4811020583573,16.8206306959527,-3.66047136240457,6.02851873677422,6.42983917944233,0.401320442668114,0.192688811783606,0.0590270853909115,-1.27183391811752,-1.24775845370349,-0.469945022376676,-0.729818487984557,0.0588845197776742,-1.71770347608017,46.925745512507,0
MHAS,final,97,451097,wealth,24.4942404764068,22.1931463709221,-2.30109410548469,17.6140298289728,15.9183667597703,-1.6956630692025,6.88021064743404,6.27477961115185,-0.605431036282194,0.081464756614581,0.0462216270075575,-1.04012913515287,-0.0802410205633985,0.441783947853281,-0.223500830709331,-0.793576030630181,0.361542927289883,-21.3216253780843,1.11022302462516e-15
MHAS,final,98,451098,education,27.0087637200954,23.6629647533479,-3.34579896674748,20.6119428553646,15.9493118843201,-4.66263097104453,6.39682086473082,7.71365286902787,1.31683200429705,0.162077447753269,0.0804871650828715,-2.93720921444024,-0.682438084090225,0.0996415765765365,-0.314913137680981,-0.827712111409623,-0.582796507513688,12.4993058883047,0
MHAS,final,98,451098,wealth,24.0870064112752,23.1871129014955,-0.899893509779663,17.1537847494989,15.6773022035453,-1.47648254595361,6.93322166177625,7.5098106979502,0.576589036173949,0.0738222073688533,0.0813226304713799,-0.822391542744588,-0.0404145808262352,0.133751986713524,0.115590148708603,-0.863018557804916,0.0933374058872893,-6.32160577468972,-8.88178419700125e-16
MHAS,final,99,451099,education,27.1753396458841,23.09286552547,-4.08247412041416,20.6498864446567,16.0831808028629,-4.56670564179379,6.52545320122739,7.00968472260701,0.484231521379625,0.163228872416457,0.0420588946480392,-2.27319675717176,-0.683726670694081,-0.533669796379474,-0.591558219024665,-0.484554198523798,-1.21739646707356,26.6580892784534,3.5527136788005e-15
MHAS,final,99,451099,wealth,24.8430611403956,22.1878556525974,-2.65520548779818,17.9606027049494,15.1283297566527,-2.83227294829672,6.88245843544615,7.0595258959447,0.177067460498543,0.0621998503722919,0.0299871350623173,-1.86790346304223,-0.0794547375502297,0.0188998136030945,-0.21277327038937,-0.691041290917976,-0.0605549239471353,2.13803277623903,3.99680288865056e-15
MHAS,final,100,451100,education,25.3667806864338,23.9388474696455,-1.42793321678831,21.5749783836632,16.7297541582736,-4.8452242253896,3.79180230277063,7.20909331137191,3.41729100860128,0.0551933904643756,0.0621284682535527,-3.80069556458138,-0.384339851366721,-0.116159124532113,0.0285359804940266,-0.57256566540341,-0.500498975898834,10.3297381631206,-1.77635683940025e-15
MHAS,final,100,451100,wealth,25.4193200128546,23.0032687916819,-2.4160512211727,18.4037852611514,16.4082034282664,-1.99558183288504,7.01553475170321,6.59506536341555,-0.42046938828766,0.0761539597282648,0.0478610283653219,-0.991568571648325,0.0742988456631265,0.203298306087964,-0.156869996383961,-1.12474041660384,0.27759715175109,-13.9105872370949,2.22044604925031e-15
MHAS,final,101,451101,education,24.5654819398913,22.0528446913127,-2.51263724857865,18.7142258525151,15.6291917103899,-3.08503414212515,5.85125608737624,6.42365298092273,0.572396893546497,0.0652641191740249,0.028290713085754,-1.60647323485579,-0.480355829307399,-0.0577810815387477,-0.185186417392348,-0.755237579030863,-0.538136910846146,17.443466945732,-1.77635683940025e-15
MHAS,final,101,451101,wealth,23.6184856050218,21.0143949913404,-2.60409061368135,17.1131245130604,14.9136240563381,-2.19950045672228,6.50536109196138,6.10077093500232,-0.404590156959069,0.0420598157757072,0.0181766957448758,-0.995289166964817,0.118630734099767,-0.0443870076420057,-0.135725387589616,-1.14272962862561,0.0742437264577611,-3.37548129307506,8.88178419700125e-16
MHAS,final,102,451102,education,23.2973254425259,23.0752377682517,-0.222087674274199,19.2470410409142,16.2041868120383,-3.0428542288759,4.05028440161168,6.87105095621339,2.82076655460171,0.0748300063442276,0.0653783838139724,-2.76237611058898,-0.100135536900222,-0.716211755778718,-0.0748780096447972,0.610747184036812,-0.81634729267894,26.8283404749401,2.66453525910038e-15
MHAS,final,102,451102,wealth,23.3148029294984,23.027815368817,-0.286987560681407,16.8028993764702,16.2425239296821,-0.560375446788164,6.51190355302812,6.78529143913487,0.273387886106756,0.0643315144454059,0.0717251157457205,-0.860646255644734,0.0707651008345922,0.463398727144687,0.0983675617379009,-0.33226058086061,0.534163827979279,-95.3224897773235,-4.44089209850063e-16
MHAS,final,103,451103,education,27.5548946991188,24.1510869654766,-3.40380773364219,19.3945846572274,16.14876321892,-3.24582143830741,8.16031004189141,8.00232374655663,-0.157986295334782,0.219239978949869,0.0846722883635749,-1.83030072455101,-0.441648267286108,-0.0939920277740187,-0.621342340911757,-0.258538077784517,-0.535640295060127,16.5024572435952,0
MHAS,final,103,451103,wealth,25.5164002829821,23.423203528482,-2.09319675450012,17.1795918661897,15.8207119960227,-1.35887987016697,8.33680841679246,7.60249153245931,-0.734316884333151,0.100885530813,0.0760971615998805,-0.730769390693594,-0.0369542610174319,0.475484562375923,-0.100516275343113,-0.966124505488755,0.438530301358491,-32.2714546727818,8.88178419700125e-16
MHAS,final,104,451104,education,24.196925983742,23.0395708090162,-1.15735517472574,19.269745617226,16.0665894308031,-3.20315618642289,4.92718036651594,6.97298137821309,2.04580101169715,0.124327554344968,0.0887393592279956,-1.94124582679251,-0.771757883649006,-0.453232661450909,-0.124286499654074,0.0873666851236063,-1.22499054509991,38.2432349159944,4.44089209850063e-16
MHAS,final,104,451104,wealth,24.3358224940152,21.5162333764691,-2.81958911754609,17.3296708657696,15.0952328413708,-2.23443802439884,7.00615162824552,6.42100053509828,-0.585151093147247,0.116310422008147,0.0539838476200443,-1.28386604527328,-0.131105176612635,0.226133001223376,-0.318985867772624,-0.726613935963678,0.0950278246107404,-4.2528735893808,0
MHAS,final,105,451105,education,25.2620310147291,23.1211921324952,-2.1408388822339,19.296219768884,16.3476346667541,-2.94858510212991,5.96581124584507,6.77355746574108,0.807746219896009,0.132682004917869,0.0589173966311893,-3.71747116095435,0.189121960252176,0.625695326915748,-0.458684047908413,0.412752819564923,0.814817287167924,-27.6341790704749,-8.88178419700125e-16
MHAS,final,105,451105,wealth,23.2436682244162,23.0256558019519,-0.218012422464298,17.1373288040846,16.2416652987967,-0.895663505287839,6.10633942033164,6.78399050315518,0.677651082823543,0.0527368079963884,0.0620995550058831,-0.804447237528015,0.307972575068143,-0.149237582595981,0.184655484176056,-0.434606744408042,0.158734992472162,-17.7226147470583,3.33066907387547e-16
MHAS,final,106,451106,education,26.7804288717477,23.2931727417009,-3.4872561300468,21.496802325413,16.6531359731076,-4.84366635230541,5.28362654633471,6.64003676859332,1.35641022225861,0.181910935093936,0.0796271484078191,-2.575363758517,-0.197710638070021,-0.883223785928731,-0.575096047150653,-0.612272122639003,-1.08093442399875,22.316450915003,0
MHAS,final,106,451106,wealth,24.0233602108636,22.724054212522,-1.29930599834161,17.4261885446089,16.3082531368433,-1.11793540776554,6.59717166625477,6.4158010756787,-0.181370590576062,0.0758614321555796,0.0779040150740113,-0.837058186170739,-0.0950542426968588,0.699208803050585,0.116141458778973,-1.00117324072751,0.604154560353726,-54.0419917069512,-3.10862446895044e-15
MHAS,final,107,451107,education,23.9725204399602,22.9919161892664,-0.980604250693808,17.4811568682283,15.6627319946448,-1.81842487358357,6.49136357173183,7.32918419462159,0.837820622889762,0.156441424517307,0.0911614994184371,-2.17329499687171,-0.347126706060449,0.0514367543634046,-0.416026188401652,1.06658626338684,-0.295689951697045,16.260773595465,1.99840144432528e-15
MHAS,final,107,451107,wealth,22.2027853002418,21.747241066471,-0.455544233770741,15.7286265233991,15.1325994925093,-0.596027030889786,6.47415877684267,6.61464157396171,0.140482797119044,0.0647806071480808,0.0655928167152356,-0.596803079847667,0.00676718608395719,0.246525078471005,0.0508125162773647,-0.303328731874447,0.253292264554963,-42.4967747145347,-4.44089209850063e-16
MHAS,final,108,451108,education,23.9125510089966,22.84750265114,-1.06504835785654,19.2811375484637,15.5807190123141,-3.70041853614958,4.6314134605329,7.26678363882594,2.63537017829304,0.0543126159681205,0.0368082801395006,-2.68291909188224,-0.602923154272756,-0.478659292285787,-0.136472064801552,0.200555067092756,-1.08158244655854,29.2286517320272,1.77635683940025e-15
MHAS,final,108,451108,wealth,23.7189412076553,22.003198278993,-1.71574292866231,16.3844994007747,14.8908960277152,-1.49360337305952,7.33444180688054,7.11230225127775,-0.222139555602784,0.0404558324568658,0.0275593201920941,-1.04927866450587,0.090637881775218,0.320469947387455,-0.0710979712163896,-0.784334566499942,0.411107829162673,-27.5245648595819,-2.22044604925031e-15
MHAS,final,109,451109,education,23.9803554989436,22.8282022594564,-1.1521532394872,20.2464640445621,16.0410101086008,-4.20545393596132,3.73389145438148,6.7871921508556,3.05330069647412,0.0753120349796185,0.0393053149038464,-2.96510743551378,-0.579016322104392,-0.690415536937803,-0.473519168616503,0.502604527211157,-1.2694318590422,30.1853706727623,0
MHAS,final,109,451109,wealth,23.4554907396473,23.7854578650556,0.32996712540832,17.1490845388996,15.8979177306841,-1.25116680821554,6.30640620074762,7.88754013437149,1.58113393362386,0.0379098957050535,0.062172451889061,-0.44956773775591,-0.568539638646134,-0.152100009282259,0.277821056629386,-0.358780479160627,-0.720639647928393,57.5974077314434,4.44089209850063e-16
MHAS,final,110,451110,education,23.4567006730251,22.6861085422252,-0.770592130799916,18.6197635133815,15.9394363998232,-2.6803271135583,4.83693715964358,6.74667214240196,1.90973498275838,0.0719014323393228,0.0242555709777373,-2.7798124614234,-0.62349486350965,0.0818947514512182,-0.466770786538993,1.10785624646252,-0.541600112058432,20.2064930552236,-2.66453525910038e-15
MHAS,final,110,451110,wealth,23.6797505533887,21.9508358013733,-1.72891475201536,16.9833367596211,15.525325117719,-1.45801164190207,6.6964137937676,6.42551068365431,-0.270903110113295,0.033330072551668,0.0185021404894373,-1.02653210031616,-0.0562685960263752,0.34506178758236,-0.167903893736648,-0.55236883940525,0.288793191555985,-19.8073309743422,4.44089209850063e-16
MHAS,final,111,451111,education,25.2233467591472,23.1221799782421,-2.10116678090509,18.8737897742629,16.4485213106446,-2.42526846361829,6.34955698488429,6.67365866759749,0.324101682713204,0.162255128814491,0.0740950079654852,-1.26465255202386,-1.04883591688756,0.193282834578135,-0.604468659840451,0.299405830555449,-0.855553082309428,35.2766341188067,-2.22044604925031e-15
MHAS,final,111,451111,wealth,25.1254934123844,21.8921991202687,-3.23329429211576,18.019863986624,15.2352862720824,-2.78457771454158,7.10562942576044,6.65691284818627,-0.448716577574173,0.110796458873885,0.0580391447169234,-0.901080138159879,-0.364537525545105,0.0245394695399644,-0.239610366140275,-1.30388915423629,-0.33999805600514,12.2100401159431,8.88178419700125e-16
MHAS,final,112,451112,education,24.2294874413084,22.4128138192565,-1.81667362205189,20.0023318824386,15.7488603638395,-4.25347151859917,4.22715555886976,6.66395345541704,2.43679789654728,0.133768979917129,0.0730830118762123,-2.50054169989086,-0.641876557003687,-0.910310706316153,-0.293407308658881,0.0926647532704169,-1.55218726331984,36.4922453702249,0
MHAS,final,112,451112,wealth,22.7462590387079,21.839734551027,-0.906524487680898,16.7020206429529,15.0768810597524,-1.62513958320048,6.04423839575505,6.76285349127463,0.718615095519579,0.0714276582312568,0.0658597887708404,-1.21051092218798,0.0136435982421483,0.106093363796743,0.0499533546046125,-0.584318977655999,0.119736962038892,-7.36779555901821,-1.99840144432528e-15
MHAS,final,113,451113,education,24.4694453052128,22.53153546453,-1.93790984068278,18.9023654228377,16.3472732134666,-2.55509220937113,5.56707988237509,6.18426225106344,0.61718236868835,0.0728169186222723,0.0429429189418816,-1.62546553939573,0.0158778198585382,-0.422277787596445,-0.191488276768144,-0.331738425469348,-0.406399967737906,15.9054912479237,-4.44089209850063e-16
MHAS,final,113,451113,wealth,22.9459575973664,22.1331056012758,-0.812851996090576,16.8933181244894,16.1833523785542,-0.709965745935165,6.052639472877,5.94975322272159,-0.102886250155412,0.0405336533781605,0.0363460820269349,-1.15632864295756,0.135655334998875,0.701618376007842,-0.0243464010437278,-0.366564412940597,0.837273711006717,-117.931564417078,-9.99200722162641e-16
MHAS,final,114,451114,education,24.7425230771487,23.5153937172128,-1.22712935993589,20.5321553044068,16.2206252440786,-4.31153006032814,4.21036777274189,7.29476847313413,3.08440070039225,0.124734530770028,0.108434013573395,-2.66281341427085,-0.727704533819749,-0.824256727983171,0.0197913543225125,-0.116546738576878,-1.55196126180292,35.9956034189126,2.66453525910038e-15
MHAS,final,114,451114,wealth,23.5690937015434,23.0534227849041,-0.515670916639262,16.8342139172904,15.7860734952819,-1.04814042200855,6.73487978425293,7.26734928962222,0.53246950536929,0.0936621909218439,0.10866948591359,-0.933576686865799,0.0926809640145911,0.413826732083467,0.208273761556092,-0.8293451927969,0.506507696098058,-48.3244120217631,8.88178419700125e-16
MHAS,final,115,451115,education,23.2618821222555,22.9018096545846,-0.360072467670939,19.359142398952,15.7071565780202,-3.65198582093183,3.90273972330349,7.19465307656438,3.29191335326089,0.0642139578699046,0.0701617558428741,-2.26310644743596,-0.763163302384378,-0.911343216101818,0.118566631618533,0.167060513371793,-1.6745065184862,45.8519446841372,-2.66453525910038e-15
MHAS,final,115,451115,wealth,23.681928294176,22.9795409575662,-0.702387336609782,16.8339385749586,15.4055870468414,-1.4283515281172,6.84798971921734,7.57395391072477,0.725964191507422,0.0774029369850155,0.0761364079423955,-0.876259173183804,-0.232401971986353,0.054174559342052,0.0333615996203284,-0.407226541909426,-0.178227412644301,12.4778396029186,-8.88178419700125e-16
MHAS,final,116,451116,education,25.1187101172074,22.777831007021,-2.34087911018643,19.7495380524549,15.9220185783465,-3.82751947410834,5.36917206475253,6.85581242867445,1.48664036392192,0.0720154027582864,0.054307266705423,-2.67408299727617,-0.482194241209532,0.48707166207331,0.116844849214973,-1.27515874691092,0.00487742086377796,-0.127430334365946,5.32907051820075e-15
MHAS,final,116,451116,wealth,24.410890982017,21.7606384626848,-2.65025251933229,17.2107680645975,15.5045449072493,-1.70622315734814,7.20012291741957,6.25609355543542,-0.94402936198415,0.0791295913602768,0.0357219215914997,-0.71837252874759,-0.550472224998024,0.622212387128798,-0.301982505448334,-0.757608285282987,0.0717401621307743,-4.20461777357864,-1.55431223447522e-15
MHAS,final,117,451117,education,24.2345510785023,22.9546574945833,-1.27989358391895,18.6604887781268,16.2058344760712,-2.4546543020556,5.57406230037545,6.7488230185121,1.17476071813665,0.0832328549914599,0.0597032394847857,-1.42069896984193,-0.516090580698971,-0.206409072264425,-0.128729263964754,-0.18272641528552,-0.722499652963395,29.4338657935805,8.88178419700125e-16
MHAS,final,117,451117,wealth,23.231625486728,22.0033602809792,-1.22826520574876,16.4314105540041,15.8758588924422,-0.555551661561811,6.80021493272391,6.12750138853696,-0.672713544186947,0.0577066125177871,0.0475357716678929,-0.913731050983207,0.0626094706524798,0.944209346061841,-0.0909936600600859,-0.557645767232839,1.00681881671432,-181.228657274442,-6.66133814775094e-16
MHAS,final,118,451118,education,24.5801516758421,23.833917019816,-0.746234656026019,18.9994714628667,16.239373857145,-2.76009760572174,5.58068021297532,7.59454316267103,2.01386294969572,0.144953146068342,0.115723756572995,-2.82770296449747,-0.44503809687629,0.222031007374022,-0.22995273702634,0.520565185304345,-0.223007089502268,8.07968127793631,1.77635683940025e-15
MHAS,final,118,451118,wealth,23.5095158083837,23.6829305587741,0.173414750390354,16.5776046555558,16.6842828648763,0.106678209320524,6.93191115282797,6.9986476938978,0.0667365410698304,0.100034060607666,0.10935843663125,-0.19745956527629,0.192040944870764,0.143462879091002,0.0506134315416322,-0.0819794809065832,0.335503823961766,314.500802083877,3.05311331771918e-16
MHAS,final,119,451119,education,24.6119456613831,23.9132388372114,-0.698706824171723,19.5825414331295,16.6020505027392,-2.9804909303903,5.02940422825358,7.31118833447216,2.28178410621858,0.117989333357375,0.125981672586303,-2.43643989100656,0.213453634919794,-0.723289107390606,0.0389628124737005,-0.073178379386636,-0.509835472470812,17.1057548698546,-3.10862446895044e-15
MHAS,final,119,451119,wealth,26.1736117519749,22.4508015983143,-3.72281015366062,17.4728121418474,16.3298803077832,-1.14293183406425,8.7007996101275,6.12092129053113,-2.57987831959637,0.192553057915835,0.0804454029965228,-0.268795998733203,0.330847380352807,0.187283642160212,-0.507180843606713,-0.885086014237358,0.51813102251302,-45.3335017076698,-8.88178419700125e-16
MHAS,final,120,451120,education,22.8721030978509,23.2519914957666,0.379888397915732,18.2647209697576,16.5921874614931,-1.67253350826454,4.60738212809329,6.65980403427356,2.05242190618027,0.0532396463868246,0.0502931450068826,-1.69829089896138,-0.711291422824636,-0.0134573780241694,-0.116388486626931,0.866894678172583,-0.724748800848806,43.332393477774,6.66133814775094e-16
MHAS,final,120,451120,wealth,24.0531255787031,21.7520309260357,-2.30109465266748,17.5898999238678,15.8859146437891,-1.70398528007878,6.46322565483529,5.8661162822466,-0.597109372588689,0.066678072362093,0.0246670579047904,-1.09656636975834,-0.217422018594041,0.217813861534272,-0.408203427514788,-0.199607325745884,0.00039184294023159,-0.0229956763601546,0
MHAS,final,121,451121,education,22.8044509467416,23.0968913332677,0.292440386526074,17.7006502786024,15.7461599222206,-1.95449035638175,5.10380066813922,7.35073141104704,2.24693074290783,0.0289855910359879,0.0304397783597542,-2.05848178693794,-0.0396603797171551,-0.447098440439836,-0.00178921927342405,0.592539469986601,-0.486758820156991,24.9046416917658,1.99840144432528e-15
MHAS,final,121,451121,wealth,23.047730582819,23.1920022740122,0.144271691193161,16.2248624105234,15.4175448622575,-0.807317548265839,6.82286817229567,7.77445741175467,0.951589239459,0.0251826225647499,0.0363539440682812,-1.48529352605865,0.0352483264531552,0.715156908856155,0.0935087200077742,-0.165937977524269,0.75040523530931,-92.9504427249501,1.55431223447522e-15
MHAS,final,122,451122,education,25.0118344903278,22.749123314847,-2.26271117548084,19.8236119255957,16.0664575693548,-3.75715435624098,5.18822256473211,6.68266574549225,1.49444318076014,0.0766724925100875,0.0465137505311409,-2.8723807824599,-1.10101972199975,1.01942259524585,-0.24101577009325,-0.562160676933928,-0.0815971267538993,2.17177999669774,4.88498130835069e-15
MHAS,final,122,451122,wealth,23.4309755341634,22.3037714625032,-1.12720407166015,16.8563763937981,15.5594504631868,-1.29692593061132,6.57459914036529,6.74432099931646,0.169721858951169,0.0512747646511926,0.0480120701566543,-0.67387668199368,0.0899683563379686,0.0451365630610452,0.00451685489077844,-0.762671022907428,0.135104919399014,-10.4173196178853,2.22044604925031e-16
MHAS,final,123,451123,education,24.641347731678,23.0778149130949,-1.56353281858306,19.8422393360153,16.0295675301333,-3.812671805882,4.79910839566267,7.0482473829616,2.24913898729893,0.113248417545282,0.0898212160863599,-2.3644965624693,-0.381407798509977,-0.777949690795289,-0.0462190371362764,-0.242598716971159,-1.15935748930527,30.4080064671884,8.88178419700125e-16
MHAS,final,123,451123,wealth,24.2055517578644,21.2189853108735,-2.98656644699093,18.0228515197507,14.4428420727527,-3.58000944699798,6.18270023811375,6.7761432381208,0.593443000007053,0.0935761403590861,0.0522274528329661,-1.67487318231124,-0.297494801495851,-0.289151798539098,-0.0666188186580911,-1.2518708459937,-0.58664660003495,16.3867332955471,0
MHAS,final,124,451124,education,25.2549301406659,22.4718807467882,-2.78304939387767,20.1821447716696,16.2888982331593,-3.8932465385103,5.0727853689963,6.18298251362893,1.11019714463263,0.114676808647354,0.0392179835345677,-2.01503803332284,-0.470985824491003,-0.698100750297522,-0.655904734581491,-0.0532171958174499,-1.16908657478853,30.0285780318413,-2.22044604925031e-15
MHAS,final,124,451124,wealth,23.4059526308656,22.1192167821782,-1.2867358486874,17.5398737736165,15.7780646896399,-1.76180908397662,5.86607885724914,6.34115209253836,0.475073235289221,0.0452162297924155,0.035468032269815,-1.46448742875223,-0.044288907663244,0.284618198586007,-0.00409237264373953,-0.533558573503413,0.240329290922763,-13.6410518658646,0
MHAS,final,125,451125,education,24.5038022771647,22.9578244955023,-1.54597778166238,20.1169812885826,16.2463201271382,-3.87066116144442,4.38682098858209,6.71150436836412,2.32468337978204,0.061642418125866,0.0406965928298426,-2.61662410021938,-0.373342949057582,-0.734019142546926,-0.148493579836099,0.00181861021557393,-1.10736209160451,28.6091198742716,3.99680288865056e-15
MHAS,final,125,451125,wealth,23.7849685880376,22.3175411246623,-1.46742746337526,18.3593672850935,15.6922450634949,-2.66712222159861,5.4256013029441,6.62529606116745,1.19969475822335,0.042388710553994,0.0351283456213483,-1.82669529788159,-0.31036947264807,0.0867052834527132,0.0516459508737641,-0.668408685395428,-0.223664189195357,8.3859744928111,-8.88178419700125e-16
MHAS,final,126,451126,education,25.846006462269,22.6079357405444,-3.23807072172461,20.5642634475979,15.8351119373144,-4.72915151028357,5.28174301467105,6.77282380323001,1.49108078855896,0.169142610048851,0.0762259344533587,-1.99394721377984,-0.533353864261331,-1.19290577412049,-0.465417530659093,-0.543527127462814,-1.72625963838182,36.5025234363512,2.66453525910038e-15
MHAS,final,126,451126,wealth,23.6995713331577,21.5986576534058,-2.10091367975182,16.962286689343,15.0571500389229,-1.90513665042007,6.7372846438147,6.54150761448295,-0.19577702933175,0.104848626042352,0.0529447148198637,-1.78814151175707,-0.0560676866179786,0.406940871760856,-0.365695992611156,-0.102172331194728,0.350873185142877,-18.4172187892932,-4.44089209850063e-16
MHAS,final,127,451127,education,24.6087417931866,24.2969123863457,-0.3118294068409,20.2638894484049,16.7867285140566,-3.47716093434825,4.34485234478172,7.51018387228907,3.16533152750735,0.0885704663541954,0.0950286696463677,-2.79376048509514,-0.955116555933017,0.0221403753194703,-0.0143952686221714,0.263970999982613,-0.932976180613547,26.83155017064,2.66453525910038e-15
MHAS,final,127,451127,wealth,24.8360933109256,23.49415841518,-1.34193489574562,17.6626875449294,16.5029168819205,-1.15977066300892,7.17340576599622,6.99124153325952,-0.182164232736694,0.0974005863824885,0.0821683502503652,-0.904894094587344,-0.323976875333068,0.785737679061556,-0.0875500520235825,-0.629087320126489,0.461760803728488,-39.8148374033268,-2.88657986402541e-15
MHAS,final,128,451128,education,22.4872249374141,23.0717074441035,0.584482506689401,17.0953037627462,16.1601378210578,-0.935165941688396,5.39192117466787,6.91156962304567,1.5196484483778,0.0682719029992968,0.0578952688717793,-2.28813675390195,-0.262998733807051,0.555099990192004,-0.265607171446398,1.326476727275,0.292101256384954,-31.2352325254253,3.77475828372553e-15
MHAS,final,128,451128,wealth,23.6046780631314,22.3481955751377,-1.25648248799371,17.1384015031762,15.2379347461702,-1.90046675700597,6.4662765599552,7.11026082896746,0.643984269012259,0.0611727877871715,0.0564896109326062,-1.09571849114827,-0.192368021275591,0.196425839755868,0.102227777568173,-0.911033861906152,0.00405781848027656,-0.213516940789289,8.88178419700125e-16
MHAS,final,129,451129,education,24.7816972194152,23.0868590663974,-1.69483815301781,20.8332546281243,15.8448003568388,-4.98845427128554,3.9484425912909,7.24205870955864,3.29361611826774,0.0786365230988739,0.0864771944995028,-3.71453803212855,-0.309327804271279,-0.278060515057025,0.175645215237276,-0.862173135065966,-0.587388319328303,11.7749564771881,-8.88178419700125e-16
MHAS,final,129,451129,wealth,23.9546261476528,22.4136515358795,-1.54097461177329,17.1682584241168,15.8333105900861,-1.33494783403072,6.78636772353598,6.58034094579341,-0.206026777742572,0.0889159234473228,0.0734299555526755,-0.927402671759981,0.0876257489424581,0.375212171237578,-0.0193311253952163,-0.851051957055558,0.462837920180036,-34.6708619154467,-4.44089209850063e-16
MHAS,final,130,451130,education,24.8898096635572,23.5878534636673,-1.30195619988988,19.4589464238742,16.2046144727781,-3.25433195109603,5.43086323968304,7.38323899088919,1.95237575120614,0.135352177385609,0.091020882115329,-2.87881688764314,0.528329832586985,-0.608909870035166,-0.470008675420114,0.175073649415409,-0.0805800374481807,2.47608537356007,4.44089209850063e-16
MHAS,final,130,451130,wealth,25.2018416376614,22.3711809856118,-2.83066065204962,17.4653440958465,15.2827006844039,-2.18264341144256,7.73649754181496,7.0884803012079,-0.64801724060706,0.126543246114575,0.0647517707994541,-1.27561383477449,-0.118208530457029,0.312742515973473,-0.36169881907641,-0.739864743108105,0.194533985516444,-8.91276992368955,4.44089209850063e-16
MHAS,final,131,451131,education,24.8346368718755,23.4411054772048,-1.39353139467069,16.7483429037666,15.9344265932278,-0.813916310538769,8.08629396810891,7.50667888397698,-0.579615084131924,0.251622529077598,0.0929477440785262,-0.77202990698348,-0.954645970036973,-0.052522058615355,-0.655721013215615,1.62100263831265,-1.00716802865233,123.743438436028,-1.66533453693773e-15
MHAS,final,131,451131,wealth,23.5374088282129,22.1660590479322,-1.37134978028073,16.7596258546322,14.8013687751538,-1.95825707947836,6.77778297358071,7.36469027277835,0.586907299197632,0.101868443124199,0.0781448563580752,-1.69086162814824,0.109944351826725,0.0321194082338262,-0.132071780288826,-0.277387431101847,0.142063760060552,-7.254602143371,-4.44089209850063e-16
MHAS,final,132,451132,education,23.2334865285932,22.8750038197141,-0.358482708879148,19.3945518750787,16.0815321545047,-3.31301972057401,3.83893465351453,6.79347166520939,2.95453701169486,0.0483283430626234,0.042802145393323,-3.75559081318112,0.33693963381983,-0.357141817951244,-0.104381255919126,0.567154532657653,-0.0202021841314146,0.609781584032176,-3.99680288865056e-15
MHAS,final,132,451132,wealth,24.1494585102118,21.1745313548417,-2.97492715537008,17.0203625419812,15.1765201614648,-1.84384238051645,7.12909596823058,5.99801119337695,-1.13108477485363,0.0601842359382287,0.0216822699629531,-1.00072975850211,-0.101051455943721,0.525117167151694,-0.351986510215292,-0.915191823007022,0.424065711207973,-22.9990218084256,-1.77635683940025e-15
MHAS,final,133,451133,education,24.7654994717183,22.5667679710053,-2.19873150071307,19.1321794619571,16.1353892503175,-2.99679021163959,5.63332000976123,6.43137872068774,0.798058710926513,0.0960476366569428,0.0465076722243302,-0.958387285584909,-1.57207621402698,0.161565647838888,-0.333365227697427,-0.294527132169164,-1.41051056618809,47.067377646578,8.88178419700125e-16
MHAS,final,133,451133,wealth,23.1051851237584,22.683559174276,-0.421625949482458,17.1195701809831,15.7079792217469,-1.41159095923611,5.98561494277536,6.97557995252902,0.989965009753652,0.0536039964752424,0.0492399184194973,-1.24416665387799,-0.0964930993136334,-0.0559800685647322,0.00311950200855845,-0.0180706394883161,-0.152473167878366,10.8015120726529,-2.22044604925031e-16
MHAS,final,134,451134,education,26.3140792726122,23.989928216578,-2.32415105603419,17.3630738635415,15.9075449969858,-1.45552886655568,8.95100540907071,8.0823832195922,-0.868622189478511,0.221460320288309,0.0706907567777172,-1.4264086861339,-0.252324396504362,-0.0121957888349648,-0.610013801349268,0.845413806266815,-0.264520185339327,18.1734757322457,0
MHAS,final,134,451134,wealth,24.1992268607296,22.9871047984475,-1.21212206228213,16.6122229973586,15.154160207188,-1.45806279017062,7.58700386337099,7.83294459125949,0.245940727888494,0.071518295759194,0.059726086288457,-0.519022924535246,-0.247441191985828,-0.118813017561879,-0.0441562660785181,-0.52862939000915,-0.366254209547707,25.1192343715766,1.11022302462516e-15
MHAS,final,135,451135,education,22.9409124905023,22.5553038418339,-0.385608648668317,17.2593498697307,15.7637773752736,-1.49557249445701,5.68156262077161,6.7915264665603,1.10996384578869,0.0697270851655169,0.044066807099595,-2.01888918962238,-0.582056749490021,0.558400229645136,-0.252875842275788,0.799849057286045,-0.0236565198448853,1.58177018717332,-1.33226762955019e-15
MHAS,final,135,451135,wealth,22.5399683801653,21.3013428237598,-1.23862555640559,16.5193210161518,14.8564831723122,-1.6628378438396,6.02064736401354,6.44485965144755,0.424212287434007,0.0374517333182844,0.0268102181227481,-1.34341190941658,-0.0874772574103113,0.218095667412079,-0.0744331543050672,-0.375611190119721,0.130618410001768,-7.85515018711397,2.22044604925031e-16
MHAS,final,136,451136,education,27.0378983011608,22.3496368386201,-4.68826146254073,22.7695183304852,15.863285309266,-6.90623302121919,4.26837997067562,6.48635152935407,2.21797155867845,0.0909735863417114,0.021146367666946,-3.38877976831665,-0.702128387017462,-0.967125740802181,-0.443891786438811,-1.40430733864408,-1.66925412781964,24.1702549376905,3.5527136788005e-15
MHAS,final,136,451136,wealth,23.0996987939936,21.6247221821171,-1.4749766118765,16.5624998986187,15.5193316498466,-1.04316824877206,6.53719889537497,6.10539053227053,-0.431808363104441,0.0267677557019544,0.0146120737046389,-0.684423119819916,0.02904185621405,0.230210123080724,-0.144342163388216,-0.473654944858697,0.259251979294774,-24.8523648606011,1.99840144432528e-15
MHAS,final,137,451137,education,25.266145690123,23.4964998239872,-1.7696458661358,19.8321393420422,16.128563414524,-3.70357592751821,5.43400634808085,7.36793640946326,1.93393006138241,0.118680343549338,0.0984216633304593,-1.86970623739753,-0.50020579024869,-0.721723128853724,-0.0332277709020533,-0.57871300011621,-1.22192891910241,32.9932190676387,1.33226762955019e-15
MHAS,final,137,451137,wealth,24.1592626713831,23.2266133861263,-0.932649285256723,16.9417401279913,15.4136642906428,-1.52807583734849,7.21752254339172,7.81294909548348,0.595426552091766,0.0999141076454289,0.1044265723322,-0.736239468374716,-0.306371513489815,0.136941347214488,0.0952247794811518,-0.717630982179598,-0.169430166275327,11.0878113595017,1.33226762955019e-15
MHAS,final,138,451138,education,26.3479100627425,22.5875179616969,-3.76039210104567,21.7177006130077,15.6644862254962,-6.0532143875115,4.63020944973482,6.92303173620065,2.29282228646582,0.0971573425327991,0.0428271526492904,-3.39348521895761,-0.810846201278258,-0.492886017049964,-0.259231730727434,-1.09676521949823,-1.30373221832822,21.5378497252299,-5.32907051820075e-15
MHAS,final,138,451138,wealth,23.8581111274645,21.0540227907195,-2.80408833674495,17.6469380657959,14.5181912826877,-3.12874678310816,6.21117306166862,6.53583150803183,0.324658446363211,0.046795397969503,0.0302036148222502,-1.7772099747436,-0.236916617537708,0.374477143239894,-0.046100216839105,-1.44299711722764,0.137560525702186,-4.39666535000095,1.77635683940025e-15
MHAS,final,139,451139,education,27.3136931217573,24.019861951397,-3.29383117036031,20.5962643598128,16.0151741465165,-4.5810902132963,6.71742876194453,8.00468780488052,1.28725904293599,0.219340920625501,0.118652727067893,-1.71742365793683,-0.78792464681039,-1.08941432411274,-0.304771493116322,-0.681556091320011,-1.87733897092313,40.9801790297491,3.5527136788005e-15
MHAS,final,139,451139,wealth,25.5763107134821,23.0508968276922,-2.52541388578987,17.6426232129499,14.8945335043856,-2.74808970856436,7.93368750053212,8.15636332330661,0.222675822774491,0.144396433393182,0.0982432688832119,-1.41931557249116,-0.200218255663221,-0.0996471979155952,-0.0827110454493415,-0.946197637045049,-0.299865453578817,10.9117781942959,8.88178419700125e-16
MHAS,final,140,451140,education,23.1506448655813,24.4783266991157,1.32768183353438,18.2979305927376,16.6796484626602,-1.61828213007739,4.85271427284371,7.79867823645549,2.94596396361177,0.0577666061988875,0.130053780036137,-1.94416859692808,-0.217622654563566,0.128339237240009,0.443991164274584,-0.0288212801003365,-0.0892834173235576,5.51717254143367,-4.44089209850063e-16
MHAS,final,140,451140,wealth,24.7383713077356,23.7800207536014,-0.958350554134192,17.2301933335878,15.8316846032314,-1.39850873035639,7.50817797414775,7.94833615036995,0.440158176222198,0.128003472862352,0.110791534570575,-1.18204325789482,0.085702463264804,0.0196569411850381,-0.0791925208674389,-0.242632356043978,0.105359404449842,-7.53369658428895,0
MHAS,final,141,451141,education,22.8721885045266,23.4113977780128,0.539209273486197,17.6483336580414,16.0091673357832,-1.63916632225816,5.2238548464852,7.40223044222955,2.17837559574435,0.0987357273895764,0.0927388370422512,-2.22492046530649,-0.026317454155624,-0.177083478093218,-0.175632130794821,0.964787206091987,-0.203400932248842,12.408803761209,-3.77475828372553e-15
MHAS,final,141,451141,wealth,23.9714688807246,22.7693113441074,-1.20215753661719,16.1014305690047,15.7266819363095,-0.374748632695166,7.87003831171995,7.04262940779792,-0.827408903922024,0.0988684415212876,0.0846488276902542,-0.359968834833905,0.364656594309526,0.385283930997489,-0.0591665037723673,-0.705553819395909,0.749940525307015,-200.118281930342,-2.22044604925031e-16
MHAS,final,142,451142,education,22.888165060976,22.7035861197123,-0.184578941263663,19.0979493334646,16.064755506657,-3.03319382680757,3.79021572751144,6.63883061305534,2.8486148855439,0.0377268519689346,0.0440334505635296,-2.82005679653222,-0.688215430988107,0.0591290299219645,0.0913486013130868,0.324600769477711,-0.629086401066143,20.7400659828012,-3.10862446895044e-15
MHAS,final,142,451142,wealth,22.6663475149784,22.4178797901883,-0.248467724790071,17.4114446894961,15.4301258249338,-1.98131886456234,5.25490282548226,6.98775396525454,1.73285113977227,0.0317747639240981,0.0481285378473776,-1.42092213279554,-0.180279152762031,-0.0154527023674094,0.331153253828462,-0.695818130465825,-0.19573185512944,9.87886698250743,4.44089209850063e-16
MHAS,final,143,451143,education,22.7978255878086,23.618724192006,0.820898604197389,18.6005341856547,15.5428131610349,-3.05772102461985,4.19729140215388,8.07591103097112,3.87861962881724,0.0977442251251859,0.118638142088829,-2.77152040982462,-0.479456640483643,-0.897925297743634,0.0530717265923985,1.03810959683966,-1.37738193822728,45.0460302668887,4.44089209850063e-16
MHAS,final,143,451143,wealth,24.916568683291,22.8361326973545,-2.08043598593652,16.5194744103532,15.562151431668,-0.95732297868523,8.39709427293781,7.27398126568652,-1.12311300725128,0.157795097310389,0.0928835618883437,-0.917615751190026,0.0727863503689778,0.453299503051017,-0.283811572898985,-0.281981508016215,0.526085853419995,-54.9538520575899,-4.44089209850063e-16
MHAS,final,144,451144,education,27.0218874729901,22.9154500798918,-4.10643739309831,21.9642156077567,16.1482237615217,-5.81599184623505,5.05767186523339,6.76722631837013,1.70955445313674,0.0996774837552161,0.0382636550484774,-2.65740832948775,-0.745182877694297,-0.590403083161494,-0.32081234118178,-1.50218521470973,-1.33558596085579,22.964027394921,0
MHAS,final,144,451144,wealth,24.3167640725248,22.5490403065292,-1.76772376599563,17.7141714896968,15.1624095742535,-2.55176191544326,6.60259258282797,7.3866307322756,0.784038149447636,0.0462092911838828,0.0422707820105957,-0.937276825077189,-0.291569714116557,-0.212182083852761,0.067220201986159,-1.17795349438292,-0.503751797969318,19.7413322504977,-1.77635683940025e-15
MHAS,final,145,451145,education,26.174650689794,23.405714674553,-2.76893601524101,19.5992702545382,16.6029608611155,-2.99630939342269,6.57538043525586,6.80275381343754,0.227373378181683,0.174454212272199,0.0555824287568677,-1.70435275443312,-0.478498944425294,-0.449103028011712,-0.593134913810921,0.228780247258359,-0.927601972437006,30.9581505325592,4.44089209850063e-16
MHAS,final,145,451145,wealth,23.9607864082923,23.2734520319347,-0.687334376357665,17.4646905249903,16.2533699178009,-1.21132060718945,6.496095883302,7.02008211413378,0.523986230831779,0.0524910973344348,0.0648523109968056,-0.977467960879894,0.00365714222343373,0.407652789275499,0.109901126792815,-0.755063704601302,0.411309931498932,-33.9554969227569,-2.44249065417534e-15
MHAS,final,146,451146,education,23.1690548579219,23.3971321114435,0.228077253521548,19.7946837573268,15.5180159740518,-4.27666778327503,3.37437110059511,7.87911613739168,4.50474503679657,0.0773489220270814,0.072466415674755,-3.85178956007368,-0.688159654801154,-0.794335668072362,-0.15871083742452,1.21632793709669,-1.48249532287352,34.6647295979169,7.105427357601e-15
MHAS,final,146,451146,wealth,23.9084257447472,23.2362750044617,-0.672150740285474,16.4053580599349,15.5059181487772,-0.899439911157701,7.50306768481223,7.73035685568446,0.227289170872226,0.0843750257402218,0.0651973509524747,-0.741611310067753,-0.314163293133293,0.17605813900133,-0.0882686641974713,0.0685452172394857,-0.138105154131963,15.3545725977629,-5.55111512312578e-16
MHAS,final,147,451147,education,25.327827532531,23.1193618522724,-2.20846568025857,20.9323068315715,16.2946961309468,-4.6376107006247,4.39552070095955,6.82466572132567,2.42914502036613,0.11604530700024,0.0796497530809532,-3.31619312475651,-0.618981377518334,-0.0795106872523013,-0.17908406459625,-0.443841446501305,-0.698492064770635,15.0614639705861,0
MHAS,final,147,451147,wealth,24.0419958199812,22.1392802524615,-1.9027155675197,17.7384027751472,15.6982471669096,-2.04015560823766,6.30359304483399,6.44103308555195,0.137440040717961,0.0829587147940745,0.0640532491960671,-0.928939256692014,-0.237372784983274,0.165193569650527,0.000569983706141623,-1.03960711991904,-0.0721792153327466,3.53792696210545,1.33226762955019e-15
MHAS,final,148,451148,education,23.2457533179187,23.562387430657,0.316634112738228,19.0078020741023,15.7755035723471,-3.23229850175516,4.23795124381642,7.78688385830981,3.54893261449339,0.0628709503801118,0.109737221701893,-2.68042188026986,-0.427513420835839,-0.367591035161266,0.334596526795516,-0.0913686922837069,-0.795104455997104,24.598732312791,4.44089209850063e-16
MHAS,final,148,451148,wealth,24.3573399919517,22.364424493487,-1.99291549846477,16.7529704062477,15.0799906650492,-1.67297974119851,7.60436958570406,7.2844338284378,-0.31993575726626,0.126689063250692,0.0862516884608319,-0.507902989666561,-0.352172864322359,-0.000432800316525469,-0.143810316275063,-0.668660770618005,-0.352605664638884,21.0765053488502,-8.88178419700125e-16
MHAS,final,149,451149,education,23.7799899731625,22.9348303383737,-0.84515963478885,18.6399054916858,15.6457912185009,-2.99411427318484,5.14008448147675,7.28903911987274,2.14895463839599,0.102120178195535,0.058288236581813,-2.72855766419181,-0.425040192900625,-0.367885327713273,-0.399113186782669,0.926482098403538,-0.792925520613898,26.482807543964,-4.44089209850063e-16
MHAS,final,149,451149,wealth,24.3203805030371,20.9378457466973,-3.38253475633986,16.5733636535427,14.8003627172741,-1.77300093626861,7.74701684949445,6.13748302942319,-1.60953382007125,0.0836837839770259,0.0296368450546025,-0.729286706736762,-0.248539929915352,0.536580314756986,-0.415292084335374,-0.916462530038105,0.288040384841634,-16.245924012191,-1.99840144432528e-15
MHAS,final,150,451150,education,24.747926052493,23.4834605551683,-1.26446549732471,20.293962703914,16.2506636133812,-4.04329909053278,4.45396334857897,7.23279694178704,2.77883359320807,0.100267010424565,0.0685993261281737,-3.4739408120438,-0.115665516145573,-0.579646381389124,-0.208669042499561,0.334622661545274,-0.695311897534697,17.1966476376368,-1.77635683940025e-15
MHAS,final,150,451150,wealth,24.5533936309408,22.9945217927189,-1.55887183822189,17.3664428718759,15.8964273166385,-1.47001555523738,7.18695075906487,7.09809447608036,-0.0888562829845103,0.085341074073002,0.0599387234228364,-0.743302242609654,-0.189248393615476,0.09811434794366,-0.0922563442166698,-0.543322922739237,-0.0911340456718157,6.19952934151772,2.22044604925031e-16
MHAS,final,151,451151,education,25.7641062742452,22.6641797204479,-3.09992655379726,20.8324567803549,16.0753012912484,-4.75715548910647,4.93164949389032,6.58887842919952,1.65722893530921,0.125714782393404,0.0470654106571302,-2.66154648100413,-0.319758022666977,-0.367822437777713,-0.198823480496233,-1.20920506716142,-0.687580460444691,14.4536049330151,-5.32907051820075e-15
MHAS,final,151,451151,wealth,23.7691930032345,21.9331311609327,-1.83606184230176,16.9866909357781,15.9831838551702,-1.0035070806079,6.7825020674564,5.94994730576254,-0.832554761693861,0.0582972300753531,0.0332198966213672,-0.658629038357601,-0.172206862087577,0.870971346518394,-0.145186622037214,-0.898455904643903,0.698764484430817,-69.6322425555306,-1.33226762955019e-15
MHAS,final,152,451152,education,24.2738104815302,24.1141301147666,-0.15968036676367,19.1498373910205,16.605043663059,-2.54479372796156,5.12397309050973,7.50908645170761,2.38511336119789,0.149505835840946,0.136229440832385,-1.2403684694977,-0.792603690568179,-0.851826119426514,-0.0860612848385876,0.426065836369417,-1.64442980999469,64.6193753122742,0
MHAS,final,152,451152,wealth,24.4773243127511,23.2930277259775,-1.18429658677359,17.5570809047868,16.461033921801,-1.09604698298577,6.92024340796425,6.83199380417644,-0.0882496037878111,0.134473823650795,0.116641063821622,-0.775905939655693,-0.0214489209180375,0.313528049418101,-0.0856698611618205,-0.526550310668321,0.292079128500063,-26.6484131642243,6.66133814775094e-16
MHAS,final,153,451153,education,22.520093474464,23.4303348167509,0.910241342286902,18.5860602577282,15.4706232583253,-3.11543699940295,3.93403321673575,7.95971155842559,4.02567834168985,0.0503975262111123,0.104118913682528,-2.79335447061473,-0.507882716579332,-0.458146015270281,0.393129540105984,0.250816662955407,-0.966028731849613,31.0078082796971,-1.77635683940025e-15
MHAS,final,153,451153,wealth,24.2812838286048,22.0615553266571,-2.21972850194765,16.3372291550747,14.9133292151799,-1.42389993989487,7.94405467353006,7.14822611147728,-0.795828562052774,0.115633772584925,0.0749654311589619,-0.869969008540918,-0.186925419843448,0.510606589308994,-0.144723996623683,-0.73288810419582,0.323681169465546,-22.7320165130033,-4.44089209850063e-16
MHAS,final,154,451154,education,23.665952971607,22.2888350171309,-1.37711795447605,19.0478327995189,15.4411082614439,-3.60672453807493,4.61812017208813,6.84772675568701,2.22960658359888,0.0755423560599251,0.0765197902841569,-2.97476734434871,-0.575478029007379,0.243610106681478,0.0442552775092005,-0.344344548909513,-0.331867922325901,9.20136591587429,3.10862446895044e-15
MHAS,final,154,451154,wealth,22.6694119867207,21.2247134776427,-1.44469850907803,15.8610913811687,15.1798030939711,-0.681288287197589,6.80832060555201,6.04491038367157,-0.76341022188044,0.0798476883760111,0.0583957510851524,-0.141971852045941,-0.161930017709019,0.350454134780893,-0.108927754873,-0.618912797350522,0.188524117071874,-27.6717097027088,-5.55111512312578e-16
MHAS,final,155,451155,education,23.4277209382304,22.4445872203134,-0.983133717917017,20.5420698902389,15.6571654362805,-4.88490445395842,2.88565104799144,6.78742178403285,3.9017707360414,0.0672390368804437,0.0545801895701185,-3.31785341322192,-0.581935642178036,-1.15326758709739,-0.141454158259659,0.309606346798585,-1.73520322927542,35.5217434778959,3.5527136788005e-15
MHAS,final,155,451155,wealth,22.5925456947662,21.8835631130441,-0.708982581722164,16.9682851216138,15.2150427295801,-1.75324239203369,5.62426057315242,6.66852038346394,1.04425981031152,0.0394503854808624,0.0543860421722892,-1.08427683090528,0.175236339029389,-0.0593574512606893,0.25723250134131,-1.04207695023841,0.115878887768699,-6.6094048544129,-4.44089209850063e-16
MHAS,final,156,451156,education,23.2816952195193,22.6991684465097,-0.582526773009615,19.3630255805293,15.5354476697517,-3.82757791077759,3.91866963899002,7.16372077675799,3.24505113776797,0.0310385615745097,0.0378064332131608,-3.42698442437345,-0.172707858354735,-0.388880900844536,0.0606067265848,0.100388546210336,-0.561588759199271,14.672170555117,2.66453525910038e-15
MHAS,final,156,451156,wealth,23.79046895886,21.7345012273753,-2.05596773148464,16.6516458379524,15.3996466282178,-1.25199920973456,7.13882312090762,6.33485459915754,-0.80396852175008,0.0509958846232038,0.0249640674343147,-0.648476248109439,-0.0760005981465452,0.280100038765214,-0.188171658140148,-0.619450744103638,0.204099440618668,-16.3018825436751,-2.22044604925031e-16
MHAS,final,157,451157,education,21.9321997916659,22.5237922702227,0.591592478556812,17.1048101792426,15.5772853975163,-1.52752478172632,4.82738961242329,6.94650687270642,2.11911726028313,0.0226692735884461,0.0369175796828406,-2.36434497323654,-0.107857252242364,0.534162318080887,0.15022885481834,0.260286270853359,0.426305065838523,-27.9082258395008,4.44089209850063e-16
MHAS,final,157,451157,wealth,22.8903166921235,21.5742728048483,-1.31604388727526,16.1437568213327,14.9959748508573,-1.1477819704754,6.7465598707908,6.57829795399095,-0.168261916799853,0.0372847858497413,0.0276467513995032,-0.57936125573165,0.0041895988642881,0.111742496432659,-0.0254352159344705,-0.658917594106232,0.115932095296948,-10.1005328781153,-1.77635683940025e-15
MHAS,final,158,451158,education,24.8688259049925,22.3089455943322,-2.55988031066029,19.4590786981494,15.9033134464792,-3.55576525167019,5.40974720684318,6.40563214785307,0.9958849410099,0.0881029922713752,0.05087423491288,-2.49990022935749,-0.563868317788798,0.412284269435677,-0.106084355934082,-0.798196618025504,-0.151584048353121,4.26304993789788,-1.77635683940025e-15
MHAS,final,158,451158,wealth,23.0010204319207,21.2184806725216,-1.78253975939908,16.9032466757928,14.8137893591806,-2.08945731661216,6.09777375612794,6.40469131334103,0.306917557213088,0.0544630255381053,0.0358021309135934,-1.16308243116094,-0.205655754076392,0.0495972354739243,-0.0453491632276042,-0.724967203621147,-0.156058518602468,7.46885410684056,-1.33226762955019e-15
MHAS,final,159,451159,education,23.9195147081375,22.2759404093918,-1.64357429874572,20.2768464016786,15.5835192861836,-4.69332711549495,3.64266830645891,6.69242112320815,3.04975281674924,0.0439994132313468,0.0335559788302035,-4.3275258255007,-0.185606078671501,-0.0777665968975819,0.0115239866149088,-0.113952601040076,-0.263372675569083,5.61164114684361,-8.88178419700125e-16
MHAS,final,159,451159,wealth,23.3746296416189,22.8452727626083,-0.529356879010642,16.9281199131148,15.5641758239774,-1.36394408913742,6.44650972850416,7.28109693863094,0.83458721012678,0.040706265249241,0.0442927480608534,-1.23162759724999,-0.157032254671017,0.425421279554552,0.0921642537501899,-0.492869770521162,0.268389024883535,-19.6774213122818,4.44089209850063e-16
MHAS,final,160,451160,education,25.9270702326431,23.5341664854634,-2.39290374717965,21.519533688203,15.8800747710436,-5.63945891715941,4.40753654444007,7.65409171441983,3.24655516997976,0.0854329164181605,0.0638568393879796,-3.09800853648028,-0.341890784933871,-1.40689273671749,-0.0317632326556573,-0.76090362637211,-1.74878352165136,31.0097750039506,-3.5527136788005e-15
MHAS,final,160,451160,wealth,24.4280914912038,23.5237346602276,-0.904356830976248,17.3521381736441,15.7561288641479,-1.59600930949626,7.0759533175597,7.7676057960797,0.691652478520005,0.0614260335053653,0.0698849769520679,-1.09840912870753,-0.300549362304202,0.470728437514116,0.110098646301577,-0.777877902300221,0.170179075209914,-10.6627871277033,-1.11022302462516e-15
MHAS,final,161,451161,education,21.7896028342141,22.7858756701456,0.996272835931535,16.4647947469588,16.1059548117109,-0.358839935247918,5.32480808725528,6.67992085843474,1.35511277117946,0.0342930951854157,0.0560464683479943,-1.20941264722316,-0.112652149389714,0.521081427764169,0.19810465090332,0.244038782697467,0.408429278374455,-113.819349034348,-4.44089209850063e-16
MHAS,final,161,451161,wealth,22.7539062744143,21.9816476376199,-0.77225863679439,16.4800171084502,14.9634810054525,-1.51653610299767,6.27388916596407,7.01816663216735,0.744277466203283,0.0544230958604773,0.0432265210991919,-1.25809871115906,-0.128031448148179,0.086380175329483,-0.067865498396379,-0.148920620623545,-0.0416512728186956,2.74647420106684,-4.44089209850063e-16
MHAS,final,162,451162,education,26.0620912828802,22.8268129240719,-3.23527835880835,19.8398279946834,15.4757925746271,-4.36403542005625,6.22226328819684,7.35102034944474,1.1287570612479,0.152889827147826,0.0798541181336826,-2.16826110642634,-0.674127968884362,-0.400579876791384,-0.223892604395038,-0.897173863559125,-1.07470784567575,24.6264693622009,8.88178419700125e-16
MHAS,final,162,451162,wealth,23.4997752109685,21.8179348295719,-1.68184038139658,16.7173658060435,14.5243353976508,-2.19303040839263,6.78240940492505,7.2935994319211,0.511190026996055,0.07853737240946,0.0642826002743077,-1.39911405572728,-0.0447766908982686,0.0484561784014761,-0.0139372706558898,-0.783658569512673,0.00367948750320746,-0.167780961409665,2.66453525910038e-15
MHAS,final,163,451163,education,23.7539538397083,22.9859749563519,-0.767978883356388,19.274481921874,16.4410600078401,-2.83342191403395,4.47947191783422,6.54491494851178,2.06544303067756,0.0895831011117714,0.078005815375812,-2.46998643080181,-0.355433185472034,-0.136336744084428,-0.121844636671163,0.250179082995491,-0.491769929556462,17.3560431335949,4.44089209850063e-16
MHAS,final,163,451163,wealth,23.9693337498989,22.1792139879694,-1.79011976192945,17.3931009051775,15.928890042853,-1.46421086232442,6.57623284472143,6.25032394511639,-0.325908899605036,0.0875665241881384,0.0657404841932136,-1.06148617388066,0.144521460746676,0.393027462633561,-0.0874179144379691,-0.852855697386028,0.537548923380237,-36.7125348685698,-1.99840144432528e-15
MHAS,final,164,451164,education,23.4514246922955,23.6186551804777,0.167230488182227,19.0467243017892,16.6698365417415,-2.37688776004767,4.40470039050628,6.94881863873618,2.5441182482299,0.0631931628079406,0.0777533314030005,-2.34549625969298,-0.217658422223741,-0.297145186044185,0.114423825475298,0.36898828243794,-0.514803608267927,21.6587260417211,1.33226762955019e-15
MHAS,final,164,451164,wealth,23.927646556252,23.6006346807281,-0.327011875523898,17.4596477311801,16.1999236130175,-1.25972411816257,6.46799882507189,7.40071106771056,0.932712242638669,0.0740021192023398,0.0839804835725002,-1.56860241214198,0.181342442225097,0.329485594393151,0.113198568041141,-0.315148310679974,0.510828036618248,-40.5507864184852,-1.55431223447522e-15
MHAS,final,165,451165,education,24.1508676925335,22.9068574968862,-1.2440101956473,18.6082509742396,15.8516085993909,-2.75664237484873,5.54261671829385,7.05524889749528,1.51263217920143,0.114386984774656,0.0666444780554329,-1.87594565960018,-0.608979905106864,-0.299410796201951,-0.315625541291386,0.343319527351642,-0.908390701308815,32.9527946605211,-2.22044604925031e-15
MHAS,final,165,451165,wealth,23.2722555468894,22.0962346491331,-1.17602089775636,16.8362182114486,15.517781116799,-1.31843709464962,6.43603733544079,6.57845353233405,0.142416196893265,0.0569907006652163,0.0579840570778133,-0.923338389965242,0.0482632516270378,0.35881843367093,0.0565820347725705,-0.858762424754916,0.407081685297968,-30.8760794845621,1.11022302462516e-15
MHAS,final,166,451166,education,26.0061403372628,23.2574859842389,-2.74865435302397,19.9230575574393,16.3204762586103,-3.60258129882901,6.08308277982354,6.93700972562859,0.853926945805046,0.233618269680869,0.0616078783468976,-2.19935637166249,-1.35013838156829,-0.202950811952787,-0.787828198057878,0.93769246441243,-1.55308919352108,43.110455106895,1.33226762955019e-15
MHAS,final,166,451166,wealth,24.5420719978307,21.5591440503627,-2.98292794746804,17.5147154951031,15.6651328665446,-1.84958262855852,7.02735650272758,5.89401118381806,-1.13334531890952,0.0863340639469309,0.040833577483038,-0.500247139961885,0.0226884760514391,-0.0234245814511535,-0.223541458640754,-1.12505792455617,-0.000736105399714315,0.0397984598443164,-3.10862446895044e-15
MHAS,final,167,451167,education,24.2893965652111,23.0343095896522,-1.25508697555884,18.4468338835683,15.8860046469809,-2.56082923658734,5.84256268164282,7.14830494267132,1.3057422610285,0.128038511587571,0.0673230946219308,-2.11554617712613,-0.514124795533769,-0.194880248587932,-0.309391003610017,0.573112988270512,-0.709005044121701,27.686541296543,-2.22044604925031e-15
MHAS,final,167,451167,wealth,23.4685470804045,22.74631271848,-0.722234361924475,16.6783586751161,15.1492359674694,-1.52912270764677,6.79018840528836,7.59707675101065,0.806888345722295,0.0753508260257783,0.0569174239300018,-1.73853547172066,-0.0603635566239153,0.37828338931384,-0.0437846927422215,-0.0647223758738123,0.317919832689925,-20.7909954577279,2.44249065417534e-15
MHAS,final,168,451168,education,26.0401292694609,23.4674386528648,-2.57269061659606,20.8586383933644,16.8487265771177,-4.00991181624674,5.18149087609648,6.61871207574716,1.43722119965068,0.120042185463172,0.0929313240298512,-2.61497475263541,-0.316665372578561,0.0215835689452768,-0.167724448922726,-0.932130811055314,-0.295081803633284,7.35881029696756,2.66453525910038e-15
MHAS,final,168,451168,wealth,23.7912604641228,22.8429596089759,-0.948300855146986,17.480723812603,16.6323856484399,-0.848338164163078,6.31053665151986,6.21057396053595,-0.099962690983908,0.0835259808075211,0.0822841233713528,-0.69378305516329,-0.186309347674721,0.64126251344392,-0.0125296794811206,-0.596978595287865,0.454953165769199,-53.6287514800221,9.99200722162641e-16
MHAS,final,169,451169,education,24.7870626368569,24.2026806553596,-0.584381981497298,18.9855458852155,16.2132320339491,-2.7723138512664,5.80151675164146,7.98944862141056,2.1879318697691,0.127213844558588,0.111017840353294,-1.82011258203748,-0.553452599866117,-0.387811985775928,-0.114809457567405,0.103872773980527,-0.941264585642045,33.952309736218,1.33226762955019e-15
MHAS,final,169,451169,wealth,25.3569846432603,22.7611166914663,-2.59586795179395,16.9025419360475,15.6208703552604,-1.28167158078709,8.45444270721278,7.14024633620592,-1.31419637100686,0.13725137935495,0.0766372609284219,-0.739454665920736,0.0824711510067486,0.408853679879791,-0.287216849720473,-0.746324896032423,0.49132483088654,-38.3346902788318,-4.44089209850063e-16
MHAS,final,170,451170,education,23.3431538079508,23.7608142513249,0.417660443374132,18.8946107122927,15.8930676997321,-3.00154301256059,4.44854309565806,7.86774655159278,3.41920345593472,0.0794548170585711,0.130824020985769,-2.87611393414214,0.0101609131484119,-0.376681451005791,0.311243554898858,-0.0701520954599257,-0.366520537857379,12.2110706501155,4.44089209850063e-16
MHAS,final,170,451170,wealth,24.1740645229241,23.3134926149062,-0.860571908017896,16.3219922407437,15.5258029628324,-0.796189277911319,7.85207228218043,7.78768965207386,-0.0643826301065733,0.138758024795213,0.125394263331436,-0.687559840422722,-0.051613355482473,0.336543595915582,-0.0386879130887773,-0.354871764832929,0.28493024043311,-35.7867467369795,5.55111512312578e-16
MHAS,final,171,451171,education,23.9966942258786,23.2218588551711,-0.774835370707535,20.1631389029987,16.1144635682433,-4.04867533475543,3.83355532287994,7.10739528692783,3.27383996404789,0.108407680723924,0.0769752423391993,-3.90427152490001,-0.131747123218596,-0.323795705770226,-0.158374660646427,0.469513679779833,-0.455542828988822,11.251651251911,1.77635683940025e-15
MHAS,final,171,451171,wealth,23.3329433428191,22.3817306578283,-0.951212684990768,17.0524823043237,15.063247136101,-1.98923516822267,6.28046103849544,7.31848352172734,1.0380224832319,0.0712744172317941,0.0681925479350845,-1.22842774843662,-0.185773347561821,0.148562872981,0.102803686405755,-0.826400631610987,-0.0372104745808208,1.8705920333224,1.99840144432528e-15
MHAS,final,172,451172,education,23.5021753977004,23.5274652007706,0.0252898030702262,19.4313558041656,16.14045535092,-3.29090045324563,4.07081959353473,7.38700984985059,3.31619025631586,0.119401152114691,0.0998177276963614,-2.3424929783907,-0.697755151340101,-1.14838327525487,-0.21959359042991,1.11732454216994,-1.84613842659497,56.0982762263206,-1.77635683940025e-15
MHAS,final,172,451172,wealth,24.3809384649148,22.1603609196289,-2.22057754528589,17.7356430691996,15.4337903100112,-2.30185275918836,6.6452953957152,6.72657060961768,0.0812752139024759,0.10931047023315,0.0754248347209314,-1.36727382860911,-0.00652495958576361,0.205269555929963,-0.100583959895097,-1.03273956702836,0.198744596344199,-8.63411421737838,4.44089209850063e-16
MHAS,final,173,451173,education,24.0915230864179,23.379409595345,-0.712113491072945,18.9733348301598,16.5265572180893,-2.44677761207052,5.11818825625812,6.8528523772557,1.73466412099758,0.0642284050980657,0.0448273586503367,-2.3278397786333,-0.531741574580307,0.196410451157681,-0.221000314639931,0.437393604625332,-0.335331123422626,13.7050102865238,4.44089209850063e-16
MHAS,final,173,451173,wealth,23.6946121948561,22.8774401805244,-0.817172014331735,17.2802718676221,16.1336888151562,-1.1465830524659,6.41434032723401,6.74375136536817,0.329411038134163,0.0437537032269349,0.0412031567799127,-0.860851226524907,-0.280886644315319,0.409751730789196,-0.00675102808289537,-0.407845884331976,0.128865086473878,-11.2390538301376,-4.44089209850063e-16
MHAS,final,174,451174,education,23.4673850451037,23.5411664683687,0.0737814232649612,18.9007558669023,16.4558418657789,-2.44491400112348,4.56662917820137,7.08532460258981,2.51869542438844,0.104122623661888,0.0882647756653197,-1.35917299787329,-0.963940666289294,-0.871261418097278,-0.1213085323775,0.870769613513881,-1.83520208438657,75.0620301386169,0
MHAS,final,174,451174,wealth,24.0935597440459,23.2358238476723,-0.857735896373615,16.6532717318482,16.6533287887356,5.7056887406759e-05,7.4402880121977,6.58249505893668,-0.85779295326102,0.0980069656341642,0.0877896320370194,-0.127725592351409,0.436208069012031,0.273889034834508,-0.0465791993653405,-0.535735255242381,0.710097103846539,1244542.30877379,1.14491749414469e-15
MHAS,final,175,451175,education,25.6510133185789,24.1082146603796,-1.54279865819924,19.317227439365,16.2405697140801,-3.07665772528481,6.33378587921391,7.86764494629947,1.53385906708556,0.128090487459341,0.0914076102384683,-2.37330539446673,0.00772635660458831,-0.358311386993906,-0.215550103499851,-0.137217196928906,-0.350585030389318,11.3949961839471,4.44089209850063e-16
MHAS,final,175,451175,wealth,25.4430586921742,23.2613449587559,-2.1817137334183,17.7500149736592,15.593892867386,-2.15612210627317,7.69304371851505,7.66745209136992,-0.0255916271451264,0.111435501301007,0.0730792870123296,-1.07137404945539,-0.116795786488629,-0.100518098573945,-0.152400742527568,-0.715033429227645,-0.217313885062574,10.0789229158361,-4.44089209850063e-16
MHAS,final,176,451176,education,25.6939831386914,24.1186293716496,-1.57535376704183,20.3007476649637,16.7793898497236,-3.52135781524005,5.39323547372774,7.33923952192596,1.94600404819822,0.179529685750575,0.120887068328816,-2.06571592750789,-0.48056840650545,-0.898554315634138,-0.358440652019527,0.281921486426957,-1.37912272213959,39.1645153517458,-8.88178419700125e-16
MHAS,final,176,451176,wealth,24.5425014652813,23.631938390497,-0.910563074784253,17.892648373154,16.2259265999512,-1.6667217732028,6.64985309212724,7.40601179054579,0.75615869841855,0.112666071803696,0.124213626044382,-1.0506519711045,-0.355368274498396,0.428712272183118,0.127347519988113,-0.816761319771137,0.0733439976847218,-4.40049436348231,1.33226762955019e-15
MHAS,final,177,451177,education,25.0655623989879,23.4847032739343,-1.58085912505355,18.9414030670331,16.8210017797973,-2.12040128723586,6.12415933195474,6.66370149413704,0.539542162182306,0.074251645390738,0.0503062298885384,-1.23723092676146,-0.562005956211072,0.250509070882881,-0.0986000852751829,-0.473073389871025,-0.311496885328192,14.6904686015474,1.33226762955019e-15
MHAS,final,177,451177,wealth,24.7357906990144,22.3560079144525,-2.37978278456184,18.3571893583203,15.9996611351736,-2.35752822314674,6.37860134069405,6.35634677927895,-0.0222545614151004,0.0707005334048832,0.0335437344571513,-1.0330428391953,-0.310905755305681,-0.0884108956386278,-0.207688402555253,-0.717480330451881,-0.399316650944309,16.9379372439205,4.44089209850063e-16
MHAS,final,178,451178,education,23.0444184488541,24.0627708937042,1.01835244485009,19.5315116173116,16.1552508640406,-3.37626075327099,3.51290683154247,7.90752002966356,4.39461319812108,0.0828281336687739,0.128514233612884,-3.70291365543591,-0.195913920702941,-0.577612678919745,0.055307387217422,1.04487211457019,-0.773526599622686,22.9107481960117,1.33226762955019e-15
MHAS,final,178,451178,wealth,25.0351337693295,23.3453880017159,-1.68974576761356,16.746000879978,15.9686150822029,-0.777385797775056,8.2891328893515,7.376772919513,-0.912359969838498,0.152755381284071,0.11379491235473,-0.246417220585099,0.0121661922960361,0.221241855082855,-0.118439606649023,-0.645937017919824,0.233408047378891,-30.024737787457,0
MHAS,final,179,451179,education,25.9000631248402,22.9889140272427,-2.91114909759754,20.760730461199,15.8004799333969,-4.960250527802,5.13933266364128,7.18843409384573,2.04910143020446,0.157295586262696,0.0882051340093085,-2.33301545118823,-1.08264750621393,-0.568694568006939,-0.410689710475135,-0.56520329191777,-1.65134207422087,33.291505438388,-8.88178419700125e-16
MHAS,final,179,451179,wealth,23.9076207473474,22.171101962776,-1.73651878457136,17.293101827341,14.9029566806019,-2.39014514673908,6.61451892000636,7.26814528217408,0.653626362167716,0.0903869563856557,0.0810374108589974,-0.87158534468372,-0.302368917275627,-0.20160637546678,0.0584497536686865,-1.07303426298164,-0.503975292742407,21.0855517887685,4.44089209850063e-16
MHAS,final,180,451180,education,26.213389916762,23.5565692421619,-2.65682067460011,20.2787256250871,16.2334749066675,-4.04525071841957,5.93466429167494,7.3230943354944,1.38843004381946,0.161671288106916,0.0679374629978135,-2.546903280939,-1.22092896826082,0.17188451719997,-0.544943410857611,0.0956404244378965,-1.04904445106085,25.9327424696855,3.5527136788005e-15
MHAS,final,180,451180,wealth,24.6508600698477,23.7150918692171,-0.935768200630584,17.2839729745432,16.2176721749289,-1.06630079961428,7.36688709530455,7.49741969428824,0.130532598983692,0.0773585502477321,0.0748246905372018,-0.892277450159109,-0.186309914582659,0.68948665749368,0.0315776903221609,-0.708777782688348,0.50317674291102,-47.1890054938569,-2.22044604925031e-16
MHAS,final,181,451181,education,23.6963321888736,22.7588594326917,-0.937472756181933,18.090762611797,15.8628796287924,-2.22788298300465,5.6055695770766,6.89597980389933,1.29041022682272,0.134619670007272,0.0892593029453972,-2.0078665179221,-1.10077812982846,0.56622517952551,-0.308044503290442,0.622580988510839,-0.534552950302947,23.9937624363923,1.33226762955019e-15
MHAS,final,181,451181,wealth,23.0430661924306,23.1346425394726,0.0915763470420394,16.3672061625574,15.6914758616066,-0.675730300950796,6.67586002987322,7.44316667786605,0.767306647992838,0.0930587680792175,0.101701814023967,-0.755836928619097,-0.229497380370366,0.241135626753821,0.0667631602453831,0.0017052210394624,0.0116382463834553,-1.72232122299083,8.88178419700125e-16
MHAS,final,182,451182,education,23.5539708850312,23.5622196734907,0.00824878845955013,19.5195199138613,16.3742978175744,-3.14522209628691,4.03445097116986,7.18792185591632,3.15347088474646,0.0591922159895791,0.0671379782791728,-2.39110907698245,-1.08123158318802,-0.306566116922754,0.0511354385742205,0.582549242232096,-1.38779770011078,44.1239968951362,-4.44089209850063e-16
MHAS,final,182,451182,wealth,23.7425693487774,22.6797765820592,-1.06279276671821,17.1136425410875,15.8046168718077,-1.30902566927977,6.62892680768989,6.87515971025145,0.246232902561555,0.0588127138746104,0.0569016282004414,-1.21571780776102,0.216905731392587,0.260619225685643,-0.00594798207517039,-0.564884836521802,0.47752495707823,-36.47941887503,1.55431223447522e-15
MHAS,final,183,451183,education,24.9692233221829,23.7303027176891,-1.23892060449381,21.6892343510924,16.6638341553837,-5.02540019570869,3.27998897109045,7.06646856230533,3.78647959121488,0.128842095813976,0.13340875299083,-3.03989912113692,-0.496891268397593,-1.36602494206489,0.257679544633803,-0.380264408743092,-1.86291621046248,37.070007122085,-2.66453525910038e-15
MHAS,final,183,451183,wealth,23.6724474631618,22.9128053776439,-0.759642085517925,17.0718796119686,16.2859471715197,-0.785932440448924,6.60056785119322,6.62685820612423,0.0262903549310041,0.121616024797581,0.117467437656738,-0.678226792983324,0.430085328892393,-0.00132488814684839,0.0253179373028019,-0.561784025513946,0.428760440745545,-54.5543635405401,5.55111512312578e-16
MHAS,final,184,451184,education,24.0395436571474,23.0078179355997,-1.03172572154772,19.7788435068177,15.9762958933481,-3.80254761346956,4.26070015032969,7.03152204225154,2.77082189192184,0.07628554386913,0.0679466250859157,-2.82506655587021,-0.477187817721853,-0.473788126352742,-0.0250654488105058,-0.00143966471424669,-0.950975944074594,25.00891614627,3.5527136788005e-15
MHAS,final,184,451184,wealth,24.0259998630764,22.162531301313,-1.86346856176347,17.0419940356624,15.5523594158806,-1.48963461978181,6.98400582741404,6.61017188543238,-0.37383394198166,0.0804099632202479,0.0524106822365935,-0.963664509250457,-0.235698701079051,0.488920211919949,-0.142258186024559,-0.636933435347686,0.253221510840898,-16.9989007692362,1.99840144432528e-15
MHAS,final,185,451185,education,24.3984674055404,24.2710035414585,-0.127463864081868,20.4111344283554,16.5037048762215,-3.90742955213394,3.98733297718494,7.76729866523701,3.77996568805207,0.0713914870692029,0.0833093124344838,-3.30707339671235,-0.971273826609494,0.194949466272424,0.302872304277635,-0.126904099362153,-0.77632436033707,19.8679042060554,8.88178419700125e-16
MHAS,final,185,451185,wealth,24.8999380525087,23.4623417676473,-1.43759628486148,17.2254443127614,16.1567707507216,-1.06867356203984,7.67449373974731,7.30557101692566,-0.368922722821645,0.0864174017691246,0.0635914369870569,-0.232373444517085,-0.567881351995858,0.382729603022394,-0.0896365822518284,-0.561511786297461,-0.185151748973464,17.3253793815255,-8.88178419700125e-16
MHAS,final,186,451186,education,20.562105220484,22.7948842244528,2.23277900396874,16.5123451214114,15.9209377256808,-0.591407395730531,4.04976009907268,6.87394649877195,2.82418639969927,0.017870373679023,0.071758294329904,-1.31115122381555,-0.10939638884592,0.0290278757077737,0.587354138407278,0.212758202815887,-0.0803685131381464,13.589365591019,-2.44249065417534e-15
MHAS,final,186,451186,wealth,24.1189177735864,21.4248074583508,-2.69411031523564,16.9755797141277,15.0656197441306,-1.90995996999708,7.14333805945868,6.35918771422012,-0.784150345238557,0.100239544063993,0.038590687316771,-1.10846112855633,-0.141956344838311,0.0732810711580298,-0.353220802556268,-0.379602765204199,-0.0686752736802809,3.59563942486113,0
MHAS,final,187,451187,education,25.4111174605126,23.88714996915,-1.52396749136261,19.7733087109792,16.5702799512566,-3.20302875972266,5.63780874953332,7.31687001789336,1.67906126836005,0.125870762222074,0.0833876319806697,-1.89240295252742,-1.09857577190095,0.0232017031328783,-0.282855255292423,0.0476035168652579,-1.07537406876807,33.5736625999321,2.66453525910038e-15
MHAS,final,187,451187,wealth,24.144762328892,23.3169050439953,-0.827857284896709,18.1537781829022,15.6698211410072,-2.48395704189503,5.99098414598975,7.64708390298807,1.65609975699832,0.0611066933423063,0.0828857363566257,-1.62398477890227,-0.472814794070736,0.226063457431962,0.246147907940375,-0.859368834294359,-0.246751336638774,9.93380048354322,8.88178419700125e-16
MHAS,final,188,451188,education,22.9265091896135,23.1359323958135,0.209423206199979,18.9908596117292,15.697435622625,-3.29342398910429,3.93564957788424,7.43849677318851,3.50284719530427,0.0291944150897351,0.0485167656679466,-3.12608519797769,-0.484449186789457,-0.154204949827387,0.116764552571842,0.354550792918404,-0.638654136616845,19.3917982843909,2.66453525910038e-15
MHAS,final,188,451188,wealth,23.9091240510431,22.916765643806,-0.992358407237141,17.1363859617843,15.337445402466,-1.79894055931831,6.77273808925883,7.57932024134,0.806582152081167,0.0550541028606219,0.0457433230175708,-0.859816679847032,-0.151575118568079,-0.402342583071978,-0.0210515973442357,-0.364154580486986,-0.553917701640057,30.7913287501816,4.44089209850063e-16
MHAS,final,189,451189,education,28.1838164913023,22.7682687205844,-5.41554777071796,22.6174573334879,15.9874251642496,-6.63003216923826,5.56635915781446,6.78084355633476,1.2144843985203,0.191368002722982,0.0509582489275651,-3.33546468623809,-0.676979839367029,-0.52709471505251,-0.736908380967956,-1.35358454761268,-1.20407455441954,18.1609157193257,-1.77635683940025e-15
MHAS,final,189,451189,wealth,23.5680408314309,22.9550596357726,-0.6129811956583,17.3599373922431,15.8831415190633,-1.4767958731798,6.20810343918773,7.07191811670923,0.863814677521503,0.052628985212223,0.0589579006739034,-1.01128587550844,-0.139399313671709,0.122984314925381,0.0947659958492221,-0.543860994774261,-0.0164149987463278,1.11152793994361,-4.44089209850063e-16
MHAS,final,190,451190,education,25.687812629775,23.5484851277463,-2.13932750202868,19.0981925647653,16.2235021365228,-2.87469042824245,6.58962006500974,7.3249829912235,0.735362926213765,0.157338358974857,0.0650850832193359,-1.45363077173976,-0.320653533229376,-0.827577560682425,-0.509955688709978,0.237127126119096,-1.1482310939118,39.9427737550793,1.77635683940025e-15
MHAS,final,190,451190,wealth,24.1256077696197,24.0409977509955,-0.0846100186242325,17.2357422001407,16.1044424881802,-1.13129971196053,6.88986556947899,7.9365552628153,1.0466896933363,0.0690853147322779,0.0840589484058599,-1.24227820459602,-0.0188175484082594,0.356637233909295,0.0847081331877789,-0.311549326053326,0.337819685501036,-29.861201406619,-1.55431223447522e-15
MHAS,final,191,451191,education,26.2048607271492,24.370397898373,-1.83446282877622,21.1782810481186,15.9570850718088,-5.22119597630987,5.02657967903057,8.41331282656422,3.38673314753365,0.154741767044331,0.12605311562136,-2.60644802572681,-0.660372645139263,-1.23446433188619,-0.135324451926172,-0.584586521631441,-1.89483697702545,36.2912441061951,8.88178419700125e-16
MHAS,final,191,451191,wealth,25.0830369491878,23.4653298377763,-1.61770711141152,17.2521397145088,15.9113964724638,-1.34074324204496,7.83089723467901,7.55393336531246,-0.27696386936656,0.133564227362979,0.104261823421142,-0.505755583799903,0.0931888289128255,-0.133781434533167,-0.11518427922697,-0.679210773397748,-0.0405926056203413,3.02761963270668,-2.22044604925031e-16
MHAS,final,192,451192,education,22.1380920368525,24.2497222467064,2.11163020985386,19.1185351415572,16.1834831938674,-2.93505194768987,3.01955689529527,8.066239052839,5.04668215754373,0.0357929541593123,0.0952275272488093,-3.23279760126151,-0.171457009000369,-1.01269944726676,0.327480814791569,1.1544212950472,-1.18415645626713,40.3453321226278,2.66453525910038e-15
MHAS,final,192,451192,wealth,24.6990208374944,23.7636626207377,-0.935358216756732,17.3818374590632,15.7735572844807,-1.6082801745825,7.31718337843117,7.99010533625694,0.672921957825766,0.0956512386210417,0.0889765948447417,-1.40720466134312,-0.0100102594173119,0.22905976185728,-0.0311050720325128,-0.389019943646837,0.219049502439968,-13.6201083556124,-1.55431223447522e-15
MHAS,final,193,451193,education,27.0942213922916,23.0409692970311,-4.05325209526056,21.662641596207,16.2503039875592,-5.41233760864777,5.43157979608462,6.79066530947184,1.35908551338721,0.128267166070317,0.0368624574537274,-3.52699328453434,-0.520346251399444,0.176564920835184,-0.259700583832925,-1.28186240971624,-0.34378133056426,6.35180869011146,0
MHAS,final,193,451193,wealth,23.6192140915388,23.0695218529252,-0.549692238613574,16.9018124518797,16.1427806597345,-0.759031792145247,6.71740163965902,6.92674119319069,0.209339553531672,0.0415178604282629,0.0355506942002046,-1.32216874350126,0.237017328813608,0.459314358456292,-0.0304934398761983,-0.10270129603769,0.6963316872699,-91.7394626253878,1.22124532708767e-15
MHAS,final,194,451194,education,22.3180491795171,23.7830687533222,1.4650195738051,17.9859169330981,16.7597524520133,-1.22616448108478,4.33213224641903,7.02331630130892,2.69118405488988,0.0463912645133048,0.0657256347347321,-1.80311329565714,-0.448944838527054,-0.210611304891133,0.0656369982717832,1.17086795971877,-0.659556143418187,53.7901850520645,1.55431223447522e-15
MHAS,final,194,451194,wealth,24.161575134817,22.5281741147357,-1.63340102008133,16.9985015674968,15.8555713333004,-1.14293023419635,7.1630735673202,6.67260278143522,-0.490470785884979,0.0728926253835081,0.0462290534128275,-0.744503341607512,-0.244042016795809,0.486492246418779,-0.248020320362137,-0.392856801849672,0.24245022962297,-21.2130384137968,1.77635683940025e-15
MHAS,final,195,451195,education,24.1741555884962,23.2836163458105,-0.890539242685666,19.1282665999245,16.5071491961271,-2.62111740379734,5.04588898857172,6.7764671496834,1.73057816111168,0.0713350828915519,0.0630065795603477,-1.00007660089734,-0.375003608893582,-0.838543766176877,0.149694839717432,-0.557188267546974,-1.21354737507046,46.2988561028336,-1.33226762955019e-15
MHAS,final,195,451195,wealth,23.8707148731271,22.9576988001961,-0.913016072930944,17.7568960667647,16.1220656033373,-1.63483046342744,6.11381880636233,6.83563319685882,0.721814390496494,0.0629336649439573,0.0573873071942226,-1.41890990003748,-0.0434559926150856,0.370874257540004,0.025527622490092,-0.568866450804973,0.327418264924919,-20.0276586624452,-1.11022302462516e-15
MHAS,final,196,451196,education,24.9060751119734,23.443603512799,-1.46247159917434,19.0435630520446,15.990219561552,-3.05334349049258,5.86251205992873,7.45338395124697,1.59087189131825,0.141906416259967,0.0551151294100142,-2.78227695355702,-0.704305057587282,0.295895071479155,-0.522541974927727,0.659885424100292,-0.408409986108127,13.3758284117009,2.66453525910038e-15
MHAS,final,196,451196,wealth,24.9359645734049,22.9784852141911,-1.95747935921375,17.13432308516,15.63514965086,-1.4991734343,7.80164148824492,7.34333556333116,-0.458305924913755,0.0771455923486106,0.0408260065472156,-1.05957862367892,-0.169709245713894,0.36064414964917,-0.238864930263351,-0.391664784292996,0.190934903935276,-12.7360116959669,1.11022302462516e-15
MHAS,final,197,451197,education,28.824755812327,22.861711690416,-5.96304412191104,22.2362919674138,15.8554196786164,-6.38087228879741,6.5884638449132,7.00629201179958,0.417828166886375,0.294741527906948,0.0650081999418663,-2.96158148668858,-1.03732683661757,-0.283550571127967,-1.1040550773718,-0.994358316991485,-1.32087740774554,20.700577412661,-3.5527136788005e-15
MHAS,final,197,451197,wealth,24.5666844623178,22.344134707817,-2.22254975450081,17.1020736993805,15.5969438049727,-1.50512989440777,7.46461076293726,6.74719090284422,-0.717419860093035,0.0928114901683482,0.0579530222342658,-0.427417390349571,-0.609693460157674,0.547188129320488,-0.170466678203252,-0.844740495017766,-0.0625053308371858,4.1528197047591,-1.11022302462516e-15
MHAS,final,198,451198,education,25.389400670212,23.2139566406585,-2.17544402955349,19.7968056665345,16.0047246402511,-3.79208102628344,5.59259500367748,7.20923200040744,1.61663699672995,0.0995302090366757,0.0669589438238282,-3.05590758041534,-0.680364102412612,0.55897215642729,-0.206743565119389,-0.408037934763385,-0.121391945985323,3.20119599618094,3.5527136788005e-15
MHAS,final,198,451198,wealth,24.3635624028044,22.3923791735807,-1.97118322922374,17.076676125267,15.598240066565,-1.47843605870204,7.28688627753737,6.79413910701568,-0.492747170521696,0.0780105514934885,0.0529727446362638,-0.673521285584743,0.0608887636106182,0.0651747789550763,-0.121722800200316,-0.80925551548268,0.126063542565695,-8.5268173637735,8.88178419700125e-16
MHAS,final,199,451199,education,27.0450456701245,23.0043204475144,-4.04072522261018,21.1277365240422,15.931848998071,-5.19588752597113,5.91730914608236,7.07247144944332,1.15516230336095,0.178736756821874,0.0633966074393115,-3.89387474973642,-0.657203765223169,0.34343560143001,-0.401656028926343,-0.586588583515216,-0.313768163793159,6.03877898096946,-7.105427357601e-15
MHAS,final,199,451199,wealth,24.2198049462121,21.5670843758729,-2.65272057033925,17.3412477716445,14.9118357510553,-2.42941202058923,6.87855717456761,6.6552486248176,-0.223308549750019,0.0867083098820169,0.0400248132130271,-1.2736167043134,-0.288445775619233,-0.000817630991048309,-0.208212709909035,-0.658319199756511,-0.289263406610282,11.9067249259812,8.88178419700125e-16
MHAS,final,200,451200,education,24.6594572925216,23.2448230644007,-1.41463422812096,19.3809384611278,16.225496781984,-3.15544167914384,5.27851883139382,7.01932628241671,1.74080745102288,0.0866266510277037,0.0869150275194629,-1.8495965900941,-0.42402059541652,-0.108919461226769,0.155153682090904,-0.92805871449735,-0.53294005664329,16.8895549604292,3.5527136788005e-15
MHAS,final,200,451200,wealth,24.5086556464034,21.7729408078053,-2.73571483859811,17.6010763389051,15.6234807124071,-1.97759562649804,6.9075793074983,6.14946009539823,-0.758119212100065,0.101744709305562,0.0610124144759377,-1.31185172302439,0.0507650112703559,0.595188711247471,-0.230005793117798,-1.08169183287367,0.645953722517827,-32.6635897583215,4.2188474935756e-15
MHAS,final,201,451201,education,22.9830030309199,23.5825038074859,0.599500776566071,18.2791623160022,16.5638654947485,-1.71529682125373,4.70384071491763,7.01863831273744,2.31479759781981,0.0447301312186218,0.0873530200074827,-1.91568709219965,-0.258338161348225,0.221934941321787,0.306836835257756,-0.0700433442854048,-0.0364032200264381,2.12226942738869,-8.88178419700125e-16
MHAS,final,201,451201,wealth,24.3387936772385,22.2692061343936,-2.0695875428449,17.2629326742434,15.3810508619529,-1.88188181229047,7.07586100299511,6.88815527244068,-0.187705730554429,0.0977240208891296,0.0610953084844602,-0.970600193880858,-0.366854789191359,0.206681657231644,-0.197978346853874,-0.553130139596022,-0.160173131959715,8.51132791196729,4.44089209850063e-16
MHAS,final,202,451202,education,21.8473294839208,23.1314714604017,1.28414197648085,18.0813540132804,16.4911963474603,-1.59015766582015,3.7659754706404,6.64027511294141,2.87429964230101,0.00685716589274937,0.0301280730758081,-2.46610423807839,0.0678212036090416,0.218333260602473,0.403341069216738,0.186451038829981,0.286154464211515,-17.9953516787862,-8.88178419700125e-16
MHAS,final,202,451202,wealth,23.920820959621,22.2573308610238,-1.6634900985972,18.0074342298305,15.6790243303281,-2.32840989950242,5.91338672979047,6.57830653069568,0.664919800905216,0.0289671063679158,0.0210403017888863,-1.18906160844701,-0.573347659089945,0.224032730940803,-0.0210630790100873,-0.768970283896185,-0.349314928149142,15.0022952669885,-2.22044604925031e-15
MHAS,final,203,451203,education,23.9781487044335,23.7323371224164,-0.245811582017073,18.8081210704806,16.1652307594789,-2.6428903110017,5.17002763395294,7.56710636293757,2.39707872898463,0.0727281810092143,0.0850144220130518,-2.07763650145837,-0.292810356665731,-0.340329086472289,0.0369463335583719,0.0309393000363133,-0.633139443138019,23.9563269236871,-1.33226762955019e-15
MHAS,final,203,451203,wealth,24.6847514868463,22.7179860088592,-1.96676547798704,17.238303859629,15.6752917703281,-1.56301208930089,7.44644762721725,7.0426942385311,-0.403753388686149,0.090928257275231,0.0646065739244197,-1.11073406709784,-0.26648971854426,0.623851388108187,-0.140894922894218,-0.66874476887276,0.357361669563926,-22.8636535833685,1.33226762955019e-15
MHAS,final,204,451204,education,25.0682636308731,22.9672808590595,-2.10098277181363,19.6729607654414,16.0175795588833,-3.65538120655811,5.39530286543169,6.94970130017618,1.55439843474448,0.108115572612493,0.0508276520050889,-2.46394939519244,-0.453845144841175,-0.441968198320588,-0.38570228621364,0.090083818009738,-0.895813343161763,24.5067010125945,-4.44089209850063e-16
MHAS,final,204,451204,wealth,24.4091636336265,21.1322642643426,-3.27689936928393,17.3970321131314,15.1594565505703,-2.2375755625611,7.01213152049509,5.97280771377226,-1.03932380672283,0.0716420847084328,0.0357980821553551,-0.423069398790596,-0.266286551776805,0.192536023034785,-0.177205172549192,-1.5635504624793,-0.0737505287420193,3.29600170720516,-4.88498130835069e-15
MHAS,final,205,451205,education,22.62157586384,22.9460065244912,0.324430660651192,17.9900407685861,15.5896666461438,-2.40037412244227,4.63153509525393,7.35633987834739,2.72480478309346,0.0446405035009263,0.0611645019240884,-2.41431041769427,-0.523935201752092,0.0138038995902515,0.114026579177998,0.410041018235841,-0.51013130216184,21.252158044547,1.33226762955019e-15
MHAS,final,205,451205,wealth,23.4630002160564,21.7689372932965,-1.69406292275993,16.8481084442995,15.3641395545802,-1.48396888971929,6.61489177175695,6.40479773871632,-0.210094033040635,0.0629509063114257,0.0449786582290299,-0.727192722806666,0.124187639866478,-0.0224376265244501,-0.0491386772423589,-0.809387503012296,0.101750013342028,-6.85661364243797,-1.77635683940025e-15
MHAS,final,206,451206,education,24.8901986114073,23.1463226670549,-1.74387594435249,18.300163384053,16.2219581942655,-2.07820518978744,6.59003522735435,6.92436447278931,0.334329245434953,0.0779123631670012,0.0438345971816158,-1.81193878874587,-0.252025691174889,0.454433298680209,-0.225407665079313,-0.243266343467586,0.20240760750532,-9.73953912250707,-3.10862446895044e-15
MHAS,final,206,451206,wealth,23.4633864856527,21.8426590039204,-1.62072748173225,16.8469813862469,15.3522552000439,-1.49472618620296,6.61640509940584,6.49040380387654,-0.126001295529294,0.0399852243891721,0.0303523675892648,-1.3840134608283,-0.157885386212777,0.909922545128311,-0.0947034824031324,-0.76804640188706,0.752037158915534,-50.3127038154009,0
MHAS,final,207,451207,education,20.5780175578068,22.8470600208654,2.26904246305864,16.900324800546,15.8266215440455,-1.07370325650044,3.67769275726083,7.02043847681991,3.34274571955908,0.0315571119069107,0.0492906891733556,-2.43903803521783,-0.363859823293119,-0.0530107231513747,-0.00157713336582826,1.78378245852771,-0.416870546444493,38.8254896239407,-4.88498130835069e-15
MHAS,final,207,451207,wealth,23.3704128329092,21.8937703537484,-1.47664247916076,16.3248318574383,15.3500204484601,-0.974811408978226,7.04558097547089,6.54374990528836,-0.501831070182531,0.0568697333582017,0.0416144444445528,-0.762740204361739,0.373777107985666,0.231535955618626,-0.127010593059686,-0.690373675161094,0.605313063604292,-62.0954020469218,-5.55111512312578e-16
MHAS,final,208,451208,education,22.4667296271665,22.5878327690495,0.12110314188304,17.6796850727656,15.4758598658381,-2.2038252069275,4.78704455440086,7.1119729032114,2.32492834881054,0.105194132011306,0.0877218890492962,-1.82371288411383,-0.924564356540016,-0.406464096038723,-0.19259096247396,1.14350709223903,-1.33102845257874,60.3962804488662,2.22044604925031e-15
MHAS,final,208,451208,wealth,22.8665296691269,22.1927795598421,-0.673750109284761,15.4007694512892,14.9505879535674,-0.450181497721792,7.46576021783772,7.24219160627475,-0.22356861156297,0.0924896135604576,0.0873591123419783,-0.751178974911839,0.320761897253686,0.352405699350925,-0.0191426939201053,-0.353027425494456,0.67316759660461,-149.53248856545,1.16573417585641e-15
MHAS,final,209,451209,education,25.6907223294017,24.1707472316178,-1.51997509778394,20.4492783066986,16.2929461683755,-4.15633213832314,5.24144402270312,7.87780106324233,2.6363570405392,0.135082231002323,0.127361668585431,-2.87821016410489,-0.632796386511244,-0.265611378213286,-0.0333630841570558,-0.346351125336668,-0.89840776472453,21.6153987416172,-8.88178419700125e-16
MHAS,final,209,451209,wealth,24.2731299050328,24.2980474805646,0.0249175755318234,17.6011749122945,16.1075732609571,-1.49360165133745,6.67195499273828,8.19047421960755,1.51851922686928,0.103007752227219,0.161685306080078,-1.52197675296176,-0.367709097355133,0.931422845636595,0.315209604697587,-0.850548251354746,0.563713748281461,-37.741907139476,-8.88178419700125e-16
MHAS,final,210,451210,education,23.3489977698516,23.6707437630589,0.321745993207344,19.0911393557471,16.3399551367064,-2.75118421904069,4.25785841410447,7.3307886263525,3.07293021224803,0.0267507664493887,0.0263497862143431,-2.11963618905893,-0.798449762651558,-0.546654622659038,-0.0333298173278662,0.746886172656704,-1.3451043853106,48.8918326879478,-4.44089209850063e-16
MHAS,final,210,451210,wealth,24.3594268880817,23.6396455310322,-0.719781357049516,17.315736155459,16.4529874521469,-0.862748703312189,7.04369073262265,7.18665807888532,0.142967346262672,0.0281130541960484,0.0281186115323336,-0.91785992738056,0.0173321671600426,0.523042346450493,0.0186995902370515,-0.503962879779215,0.540374513610536,-62.6340568853917,1.33226762955019e-15
MHAS,final,211,451211,education,22.0650827807913,22.8573900292589,0.792307248467601,18.2016072922364,16.0398450897398,-2.16176220249656,3.86347548855493,6.81754493951909,2.95406945096416,0.0163930412930209,0.0365241692682189,-2.73644480334205,-0.304047452737537,0.191852251339577,0.241445397088852,0.445432405154589,-0.112195201397959,5.18998811563955,-4.44089209850063e-15
MHAS,final,211,451211,wealth,23.4973508453987,22.3272784116321,-1.17007243376656,16.5105047555222,15.3481624675623,-1.16234228795988,6.98684608987645,6.97911594406977,-0.00773014580668008,0.0396714189246645,0.0323213253779214,-0.810274057111676,0.179723040944915,0.116629616007952,-0.0285911328987151,-0.619829754902357,0.296352656952867,-25.4961606424058,8.88178419700125e-16
MHAS,final,212,451212,education,27.6243113464813,22.7327503907722,-4.89156095570909,21.8144878544388,16.0190875852334,-5.79540026920541,5.80982349204248,6.71366280553881,0.903839313496323,0.141280420900455,0.0451601140135836,-2.39290128745931,-0.896622393530942,-0.6372440340457,-0.460493627305882,-1.40813892686358,-1.53386642757664,26.4669627001785,-8.88178419700125e-16
MHAS,final,212,451212,wealth,24.564828012863,21.5792782871922,-2.98554972567079,17.507264230813,15.2873997506254,-2.21986448018763,7.05756378204997,6.29187853656681,-0.765685245483161,0.0636626314486791,0.0300471426043951,-0.732349283628982,-0.441608724730839,0.331929230788743,-0.220578663509547,-1.15725703910701,-0.109679493942096,4.94081935726209,1.33226762955019e-15
MHAS,final,213,451213,education,23.410276560412,22.6703383100615,-0.739938250350473,17.5666297934539,16.2251111325136,-1.34151866094036,5.84364676695806,6.44522717754794,0.601580410589884,0.0677881877172563,0.0285087514922118,-2.46309608832372,-0.219377379016678,0.758317402472931,-0.374566918884271,0.957204322811385,0.538940023456253,-40.1738745161007,-1.55431223447522e-15
MHAS,final,213,451213,wealth,23.1981466393117,22.0219259501376,-1.17622068917401,17.1778933290336,15.3592185850505,-1.81867474398307,6.02025331027809,6.66270736508715,0.642454054809064,0.0325906944985071,0.026236171485841,-1.33475239104858,0.0841233446934486,-0.0476844437776255,-0.00117610262639195,-0.51918515122392,0.0364389009158232,-2.00359635698347,-6.66133814775094e-16
MHAS,final,214,451214,education,25.5936256487378,23.0063791121329,-2.58724653660483,18.9532712968264,15.8951014068737,-3.05816988995266,6.64035435191137,7.1112777052592,0.470923353347833,0.145853419964508,0.0538637249227582,-1.62652298439783,-0.50993678099236,-0.652147748079869,-0.483049644917591,0.213487268434991,-1.16208452907223,37.9993450622267,4.44089209850063e-16
MHAS,final,214,451214,wealth,23.9903967308111,22.3788406024837,-1.61155612832734,16.6512172749722,15.5689620634497,-1.08225521152256,7.33917945583883,6.80987853903406,-0.529300916804771,0.0735242317684485,0.0418122923019645,-0.977029187479748,-0.134122462168761,0.433220214221675,-0.197645458326943,-0.206678317768783,0.299097752052914,-27.63652684399,2.66453525910038e-15
MHAS,final,215,451215,education,21.6787463806404,23.7523143614724,2.07356798083205,18.3671181851917,16.2984398616872,-2.06867832350457,3.31162819544862,7.45387449978525,4.14224630433663,0.0333243273204325,0.0858047303787976,-2.60764345309234,-0.827003270880798,-0.0659040694588885,0.322083904000218,1.10978856592723,-0.892907340339687,43.1631796105931,-2.66453525910038e-15
MHAS,final,215,451215,wealth,24.5610886025094,22.9928112438608,-1.56827735864858,17.2077629557238,15.7589361277749,-1.44882682794893,7.35332564678561,7.23387511608597,-0.119450530699642,0.0967971603036271,0.0796434329264471,-0.932014314953049,0.310821944171444,0.0482302221443675,-0.0665343881522899,-0.809330291159402,0.359052166315811,-24.7822693084799,1.11022302462516e-15
MHAS,final,216,451216,education,23.4947476632632,22.7824753242496,-0.712272339013602,18.254450783342,16.035098068664,-2.21935271467799,5.24029687992116,6.74737725558554,1.50708037566439,0.154333258317773,0.0915384065719921,-1.88378951510541,-0.586420724428248,-0.21878100418882,-0.500789483436301,0.970428012480792,-0.805201728617067,36.2809265643878,-1.33226762955019e-15
MHAS,final,216,451216,wealth,23.7365595402711,21.7908756123,-1.94568392797108,16.6552359362055,15.5549814628475,-1.10025447335798,7.08132360406558,6.23589414945248,-0.845429454613095,0.123045312316549,0.0732048822657907,-0.894627644091669,-0.0034169593187992,0.51371276338707,-0.300908859709878,-0.415013773624705,0.510295804068271,-46.3797981671319,-1.33226762955019e-15
MHAS,final,217,451217,education,24.6292683555155,22.463462543607,-2.16580581190853,19.9267206485491,15.9194152160968,-4.0073054324523,4.70254770696641,6.54404732751017,1.84149962054377,0.0438687894871388,0.0330238334267146,-2.17540086484727,-0.334757134477427,-0.570020605760194,0.0159819319965045,-0.943108759363915,-0.904777740237621,22.5782076132873,-1.77635683940025e-15
MHAS,final,217,451217,wealth,23.1507529345152,21.6828431290848,-1.4679098054304,17.3113085943127,15.3162843690961,-1.99502422521662,5.83944434020251,6.36655875998873,0.527114419786219,0.0284641061305377,0.0224775912494816,-1.23096363062077,0.000915750082911515,-0.0205983028759445,-0.00300437010500095,-0.741373671697807,-0.019682552793033,0.986582144930891,1.55431223447522e-15
MHAS,final,218,451218,education,26.2778578973558,22.7613846969312,-3.51647320042462,20.3816768226845,15.3575862922795,-5.02409053040506,5.89618107467127,7.4037984046517,1.50761732998043,0.139806710055181,0.0702748840570329,-3.8701603231249,-0.300284620282782,0.189324594742766,-0.330541211370296,-0.712428970369848,-0.110960025540016,2.20855943714594,-3.5527136788005e-15
MHAS,final,218,451218,wealth,24.0352827753756,21.7342405672991,-2.30104220807649,16.487792605788,14.9463813906256,-1.54141121516244,7.54749016958759,6.78785917667354,-0.759630992914055,0.0827815341117523,0.0566102867155403,-0.759193041894425,0.0699308830313012,0.351343956909125,-0.0892389797589427,-1.1142540334495,0.421274839940426,-27.3304641744177,4.44089209850063e-16
MHAS,final,219,451219,education,23.0066027348069,23.6386323374836,0.632029602676749,18.3571839727598,16.4277344474571,-1.92944952530276,4.64941876204701,7.21089789002652,2.56147912797951,0.0827933519525442,0.0805206957681617,-2.69243074634449,-0.682092234573664,0.378081580304098,-0.148371465362262,1.21536334067355,-0.304010654269566,15.7563413959669,-1.77635683940025e-15
MHAS,final,219,451219,wealth,24.1751157842029,21.9967246441357,-2.17839114006722,16.979277685907,15.4184622257393,-1.56081546016771,7.1958380982959,6.57826241839638,-0.617575679899516,0.087388650667727,0.062734530268039,-0.569809714896988,-0.422697600274171,0.6831027978265,-0.0543149509211928,-1.19709599190185,0.260405197552329,-16.6839196687832,4.44089209850063e-16
MHAS,final,220,451220,education,26.7447641856618,22.9798748681267,-3.76488931753505,20.3293459698582,16.0619450853132,-4.26740088454495,6.41541821580359,6.91792978281349,0.502511567009901,0.192734353738975,0.0909652009225815,-1.53343959420007,-0.436602989850738,-0.844228232750362,-0.461231104773011,-0.991898962970768,-1.2808312226011,30.0143168465805,8.88178419700125e-16
MHAS,final,220,451220,wealth,23.8594591478884,22.353068496022,-1.50639065186646,17.210930280717,15.7981408635614,-1.4127894171556,6.64852886717146,6.5549276324606,-0.0936012347108601,0.0980143611351714,0.0790159623380965,-1.03695888372968,0.0153591884296638,0.336172013213693,-0.126758818466925,-0.600602916602357,0.351531201643357,-24.8820664548225,-1.99840144432528e-15
MHAS,final,221,451221,education,23.0182041814406,23.3247827750351,0.306578593594473,17.711143106324,15.9907805002145,-1.72036260610952,5.30706107511656,7.33400227482055,2.02694119970399,0.0700865757594206,0.0868336321189896,-2.31157786723565,-0.365016763053053,0.548372821762331,0.00552705623966977,0.402332146177183,0.183356058709278,-10.6579890807976,-1.33226762955019e-15
MHAS,final,221,451221,wealth,23.874835426437,22.4015016343429,-1.47333379209413,17.2320364625122,14.9590434838615,-2.27299297865068,6.64279896392477,7.44245815048133,0.799659186556559,0.0890183650362118,0.0696671680698001,-1.49427253721268,-0.216363557932541,-0.0248614258139491,-0.0830937843087374,-0.454401673382781,-0.24122498374649,10.6126585524997,-1.33226762955019e-15
MHAS,final,222,451222,education,22.328745313378,23.7342997154303,1.40555440205227,17.134461500646,16.3127573891503,-0.821704111495727,5.19428381273197,7.42154232627997,2.227258513548,0.0392648673688686,0.054671446028416,-1.28360878085558,-0.349239597369046,-0.280363534608705,0.0728614209035405,1.01864638043407,-0.629603131977752,76.6216358381975,-4.44089209850063e-16
MHAS,final,222,451222,wealth,24.3937849538883,22.4632719106621,-1.9305130432262,17.4415289116388,15.2446184775121,-2.19691043412671,6.95225604224955,7.21865343315006,0.266397390900509,0.0551979349541583,0.0376595089752692,-1.25217391934912,-0.355153590499769,0.256232771662849,-0.0855888089628992,-0.760226886977771,-0.0989208188369203,4.50272424857603,-1.77635683940025e-15
MHAS,final,223,451223,education,24.0174119424212,22.8340319326713,-1.18338000974983,21.0517316242539,15.8185923965176,-5.23313922773627,2.9656803181673,7.01543953615374,4.04975921798644,0.0503507520323847,0.0737675214491967,-4.12904123790909,-0.386605829615133,-0.354397564698878,0.365509181353168,-0.728603776866334,-0.74100339431401,14.1598257196484,0
MHAS,final,223,451223,wealth,24.0449502206184,21.975519483982,-2.06943073663643,17.2706937153501,14.9378195139032,-2.3328742014469,6.77425650526831,7.03769997007877,0.263443464810467,0.0860903501048021,0.0604210905650569,-0.946234268729256,-0.522843780210575,0.0934917455662397,-0.0517555510761463,-0.905532346997164,-0.429352034644335,18.4044229379382,4.44089209850063e-16
MHAS,final,224,451224,education,23.3182068143318,22.8457682452577,-0.47243856907404,20.0044340662371,16.1278396219873,-3.87659444424973,3.31377274809472,6.71792862327041,3.40415587517569,0.0230201579839699,0.0420249000653911,-3.3677234181347,-0.315485678117565,-0.131130418980769,0.269913716362853,-0.33216864537955,-0.446616097098334,11.5208362267767,-2.66453525910038e-15
MHAS,final,224,451224,wealth,23.2929925177622,22.1090219455905,-1.18397057217171,17.8704412717483,14.9968429704085,-2.87359830133979,5.42255124601387,7.11217897518194,1.68962772916807,0.0347792381443587,0.037318146001699,-1.99342160015173,-0.138087353988755,-0.0202283824033856,0.117377893346291,-0.839238858142204,-0.15831573639214,5.50932036389106,8.88178419700125e-16
MHAS,final,225,451225,education,24.939845025028,22.8256646405894,-2.11418038443861,18.9799712395302,16.103289113786,-2.87668212574418,5.95987378549781,6.72237552680338,0.762501741305568,0.113739050842633,0.0531579084524532,-2.83325929046018,0.369251161672265,-0.209391814393182,-0.368666906104951,0.165384723541869,0.159859347279083,-5.55707374994478,1.33226762955019e-15
MHAS,final,225,451225,wealth,23.8833011206887,21.4845066405953,-2.39879448009337,17.7532999815045,15.1353417595579,-2.61795822194656,6.13000113918418,6.34916488103737,0.219163741853191,0.070598655932804,0.0329006822789525,-1.22926064693094,0.0125753122693461,-0.542537109620583,-0.218668362265966,-0.640067415398414,-0.529961797351236,20.2433252337078,8.88178419700125e-16
MHAS,final,226,451226,education,24.6554636267516,22.8807877920467,-1.77467583470482,20.5087108588216,16.2600826519039,-4.24862820691764,4.14675276793,6.62070514014283,2.47395237221282,0.0429655955960842,0.0292893074816145,-3.05407205903711,-0.582748842765176,-0.159213635564174,-0.0480555691112133,-0.404538100439969,-0.74196247832935,17.4635774700475,-1.77635683940025e-15
MHAS,final,226,451226,wealth,23.6735062497454,23.2077383638833,-0.465767885862025,17.4452475282611,16.146539923675,-1.29870760458613,6.22825872148423,7.06119844020834,0.832939718724103,0.02860832078142,0.0337910200031503,-1.2501190017287,0.0337544080591302,0.265981819771871,0.101352680982022,-0.44967751167046,0.299736227831002,-23.0795774793758,-1.55431223447522e-15
MHAS,final,227,451227,education,24.1195640488916,23.7615890420154,-0.357975006876128,19.9650231471124,16.6333411270689,-3.33168202004351,4.15454090177914,7.12824791494653,2.97370701316739,0.021949519322269,0.0421049944507044,-1.55342489135119,-1.0087998739952,-0.588813148479914,0.481330512852493,-0.661974619069702,-1.59761302247511,47.952145878983,-4.44089209850063e-16
MHAS,final,227,451227,wealth,24.7941881986437,23.8031991003207,-0.990989098323094,18.1413371973016,16.3728515115608,-1.7684856857408,6.65285100134213,7.43034758875983,0.777496587417703,0.0427689042735909,0.0461098093917529,-1.61543011580454,0.0906520176313988,0.374951266952853,0.0546817773899581,-0.673340631910466,0.465603284584252,-26.3277949229889,3.5527136788005e-15
MHAS,final,228,451228,education,23.1675042287944,22.9928289118021,-0.174675316992271,19.4357716173477,15.9802046302766,-3.45556698707104,3.73173261144674,7.0126242815255,3.28089167007876,0.046841339075654,0.0583681058443208,-3.1501274065333,-0.4711740439525,-0.320542056194762,0.068727390245903,0.417549129363619,-0.791716100147261,22.9113226023242,4.44089209850063e-16
MHAS,final,228,451228,wealth,23.9662226384995,21.6090560337866,-2.35716660471292,17.515720120387,15.1708431581321,-2.34487696225494,6.45050251811252,6.43821287565453,-0.0122896424579846,0.072076886873325,0.0363493103554027,-1.15841868617365,-0.081601287797018,-0.21172201392431,-0.171701250703151,-0.721433723656811,-0.293323301721328,12.5091126930283,-2.22044604925031e-15
MHAS,final,229,451229,education,26.8922420769924,23.5865635150894,-3.30567856190298,20.2493963415265,16.190264338602,-4.05913200292448,6.64284573546588,7.39629917648738,0.753453441021495,0.279228488417438,0.114519892198647,-1.65461660367772,-1.09281044549324,-0.79546916212618,-0.902259249325083,0.386023457697749,-1.88827960761942,46.519295412393,1.77635683940025e-15
MHAS,final,229,451229,wealth,24.8726995473722,22.3808103417061,-2.49188920566611,17.587079750834,15.503978007918,-2.08310174291603,7.28561979653823,6.87683233378815,-0.408787462750081,0.134980430693561,0.0828399183300703,-0.978512981066847,-0.227914901946818,0.0796218370742752,-0.236244824455304,-0.720050872521335,-0.148293064872542,7.1188584703959,-4.44089209850063e-16
MHAS,final,230,451230,education,28.6029199094028,23.8145720323392,-4.78834787706357,22.4320730627518,16.6027989578099,-5.82927410494188,6.17084684665095,7.21177307452927,1.04092622787832,0.217094593441327,0.0568828963819132,-2.53014139457437,-0.908527426086442,-0.840399538474414,-0.854684340859531,-0.695521404947125,-1.74892696456086,30.0024828662314,3.5527136788005e-15
MHAS,final,230,451230,wealth,25.1493131170064,23.4253706178318,-1.72394249917456,18.0452735027564,16.3779332582957,-1.66734024446063,7.10403961425001,7.04743735953609,-0.0566022547139262,0.0733758776474769,0.0526692445744056,-0.959002464143822,0.130377735934606,-0.00603261994270377,-0.109157226343276,-0.723525669965432,0.124345115991902,-7.45769295769184,2.22044604925031e-15
MHAS,final,231,451231,education,24.7396813789749,23.9492490246894,-0.79043235428551,19.5862202819918,16.1945613898775,-3.3916588921143,5.15346109698308,7.75468763481187,2.60122653782879,0.149097330987552,0.131235189615661,-2.00672461349424,-0.84549019254958,-0.6692737859864,-0.100855581532209,0.230685281448126,-1.51476397853598,44.6614481797638,2.66453525910038e-15
MHAS,final,231,451231,wealth,24.7168010400281,23.5069552252235,-1.20984581480459,17.526086582115,15.6722472130348,-1.85383936908024,7.19071445791306,7.83470801218872,0.643993554275655,0.140772154274445,0.122295910389459,-1.50545395584,-0.169057948391276,0.249176806660038,-0.0362316356876232,-0.392272635821379,0.0801188582687616,-4.32177995596844,2.22044604925031e-16
MHAS,final,232,451232,education,26.0620031603267,23.2851399179984,-2.77686324232829,20.0102447906245,15.7891111216715,-4.22113366895298,6.05175836970224,7.49602879632694,1.4442704266247,0.112154838381518,0.0592775643726264,-2.78924777739055,-0.163910024529018,-0.422753438824875,-0.246713541277551,-0.59850888693099,-0.586663463353893,13.898244153434,0
MHAS,final,232,451232,wealth,24.4703824641003,22.9023835414919,-1.56799892260835,16.6863489877765,15.0020949730839,-1.68425401469262,7.78403347632378,7.90028856840804,0.116255092084267,0.0758907670375533,0.0528563153146906,-1.17875636918922,-0.145769824096539,0.190388810374383,-0.104784919044475,-0.445331712736766,0.0446189862778439,-2.64918390507663,8.88178419700125e-16
MHAS,final,233,451233,education,23.3690966995603,23.5666762552068,0.197579555646502,20.3226434404453,16.6007687086056,-3.72187473183962,3.04645325911507,6.9659075466012,3.91945428748613,0.0528590899955567,0.0699916556852999,-3.91273598715359,-0.327145930485275,-0.279590327669282,-0.0335066781721496,0.831104191640678,-0.606736258154557,16.3018989587181,-4.44089209850063e-16
MHAS,final,233,451233,wealth,24.6794815703195,22.6978072449067,-1.98167432541277,18.185934927561,16.1479802062664,-2.03795472129468,6.49354664275845,6.54982703864036,0.0562803958819096,0.0809849725802424,0.0627859633018932,-1.4881933055021,-0.0180633979097761,0.534356658886381,-0.102700723225168,-0.963353953544011,0.516293260976604,-25.3338926317564,3.10862446895044e-15
MHAS,final,234,451234,education,21.1584478315611,22.6598136321203,1.50136580055922,18.3439680550672,15.9653086006065,-2.37865945446073,2.81447977649385,6.6945050315138,3.88002525501995,0.0147260507486679,0.0498893531651227,-3.55043499800886,-0.702498372172076,0.451664491958673,0.271448862809978,1.15116056095155,-0.250833880213403,10.5451782827933,0
MHAS,final,234,451234,wealth,23.1789794371109,22.1561343394014,-1.02284509770953,17.1794446583669,15.7706842409511,-1.40876041741578,5.99953477874398,6.38545009845022,0.385915319706248,0.0519592500847646,0.0433125829890546,-0.361163725104395,-0.469381349676459,-0.0822037124016461,-0.0225787574218803,-0.473432872811395,-0.551585062078105,39.1539296007429,0
MHAS,final,235,451235,education,24.5911571302855,22.0196043846285,-2.57155274565693,19.9390667951129,15.5463517516427,-4.39271504347018,4.65209033517256,6.47325263298581,1.82116229781325,0.0556678707126936,0.0222703432450257,-2.51063342616564,-0.842619775278027,-0.347435109865623,-0.222115910310152,-0.469910821850734,-1.19005488514365,27.0915566652264,1.77635683940025e-15
MHAS,final,235,451235,wealth,22.3818314226373,21.5817714182627,-0.800060004374608,16.3446555437281,15.3565559216599,-0.988099622068173,6.03717587890924,6.22521549660281,0.188039617693565,0.0203733080583439,0.02159810685073,-0.593785189919881,-0.0472974833471935,0.418999703880948,0.104603751092676,-0.87062040377472,0.371702220533754,-37.6178891512731,1.88737914186277e-15
MHAS,final,236,451236,education,24.0969263179579,23.3817737728259,-0.715152545131979,18.5290745164215,16.1157530877271,-2.41332142869437,5.56785180153638,7.26602068509877,1.69816888356239,0.0932206371074492,0.0549450873653046,-1.83270336923042,-0.786858867194386,-0.254147635547618,-0.270489553152218,0.730877996430273,-1.041006502742,43.1358413497865,2.66453525910038e-15
MHAS,final,236,451236,wealth,24.1183034283998,22.5532573959713,-1.56504603242847,17.1188289257347,15.710613840495,-1.40821508523967,6.9994745026651,6.8426435554763,-0.1568309471888,0.0635084375965843,0.0431087512994598,-1.26106416436403,-0.357130871138728,0.922002743744062,-0.128393366140412,-0.583629427340561,0.564871872605334,-40.1126133732048,1.77635683940025e-15
MHAS,final,237,451237,education,27.0423796496283,23.5153264164313,-3.52705323319697,21.1257649437968,16.6130812753346,-4.51268366846227,5.91661470583145,6.90224514109675,0.985630435265302,0.22950670118575,0.0936858468833739,-2.54407653832312,-1.10206494713878,0.208277052005158,-0.619565609481537,-0.455253625523994,-0.893787895133619,19.8061278121492,8.88178419700125e-16
MHAS,final,237,451237,wealth,24.3119130274222,23.6819586439703,-0.629954383451967,17.7594663978456,16.401063087117,-1.3584033107286,6.55244662957664,7.28089555685327,0.728448927276633,0.0987295751780994,0.101867029711774,-1.01205833238914,-0.488225309276394,0.525161399179374,0.146131491855585,-0.529412560098028,0.0369360899029799,-2.71908126336712,-1.11022302462516e-15
MHAS,final,238,451238,education,27.0525369806444,23.7623706147217,-3.29016636592274,20.9647463562216,16.4204707198063,-4.54427563641524,6.08779062442286,7.34189989491535,1.2541092704925,0.138097406005997,0.046842221099552,-2.91901533816766,-0.669090454927557,-0.056379080815436,-0.518319431948357,-0.381471330556231,-0.725469535742993,15.9644703311897,-2.66453525910038e-15
MHAS,final,238,451238,wealth,24.4752868112253,23.0410124598223,-1.43427435140293,17.5917883735862,15.5339473900797,-2.0578409835065,6.88349843763905,7.50706506974261,0.623566632103565,0.0495079297412637,0.0399144209206068,-1.3820789467291,-0.230385074749435,0.162517796360682,-0.0575706733539371,-0.550324085034716,-0.0678672783887531,3.29798458348853,-4.44089209850063e-16
MHAS,final,239,451239,education,26.337756538865,22.9936186608189,-3.34413787804606,20.1228680871119,16.2869321237418,-3.8359359633701,6.21488845175309,6.70668653707713,0.491798085324039,0.234288364441249,0.0655790364772529,-2.07839219399214,-1.15464521829672,-0.137037853055574,-0.95485654535057,0.488995847324909,-1.2916830713523,33.6732177931739,1.33226762955019e-15
MHAS,final,239,451239,wealth,24.3170811575804,22.1207090933903,-2.19637206419013,17.3684346469719,15.5446064136012,-1.82382823337071,6.94864651060855,6.57610267978913,-0.372543830819418,0.0763431429311755,0.0606506632158886,-1.09028029010658,0.0242330708510813,0.543947114694677,-0.0324711909905751,-1.26925693781932,0.568180185545758,-31.1531631734681,1.33226762955019e-15
MHAS,final,240,451240,education,25.1949284877072,23.3754533214348,-1.81947516627234,20.1762789137979,16.2413692632759,-3.93490965052206,5.01864957390926,7.13408405815898,2.11543448424972,0.144612206500804,0.0879531417980774,-3.32315164766609,-0.0915168512286594,-0.531722300723976,-0.379608013710647,0.391089162807311,-0.623239151952636,15.8387156835977,-8.88178419700125e-16
MHAS,final,240,451240,wealth,24.77134092561,21.86974075168,-2.90160017392998,17.5343163982915,15.3641470393543,-2.1701693589372,7.23702452731846,6.50559371232568,-0.73143081499278,0.110413670576134,0.0668871993603927,-1.19731355078752,0.0768948950815995,0.303406839802022,-0.142482487145521,-1.21067505588778,0.380301734883622,-17.5240578951805,-1.33226762955019e-15
MHAS,final,241,451241,education,27.2553656515921,23.057060926681,-4.19830472491115,20.9622816277037,15.9708499820923,-4.99143164561141,6.29308402388842,7.08621094458867,0.793126920700249,0.169773420032789,0.0680930307734808,-2.62252649623556,-0.497185836697375,-0.28309600461424,-0.428372894078998,-1.16025041398523,-0.780281841311615,15.6324256588319,3.5527136788005e-15
MHAS,final,241,451241,wealth,24.298080656376,22.1575419957279,-2.14053866064815,16.9344419775526,15.2334386581515,-1.70100331940107,7.36363867882349,6.92410333757641,-0.43953534124708,0.0910356994851082,0.0541479451704645,-0.640138946550255,-0.199611643333575,0.046233685408332,-0.185065602086432,-0.722420812839142,-0.153377957925243,9.01691114743079,-6.66133814775094e-16
MHAS,final,242,451242,education,23.8999603834667,23.162674873317,-0.737285510149757,19.9205399739345,16.2517671935535,-3.66877278038107,3.97942040953217,6.91090767976348,2.93148727023131,0.0149257965356102,0.0211135974721452,-2.84721582841138,-0.567755715391071,-0.062342337308071,0.318997957981985,-0.510456857252533,-0.630098052699142,17.1746273322955,-2.66453525910038e-15
MHAS,final,242,451242,wealth,24.775444979848,22.0749219069117,-2.70052307293632,18.0420933927185,15.3352800909815,-2.70681330173704,6.73335158712949,6.73964181593021,0.0062902288007205,0.0378753011201188,0.0125888438541634,-1.08679458341911,-0.533765530901749,-0.105095502691064,-0.264122350224542,-0.717035334500578,-0.638861033592814,23.601961508865,1.77635683940025e-15
MHAS,final,244,451244,education,25.6169359996139,23.4426048142128,-2.17433118540104,20.5162726776792,16.6188501130062,-3.89742256467301,5.10066332193462,6.82375470120659,1.72309137927197,0.0832961699655759,0.0618928011375868,-2.27851087065726,-0.976635965664832,0.287767286293945,-0.054128367154497,-0.875914647490363,-0.688868679370887,17.6749805272573,4.88498130835069e-15
MHAS,final,244,451244,wealth,24.9717635869932,23.0452977138196,-1.92646587317359,17.8015987823771,16.3360493869783,-1.4655493953988,7.17016480461608,6.70924832684128,-0.460916477774799,0.0831886926619833,0.058244099034343,-0.888778855665855,-0.132748205517433,0.521669476984501,-0.157596354076801,-0.808095457123208,0.388921271467067,-26.5375751024233,2.22044604925031e-15
MHAS,final,245,451245,education,26.2054520167928,23.0472059290731,-3.15824608771973,20.8511653071961,15.9090682948323,-4.94209701236377,5.35428670959673,7.13813763424077,1.78385092464404,0.168682291679625,0.0992954109133565,-3.43958028460987,-0.260688181011902,-0.456649236976901,-0.36079309349286,-0.424386216272238,-0.717337417988803,14.5148388668661,0
MHAS,final,245,451245,wealth,23.3199445517989,23.054861779174,-0.265082772624933,16.6080204840932,15.8762795352373,-0.731740948855876,6.71192406770572,7.17858224393667,0.466658176230942,0.0895363556782163,0.111442699696287,-0.748264891775293,-0.0062816672098368,0.507753957829414,0.204588234418549,-0.68953658211871,0.501472290619578,-68.5313964461961,-6.66133814775094e-16
MHAS,final,246,451246,education,24.6537512060375,22.7964727704348,-1.85727843560274,19.3128268988998,16.0635851757052,-3.24924172319465,5.34092430713772,6.73288759472962,1.3919632875919,0.0730105039384887,0.0586407134616684,-1.41768143850532,-1.12146932223234,0.196211449823964,0.071249183219457,-0.977551595500407,-0.925257872408374,28.4761169291727,5.32907051820075e-15
MHAS,final,246,451246,wealth,24.3469415065501,21.6039169868437,-2.74302451970638,17.2247923698709,15.3010522789358,-1.92374009093502,7.1221491366792,6.30286470790785,-0.819284428771354,0.0847304233835032,0.0433918636176584,-1.19217794663031,0.0321993881260881,0.534548809393273,-0.211871782428167,-1.08643855939591,0.566748197519361,-29.4607468124187,-2.22044604925031e-15
MHAS,final,247,451247,education,24.6282729747967,23.0396692292165,-1.58860374558024,19.5230480950636,16.2809131311855,-3.24213496387804,5.10522487973315,6.75875609803094,1.6535312182978,0.0915855557455579,0.0474003059197102,-2.89969550512814,-0.421143483453935,0.273708349157266,-0.232283214091287,0.0372788896380491,-0.147435134296668,4.54747060006149,-5.32907051820075e-15
MHAS,final,247,451247,wealth,23.9395306214996,22.1800795251768,-1.75945109632278,17.845628057673,15.1810025259895,-2.66462553168347,6.09390256382658,6.99907699918728,0.905174435360694,0.0513003066879228,0.0408319719389904,-1.48103241941316,0.0205802569309652,-0.0848314161524981,0.130071640872655,-1.24941359392144,-0.0642511592215329,2.41126411413389,-8.88178419700125e-16
MHAS,final,248,451248,education,23.1607366083108,23.3294805565187,0.168743948207876,19.1990940528355,16.0393205746632,-3.15977347817222,3.96164255547534,7.29015998185544,3.3285174263801,0.0692504863104917,0.0732258664811667,-3.30640039265704,-0.0859656889019427,-0.397644182548712,-0.0521812534127929,0.682418039348264,-0.483609871450655,15.3052069963699,4.44089209850063e-16
MHAS,final,248,451248,wealth,24.1642245334129,22.7205070426041,-1.44371749080875,17.136788772059,15.866057664177,-1.27073110788203,7.02743576135388,6.85444937842716,-0.172986382926721,0.092094013013082,0.0642263357194982,-0.512202097811105,-0.468712919240547,0.236829030944214,-0.126190713535862,-0.400454408238731,-0.231883888296333,18.2480689154468,-2.22044604925031e-16
MHAS,final,249,451249,education,24.4243498937154,23.0789725861336,-1.34537730758173,20.7618728338387,16.0810547561899,-4.68081807764885,3.66247705987664,6.99791782994376,3.33544077006712,0.0513926536152731,0.0311667533270125,-3.68436164364055,-0.57911384188518,-0.471514423688721,-0.27196010795624,0.326131939521851,-1.0506282655739,22.445398392873,3.5527136788005e-15
MHAS,final,249,451249,wealth,23.8419374916939,22.5354729400487,-1.30646455164528,17.4271094967564,15.7198021400911,-1.7073073566653,6.41482799493756,6.81567079995757,0.400842805020018,0.0318092114929542,0.0296070951306422,-0.890761540968745,-0.11637084859031,0.133019724047649,0.0687137104583361,-0.901908401612227,0.0166488754573387,-0.975153969339014,3.77475828372553e-15
MHAS,final,250,451250,education,23.2307954177754,24.2215783118544,0.990782894078997,18.6503058507862,16.6828676590205,-1.96743819176577,4.58048956698916,7.53871065283393,2.95822108584477,0.0371782523462194,0.0811813195485902,-3.02152152158878,0.0464989951793754,0.473962685315539,0.165774517633264,0.367847131694827,0.520461680494914,-26.4537754056609,6.66133814775094e-16
MHAS,final,250,451250,wealth,24.6020611881141,23.0729632396041,-1.52909794851003,17.1440688165847,16.0591312973342,-1.08493751925058,7.4579923715294,7.01383194226995,-0.44416042925945,0.0863744904140867,0.0507112198484012,-0.930495998343298,-0.0412671366379752,0.222071393189588,-0.235608784403076,-0.0996369930558189,0.180804256551613,-16.664946445626,4.44089209850063e-16
MHAS,final,251,451251,education,21.1683993271805,23.692344853683,2.52394552650253,16.4510164260499,16.1423386406886,-0.30867778536124,4.7173829011306,7.55000621299436,2.83262331186377,0.0158069241790602,0.0416110001008674,-1.72878154602012,-0.233033697859425,0.181029109328206,0.214941928670326,1.25716642051977,-0.0520045885312191,16.8475319564571,1.22124532708767e-15
MHAS,final,251,451251,wealth,23.7091526494986,23.044544070059,-0.664608579439648,16.5431709539015,15.3597703219594,-1.18340063194203,7.16598169559717,7.68477374809955,0.518792052502378,0.0361291257061319,0.0374567356334688,-0.61328052796538,-0.139623388639549,0.0862751678753095,0.0956560397547696,-0.612427922967178,-0.0533482207642394,4.5080439645103,1.11022302462516e-15
MHAS,final,252,451252,education,23.3523247279428,22.9505331411667,-0.401791586776053,19.1048942836241,15.811509265656,-3.29338501796805,4.2474304443187,7.1390238755107,2.891593431192,0.0709965634049453,0.0688666498135938,-2.88316025969197,-0.739204752302805,-0.0636597802858594,-0.0233386962474941,0.41597847056008,-0.802864532588664,24.3780951273051,-4.44089209850063e-16
MHAS,final,252,451252,wealth,23.2869858727625,22.460737677405,-0.826248195357554,16.7261497702302,15.7072562170374,-1.01889355319275,6.56083610253238,6.75348146036757,0.192645357835194,0.0716337083757624,0.0598889675984183,-0.92985383016357,0.0164236336548825,0.189227834781063,-0.0497383930350096,-0.244952798430113,0.205651468435946,-20.1838030863507,2.22044604925031e-16
MHAS,final,253,451253,education,24.0140666447306,23.5509777742338,-0.463088870496783,20.1810911630291,16.4222064599891,-3.75888470303995,3.83297548170149,7.12877131424465,3.29579583254316,0.0536907088439447,0.0648072236876803,-2.61665269797331,-0.831705726860068,-0.3750914928193,0.105119720902408,-0.0405545062896763,-1.20679721967937,32.1051938279295,-1.33226762955019e-15
MHAS,final,253,451253,wealth,24.5439528085969,22.3195653588916,-2.22438744970528,17.3874091417569,15.5770412794509,-1.81036786230604,7.15654366683998,6.74252407944074,-0.41401958739924,0.0838096747954861,0.0427689253667312,-0.684192830359815,-0.636678416201125,0.286629421559167,-0.220965696803079,-0.555160340501189,-0.350048994641958,19.3357936765441,4.44089209850063e-16
MHAS,final,254,451254,education,25.439169609449,23.7081832936562,-1.73098631579284,19.6148203764404,16.0073621221546,-3.60745825428583,5.82434923300859,7.70082117150158,1.87647193849299,0.127005035914363,0.077367352592028,-2.62388848591253,-0.588191439534122,-0.237288423123985,-0.245750097474689,0.087660191759493,-0.825479862658107,22.8825894707831,1.77635683940025e-15
MHAS,final,254,451254,wealth,24.4576339744147,22.6139634377604,-1.8436705366543,17.0047612959744,15.1244171068646,-1.88034418910982,7.4528726784403,7.48954633089582,0.0366736524555176,0.0918579617259885,0.0611414216344375,-1.28197681245671,0.0479755744002329,0.0543442281314693,-0.108372194193485,-0.592314984991331,0.102319802531702,-5.44154645326618,8.88178419700125e-16
MHAS,final,255,451255,education,26.5307659468561,23.2346540891115,-3.29611185774457,20.3599833078352,16.2988469426516,-4.06113636518353,6.17078263902096,6.93580714645992,0.765024507438959,0.143446834126111,0.0305630885261809,-2.77022408343622,-0.300706050506769,-0.535224699441332,-0.710852846299406,0.25587131450019,-0.835930749948101,20.5836661165729,-3.5527136788005e-15
MHAS,final,255,451255,wealth,23.9910980397209,22.3239849399289,-1.66711309979197,17.2731758317296,15.4878413905268,-1.78533444120276,6.71792220799132,6.83614354940211,0.118221341410791,0.0340341684806014,0.0261445843417097,-0.728441249870623,-0.347650182550332,0.102542435761674,-0.0385303787834392,-0.773255065760041,-0.245107746788658,13.7289541461784,6.66133814775094e-16
MHAS,final,256,451256,education,26.3969320684998,23.9284271761009,-2.46850489239892,20.3178742714128,16.3000121989764,-4.01786207243648,6.07905779708695,7.6284149771245,1.54935718003755,0.146198678537557,0.10559339369751,-2.30792950665463,-0.870792610309654,0.154403476299682,-0.106865860665316,-0.886677571106559,-0.716389134009972,17.83010768151,0
MHAS,final,256,451256,wealth,24.4420387512637,23.0648130441126,-1.37722570715115,17.6020656671756,15.529824401924,-2.07224126525155,6.83997308408816,7.53498864218856,0.695015558100403,0.0929520662284854,0.0956963333899222,-1.28578550860084,0.137692163792414,0.0281373978775329,0.0991860697664749,-1.05147138808713,0.165829561669947,-8.0024254149681,-8.88178419700125e-16
MHAS,final,257,451257,education,25.7287296802351,22.5755291147182,-3.15320056551689,18.6305598111393,15.8164254013454,-2.81413440979383,7.09816986909583,6.75910371337276,-0.339066155723065,0.188534796280984,0.0344743523034598,-1.51187082256411,-0.717614366425232,-0.386652673196605,-0.786275822170702,0.588279274562819,-1.10426703962184,39.2400247756019,0
MHAS,final,257,451257,wealth,23.3170857619426,21.7775861250517,-1.53949963689087,16.5991312917758,15.1748570997789,-1.42427419199696,6.71795447016677,6.60272902527287,-0.115225444893904,0.041234703433459,0.0278689256722877,-0.665455569155163,-0.118661925731314,0.144280961326257,-0.057862940580425,-0.726574717856317,0.0256190355949422,-1.79874322928101,2.22044604925031e-16
MHAS,final,258,451258,education,25.5855312434052,23.6220128385914,-1.96351840481382,19.5452331635231,16.4055791742751,-3.13965398924806,6.04029807988209,7.21643366431632,1.17613558443424,0.116718576308144,0.0903594658645042,-2.03150662102464,0.0767784672809198,-0.346293696085646,-0.209593238405174,-0.629038901013519,-0.269515228804726,8.58423347692763,0
MHAS,final,258,451258,wealth,23.8681555761877,23.2396934996898,-0.628462076497861,17.2386138530066,15.7215256965986,-1.51708815640798,6.6295417231811,7.51816780309121,0.888626079910113,0.0902586493481436,0.0893722075808729,-1.24047613558791,0.11242647817844,-0.076276686294557,-0.0465104194058299,-0.26625139329812,0.0361497918838833,-2.38284055749769,1.55431223447522e-15
MHAS,final,259,451259,education,24.2226212116992,22.800885092932,-1.42173611876712,20.5607241437262,15.7465586559014,-4.81416548782479,3.66189706797295,7.05432643703063,3.39242936905767,0.0594689596718662,0.0464124549824532,-3.05167694544098,-0.860250007545372,-0.750721173343754,-0.151442045474632,-7.53160200543945e-05,-1.61097118088913,33.4631450656055,-2.66453525910038e-15
MHAS,final,259,451259,wealth,23.3247467143868,22.7783806455781,-0.546366068808737,16.7631866450701,15.1725729224394,-1.59061372263073,6.5615600693167,7.60580772313869,1.044247653822,0.0412014056046899,0.05383588701727,-1.38095513797589,-0.0149957996988294,0.276556323747939,0.122382224865419,-0.593601333569367,0.26156052404911,-16.4440002200228,0
MHAS,final,260,451260,education,25.7218589155979,23.5857600844409,-2.13609883115705,20.4788955995956,15.6352449693921,-4.84365063020345,5.24296331600237,7.95051511504876,2.70755179904639,0.0876246053952139,0.0623038086703647,-2.6426456015062,-0.272923515247166,-1.09429444999774,-0.0404306408132549,-0.793356422639095,-1.3672179652449,28.227014490256,1.77635683940025e-15
MHAS,final,260,451260,wealth,24.9240356600307,22.6995032152867,-2.22453244474399,16.4934904485414,15.1184101069452,-1.37508034159627,8.43054521148922,7.5810931083415,-0.849452103147721,0.0813963559496644,0.0463928304151527,-0.873339320339132,-0.077936803718341,0.454447929051488,-0.184527026273011,-0.693725120317274,0.376511125333147,-27.3810274166288,-1.33226762955019e-15
MHAS,final,261,451261,education,26.3100672709709,23.7660604468616,-2.54400682410925,20.0574940753287,16.0582066926469,-3.99928738268179,6.2525731956422,7.70785375421475,1.45528055857254,0.157503361617649,0.0818409439571184,-1.19484856116885,-0.729286063309264,-1.44277603770545,-0.283675250969593,-0.348701469528628,-2.17206210101472,54.3112283058339,0
MHAS,final,261,451261,wealth,25.4338936969475,21.7693075795614,-3.66458611738606,17.1976983941243,15.5734358783838,-1.62426251574044,8.23619530282322,6.19587170117759,-2.04032360164563,0.113031179071098,0.0373023632313182,-0.399214308053173,-0.439577347351749,0.523665697938172,-0.400593013603661,-0.908543544670025,0.0840883505864229,-5.17701724761471,8.88178419700125e-16
MHAS,final,262,451262,education,24.8724754958224,22.3306607420858,-2.54181475373657,19.1182007130878,16.0317645796549,-3.08643613343289,5.75427478273462,6.29889616243094,0.54462137969632,0.122391838744395,0.0408104197989183,-1.5177432593236,-0.561052437251326,-0.528682734429718,-0.601970718039609,0.123013015611361,-1.08973517168104,35.3072321787844,-4.44089209850063e-16
MHAS,final,262,451262,wealth,23.1643839555754,21.8421110924907,-1.32227286308474,16.6565200911304,15.4662915541141,-1.19022853701632,6.50786386444503,6.37581953837661,-0.132044326068418,0.0490388614154019,0.041904477260445,-0.618887977043055,0.0587404305198955,0.171810320362906,0.00499701811800966,-0.806888328974078,0.230550750882801,-19.3702926549508,1.77635683940025e-15
MHAS,final,263,451263,education,22.6814724743076,23.0400247448687,0.358552270561106,18.3132953690411,16.0566593080869,-2.25663606095424,4.36817710526649,6.98336543678184,2.61518833151534,0.0669854034066367,0.0582852053464318,-1.24990236414644,0.182650135753985,-1.88504024072089,0.0360177870224552,0.659638621136658,-1.70239010496691,75.439284801956,-2.22044604925031e-15
MHAS,final,263,451263,wealth,23.8575212561911,22.0596821412409,-1.79783911495021,16.9764276685636,15.4369914691817,-1.53943619938189,6.88109358762752,6.6226906720592,-0.258402915568318,0.0678464263332475,0.0430550541495017,-0.786604727533987,-0.0217839420291262,0.0209973171233258,-0.142267876565369,-0.609776970376732,-0.000786624905800407,0.0510982466253718,-1.11022302462516e-15
MHAS,final,264,451264,education,23.7345632876144,23.0889391081394,-0.645624179475053,18.3243958723493,16.2140679792763,-2.110327893073,5.41016741526516,6.87487112886311,1.46470371359795,0.0434459821203658,0.0375328651433579,-2.31366951090699,-0.103498196958187,0.325626690027984,-0.099287079896109,0.0805002046603007,0.222128493069798,-10.5257810314178,-8.88178419700125e-16
MHAS,final,264,451264,wealth,23.6988890843798,22.985678510408,-0.71321057397175,16.8715361090139,16.0137781299654,-0.857757979048476,6.82735297536592,6.97190038044265,0.144547405076726,0.0387083416256124,0.0383762780755426,-0.641689423542502,-0.293240617402947,0.49974646577042,0.0143297410911331,-0.436904144964579,0.206505848367473,-24.0750716882346,7.7715611723761e-16
MHAS,final,265,451265,education,26.1578161622078,23.4866724112614,-2.67114375094639,22.1450384441243,16.5226158946947,-5.62242254942965,4.01277771808348,6.96405651656674,2.95127879848326,0.0804935329191465,0.0555813642558918,-3.45216189397195,-0.0170779671185112,-1.23556763778889,-0.0114565792069714,-0.906158471343326,-1.2526456049074,22.2794639480534,-3.5527136788005e-15
MHAS,final,265,451265,wealth,25.3253054877854,22.0829991222987,-3.24230636548667,18.4650629496497,15.7491095430508,-2.71595340659889,6.86024253813564,6.33388957924786,-0.526352958887777,0.07871794295001,0.0364949964361656,-1.73460168100889,0.221677256514836,0.259852813036705,-0.274609791170234,-1.18827200397132,0.481530069551541,-17.7296881596561,-3.10862446895044e-15
MHAS,final,266,451266,education,26.0034785465461,23.3406842198189,-2.66279432672715,21.7242506301758,15.9845612780443,-5.73968935213148,4.27922791637033,7.35612294177466,3.07689502540433,0.0825262480338085,0.0603415487563495,-3.69216998694187,-0.0722111218506875,-0.935607487553227,-0.0188339414225538,-1.02086681436314,-1.00781860940391,17.5587657723959,8.88178419700125e-16
MHAS,final,266,451266,wealth,23.885488838488,23.5385382497858,-0.346950588702232,16.9763026569752,15.9761954189795,-1.0001072379956,6.90918618151289,7.56234283080625,0.653156649293367,0.0592430588756054,0.0700226158915839,-1.05651707586652,0.155331160906147,0.245700713718166,0.0999531790608527,-0.444575215814251,0.401031874624313,-40.0988873381273,-1.77635683940025e-15
MHAS,final,267,451267,education,25.134329984451,23.2466578471354,-1.88767213731552,19.4178886505408,15.9546193277921,-3.46326932274865,5.71644133391016,7.29203851934329,1.57559718543313,0.12134238059224,0.0457495979150949,-0.988485930913385,-0.613016765185416,-1.62017166919567,-0.501726666664587,0.260131709210404,-2.23318843438108,64.4820897904844,-3.5527136788005e-15
MHAS,final,267,451267,wealth,24.9819820574336,21.6715482867214,-3.3104337707122,17.3562346916344,14.778265859181,-2.57796883245339,7.62574736579911,6.8932824275403,-0.73246493825881,0.0763836095793963,0.0242323769514508,-1.19113829680928,-0.346754912235859,0.113666462932541,-0.337880482176245,-0.815861604164542,-0.233088449303318,9.04155420224743,3.5527136788005e-15
MHAS,final,268,451268,education,27.4644636260141,23.511692174896,-3.95277145111817,19.5004977941236,15.8349543724269,-3.6655434216967,7.96396583189056,7.67673780246909,-0.287228029421468,0.213690041475944,0.0847957530473137,-2.33417195359335,-0.447034987889654,0.234039350102699,-0.469742522979476,-0.648633307336914,-0.212995637786955,5.81075200272391,2.66453525910038e-15
MHAS,final,268,451268,wealth,24.8212475770448,22.7125376323436,-2.1087099447012,17.3990452259753,14.9306590410138,-2.46838618496157,7.42220235106949,7.78187859132986,0.359676240260362,0.104839709805255,0.0739544390429577,-0.938435352952632,-0.518193898251265,-0.0833967539882026,-0.0725816406513868,-0.855778539118083,-0.601590652239467,24.3718205807749,-3.5527136788005e-15
MHAS,final,269,451269,education,23.0201579394881,23.3178902524128,0.297732312924666,19.4633946555802,16.0864842529691,-3.37691040261108,3.5567632839079,7.23140599944365,3.67464271553575,0.0548029810120273,0.0725844362109189,-3.16675201803216,-0.373047547823385,-0.59183292546095,0.146507454876793,0.608214633828623,-0.964880473284335,28.5728775195893,3.5527136788005e-15
MHAS,final,269,451269,wealth,23.4848638843327,23.0497421484645,-0.435121735868233,17.3315097302923,15.6944298223639,-1.63707990792844,6.1533541540404,7.35531232610061,1.20195817206021,0.0529888674597516,0.0773493740247459,-1.07206983830528,-0.221691287126034,0.242549311570066,0.352433351072007,-0.938301445139203,0.0208580244440322,-1.27409934866441,4.44089209850063e-16
MHAS,final,270,451270,education,27.70861975086,22.4648180321905,-5.24380171866951,21.5194959753693,16.3769388961376,-5.14255707923169,6.18912377549065,6.08787913605283,-0.101244639437821,0.178402312837349,0.0538626243993534,-0.58898271638465,-1.15064393496953,-1.05215094858128,-0.609447007059569,-1.74133247223665,-2.20279488355081,42.8346219519243,5.32907051820075e-15
MHAS,final,270,451270,wealth,23.8413217236046,22.4789145781876,-1.36240714541693,18.0064260803705,15.8438309660761,-2.16259511429439,5.83489564323405,6.63508361211151,0.800187968877459,0.0614122623499846,0.0639313356948772,-1.52341011645785,0.0607901879661548,0.208215410539763,0.0910664564943225,-0.999257052836775,0.269005598505917,-12.4390181374144,4.44089209850063e-16
MHAS,final,271,451271,education,27.9324965567591,22.4176603177793,-5.5148362389798,21.4991002398336,15.9551475242014,-5.54395271563221,6.43339631692549,6.4625127935779,0.0291164766524119,0.177960714708659,0.0206117156442535,-3.06436290495086,-0.600788365941196,-0.230482115852391,-0.84676060210833,-0.80155872677944,-0.831270481793587,14.9941841937011,-8.88178419700125e-16
MHAS,final,271,451271,wealth,23.6487789141671,21.7281860800757,-1.92059283409145,16.7840309470391,15.6791118326665,-1.10491911437255,6.86474796712804,6.04907424740913,-0.815673719718907,0.0256749558081706,0.0206784039130606,-0.122115292718859,-0.3711072702168,0.723345692251054,0.00892542649819424,-1.34396767018614,0.352238422034254,-31.8791138149765,-2.22044604925031e-16
MHAS,final,272,451272,education,24.4427973106849,23.411404495311,-1.03139281537389,19.4306360298829,16.1244875352059,-3.30614849467702,5.01216128080196,7.28691696010509,2.27475567930313,0.110927836618484,0.102554554883561,-1.79855950070849,-0.948908464080385,-0.426921641298101,0.0143006412220143,-0.146059529812061,-1.37583010537849,41.614286460321,-4.44089209850063e-16
MHAS,final,272,451272,wealth,23.8063328315241,22.452690296344,-1.35364253518011,17.104736238435,15.6879416840035,-1.41679455443145,6.70159659308913,6.76474861234048,0.063152019251346,0.0940597527514282,0.0942430647945898,-0.930840901485034,0.16930390754857,0.300832122782873,0.0827080735838658,-1.03879775686172,0.470136030331443,-33.1830771695834,1.55431223447522e-15
MHAS,final,273,451273,education,25.5827188193683,23.5037445927309,-2.07897422663741,19.0637795562228,16.3347061891665,-2.72907336705635,6.51893926314549,7.16903840356443,0.65009914041894,0.137870041727384,0.102796650558894,-1.99425107642636,0.243886848533821,-0.0818790771355741,-0.0963098874193525,-0.800520174608886,0.162007771398247,-5.93636555740504,0
MHAS,final,273,451273,wealth,25.1583943149637,22.2037273186606,-2.95466699630308,17.6734686545161,15.3667310892538,-2.30673756526238,7.48492566044759,6.83699622940688,-0.64792943104071,0.14446703960984,0.0712901082114863,-0.672925825220295,-0.416567902151622,-0.11942835600094,-0.319816944532018,-0.777998537357501,-0.535996258152562,23.236117806561,4.44089209850063e-16
MHAS,final,274,451274,education,27.7341267265874,23.5379536707705,-4.19617305581683,21.0128756414886,16.061740365836,-4.95113527565257,6.72125108509878,7.47621330493453,0.754962219835743,0.249691894962122,0.0792264036069327,-1.68223061947219,-0.934801386663547,-1.23376903090939,-0.672806927034002,-0.427527311573436,-2.16857041757294,43.7994580401991,2.66453525910038e-15
MHAS,final,274,451274,wealth,25.6555449860599,21.6733479143629,-3.98219707169693,17.0858148122901,15.4694778960162,-1.61633691627386,8.56973017376982,6.20387001834675,-2.36586015542307,0.128356629171469,0.0388090878774981,-0.23338140046988,-0.226899024999386,0.34548875277945,-0.414529077106056,-1.08701616647799,0.118589727780064,-7.33694359053856,-2.66453525910038e-15
MHAS,final,275,451275,education,26.2188650063844,23.4229489139609,-2.79591609242354,20.5917598548938,16.1812488574468,-4.41051099744706,5.62710515149063,7.24170005651415,1.61459490502352,0.173502182256403,0.0977918481675012,-2.62631506869723,-0.559878088485226,-0.487465027831174,-0.395925157975024,-0.340927654458413,-1.0473431163164,23.7465254462042,-2.66453525910038e-15
MHAS,final,275,451275,wealth,25.0843769815419,22.9962423214375,-2.08813466010446,17.7902442517049,15.8695827102893,-1.92066154141561,7.29413272983701,7.12665961114816,-0.167473118688847,0.122367537998392,0.0896353212803876,-1.37737078291038,0.255951971612923,0.203735872494318,-0.114118662319717,-0.888859940292752,0.459687844107241,-23.9338287457159,-8.88178419700125e-16
MHAS,final,276,451276,education,25.4656255101941,23.3067184479412,-2.1589070622529,19.931255148148,15.5911631341283,-4.34009201401977,5.53437036204608,7.71555531381295,2.18118495176687,0.1537091295556,0.11203885185413,-1.44349687693669,-0.849501624862931,-1.23129019282913,-0.0212568144501946,-0.794546504940824,-2.08079181769206,47.9434954597851,-4.44089209850063e-15
MHAS,final,276,451276,wealth,24.1263937390912,22.7366253115824,-1.38976842750876,16.1400779503433,15.229833269845,-0.910244680498305,7.9863157887479,7.50679204173744,-0.479523747010455,0.130768636692328,0.0899878759625421,-0.803540523454352,-0.0799136983696514,0.307104922658535,-0.208993014752251,-0.124902366580585,0.227191224288884,-24.9593575393937,6.66133814775094e-16
MHAS,final,277,451277,education,25.9558117266849,22.9440323612825,-3.01177936540241,21.5174032823503,16.1757914211722,-5.34161186117813,4.43840844433457,6.76824094011029,2.32983249577573,0.0793140173119685,0.0412041944969543,-3.4836683433173,-0.573137160482494,-0.303765334144558,-0.274782422785428,-0.706258600448352,-0.876902494627052,16.4164397829094,-1.77635683940025e-15
MHAS,final,277,451277,wealth,23.5783872255287,22.6993753346804,-0.879011890848339,17.3010250937379,15.8439925452486,-1.45703254848933,6.27736213179085,6.85538278943184,0.578020657640992,0.0338534115163465,0.0427798710622488,-0.841284563176583,-0.200086027400547,0.330920644780234,0.161514977896648,-0.908097580589082,0.130834617379687,-8.97952605899831,2.22044604925031e-15
MHAS,final,278,451278,education,26.7878244921777,23.299821150839,-3.48800334133865,21.7444938886982,16.2076636971317,-5.5368301915665,5.04333060347947,7.09215745370732,2.04882685022785,0.124563249485386,0.0589625575428231,-2.71454282788506,-0.781762097170608,-0.84415284524457,-0.374435359386202,-0.821937061880061,-1.62591494241518,29.3654471269809,0
MHAS,final,278,451278,wealth,24.3247354864618,22.1738997079251,-2.15083577853672,17.253435790777,15.7634268818475,-1.49000890892952,7.07129969568478,6.41047282607758,-0.660826869607204,0.0657873052523173,0.0413763894125084,-0.597005801258811,0.050772458346541,0.11100415364771,-0.136355585938625,-0.918424133726332,0.161776611994251,-10.8574258197206,6.66133814775094e-16
MHAS,final,279,451279,education,21.915304370819,23.6918576357067,1.77655326488777,18.9433462861502,16.2697349668212,-2.67361131932897,2.97195808466882,7.42212266888556,4.45016458421674,0.0605633315143043,0.100100413887219,-3.14554706113574,-0.416822593617227,-0.850295297333697,0.120555481713095,1.6184981510446,-1.26711789095092,47.3934966459129,-2.66453525910038e-15
MHAS,final,279,451279,wealth,24.6339211448573,22.737506537059,-1.89641460779828,17.3144515188742,15.7593669783249,-1.55508454054925,7.31946962598311,6.97813955873408,-0.341330067249023,0.119164963015291,0.0810295358958923,-0.816605346150982,0.0537193964643642,0.0572925841013844,-0.122981275868493,-0.726509899095525,0.111011980565749,-7.13864601383917,1.99840144432528e-15
MHAS,final,280,451280,education,24.5582426134699,23.5970057495078,-0.961236863962117,19.7294588149895,16.0077836170797,-3.72167519790983,4.82878379848044,7.58922213242815,2.76043833394771,0.082697124042684,0.0589292661660515,-2.27221334496581,-0.423532349071207,-1.18655899748449,-0.14177670171994,0.302406195331618,-1.6100913465557,43.2625433691785,-8.88178419700125e-16
MHAS,final,280,451280,wealth,24.0750975319943,23.7637084029841,-0.311389129010234,17.0693178982656,16.1103565298171,-0.958961368448509,7.00577963372872,7.653351873167,0.647572239438278,0.0607226746678721,0.0633930501079787,-0.54319168873709,-0.0575449989847365,-0.183190670851679,0.0338851387328309,-0.208919148607836,-0.240735669836415,25.1037922649479,1.11022302462516e-16
MHAS,final,281,451281,education,24.6099299787646,22.5302198652302,-2.07971011353445,19.7991295909278,16.117784042818,-3.68134554810982,4.81080038783681,6.41243582241219,1.60163543457538,0.0983147304154959,0.0297921085637666,-2.88295162948353,-0.288518613889493,-0.393996369652792,-0.566664288039283,0.450785352955271,-0.682514983542285,18.5398239481409,1.77635683940025e-15
MHAS,final,281,451281,wealth,22.0165225651528,22.6907854533608,0.674262888207991,16.621419801213,16.0520830902419,-0.569336710971104,5.39510276393981,6.63870236311891,1.2435995991791,0.0199386128227744,0.0380074178407069,-0.962287942666506,0.190009673198361,0.0947299444076985,0.381311264265171,-0.273099650175827,0.284739617606059,-50.0125166916403,6.66133814775094e-16
MHAS,final,282,451282,education,26.7855260796648,23.8179093217769,-2.96761675788791,20.1281073185213,16.2568722867501,-3.87123503177115,6.65741876114347,7.56103703502671,0.903618273883238,0.218439223152142,0.106705947759285,-2.24807335117613,-0.35024595492862,-0.440688417075968,-0.537109687153239,-0.295117621437189,-0.790934372004588,20.4310605146266,-3.10862446895044e-15
MHAS,final,282,451282,wealth,25.4877409689517,22.2016746125655,-3.28606635638623,18.0352188496561,15.5754021701441,-2.45981667951202,7.45252211929562,6.62627244242141,-0.826249676874213,0.14873973747452,0.072273708800762,-1.49661446003839,0.0358043133186473,0.326175153245489,-0.372206712424743,-0.952974973613024,0.361979466564136,-14.7157090843024,-1.33226762955019e-15
MHAS,final,283,451283,education,25.215434806142,23.0818634941475,-2.13357131199446,19.8232604853684,15.5091090898358,-4.3141513955326,5.39217432077356,7.57275440431171,2.18058008353814,0.1116983426248,0.0807189846398152,-2.53680604532083,-0.865888289144469,-0.222415596855162,-0.161464778749351,-0.527576685462799,-1.08830388599963,25.2263721464804,-3.5527136788005e-15
MHAS,final,283,451283,wealth,24.1370900032894,21.9965221574743,-2.14056784581513,16.7714503624442,15.4290978390294,-1.34235252341471,7.36563964084527,6.56742431844485,-0.798215322400417,0.0967709617361018,0.0462366855037833,-0.744725469315555,-0.290190638012877,0.226401352895105,-0.291629012527427,-0.242208756453957,-0.0637892851177718,4.75205164106244,6.66133814775094e-16
MHAS,final,284,451284,education,23.6315153640484,23.3737297978295,-0.257785566218967,18.7376292907884,16.1690824836071,-2.56854680718134,4.89388607326,7.20464731422237,2.31076124096238,0.0806064797642991,0.0859707931425174,-1.91467711224291,-0.29611795117667,-0.444958841628991,0.0228216808373514,0.0643854170298767,-0.741076792805662,28.8519870743138,-8.88178419700125e-16
MHAS,final,284,451284,wealth,24.2140775768099,21.3344409395859,-2.87963663722399,17.0887740720628,14.9081900110626,-2.18058406100025,7.12530350474708,6.42625092852334,-0.699052576223742,0.0960518560450069,0.0553131908687264,-0.739891723647349,0.151442281953251,-0.0966034515002996,-0.176019200814608,-1.31951196699124,0.0548388304529511,-2.51486890295787,8.88178419700125e-16
MHAS,final,285,451285,education,29.4609809393138,23.5664977045111,-5.8944832348027,23.3863559019928,16.0097165412133,-7.37663936077949,6.074625037321,7.5567811632978,1.4821561259768,0.308760487893551,0.111168511874593,-5.63794124378451,0.266547722813466,0.137871223791837,-0.392229307613205,-1.75088775598708,0.404418946605302,-5.48242806548926,-1.77635683940025e-15
MHAS,final,285,451285,wealth,24.6102811983003,23.7731778478606,-0.837103350439737,17.3281674040512,15.710852785503,-1.61731461854826,7.2821137942491,8.06232506235763,0.78021126810853,0.125677816718889,0.124633327267378,-1.15005743052226,-0.0241319100266804,0.0963932659832687,0.0825406500590464,-0.622059194041633,0.0722613559565882,-4.46798384976274,4.44089209850063e-16
MHAS,final,286,451286,education,26.4479956260755,23.2792320898503,-3.16876353622521,20.3869604825482,16.410951517484,-3.97600896506428,6.06103514352727,6.86828057236634,0.807245428839066,0.202025967651554,0.0827718536773296,-1.70934005036376,-0.959940379330476,-0.787705550429451,-0.651061303338718,0.132038318398127,-1.74764592975993,43.954778400045,-8.88178419700125e-16
MHAS,final,286,451286,wealth,24.5580588843255,22.152788485129,-2.40527039919648,17.6996201298302,15.2420792103307,-2.45754091949953,6.85843875449531,6.91070927479837,0.0522705203030585,0.10045547867653,0.0716462126435238,-1.20821638380417,-0.126162918677505,0.0317296679915377,-0.0504337795640857,-1.10445750544531,-0.0944332506859678,3.84259118278278,-4.44089209850063e-16
MHAS,final,287,451287,education,24.1736608568426,23.1188670936704,-1.05479376317215,18.622632667973,16.1674574771252,-2.45517519084777,5.55102818886962,6.95140961654525,1.40038142767563,0.142780400366264,0.0671798510175607,-1.31901348519919,-0.527139201762693,-1.05395582400555,-0.565828961420667,1.01076228154033,-1.58109502576824,64.3984605115812,8.88178419700125e-16
MHAS,final,287,451287,wealth,24.2537975026293,21.169145646619,-3.08465185601038,17.6494072018623,14.5828332703923,-3.06657393146994,6.60439030076706,6.58631237622662,-0.0180779245404468,0.097256137724446,0.0376845815722164,-1.02795569391632,-0.428627801956214,-0.511446985556428,-0.29957869777914,-0.798964752261837,-0.940074787512642,30.6555396517711,-4.44089209850063e-16
MHAS,final,288,451288,education,25.5173249397017,23.6136913396913,-1.90363360001041,20.3391510049644,16.64031513581,-3.69883586915448,5.17817393473724,6.97337620388131,1.79520226914407,0.147232647087285,0.0620922769672657,-3.10220035107121,-0.937007712476979,0.304087952351548,-0.468475683285787,0.504759925327954,-0.63291976012543,17.1113231977528,0
MHAS,final,288,451288,wealth,24.5649047316857,22.8737648580447,-1.69113987364096,17.7722359425737,16.2683473960218,-1.50388854655189,6.79266878911199,6.60541746202292,-0.187251327089075,0.0824142102567246,0.0501333687180848,-0.868296706779492,0.0323712708757734,0.00574211919508283,-0.146886729985319,-0.526818499857933,0.0381133900708563,-2.53432278331014,-4.44089209850063e-16
MHAS,final,289,451289,education,23.7236769376062,23.4874592429817,-0.236217694624489,18.6271394055938,16.587568310517,-2.03957109507684,5.09653753201242,6.89989093246477,1.80335340045235,0.0679493678350778,0.0669843473574262,-1.08506928739933,-0.520914614581304,-0.598667290736578,0.0401477518563256,0.124932345784045,-1.11958190531788,54.8930070650811,2.22044604925031e-15
MHAS,final,289,451289,wealth,24.3808285213694,22.5289522363627,-1.85187628500667,17.2508622915573,15.8862459388113,-1.364616352746,7.12996622981203,6.64270629755136,-0.487259932260669,0.0802753992801429,0.0497667107118117,-1.09050942195414,-0.00426636057595928,0.442068017911226,-0.217423124232007,-0.494485463895122,0.437801657335267,-32.0823985770274,-6.66133814775094e-16
MHAS,final,290,451290,education,23.2234324177055,22.7395273794742,-0.483905038231306,20.2737987180136,15.6014807363824,-4.6723179816312,2.94963369969183,7.13804664309172,4.18841294339989,0.0209022134216794,0.0379325290251138,-4.03435782982498,-0.838970169975342,-0.0828054301166399,0.158354957886558,0.125460490399205,-0.921775600091982,19.7284432205997,8.88178419700125e-16
MHAS,final,290,451290,wealth,22.838553298065,22.2828224030531,-0.555730895011859,16.3166306044481,14.8825385073515,-1.4340920970966,6.52192269361691,7.40028389570164,0.878361202084736,0.0326073886279067,0.0391493585093982,-0.472896950989506,-0.520842145232278,-0.0315610642274222,0.125465537429915,-0.534257474077305,-0.5524032094597,38.5193677991862,-2.22044604925031e-16
MHAS,final,291,451291,education,25.4510372938533,23.1421630314329,-2.30887426242036,21.3694986432807,15.9377775248366,-5.4317211184441,4.0815386505726,7.20438550659634,3.12284685602374,0.0716323763158523,0.0376853424267737,-3.9656608263853,-0.0377816679237415,-0.763264779836969,0.0118696800432252,-0.676883524341322,-0.801046447760711,14.7475621500643,-5.32907051820075e-15
MHAS,final,291,451291,wealth,23.9456780649791,22.2158798494238,-1.72979821555528,17.3179469342428,15.167170193657,-2.15077674058581,6.62773113073626,7.04870965576679,0.420978525030526,0.0369556547868554,0.02365943364193,-0.788271541444658,-0.126778326373129,-0.37585278724163,-0.0101819954065909,-0.849692090119803,-0.502631113614759,23.3697484322737,-4.44089209850063e-16
MHAS,final,292,451292,education,25.5823810873486,24.0711349053291,-1.51124618201954,19.2904847981149,16.3812028086258,-2.90928198948903,6.29189628923374,7.68993209670323,1.39803580746949,0.216590837336888,0.140680515900813,-0.97336371106674,-0.688964731243348,-1.16022089925676,-0.448133912463038,0.36140126454086,-1.84918563050011,63.5615810767416,8.88178419700125e-16
MHAS,final,292,451292,wealth,24.9844705118233,24.5820458605386,-0.402424651284726,16.8323212602137,16.4476375145748,-0.384683745638881,8.15214925160961,8.13440834596376,-0.0177409056458497,0.159342321770021,0.165771696666222,-1.08252029412053,0.400667102811688,0.610799321965359,-0.0189413704623148,-0.294688505833079,1.01146642477705,-262.934536809505,2.77555756156289e-16
MHAS,final,293,451293,education,21.8373477557723,23.6058231579265,1.76847540215422,18.2009191923326,16.1160233421732,-2.08489585015938,3.6364285634397,7.4897998157533,3.8533712523136,0.0248894607514778,0.0646728057605353,-2.29646622328274,-0.489751075864234,-0.351949525994997,0.483886961018351,0.569384013964231,-0.841700601859231,40.3713500506457,-3.5527136788005e-15
MHAS,final,293,451293,wealth,23.9819347168932,23.1615478785978,-0.820386838295445,16.3737805329147,15.9831955239417,-0.39058500897297,7.60815418397856,7.17835235465608,-0.429801829322475,0.0657017638532447,0.0587791001672356,-0.307386024142282,0.318817424268617,0.123827472040255,-0.000256967005264623,-0.525586914134294,0.442644896308872,-113.328695710261,6.10622663543836e-16
MHAS,final,294,451294,education,24.8264300388424,23.4651630178821,-1.36126702096038,19.6039818864686,16.2522050137095,-3.35177687275906,5.22244815237387,7.21295800417255,1.99050985179869,0.0867086155926515,0.0758607076717679,-2.0554063699983,-0.492620906062292,-0.392067486259448,-0.0550533404963164,-0.356628769942701,-0.88468839232174,26.3946087674236,1.77635683940025e-15
MHAS,final,294,451294,wealth,24.4120263337472,22.2500648683099,-2.16196146543727,17.4422851339356,15.3115359591736,-2.13074917476202,6.96974119981156,6.93852890913631,-0.0312122906752528,0.0792513582725067,0.051732718556742,-1.45151167267594,-0.017604730778315,0.179028360256833,-0.16522045855039,-0.675440673014207,0.161423629478518,-7.57590951532562,8.88178419700125e-16
MHAS,final,295,451295,education,21.4179670369647,23.4372651552025,2.0192981182378,18.4719176364901,16.6779092489192,-1.79400838757083,2.94604940047469,6.75935590628332,3.81330650580863,0.0352605616769311,0.0524180331180146,-3.01869889440006,-0.62380676018671,-0.0538365403841596,-0.0599522721253413,1.96228607952544,-0.67764330057087,37.7725826292501,-5.99520433297585e-15
MHAS,final,295,451295,wealth,23.5437819454852,23.3366738257485,-0.207108119736713,17.1115417187156,16.731238581596,-0.380303137119604,6.43224022676961,6.6054352441525,0.17319501738289,0.049731255562591,0.0556643435569908,-0.413889314105674,0.0857046809689557,0.184906163259637,0.0626576505306797,-0.299682317773203,0.270610844228593,-71.1566163451044,4.9960036108132e-16
MHAS,final,296,451296,education,22.6336437712118,23.4220468628512,0.788403091639385,18.4730320216437,15.7948274338095,-2.6782045878342,4.16061174956811,7.62721942904169,3.46660767947359,0.070700422429944,0.10845460339527,-2.33348623422249,-0.0364966075939147,-0.907785236930448,0.166048327941353,0.433515162971296,-0.944281844524362,35.258017584384,4.44089209850063e-15
MHAS,final,296,451296,wealth,23.5502930813333,22.9197150932881,-0.630577988045186,16.5310612784332,15.2850546430972,-1.24600663533602,7.01923180290009,7.63466045019092,0.615428647290835,0.0883573144126023,0.118002267187115,-0.888650908117238,0.155109557732676,0.398238080329615,0.191995213017041,-1.10269857829811,0.553347638062292,-44.4096863025986,2.66453525910038e-15
MHAS,final,297,451297,education,27.7778077993995,22.7005021625727,-5.07730563682677,20.039516258658,16.1227885039974,-3.91672775466065,7.73829154074145,6.57771365857534,-1.16057788216612,0.250534368870759,0.0376166910334581,-1.93910629479426,-0.661418820148615,-0.335690287651401,-0.900611648974227,-0.0799007030921452,-0.997109107800016,25.4577078177956,-1.33226762955019e-15
MHAS,final,297,451297,wealth,23.5460246927521,21.6499984022435,-1.89602629050859,17.1358214698055,15.7020256337283,-1.43379583607722,6.41020322294664,5.94797276851528,-0.462230454431365,0.0465732796304354,0.025190104896614,-1.02517279201828,-0.173399779717877,0.525292991892368,-0.18511125631622,-0.575404999917213,0.351893212174491,-24.5427698505005,-1.55431223447522e-15
MHAS,final,298,451298,education,24.1719001706958,23.3401089935913,-0.831791177104464,19.849000748843,16.4224967185495,-3.42650403029345,4.3228994218528,6.91761227504179,2.59471285318898,0.075627214529762,0.0785306813334833,-2.94702113545483,-0.120982420078572,-0.218417390627261,-0.00378174478662009,-0.136301339346167,-0.339399810705833,9.90513385378294,-1.33226762955019e-15
MHAS,final,298,451298,wealth,24.524972698892,22.1800187390872,-2.34495395980483,17.575800196422,15.3753209015224,-2.20047929489959,6.94917250247005,6.80469783756482,-0.144474664905236,0.0931335075715113,0.0614430111726801,-1.57175477043827,0.284309433370024,0.292949070702625,-0.0986468420935932,-1.10733618644038,0.577258504072649,-26.2333076894045,1.77635683940025e-15
MHAS,final,299,451299,education,27.0024219772503,23.0748824030191,-3.92753957423125,20.693718164549,16.3580086379407,-4.33570952660833,6.30870381270126,6.71687376507834,0.408169952377079,0.143948981646434,0.0452381750498389,-2.21321066465825,-0.489313227985417,-0.238493367814982,-0.539346996205923,-0.855345269943754,-0.727806595800399,16.7863320024978,-2.66453525910038e-15
MHAS,final,299,451299,wealth,24.4639428654646,21.5458916491463,-2.91805121631827,17.4827033198801,15.5459854835536,-1.93671783632659,6.98123954558441,5.99990616559273,-0.981333379991682,0.0651884501944405,0.025366009228138,-1.01083735454007,-0.148727467531773,0.532961062419304,-0.398573049142234,-0.911541027531813,0.384233594887531,-19.8394204710953,-2.22044604925031e-15
MHAS,final,300,451300,education,26.608646394924,22.5720112640088,-4.03663513091514,20.7925876413208,15.9598672281629,-4.83272041315786,5.81605875360318,6.6121440358459,0.79608528224272,0.201537217059952,0.0597495799968221,-2.20740605509412,-0.886504624685352,-0.330629916834345,-0.850880211093082,-0.557299605450965,-1.2171345415197,25.1852877357824,1.77635683940025e-15
MHAS,final,300,451300,wealth,23.7225052438577,22.1930834453011,-1.52942179855659,16.5390470931484,15.8996524848534,-0.639394608295063,7.18345815070925,6.29343096044773,-0.890027190261527,0.0779930349730778,0.0601166132608436,-0.156218982061697,-0.0219790593237969,0.45857826293906,-0.080174136582328,-0.839600693266299,0.436599203615263,-68.2832163348153,2.44249065417534e-15
MHAS,final,301,451301,education,26.0558618282245,23.5616551833088,-2.49420664491574,20.4107446749825,16.2083254206713,-4.20241925431115,5.645117153242,7.35332976263742,1.70821260939542,0.0895447288785141,0.0682244835615048,-3.75183875389616,0.0882143555938726,0.429840436972729,-0.0593014218841142,-0.909333871097476,0.518054792566601,-12.3275370974741,3.5527136788005e-15
MHAS,final,301,451301,wealth,24.1120356827006,22.9077716891729,-1.20426399352774,17.4775183441593,15.4179724834663,-2.05954586069301,6.63451733854134,7.48979920570661,0.855281867165271,0.0627976842354231,0.0694450221373337,-1.78144004983591,0.0638841768490029,0.484172019512893,0.110184695212703,-0.936346702431698,0.548056196361896,-26.6105361779845,8.88178419700125e-16
MHAS,final,302,451302,education,23.9058486708746,23.4444211322652,-0.461427538609406,18.4413039258147,16.192235851088,-2.24906807472667,5.46454474505987,7.25218528117713,1.78764053611726,0.0926858425438698,0.0640096959461611,-1.70078435824485,-0.312502461686469,-0.649100614936183,-0.236450080965682,0.649769441106518,-0.961603076622651,42.7556234259168,1.77635683940025e-15
MHAS,final,302,451302,wealth,23.7860913728513,22.8808149781858,-0.905276394665474,16.624646198519,15.8843588401266,-0.740287358392344,7.16144517433233,6.9964561380592,-0.16498903627313,0.0623922302376342,0.0592811637668515,-0.617211666306563,0.149719572137466,0.337747641679852,0.00387966466654272,-0.614422570569642,0.487467213817318,-65.8483774295341,0
MHAS,final,303,451303,education,22.9008952475927,22.7554229062193,-0.145472341373438,18.832720816755,15.8448028321129,-2.98791798464202,4.06817443083775,6.91062007410634,2.84244564326858,0.022487410275329,0.0317095422353897,-2.07744774567716,-0.56065167975306,-0.556286192990798,0.165881024843498,0.0405866089354962,-1.11693787274386,37.3818116322117,3.10862446895044e-15
MHAS,final,303,451303,wealth,23.4699718527044,22.6211111711744,-0.848860681529967,17.1882117530315,15.5486227772398,-1.63958897579169,6.28176009967289,7.07248839393461,0.790728294261724,0.0323660866240909,0.0323540562860357,-1.53405067505978,0.154413104475949,0.221644812560883,0.0507224770199904,-0.532318694788735,0.376057917036832,-22.9361091462114,0
MHAS,final,304,451304,education,25.0143529606117,22.9779936257913,-2.03635933482044,20.6527765990414,16.0491576785131,-4.60361892052828,4.36157636157028,6.92883594727812,2.56725958570785,0.0917665440886948,0.072427004242993,-3.35479883463572,-0.284878925686825,-0.258526602015118,-0.17287973459816,-0.53253482359245,-0.543405527701943,11.8038772774786,3.5527136788005e-15
MHAS,final,304,451304,wealth,23.8422039615816,22.156230470163,-1.68597349141861,17.0550519129466,15.2541362924335,-1.80091562051317,6.78715204863494,6.9020941777295,0.114942129094557,0.072666721198187,0.0617543283159134,-1.39889056010523,0.112001245486082,0.450693490689065,-0.0323223485305372,-0.932397448052547,0.562694736175148,-31.2449250684387,2.22044604925031e-16
MHAS,final,305,451305,education,24.8294137803544,23.4067368520589,-1.42267692829549,18.7380355242727,15.8429791691883,-2.89505635508441,6.09137825608171,7.56375768287062,1.47237942678891,0.140032386633758,0.0581503919874936,-3.33677684170309,-0.467026136990538,0.455806124651287,-0.430053011772419,0.88299351073035,-0.0112200123392509,0.387557648732669,4.44089209850063e-16
MHAS,final,305,451305,wealth,23.7770088672499,22.845359532001,-0.93164933524886,16.6429861654235,15.17395165259,-1.46903451283349,7.13402270182643,7.67140787941106,0.537385177584629,0.0509822575159929,0.0612728139500468,-0.84656742219006,-0.098570176947272,0.258474157206269,0.105454745711458,-0.887825816613887,0.159903980258997,-10.8849709698496,0
MHAS,final,306,451306,education,23.6785494969175,22.4672548374193,-1.21129465949819,19.6995747505753,16.0381169086964,-3.66145784187888,3.97897474634218,6.42913792872287,2.45016318238069,0.0331093452656197,0.0318266822584554,-2.93786970133049,-0.135434660970804,-0.304416498401214,0.00329163838554128,-0.287028619561918,-0.439851159372018,12.0130062496174,-4.44089209850063e-16
MHAS,final,306,451306,wealth,24.1727404309246,22.0498663960292,-2.12287403489536,18.1066085924179,15.8638188753879,-2.24278971702999,6.0661318385067,6.18604752064133,0.119915682134631,0.0452347075712721,0.0307740870664261,-1.53545026167299,0.21605668105314,0.215876010571613,-0.0782849491181669,-1.06098719786358,0.431932691624752,-19.2587244512935,-4.44089209850063e-16
MHAS,final,307,451307,education,26.3886448102778,22.9641229066872,-3.42452190359058,21.2004067372333,16.4901423616807,-4.71026437555254,5.18823807304454,6.47398054500651,1.28574247196197,0.102140218800679,0.0395763842997794,-3.06874964784361,0.100510784930435,-0.375023446373894,-0.248471750796651,-1.11853031546882,-0.274512661443459,5.82796717034077,8.88178419700125e-16
MHAS,final,307,451307,wealth,24.2180516455903,22.7045110519789,-1.51354059361132,17.9629732491654,15.9998291866266,-1.96314406253879,6.25507839642484,6.70468186535231,0.449603468927466,0.0471022718960613,0.0355941579357433,-1.54820731194764,0.00267557905211655,0.365291517662096,-0.00643432520044677,-0.776469522104913,0.367967096714213,-18.7437643388406,4.44089209850063e-16
MHAS,final,308,451308,education,21.0708184661898,22.7428170259319,1.6719985597421,17.6524372917577,16.0464541047446,-1.60598318701317,3.41838117443212,6.69636292118739,3.27798174675527,0.0285814671068518,0.0540941888188916,-2.98369830352308,-0.39462540442164,0.146644412388386,0.0996200636673337,1.52607604487583,-0.247980992033254,15.441070245228,-2.22044604925031e-16
MHAS,final,308,451308,wealth,22.8615914528246,22.0855478424254,-0.776043610399178,17.0864376328149,15.2641018964797,-1.82233573633526,5.77515382000964,6.82144594594572,1.04629212593608,0.0541264616019132,0.0431800670170801,-1.44349916939158,-0.017751776750862,-0.335481803304909,-0.0493571593562695,0.02375417246836,-0.353233580055771,19.3835621511834,-2.22044604925031e-16
MHAS,final,309,451309,education,24.72936936913,23.6449755911464,-1.08439377798357,20.0018042453147,16.2204115552839,-3.78139269003078,4.72756512381527,7.42456403586247,2.69699891204721,0.0700979456126548,0.0601081414240192,-2.2731214693088,-0.629491894558491,-0.715694791145006,-0.0504694058855365,-0.112615129132945,-1.3451866857035,35.5738426545842,1.33226762955019e-15
MHAS,final,309,451309,wealth,23.5371685072585,23.1751948978733,-0.361973609385132,17.2336486276586,15.4489942603161,-1.78465436734253,6.30351987959987,7.72620063755727,1.4226807579574,0.0447285695436831,0.0621444812741249,-1.70083351248603,-0.068004518218687,0.321617564924663,0.153445381990444,-0.490879283552921,0.253613046705976,-14.2107654763215,-6.66133814775094e-16
MHAS,final,310,451310,education,23.7908541606486,23.3428763315675,-0.447977829081122,18.8405603092177,16.0981840935187,-2.74237621569902,4.95029385143088,7.24469223804877,2.2943983866179,0.0594878030914785,0.052640539932141,-2.26263715349894,-0.228699517492138,-0.338548913977432,-0.0542112793207112,0.1417206485902,-0.56724843146957,20.6845591871129,-1.33226762955019e-15
MHAS,final,310,451310,wealth,23.9737550972024,22.9850725210585,-0.988682576143891,17.162382226432,15.6109803335041,-1.55140189292781,6.81137287077044,7.37409218755436,0.562719316783922,0.0601398846109256,0.0497507447471959,-0.805622500943946,-0.29588077499354,-0.0331364148776535,-0.0294545495427485,-0.387307652569926,-0.329017189871194,21.2077342029196,-8.88178419700125e-16
MHAS,final,311,451311,education,25.176075159346,22.6158017985791,-2.56027336076693,18.9688951743981,16.1669931637257,-2.80190201067241,6.20717998494791,6.44880863485339,0.241628649905479,0.162068686065099,0.0681689672233664,-1.91092894199499,0.0889335010286504,-0.572269500147396,-0.486677636019549,0.0790405664608725,-0.483335999118745,17.2502820326237,0
MHAS,final,311,451311,wealth,22.7534434069993,22.0375960710854,-0.715847335913836,16.844581724356,15.5877404755787,-1.25684124877739,5.9088616826432,6.44985559550676,0.540993912863554,0.0624914440163125,0.0601991626034833,-1.46443866422426,0.0594494894821942,0.401350484233259,0.00846162197837768,-0.261664180246961,0.460799973715453,-36.6633394761434,6.66133814775094e-16
MHAS,final,312,451312,education,27.0803700188273,22.9656026426977,-4.11476737612955,20.3621802029281,16.1617619750724,-4.20041822785572,6.71818981589915,6.80384066762532,0.0856508517261636,0.162662543726124,0.0515718564535664,-2.22826680877704,-0.368729271019707,-0.312585240496681,-0.408444045697117,-0.882392861865179,-0.681314511516388,16.2201589117519,-1.77635683940025e-15
MHAS,final,312,451312,wealth,24.2735882945924,21.6667570332114,-2.60683126138093,17.1350151709678,15.1691737812283,-1.96584138973948,7.1385731236246,6.49758325198315,-0.640989871641452,0.0784255225169499,0.0309766962999479,-1.01527846377151,-0.0822907534363917,-0.0416364273931016,-0.258710666411763,-0.567925078726717,-0.123927180829493,6.30402744984001,0
MHAS,final,313,451313,education,25.3105638700124,23.1116026593543,-2.19896121065805,20.6704781305188,16.3232482864283,-4.34722984409046,4.64008573949358,6.78835437292599,2.14826863343241,0.053259448658896,0.0571958682987669,-3.29448058256381,0.0905141767165702,-0.114225363353905,0.167759451406613,-1.19679752629593,-0.023711186637335,0.545432090957132,8.88178419700125e-16
MHAS,final,313,451313,wealth,23.2391233231365,22.6950429284052,-0.54408039473126,16.7656630050252,16.2294309997183,-0.536232005306967,6.47346031811127,6.46561192868698,-0.00784838942429467,0.0401842040106393,0.0604146691076516,-0.923304570704451,0.414601627490915,0.764153563859344,0.2654464727738,-1.05712909872657,1.17875519135026,-219.821864358036,1.99840144432528e-15
MHAS,final,314,451314,education,23.9582893440517,22.11965384868,-1.83863549537165,19.7561693108134,15.9071182576727,-3.84905105314071,4.20212003323825,6.2125355910073,2.01041555776906,0.0831544977156983,0.0385875994363755,-3.49169311315929,-0.323461028842344,-0.0033932424802224,-0.27807771870259,0.247574050043736,-0.326854271322566,8.49181439294921,-8.88178419700125e-16
MHAS,final,314,451314,wealth,23.5912058018764,21.9749665652252,-1.61623923665119,17.1244189521686,15.7703680420922,-1.35405091007648,6.46678684970772,6.20459852313301,-0.262188326574711,0.0552748744113524,0.0352378967235905,-0.443707980554584,-0.186054570162654,0.114666812275565,-0.0799366176243046,-0.759018554010505,-0.0713877578870888,5.27216202550734,-1.11022302462516e-15
MHAS,final,315,451315,education,24.7593636749004,23.6344354229453,-1.12492825195507,19.6058208184799,16.2170655018537,-3.38875531662624,5.15354285642043,7.4173699210916,2.26382706467118,0.118645655911953,0.0690259858994673,-2.35638430828752,-0.574986770826184,-0.659568366366421,-0.3234551804646,0.525639309318485,-1.23455513719261,36.4309317682369,-3.99680288865056e-15
MHAS,final,315,451315,wealth,24.1882686441244,23.2228476668203,-0.965420977304106,17.290237437214,15.9519654323005,-1.33827200491348,6.8980312069104,7.27088223451978,0.372851027609382,0.0713150303995074,0.0615140309275441,-1.01611454519993,0.175362978939641,-0.0419259951899333,-0.0426025624500394,-0.412991881013222,0.133436983749708,-9.9708417466548,8.88178419700125e-16
MHAS,final,316,451316,education,27.3528481087365,23.5280765969186,-3.82477151181784,21.4433306752867,16.2902704448443,-5.15306023044244,5.90951743344973,7.23780615207434,1.3282887186246,0.229075062031837,0.0755395225162507,-2.86198779578698,-0.204243249680088,-1.24324967146444,-0.764359669778132,-0.0792198437328036,-1.44749292114453,28.089967056726,-8.88178419700125e-16
MHAS,final,316,451316,wealth,24.542767383803,22.4710096537227,-2.07175773008039,17.8765171789207,15.3071738226932,-2.56934335622752,6.66625020488231,7.16383583102943,0.497585626147128,0.0847762782777951,0.0622323879542966,-1.39937356379986,0.00463747479687336,-0.107033794231551,-0.0300553341635659,-1.03751813882941,-0.102396319434678,3.98531084553147,4.44089209850063e-16
MHAS,final,317,451317,education,23.6330029289766,22.6906848943534,-0.942318034623163,19.5489144289169,15.8203460668911,-3.72856836202579,4.08408850005967,6.8703388274623,2.78625032740263,0.0671539408995096,0.0474919754532305,-3.13682635807127,-0.675240783837518,-0.128562599888275,-0.202245144745195,0.414306524516459,-0.803803383725793,21.5579628876396,-5.32907051820075e-15
MHAS,final,317,451317,wealth,23.5409709255926,21.9647499200372,-1.57622100555535,17.0009806679385,15.3092924864527,-1.69168818148581,6.5399902576541,6.65545743358455,0.11546717593045,0.0501961157039118,0.0452438612607193,-0.838706864322261,-0.00169895599844508,0.201195688045521,0.0490139551707488,-1.10149200438137,0.199496732047076,-11.7927602870559,-2.22044604925031e-16
MHAS,final,318,451318,education,23.7710581694654,23.1670889687246,-0.603969200740792,18.904731523123,15.7863901615276,-3.11834136159542,4.8663266463424,7.38069880719703,2.51437216085463,0.111277030994835,0.114207170081856,-2.34736748318866,-0.699227652736067,-0.0843400108145244,0.0280583233323735,-0.0154645381885424,-0.783567663550591,25.1277064532056,2.22044604925031e-15
MHAS,final,318,451318,wealth,24.8551135662552,21.4236566153984,-3.43145695085684,17.0439535428536,14.6027695302266,-2.441184012627,7.81116002340161,6.82088708517177,-0.990272938229843,0.144313122454634,0.0803261093310359,-0.833073357266204,-0.266355560878043,0.215229014568481,-0.239370332564183,-1.31761377648704,-0.0511265463095614,2.09433398076957,3.5527136788005e-15
MHAS,final,319,451319,education,22.2991320400758,22.9084633752715,0.609331335195719,18.9202644784867,16.2595629694896,-2.66070150899711,3.37886756158903,6.64890040578186,3.27003284419283,0.0191568932554512,0.0365083076257634,-2.66987935698741,-0.575788416400441,-0.0991987258203824,0.205930386622042,0.478234603589078,-0.674987142220824,25.3687660918885,-7.105427357601e-15
MHAS,final,319,451319,wealth,23.0258258301898,22.8162314010816,-0.209594429108197,16.4848651279431,16.0740614401659,-0.410803687777161,6.54096070224671,6.74216996091568,0.201209258668964,0.033084406567871,0.0371007414075299,-0.839453153166581,0.243650192038063,0.396409901546561,0.033384263877677,-0.244794892072881,0.640060093584624,-155.806803256309,8.32667268468867e-16
MHAS,final,320,451320,education,25.0106221854256,23.6378920990794,-1.37273008634618,18.1915429907996,16.0162965154438,-2.17524647535575,6.81907919462601,7.62159558363558,0.80251638900957,0.165006166114399,0.0819929240961429,-1.13352700168333,-1.23377174499694,0.0135259942248641,-0.464832109891849,0.643358386991508,-1.22024575077208,56.096895896476,-1.33226762955019e-15
MHAS,final,320,451320,wealth,25.0534005883966,22.3436250073431,-2.70977558105355,16.8501223934383,15.203023732424,-1.64709866101426,8.20327819495835,7.14060127491906,-1.06267692003929,0.11939587127694,0.056101065540374,-1.00699389009469,-0.282994644767804,0.580329968775455,-0.378975589086028,-0.558464505841195,0.297335324007651,-18.0520651886485,-1.99840144432528e-15
MHAS,final,321,451321,education,25.2146425475968,22.4419522235258,-2.77269032407103,19.3593776513811,15.9630387546347,-3.39633889674642,5.85526489621571,6.47891346889109,0.62364857267538,0.118572850435148,0.0545783599344029,-1.56002815285893,-1.07001865534548,-0.000939140227157005,-0.403664787416433,-0.361688160898407,-1.07095779557264,31.5327129633201,4.44089209850063e-16
MHAS,final,321,451321,wealth,23.7475238408821,21.5659091555993,-2.18161468528287,17.6396788626316,15.1881457193833,-2.45153314324826,6.10784497825058,6.37776343621596,0.269918457965384,0.0627288289108555,0.0420476632524362,-2.12373570977665,0.173969672929901,0.416233062548823,-0.0629501117125604,-0.855050057237776,0.590202735478724,-24.0748421902512,-2.66453525910038e-15
MHAS,final,322,451322,education,27.5663278015737,23.3752716427728,-4.19105615880093,22.2570238363806,16.6880346958221,-5.56898914055848,5.30930396519312,6.68723694695066,1.37793298175755,0.141506721535643,0.044828816344438,-2.5783047773402,-1.25954482121828,-0.264147347391435,-0.370261323204382,-1.09673087140418,-1.52369216860972,27.3603005887153,1.77635683940025e-15
MHAS,final,322,451322,wealth,24.2740589008298,23.4583630450395,-0.815695855790303,17.7903730543592,16.5742758647982,-1.21609718956098,6.48368584647058,6.88408718024127,0.400401333770683,0.0494148177756483,0.0491430137358495,-0.648937674358302,-0.263741413818219,0.36914212741979,0.114996787838939,-0.787557016643192,0.105400713601571,-8.66712911651587,-4.44089209850063e-16
MHAS,final,323,451323,education,24.9148247766496,22.8356082404525,-2.07921653619709,19.9324825685985,15.5859693078773,-4.34651326072122,4.98234220805102,7.24963893257515,2.26729672452413,0.0845862234761064,0.0747187202371087,-2.59779724071283,-0.753823736317012,0.121011003976531,0.207280529821538,-1.32318381748945,-0.632812732340481,14.5590889612397,-1.77635683940025e-15
MHAS,final,323,451323,wealth,24.1282933477601,21.4021406522029,-2.72615269555715,16.900388525333,14.8313278343797,-2.06906069095324,7.2279048224271,6.5708128178232,-0.657092004603907,0.0918646114139552,0.0517458205691752,-1.21460683211601,0.00232576835624974,0.406248510820505,-0.158915868921847,-1.10411226909214,0.408574279176754,-19.7468484594582,1.77635683940025e-15
MHAS,final,324,451324,education,20.4464260716002,23.1305070719526,2.68408100035239,17.8617000370044,16.3056302151741,-1.55606982183026,2.5847260345958,6.82487685677844,4.24015082218265,0.0229251439450659,0.0595955820337069,-1.57799872607106,-1.11052931005227,-0.994159097893896,0.538855610759244,1.58776170142773,-2.10468840794617,135.256681828751,1.33226762955019e-15
MHAS,final,324,451324,wealth,22.8465102840478,22.4839190547883,-0.362591229259493,16.4523139625533,15.8797422425596,-0.572571719993659,6.39419632149455,6.60417681222871,0.209980490734163,0.043675200328898,0.0593239131806099,-0.545645223880577,-0.219063218170309,0.64160930191146,0.18754083677519,-0.637013416629422,0.422546083741151,-73.7979311562629,3.33066907387547e-16
MHAS,final,325,451325,education,27.7238066520224,23.0713103891703,-4.65249626285207,19.3585494497038,15.9100511220319,-3.44849832767192,8.36525720231857,7.16125926713842,-1.20399793518015,0.216014830847304,0.0673963642785235,-1.69626779755056,-0.518032253534722,0.0730251865975394,-0.479390955386245,-0.827832507797926,-0.445007066937183,12.9043724152712,1.33226762955019e-15
MHAS,final,325,451325,wealth,24.4475490806304,22.2467042829615,-2.20084479766885,16.8354496216033,15.4451378310525,-1.39031179055081,7.61209945902708,6.80156645190904,-0.810533007118039,0.107832054664883,0.0545438752054071,-1.37515836336247,-0.288498184246526,0.861523878987233,-0.281175751998293,-0.307003369930759,0.573025694740707,-41.2156250587279,-2.22044604925031e-16
MHAS,final,326,451326,education,23.6205646020157,23.1072529853516,-0.513311616664115,18.05437815545,16.2876495582593,-1.76672859719074,5.56618644656567,6.8196034270923,1.25341698052662,0.113736970489233,0.092815063756492,-1.0373684652962,-0.677869498029909,-0.333113832191823,-0.128187475297874,0.409810673625066,-1.01098333022173,57.2234655526202,2.22044604925031e-16
MHAS,final,326,451326,wealth,23.8694437423594,22.5304243889836,-1.33901935337572,17.073267312576,15.7344642234182,-1.33880308915776,6.7961764297834,6.79596016556543,-0.000216264217961282,0.0943028334211866,0.0911762575634101,-0.339661733502557,0.00798413452423965,0.0114587366703798,0.101001855510061,-1.11958608235988,0.0194428711946195,-1.45225771826169,4.44089209850063e-16
MHAS,final,327,451327,education,23.9376693011387,23.213473936417,-0.724195364721712,20.3846343837282,16.8439552027268,-3.54067918100132,3.55303491741052,6.36951873369013,2.81648381627961,0.0390720673038996,0.0535114170898527,-2.89339238588633,0.0287539061546957,-0.288142789817538,0.595425217440068,-0.983323128892219,-0.259388883662842,7.32596404256784,-8.88178419700125e-16
MHAS,final,327,451327,wealth,23.6667631978828,23.4183081550639,-0.248455042818907,17.5994298673188,16.4740766004197,-1.12535326689916,6.06733333056397,6.94423155464422,0.87689822408025,0.0450467782137369,0.0723235481101464,-1.48556425245009,0.257485659430327,0.670330110929594,0.394437040768748,-0.96204182557774,0.927815770359921,-82.4466234426509,3.5527136788005e-15
MHAS,final,328,451328,education,22.7622032039094,23.7613825751363,0.999179371226951,19.0178957541266,16.4627896575784,-2.55510609654814,3.74430744978278,7.29859291755787,3.55428546777509,0.0508180172018364,0.0811778195294414,-3.38721621328765,-0.173696221863625,0.0193909700781374,0.0807850899961627,0.905630278528837,-0.154305251785488,6.03909371880679,8.88178419700125e-16
MHAS,final,328,451328,wealth,24.8142671006435,23.435972352602,-1.37829474804146,17.3152084679253,16.3354511597225,-0.97975730820275,7.49905863271817,7.10052119287946,-0.398537439838712,0.0989390369771658,0.0787162619536316,-0.98044739034261,0.166814417981053,0.535379231161732,-0.0818748794608787,-0.619628687542045,0.702193649142784,-71.6701619129411,6.66133814775094e-16
MHAS,final,329,451329,education,21.6759505341265,22.5176660844632,0.84171555033668,18.6050979374392,15.4140615227237,-3.19103641471555,3.07085259668725,7.10360456173949,4.03275196505223,0.0310449688288089,0.0430379072840176,-3.80135371440071,-0.386252603626302,-0.109890337787425,0.0131801056276987,1.09328013547119,-0.496142941413726,15.5480187918179,-3.10862446895044e-15
MHAS,final,329,451329,wealth,22.9046529818492,22.0564653859211,-0.848187595928167,16.6536873827499,15.3983081408535,-1.25537924189637,6.25096559909932,6.65815724506752,0.407191645968203,0.037097538539971,0.0418271412802796,-0.972239122381329,0.0418840107545461,0.390306214329126,0.120990471469544,-0.836320816068252,0.432190225083672,-34.4270647992242,1.77635683940025e-15
MHAS,final,330,451330,education,25.512354196052,22.9830134184626,-2.52934077758938,19.996100130003,15.9025375238184,-4.09356260618466,5.51625406604899,7.08047589464427,1.56422182859528,0.099768123875406,0.0511953626933354,-2.41258726302753,-0.961786221817256,-0.0886180613381867,-0.228923753726001,-0.401647306275684,-1.05040428315544,25.6599051781562,-8.88178419700125e-16
MHAS,final,330,451330,wealth,24.2556111480777,22.5233727685785,-1.73223837949921,17.1952884457319,15.7302835823191,-1.46500486341287,7.06032270234576,6.79308918625942,-0.267233516086336,0.0637659836459224,0.0426632864312852,-1.30612197491601,0.274506260869955,0.29262609236482,-0.121703697577395,-0.604311544154242,0.567132353234775,-38.7119775093158,-2.22044604925031e-16
MHAS,final,331,451331,education,28.1544936289239,23.3986479191528,-4.75584570977109,20.5197051446593,16.147653598743,-4.37205154591631,7.63478848426456,7.25099432040977,-0.383794163854782,0.22781351121214,0.100525251567606,-2.06409062399906,-0.652775810869603,0.146965903983181,-0.446855061280467,-1.35529595375037,-0.505809906886421,11.5691661357211,-3.5527136788005e-15
MHAS,final,331,451331,wealth,23.9707293751748,22.7918185210747,-1.17891085410006,16.9522030338394,15.3770169840961,-1.57518604974334,7.01852634133538,7.41480153697866,0.396275195643278,0.098760108171463,0.0836639487304698,-1.17932636808363,-0.265130223196217,0.326013921422012,-0.0475293723277148,-0.409214007557792,0.0608836982257944,-3.86517505254154,1.11022302462516e-15
MHAS,final,332,451332,education,25.6571975271323,23.8066521969694,-1.85054533016288,21.0293558188503,16.383990116219,-4.6453657026313,4.62784170828197,7.42266208075039,2.79482037246842,0.117405989925628,0.08297958039604,-3.1680640959365,-0.461616039091326,-0.704550515422415,-0.186620081202911,-0.124514970978155,-1.16616655451374,25.1038697309274,0
MHAS,final,332,451332,wealth,24.8945633443384,22.4205303702301,-2.4740329741083,17.9368217147306,15.3829430764103,-2.55387863832029,6.95774162960776,7.03758729381975,0.0798456642119945,0.0976703695535848,0.0573060983154128,-1.37922958161341,-0.415818461238102,0.20666227286117,-0.163411383345347,-0.802081484984602,-0.209156188376932,8.18974657756234,-4.44089209850063e-16
MHAS,final,333,451333,education,22.8012509387234,22.7277222238074,-0.0735287149159554,18.6294339639011,16.231522650259,-2.39791131364209,4.17181697482222,6.49619957354836,2.32438259872614,0.0710043846499468,0.0489456247471362,-2.25463993589887,-0.41011631651182,-0.686009286998953,-0.247705600184915,1.20055982595247,-1.09612560351077,45.7116823826946,-1.77635683940025e-15
MHAS,final,333,451333,wealth,23.8219203944171,22.1716880642368,-1.65023233018027,17.810439429134,15.6020856821526,-2.2083537469814,6.0114809652831,6.56960238208423,0.55812141680113,0.0583032675821507,0.043112330753755,-1.27792484570518,-0.393852758312798,0.308363066484308,0.0146513873864768,-0.859590596834211,-0.0854896918284904,3.87119554307575,-1.33226762955019e-15
MHAS,final,334,451334,education,27.2908333202605,23.6903857370911,-3.60044758316946,19.1861839591737,15.868265757447,-3.31791820172669,8.10464936108683,7.82211997964406,-0.282529381442764,0.225166124781926,0.0998368750740998,-1.62867005960712,-0.729438270871912,-0.0723639521206732,-0.519875211610256,-0.367570707516726,-0.801802222992585,24.1658224899974,3.10862446895044e-15
MHAS,final,334,451334,wealth,24.6844476501525,23.4350455771141,-1.2494020730384,16.9628643957075,15.7817323142058,-1.18113208150172,7.72158325444501,7.65331326290833,-0.0682699915366776,0.10814711770424,0.100413582239925,-0.734015647394566,0.104741794050523,0.193221427421039,-0.00380140634661545,-0.741278249232099,0.297963221471562,-25.2269179830188,2.22044604925031e-16
MHAS,final,335,451335,education,23.7760086504124,23.3480194561615,-0.427989194250909,18.9254118391114,16.1861091981598,-2.73930264095155,4.85059681130103,7.16191025800167,2.31131344670064,0.122568342906362,0.07321148817428,-2.69960211297032,-0.751731363914157,-0.191996151991239,-0.43305575725854,1.33708274518271,-0.943727515905397,34.4513783105607,-8.88178419700125e-16
MHAS,final,335,451335,wealth,24.2129566411739,22.909210431668,-1.3037462095059,17.1390635967066,15.7538489697345,-1.38521462697213,7.07389304446729,7.15536146193352,0.0814684174662306,0.0906901516389931,0.0651844868125925,-1.51617931810543,-0.120026541561558,0.56019906114495,-0.134068258063727,-0.175139570386362,0.440172519583392,-31.776485102929,2.88657986402541e-15
MHAS,final,336,451336,education,21.7878417581802,23.8256073243866,2.03776556620642,18.3459334497001,16.7747934439655,-1.57114000573459,3.44190830848012,7.05081388042113,3.60890557194101,0.0247694084453593,0.09516829677773,-2.13338931021365,-0.192618916460159,-0.288238489850041,0.692763681220064,0.350343029569191,-0.480857406310199,30.6056369613841,-4.44089209850063e-16
MHAS,final,336,451336,wealth,24.21792905299,22.539529830037,-1.67839922295306,17.7788746612628,15.7170725362934,-2.06180212496942,6.43905439172725,6.8224572937436,0.383402902016355,0.083811973115594,0.0766051577933782,-1.50487476455605,-0.379721601930631,0.680867751255273,-0.0224495794618983,-0.83562393027611,0.301146149324642,-14.6059675503103,2.66453525910038e-15
MHAS,final,337,451337,education,24.566326000089,23.5005306119332,-1.06579538815583,20.8367872946116,16.0186687199452,-4.81811857466634,3.72953870547748,7.481861891988,3.75232318651052,0.0700868525752645,0.0798738254305387,-3.7427769504432,-0.432350802549829,-0.503428387860734,0.0097045586486478,-0.149266992461229,-0.935779190410562,19.4220871883662,0
MHAS,final,337,451337,wealth,24.8100926481587,23.2977740545749,-1.51231859358376,16.7261297600538,16.3291361867365,-0.396993573317317,8.08396288810482,6.96863786783837,-1.11532502026645,0.104594973338386,0.0734690296435849,-0.189854591026202,0.171512025854115,0.295205272191122,-0.148069954863696,-0.525786325472656,0.466717298045237,-117.56293537583,7.21644966006352e-16
MHAS,final,338,451338,education,22.800077298732,23.632893032852,0.83281573411999,19.1551096634706,15.9787305378856,-3.17637912558496,3.64496763526143,7.65416249496638,4.00919485970495,0.0358080303263149,0.0865725684095733,-2.81016227599589,-0.2595646985277,-0.559078708746389,0.378284256927057,0.0741423007579671,-0.818643407274089,25.7728493642373,1.33226762955019e-15
MHAS,final,338,451338,wealth,24.5854647720373,22.549441442756,-2.03602332928125,17.3461820263573,14.9010987178699,-2.44508330848747,7.23928274567995,7.64834272488618,0.409059979206226,0.102930635871449,0.0662795566028069,-1.33193262022117,-0.590825955960521,0.16109957445456,-0.160348387362037,-0.523075919398304,-0.429726381505961,17.5751222878287,8.88178419700125e-16
MHAS,final,339,451339,education,23.5556483041054,22.5757146474962,-0.97993365660928,18.1529378710016,15.8736926640969,-2.27924520690479,5.40271043310379,6.7020219833993,1.29931155029552,0.0769835264422065,0.0393384021871084,-1.06445959981626,-0.511722572912657,-0.876499837960033,-0.310223633188368,0.483660436972525,-1.38822241087269,60.9071111202594,-2.22044604925031e-15
MHAS,final,339,451339,wealth,23.0532129130611,21.9368822928451,-1.11633062021605,16.815206674264,15.5052945701018,-1.30991210416222,6.23800623879709,6.43158772274325,0.193581483946167,0.0490084864392949,0.0281776399979282,-1.21550809807443,0.143410450704418,-0.0873355336154605,-0.176961794711829,0.0264828715350886,0.0560749170889577,-4.28081524789189,-1.55431223447522e-15
MHAS,final,340,451340,education,23.0388014060768,22.5656459913792,-0.47315541469753,17.6003368593553,16.0413890065935,-1.55894785276179,5.43846454672144,6.5242569847857,1.08579243806426,0.0334974629635367,0.0211786298154326,-1.96492262033473,0.0809769495818482,-0.0110999000120627,-0.149879633299949,0.485977351303106,0.0698770495697855,-4.48232116590643,1.55431223447522e-15
MHAS,final,340,451340,wealth,22.7235144277428,22.1417077870626,-0.581806640680242,16.5128129323215,15.6665726745758,-0.84624025774569,6.2107014954213,6.47513511248675,0.264433617065449,0.0189106529615514,0.022360293464329,-0.757433764492491,0.312309810788036,0.194967887496754,0.136449338005369,-0.732533529543359,0.507277698284791,-59.9448789680763,-1.4432899320127e-15
MHAS,final,341,451341,education,25.13127269967,23.2338004495462,-1.89747225012376,20.7945908058049,15.9690134983469,-4.82557730745802,4.33668189386504,7.2647869511993,2.92810505733426,0.0955181039977853,0.0504990927086613,-4.00776953122438,-0.352680269107234,-0.288290774676536,-0.314866055029575,0.138029322579697,-0.640971043783769,13.2827846896813,-1.77635683940025e-15
MHAS,final,341,451341,wealth,23.8883461774822,22.7639166792921,-1.12442949819008,16.7832461021965,15.7849877458807,-0.99825835631578,7.10510007528567,6.97892893341138,-0.126171141874292,0.0554397645268373,0.0447668366235754,-1.00679815194289,0.130786992968384,0.526097731555623,-0.0287826909367559,-0.619562237960135,0.656884724524007,-65.8030779675451,1.33226762955019e-15
MHAS,final,342,451342,education,23.7648403301128,23.5843888778774,-0.18045145223541,18.3901545189376,15.9024916057618,-2.48766291317585,5.37468581117521,7.68189727211564,2.30721146094044,0.128131750719394,0.0814870298787834,-1.84859622563817,-1.1343936149603,-0.432986030727439,-0.294689472576081,1.22300243072614,-1.56737964568774,63.006110570132,-2.66453525910038e-15
MHAS,final,342,451342,wealth,24.7573713499367,21.829433953781,-2.92793739615572,16.5507267169114,15.1539229729118,-1.39680374399964,8.20664463302524,6.67551098086916,-1.53113365215607,0.115593414590569,0.0476103925816853,-0.622583452184529,-0.277855523602204,0.381444507727362,-0.30751340220336,-0.570295873736914,0.103588984125158,-7.41614450635265,-8.88178419700125e-16
MHAS,final,343,451343,education,24.610932924392,23.6023403413517,-1.00859258304027,19.4625889761493,15.8166508787518,-3.64593809739743,5.14834394824271,7.78568946259987,2.63734551435716,0.143631218146248,0.0820653172968769,-2.9849811832309,-0.427274768149416,-0.519275508517971,-0.350259220259525,0.635852582760378,-0.946550276667387,25.9617758552472,8.88178419700125e-16
MHAS,final,343,451343,wealth,24.2995619853279,23.1280755255568,-1.17148645977108,17.0362238640625,15.3648053963172,-1.67141846774531,7.26333812126541,7.76327012923963,0.499932007974227,0.086675125870038,0.0797009984845949,-0.871139254715709,-0.0445332962321276,-0.0851114173235055,0.00942719751253511,-0.680061696986501,-0.129644713555633,7.75656821182069,4.44089209850063e-16
MHAS,final,344,451344,education,23.915391963517,22.5494229681692,-1.36596899534778,18.8142390027526,15.7736395203776,-3.04059948237499,5.10115296076445,6.77578344779165,1.6746304870272,0.0390419651983275,0.0460631412684452,-1.64106504042483,-0.550462366342498,0.0823945532752324,0.295413666921474,-1.22688029580437,-0.468067813067265,15.3939318802245,-1.33226762955019e-15
MHAS,final,344,451344,wealth,23.0906281915228,21.7868233365489,-1.30380485497399,17.3179686286543,14.7317748100638,-2.58619381859045,5.77265956286857,7.05504852648502,1.28238896361645,0.0374430074476037,0.041710335082512,-1.7544533916056,0.25202832921746,-0.211117325619979,0.189970623329309,-1.06262205391164,0.0409110035974816,-1.58190013847374,-5.77315972805081e-15
MHAS,final,345,451345,education,25.9308137471843,23.5051209095156,-2.42569283766869,20.1197969952911,16.6313873789829,-3.48840961630822,5.81101675189316,6.87373353053269,1.06271677863953,0.157031023065628,0.0744944180365093,-1.6831065380992,-0.301662320120029,-0.928841018603912,-0.472599697205232,-0.102200042279855,-1.23050333872394,35.2740496119312,-3.10862446895044e-15
MHAS,final,345,451345,wealth,24.6870396796746,22.7656526711014,-1.9213870085732,18.1764069214871,16.7217088200473,-1.45469810143982,6.51063275818749,6.04394385105412,-0.466688907133378,0.0877254664755997,0.0649845915952263,-0.925013662160804,0.242822600535972,0.397158116792557,-0.0549556684658661,-1.11470948814168,0.639980717328529,-43.9940573714293,6.66133814775094e-16
MHAS,final,346,451346,education,26.6382833432764,23.0103940181487,-3.62788932512767,20.2921218572143,16.2537588018342,-4.03836305538009,6.34616148606203,6.75663521631445,0.410473730252422,0.184568879386447,0.0638721175334566,-2.0249825184175,-0.758938600665957,-0.0663061933345374,-0.508804816638059,-0.679330926324039,-0.825244794000495,20.4351313312721,-4.44089209850063e-15
MHAS,final,346,451346,wealth,23.3454277443068,22.8284178039483,-0.517009940358484,16.5588294811922,16.1978662390795,-0.360963242112643,6.78659826311466,6.63055156486881,-0.156046698245843,0.060387715444229,0.0621269956339356,-0.49502381165996,0.234513879392782,0.351659184967984,0.0418337802229587,-0.493946275036408,0.586173064360767,-162.391345149168,1.11022302462516e-16
MHAS,final,347,451347,education,28.2837500710758,23.8281336547874,-4.45561641628841,21.3109907222966,16.0946535777623,-5.21633714453435,6.9727593487792,7.73348007702515,0.760720728245942,0.239117491824251,0.102104372973573,-1.17578133863716,-0.932282476134762,-1.22478976569694,-0.673376799374333,-1.21010676469116,-2.1570722418317,41.3522397433967,-3.5527136788005e-15
MHAS,final,347,451347,wealth,24.5312127400052,23.7431852688787,-0.788027471126426,17.486776612074,15.4053290332388,-2.0814475788352,7.04443612793117,8.33785623563994,1.29342010770877,0.10381713717686,0.11356234443056,-1.35698925328982,-0.146427646641712,-0.0278911583990828,0.0884403349357328,-0.638579855440316,-0.174318805040795,8.37488326938053,-4.44089209850063e-16
MHAS,final,348,451348,education,23.1444244855598,22.7511651317029,-0.39325935385698,20.4701576815722,16.2922148727952,-4.17794280877704,2.67426680398761,6.45895025890768,3.78468345492007,0.0545842792792689,0.0705009261218145,-4.26496091624801,-0.552827321298906,0.0163096370007562,0.223583208025485,0.399952583743628,-0.53651768429815,12.8416713405227,0
MHAS,final,348,451348,wealth,22.9208026034942,21.8890347967913,-1.0317678067029,16.6873411590925,16.336260734478,-0.351080424614583,6.23346144440165,5.55277406231334,-0.680687382088312,0.0684250843094044,0.0544542082168978,-1.03494841466425,0.460310740235278,0.709881638821853,-0.13357650830887,-0.352747880698588,1.17019237905713,-333.311770470191,2.66453525910038e-15
MHAS,final,349,451349,education,23.0759176031214,23.1881711011751,0.112253498053729,18.8587890414119,16.3275860969057,-2.53120294450622,4.2171285617095,6.86058500426945,2.64345644255995,0.0658657338528275,0.0634882766642578,-2.46984863057116,-0.531763336958195,-0.284547982946963,-0.0352154338197209,0.790172439789815,-0.816311319905158,32.2499356156683,-4.44089209850063e-16
MHAS,final,349,451349,wealth,23.7473242573994,22.2461476164602,-1.50117664093919,17.1945522134586,15.4921045860397,-1.70244762741888,6.55277204394078,6.75404303042046,0.201270986479678,0.0658884267245337,0.0494257685541538,-1.21968540103225,0.0615275092703666,0.195087409943381,-0.0414601203994209,-0.697917025200955,0.256614919213748,-15.0732930094777,1.77635683940025e-15
MHAS,final,350,451350,education,27.3189177563883,22.7554511462322,-4.5634666101561,19.449017232535,15.5012499178733,-3.94776731466171,7.86990052385337,7.25420122835898,-0.615699295494389,0.204184697677677,0.0456711484176604,-2.82506022906235,-0.726702250129027,0.748627988869437,-0.547350158582943,-0.597282665756828,0.0219257387404098,-0.555395923639655,0
MHAS,final,350,451350,wealth,23.7060724284893,23.4683350046453,-0.23773742384401,16.2680321563386,15.2841585269143,-0.983873629424327,7.43804027215068,8.18417647773099,0.746136205580317,0.0560626936936082,0.071303528486833,-0.427941756152045,-0.281788928502257,0.106626110739576,0.128993875561095,-0.509762931070696,-0.175162817762681,17.803385772741,5.55111512312578e-16
MHAS,final,351,451351,education,25.1513626762753,23.5682107861468,-1.58315189012854,20.1232520919875,16.0304683436403,-4.0927837483472,5.02811058428776,7.53774244250642,2.50963185821866,0.159415529145312,0.125871803151676,-2.90277122970021,0.00411372892102649,-0.92323854894939,-0.239088134653536,-0.0317995639650917,-0.919124820028363,22.4572045957604,8.88178419700125e-16
MHAS,final,351,451351,wealth,24.6904164390947,22.5176781987452,-2.17273824034941,17.3471191610037,14.8325023773648,-2.5146167836389,7.34329727809091,7.6851758213804,0.341878543289493,0.143411732459168,0.109211405196541,-0.731186070305912,-0.670164976678433,-0.0881594224569458,-0.0222074681268215,-1.00289884607079,-0.758324399135379,30.1566586236654,1.33226762955019e-15
MHAS,final,352,451352,education,25.4414938178506,22.4533631698448,-2.9881306480058,20.9847945459502,15.9842057103853,-5.00058883556485,4.45669927190039,6.46915745945944,2.01245818755905,0.157582730365323,0.0397200301947759,-2.21348065561704,-1.06160546069623,-1.16058328896427,-0.900393166716037,0.335473736428731,-2.2221887496605,44.4385415944619,8.88178419700125e-16
MHAS,final,352,451352,wealth,22.6318627873909,22.2394022280503,-0.39246055934068,16.4147436505351,15.8458214050229,-0.568922245512198,6.21711913685589,6.39358082302741,0.176461686171517,0.0338215395337237,0.040531060689704,-0.807267717804495,0.167862913792054,0.454814253633431,0.0772692986882697,-0.461600993821456,0.622677167425485,-109.448553354579,1.66533453693773e-15
MHAS,final,353,451353,education,25.6583318798262,23.2352247329615,-2.42310714686468,19.9127846803857,15.8307658648001,-4.08201881558556,5.74554719944055,7.40445886816143,1.65891166872088,0.131907649948867,0.110634020342755,-2.4191206547569,-0.201591620183613,-0.234380129016504,0.114405134947502,-1.34133154657604,-0.435971749200117,10.6802973944052,3.5527136788005e-15
MHAS,final,353,451353,wealth,23.9298807318979,22.3870981683866,-1.54278256351121,16.753756776003,14.9372543555595,-1.81650242044343,7.17612395589489,7.44984381282711,0.273719856932217,0.116018132268339,0.0906562255237283,-1.32041300178857,0.12043796223309,-0.0101042037951248,-0.0727386094444981,-0.533684567648325,0.110333758437965,-6.07396704767568,0
MHAS,final,354,451354,education,23.9066337504511,22.9960181857047,-0.910615564746383,20.1536812764413,15.8723803600027,-4.28130091643859,3.75295247400984,7.12363782570205,3.37068535169221,0.042010399895198,0.0182890169652052,-3.70799001493305,-0.606684999985285,-0.237273325360848,-0.0767315511046867,0.347378974945289,-0.843958325346134,19.7126607500456,7.99360577730113e-15
MHAS,final,354,451354,wealth,23.4636299892397,22.50153953068,-0.962090458559683,16.4759582883867,15.1529900070416,-1.32296828134501,6.987671700853,7.34854952363833,0.360877822785329,0.0215531702422938,0.0123544346770239,-1.03315818210426,-0.0800867864356707,0.0520762748143125,-0.0796657745041474,-0.182133813115244,-0.0280105116213582,2.11724740617976,-8.88178419700125e-16
MHAS,final,355,451355,education,25.6936624061178,22.9280820367175,-2.7655803694003,19.905741408283,16.0392149359304,-3.8665264723526,5.78792099783487,6.88886710078718,1.1009461029523,0.187475335088787,0.0710691668541844,-2.86926325453743,-1.01809703198376,0.184870530318066,-0.452286636416729,0.288249920267254,-0.833226501665696,21.5497425822282,-2.22044604925031e-15
MHAS,final,355,451355,wealth,23.7203107624289,21.8955522755347,-1.82475848689413,17.3291251542252,15.2677072267454,-2.06141792747978,6.39118560820365,6.6278450487893,0.236659440585646,0.0741564867485866,0.0533484138957189,-1.21664412478541,0.0994802552063282,0.150531669625155,0.0306893847756847,-1.12547511230153,0.250011924831483,-12.1281532239869,3.5527136788005e-15
MHAS,final,356,451356,education,23.624209194687,23.4129247999107,-0.211284394776317,19.8170185841863,16.4129015819017,-3.40411700228461,3.80719061050075,7.00002321800904,3.19283260750829,0.0316489191315858,0.0554497682272708,-2.83522536869984,-0.732019862871972,0.0783032347087146,0.301791840672487,-0.216966846093998,-0.653716628163257,19.203706209996,-1.77635683940025e-15
MHAS,final,356,451356,wealth,24.6933164925398,21.9579109104858,-2.735405582054,17.5203860182268,15.6852638424282,-1.83512217579858,7.17293047431302,6.2726470680576,-0.90028340625542,0.0691878403041922,0.0362515696147881,-0.977326464057042,-0.243262652868676,0.705065830561118,-0.271601713348821,-1.04799717608516,0.461803177692442,-25.1647102183527,-1.99840144432528e-15
MHAS,final,357,451357,education,26.7386139491888,23.6565604449545,-3.08205350423432,20.161599382419,16.3118102613019,-3.84978912111713,6.57701456676985,7.34475018365265,0.7677356168828,0.196274479275873,0.104486688534897,-1.83653386924969,-0.657221983814736,-0.283376133526294,-0.348450465841196,-0.724206668685207,-0.94059811734103,24.4324581879459,4.44089209850063e-16
MHAS,final,357,451357,wealth,25.215274546761,22.7826832259577,-2.43259132080323,17.1849061013421,15.7716021480565,-1.41330395328558,8.03036844541886,7.0110810779012,-1.01928736751766,0.135249609559676,0.0774682842905909,-0.459974332487451,0.126168277379056,-0.112796558182588,-0.212175971690478,-0.754525368304116,0.0133717191964675,-0.9461318752687,1.11022302462516e-15
MHAS,final,358,451358,education,26.9643914338633,23.2734802884744,-3.6909111453889,18.8710156680396,16.2727476473634,-2.59826802067613,8.09337576582373,7.00073264111096,-1.09264312471277,0.291452980172638,0.084972179811245,-1.91909234676127,-0.184947654704011,-0.0742995499681496,-0.824808752784466,0.404880283541767,-0.25924720467216,9.97769293272131,4.44089209850063e-16
MHAS,final,358,451358,wealth,24.3287733081254,21.5445567823717,-2.78421652575368,17.3081651042913,15.0639213904775,-2.24424371381376,7.02060820383412,6.4806353918942,-0.539972811939919,0.113053625724421,0.0575862263455839,-0.624013092199951,-0.507787850032125,0.0811615321368933,-0.211051626884586,-0.982552676833992,-0.426626317895231,19.0098034036706,4.44089209850063e-16
MHAS,final,359,451359,education,23.484304171809,23.1998961769856,-0.28440799482339,17.0439335313287,16.300193061337,-0.743740469991721,6.44037064048033,6.89970311564866,0.459332475168328,0.110308866465487,0.0915530898823938,-1.17950593913721,0.215005462148546,-0.00585662232608047,-0.145164178231937,0.371780807554963,0.209148839822465,-28.1212127430411,-1.11022302462516e-16
MHAS,final,359,451359,wealth,23.9407380405849,22.4578504249989,-1.48288761558597,16.6858808490716,15.5346027018265,-1.15127814724512,7.25485719151329,6.92324772317244,-0.331609468340853,0.0978749010795185,0.0807691957932661,-0.294528683240969,-0.111774064375167,0.124760021772988,0.0057837909427259,-0.875519212344702,0.0129859573978207,-1.12796003545231,-1.99840144432528e-15
MHAS,final,360,451360,education,25.0661598012693,23.384722178068,-1.68143762320129,19.6953185420498,15.8485343036606,-3.8467842383892,5.37084125921953,7.53618787440743,2.16534661518791,0.0830643791432558,0.0686416898887796,-2.77566063282255,-0.232274199297537,-0.251576481193352,-0.0412188765288988,-0.546054048546858,-0.483850680490889,12.5780561244448,0
MHAS,final,360,451360,wealth,24.5442949049021,21.7592507365906,-2.7850441683115,17.6652878271012,14.8289596773579,-2.83632814974324,6.87900707780094,6.93029105923268,0.0512839814317392,0.0863309821171658,0.0428125035557344,-1.46687706393242,-0.425896822217428,0.0951014622068364,-0.23826261639988,-0.800393109400352,-0.330795360010591,11.6628028403743,0
MHAS,final,361,451361,education,22.8563468666761,23.1456750004116,0.289328133735506,17.9942293523318,16.0451680034552,-1.94906134887663,4.86211751434427,7.1005069969564,2.23838948261214,0.0546996872568346,0.0574716246717831,-2.59008572198553,-0.0830523689764862,0.0704008245146059,-0.0800127341361852,0.733688651706966,-0.0126515444618803,0.649109606999913,3.10862446895044e-15
MHAS,final,361,451361,wealth,23.8014556103269,23.0141855722882,-0.787270038038756,17.3429883629979,15.3628830848018,-1.98010527819609,6.45846724732899,7.65130248748632,1.19283524015733,0.0541133571287695,0.0565461077826597,-1.69253014103219,0.0345700167283912,0.0186305525768224,0.0412813045582652,-0.382057011027376,0.0532005693052137,-2.68675458275029,1.99840144432528e-15
MHAS,final,362,451362,education,25.3681449226808,23.2601614868705,-2.10798343581023,20.0202912831871,16.4420708612243,-3.5782204219628,5.34785363949366,6.81809062564623,1.47023698615257,0.120072131846582,0.0735453950531165,-2.77451159674568,-0.162612875620606,-0.0427166000040771,-0.328253744314073,-0.270125605278366,-0.205329475624683,5.73831266414973,2.22044604925031e-15
MHAS,final,362,451362,wealth,23.6780421788448,22.4554850080061,-1.22255717083874,17.039885363237,15.5637114205183,-1.47617394271872,6.63815681560782,6.8917735874878,0.253616771879978,0.0756486116907706,0.0615320459207984,-1.38357835394525,0.18036613239914,0.247644397605048,-0.120799670072869,-0.399806448704791,0.428010530004188,-28.9945864520481,8.88178419700125e-16
MHAS,final,363,451363,education,28.8199149270116,23.269778544516,-5.55013638249563,21.0693633778713,16.435025621148,-4.63433775672334,7.7505515491403,6.83475292336801,-0.915798625772291,0.217369381435038,0.0688588735826895,-2.47114297805636,-0.117591752352435,-0.00576916836240369,-0.520683281840126,-1.51915057611202,-0.123360920714839,2.66188886504595,8.88178419700125e-16
MHAS,final,363,451363,wealth,25.1522887577925,21.8007406415706,-3.35154811622198,17.7813596080713,15.2040492270571,-2.57731038101412,7.37092914972128,6.59669141451342,-0.774237735207857,0.0917903483717323,0.0545898676780472,-1.09783448398745,-0.189085230582483,0.474424671165712,-0.121946951747965,-1.64286838586193,0.28533944058323,-11.0712098428345,-1.77635683940025e-15
MHAS,final,364,451364,education,23.7408552027842,23.1289547610332,-0.611900441751015,19.8135635016729,15.9163246349162,-3.89723886675669,3.92729170111135,7.21263012611703,3.28533842500567,0.073328310015275,0.0775724455286247,-2.39227900635347,-0.697537549565719,-0.944200418544679,0.0514591318322919,0.0853189758748831,-1.6417379681104,42.1256695891639,-4.44089209850063e-15
MHAS,final,364,451364,wealth,24.0991610453375,22.5455964073295,-1.55356463800808,17.3401221307253,14.9395706127478,-2.40055151797744,6.75903891461227,7.60602579458163,0.846986879969363,0.0855623206026018,0.0707912536941658,-1.3247046412993,-0.119465802928143,-0.260733842651907,-0.0248352921313888,-0.670811938966702,-0.38019964558005,15.8380123372809,-1.33226762955019e-15
MHAS,final,365,451365,education,21.8141747095233,23.7357130140914,1.92153830456805,18.0959699733868,15.932245414108,-2.16372455927872,3.71820473613658,7.80346759998335,4.08526286384677,0.0187210165605806,0.0684444808179322,-2.27703853567971,-0.707535219545819,-0.297373284282202,0.49112526048584,0.627097219743175,-1.00490850382802,46.4434578569008,2.66453525910038e-15
MHAS,final,365,451365,wealth,24.7836859768061,22.1312164459831,-2.65246953082297,17.1604684169715,15.0501311447397,-2.11033727223184,7.6232175598346,7.08108530124347,-0.542132258591127,0.0982807848240882,0.038099751920517,-0.763513145729311,-0.220923609649489,-0.360943142331528,-0.355241510519289,-0.40971586400222,-0.581866751981017,27.5722160451467,-8.88178419700125e-16
MHAS,final,366,451366,education,22.8325484733842,22.913897642609,0.0813491692247794,18.4587650790079,16.0626488448509,-2.39611623415692,4.37378339437637,6.85124879775808,2.4774654033817,0.0357532188092404,0.0594171556520347,-1.78828672323932,-0.486579917376722,-0.118250310308013,0.348602768157354,-0.351602051390218,-0.604830227684735,25.2421071675409,-2.22044604925031e-15
MHAS,final,366,451366,wealth,24.0698481203319,22.0349993325433,-2.03484878778853,17.4394121887443,15.4021704724346,-2.03724171630974,6.63043593158758,6.63282886010878,0.00239292852120343,0.0709647629626481,0.0429917499451871,-1.23892808882543,-0.0979718346720169,0.117266155161723,-0.154045930044734,-0.663562017929274,0.0192943204897058,-0.94708057150212,1.33226762955019e-15
MHAS,final,367,451367,education,24.2843907374557,22.941903246595,-1.34248749086071,19.3016917184263,16.4292596789389,-2.87243203948738,4.98269901902936,6.51264356765602,1.52994454862666,0.124495530231751,0.06822386271072,-2.85926667490826,0.203938729963662,-0.352463311472114,-0.490880705426799,0.626239922356136,-0.148524581508452,5.17069088029523,1.77635683940025e-15
MHAS,final,367,451367,wealth,23.7965511692532,22.512389803491,-1.28416136576219,17.204491534096,16.0067742052852,-1.19771732881088,6.59205963515714,6.50561559820582,-0.0864440369513204,0.080432937098124,0.061347756350124,-0.294176759497028,-0.0396228506275859,-0.251521954307934,-0.0603882459893772,-0.552007518388953,-0.29114480493552,24.3083069712764,-6.66133814775094e-16
MHAS,final,368,451368,education,24.9329446177762,22.8435537245091,-2.08939089326712,20.6468257510892,16.2630652860735,-4.38376046501578,4.28611886668697,6.58048843843564,2.29436957174867,0.0904647872258098,0.0636497390834891,-2.68023828999842,-1.10153140919116,-0.0482493793779556,-0.161075483483536,-0.392665902964702,-1.14978078856912,26.2281846315474,2.66453525910038e-15
MHAS,final,368,451368,wealth,24.1294079636349,21.2021895533162,-2.92721841031874,17.2491599031922,15.634747123554,-1.61441277963828,6.88024806044271,5.56744242976225,-1.31280563068046,0.0730108784778885,0.0470270031272047,-0.583459832044743,-0.08051457117318,0.95231336022995,-0.121219898030232,-1.78153183862008,0.87179878905677,-54.0009841381521,-3.10862446895044e-15
MHAS,final,369,451369,education,24.0311941395379,23.2252806955736,-0.805913443964307,18.6850309328772,15.8553037110754,-2.82972722180179,5.34616320666075,7.36997698449823,2.02381377783748,0.0675236891328282,0.0654764021647522,-1.68974522812822,-0.65157558253176,-0.352213983619911,0.026367319437555,-0.162559746959458,-1.00378956615167,35.4730151520585,-8.88178419700125e-16
MHAS,final,369,451369,wealth,23.959842781683,22.2042392333081,-1.75560354837494,17.1686795925665,14.7413443123231,-2.42733528024333,6.79116318911658,7.46289492098496,0.67173173186838,0.0667811673946571,0.0550932263290759,-1.48077828006989,-0.0191815154647105,-0.0717711026648999,-0.0147037655132125,-0.840900616530608,-0.0909526181296104,3.7470150444356,1.33226762955019e-15
MHAS,final,370,451370,education,23.2365607431417,22.8751801430218,-0.361380600119926,18.9908055461908,16.1628594383755,-2.82794610781534,4.2457551969509,6.71232070464632,2.46656550769542,0.0565531704625595,0.056322026528044,-2.26811744355922,-0.136373810098454,-0.706037835509285,0.0154294381382018,0.267153543213412,-0.842411645607739,29.788815397848,-4.44089209850063e-16
MHAS,final,370,451370,wealth,23.4343439252725,21.9128868695435,-1.52145705572896,17.0077148492204,15.4564382383382,-1.55127661088217,6.42662907605209,6.4564486312053,0.0298195551532139,0.0645003009005369,0.0413422039298054,-0.796351339050656,0.0173563251418518,-0.182322044242585,-0.14434918111808,-0.445610371612701,-0.164965719100733,10.6341910877469,-8.88178419700125e-16
MHAS,final,371,451371,education,21.7511444481855,23.0693262288445,1.31818178065899,16.8794695029725,15.6675160330413,-1.21195346993126,4.87167494521297,7.40181019580322,2.53013525059025,0.045224963457986,0.0713531857487624,-1.70083317340017,-0.165966548269169,-0.271192455058745,0.139018539761321,0.78702016703551,-0.437159003327914,36.0706094890516,6.66133814775094e-16
MHAS,final,371,451371,wealth,23.1091216013525,22.8536360518688,-0.255485549483709,16.4194385758501,15.7682799350992,-0.651158640750914,6.68968302550244,7.08535611676965,0.395673091267206,0.0617381681487801,0.0729744704825964,-0.662110199496117,0.154615589894696,0.294021420671094,0.0891415166726839,-0.52682696849327,0.44863701056579,-68.8982657203816,0
MHAS,final,372,451372,education,26.7565696135838,22.5038515186839,-4.25271809489989,20.2803094283296,16.2550621162562,-4.02524731207341,6.47626018525417,6.2487894024277,-0.227470782826476,0.108874653541515,0.0341843708101832,-2.15474979382458,-0.354996905758147,0.166020110658021,-0.456088594708892,-1.22543212843982,-0.188976795100125,4.69478718818852,1.77635683940025e-15
MHAS,final,372,451372,wealth,23.3717973312163,22.0249067293848,-1.34689060183148,17.3703519032288,15.7952018377708,-1.57515006545803,6.00144542798752,6.22970489161407,0.228259463626545,0.0416038216168583,0.0274701030652456,-0.804532240975826,0.0231302126805366,-0.251682449557234,-0.155311646941602,-0.3867539406639,-0.228552236876698,14.5098706395469,4.44089209850063e-16
MHAS,final,373,451373,education,26.5796120042705,23.2871046875385,-3.29250731673202,22.7590942952266,16.9656783340807,-5.79341596114588,3.82051770904394,6.3214263534578,2.50090864441386,0.0906862399141646,0.0512624519031625,-3.77916542037774,-0.18542144223754,-0.374511301396145,-0.0710502532731102,-1.38326754386134,-0.559932743633685,9.66498430958402,-3.5527136788005e-15
MHAS,final,373,451373,wealth,24.3659752411211,23.0565983369708,-1.30937690415029,18.3263403947105,16.3453292893204,-1.98101110539007,6.03963484641062,6.71126904765039,0.671634201239773,0.0571669820879765,0.0528697720991882,-1.61491736269678,-0.0939799200524793,0.473365783599734,0.00227940972273937,-0.747759015963283,0.379385863547255,-19.1511225007774,-2.66453525910038e-15
MHAS,final,374,451374,education,22.467575938082,23.1837852359355,0.716209297853485,18.9210093258465,16.0816793438758,-2.83932998197065,3.54656661223558,7.10210589205972,3.55553927982414,0.0217083149673108,0.0516611348303544,-2.21279672902099,-0.521363557294084,-0.580139765338787,0.352881714407998,0.122088355275213,-1.10150332263287,38.794480727047,3.99680288865056e-15
MHAS,final,374,451374,wealth,23.932488649013,22.8799669336093,-1.05252171540371,16.8670298005199,15.7082646208625,-1.15876517965742,7.06545884849316,7.17170231274687,0.106243464253708,0.0542727252946358,0.0538536429724332,-0.758690813361543,0.115796295471859,0.264391703110584,0.0401029385140476,-0.820365303392361,0.380187998582443,-32.8097534562476,1.99840144432528e-15
MHAS,final,375,451375,education,28.6119455354108,22.6927419773176,-5.91920355809314,20.8475951607586,15.8876178901771,-4.95997727058146,7.76435037465218,6.8051240871405,-0.959226287511687,0.295091232099502,0.0703842024223155,-1.80337871471881,-1.32636348060195,-0.0901410280367165,-0.839309554873083,-0.900784492350902,-1.41650450863866,28.5586895133616,1.77635683940025e-15
MHAS,final,375,451375,wealth,24.1381961813254,21.8581540883102,-2.28004209301525,16.8602276671898,15.0365641311784,-1.82366353601144,7.2779685141356,6.82158995713179,-0.456378557003812,0.0921227413643193,0.0676945418332046,-1.1329381303585,0.0064856088797738,0.588934391049184,-0.0874272034441164,-1.19871820213779,0.595419999928957,-32.6496630640106,2.22044604925031e-16
MHAS,final,376,451376,education,25.0333935826833,22.9810566815826,-2.05233690110077,18.625688126513,16.054852248199,-2.57083587831403,6.40770545617033,6.92620443338359,0.518498977213261,0.0937714114798404,0.0687476107370543,-1.36188525797987,-0.198860233232724,-0.100176007483124,-0.0656809446554892,-0.844233434962823,-0.299036240715848,11.6318681887992,-2.22044604925031e-15
MHAS,final,376,451376,wealth,24.2540939364812,22.5568151047126,-1.69727883176858,17.1487819070745,15.8461339223441,-1.30264798473041,7.10531202940664,6.71068118236847,-0.394630847038173,0.0792629885344091,0.0691168762227696,-1.14315461269105,0.134168283653778,0.72081059512779,-0.0389045191146296,-0.975567731706298,0.854978878781567,-65.6339155937443,-4.44089209850063e-16
MHAS,final,377,451377,education,24.4839483710491,22.375847059839,-2.10810131121007,19.7895913671874,15.6334730165012,-4.15611835068615,4.69435700386169,6.74237404333777,2.04801703947607,0.0902726925103194,0.049684221512295,-3.17860053222522,-0.557504011632097,-0.0736143795126657,-0.252480834766141,-0.0939185925500226,-0.631118391144762,15.1852843901947,-2.66453525910038e-15
MHAS,final,377,451377,wealth,23.0331874948818,21.8553356033004,-1.17785189158134,16.6217165426414,15.2555486399321,-1.3661679027093,6.41147095224038,6.59978696336834,0.188316011127954,0.0514479756030444,0.0465598330093635,-0.58532942160508,0.0797659962202504,-0.10997784179424,0.0494563017439756,-0.8000829372742,-0.0302118455739897,2.21142990653459,1.99840144432528e-15
MHAS,final,378,451378,education,22.5169036770748,23.648558897703,1.13165522062825,18.3772502332165,16.1905619502599,-2.18668828295662,4.13965344385825,7.45799694744312,3.31834350358488,0.0546250304263835,0.0793235224837731,-1.83213168197393,-0.690070976303283,-0.646890417238527,0.120276477987613,0.8621283145715,-1.33696139354181,61.1409227351831,-2.22044604925031e-15
MHAS,final,378,451378,wealth,23.9403167140487,22.4250732299051,-1.51524348414361,17.3893535765351,15.2457643675472,-2.14358920898788,6.55096313751361,7.17930886235788,0.628345724844274,0.073991699465838,0.0604974548541638,-1.14020620582269,-0.331729385456587,-0.0221151249443769,-0.0420124675427499,-0.607526025221475,-0.353844510400964,16.5071044823946,-4.44089209850063e-16
MHAS,final,379,451379,education,24.2838554593384,22.0622025877984,-2.22165287154,19.6601894212368,15.5338628850694,-4.12632653616741,4.62366603810153,6.52833970272894,1.90467366462741,0.0716042856846846,0.0304546580782703,-3.23207306627674,-0.00459378792251538,-0.516427872488578,-0.268567178280918,-0.104664631198656,-0.521021660411094,12.6267675581251,4.44089209850063e-15
MHAS,final,379,451379,wealth,23.3059763005629,21.3541005381782,-1.9518757623847,16.910089247412,14.6048294248545,-2.30525982255749,6.39588705315088,6.74927111332368,0.353384060172798,0.0382674670077727,0.0295904808662517,-0.70379859433388,-0.156894746117604,-0.25301142630614,0.0459387367064248,-1.23749379250629,-0.409906172423745,17.7813437085364,-2.22044604925031e-15
MHAS,final,380,451380,education,22.5434291757376,24.4032426539328,1.85981347819528,18.7042139405725,16.5632884851232,-2.14092545544932,3.83921523516501,7.83995416880961,4.0007389336446,0.0793633136814207,0.140199837781712,-3.11105749720042,-0.221696695177962,-0.0600005911224661,0.0632007668150138,1.18862856123652,-0.281697286300429,13.1577344546687,1.33226762955019e-15
MHAS,final,380,451380,wealth,24.249128217429,23.6863730586399,-0.562755158789098,16.8171045344328,15.7440739702931,-1.0730305641397,7.43202368299622,7.94229908834682,0.510275405350604,0.125888638540332,0.12720904120263,-1.27630177869802,0.295561166144447,0.265506384490132,-0.0164630018579612,-0.341333334218305,0.561067550634579,-52.2881238787835,-8.88178419700125e-16
MHAS,final,381,451381,education,23.6567305903489,23.4715538553841,-0.185176734964777,18.479305043079,16.3408291344877,-2.13847590859132,5.17742554726986,7.13072472089641,1.95329917362655,0.0937860135971149,0.0715335279196738,-1.53932979993383,-0.364320444666887,-0.720925127970611,-0.224686851673856,0.710786315653858,-1.0852455726375,50.7485526620863,4.44089209850063e-16
MHAS,final,381,451381,wealth,24.4852624636666,22.4503456103165,-2.03491685335014,17.7882568595662,15.3726737517554,-2.41558310781082,6.69700560410044,7.07767185856112,0.380666254460683,0.0866452203760676,0.0542429519854053,-1.35154732068984,-0.0453791304191036,-0.234387460195607,-0.188127840999001,-0.596141355507268,-0.279766590614711,11.5817414731077,4.44089209850063e-16
MHAS,final,382,451382,education,23.4967892259431,23.4153166016268,-0.0814726243163477,18.0241798745112,16.0173094318735,-2.00687044263775,5.4726093514319,7.3980071697533,1.9253978183214,0.146509221260927,0.0959309158763508,-1.78978660376167,-0.673292103388932,-0.437320793776894,-0.436138713416993,1.32966777170673,-1.11061289716583,55.3405378628269,-5.32907051820075e-15
MHAS,final,382,451382,wealth,24.5368270310555,22.522025905109,-2.01480112594649,17.8424519604883,15.0617258087192,-2.7807261517691,6.69437507056715,7.46030009638976,0.765925025822611,0.118964902400071,0.0863140759949839,-1.43855170821109,-0.301841963424162,-0.141305845894076,-0.0780546705543563,-0.820971963685424,-0.443147809318238,15.936406000868,-8.88178419700125e-16
MHAS,final,383,451383,education,24.791455536275,23.5868376787521,-1.20461785752298,20.9346497340034,16.5372496192417,-4.39740011476163,3.85680580227169,7.04958805951035,3.19278225723866,0.0925415761364377,0.0896740575792978,-2.78017293241668,-0.504599043334938,-0.917488047376915,-0.0035415724846624,-0.19159851914843,-1.42208709071185,32.3392698776272,0
MHAS,final,383,451383,wealth,23.9183084680825,23.5848678438904,-0.333440624192093,17.2894894118591,16.4503031217967,-0.839186290062411,6.62881905622334,7.13456472209366,0.505745665870318,0.0798306193540701,0.104596428588528,-0.86868157913394,0.176998883735179,0.401932486861937,0.215950466856045,-0.765386548381633,0.578931370597116,-68.9872293497621,-6.66133814775094e-16
MHAS,final,384,451384,education,23.4493705157332,23.965527229727,0.516156713993787,17.9635203020312,16.1983079345211,-1.76521236751011,5.48585021370208,7.76721929520597,2.28136908150389,0.0835186158305691,0.0947241126385795,-2.68377785982698,-0.160405101746295,0.40301618856948,-0.0736224202901623,0.749576825783859,0.242611086823186,-13.7440169403185,4.2188474935756e-15
MHAS,final,384,451384,wealth,23.7891362445776,22.3033994499455,-1.4857367946321,16.5094512780534,15.3568253117034,-1.15262596634997,7.27968496652414,6.94657413824201,-0.333110828282124,0.0902625504347207,0.0621798216200094,-0.932237246494262,-0.0731291911920566,0.354912960921581,-0.201083954757329,-0.301088534827908,0.281783769729524,-24.4471127630284,-4.44089209850063e-16
MHAS,final,385,451385,education,23.6312867830855,23.5771121857636,-0.0541745973219108,18.1529381771412,16.2027676549091,-1.95017052223201,5.47834860594431,7.3743445308544,1.89599592491009,0.0875919969032436,0.0816798477772005,-2.13624679677079,-0.477733840754462,0.166609771559456,-0.0999793625529081,0.597179706286699,-0.311124069195006,15.953685364853,-6.66133814775094e-16
MHAS,final,385,451385,wealth,24.0359002921199,23.2112342846021,-0.824666007517791,17.5587433450301,16.0384815768369,-1.52026176819321,6.47715694708976,7.17275270776518,0.695595760675415,0.0764132015634853,0.0786870637732689,-1.10473082983422,-0.00538200341092079,0.10370460554146,0.0702581061191508,-0.584111646608674,0.0983226021305392,-6.46747844270221,1.55431223447522e-15
MHAS,final,386,451386,education,20.9691914427902,23.3196963505183,2.35050490772805,16.7646705236522,16.4186021976983,-0.346068325953866,4.20452091913803,6.90109415281995,2.69657323368192,0.039661671841603,0.0511370147498156,-2.00086327595829,-0.115581280055304,-0.0223932960929711,-0.110778173440474,1.90354769959317,-0.137974576148275,39.8691720104626,-8.88178419700125e-16
MHAS,final,386,451386,wealth,23.4052263444069,21.7753441550036,-1.6298821894033,16.6178255835339,15.6746323881953,-0.943193195338578,6.78740076087305,6.10071176680833,-0.686688994064723,0.051524280446627,0.0292836876152425,-0.84925402321421,0.0974204154445371,0.49192931188477,-0.273629994738462,-0.409658904715214,0.589349727329307,-62.4845185739225,-6.66133814775094e-16
MHAS,final,387,451387,education,26.2081128405084,22.5335708715225,-3.67454196898587,21.326896892966,16.0561273969493,-5.27076949601677,4.88121594754236,6.47744347457325,1.59622752703089,0.134253419657613,0.0551423160022111,-3.16662208628652,-0.441315788157623,-0.565073026427754,-0.423047204949835,-0.674711390195032,-1.00638881458538,19.0937739801736,2.66453525910038e-15
MHAS,final,387,451387,wealth,22.9934850206822,22.3378146775081,-0.655670343174112,16.8620605592968,15.7457362011393,-1.11632435815747,6.13142446138537,6.59207847636873,0.46065401498336,0.0563728854067745,0.0551584465547672,-0.809667400128714,0.16952944214728,-0.103632370414907,0.0491989014540779,-0.421752931215207,0.065897071732373,-5.90303985135093,2.22044604925031e-16
MHAS,final,388,451388,education,25.3330070313312,23.9531158798354,-1.37989115149583,21.7165649423432,16.0707765417802,-5.64578840056306,3.61644208898799,7.88233933805521,4.26589724906722,0.145472820392069,0.105632557570196,-4.97339202134963,-0.386690237686394,-0.176825449581152,0.0545538884622882,-0.163434580408165,-0.563515687267545,9.9811690996309,3.5527136788005e-15
MHAS,final,388,451388,wealth,25.2550617243127,22.8837171428908,-2.3713445814219,17.2702514588562,15.3026225497783,-1.9676289090779,7.98481026545652,7.58109459311252,-0.403715672343997,0.133888385402463,0.0772622578459105,-1.23833552882324,-0.0572266909872615,0.165698567604298,-0.193512055082925,-0.644253201788779,0.108471876617036,-5.51282185968033,-1.33226762955019e-15
MHAS,final,389,451389,education,25.0549654896411,23.1550108003636,-1.89995468927755,20.3108026053033,16.2876883099608,-4.02311429534248,4.74416288433785,6.86732249040278,2.12315960606493,0.100905857696585,0.0585736889538661,-2.56030646904859,-0.580751078071669,-0.565695338723016,-0.272484516629605,-0.0438768928696012,-1.14644641679468,28.4964913405993,3.5527136788005e-15
MHAS,final,389,451389,wealth,23.596235409613,22.9471886549743,-0.649046754638718,17.3188734297734,15.8710867573335,-1.44778667243984,6.27736197983964,7.07610189764076,0.79873991780112,0.0539356803588685,0.0554504021466032,-1.34668800800343,-0.207782490166581,0.384124974592457,0.0582917771857302,-0.335732926048016,0.176342484425876,-12.1801428195703,1.11022302462516e-15
MHAS,final,390,451390,education,25.9020772913986,23.6627555955003,-2.23932169589828,21.5144980196914,16.5307547178783,-4.98374330181312,4.3875792717072,7.13200087762204,2.74442160591485,0.130799781142897,0.0973844678796422,-3.12554898576983,-0.796777305388329,-0.463366057608199,-0.218644734336411,-0.379406218710354,-1.26014336299653,25.2850776350796,0
MHAS,final,390,451390,wealth,24.4732506424921,22.1052679317114,-2.36798271078074,17.9214991841789,15.3076525037822,-2.61384668039674,6.55175145831321,6.7976154279292,0.245863969615993,0.0969741540621023,0.0604652624832656,-1.63757728118966,-0.303326236440517,0.175512846419839,-0.162155049333927,-0.686300959852474,-0.127813390020678,4.88985796218461,1.33226762955019e-15
MHAS,final,391,451391,education,23.890891760783,23.6569551054189,-0.233936655364069,19.3916640201962,16.7004061641755,-2.69125785602079,4.49922774058677,6.95654894124349,2.45732120065672,0.0901308185377409,0.09931516849891,-2.68050224032753,0.0669443537525494,-0.290070394461741,0.00677116271963326,0.205599262296297,-0.223126040709192,8.29077155167505,4.44089209850063e-16
MHAS,final,391,451391,wealth,24.2109894956164,23.6784493005778,-0.532540195038603,17.843486983268,16.1733115082,-1.670175475068,6.36750251234842,7.50513779237781,1.13763528002939,0.0936379824263685,0.112575061826456,-1.26080562821296,0.0913428002278338,0.0235704266618274,0.18142361738336,-0.705706691128061,0.114913226889661,-6.88030860260253,-6.66133814775094e-16
MHAS,final,392,451392,education,24.7856212409626,23.6336113588531,-1.15200988210955,17.6055799007902,15.9818075992301,-1.6237723015601,7.18004134017243,7.65180375962298,0.471762419450549,0.1348290670723,0.0775514097283108,-2.52426959819531,0.179691894322418,0.468087407870177,-0.255064219628723,0.507782214071338,0.647779302192595,-39.8934814672116,-1.33226762955019e-15
MHAS,final,392,451392,wealth,23.8459824461716,23.929078378161,0.0830959319893907,16.8777503032963,15.5891582431627,-1.28859206013361,6.96823214287529,8.33992013499829,1.371687992123,0.0764246638944498,0.0952202608600996,-1.07165307336996,-0.173438882881512,0.0555561368905697,0.0943377452977344,-0.193393986070448,-0.117882745990942,9.14818192956422,-2.22044604925031e-16
MHAS,final,393,451393,education,25.0760595713741,23.0588605377042,-2.01719903366989,19.3055221711035,16.082127580201,-3.22339459090254,5.77053740027051,6.97673295750315,1.20619555723264,0.150622345627873,0.0560516288167678,-2.83335021071986,-0.387873135656055,-0.0142483515498994,-0.525749631214195,0.537826738237474,-0.402121487205954,12.4750934415809,-8.88178419700125e-16
MHAS,final,393,451393,wealth,23.7859395669453,22.6947286755462,-1.0912108913991,16.8919122937904,15.6818091795294,-1.21010311426098,6.89402727315489,7.01291949601677,0.118892222861884,0.0685454594563555,0.0555516493135271,-0.947716062702724,-0.0223320583304193,0.284555511234573,-0.0390777396865515,-0.485532764775861,0.262223452904153,-21.6695131029635,-1.99840144432528e-15
MHAS,final,394,451394,education,23.7286852000707,22.3870120313951,-1.3416731686756,19.0895843716045,15.8424147191451,-3.24716965245934,4.63910082846624,6.54459731224998,1.90549648378374,0.0676224270556442,0.0313564719595324,-3.16318478287715,-0.790277145300677,0.634810543674447,-0.17798258236134,0.249464314405384,-0.15546660162623,4.78775728605628,-2.66453525910038e-15
MHAS,final,394,451394,wealth,22.7114216588183,21.9361682404384,-0.775253418379833,16.8245872465186,15.4554783920567,-1.36910885446192,5.88683441229968,6.48068984838177,0.593855436082091,0.0322432845179709,0.0283957644276637,-1.2279934477502,-0.223060864173076,0.504321974507169,0.0318962417377606,-0.454272758783583,0.281261110334094,-20.543370924632,-2.22044604925031e-16
MHAS,final,395,451395,education,22.6696265903178,23.119039391877,0.449412801559252,18.3937151031486,15.9001824784022,-2.49353262474633,4.27591148716923,7.21885691347481,2.94294542630559,0.0969048600418789,0.0793001605655261,-2.00013992686367,-1.19740896069274,-0.435355840986632,-0.256785575033171,1.39615767882988,-1.63276480167937,65.4799855223659,1.33226762955019e-15
MHAS,final,395,451395,wealth,23.5658359394788,21.9795176937995,-1.58631824567932,16.9089956322318,14.8956608255927,-2.01333480663904,6.65684030724704,7.08385686820675,0.427016560959714,0.0825755917908763,0.0672001051715671,-0.788528802471541,-0.497236577029914,0.0608346773906188,-0.0106780428048828,-0.777726061723319,-0.436401899639295,21.6755751800567,1.33226762955019e-15
MHAS,final,396,451396,education,26.3080633027365,22.8846642082249,-3.42339909451161,21.9244853853695,15.939776640735,-5.9847087446345,4.38357791736698,6.94488756748987,2.56130965012289,0.130938583161488,0.0626310388869828,-2.59468909413486,-1.62011000518732,-0.589123136559179,-0.439787062499903,-0.740999446253237,-2.2092331417465,36.9146308703352,-8.88178419700125e-16
MHAS,final,396,451396,wealth,24.2001694636386,21.0775915590036,-3.12257790463505,16.9403043117938,15.1891876013843,-1.75111671040951,7.25986515184477,5.88840395761923,-1.37146119422554,0.0778522636538001,0.0357200847849484,-0.349821208156366,0.142275373198023,0.0657714509157399,-0.294209991848117,-1.31513233451879,0.208046824113763,-11.8808085650162,6.66133814775094e-16
MHAS,final,397,451397,education,24.2750662525188,23.6812838562238,-0.59378239629492,18.6202169920329,16.8842206509388,-1.73599634109409,5.65484926048582,6.79706320528499,1.14221394479917,0.0762785175657039,0.0555184312205231,-1.89521287476078,-0.166213948080651,0.140073602742476,-0.195890946423126,0.381247825427992,-0.0261403453381746,1.50578343510217,1.77635683940025e-15
MHAS,final,397,451397,wealth,24.0596042061156,22.4113408066874,-1.64826339942822,17.3962977931614,16.2376082146864,-1.15868957847503,6.66330641295419,6.17373259200101,-0.489573820953188,0.0612006059525849,0.0365522206745978,-1.1826268457827,-0.028586847869206,0.663316356016313,-0.256816163491131,-0.353976077348305,0.634729508147107,-54.7799445113233,1.55431223447522e-15
MHAS,final,398,451398,education,25.3034268424135,23.7041543633657,-1.5992724790478,18.9517547162603,17.0500091185228,-1.90174559773756,6.35167212615317,6.65414524484292,0.302473118689753,0.141709544572946,0.0730681502986877,-1.49524744239118,-0.1324429068937,-0.204902531243253,-0.356065266714237,0.286912549504817,-0.337345438136953,17.7387258599826,4.44089209850063e-16
MHAS,final,398,451398,wealth,23.9494845497046,24.0393469029154,0.089862353210787,18.0548943557466,16.7603635720141,-1.29453078373256,5.89459019395801,7.27898333090135,1.38439313694334,0.0635269202843457,0.0828043440799435,-2.11868393560741,0.266390059850252,0.547422135163721,0.116476963997911,-0.106136007137036,0.813812195013974,-62.8654185161581,-2.88657986402541e-15
MHAS,final,399,451399,education,24.832825995074,23.7163187277764,-1.11650726729762,20.7092631061016,16.2941275671344,-4.41513553896717,4.12356288897239,7.42219116064194,3.29862827166955,0.0924567702306835,0.108878663392541,-2.7128752393441,-0.945067113270425,-0.392974427648431,0.182140488158636,-0.546359246862849,-1.33804154091886,30.3057862914864,-8.88178419700125e-16
MHAS,final,399,451399,wealth,24.8194606298901,22.7783754853814,-2.04108514450868,17.8567881298354,15.5697762131785,-2.28701191665689,6.96267250005468,7.20859927220289,0.245926772148201,0.114579334075689,0.0920505318064066,-1.07880603910993,-0.306408621832498,0.16400309161317,-0.0255444888766757,-1.04025585845095,-0.142405530219328,6.22670696126034,-8.88178419700125e-16
MHAS,final,400,451400,education,24.4085105469984,23.4046764930309,-1.00383405396749,19.5737404837935,15.6454986758498,-3.92824180794363,4.83477006320493,7.75917781718108,2.92440775397614,0.0819476336627745,0.0930341123689316,-2.85875055392896,-0.445053642772469,-0.292814904007858,0.0212787684600882,-0.352901475694438,-0.737868546780327,18.7836844791026,-3.10862446895044e-15
MHAS,final,400,451400,wealth,25.1081154677703,23.0449939333043,-2.06312153446596,16.9882296152186,15.357177348728,-1.63105226649063,8.11988585255169,7.68781658457636,-0.432069267975329,0.127192832435482,0.0822672314593434,-0.866356149326645,-0.297132862174815,0.228461493767843,-0.195801620013129,-0.500223128743888,-0.0686713684069724,4.21024940878967,-4.44089209850063e-16
MHAS,final,401,451401,education,26.1828042264996,23.4938818278557,-2.68892239864391,21.3749744094284,16.2688024199776,-5.10617198945072,4.80782981707123,7.22507940787803,2.4172495908068,0.184371879157732,0.0799391807369906,-1.92904386620564,-0.892016672312465,-1.51721505428411,-0.440648902220568,-0.327247494427932,-2.40923172659658,47.182737510096,-2.66453525910038e-15
MHAS,final,401,451401,wealth,23.9041440938434,23.4360139745022,-0.468130119341158,17.043115650457,15.6871922025276,-1.3559234479294,6.86102844338634,7.74882177197458,0.887793328588238,0.0800289872579502,0.0866384771139277,-1.06090132505888,-0.0866975321993044,0.31223232987247,0.14350704567275,-0.664063966216434,0.225534797673165,-16.6332987321353,0
MHAS,final,402,451402,education,22.5960593635214,23.0482740475059,0.452214683984522,18.7194447866459,16.2572872614871,-2.46215752515879,3.8766145768755,6.79098678601881,2.91437220914332,0.0376739842818795,0.0785203276665882,-2.69185053375065,-0.198218534471249,0.266023009800087,0.401407200358813,-0.239518667095796,0.0678044753288384,-2.75386422826319,2.66453525910038e-15
MHAS,final,402,451402,wealth,22.3937086703934,23.300134948801,0.906426278407622,16.4735102421623,16.2860036128427,-0.187506629319561,5.92019842823111,7.0141313359583,1.09393290772718,0.0585912680985608,0.0872298839157028,-1.10971896465081,0.439300452179419,0.162438973539696,0.200535026967235,0.119937882644904,0.601739425719115,-320.91634727943,5.27355936696949e-16
MHAS,final,403,451403,education,23.8721484886057,23.4890855043262,-0.383062984279476,19.5033491600242,16.3505571213974,-3.15279203862672,4.36879932858155,7.13852838292879,2.76972905434724,0.102317391684472,0.116597376760771,-2.7132624306519,-0.723867021768451,0.105575954639147,0.0397026400417504,0.139058819112734,-0.618291067129304,19.6109054943762,2.66453525910038e-15
MHAS,final,403,451403,wealth,24.233972034089,22.6623525210383,-1.57161951305071,17.6077531737027,15.9650767935883,-1.64267638011441,6.62621886038626,6.69727572744995,0.0710568670636969,0.125099871249709,0.0959367802046609,-1.11081527176931,-0.20086926469664,0.291240096472238,-0.140769226095203,-0.481462714025498,0.0903708317755981,-5.50143855902426,1.11022302462516e-15
MHAS,final,404,451404,education,24.804662114804,22.9364011171916,-1.86826099761233,19.9365985800189,15.9311454642139,-4.00545311580494,4.86806353478509,7.00525565297769,2.1371921181926,0.0864539496876051,0.036579560909873,-2.45142814060028,-0.783287162114138,-0.511602229079314,-0.350542496924794,0.09140691291359,-1.29488939119345,32.3281624764002,8.88178419700125e-16
MHAS,final,404,451404,wealth,24.741820816944,21.6245610445987,-3.11725977234526,17.5380315023761,15.2075608244715,-2.33047067790457,7.2037893145679,6.4170002201272,-0.786789094440694,0.0695772478921987,0.0195974396914574,-1.03452976120221,-0.219403798828382,0.0249535168650849,-0.442762542601082,-0.658728092137985,-0.194450281963297,8.34382014787398,1.33226762955019e-15
MHAS,final,405,451405,education,25.7138200600235,23.323438870634,-2.39038118938949,19.2269595999762,16.0267022000743,-3.20025739990189,6.48686046004728,7.29673667055968,0.8098762105124,0.196809241516399,0.0873940010823607,-2.56370064396604,-0.425042545963403,0.0434386866186475,-0.515071336014253,0.260118439423162,-0.381603859344755,11.9241614551521,1.77635683940025e-15
MHAS,final,405,451405,wealth,24.4072204154342,22.3808137945423,-2.0264066208919,16.6252195974055,15.9044118827345,-0.720807714670995,7.78200081802871,6.47640191180781,-1.3055989062209,0.107103649727444,0.0672676258793911,-0.420718517628877,0.103793719112858,0.524025332347259,-0.20149275005438,-0.726415498447857,0.627819051460117,-87.0993801372781,-2.66453525910038e-15
MHAS,final,406,451406,education,22.3310819360984,23.2450855340669,0.91400359796846,18.1688609415472,16.0552978141447,-2.1135631274025,4.16222099455119,7.18978771992215,3.02756672537096,0.0444572082852302,0.0849499455657534,-1.8401443674286,-0.2890262782057,-0.513065828083083,0.385761562403153,0.142911783911724,-0.802092106288783,37.9497586747989,3.10862446895044e-15
MHAS,final,406,451406,wealth,24.3871107312616,22.5571327965377,-1.82997793472395,16.8362478836623,15.7342999962924,-1.10194788736984,7.55086284759935,6.82283280024524,-0.72803004735411,0.111096290789029,0.0671781225409745,-0.824636185014251,0.193750721857825,0.170837374560971,-0.283433999723493,-0.358465799050889,0.364588096418796,-33.0857838739549,0
MHAS,final,407,451407,education,24.1978427290675,23.5423767454058,-0.655465983661642,19.1255475042922,15.7793627323795,-3.34618477191274,5.07229522477524,7.76301401302634,2.6907187882511,0.0947922603334434,0.0752185451802238,-2.90149964914054,-0.501312426343827,-0.17682887211085,-0.224154801412577,0.457610977095058,-0.678141298454677,20.2661043749548,-5.32907051820075e-15
MHAS,final,407,451407,wealth,23.1770911889124,23.826930038328,0.649838849415652,15.996538177012,15.2711274099055,-0.725410767106441,7.18055301190039,8.55580262842249,1.3752496165221,0.0606443097012312,0.101203205398653,-0.892271347172235,0.233933250294074,0.0648591896663125,0.238770991073509,-0.370702850968103,0.298792439960387,-41.1894134342983,-5.55111512312578e-16
MHAS,final,408,451408,education,26.0109251486173,23.7475897035884,-2.26333544502887,20.1668953207575,16.2853874115876,-3.8815079091699,5.84402982785979,7.46220229200083,1.61817246414104,0.142285317896094,0.0910836486134206,-1.28433754636057,-0.404197646262832,-1.43862610235086,-0.101587932165648,-0.65275868202999,-1.8428237486137,47.4770061465056,-8.88178419700125e-16
MHAS,final,408,451408,wealth,25.1736984934821,21.8113225048435,-3.36237598863858,17.6855952958468,15.0428400065876,-2.64275528925923,7.48810319763526,6.76848249825592,-0.719620699379342,0.10713950279062,0.0554088279722724,-1.88380750113845,-0.285397926014171,1.11424890598949,-0.25584719327558,-1.33195157482053,0.828850979975324,-31.3631376822502,-8.88178419700125e-16
MHAS,final,409,451409,education,24.7916346703212,23.2768399401376,-1.51479473018356,19.9259723226083,15.9804699668135,-3.94550235579477,4.86566234771289,7.29636997332409,2.43070762561121,0.0919922583066553,0.0876171922915255,-2.85411054505659,-0.628527580034364,-0.0560608406036639,0.0220425085759691,-0.428845898676117,-0.684588420638028,17.3511091593336,-1.33226762955019e-15
MHAS,final,409,451409,wealth,24.6991569891792,21.3230859080312,-3.376071081148,17.074267570487,14.8265171220603,-2.2477504484267,7.62488941869225,6.49656878597094,-1.1283206327213,0.119218686661183,0.0448017189816427,-0.954163328789848,-0.430093882756051,0.217032957885258,-0.361318068011146,-0.71920812675491,-0.213060924870793,9.47885140096064,0
MHAS,final,410,451410,education,22.2559230123638,23.7983629752243,1.54243996286058,17.9535409285117,16.364365310192,-1.58917561831968,4.30238208385208,7.43399766503234,3.13161558118026,0.0880754176888044,0.0773253558378796,-1.44906631995476,-1.03574463056875,-0.674563657875569,-0.17343539437669,1.7436343844561,-1.71030828844432,107.622358959466,2.22044604925031e-15
MHAS,final,410,451410,wealth,23.1632967023203,23.3879929775333,0.224696275212992,16.5409073618968,15.6710200935291,-0.869887268367711,6.62238934042356,7.71697288400426,1.0945835435807,0.0543061718410342,0.0806924202278252,-1.19008998556286,0.166057861673226,0.328272257900047,0.158007769747802,-0.332135172125925,0.494330119573273,-56.8269174120519,4.44089209850063e-16
MHAS,final,411,451411,education,23.0577672429124,22.8807696810354,-0.17699756187708,19.4939827684166,15.8317854002956,-3.66219736812094,3.56378447449585,7.0489842807397,3.48519980624385,0.0461783118745283,0.0596732271664343,-3.4892350564187,0.0674957849717272,-0.652020618610293,0.0462323754385841,0.365330146497747,-0.584524833638566,15.9610412788452,0
MHAS,final,411,451411,wealth,24.2133240756596,21.511024440612,-2.70229963504755,16.9954899833146,15.2788125689256,-1.71667741438903,7.21783409234496,6.23221187168645,-0.98562222065851,0.0723576427333676,0.0412026492328118,-0.620777732125171,-0.0901739241433199,0.362349702989468,-0.167152421738786,-1.20092303937123,0.272175778846148,-15.8548004747307,-1.11022302462516e-15
MHAS,final,412,451412,education,22.8938698766179,22.970514170402,0.0766442937841454,17.4630962796417,15.8063716144914,-1.6567246651503,5.4307735969762,7.16414255591064,1.73336895893444,0.0525852720037707,0.02946815516815,-1.42749319919694,-0.380821338568957,-0.674703728865266,-0.241079954891921,1.06737355637278,-1.05552506743422,63.7115562795382,-1.33226762955019e-15
MHAS,final,412,451412,wealth,23.9294784438567,21.2684608223405,-2.66101762151617,16.9030232402959,14.8294533527923,-2.07356988750352,7.02645520356083,6.43900746954818,-0.587447734012648,0.0399311865584795,0.0116189096370105,-1.5891930435314,0.0404409376207677,0.327239608781757,-0.342527582747914,-0.509529807626734,0.367680546402525,-17.7317653298483,1.77635683940025e-15
MHAS,final,413,451413,education,23.7674131525884,23.704417502341,-0.0629956502473803,18.9236802648294,16.2756013801844,-2.64807888464494,4.84373288775903,7.42881612215659,2.58508323439755,0.08038685868161,0.0825319307496033,-2.31251189065699,-0.91887808243008,-0.0156033038852526,-0.0312311121977347,0.63014550452512,-0.934481386315333,35.2890312948752,-2.22044604925031e-15
MHAS,final,413,451413,wealth,24.8744087125189,23.2595270646478,-1.61488164787114,17.55147095922,15.8243976940595,-1.72707326516044,7.32293775329896,7.43512937058826,0.112191617289302,0.104035954403726,0.0705403148084721,-1.04120369309913,-0.441275536377259,0.190225501475689,-0.11160326260695,-0.323216274552789,-0.25105003490157,14.5361543118003,-1.11022302462516e-15
MHAS,final,414,451414,education,23.2634498011908,22.1851114830981,-1.07833831809272,18.7558092114863,15.9033674356455,-2.85244177584076,4.50764058970458,6.28174404745261,1.77410345774803,0.066866944102645,0.0415596861459222,-2.84021564804308,0.286737535229462,-0.291367080692763,-0.200126770257809,0.192530187923435,-0.00462954546330091,0.162301138011357,4.44089209850063e-16
MHAS,final,414,451414,wealth,22.2597606394268,21.9364898890885,-0.323270750338242,16.6496466037891,15.517936208608,-1.13171039518105,5.6101140356377,6.41855368048051,0.808439644842809,0.0422819442721566,0.0407604979578872,-1.3161181026396,0.077869038558909,0.192556678920941,0.00697225760954957,-0.0929902676308478,0.27042571747985,-23.8953109056303,1.33226762955019e-15
MHAS,final,415,451415,education,24.6725013478192,23.141126950347,-1.53137439747217,19.9129383319372,16.6791322243862,-3.23380610755099,4.75956301588199,6.4619947259608,1.70243171007881,0.114734479379361,0.0825108416206065,-1.24723014721494,-0.491190769852398,-1.04591268824687,0.0574098931488152,-0.506882395385594,-1.53710345809927,47.5323320872612,-2.22044604925031e-15
MHAS,final,415,451415,wealth,24.1475259007683,22.4510317931776,-1.69649410759073,17.9294281537364,16.070226127175,-1.85920202656138,6.21809774703195,6.3808056660026,0.162707918970646,0.0934816658458728,0.072361863374142,-1.49012063613676,0.0140310740786768,0.507051927186324,-0.0737338945742662,-0.816430497115356,0.521083001265001,-28.0272393113056,-4.44089209850063e-16
MHAS,final,416,451416,education,28.4662922788404,23.3174918325992,-5.1488004462412,20.2964369249774,16.655163612213,-3.64127331276437,8.16985535386296,6.66232822038613,-1.50752713347683,0.27216599916453,0.0693461420632789,-2.35921113723331,-0.486694941658628,0.455581060231339,-0.708497745494692,-0.542450548609087,-0.0311138814272891,0.854478056294766,-1.77635683940025e-15
MHAS,final,416,451416,wealth,25.3304323102368,21.5927004091447,-3.73773190109209,17.9768342672913,15.8198278441892,-2.15700642310215,7.35359804294548,5.77287256495555,-1.58072547798994,0.111520983911344,0.0440425259311966,-0.951686858327373,0.0292765786435946,0.486988046707936,-0.351597716351628,-1.36998647377468,0.516264625351531,-23.9343109887013,3.99680288865056e-15
MHAS,final,417,451417,education,25.0646265431943,23.4600219121594,-1.60460463103486,18.4411347807655,16.1725518762126,-2.26858290455281,6.62349176242884,7.28747003594679,0.663978273517946,0.128170393839855,0.0680626532837238,-0.954068027761522,-0.314399405842583,-0.706846267426446,-0.361820026317376,0.0685508227951168,-1.02124567326903,45.0168989292609,-1.77635683940025e-15
MHAS,final,417,451417,wealth,24.4992918638473,22.4681553011448,-2.03113656270242,17.2995883134748,15.4598857206698,-1.83970259280502,7.19970355037246,7.00826958047506,-0.191433969897405,0.0823855227971764,0.0554588197528463,-0.708258179779328,-0.268428232900823,0.162583425920509,-0.100561204152881,-0.925038401892493,-0.105844806980314,5.75336510337417,1.11022302462516e-15
MHAS,final,418,451418,education,23.7492757301856,23.0041900327963,-0.745085697389229,18.6238505377839,15.5726481677026,-3.05120237008127,5.12542519240167,7.43154186509371,2.30611667269204,0.0861469523486071,0.0710860110412832,-2.18394992939832,-0.711101630158384,-0.352879074587413,-0.139439247840865,0.336167511903714,-1.0639807047458,34.870866487871,1.77635683940025e-15
MHAS,final,418,451418,wealth,23.3939321942975,22.7848896196473,-0.60904257465015,16.0751392803162,15.0534312613333,-1.02170801898292,7.31879291398126,7.73145835831404,0.412665444332772,0.0703800330756184,0.0728830958205602,-0.634061715128255,-0.140492829460927,0.154240603194308,0.0416221902060761,-0.443016267794119,0.0137477737333813,-1.34556776280045,1.99840144432528e-15
MHAS,final,419,451419,education,25.184173090101,23.0387090931694,-2.14546399693154,20.5671675338504,15.9220947099598,-4.64507282389057,4.61700555625056,7.11661438320959,2.49960882695903,0.110492928538461,0.0581058576867954,-2.36150510121065,-1.11490115409443,-0.804991838335146,-0.284972259438342,-0.0787024708119985,-1.91989299242958,41.3318168566739,-1.77635683940025e-15
MHAS,final,419,451419,wealth,24.307435629646,22.1040334386827,-2.20340219096332,17.4855277729285,15.2146122874651,-2.27091548546344,6.82190785671747,6.88942115121759,0.0675132945001193,0.0661504471477943,0.0456054027385519,-1.18090252939919,-0.373870141658879,0.328221802773468,-0.0780478315059754,-0.966316785672867,-0.0456483388854107,2.01012935873723,-4.44089209850063e-16
MHAS,final,420,451420,education,26.3884034311324,23.4123522141114,-2.97605121702095,19.8301393515855,16.249290041351,-3.58084931023446,6.55826407954687,7.16306217276038,0.60479809321351,0.108485259981393,0.0449451259306482,-1.48213742868158,-0.48191295157594,-0.616319460022904,-0.336497944789001,-0.66398152516504,-1.09823241159884,30.6696070247908,-1.33226762955019e-15
MHAS,final,420,451420,wealth,24.2042102220133,22.9493532318828,-1.25485699013053,16.6944576499394,16.5017275040226,-0.192730145916748,7.50975257207389,6.44762572786011,-1.06212684421379,0.0479329343697002,0.0404765515612566,-0.414018115062465,0.357676386969231,0.730774501525826,-0.0870885927109092,-0.780074326638433,1.08845088849506,-564.753834081164,-1.11022302462516e-15
MHAS,final,421,451421,education,23.6467698188598,22.4836157226158,-1.16315409624396,18.6511924856291,15.6205758038568,-3.03061668177235,4.99557733323066,6.86303991875906,1.8674625855284,0.0567475648804284,0.0483638446293861,-2.3135991193737,-0.145584504256114,-0.229799593154653,0.00384643621072633,-0.345479901198614,-0.375384097410767,12.3863931611185,0
MHAS,final,421,451421,wealth,23.1614159558373,22.0396213332194,-1.12179462261783,16.9232485824195,15.1580045258571,-1.76524405656232,6.23816737341779,6.88161680736228,0.643449433944494,0.0475061887858866,0.0433463657414767,-1.31283712236552,-0.317443358548207,0.493401411060738,0.0277447478243373,-0.656109734533672,0.175958052512532,-9.96791643956566,2.22044604925031e-16
MHAS,final,422,451422,education,24.2841028242286,22.5596634862418,-1.72443933798676,20.195880570428,15.9749867608326,-4.22089380959545,4.08822225380054,6.58467672540923,2.49645447160869,0.0555925858225781,0.051627724791626,-3.51899215233327,-0.186298951265787,-0.0631749632097347,0.00258935783759047,-0.455017100624242,-0.249473914475522,5.91045228165627,-8.88178419700125e-16
MHAS,final,422,451422,wealth,24.4022842586889,20.8286220785819,-3.573662180107,17.7749506163908,14.8051479524149,-2.96980266397588,6.62733364229807,6.02347412616695,-0.603859516131116,0.0832695815725766,0.0273648038730769,-1.44752192728157,-0.546803440986901,0.230305473174231,-0.235343829408191,-0.970438939473452,-0.31649796781267,10.6572053305708,-2.22044604925031e-15
MHAS,final,423,451423,education,24.2330075787165,23.2515734475809,-0.981434131135565,19.6487264274078,16.266438723076,-3.38228770433185,4.58428115130863,6.98513472450491,2.40085357319628,0.0716778507612722,0.0646595752441721,-3.05452324312224,0.162159645416977,-0.501130276542236,-0.0599369115946415,0.0711430815102913,-0.338970631125259,10.0219336956795,8.88178419700125e-16
MHAS,final,423,451423,wealth,24.4738608889895,22.7322815900265,-1.74157929896305,17.0289760780685,15.8610905783669,-1.16788549970157,7.44488481092102,6.87119101165955,-0.573693799261474,0.0789704803557257,0.0565221153341548,-0.595132152422473,0.139593095275927,0.151651272235473,-0.0705273545558755,-0.793470360234628,0.2912443675114,-24.9377501121317,-2.44249065417534e-15
MHAS,final,424,451424,education,25.0293640883906,22.3858732750018,-2.6434908133888,19.1040439025231,15.7823000129884,-3.32174388953461,5.92532018586759,6.60357326201341,0.67825307614581,0.116916881473737,0.0507047645384328,-1.83942397525896,-0.920481255354727,0.0296240553164845,-0.332861319711485,-0.258601394525923,-0.890857200038242,26.8189610537089,0
MHAS,final,424,451424,wealth,23.738194731853,22.0401922160556,-1.69800251579743,17.4376376548302,15.5472722780957,-1.8903653767345,6.30055707702286,6.49291993795993,0.192362860937068,0.0679378193744972,0.0444556953668165,-1.2995875564961,0.184263129998756,-0.10101492902246,-0.0902838408662845,-0.583742180348419,0.0832482009762961,-4.40381536822805,-2.22044604925031e-15
MHAS,final,425,451425,education,24.1667304687355,23.8615189424698,-0.305211526265655,18.8052292804973,16.5214649875791,-2.28376429291815,5.36150118823823,7.34005395489073,1.9785527666525,0.0530572296069343,0.058499325789237,-1.87740449380953,-0.497917735276096,0.0931258108543474,0.00902635285906553,-0.0105942275459356,-0.404791924421749,17.724768080357,4.44089209850063e-16
MHAS,final,425,451425,wealth,23.8317760473691,23.375034565364,-0.456741482005093,17.3679973333314,15.7320460950992,-1.63595123823215,6.46377871403769,7.64298847026475,1.17920975622706,0.0459159645329324,0.0585109794293914,-1.57095270474659,0.144022119713412,0.290860621164122,0.0600925046256053,-0.559973778988704,0.434882740877533,-26.5828669409168,4.44089209850063e-16
MHAS,final,426,451426,education,25.2179749300736,23.7708256405693,-1.44714928950423,20.0883964665629,16.1190176442462,-3.96937882231663,5.12957846351071,7.6518079963231,2.5222295328124,0.13700213042995,0.106048318686813,-2.17988070957931,-0.962487991340576,-0.570409470800148,-0.129711723527122,-0.12688892706947,-1.53289746214072,38.6180692435419,-1.77635683940025e-15
MHAS,final,426,451426,wealth,25.1660441750697,23.3161379739999,-1.84990620106979,16.9796169253074,15.7099396666108,-1.26967725869656,8.18642724976234,7.60619830738912,-0.580228942373218,0.136876806134717,0.0904754162444516,-0.801170354696925,-0.165179110350947,0.273606737466105,-0.210208620357033,-0.366725910757764,0.108427627115158,-8.53977862267679,4.44089209850063e-16
MHAS,final,427,451427,education,25.8311612181396,22.6910157444932,-3.14014547364636,20.0368482105575,15.8636834464926,-4.17316476406489,5.79431300758211,6.82733229800064,1.03301929041853,0.133944179561783,0.0611249049471565,-2.41116151291651,-0.939191719773374,0.0697633752950891,-0.298889462770683,-0.593685443899413,-0.869428344478285,20.833789069747,-1.77635683940025e-15
MHAS,final,427,451427,wealth,24.5167526151219,21.8571465598582,-2.6596060552637,17.7107246812406,15.0912249052711,-2.61949977596948,6.80602793388127,6.76592165458706,-0.0401062792942177,0.0942285534144971,0.0533373118620802,-0.97249843418861,0.0331450980956069,-0.395083381444774,-0.126628569305384,-1.15843448912632,-0.361938283349167,13.8170763238647,-4.44089209850063e-16
MHAS,final,428,451428,education,26.6219116675029,22.51871382232,-4.10319784518296,21.5179680978135,15.9492889468044,-5.56867915100914,5.10394356968943,6.5694248755156,1.46548130582618,0.170544408943007,0.0615367474017429,-3.07434310230542,-0.921370388309428,-0.296669373342395,-0.572263838786834,-0.704032448265057,-1.21803976165182,21.8730461680683,4.44089209850063e-15
MHAS,final,428,451428,wealth,23.5124959562506,21.8442042202712,-1.66829173597949,17.128634227893,15.5117836712492,-1.61685055664371,6.38386172835769,6.33242054902191,-0.0514411793357805,0.0718008599654267,0.0545822113855632,-0.962827201152847,-0.202366339313261,0.419507370432431,-0.0639517925402788,-0.807212594069754,0.21714103111917,-13.4298763869628,6.66133814775094e-16
MHAS,final,429,451429,education,23.4912129293561,22.9914355568706,-0.499777372485468,19.0157197299813,15.7403768889627,-3.27534284101852,4.47549319937484,7.2510586679079,2.77556546853305,0.112726824794154,0.111504927966488,-3.40051983935338,-0.537396599950662,0.215161579328217,-0.186958103251684,0.634370122208993,-0.322235020622445,9.83820736525525,0
MHAS,final,429,451429,wealth,24.7282947916627,22.4784832807465,-2.2498115109162,16.8062568037745,15.8494255766985,-0.956831227076091,7.92203798788816,6.62905770404805,-1.29298028384011,0.149468423169985,0.0929635801593353,-0.607294773757785,0.238338847526888,0.284333665113684,-0.305310912862301,-0.566898053096578,0.522672512640573,-54.6253610720638,-6.66133814775094e-16
MHAS,final,430,451430,education,22.1133662578974,22.3428463892999,0.229480131402539,17.9897283814627,15.6985380226887,-2.29119035877402,4.12363787643464,6.6443083666112,2.52067049017656,0.0376010283825977,0.0497190813566513,-2.34217338524033,-0.0602143437293093,-0.367191357385978,0.102611816453636,0.375776911127957,-0.427405701115287,18.6543077696951,2.66453525910038e-15
MHAS,final,430,451430,wealth,23.1129128306625,21.4518515884259,-1.66106124223657,16.7657553959592,15.1554865774627,-1.61026881849651,6.34715743470325,6.29636501096319,-0.050792423740063,0.0474361108525889,0.0426397389740561,-0.765386426795024,0.00543257958475449,0.29917653290893,0.0587766802494009,-1.20826818444457,0.304609112493685,-18.9166621743378,-8.88178419700125e-16
MHAS,final,431,451431,education,24.1924765332427,22.0533290561235,-2.13914747711923,20.4745892902846,15.6012710415193,-4.87331824876538,3.71788724295811,6.45205801460426,2.73417077164615,0.0651871147924493,0.0333585778284976,-2.56710885346992,-0.61304252609766,-1.09784486535323,0.211241292110933,-0.806563295955503,-1.71088739145089,35.1072370839793,1.77635683940025e-15
MHAS,final,431,451431,wealth,23.0639273327637,21.1999485223266,-1.86397881043708,17.0086677068144,15.5160011482408,-1.49266655857358,6.05525962594936,5.68394737408587,-0.371312251863492,0.0426998119532787,0.020620852064616,-0.866104932671257,0.292239023843292,-0.0487547452489656,-0.148203391424005,-0.721842513072645,0.243484278594326,-16.3120341375507,6.66133814775094e-16
MHAS,final,432,451432,education,26.931060267398,23.1172561938396,-3.8138040735584,19.7300514793463,15.8739776349708,-3.85607384437556,7.20100878805166,7.24327855886881,0.0422697708171542,0.163360470760089,0.0529906261470493,-2.09908094636789,-0.738894167546641,-0.069853987870092,-0.376610718569467,-0.571634024021464,-0.808748155416733,20.9733575666962,-1.33226762955019e-15
MHAS,final,432,451432,wealth,24.3376166704836,22.8178104137544,-1.51980625672922,17.7110643057401,15.0810341211698,-2.63003018457028,6.62655236474352,7.73677629258458,1.11022392784106,0.0641993373539429,0.0575651582174054,-2.02088605288241,-0.101719089402996,0.342700370188224,0.0355318516945564,-0.885657264167656,0.240981280785228,-9.16268118134172,0
MHAS,final,433,451433,education,25.7348157113264,23.1957045370389,-2.53911117428745,19.6700054136734,16.4271960734142,-3.24280934025918,6.06481029765299,6.76850846362472,0.703698165971735,0.158147702403228,0.0839432803407475,-0.888657812252819,-0.913284487885689,-0.653028758925622,-0.358780154729874,-0.429058126465174,-1.56631324681131,48.3011204934461,0
MHAS,final,433,451433,wealth,23.5355727772787,22.1415011986111,-1.39407157866754,17.6931218521709,15.4446058494177,-2.24851600275323,5.84245092510776,6.69689534919345,0.854444424085689,0.0783855576009847,0.0676992920181014,-1.37629988288647,-0.317098511953074,0.0351363928966295,-0.0184052873549059,-0.571848713455416,-0.281962119056445,12.5399204947259,-4.44089209850063e-16
MHAS,final,434,451434,education,24.5305605041145,22.7280533012456,-1.80250720286889,20.5182368759872,16.0830613504313,-4.43517552555595,4.01232362812729,6.64499195081435,2.63266832268706,0.0726444838718931,0.0443157340906229,-3.20061209770479,-0.463774559357141,-0.044243949261116,0.24116931484857,-0.96771423408147,-0.508018508618257,11.4543044732052,4.44089209850063e-15
MHAS,final,434,451434,wealth,23.1670837783682,21.9967174128478,-1.17036636552042,17.2871638073046,15.3161063541368,-1.9710574531678,5.87991997106357,6.68061105871095,0.800691087647381,0.0421151168308331,0.0377073247394983,-0.812750158050402,-0.392056595860222,-0.0285948182571347,0.140636264440121,-0.878292145440163,-0.420651414117357,21.3414080569445,-3.77475828372553e-15
MHAS,final,435,451435,education,27.0654987425361,23.290257201257,-3.77524154127917,21.2502439808048,16.288698074805,-4.96154590599974,5.81525476173137,7.00155912645194,1.18630436472057,0.130008704868929,0.0601692507334965,-1.88835593636738,-0.196003367107382,-1.14627516131728,-0.439917495572111,-1.29099394563558,-1.34227852842466,27.053635174503,1.77635683940025e-15
MHAS,final,435,451435,wealth,23.7669615796554,23.1228161923253,-0.64414538733018,17.2910509073822,15.9287797674973,-1.36227113988488,6.47591067227321,7.19403642482791,0.718125752554691,0.057210131829982,0.0599653339386144,-1.48835319156502,-0.0761438812761138,0.514108579304593,-0.00734159859819412,-0.304541047750137,0.437964698028479,-32.1495982118135,1.11022302462516e-15
MHAS,final,436,451436,education,25.6116383742931,23.2553280438434,-2.35631033044977,19.9485238245004,16.0499923495381,-3.89853147496224,5.66311454979277,7.20533569430524,1.54222114451247,0.179326213147988,0.0810865220630055,-3.47572894038716,-0.384876171372703,0.0374506201141039,-0.591686431005398,0.516309447688918,-0.347425551258599,8.91170312436594,4.44089209850063e-16
MHAS,final,436,451436,wealth,24.0544713458405,22.1247439643048,-1.92972738153568,17.0527992205562,15.1730131950165,-1.87978602553967,7.00167212528437,6.95173076928836,-0.0499413559960082,0.0941857124494448,0.0621139327881027,-1.14217308747327,-0.353810749007208,0.298879171837702,-0.154385194213916,-0.528296166682981,-0.0549315771695062,2.92222499918499,6.66133814775094e-16
MHAS,final,437,451437,education,25.5826916559919,23.201951879893,-2.38073977609882,21.1032842325976,16.2339510384009,-4.86933319419664,4.47940742339431,6.96800084149213,2.48859341809782,0.167487592810385,0.0770830892396261,-2.09021781070257,-0.97031950618053,-1.43355547319582,-0.627749768005091,0.252509363887364,-2.40387497937635,49.367642005713,-4.44089209850063e-15
MHAS,final,437,451437,wealth,24.3420089188516,22.5139162908335,-1.82809262801806,17.5233414600816,16.0787594001077,-1.4445820599739,6.81866745876997,6.43515689072581,-0.383510568044159,0.0895465713031476,0.0743955190829941,-0.251501715569158,-0.102579546714367,0.0530369572092249,0.00041531596218641,-1.14395307086179,-0.0495425895051418,3.42954484053588,0
MHAS,final,438,451438,education,23.3293484735425,23.9376103941327,0.608261920590262,19.2243479126125,16.7856158987293,-2.43873201388327,4.10500056092995,7.15199449540348,3.04699393447353,0.0721608625925127,0.080691006905489,-1.81626051538977,-1.15141511702219,-0.419780834346555,0.0147812870562169,0.933943165819034,-1.57119595136875,64.4267571190359,8.88178419700125e-16
MHAS,final,438,451438,wealth,24.222196228586,23.5654515853516,-0.656744643234386,17.1670957712889,15.9829737162993,-1.18412205498963,7.05510045729707,7.58247786905231,0.527377411755237,0.078252911742332,0.084717530689035,-0.871084371075619,-0.221979605894768,0.408556912770379,0.0761700106785682,-0.575785001468188,0.186577306875612,-15.7565941863355,-1.33226762955019e-15
MHAS,final,439,451439,education,22.1219339285139,23.0734036023406,0.95146967382675,17.6939905540861,16.3522863778602,-1.34170417622594,4.42794337442776,6.72111722448045,2.29317385005269,0.0819921813024799,0.109227773364385,-1.58128488536405,-1.06502066927445,0.462143140304214,0.119522364116642,0.722935873991705,-0.602877528970238,44.9337148719371,-1.11022302462516e-15
MHAS,final,439,451439,wealth,23.8208688187957,21.4573183541839,-2.3635504646118,17.7825439336449,14.9517621737953,-2.83078175984954,6.03832488515085,6.50555618038859,0.467231295237744,0.12033559856523,0.0771297471131987,-1.76099639291624,-0.0941289039275201,0.0134982469345786,-0.166301672841811,-0.822853037098555,-0.0806306569929415,2.84835299338749,-1.33226762955019e-15
MHAS,final,440,451440,education,24.2526761102612,23.3201011108733,-0.932574999387867,19.9138785152749,16.5763833491723,-3.33749516610258,4.33879759498627,6.74371776170099,2.40492016671471,0.0911205104830795,0.0827096843558194,-2.43822367750308,-0.641689639691904,-0.32620953197392,-0.0397469503441783,0.108374633410497,-0.967899171665823,29.0007662481832,-1.33226762955019e-15
MHAS,final,440,451440,wealth,24.6697347097147,22.1139870182558,-2.55574769145889,17.9074661383952,15.9673691754801,-1.94009696291509,6.76226857131944,6.14661784277565,-0.615650728543798,0.111564313730283,0.0574308124793042,-0.916378461237883,-0.428253900545105,0.349041861289089,-0.309792539533136,-0.63471392288805,-0.0792120392560163,4.0828907405224,1.11022302462516e-15
MHAS,final,441,451441,education,22.8656557344248,23.4311667803681,0.565511045943328,18.0330630333654,16.1611041949514,-1.871958838414,4.83259270105934,7.27006258541667,2.43746988435733,0.117324730851861,0.0923928281750147,-2.0525045924197,-0.86196567891949,-0.083816687473161,-0.347329649131021,1.47365776952937,-0.945782366392651,50.523673223176,-4.44089209850063e-16
MHAS,final,441,451441,wealth,23.4238310001748,23.5249310197498,0.101100019575,16.6938025431266,15.7070272510147,-0.986775292111925,6.7300284570482,7.81790376873512,1.08787531168693,0.0934983783959932,0.103705852412417,-1.55824480823705,0.318373433456367,0.195889859489687,0.0263835674881101,0.0308226556909667,0.514263292946054,-52.1155421155117,2.1094237467878e-15
MHAS,final,442,451442,education,26.6090396871206,22.9465054502665,-3.66253423685415,18.4124775161471,16.0962596305246,-2.31621788562246,8.19656217097355,6.85024581974187,-1.34631635123168,0.234505391804665,0.0544800669304636,-1.72094172531853,-0.687905268615329,0.353131700121835,-0.56699059750706,0.306488005696618,-0.334773568493494,14.453457534006,0
MHAS,final,442,451442,wealth,23.6155151414494,21.9454368683064,-1.67007827314302,17.0616261785359,15.526564792993,-1.53506138554297,6.55388896291345,6.4188720753134,-0.135016887600045,0.0654680104622946,0.0434173201313987,-1.00682191965086,-0.177320125912197,0.399213801637064,-0.100139136614616,-0.64999400500236,0.221893675724867,-14.455035988439,8.88178419700125e-16
MHAS,final,443,451443,education,23.7134353426579,23.5743785932139,-0.139056749443959,20.4313611536035,15.8942290925938,-4.53713206100977,3.28207418905439,7.68014950062019,4.39807531156581,0.0568102062964877,0.0838825237002982,-4.12559941557034,-0.0748759388509209,-0.469154655036327,0.127193768333254,0.00530418011456728,-0.544030593887248,11.9906272634738,-1.77635683940025e-15
MHAS,final,443,451443,wealth,23.4268943419297,22.7620094571563,-0.664884884773414,16.5463435805698,15.2136999584049,-1.33264362216497,6.88055076135989,7.54830949875145,0.667758737391563,0.064183334292476,0.0818604737724375,-1.2189452030116,0.0610464703453722,0.608730248693696,0.138837084864399,-0.922312223056846,0.669776719039068,-50.2592522035988,6.66133814775094e-16
MHAS,final,444,451444,education,21.7734870985725,23.1553657681215,1.38187866954901,18.4133171851919,15.7515574319453,-2.66175975324658,3.36016991338063,7.40380833617622,4.04363842279559,0.0589420972823912,0.0694175570919302,-2.94376813354674,-0.624567499291963,-0.617938472270261,0.0733536038087791,1.4511607480536,-1.24250597156222,46.6798692123406,0
MHAS,final,444,451444,wealth,23.6662592575086,22.4106595701758,-1.2555996873328,16.7671784896892,15.3247450577333,-1.44243343195587,6.89908076781945,7.08591451244253,0.186833744623076,0.0757738667286365,0.0552602271699521,-0.980878015798909,0.16412663645855,-0.0254715292760018,-0.0217215403997546,-0.578488982939757,0.138655107182549,-9.61258274460117,-2.22044604925031e-16
MHAS,final,445,451445,education,24.7400944549976,24.1567837090676,-0.583310745930028,19.8440146814888,16.5151172169742,-3.32889746451456,4.89607977350879,7.64166649209332,2.74558671858453,0.108655077007482,0.14247501787583,-2.30958134132261,-0.259321068028214,-0.349132083539176,0.12504692328427,-0.535909894908832,-0.60845315156739,18.2779180810881,1.33226762955019e-15
MHAS,final,445,451445,wealth,24.8067612176053,24.2807507454082,-0.526010472197104,17.657814136144,15.8517191403089,-1.80609499583515,7.14894708146122,8.42903160509927,1.28008452363805,0.136425936900181,0.17219601723803,-1.34479519645795,-0.314379428908078,0.491521599755256,0.193047159164947,-0.831489129389331,0.177142170847177,-9.80802068859424,4.44089209850063e-16
MHAS,final,446,451446,education,25.0090797592415,22.8671322246102,-2.14194753463131,20.990094540463,16.2811613833194,-4.70893315714358,4.0189852187785,6.58597084129077,2.56698562251227,0.0416993490179741,0.028928307975479,-3.27853961512499,-0.167632843747672,-0.587756276968667,-0.121229952957027,-0.553774468345216,-0.755389120716338,16.0416190994428,7.99360577730113e-15
MHAS,final,446,451446,wealth,23.9496426221653,22.3716032538309,-1.57803936833444,17.1043007220396,15.8430710048491,-1.26122971719053,6.84534190012572,6.52853224898181,-0.316809651143911,0.0354378067005934,0.0255006753335835,-0.465874855155345,-0.51560935222356,0.580815645045072,-0.0916686889238325,-0.768892465932865,0.0652062928215126,-5.17005680509683,1.55431223447522e-15
MHAS,final,447,451447,education,25.2760142895976,23.5331955450659,-1.74281874453168,20.2050523262964,16.533931074594,-3.67112125170246,5.07096196330119,6.99926447047197,1.92830250717078,0.128229535179466,0.0716298090062151,-2.05561366285236,-1.40784918332616,-0.121275000547267,-0.329114590718572,0.242731185741904,-1.52912418387343,41.6527834149936,1.33226762955019e-15
MHAS,final,447,451447,wealth,24.2079466658553,22.6949378837206,-1.51300878213469,17.6811154749422,15.722909257175,-1.9582062177672,6.52683119091308,6.97202862654559,0.445197435632517,0.0668993034491383,0.0618128642111124,-1.45370151009032,-0.375228444588267,0.731131643328318,0.0389115728928875,-0.899319479309818,0.355903198740051,-18.1749600992413,2.66453525910038e-15
MHAS,final,448,451448,education,25.7900615009931,22.8044461241411,-2.98561537685196,18.992095970464,16.157844508398,-2.83425146206596,6.79796553052908,6.64660161574308,-0.151363914785998,0.058625382325451,0.00868217446782703,-1.84854089911425,0.0050295382045789,-0.442711595465986,-0.493626262990059,-0.0544022427002443,-0.437682057261407,15.4425979176304,0
MHAS,final,448,451448,wealth,23.4603285390912,22.2230915756272,-1.23723696346396,17.2607520218825,15.3029289130452,-1.95782310883734,6.19957651720867,6.92016266258205,0.720586145373383,0.0104907604465877,0.00706281040025504,-1.46956374321517,-0.0729384432911367,0.0380481467468635,-0.0285594388791311,-0.424809630198773,-0.0348902965442732,1.7820964716773,-4.44089209850063e-16
MHAS,final,449,451449,education,23.9313654798926,23.7522780854556,-0.179087394436984,18.6383448249813,16.1084540062818,-2.52989081869949,5.29302065491128,7.64382407917379,2.35080342426251,0.114855224830352,0.0828204988066889,-2.25918984627894,-0.80996935275704,-0.186011074542581,-0.2871427500436,1.01242220492267,-0.995980427299622,39.3685142432989,1.33226762955019e-15
MHAS,final,449,451449,wealth,25.6390470300274,22.3139190197439,-3.32512801028353,17.6101703614189,15.1152876371704,-2.49488272424855,8.02887666860852,7.19863138257354,-0.830245286034982,0.132288574635988,0.054175206335222,-1.57912886742825,-0.228919953834487,0.462426238254421,-0.393876804266101,-0.755383336974128,0.233506284419934,-9.35940924799445,-1.77635683940025e-15
MHAS,final,450,451450,education,24.676672723641,23.4873255591355,-1.18934716450551,19.8889342126382,16.5946727540263,-3.29426145861184,4.7877385110029,6.89265280510923,2.10491429410633,0.0626958369893982,0.0325585712063397,-3.6347544115004,0.346004205297667,-0.312503477639259,-0.290305723348104,0.597297948578252,0.033500727658408,-1.01694197862864,0
MHAS,final,450,451450,wealth,23.5413161614272,23.3092662914863,-0.232049869940873,17.9256199297735,16.3964140844329,-1.52920584534058,5.6156962316537,6.9128522070534,1.29715597539971,0.0263312105377061,0.0262678532581255,-1.44497886678518,-0.0976868892357098,-0.186610427520534,0.0134019624725167,0.186668375728322,-0.284297316756244,18.5911738189129,6.66133814775094e-16
MHAS,final,451,451451,education,23.8435031502036,23.6080668519721,-0.235436298231477,18.8370796982364,15.7876209015977,-3.04945879663868,5.00642345196719,7.82044595037438,2.8140224984072,0.159364487836804,0.0960841359439642,-1.42920816775282,-0.973037497417225,-1.37405746745462,-0.499016414760751,1.22586075074675,-2.34709496487185,76.9675906904851,4.44089209850063e-15
MHAS,final,451,451451,wealth,24.0274081748665,22.5918956973745,-1.43551247749206,15.9946580531335,15.0008105123705,-0.993847540763012,8.032750121733,7.59108518500395,-0.441664936729049,0.107959018887894,0.0787252343264248,-0.636999830063154,-0.334185905013907,0.517706482384348,-0.128670226833886,-0.411698061236416,0.183520577370442,-18.4656670005488,-2.22044604925031e-15
MHAS,final,452,451452,education,20.9912083490111,23.6139990805197,2.62279073150859,16.9100323895913,16.2435554144356,-0.666476975155728,4.08117595941979,7.37044366608411,3.28926770666432,0.0690044428518869,0.110360647559502,-1.70163048921233,-1.00420989277844,0.162586747539626,0.0982019178836553,1.77857474141176,-0.841623145238815,126.27940298195,6.66133814775094e-16
MHAS,final,452,451452,wealth,23.5847173720914,22.6591582653878,-0.925559106703595,16.9771851883337,15.7492218488222,-1.22796333951154,6.60753218375769,6.90993641656563,0.302404232807946,0.100047211563262,0.096230161564919,-0.581035301182585,-0.110148212442093,0.0521448843760961,0.0389553661703369,-0.627880076433294,-0.058003328065997,4.7235390666524,1.11022302462516e-15
MHAS,final,453,451453,education,24.6878110296421,23.2834380361167,-1.40437299352542,19.4412015793237,16.3895009037324,-3.05170067559127,5.2466094503184,6.89393713238425,1.64732768206585,0.110215071903568,0.0576516327851534,-2.41406504957293,0.131874042656212,-0.717915654767901,-0.421724571247707,0.370130557341063,-0.586041612111689,19.2037710906278,1.33226762955019e-15
MHAS,final,453,451453,wealth,23.6841316299211,22.7570435173003,-0.927088112620797,17.5508209899845,15.546659388063,-2.00416160192149,6.13331063993664,7.21038412923733,1.0770734893007,0.0510495758887479,0.0600685737546989,-1.10867322095829,-0.21533200767715,0.0641880555978801,0.158332304729872,-0.902676733613803,-0.15114395207927,7.54150523262999,1.77635683940025e-15
MHAS,final,454,451454,education,22.3227187327629,23.2961302930451,0.973411560282223,18.5018087877033,16.0101736630489,-2.49163512465443,3.82090994505961,7.28595662999627,3.46504668493666,0.0502277153140299,0.070404455904274,-2.97993158291744,-0.10132976587631,-0.462194907774989,0.0355189594655508,1.01630217244875,-0.563524673651298,22.6166611666086,-3.5527136788005e-15
MHAS,final,454,451454,wealth,24.2045206230024,22.8976010201446,-1.30691960285781,16.8209024098611,16.458028140711,-0.36287426915014,7.38361821314129,6.43957287943361,-0.944045333707676,0.0913170445107313,0.0602945400860887,0.202568824254076,-0.344913418096633,0.256577893895003,-0.169182935195441,-0.307924634007145,-0.0883355242016304,24.3432868383075,-5.55111512312578e-16
MHAS,final,455,451455,education,24.3837633174583,23.3874631389527,-0.996300178505667,20.5498711499729,16.1079699156122,-4.44190123436069,3.83389216748543,7.27949322334045,3.44560105585502,0.0888873060267077,0.0697053243232809,-3.92640399847867,-0.265257506674359,-0.404969970480559,-0.199073608246219,0.353803849519115,-0.670227477154919,15.0887523560929,-1.77635683940025e-15
MHAS,final,455,451455,wealth,24.387584216558,22.6676686875701,-1.71991552898789,17.0554396864534,15.9910378915079,-1.06440179494549,7.3321445301046,6.6766307960622,-0.655513734042398,0.0867113955181568,0.0627632987260751,-1.17120247113915,0.173229291272534,0.821819713859674,-0.119919655545807,-0.768328673392746,0.995049005132208,-93.4843411442353,4.44089209850063e-16
MHAS,final,456,451456,education,25.7009478283114,23.2392461311125,-2.46170169719892,19.9788333979844,16.1658017066453,-3.81303169133904,5.72211443032709,7.07344442446721,1.35132999414012,0.145495647713086,0.0555545164914304,-1.67548909345533,-0.0878028520040271,-1.54788548909658,-0.583473693649796,0.0816194368666972,-1.6356883411006,42.8973182891693,1.33226762955019e-15
MHAS,final,456,451456,wealth,24.7743346365785,22.3933649989553,-2.38096963762316,17.6636264606708,15.099528595876,-2.56409786479486,7.11070817590766,7.29383640307936,0.183128227171702,0.077938697060695,0.0473046821339683,-1.42939878953959,-0.300534333131302,0.294149131011903,-0.10297541376596,-1.02533845936991,-0.00638520211939891,0.249023339049103,1.33226762955019e-15
MHAS,final,457,451457,education,26.0216940791224,23.6017354334745,-2.41995864564792,20.0213967217402,16.4867181666361,-3.53467855510411,6.00029735738222,7.1150172668384,1.11471990945619,0.097456504298918,0.0640840341708891,-2.95744559781799,-0.203940565180412,0.28906990410114,-0.179494953430831,-0.482867342776026,0.085129338920728,-2.40840397771957,-3.10862446895044e-15
MHAS,final,457,451457,wealth,24.9270673118911,22.1286105989366,-2.79845671295449,18.5581005048309,15.7873742368208,-2.77072626801009,6.36896680706015,6.34123636211575,-0.027730444944396,0.0716116598553161,0.0359405376854834,-1.91465764077413,-0.288387424886582,0.342866834792677,-0.243553358610083,-0.666994678531977,0.0544794099060949,-1.96625016823555,2.22044604925031e-15
MHAS,final,458,451458,education,24.4410637946102,23.470172379373,-0.970891415237183,18.9384489851222,16.2031472372246,-2.73530174789756,5.50261480948806,7.26702514214843,1.76441033266038,0.0713257405212732,0.0625746611683505,-1.9866252691575,-0.777071414550953,0.164319386992905,-0.0601286130274402,-0.0757958381545699,-0.612752027558048,22.4016245384638,3.5527136788005e-15
MHAS,final,458,451458,wealth,24.6849010096862,22.9015304345382,-1.78337057514796,17.5053306150452,15.4588521070257,-2.04647850801948,7.17957039464099,7.44267832751252,0.26310793287153,0.0779210304043745,0.0556268952772573,-1.59027743545886,0.0997590767022309,0.134105258577156,-0.10711984322886,-0.582945564611151,0.233864335279386,-11.4276467777672,-4.44089209850063e-16
MHAS,final,459,451459,education,26.2854748192041,23.1952072230123,-3.09026759619176,20.2964449020537,16.1431106337779,-4.1533342682758,5.98902991715045,7.05209658923449,1.06306667208404,0.172349152652058,0.0597712742827023,-2.84712289352123,-0.141944144343867,-0.472595713332681,-0.53322498324845,-0.158446533829572,-0.614539857676547,14.7963014287233,0
MHAS,final,459,451459,wealth,24.2709023624345,21.9052873874576,-2.36561497497682,17.3429680611889,15.4241728216004,-1.91879523958848,6.92793430124557,6.48111456585723,-0.446819735388338,0.0795370605143618,0.0368223680443567,-1.17878211501753,0.13921858918938,0.068624753451518,-0.276586512484021,-0.671269954727832,0.207843342640898,-10.831970934297,6.66133814775094e-16
MHAS,final,460,451460,education,25.5869695476545,23.1170860351617,-2.46988351249276,21.1401228839518,16.1246134147089,-5.01550946924298,4.44684666370266,6.99247262045289,2.54562595675022,0.0723284607787255,0.0506270816914929,-3.07286253589715,-0.445092283988725,-0.498990996273316,0.00262196902374251,-1.00118562210753,-0.94408328026204,18.8232777956361,8.88178419700125e-16
MHAS,final,460,451460,wealth,24.6718486132586,22.5010715836462,-2.1707770296124,18.6030509120146,15.2605220820522,-3.34252882996241,6.06879770124397,7.24054950159398,1.17175180035001,0.0598626118718298,0.0468602977725595,-2.19322129374903,0.0299864370846508,-0.0756569289217471,0.0187411049400505,-1.12237814931633,-0.0456704918370963,1.36634548751551,2.22044604925031e-15
MHAS,final,461,451461,education,24.5781743660692,24.2471722092563,-0.3310021568129,21.1494166269475,16.4963771501154,-4.65303947683202,3.42875773912176,7.75079505914088,4.32203732001912,0.0743141037717702,0.136543191582392,-3.58998128819152,-0.260452237088325,-0.592491180801151,0.257186843543608,-0.467301614294635,-0.852943417889476,18.3308872004283,8.88178419700125e-16
MHAS,final,461,451461,wealth,24.7757645191148,23.4052729614609,-1.37049155765391,17.7333439970966,15.6962230119735,-2.03712098512315,7.04242052201814,7.70904994948738,0.666629427469241,0.134388159721064,0.117568449821499,-1.25718204396554,-0.401400828029249,0.202887783556012,-0.0452482874390021,-0.536177609245367,-0.198513044473237,9.7447842284751,8.88178419700125e-16
MHAS,final,462,451462,education,26.4914711615324,23.1830895054455,-3.30838165608689,20.9844786124496,15.7673900834815,-5.21708852896803,5.50699254908278,7.41569942196392,1.90870687288114,0.179530706476126,0.0723617041394087,-1.20063983758359,-1.05520255659856,-1.95435647356124,-0.527848490296807,-0.479041170927831,-3.0095590301598,57.6865624083076,1.77635683940025e-15
MHAS,final,462,451462,wealth,23.5217629628114,22.5378211359379,-0.983941826873455,15.8003728585747,15.5517149104868,-0.248657948087857,7.72139010423669,6.9861062254511,-0.735283878785596,0.0704361225372282,0.0688396505366922,-0.188984126798435,0.138817174554339,0.552569186327506,0.00664122379599078,-0.757701405967257,0.691386360881845,-278.047159239632,3.60822483003176e-16
MHAS,final,463,451463,education,26.9913554806628,22.9659525470316,-4.02540293363123,21.3286807929755,15.9032773632029,-5.42540342977259,5.66267468768734,7.0626751838287,1.40000049614135,0.135179559338933,0.0516916401225612,-1.99380983643779,-0.780008720795024,-1.24797434617138,-0.409685578967703,-0.993924947400686,-2.0279830669664,37.3793966332087,-8.88178419700125e-16
MHAS,final,463,451463,wealth,24.9104104750654,22.1924635537209,-2.71794692134449,17.4435488745551,15.3811523783466,-2.06239649620856,7.46686160051023,6.8113111753743,-0.655550425135928,0.0854520318251955,0.037386689140851,-0.795258842869747,-0.436557835202356,0.0872598958330827,-0.293228534970938,-0.624611178998605,-0.349297939369273,16.9365076022681,4.44089209850063e-16
MHAS,final,464,451464,education,23.04381605621,22.4304252133809,-0.613390842829137,18.9124737312213,15.755164794554,-3.15730893666736,4.13134232498871,6.67526041882693,2.54391809383823,0.0492399697223379,0.036226055102334,-2.54530762531686,-0.340415853043004,-0.749196730413229,-0.166376432842745,0.643987704948472,-1.08961258345623,34.510800346524,-8.88178419700125e-16
MHAS,final,464,451464,wealth,22.3254433921615,22.3999200679616,0.0744766758000743,15.8378152928417,15.2868159124406,-0.550999380401098,6.48762809931979,7.11310415552096,0.625476056201173,0.0270249941918504,0.0462307690959371,-0.457772770693036,0.153620626881548,0.217383234515222,0.257580611597236,-0.721811082702069,0.37100386139677,-67.332899925713,-7.7715611723761e-16
MHAS,final,465,451465,education,26.1659603047314,23.015008941537,-3.15095136319435,20.4518783134306,16.2823470610606,-4.16953125236998,5.71408199130081,6.73266188047643,1.01857988917563,0.151659045443106,0.0497832100468436,-3.05918210072709,-0.716609859056749,0.291993325072467,-0.605666517063927,-0.0800661005946732,-0.424616533984282,10.1837954504581,6.21724893790088e-15
MHAS,final,465,451465,wealth,23.8469480355286,22.684339454315,-1.16260858121358,17.8837869523213,15.9890752425069,-1.89471170981444,5.96316108320727,6.69526421180813,0.73210312860086,0.0511089277073263,0.0486232621231484,-1.41660726782989,-0.160390763869958,0.25417289994759,0.0204650184220853,-0.592351596484272,0.0937821360776321,-4.94967839127445,-1.11022302462516e-15
MHAS,final,466,451466,education,24.8468446659208,22.8319162651937,-2.01492840072709,17.6046814592817,16.139916315501,-1.46476514378074,7.24216320663905,6.6919999496927,-0.550163256946352,0.116790133562803,0.0436207120145191,-0.818317813806451,-0.766212743535917,0.255236668123437,-0.405667970938723,0.270196716376912,-0.510976075412481,34.8845053817698,-6.66133814775094e-16
MHAS,final,466,451466,wealth,23.0814900081154,22.7947699587345,-0.286720049380875,17.0961960247969,15.2700864818442,-1.82610954295269,5.98529398331846,7.52468347689027,1.53938949357181,0.039837856726654,0.0543395856090682,-1.53535536171203,-0.116491546667342,0.13128382532751,0.178271567324839,-0.483818027225659,0.014792278660168,-0.81004333596822,6.66133814775094e-16
MHAS,final,467,451467,education,23.9421944531436,23.2415284747949,-0.700665978348653,18.1317072315431,16.3722133653729,-1.75949386617021,5.81048722160044,6.869315109422,1.05882788782156,0.103821639825166,0.0729925050447596,-2.42521368725947,-0.30990919085174,0.620313758280746,-0.193843321796756,0.549158575457015,0.310404567429006,-17.6416964785815,4.44089209850063e-16
MHAS,final,467,451467,wealth,24.071343581604,22.0662725238961,-2.00507105770789,17.1763930441779,15.4709799221607,-1.70541312201724,6.89495053742609,6.59529260173545,-0.299657935690643,0.0885078141883378,0.0582669024913741,-1.06151009340158,-0.0342479339396689,0.353213732141064,-0.101780460731599,-0.861088366085458,0.318965798201395,-18.7031396723456,-8.88178419700125e-16
MHAS,final,468,451468,education,24.0113381151222,23.5227559892381,-0.488582125884083,19.5500949446909,16.6482752264513,-2.9018197182396,4.46124317043128,6.8744807627868,2.41323759235552,0.0569621018957395,0.085425505643712,-2.3458390266098,-0.30813014936715,0.0737662271239602,0.218395680919657,-0.54001245030627,-0.23436392224319,8.07644667827149,-8.88178419700125e-16
MHAS,final,468,451468,wealth,24.0087653701438,22.7244909511334,-1.28427441901042,17.7251880158528,15.9185447082889,-1.80664330756389,6.28357735429098,6.80594624284444,0.522368888553467,0.0867953098292549,0.062665792173691,-1.53062665912399,-0.139889150707328,0.230140557622509,-0.16840783155966,-0.19786022379542,0.0902514069151815,-4.99552991657651,-4.44089209850063e-16
MHAS,final,469,451469,education,28.0133828212257,23.5161189936637,-4.497263827562,20.5642989440341,16.0229078839916,-4.54139106004249,7.44908387719159,7.49321110967208,0.0441272324804949,0.258263624909183,0.115974818628799,-3.17533360994002,-0.394970381269259,0.298015620012828,-0.398180413711813,-0.870922275134232,-0.096954761256431,2.13491328922297,0
MHAS,final,469,451469,wealth,24.9927272521346,21.7339285948665,-3.2587986572681,17.4496825971365,14.7164861605851,-2.73319643655141,7.54304465499807,7.01744243428137,-0.525602220716692,0.142007533940606,0.0823570026203934,-1.19313774004729,-0.534794558176143,0.400268901867659,-0.14880157728793,-1.25673146290771,-0.134525656308485,4.92191686296142,4.44089209850063e-16
MHAS,final,470,451470,education,24.1649409656105,23.5356893837118,-0.629251581898689,20.0278036787165,15.8447772288436,-4.18302644987287,4.13713728689394,7.69091215486813,3.55377486797418,0.127297914294665,0.082631541873242,-3.21376088593019,-1.04452254772256,-0.568326998712302,-0.401680336147604,1.04526431863979,-1.61284954643487,38.5570009121956,3.5527136788005e-15
MHAS,final,470,451470,wealth,24.5716255965725,22.6145851402929,-1.95704045627961,16.7364297554787,15.2624500150097,-1.47397974046904,7.83519584109381,7.35213512528323,-0.483060715810577,0.105652045169926,0.0691901079968692,-1.08750887422322,0.423430393666342,0.0666702784039913,-0.178365927067985,-0.698205611248169,0.490100672070333,-33.2501633919594,-1.55431223447522e-15
MHAS,final,471,451471,education,20.0746486411767,24.0248753161446,3.95022667496798,17.3589848897075,16.4924395634728,-0.866545326234654,2.71566375146916,7.53243575267179,4.81677200120263,0.0225333432882709,0.0794350617328217,-2.15087562901721,-0.835656274849048,-0.660533867736807,0.480722307602586,2.29979813776583,-1.49619014258586,172.661498168498,-3.77475828372553e-15
MHAS,final,471,451471,wealth,23.9462733145845,23.2444166365657,-0.7018566780188,17.4474139504975,15.2553933117257,-2.19202063877186,6.49885936408699,7.98902332484005,1.49016396075306,0.0671715676745867,0.0779375685526675,-1.16436377947494,-0.14191726647368,-0.208137675418775,0.175563198361556,-0.853165115766019,-0.350054941892455,15.9695093969819,2.66453525910038e-15
MHAS,final,472,451472,education,21.8477821283791,23.3161179208348,1.46833579245565,18.1561930825712,15.9726113021111,-2.18358178046007,3.69158904580798,7.3435066187237,3.65191757291572,0.0517476792915858,0.0836245529636986,-2.8393758493682,-0.0753573627083653,-0.544021564820427,0.110559430351771,1.16461356608514,-0.619378927528792,28.3652727400158,-8.88178419700125e-16
MHAS,final,472,451472,wealth,24.307794106849,22.2595119251918,-2.04828218165711,17.8735216224341,14.9406853877096,-2.93283623472442,6.43427248441489,7.31882653748221,0.884554053067314,0.0984611088307713,0.0630535861547214,-1.75807335400971,-0.456522102235733,-0.0245176902982484,-0.126884682060182,-0.566838406120549,-0.481039792533982,16.4018633852968,-2.66453525910038e-15
MHAS,final,473,451473,education,26.0315657083006,23.502548452808,-2.52901725549263,20.2171287553425,16.3713443841642,-3.84578437117837,5.81443695295809,7.13120406864382,1.31676711568574,0.188078820547787,0.0827320853549751,-2.63370823072225,-0.119019593146841,-0.863797644476685,-0.568295807316027,0.339036904483433,-0.982817237623526,25.5557031483381,1.77635683940025e-15
MHAS,final,473,451473,wealth,23.8657010827261,22.8603858959188,-1.00531518680727,16.7043574857846,15.9700282823359,-0.734329203448747,7.16134359694144,6.89035761358292,-0.270985983358519,0.0860950657813596,0.0764087186789614,-0.381843280752219,-0.141757409381913,0.375261819277999,2.32787231872145e-05,-0.5860136113158,0.233504409896087,-31.7983281611902,1.4432899320127e-15
MHAS,final,474,451474,education,23.4346951643422,23.530774060023,0.0960788956807868,17.7263163019833,16.4599574200559,-1.26635888192741,5.7083788623589,7.0708166399671,1.3624377776082,0.069559776431959,0.0567051456085937,-1.06518845534821,-0.526812895844429,-0.132486074544362,-0.156515192837508,0.614643736647094,-0.659298970388791,52.0625692919949,-2.88657986402541e-15
MHAS,final,474,451474,wealth,24.6024264583827,23.1527277624726,-1.44969869591004,17.3987439225884,15.9491697934741,-1.44957412911422,7.2036825357943,7.20355796899848,-0.000124566795823178,0.063509013191046,0.0593219510071667,-1.00234275994796,0.234058984334002,0.201735029768605,0.0119837823243734,-0.895009165593234,0.435794014102607,-30.0635893915204,1.55431223447522e-15
MHAS,final,475,451475,education,23.4155698237571,23.7895378674773,0.373968043720176,19.7348906207244,17.1442155429308,-2.59067507779362,3.68067920303271,6.64532232454651,2.9646431215138,0.0602698443972532,0.0786472314171524,-2.221614927486,-0.684172777643095,-0.410069161637325,0.0790840683238872,0.646097720648917,-1.09424193928042,42.237714357153,0
MHAS,final,475,451475,wealth,24.3596436659849,22.905280127802,-1.45436353818284,18.8712488583502,16.3135852044252,-2.55766365392495,5.48839480763469,6.5916949233768,1.10330011574211,0.0746714069006646,0.0677992937431959,-2.10267108510558,0.1573985323083,0.0202453661901611,-0.0260523804918754,-0.606584086825956,0.177643898498461,-6.94555354164148,2.66453525910038e-15
MHAS,final,476,451476,education,26.9693659996698,24.1632287972231,-2.80613720244675,21.879397004408,16.6362537800679,-5.24314322434011,5.08996899526178,7.52697501715515,2.43700602189336,0.219272174587616,0.100116572107561,-3.9122874345821,-0.475025265413887,-0.134598295069287,-0.562866425746213,-0.15836580352862,-0.609623560483174,11.6270628971784,5.32907051820075e-15
MHAS,final,476,451476,wealth,25.0396746592426,22.9299631229956,-2.10971153624696,17.5088497367705,15.904565091247,-1.60428464552354,7.53082492247204,7.02539803174862,-0.505426890723411,0.10717297566233,0.0833059073873042,-1.56222592101301,0.0285692900894406,1.06356925428173,-0.0980137162971341,-1.03618355258457,1.09213854437117,-68.0763571114754,-1.11022302462516e-15
MHAS,final,477,451477,education,25.0246716218156,23.2133432390524,-1.8113283827632,19.516378300151,15.8668405648787,-3.64953773527224,5.50829332166461,7.34650267417365,1.83820935250904,0.0846498786467027,0.0491996214452789,-2.89833325779885,-0.0942743594180922,-0.154942831154862,-0.172079717084803,-0.329907569815634,-0.249217190572954,6.82873307937898,-1.33226762955019e-15
MHAS,final,477,451477,wealth,24.6872071061353,22.2680002604223,-2.41920684571304,17.8636714048527,14.9600272738185,-2.90364413103418,6.82353570128258,7.30797298660373,0.484437285321149,0.0619926262426128,0.040004011845197,-1.26219364356919,-0.072017867979933,-0.238473849200118,-0.0365244900892232,-1.29443428019572,-0.310491717180051,10.6931739279449,-2.22044604925031e-15
MHAS,final,478,451478,education,25.1774304625512,22.3045932189138,-2.87283724363739,21.397345038807,15.4994272812619,-5.89791775754514,3.78008542374416,6.80516593765191,3.02508051390775,0.0504580164481038,0.0289518541417028,-3.39527047502818,-0.829614818169836,-0.386213601012502,0.164283983997636,-1.45110284733225,-1.21582841918234,20.6145366748619,5.32907051820075e-15
MHAS,final,478,451478,wealth,23.0857802256729,22.0927686830634,-0.993011542609505,16.8371218903519,15.5747211822927,-1.2624007080592,6.24865833532092,6.51804750077061,0.269389165449693,0.0255517134555539,0.0283009513762755,-0.676437221892201,-0.0742897157501579,0.334837371912203,0.134439741896482,-0.980950884225523,0.260547656162045,-20.6390613137891,1.55431223447522e-15
MHAS,final,479,451479,education,23.394050330521,22.8725242654301,-0.521526065090903,18.8939530805647,16.4203225125743,-2.47363056799037,4.50009724995633,6.4522017528558,1.95210450289947,0.0677023432429778,0.0545444739378551,-2.08299575099021,-0.468454008218865,-0.335738499628748,-0.150735412579442,0.564293103426894,-0.804192507847613,32.5106148935148,8.88178419700125e-16
MHAS,final,479,451479,wealth,23.891870358788,21.8677997485401,-2.02407061024795,17.2873088364838,16.1693794980842,-1.11792933839964,6.60456152230416,5.69842025045586,-0.906141271848302,0.0636753665574816,0.0442075159153812,-0.83092776519751,0.378188555672738,0.50763716686779,-0.111473483104497,-1.06135381263817,0.885825722540529,-79.2380781247427,-3.99680288865056e-15
MHAS,final,480,451480,education,25.2733183286148,23.4769489252405,-1.79636940337433,21.1170289875242,15.9777080571615,-5.13932093036273,4.15628934109061,7.49924086807902,3.3429515269884,0.0837295717434634,0.0678893374463483,-4.48598133329895,0.101870374878741,-0.289413801336979,-0.0550906340293156,-0.410705536576228,-0.187543426458238,3.64918690619699,-3.5527136788005e-15
MHAS,final,480,451480,wealth,24.6669350147118,23.3587277029056,-1.30820731180618,16.8457907550255,16.018306848931,-0.827483906094518,7.82114425968626,7.3404208539746,-0.480723405711663,0.0790981531050866,0.0661026440814625,-0.786145342444098,0.0578965275179287,0.56593397985322,-0.0390825386188155,-0.626086532402755,0.623830507371149,-75.3888387165675,-1.88737914186277e-15
MHAS,final,481,451481,education,27.8952603120928,24.2955748407192,-3.59968547137359,20.6266134313912,16.5056612632909,-4.1209521681003,7.26864688070163,7.78991357742834,0.521266696726709,0.241610124419821,0.109198190261611,-1.3029320921937,-0.886101737786286,-0.845111444942337,-0.533416235181345,-0.553390657996632,-1.73121318272862,42.0100285591688,8.88178419700125e-16
MHAS,final,481,451481,wealth,25.671846109129,23.6930713091831,-1.97877479994582,18.2960625542194,15.4150539453126,-2.88100860890675,7.37578355490958,8.2780173638705,0.902233808960924,0.128543643252073,0.103692991501104,-1.49485936684294,-0.13843499777148,-0.307343621304849,-0.0613215608594007,-0.879049062128075,-0.445778619076329,15.4730054501811,-1.77635683940025e-15
MHAS,final,482,451482,education,24.2222465243402,23.1296320864473,-1.09261443789289,18.8218119861729,16.7809905781029,-2.04082140806997,5.40043453816729,6.34864150834438,0.948206970177084,0.134082918865036,0.0805013939182435,-1.56904894716098,-0.759277824735614,-0.0229078513404011,-0.418276803379406,0.728690018546427,-0.782185676076015,38.3270026952401,-1.33226762955019e-15
MHAS,final,482,451482,wealth,23.6446910076495,22.748772407765,-0.895918599884507,17.1616973797502,16.7997005161102,-0.361996863639941,6.48299362789935,5.94907189165478,-0.533921736244565,0.0887009034773553,0.0734758069005437,-0.562855242283925,0.116314907259442,0.656305746742703,-0.0843113575938982,-0.487450917764263,0.772620654002145,-213.432969068657,5.55111512312578e-16
MHAS,final,483,451483,education,23.799809265229,24.0337874992324,0.23397823400337,18.0997201659175,16.3840883753535,-1.71563179056391,5.70008909931153,7.6496991238788,1.94961002456728,0.161147118192117,0.0897312871316635,-1.16270104424446,-0.568191328389501,-1.06221612025799,-0.531462204359008,1.60893890668705,-1.63040744864749,95.0324806065523,0
MHAS,final,483,451483,wealth,23.9790691056999,23.8429028680259,-0.136166237674011,16.7749039616125,16.5590765957983,-0.215827365814221,7.20416514408743,7.28382627222764,0.0796611281402093,0.0731345873749589,0.096688921385739,-0.526992967844898,-0.137662352384491,0.880477245833033,0.131107867126604,-0.562757158544468,0.742814893448542,-344.170856483483,1.74860126378462e-15
MHAS,final,484,451484,education,25.7242111333216,24.2977857250778,-1.42642540824379,22.4511970975464,16.7738987724174,-5.67729832512899,3.27301403577514,7.52388695266034,4.2508729168852,0.0594180851703201,0.0796154823961537,-4.00361666126836,-0.917184487910374,-0.0523311192112506,0.0201127320463047,-0.724278788785317,-0.969515607121625,17.0770593969024,-5.32907051820075e-15
MHAS,final,484,451484,wealth,25.4538342286277,22.5322434259027,-2.92159080272504,17.3625499077039,16.2857258835192,-1.07682402418469,8.09128432092387,6.24651754238351,-1.84476677854036,0.0968342655603379,0.0390298758140799,-0.496351154857504,0.0138064423373181,0.603162182523601,-0.410699204739816,-0.786742289448287,0.616968624860919,-57.2952136100468,2.22044604925031e-16
MHAS,final,485,451485,education,28.1084129748893,22.6575941748069,-5.45081880008241,21.3674091504951,16.1003405738065,-5.26706857668867,6.74100382439415,6.55725360100041,-0.18375022339374,0.196463475073108,0.030137748128085,-1.99292549367365,-0.753562681619874,-0.634041371911165,-1.03826177165296,-0.848277257831026,-1.38760405353104,26.3449019758806,-4.44089209850063e-15
MHAS,final,485,451485,wealth,23.5564423040081,22.5874291346539,-0.969013169354145,17.4255906679807,15.827601423101,-1.59798924487972,6.13085163602738,6.75982771155296,0.628976075525575,0.0341484754219745,0.0304198364844196,-1.14690405107765,-0.248615194586888,0.198705795877828,-0.0243928623777279,-0.376782932715284,-0.0499093987090604,3.12326249184594,2.22044604925031e-16
MHAS,final,486,451486,education,25.6930906491664,23.2326490403946,-2.46044160877175,19.7274430058182,16.2914832364218,-3.43595976939639,5.96564764334814,6.94116580397278,0.975518160624642,0.178868480028906,0.0654989372235437,-2.15890373984744,-0.561404038319551,-0.596381326329481,-0.624482902687184,0.505212237787269,-1.15778536464903,33.6961269151421,-1.77635683940025e-15
MHAS,final,486,451486,wealth,24.0077076809891,23.419927077474,-0.587780603515082,17.3199890342126,15.5401839410015,-1.7798050932111,6.68771864677654,7.87974313647255,1.19202448969601,0.0648526908886706,0.092907869055599,-0.881156012872063,-0.45111389082494,0.397588562653216,0.311815824629025,-1.15693957679633,-0.0535253281717245,3.0073702101366,-1.11022302462516e-15
MHAS,final,487,451487,education,25.8704869088607,23.3278164357824,-2.54267047307835,19.6628237607909,16.2102766638744,-3.45254709691648,6.20766314806982,7.11753977190795,0.909876623838127,0.156221801942524,0.0876336544472381,-1.62016067718154,-0.801292818169009,-0.279709424209112,-0.364894034528205,-0.386490142828604,-1.08100224237812,31.3102822940079,2.66453525910038e-15
MHAS,final,487,451487,wealth,24.673814046711,22.6643252461601,-2.00948880055095,18.2379820463306,15.2960923880815,-2.94188965824914,6.43583200038037,7.36823285807856,0.932400857698189,0.106975243638769,0.0830103410987734,-1.50039323448866,-0.252292726364923,-0.215971153106507,-0.00597366901048077,-0.967258875278574,-0.46826387947143,15.9171122600878,-8.88178419700125e-16
MHAS,final,488,451488,education,26.5177855024706,23.2968138441787,-3.22097165829194,20.3558882816013,16.4879162085537,-3.86797207304767,6.16189722086929,6.80889763562502,0.64700041475573,0.185446685083167,0.0885169944028726,-2.89719084633297,-0.623343167718052,0.365507560847424,-0.55181864365415,-0.161126976189919,-0.257835606870628,6.66591180084381,-3.5527136788005e-15
MHAS,final,488,451488,wealth,24.6741817210989,22.3529792585163,-2.32120246258265,17.8537611472759,15.8296647109743,-2.02409643630152,6.82042057382306,6.52331454754192,-0.297106026281138,0.112092628302545,0.0726360783517212,-0.895891965180584,-0.210526222442243,0.0763237919508586,-0.186044647534542,-0.807957393095006,-0.134202430491384,6.63023895919716,-4.44089209850063e-16
MHAS,final,489,451489,education,26.4038951678826,24.0610658778189,-2.34282929006372,21.8818698358066,16.8448295129145,-5.03704032289204,4.52202533207607,7.21623636490438,2.69421103282831,0.113567820315859,0.0603750167932863,-2.77934984102912,-0.386416106122333,-0.950339564942486,-0.192142252222769,-0.728792558575324,-1.33675567106482,26.5385143928591,8.88178419700125e-16
MHAS,final,489,451489,wealth,25.0951647107965,22.9735915581698,-2.12157315262672,18.3436443819662,15.8197205288289,-2.52392385313728,6.75152032883032,7.15387102934088,0.402350700510563,0.0666147060199161,0.0463729596986008,-1.36349058524533,0.0706175562091934,-0.0291427798205376,-0.0407011333198962,-1.16120691096071,0.0414747763886558,-1.64326575610045,0
MHAS,final,490,451490,education,21.7357131812173,24.020640398663,2.28492721744571,17.669439678357,15.7463756400836,-1.92306403827343,4.06627350286027,8.27426475857942,4.20799125571915,0.0368177501247175,0.108297557910731,-2.57719151679306,-0.572466019153474,0.177982860598826,0.491280560412258,0.557330076662018,-0.394483158554649,20.5132616857015,-8.88178419700125e-16
MHAS,final,490,451490,wealth,24.2040593044637,23.3499717833584,-0.854087521105296,16.8066395498794,14.9712837256705,-1.83535582420894,7.39741975458431,8.37868805768795,0.981268303103636,0.0994833432812466,0.105696619612875,-1.07149277916349,-0.282651528036126,0.176051336360465,0.113627858409893,-0.770890711779675,-0.106600191675661,5.8081484946717,-4.44089209850063e-16
MHAS,final,491,451491,education,21.4898641113712,23.4514752305266,1.96161111915541,18.0213364316501,16.3346746054724,-1.68666182617766,3.46852767972117,7.11680062505424,3.64827294533307,0.0458428305168541,0.0595714802521974,-2.84079053392162,-0.328805517898678,-0.391382631114603,-0.0471210391788639,1.9214378959361,-0.720188149013282,42.6990246554275,-3.33066907387547e-15
MHAS,final,491,451491,wealth,24.317293365631,22.9217874501169,-1.39550591551413,17.0455796898113,15.9339906932484,-1.11158899656295,7.27171367581968,6.98779675686851,-0.283916918951176,0.0709915301989142,0.0514204738611115,-0.829048708830669,-0.1316380338744,0.436689594478803,-0.115808585482955,-0.471783262853728,0.305051560604403,-27.4428373749315,1.55431223447522e-15
MHAS,final,492,451492,education,26.9416156518189,23.7487089113407,-3.19290674047816,19.8021078965178,16.3735546701526,-3.42855322636515,7.13950775530109,7.37515424118808,0.235646485886986,0.28347583656309,0.11423948449788,-1.58576346418775,-1.04384261023118,-0.39844804957184,-0.864131876392687,0.463632774018295,-1.44229065980302,42.0670342438315,-1.33226762955019e-15
MHAS,final,492,451492,wealth,25.0744480204596,22.6419159135267,-2.43253210693285,17.9394431590672,15.7158152409877,-2.22362791807958,7.13500486139231,6.92610067253904,-0.20890418885327,0.135922554430236,0.0876986458776797,-1.52709309786293,-0.0950215503765969,0.360288743696316,-0.217277950272778,-0.744524063263583,0.265267193319719,-11.9294775516587,3.10862446895044e-15
MHAS,final,493,451493,education,25.5513134829323,22.6617255194764,-2.88958796345594,20.4044259249132,15.9731227488209,-4.43130317609235,5.14688755801904,6.68860277065546,1.54171521263641,0.0950978044480818,0.0509551090015281,-2.29549654817759,-0.295480172474798,-0.874606321583562,-0.108209004921801,-0.8575111289346,-1.17008649405836,26.4050200936641,-1.77635683940025e-15
MHAS,final,493,451493,wealth,24.193402447594,21.7640858540974,-2.42931659349659,17.969969021314,15.3685924033658,-2.60137661794811,6.22343342628007,6.39549345073159,0.172060024451518,0.0616747175188559,0.042054773735057,-1.22352223720848,-0.290194966492756,0.157650601049101,-0.0145014637721612,-1.23080855152382,-0.132544365443655,5.09516248163259,-1.77635683940025e-15
MHAS,final,494,451494,education,25.8978569873795,23.0962479886418,-2.80160899873768,18.6433296871099,16.1863274391287,-2.45700224798119,7.25452730026965,6.90992054951316,-0.344606750756492,0.119821116708713,0.055585225058877,-1.45083104206816,-0.30711830687593,0.198740134560932,-0.318363567904231,-0.579429465693806,-0.108378172314997,4.41099198847078,-8.88178419700125e-16
MHAS,final,494,451494,wealth,24.0679962898404,22.0714674122125,-1.9965288776279,17.4235690683033,14.9430883356516,-2.48048073265162,6.64442722153717,7.1283790765609,0.483951855023726,0.0610553493986896,0.0400642870398885,-2.08300188594225,0.0737911439408809,0.23928390893247,-0.149658110170965,-0.560895789411759,0.313075052873351,-12.621547458612,-1.33226762955019e-15
MHAS,final,495,451495,education,22.9888545242938,23.566629275264,0.577774750970193,18.5588087981375,16.3661438601246,-2.19266493801294,4.43004572615626,7.2004854151394,2.77043968898314,0.0465130838854312,0.0535165141877228,-2.33486883357647,-0.293720912201809,-0.384084197498002,-0.00473979524459708,0.824748800507938,-0.677805109699811,30.9123887534799,3.5527136788005e-15
MHAS,final,495,451495,wealth,24.4875470257305,22.5639518045413,-1.92359522118913,17.3311821755091,15.6583341540663,-1.67284802144271,7.1563648502214,6.90561765047498,-0.250747199746423,0.0611444297655767,0.045897689565726,-0.5751013958048,-0.267682499223371,0.239852338397368,-0.0456058237476954,-1.02431064106421,-0.0278301608260033,1.66363952189762,-1.55431223447522e-15
MHAS,final,496,451496,education,23.7556619230029,23.4439150944768,-0.311746828526026,19.2568118377657,15.8809368142211,-3.37587502354465,4.49885008523717,7.56297828025579,3.06412819501862,0.0879864058417166,0.0894175981301715,-3.14113351713912,-0.788494599068496,0.173610071589359,-0.0668680712975738,0.447011092371185,-0.614884527479137,18.2140785186269,4.44089209850063e-16
MHAS,final,496,451496,wealth,24.3535212591517,22.1419925264851,-2.21152873266664,16.8175343709053,15.5007203729643,-1.31681399794097,7.53598688824643,6.64127215352075,-0.894714734725681,0.104129786473721,0.0519603067677755,-0.655046432907165,-0.355418611714839,0.324496275560942,-0.225731441580814,-0.405113787299089,-0.0309223361538972,2.34826909512269,6.66133814775094e-16
MHAS,final,497,451497,education,22.2066895176243,24.3251790941169,2.11848957649267,18.2573897445767,16.7800364899524,-1.47735325462427,3.94929977304758,7.54514260416451,3.59584283111694,0.0418450659193175,0.0972629843994155,-2.48663927547384,-0.301213602388153,-0.0896502960681087,0.276639620019942,1.1235102992859,-0.390863898456261,26.4570370852616,-4.44089209850063e-16
MHAS,final,497,451497,wealth,25.2149317822554,23.9895106493833,-1.22542113287206,17.995644911682,16.2270470252266,-1.76859788645536,7.21928687057342,7.76246362415671,0.543176753583291,0.10593481107021,0.0991359093562373,-1.01348795266412,-0.0319549177204165,0.0180498075673636,0.0263005936616461,-0.767505417299832,-0.0139051101530529,0.786222253206559,-4.44089209850063e-16
MHAS,final,498,451498,education,21.3104355451263,23.5629271328499,2.25249158772359,17.2809105507694,16.2357023520886,-1.04520819868078,4.02952499435688,7.32722478076125,3.29769978640437,0.041719566576514,0.0932312696752949,-2.1935109009367,-0.0816805964696781,-0.188182900983708,0.288302232618382,1.12986396709093,-0.269863497453386,25.819114105113,-4.44089209850063e-16
MHAS,final,498,451498,wealth,23.9988253326044,22.7211981926776,-1.27762713992676,17.1709463723416,15.2133875009242,-1.95755887141747,6.82787896026276,7.50781069175347,0.679931731490711,0.102319340268556,0.0780598477659944,-1.53087531268698,-0.102658013327799,0.0231527479712067,-0.148086739445873,-0.19909155392802,-0.0795052653565922,4.06144951845165,-1.77635683940025e-15
MHAS,final,499,451499,education,23.5511214687261,23.1042941010676,-0.446827367658472,20.7268665280206,15.7805907516459,-4.94627577637474,2.82425494070543,7.3237033494217,4.49944840871627,0.0386838373799254,0.0872879178086848,-4.50599115813651,-0.701719220170036,0.275848177694961,0.336252434484305,-0.350666010247463,-0.425871042475074,8.60993324531546,0
MHAS,final,499,451499,wealth,24.0497408447238,21.9007223969376,-2.14901844778614,16.7523978426778,15.5426857624385,-1.20971208023936,7.29734300204594,6.35803663449915,-0.939306367546786,0.0971323627623802,0.0563138012819512,-0.448444875413679,-0.423625276936534,0.492007059689366,-0.268597123762657,-0.561051863815855,0.0683817827528319,-5.65273207318072,1.77635683940025e-15
MHAS,final,500,451500,education,27.2804785699451,22.8808448435407,-4.39963372640441,18.2814139908298,15.8784229575607,-2.40299103326907,8.99906457911536,7.00242188598002,-1.99664269313533,0.192422322194464,0.0267061827870522,-1.06806742268332,-0.701506396568743,0.153170256618021,-0.761690392168837,-0.0248970784662012,-0.548336139950722,22.8189007931817,-2.22044604925031e-15
MHAS,final,500,451500,wealth,23.8241870204987,22.2517077837795,-1.57247923671911,17.2470562831275,14.579189294861,-2.66786698826654,6.57713073737115,7.67251848891859,1.09538775154743,0.029721961051958,0.0254248105704062,-1.65156773641218,-0.244814983111179,-0.0234598626368876,0.0165880203277958,-0.764612426434096,-0.268274845748067,10.0557804016451,-4.44089209850063e-16
