cohort,phase,replicate,seed,exposure,high_tle,low_tle,gap_tle,high_dfle,low_dfle,gap_dfle,high_disabled,low_disabled,gap_disabled,high_residual_age100,low_residual_age100,contribution_onset,contribution_recovery,contribution_relapse,contribution_post_disability_mortality,contribution_pre_disability_mortality,recovery_relapse_contribution,recovery_relapse_percent,closure_error
ELSA,final,1,351001,education,27.2740557855526,23.1404645585436,-4.13359122700905,21.066368836512,16.6263577212679,-4.44001111524407,6.20768694904063,6.51410683727565,0.306419888235019,0.0805011573900877,0.0132074300378762,-1.89041321063173,-0.671980302963505,-0.496077258242346,-0.488120280908837,-0.893420062497649,-1.16805756120585,26.3075368706964,0
ELSA,final,1,351001,wealth,26.8481599236964,22.2091483609732,-4.63901156272322,21.1872688287576,15.4296172266887,-5.75765160206897,5.66089109493877,6.77953113428452,1.11864003934575,0.0590959509962871,0.00620047260321829,-2.79816580072038,-0.965108764263178,-0.556997125256284,-0.466694392940381,-0.970685518888738,-1.52210588951946,26.4362277316763,1.77635683940025e-15
ELSA,final,2,351002,education,25.4646795668501,23.8957650897618,-1.56891447708822,20.2650075068267,16.7964926180481,-3.46851488877857,5.19967206002338,7.09927247171372,1.89960041169034,0.0321218445093554,0.0101537055901745,-2.04614846510114,-0.703566803579677,-0.615192169761569,-0.21545794838709,0.111850498050905,-1.31875897334125,38.0208537552406,8.88178419700125e-16
ELSA,final,2,351002,wealth,27.1622185797405,22.7588997467156,-4.40331883302485,21.1354355572971,15.4404210267611,-5.69501453053598,6.02678302244342,7.31847871995455,1.29169569751113,0.0629837165985435,0.00558638084495007,-3.02115611999094,-0.89789385376026,-0.638870712253661,-0.450754786161817,-0.686339058369299,-1.53676456601392,26.9843835827631,3.5527136788005e-15
ELSA,final,3,351003,education,27.5563070632079,24.2889732253351,-3.26733383787284,21.3366380270547,17.3620031291372,-3.97463489791755,6.21966903615319,6.9269700961979,0.707301060044711,0.135514836508774,0.0432353160618574,-1.40655512282749,-0.861090825185453,-0.702558701421834,-0.380181605102312,-0.624248643380472,-1.56364952660729,39.3407084365544,-3.5527136788005e-15
ELSA,final,3,351003,wealth,27.5112685061635,22.8680800154421,-4.64318849072145,21.1036226640184,15.7347458637237,-5.36887680029477,6.40764584214512,7.13333415171844,0.725688309573321,0.116764324540908,0.0178567959266892,-2.5007956844331,-0.981881377951052,-0.539442636138101,-0.461303741194797,-0.885453360577714,-1.52132401408915,28.3359829379141,1.77635683940025e-15
ELSA,final,4,351004,education,27.2284313555477,24.4523653686997,-2.77606598684803,21.275654581984,17.00654142719,-4.26911315479405,5.95277677356368,7.4458239415097,1.49304716794602,0.136553025407426,0.0686533474451367,-2.18884195840989,-0.659691461539646,-0.540183586593559,-0.215526972333364,-0.664869175917591,-1.1998750481332,28.1059556078009,1.77635683940025e-15
ELSA,final,4,351004,wealth,28.397737992054,22.9845816647206,-5.41315632733337,21.5232848767687,15.5089073876144,-6.01437748915432,6.87445311528532,7.47567427710628,0.601221161820956,0.182057380814127,0.0432259095033694,-2.7839039733383,-0.779121622983515,-0.631006975904525,-0.501700925862978,-1.318643991065,-1.41012859888804,23.4459609731999,1.77635683940025e-15
ELSA,final,5,351005,education,26.0913790577113,24.3473763611291,-1.74400269658226,20.8382244545012,17.2979302517297,-3.54029420277146,5.25315460321016,7.04944610939936,1.7962915061892,0.0512658434622147,0.0260149289297424,-1.85749643417992,-0.52959849564315,-0.718602127604246,-0.177433361676661,-0.257163783667485,-1.2482006232474,35.2569744703777,0
ELSA,final,5,351005,wealth,26.6899044716939,23.0711386050098,-3.61876586668407,21.0500386927345,15.6898286956135,-5.36020999712106,5.63986577895937,7.38130990939636,1.74144413043699,0.0444299905608187,0.0071004203310053,-3.0766887558252,-0.792196868746643,-0.496968861366364,-0.358441948515046,-0.635913562667802,-1.28916573011301,24.0506571721147,3.5527136788005e-15
ELSA,final,6,351006,education,26.9872523902007,23.6147378750618,-3.37251451513882,21.4802639064496,16.8269115929014,-4.6533523135482,5.5069884837511,6.78782628216048,1.28083779840938,0.123091413069971,0.0451694360168479,-2.17011266428264,-0.658435193011896,-0.710257602648956,-0.318317412798774,-0.796229440805935,-1.36869279566085,29.4130489899918,2.66453525910038e-15
ELSA,final,6,351006,wealth,26.7086874637926,22.4957273843131,-4.21296007947947,20.9665006879257,15.4912321009874,-5.47526858693829,5.74218677586694,7.00449528332576,1.26230850745882,0.123615179109799,0.0320677846952503,-2.75474053925629,-1.05785981737467,-0.529327524927362,-0.437942564433276,-0.695398140946694,-1.58718734230203,28.9883010687074,-2.66453525910038e-15
ELSA,final,7,351007,education,27.151535859318,23.6742992628099,-3.47723659650809,21.7658451434763,17.094822647609,-4.67102249586728,5.38569071584169,6.57947661520088,1.19378589935919,0.042349670815334,0.00776910835552468,-1.97909098768347,-0.80070963460454,-0.655235477601716,-0.381235895974085,-0.854750500003467,-1.45594511220626,31.1697302570136,0
ELSA,final,7,351007,wealth,26.8122278175172,22.6720964260562,-4.14013139146093,21.0386526697393,15.8008864037931,-5.23776626594612,5.77357514777791,6.8712100222631,1.09763487448519,0.0325273076407332,0.00219354094458065,-2.51873177291736,-0.968167091973097,-0.485361668686639,-0.513060180536574,-0.752445551832446,-1.45352876065974,27.7509282938035,-1.77635683940025e-15
ELSA,final,8,351008,education,27.7502688911403,24.1072399696321,-3.64302892150818,21.8523823912948,17.1352425559543,-4.71713983534045,5.89788649984548,6.97199741367775,1.07411091383227,0.0457413161179428,0.0101736283806604,-1.64765069277799,-0.685223573638405,-0.845081392052606,-0.312801756802613,-1.22638242006884,-1.53030496569101,32.4413737796383,-1.77635683940025e-15
ELSA,final,8,351008,wealth,26.8438976376774,22.9011635109503,-3.94273412672707,21.3700936515044,15.8615335933645,-5.50856005813986,5.47380398617297,7.03962991758576,1.5658259314128,0.0276981704830648,0.00167221672585416,-2.83950543097302,-0.837477135019538,-0.460499171443011,-0.325221934333925,-1.04585638637038,-1.29797630646255,23.562896524012,-1.77635683940025e-15
ELSA,final,9,351009,education,26.5469366802382,24.0179769695602,-2.52895971067793,21.0388659405372,17.4433847261229,-3.59548121441435,5.50807073970094,6.57459224343737,1.06652150373642,0.0291952191222687,0.00526267240959646,-1.43093575851828,-0.613460069169619,-0.838252103142266,-0.468235760475262,-0.244597523108926,-1.45171217231188,40.3760188341951,0
ELSA,final,9,351009,wealth,26.9359792538231,22.9305593402106,-4.00541991361252,21.2154185108776,15.9441490202583,-5.27126949061923,5.72056074294549,6.9864103199522,1.26584957700671,0.0478086415228412,0.00447308194852225,-2.83943672667149,-0.920617745992199,-0.463683542360869,-0.52597498645563,-0.521556489139047,-1.38430128835307,26.2612505548535,-2.66453525910038e-15
ELSA,final,10,351010,education,26.5379426974755,23.3008984358165,-3.23704426165896,21.5419084069352,16.8200668783442,-4.72184152859098,4.99603429054027,6.48083155747228,1.48479726693202,0.061873238214906,0.0170838581225813,-2.13055574478081,-0.640814037594439,-0.752062356336103,-0.232691307939502,-0.96571808194012,-1.39287639393054,29.4985840904785,0
ELSA,final,10,351010,wealth,26.7251976503313,22.4236240376438,-4.3015736126875,21.4088186949283,15.4072523193029,-6.00156637562531,5.31637895540305,7.01637171834087,1.69999276293782,0.0456804958686957,0.00413494386296733,-3.16319958761459,-0.973542824851436,-0.614073289327932,-0.379474400305746,-0.871276273525601,-1.58761611417937,26.4533625859291,4.44089209850063e-15
ELSA,final,11,351011,education,26.3442007506839,23.8633494214129,-2.48085132927094,20.9909032286744,17.2342081139874,-3.75669511468703,5.35329752200949,6.62914130742557,1.27584378541609,0.0761151663257829,0.0224577490622026,-1.98098812525855,-0.548138223270597,-0.711349863987717,-0.325948912645808,-0.190269989524359,-1.25948808725831,33.5264920044821,0
ELSA,final,11,351011,wealth,27.2322746317768,22.6231628449828,-4.60911178679404,21.1974089958746,15.5528592165317,-5.64454977934289,6.03486563590225,7.0703036284511,1.03543799254885,0.0803003724595403,0.00941453396123254,-2.87753053405948,-0.838602822575881,-0.636746170077103,-0.475415969194261,-0.816254283436164,-1.47534899265298,26.1375849328542,-1.77635683940025e-15
ELSA,final,12,351012,education,26.9404173997417,23.6318939366372,-3.30852346310448,21.6600071867156,17.046154665222,-4.6138525214936,5.2804102130261,6.58573927141521,1.30532905838911,0.0751027022691487,0.0256985411597215,-1.91002792201657,-0.596878110492577,-0.987232227290144,-0.27941935931092,-0.840294902383386,-1.58411033778272,34.3337878790697,-8.88178419700125e-16
ELSA,final,12,351012,wealth,26.450892132902,22.5002492596379,-3.95064287326415,20.8820087259803,15.7243623079995,-5.15764641798084,5.5688834069217,6.7758869516384,1.2070035447167,0.0432982238348806,0.00593456708738865,-2.81115838713216,-0.845117909968792,-0.54622552205984,-0.420199387338885,-0.53494521148117,-1.39134343202863,26.9763244564044,-1.77635683940025e-15
ELSA,final,13,351013,education,27.3599903485101,23.2514798040019,-4.10851054450822,21.3748597304026,16.5439221736815,-4.83093755672109,5.98513061810756,6.70755763032043,0.72242701221287,0.125172850777343,0.0251301832423693,-1.8857763596722,-0.905382089860597,-0.756296292204737,-0.558262223254017,-0.725220591729537,-1.66167838206533,34.3966023686956,0
ELSA,final,13,351013,wealth,26.5737659226684,22.4338851142623,-4.13988080840614,20.7963382958704,15.3477866040152,-5.44855169185516,5.77742762679802,7.08609851024704,1.30867088344902,0.0772511873657339,0.00984047906122995,-2.94036292128548,-0.727494512335462,-0.673946383084379,-0.476072337938206,-0.630675537211633,-1.40144089541984,25.7213471520294,2.66453525910038e-15
ELSA,final,14,351014,education,28.1415453542665,24.431622247226,-3.70992310704053,21.4988292421345,16.9871786833206,-4.51165055881387,6.64271611213203,7.44444356390536,0.80172745177333,0.237308558055883,0.10009131615068,-1.81386757307944,-0.708193973224143,-0.838345724772854,-0.45041687792829,-0.700826409809142,-1.546539697997,34.2788005816565,-1.77635683940025e-15
ELSA,final,14,351014,wealth,26.9013632057066,23.2589584954821,-3.64240471022456,20.9318406965643,15.6027060526463,-5.32913464391802,5.96952250914236,7.65625244283581,1.68672993369345,0.132480285542135,0.0506537154247485,-2.76013690633795,-0.96361151660027,-0.506428694973047,-0.291890200353371,-0.807067325653378,-1.47004021157332,27.5849703525699,-2.66453525910038e-15
ELSA,final,15,351015,education,27.0542836962225,24.6284820670142,-2.42580162920827,20.8772768134082,17.0199133184859,-3.8573634949223,6.17700688281428,7.60856874852831,1.43156186571403,0.158874946547226,0.0881254509618403,-1.83039014922506,-0.661622172485062,-0.621626179689936,-0.263817896796511,-0.479907096725727,-1.283248352175,33.2674987427092,2.22044604925031e-15
ELSA,final,15,351015,wealth,27.9305006052947,22.7753271960017,-5.15517340929303,21.4074978913134,15.1696295684005,-6.23786832291285,6.52300271398134,7.60569762760116,1.08269491361982,0.125562169880029,0.0224096813527315,-3.23655804574394,-1.04106116335978,-0.463129622864059,-0.527964454745496,-0.969155036199573,-1.50419078622384,24.1138592281383,7.105427357601e-15
ELSA,final,16,351016,education,26.3937924877436,23.6220506874776,-2.77174180026607,21.002485046906,17.0218701401587,-3.98061490674726,5.39130744083765,6.60018054731883,1.20887310648118,0.0305331949029898,0.00776789060846412,-1.91776471503011,-0.507322169729189,-0.54264251886028,-0.235867370192061,-0.777018132935618,-1.04996468858947,26.3769471095973,-1.77635683940025e-15
ELSA,final,16,351016,wealth,26.9377859879123,23.2203185488744,-3.71746743903789,21.2593269548164,16.010385062684,-5.24894189213237,5.67845903309595,7.20993348619042,1.53147445309448,0.047548016337817,0.00581410743423345,-2.72413053457986,-0.969173437116857,-0.560196186667808,-0.415603630394675,-0.579838103373168,-1.52936962378466,29.1367223187789,-1.77635683940025e-15
ELSA,final,17,351017,education,28.8063665710475,23.8504381435928,-4.9559284274547,22.4328560130691,16.7842311157099,-5.64862489735915,6.37351055797844,7.06620702788289,0.69269646990445,0.0838802491661913,0.00782920862602384,-2.63919685161571,-0.677204544294744,-0.413006162646878,-0.501905083363475,-1.41731225543835,-1.09021070694162,19.3004620903632,1.77635683940025e-15
ELSA,final,17,351017,wealth,27.0712995683659,23.0891263183082,-3.98217325005763,21.2407075712013,15.5835248041829,-5.6571827670184,5.8305919971645,7.50560151412528,1.67500951696077,0.061112209098541,0.00575211706179633,-3.21267806529947,-0.713355775249644,-0.614928256606093,-0.431551682970605,-0.684668986892597,-1.32828403185574,23.4796025965377,-3.5527136788005e-15
ELSA,final,18,351018,education,27.6687812113038,23.9077381259711,-3.76104308533273,22.0984257893796,17.0349406244928,-5.06348516488683,5.57035542192419,6.8727975014783,1.30244207955411,0.05620850762892,0.00616768906530228,-2.67800811849206,-0.287044324150295,-0.655166218458819,-0.385906233653135,-1.05736027013252,-0.942210542609114,18.6079451588592,8.88178419700125e-16
ELSA,final,18,351018,wealth,26.9218135533752,23.2142959744663,-3.7075175789089,21.1673565775455,15.8544422567764,-5.31291432076911,5.75445697582974,7.35985371768995,1.60539674186021,0.0495230088588025,0.00467090327426192,-2.89990809620162,-0.816126909381381,-0.541776901377207,-0.430125032386645,-0.624977381422261,-1.35790381075859,25.5585490142445,1.77635683940025e-15
ELSA,final,19,351019,education,25.9280542425561,23.8573348388841,-2.07071940367202,20.5540058482814,16.8039117424218,-3.75009410585958,5.37404839427468,7.05342309646224,1.67937470218756,0.0184943140124826,0.00589289822168179,-2.31996196939442,-0.458345228801151,-0.479402986127867,-0.19846617663558,-0.293917744900566,-0.937748214929018,25.0059915420195,4.44089209850063e-16
ELSA,final,19,351019,wealth,26.2687110403064,22.4980984581606,-3.77061258214573,20.6844966074617,15.4008021442784,-5.28369446318337,5.58421443284462,7.09729631388225,1.51308188103764,0.0328168652404162,0.00509398896312052,-3.0028336916647,-0.765310841728518,-0.417198847232028,-0.353611432752855,-0.744739649805269,-1.18250968896055,22.3803571005144,8.88178419700125e-16
ELSA,final,20,351020,education,26.7562183884266,23.9246921242148,-2.83152626421181,21.2392306380004,17.0783715611987,-4.16085907680172,5.51698775042615,6.84632056301606,1.32933281258992,0.0510771413110381,0.0139684826065803,-1.47857940280359,-0.856154962342678,-0.86227077374759,-0.301233325674236,-0.662620612233629,-1.71842573609027,41.2997821933241,1.77635683940025e-15
ELSA,final,20,351020,wealth,27.0242206713813,22.9360151349077,-4.08820553647365,21.2866751293348,15.6743268313869,-5.61234829794794,5.73754554204652,7.26168830352082,1.52414276147429,0.0540929516217223,0.00586206998552703,-3.1280391614564,-0.964389023571926,-0.359548188873583,-0.420101788545108,-0.740270135500924,-1.32393721244551,23.5897193502688,8.88178419700125e-16
ELSA,final,21,351021,education,26.5038428575401,23.5228063952323,-2.98103646230773,21.2837618736024,16.9260498035981,-4.35771207000434,5.22008098393765,6.59675659163426,1.37667560769661,0.0200790488901553,0.00221013582534945,-2.05897846308215,-0.568273227726401,-0.585693270664201,-0.356299113815001,-0.78846799471659,-1.1539664983906,26.4810175581301,-8.88178419700125e-16
ELSA,final,21,351021,wealth,26.5364036233278,22.4673020209957,-4.0691016023321,21.2028728160615,15.5980405840575,-5.60483223200398,5.33353080726633,6.8692614369382,1.53573062967187,0.0141248651586072,0.00047260978686261,-2.86147670369906,-0.837657608080241,-0.46156402184317,-0.434689417703796,-1.00944448067771,-1.29922162992341,23.1803839284389,-8.88178419700125e-16
ELSA,final,22,351022,education,27.3948018253583,23.6250490067226,-3.76975281863571,21.8021785379351,16.8933919985333,-4.90878653940181,5.59262328742312,6.73165700818923,1.13903372076611,0.0262506317551383,0.00143896641896491,-2.23696911237399,-0.860358590902797,-0.592193333149009,-0.5326587591044,-0.686606743871615,-1.45255192405181,29.5908553446452,-5.32907051820075e-15
ELSA,final,22,351022,wealth,26.8890792718587,22.5505890670775,-4.33849020478125,21.2717723311877,15.5316535638467,-5.74011876734101,5.61730694067105,7.01893550323081,1.40162856255976,0.016532841904157,0.000355000765964768,-2.93807979651153,-1.04750938247973,-0.566499466115698,-0.6052258031887,-0.582804319045356,-1.61400884859543,28.1180392604156,-2.66453525910038e-15
ELSA,final,23,351023,education,26.5977248207073,23.6118744623219,-2.98585035838541,20.7473597336407,16.7050781355058,-4.04228159813491,5.85036508706663,6.90679632681613,1.0564312397495,0.0741916142629735,0.0240843167555013,-2.05009755523972,-0.621952963910662,-0.494601452347001,-0.331593443006103,-0.54403618363143,-1.11655441625766,27.6218860351747,-1.77635683940025e-15
ELSA,final,23,351023,wealth,26.8518264276205,22.4216303127379,-4.43019611488256,21.2554960870102,15.402559193277,-5.85293689373317,5.5963303406103,7.01907111946092,1.42274077885061,0.0606018092850332,0.0128050878553296,-2.68077272401765,-0.982265086618068,-0.580572989533435,-0.294205593392567,-1.31512050017146,-1.5628380761515,26.7017756132799,-5.32907051820075e-15
ELSA,final,24,351024,education,28.8313003186484,23.6199873308589,-5.21131298778947,22.1031960252441,16.9007277939761,-5.20246823126801,6.72810429340431,6.71925953688285,-0.00884475652145689,0.135037519973808,0.0196953591963593,-1.6598224920573,-0.685284967814109,-0.878737513889976,-0.587220210758041,-1.39140304674859,-1.56402248170408,30.0630856773705,-2.66453525910038e-15
ELSA,final,24,351024,wealth,27.429522477017,22.8252842381709,-4.60423823884605,21.2547519790667,15.7159524638655,-5.53879951520127,6.17477049795022,7.10933177430544,0.934561276355221,0.0640512308559152,0.00516613934502672,-2.83869872523281,-0.732680540933775,-0.583527729638182,-0.497835757259428,-0.88605676213708,-1.31620827057196,23.7634214229928,-8.88178419700125e-16
ELSA,final,25,351025,education,26.0646138741846,23.4708113470703,-2.59380252711425,21.1834182674781,17.0724029007905,-4.11101536668766,4.88119560670643,6.39840844627984,1.51721283957341,0.0132359379210434,0.00215610039705313,-1.99479686511357,-0.600700309596372,-0.609239633530676,-0.188257379931321,-0.718021178515716,-1.20993994312705,29.4316570288553,4.44089209850063e-15
ELSA,final,25,351025,wealth,26.6003735966617,22.2052658798953,-4.39510771676644,21.2061729849264,15.6992376127538,-5.50693537217259,5.39420061173538,6.50602826714154,1.11182765540616,0.0263335088128299,0.000880891201131511,-2.72689148945662,-0.885169801255192,-0.543875779709381,-0.499338055435661,-0.85166024631574,-1.42904558096457,25.949924674725,0
ELSA,final,26,351026,education,27.4630398617454,23.6822220313333,-3.7808178304121,21.617365946449,16.8968349095818,-4.72053103686721,5.84567391529645,6.78538712175157,0.939713206455115,0.105317384377025,0.016156990723504,-2.05109324521906,-0.717848943601826,-0.825602703692792,-0.724001147197084,-0.401984997156451,-1.54345164729462,32.6965681454121,-8.88178419700125e-16
ELSA,final,26,351026,wealth,26.4685720878081,22.5044176708587,-3.9641544169494,21.046114016406,15.2298841121704,-5.81622990423553,5.42245807140215,7.27453355868828,1.85207548728613,0.0543386993190705,0.00435095336449257,-3.19191725156885,-0.867465262799344,-0.645658012903508,-0.54867935423877,-0.562510022725051,-1.51312327570285,26.0155341280605,1.77635683940025e-15
ELSA,final,27,351027,education,30.5538924248202,24.2354831466728,-6.31840927814739,22.5520174532957,16.9498772222408,-5.60214023105485,8.00187497152446,7.28560592443192,-0.716269047092538,0.219795541003646,0.0329290889288567,-1.73412750558486,-0.888771582088137,-0.69800538138191,-0.72314219976599,-1.55809356223395,-1.58677696347005,28.32447775359,0
ELSA,final,27,351027,wealth,27.9665184200303,23.1971931247667,-4.7693252952636,21.536398125804,15.4990667053533,-6.03733142045074,6.43012029422631,7.69812641941346,1.26800612518714,0.0961808605404444,0.0109846036156183,-2.96684600159727,-1.1667958101849,-0.506141486978181,-0.464001086169208,-0.933547035521188,-1.67293729716308,27.7098800886796,0
ELSA,final,28,351028,education,27.4677416388455,24.0935833826925,-3.37415825615305,21.4084372887813,16.9881625371309,-4.42027475165039,6.05930435006423,7.10542084556157,1.04611649549734,0.143002783170012,0.0491934120344923,-1.8649495770293,-0.918287631937947,-0.588818186530776,-0.367048186321708,-0.68117116983066,-1.50710581846872,34.0952973094267,-1.77635683940025e-15
ELSA,final,28,351028,wealth,28.0555657715652,22.768359763022,-5.28720600854318,21.6132338752137,15.4815114327873,-6.13172244242641,6.44233189635148,7.28684833023471,0.844516433883227,0.160235741299531,0.023454286750027,-2.69559028491778,-1.24078515869136,-0.765237320559768,-0.658769740044105,-0.771339938213392,-2.00602247925112,32.7154808145118,2.66453525910038e-15
ELSA,final,29,351029,education,26.5660299665338,23.9453433263782,-2.62068664015562,21.4013855970339,16.8811491423268,-4.52023645470715,5.16464436949988,7.0641941840514,1.89954981455153,0.0173026472730153,0.00345805340826071,-2.33317497465203,-0.623799291758542,-0.764609839378162,-0.285065457967196,-0.513586890951223,-1.3884091311367,30.7154093607401,-1.77635683940025e-15
ELSA,final,29,351029,wealth,26.7736761828478,22.8931509340653,-3.88052524878248,21.1775764877554,15.5691631886954,-5.60841329906001,5.59609969509235,7.32398774536988,1.72788805027753,0.0191859053292362,0.00229897279438007,-2.90301402612909,-0.842961081234381,-0.676769587167228,-0.379644670923131,-0.806023933606176,-1.51973066840161,27.0973372924624,1.77635683940025e-15
ELSA,final,30,351030,education,26.9215028693282,23.9764033935893,-2.9450994757389,21.6081082371087,17.224473511051,-4.38363472605766,5.31339463221948,6.75192988253824,1.43853525031876,0.0465120237321384,0.0086406586824667,-1.87832045495503,-0.766353699748508,-0.872018201171119,-0.383940900631655,-0.48300146955135,-1.63837190091963,37.3747358825462,8.88178419700125e-16
ELSA,final,30,351030,wealth,27.4445202198653,22.7632803021555,-4.68123991770984,21.7933169233968,15.7732099961749,-6.02010692722198,5.65120329646849,6.99007030598063,1.33886700951214,0.0512259179084916,0.00314865775423985,-3.05417899855226,-0.972484119356477,-0.579908547452128,-0.507500066441442,-0.906035195419683,-1.5523926668086,25.786795576486,-6.21724893790088e-15
ELSA,final,31,351031,education,28.4772666927196,24.2307754836016,-4.24649120911804,21.3120663107235,17.0564522988894,-4.25561401183402,7.16520038199615,7.17432318471212,0.00912280271597155,0.213464790327296,0.0564114982876064,-1.81684922262683,-0.76959546511576,-0.606438182292211,-0.643198207400394,-0.419532934398827,-1.37603364740797,32.3345501631843,-1.77635683940025e-15
ELSA,final,31,351031,wealth,27.6513022498298,23.1297076417174,-4.52159460811242,21.4831868590227,15.4396720796116,-6.04351477941109,6.16811539080708,7.69003556210576,1.52192017129868,0.127900024192331,0.0304040159122564,-3.14969472400696,-1.04234260848931,-0.544914574908601,-0.397914739441902,-0.908648132564323,-1.58725718339791,26.2638090801952,-3.5527136788005e-15
ELSA,final,32,351032,education,27.5966666917367,23.3615822193015,-4.23508447243517,22.2771848559334,16.9033501989057,-5.37383465702771,5.31948183580332,6.45823202039586,1.13875018459254,0.0586406110254438,0.0102331455893629,-2.5177728014099,-0.636567384312791,-0.676298256007018,-0.405138391404328,-1.13805782389368,-1.31286564031981,24.4307040337181,-1.77635683940025e-15
ELSA,final,32,351032,wealth,26.5103974073581,22.6836443944305,-3.82675301292763,21.4655198492219,15.7057329055915,-5.75978694363039,5.04487755813622,6.97791148883898,1.93303393070276,0.0214819548011058,0.00334317896991158,-3.04363303032183,-0.94654322746776,-0.551492136109201,-0.276943787981449,-0.94117476175015,-1.49803536357696,26.0085204233744,2.66453525910038e-15
ELSA,final,33,351033,education,26.4856000850079,23.9627703592379,-2.52282972577001,21.0846361336654,17.2382531104368,-3.84638302322868,5.4009639513425,6.72451724880116,1.32355329745866,0.0443975411477923,0.0115851999462143,-1.52727117918944,-0.734743729720519,-0.907606427941151,-0.320605928432538,-0.356155757945029,-1.64235015766167,42.6985598611308,8.88178419700125e-16
ELSA,final,33,351033,wealth,27.5310190374101,22.369206644869,-5.16181239254107,21.2794717368389,15.5193224084793,-5.76014932835961,6.25154730057113,6.84988423638967,0.598336935818541,0.078462735723299,0.00852531784994824,-2.67821831240725,-1.13483116407779,-0.421966684602159,-0.502456392330802,-1.0226767749416,-1.55679784867995,27.0270397507785,-2.66453525910038e-15
ELSA,final,34,351034,education,26.341078218066,23.8089391984066,-2.53213901965939,21.2744998923223,16.817592064047,-4.45690782827532,5.06657832574375,6.99134713435968,1.92476880861593,0.0209657721886479,0.00515219340493824,-2.00186638840541,-0.662891582397873,-0.804291266808091,-0.145074049949152,-0.842784540714792,-1.46718284920596,32.91929978668,0
ELSA,final,34,351034,wealth,26.7675072268591,22.7205254928495,-4.04698173400955,21.3515013954432,15.330712086193,-6.02078930925023,5.41600583141587,7.38981340665654,1.97380757524068,0.0218560174039602,0.00174217736014196,-2.98992975860402,-0.996672742264944,-0.568216688425952,-0.281272212169438,-1.18469790778588,-1.5648894306909,25.991433187782,8.88178419700125e-16
ELSA,final,35,351035,education,26.0491720135237,23.9027367181526,-2.1464352953711,20.9403197942609,17.0906635508138,-3.8496562434471,5.10885221926287,6.81207316733887,1.70322094807601,0.0421526797013785,0.00870476716301761,-2.39429561776805,-0.680113435918468,-0.486115833651185,-0.358967522904122,0.0698361667947253,-1.16622926956965,30.2943742458775,-1.33226762955019e-15
ELSA,final,35,351035,wealth,26.8498949536755,22.6712060357868,-4.17868891788866,21.1228661678111,15.7107097406736,-5.41215642713743,5.72702878586442,6.96049629511318,1.23346750924876,0.0401498294575998,0.00276880681825578,-2.97951334353083,-0.767162261047221,-0.537241638645576,-0.459417761058862,-0.668821422854938,-1.3044038996928,24.1013710016271,-3.5527136788005e-15
ELSA,final,36,351036,education,28.3736004635769,23.7935678383801,-4.58003262519677,22.0961060470432,17.0552957099154,-5.04081033712784,6.27749441653364,6.73827212846471,0.460777711931076,0.101701955708477,0.0147404586372588,-2.34622646262208,-0.664952199257301,-0.527065309513759,-0.594125435568762,-0.908440930165941,-1.19201750877106,23.6473390000674,-2.66453525910038e-15
ELSA,final,36,351036,wealth,26.7695470177619,23.0087656570759,-3.76078136068596,20.8955967312383,15.7961086497018,-5.09948808153651,5.87395028652356,7.21265700737411,1.33870672085055,0.0572298220014571,0.0100643469635547,-2.92363739945278,-0.771903643182403,-0.468656258046235,-0.459833804620811,-0.475456976234279,-1.24055990122864,24.3271458113664,1.77635683940025e-15
ELSA,final,37,351037,education,26.6343467631856,24.1060933803843,-2.52825338280127,20.8154702815468,16.9450668570549,-3.87040342449184,5.81887648163885,7.16102652332942,1.34215004169057,0.090017694979155,0.0522838368420407,-1.64444661663626,-0.619852701876499,-0.556483188384175,-0.142414494153282,-0.90720642344163,-1.17633589026067,30.3931079333188,-3.10862446895044e-15
ELSA,final,37,351037,wealth,26.7849015198957,23.3083563378427,-3.47654518205298,20.9306999023837,15.583892254903,-5.34680764748069,5.85420161751198,7.72446408293969,1.87026246542771,0.105192948320488,0.0376322791741837,-3.05408949737408,-0.833529272246654,-0.48602326509775,-0.329348377990193,-0.643817234772017,-1.3195525373444,24.6792595571705,-8.88178419700125e-16
ELSA,final,38,351038,education,27.0775653897535,23.4865953900133,-3.5909699997402,21.6978237549428,16.8678036132351,-4.83002014170774,5.37974163481071,6.61879177677824,1.23905014196754,0.0814084587591356,0.020052442339384,-2.21852728988673,-0.678212813072172,-0.608747484229106,-0.328439571195368,-0.99609298332436,-1.28696029730128,26.6450296177492,8.88178419700125e-16
ELSA,final,38,351038,wealth,27.3097639938134,22.4323899432548,-4.87737405055866,21.5666124504389,15.577407114259,-5.98920533617991,5.74315154337453,6.85498282899579,1.11183128562126,0.095951104125469,0.0114174789154529,-3.14182653360403,-0.909644134629001,-0.587446821709486,-0.540797610193894,-0.809490236043512,-1.49709095633849,24.9964873853093,-3.5527136788005e-15
ELSA,final,39,351039,education,27.5723569910691,24.0870851134052,-3.4852718776639,21.6688405768373,17.3416909288573,-4.32714964797998,5.90351641423179,6.74539418454787,0.841877770316081,0.0333425959821232,0.00445256595257083,-1.83265111948548,-0.579306963417657,-0.62992730926589,-0.360816229217776,-0.92444802659318,-1.20923427268355,27.9452843339506,0
ELSA,final,39,351039,wealth,27.3534547917614,22.5536309272205,-4.79982386454082,21.5725901970791,15.3874771568579,-6.18511304022118,5.78086459468228,7.16615377036265,1.38528917568037,0.0249240445544462,0.000708052734870773,-3.12209500314734,-0.894821815916765,-0.511671495499766,-0.444641883394101,-1.21188284226321,-1.40649331141653,22.7399774631481,-2.66453525910038e-15
ELSA,final,40,351040,education,28.3261048922652,23.7841340638057,-4.54197082845952,21.7918717707073,16.9558513674285,-4.83602040327878,6.53423312155791,6.82828269637717,0.294049574819267,0.119551510647559,0.0216189986274958,-2.10968887820393,-0.638729741747706,-0.53749375503072,-0.666047161913937,-0.884060866382493,-1.17622349677843,24.3221367714031,8.88178419700125e-16
ELSA,final,40,351040,wealth,27.4450544652261,22.8101958547593,-4.63485861046674,21.3437024200986,15.5836049638672,-5.76009745623143,6.10135204512746,7.22659089089215,1.12523884576469,0.0728579939321703,0.00866912894002615,-2.82494909417037,-1.06719696747772,-0.472067487675211,-0.539989029759621,-0.85589487714851,-1.53926445515293,26.7228890977827,-1.77635683940025e-15
ELSA,final,41,351041,education,26.7070260273938,23.8724173701572,-2.8346086572366,21.1462116326882,17.3241793688636,-3.82203226382456,5.56081439470557,6.54823800129353,0.98742360658796,0.0102335500288893,0.00101802280959414,-1.3739040634453,-0.86928411338663,-0.596578143860711,-0.381000755180111,-0.601265187951806,-1.46586225724734,38.3529535090975,1.77635683940025e-15
ELSA,final,41,351041,wealth,27.0033639931137,22.772010284881,-4.23135370823269,21.2454122566669,15.7502206895444,-5.49519156712245,5.75795173644677,7.02178959533652,1.26383785888975,0.0245397627669303,0.0010017486475418,-2.66982167229684,-0.780083698986471,-0.634590926237173,-0.442423472907503,-0.968271796694466,-1.41467462522364,25.7438636659657,-3.5527136788005e-15
ELSA,final,42,351042,education,27.7399169534321,23.8722422726512,-3.86767468078098,21.9527639997337,16.851039165199,-5.10172483453468,5.78715295369843,7.02120310745213,1.2340501537537,0.160530683579134,0.062953634514632,-2.43398967307044,-0.558385166885992,-0.77104724210775,-0.331232927174171,-1.00706982529632,-1.32943240899374,26.0584890818597,8.88178419700125e-16
ELSA,final,42,351042,wealth,27.2230244914149,22.8165194092242,-4.40650508219066,21.1198729793822,15.3699399535731,-5.74993302580916,6.10315151203265,7.44657945565115,1.3434279436185,0.147745557107099,0.0410999672833079,-3.00829230287716,-0.812576907121889,-0.629937395853551,-0.467081768861183,-0.832044651095371,-1.44251430297544,25.0874974804153,8.88178419700125e-16
ELSA,final,43,351043,education,25.8588550115445,23.7770907452831,-2.08176426626136,20.6675226904201,16.9771791180169,-3.69034357240326,5.19133232112435,6.79991162726625,1.60857930614191,0.0325140194227331,0.00955832075957763,-1.56003636811258,-0.81124620860245,-0.769980031111872,-0.26568572035272,-0.283395244223635,-1.58122623971432,42.8476701068942,-1.33226762955019e-15
ELSA,final,43,351043,wealth,27.2263122463388,22.1829062221272,-5.04340602421155,21.3934413507279,15.2771796005723,-6.11626175015558,5.83287089561088,6.90572662155491,1.07285572594404,0.0426648674550738,0.00197780898205347,-2.91195949770526,-0.898026403558175,-0.607152678661435,-0.590628394363511,-1.1084947758672,-1.50517908221961,24.6094615257649,1.77635683940025e-15
ELSA,final,44,351044,education,26.6212114977874,23.1091318459995,-3.51207965178798,21.8455781743174,16.4277006312795,-5.41787754303788,4.77563332347003,6.68143121471993,1.9057978912499,0.0253392465500053,0.00285143516099423,-2.34462381315514,-0.78009267814548,-0.817536894914289,-0.218213576488405,-1.25741058033457,-1.59762957305977,29.4881078497754,8.88178419700125e-16
ELSA,final,44,351044,wealth,27.0496376852904,22.5193999703197,-4.5302377149707,21.4749054586041,15.1940936167319,-6.28081184187222,5.57473222668631,7.32530635358783,1.75057412690151,0.0398717690627233,0.00209768900021671,-3.2339548206426,-0.70055638109916,-0.752507789779129,-0.352518384310738,-1.24127446604058,-1.45306417087829,23.1349737495902,0
ELSA,final,45,351045,education,27.2048268335028,23.731388003823,-3.47343882967977,21.5453370744424,17.0286064832184,-4.516730591224,5.65948975906042,6.70278152060465,1.04329176154424,0.0356852734073281,0.00376282107059682,-1.68965632316865,-0.949910529765132,-0.66201350034793,-0.539438325786928,-0.675711912155361,-1.61192403011306,35.6878498187389,0
ELSA,final,45,351045,wealth,26.3959511051112,22.9840622479255,-3.41188885718568,21.0009009434146,15.7590869276626,-5.24181401575201,5.39505016169664,7.22497532026296,1.82992515856633,0.012720483092319,0.000718296208403569,-2.59245108248269,-1.03464944742255,-0.611524564797407,-0.404330687162408,-0.598858233886958,-1.64617401221996,31.4046627231163,1.77635683940025e-15
ELSA,final,46,351046,education,28.3913507029919,24.6576164274444,-3.73373427554756,21.93309180592,17.1564410029066,-4.77665080301336,6.45825889707194,7.50117542453774,1.0429165274658,0.200788751875451,0.0953098966262104,-1.86426941429292,-1.0235003918253,-0.609258534015361,-0.374431697195591,-0.905190765684195,-1.63275892584066,34.1820868465123,2.66453525910038e-15
ELSA,final,46,351046,wealth,28.2576787713855,23.3721573972268,-4.88552137415864,21.3800702606954,15.7386711444965,-5.64139911619888,6.87760851069007,7.63348625273031,0.75587774204024,0.169893652385951,0.0492938561631284,-2.87288977658024,-0.971800869082726,-0.443207646925242,-0.509762742920274,-0.843738080690394,-1.41500851600797,25.0825812331709,2.66453525910038e-15
ELSA,final,47,351047,education,25.9902054359652,23.7002660349136,-2.28993940105164,20.7697171143712,16.8500452690208,-3.91967184535039,5.22048832159402,6.85022076589277,1.62973244429875,0.0333946231926135,0.0113731258472335,-1.56549963434273,-0.788814975502391,-0.718535888128177,-0.20804687930667,-0.638774468070423,-1.50735086363057,38.4560474218938,0
ELSA,final,47,351047,wealth,27.1454676996156,22.2527073356309,-4.89276036398466,21.1256493084722,15.5096952307062,-5.61595407776606,6.01981839114338,6.74301210492478,0.723193713781399,0.0630765829971898,0.0056263860526447,-2.49521880295182,-0.868848011852238,-0.562944635249941,-0.569048731977147,-1.11989389573491,-1.43179264710218,25.4950917916288,-8.88178419700125e-16
ELSA,final,48,351048,education,27.8673867560162,24.1990275172348,-3.66835923878143,21.7680356585243,17.0770182827802,-4.6910173757441,6.09935109749186,7.12200923445453,1.02265813696267,0.078318019565515,0.0191763064823744,-1.99256908603667,-0.738969678740066,-0.54480558570955,-0.321759487853648,-1.09291353740416,-1.28377526444962,27.3666704175441,2.66453525910038e-15
ELSA,final,48,351048,wealth,27.6077727221805,22.852660476402,-4.7551122457785,21.4030105544605,15.6085056247468,-5.79450492971368,6.20476216772007,7.24415485165525,1.03939268393518,0.0684335862409418,0.00662356693237538,-2.86855641590963,-0.828894607200806,-0.515714597094277,-0.462498484153879,-1.11884082535508,-1.34460920429508,23.204902241088,2.66453525910038e-15
ELSA,final,49,351049,education,26.7393108657448,24.0265040650104,-2.71280680073438,21.0490608512721,17.1636443960712,-3.88541645520088,5.69025001447273,6.86285966893923,1.1726096544665,0.0488422268758515,0.0124218026875244,-1.91268295676637,-0.538195073631614,-0.695058223986577,-0.317819173066274,-0.421661027750052,-1.23325329761819,31.7405691728978,8.88178419700125e-16
ELSA,final,49,351049,wealth,27.5090191699608,22.9448857872637,-4.56413338269705,21.0885979906747,15.6853470251524,-5.4032509655223,6.42042117928614,7.25953876211139,0.839117582825247,0.0405544760528095,0.00264665915697915,-2.51138185384981,-1.00029266816719,-0.564099375131983,-0.523474626053743,-0.804002442319575,-1.56439204329918,28.9527925554714,-4.44089209850063e-15
ELSA,final,50,351050,education,26.2206244646352,23.6766791310188,-2.54394533361642,21.1796027331731,17.1529811691294,-4.02662156404367,5.04102173146211,6.52369796188936,1.48267623042725,0.0301841760633932,0.00494547425185311,-2.09572005732193,-0.633020396099832,-0.36972695508353,-0.185791674227974,-0.742362481310404,-1.00274735118336,24.9029449436606,-8.88178419700125e-16
ELSA,final,50,351050,wealth,27.0151355614229,22.4566732376219,-4.55846232380094,21.536001834874,15.4785830539302,-6.0574187809438,5.4791337265489,6.97809018369177,1.49895645714287,0.0419507896481944,0.00264311200238826,-3.07286266946732,-0.928957266654795,-0.547896427200615,-0.449593849349478,-1.0581085682716,-1.47685369385541,24.3809078959752,0
ELSA,final,51,351051,education,27.3847702691178,23.8420714396729,-3.54269882944483,21.7560517376279,16.7576970614133,-4.99835467621468,5.62871853148983,7.08437437825968,1.45565584676985,0.100324115194873,0.0334964527154909,-2.21804123445701,-0.641771855989203,-0.766750645954719,-0.279500150974806,-1.09229078883894,-1.40852250194392,28.1797229925791,1.77635683940025e-15
ELSA,final,51,351051,wealth,27.4094102436411,22.4939679912331,-4.91544225240799,21.1710633254183,15.2378072022452,-5.93325612317319,6.23834691822273,7.25616078898793,1.0178138707652,0.101266377753522,0.014908490771177,-2.89869269506863,-0.994570377513994,-0.501010595294437,-0.538792275690127,-1.00019017960599,-1.49558097280843,25.206748904151,2.66453525910038e-15
ELSA,final,52,351052,education,27.1767261145315,23.9485293434085,-3.22819677112308,21.7401921987318,17.1512271315044,-4.58896506722735,5.43653391579974,6.79730221190402,1.36076829610428,0.0410768279639215,0.00832680117848253,-2.02516044165739,-0.678823531537339,-0.774556618929275,-0.33349691241243,-0.776927562690916,-1.45338015046661,31.6711966461916,0
ELSA,final,52,351052,wealth,26.9279309843349,22.9468978977985,-3.98103308653637,21.1404064701997,15.7888017150689,-5.3516047551308,5.78752451413518,7.15809618272961,1.37057166859443,0.030971362297763,0.00427210199219552,-2.57467567072015,-0.872397655184521,-0.543477858697088,-0.337824448675084,-1.02322912185396,-1.41587551388161,26.4570269791347,4.44089209850063e-15
ELSA,final,53,351053,education,27.7175261959305,23.295082466633,-4.42244372929752,22.1441929420054,16.9652159216898,-5.17897702031566,5.5733332539251,6.32986654494325,0.756533291018149,0.0491963580360611,0.00284914575643861,-2.16366053627412,-0.96555056856082,-0.581194899737029,-0.626231043543677,-0.842339972200012,-1.54674546829785,29.8658492252505,1.77635683940025e-15
ELSA,final,53,351053,wealth,27.2911691673594,22.2061949738613,-5.08497419349809,21.7788695184113,15.2556562073402,-6.5232133110711,5.5122996489481,6.95053876652112,1.43823911757301,0.0342610832664451,0.00113086168702317,-2.94626359154564,-1.24959837650335,-0.57481642491013,-0.555256794104808,-1.19727812400716,-1.82441480141348,27.9680383641159,4.44089209850063e-15
ELSA,final,54,351054,education,26.5967882962542,23.704462649474,-2.89232564678025,21.3426283051407,16.910318488335,-4.43230981680568,5.25415999111353,6.79414416113897,1.53998417002543,0.0418192089387909,0.00618473215560614,-2.55721761422412,-0.675522713676435,-0.50965809438667,-0.395713958366003,-0.294197436152452,-1.1851808080631,26.7395750082572,8.88178419700125e-16
ELSA,final,54,351054,wealth,26.8982442747175,22.3722807312644,-4.52596354345306,21.1520005948077,15.2771069188367,-5.87489367597102,5.74624367990977,7.09517381242773,1.34893013251796,0.0240549559374566,0.000760006696211141,-3.03200360307587,-0.921955070221644,-0.513358291121258,-0.513059872228218,-0.894516839324036,-1.4353133613429,24.4313078756386,-3.5527136788005e-15
ELSA,final,55,351055,education,27.405737256175,24.3306316123825,-3.07510564379249,21.9393470553816,17.1996944884707,-4.73965256691083,5.46639020079347,7.13093712391181,1.66454692311833,0.0800418559656658,0.0231406760194082,-2.31594342068313,-0.632504651857098,-0.809649338209066,-0.24408091797213,-0.737474238189398,-1.44215399006616,30.4274199365233,1.77635683940025e-15
ELSA,final,55,351055,wealth,27.1388115984316,22.8705899568567,-4.26822164157489,21.1349682664172,15.7133473668772,-5.42162089953996,6.00384333201439,7.15724258997945,1.15339925796506,0.0737455803216664,0.00831643848013019,-2.87336272789074,-0.824020728901141,-0.572605279848538,-0.476528896778921,-0.675103266120616,-1.39662600874968,25.760303691986,1.77635683940025e-15
ELSA,final,56,351056,education,27.0403129091898,23.8849816626393,-3.15533124655058,20.9402548151742,16.8267286845595,-4.11352613061465,6.10005809401564,7.05825297807971,0.958194884064071,0.0695363656289846,0.0174859509828205,-1.92659443106906,-0.693954614337898,-0.49666940144368,-0.321426882408051,-0.674880801355958,-1.19062401578158,28.9441218549807,3.5527136788005e-15
ELSA,final,56,351056,wealth,27.9639863026072,22.4002142749338,-5.56377202767336,21.3127481880814,15.2525670342355,-6.06018115384584,6.65123811452584,7.14764724069831,0.496409126172475,0.0729147257599174,0.00326201665580297,-3.04330804845206,-0.870177910018418,-0.527079635265949,-0.643649376904909,-0.975966183204505,-1.39725754528437,23.0563659701436,0
ELSA,final,57,351057,education,25.8644266369752,23.7402314838598,-2.12419515311538,20.9131935637646,16.5802132946979,-4.33298026906667,4.95123307321058,7.16001818916187,2.20878511595129,0.0383947519595718,0.00931766127411407,-2.6849432060503,-0.53800170488007,-0.574159201954391,-0.134067916244132,-0.401808239937779,-1.11216090683446,25.6673429780935,-8.88178419700125e-16
ELSA,final,57,351057,wealth,26.6532229961275,22.6465246958832,-4.00669830024427,20.9476936371587,15.5109829633852,-5.43671067377352,5.70552935896881,7.13554173249806,1.43001237352925,0.039809579501076,0.00281707243933979,-3.08311216882674,-0.884912708359227,-0.409836587625079,-0.425882986679785,-0.63296622228269,-1.29474929598431,23.8149383639289,8.88178419700125e-16
ELSA,final,58,351058,education,27.0124248288262,23.4375038169495,-3.57492101187668,21.0403230726782,16.8986039447334,-4.14171912794478,5.97210175614798,6.53889987221608,0.566798116068106,0.0762592247831387,0.0221459176770737,-1.82872768289643,-0.442420016592269,-0.479317820601828,-0.342593571372087,-1.04866003648217,-0.921737837194097,22.25495763281,-8.88178419700125e-16
ELSA,final,58,351058,wealth,27.3952206997224,22.303838700476,-5.09138199924638,21.3368849055786,15.4133777852656,-5.92350712031296,6.05833579414377,6.89046091521035,0.832125121066577,0.104204921879904,0.0151741858666969,-2.99993553778754,-0.832674735793011,-0.505986899045943,-0.562698130502325,-1.02221181718414,-1.33866163483895,22.5991394565628,0
ELSA,final,59,351059,education,28.6632943187791,24.2974462679755,-4.36584805080358,21.8803575122431,16.9065883313662,-4.97376918087691,6.78293680653605,7.39085793660938,0.607921130073329,0.121591418285614,0.0232092558548123,-2.07232182904391,-0.847207813360977,-0.610412173098592,-0.494123553797474,-0.949703811575965,-1.45761998645957,29.3061445646454,-1.77635683940025e-15
ELSA,final,59,351059,wealth,27.7836773271929,23.4310937886435,-4.35258353854935,21.5981194782364,15.6957885893884,-5.90233088884799,6.18555784895643,7.73530519925507,1.54974735029864,0.0962692665187466,0.0195309228542363,-2.97619487039918,-0.92202911591276,-0.545389943938597,-0.322243893547439,-1.13647306505002,-1.46741905985136,24.8616874839046,-4.44089209850063e-15
ELSA,final,60,351060,education,26.639522308138,23.943325134297,-2.69619717384098,21.1246856824657,17.1654353425567,-3.95925033990903,5.5148366256723,6.77788979174035,1.26305316606805,0.0306826084272419,0.00365492351345843,-1.9638866759561,-0.792865687884753,-0.60745249518791,-0.478105821263362,-0.116939659616903,-1.40031818307266,35.3682657789413,2.22044604925031e-15
ELSA,final,60,351060,wealth,27.3234476926656,22.5630535166265,-4.76039417603911,21.6104804299503,15.4241590615688,-6.18632136838153,5.71296726271532,7.13889445505773,1.42592719234242,0.0495747950387744,0.00226146146629902,-3.11435190894281,-0.998837761410088,-0.509470130457708,-0.49125206969141,-1.07240949787951,-1.5083078918678,24.3813375033635,-2.66453525910038e-15
ELSA,final,61,351061,education,26.6808936593657,23.7906105628359,-2.89028309652975,21.2728446196853,17.035523841655,-4.23732077803025,5.40804903968036,6.75508672118085,1.3470376815005,0.0813002150286184,0.0211238685235754,-1.89105612562768,-0.869917178341293,-0.692981484687716,-0.392715643456241,-0.390650345917324,-1.56289866302901,36.8841243063862,-8.88178419700125e-16
ELSA,final,61,351061,wealth,27.1682176643329,22.3026774820894,-4.86554018224356,21.3412023215129,15.6305388638947,-5.71066345761825,5.82701534282002,6.67213861819471,0.845123275374686,0.0986143232818128,0.0116207760984804,-2.62823395571894,-0.92103911675674,-0.641000556829788,-0.565139930335171,-0.955249897977619,-1.56203967358653,27.3530332364921,-1.77635683940025e-15
ELSA,final,62,351062,education,26.8142823886628,23.9523578760041,-2.86192451265872,20.9396375642251,17.0170336885644,-3.9226038756607,5.87464482443772,6.9353241874397,1.06067936300198,0.0441992641388197,0.0128638093265523,-1.92059002830829,-0.666948813253514,-0.391817432636473,-0.378091769703362,-0.565155831759062,-1.05876624588999,26.9914138529131,1.33226762955019e-15
ELSA,final,62,351062,wealth,28.1619499680852,22.510952092981,-5.65099787510417,21.4361749790712,15.5156338950825,-5.92054108398872,6.72577498901399,6.99531819789855,0.269543208884555,0.0905407172461545,0.00889701106967427,-2.64925442893573,-0.984951381838237,-0.387480327191265,-0.693733372223151,-1.20512157380033,-1.3724317090295,23.1808493440077,6.21724893790088e-15
ELSA,final,63,351063,education,27.4806398987398,24.0145982097394,-3.46604168900035,21.4232529384064,16.9358129080238,-4.48744003038254,6.0573869603334,7.07878530171559,1.02139834138219,0.0993010349563974,0.0293143647046839,-1.82120269355796,-0.795794569339952,-0.781824467314092,-0.408496498213682,-0.680121801956847,-1.57761903665404,35.1563257887049,8.88178419700125e-16
ELSA,final,63,351063,wealth,27.6086715812305,22.5743479355057,-5.03432364572479,21.2024284474882,15.5022015104709,-5.70022693701729,6.40624313374234,7.07214642503484,0.665903291292498,0.0920416403332747,0.0116306817391258,-2.68433786962809,-1.06875994886759,-0.511276788598862,-0.521213733495857,-0.914638596426898,-1.58003673746645,27.7188391782385,-4.44089209850063e-15
ELSA,final,64,351064,education,26.4784671873427,23.9845107066779,-2.49395648066476,20.6798248289841,17.0691088523932,-3.6107159765909,5.79864235835858,6.91540185428472,1.11675949592614,0.0242297444946342,0.00845449811914561,-1.94297781562383,-0.390951332050319,-0.352053988362108,-0.178001357796357,-0.74673148275829,-0.743005320412427,20.5777836093866,1.33226762955019e-15
ELSA,final,64,351064,wealth,26.8158426441478,23.2180227239084,-3.59781992023944,20.9080388211427,15.7720787811897,-5.13596003995304,5.90780382300506,7.44594394271866,1.5381401197136,0.0234495121578983,0.0024003114986793,-2.80213483741809,-0.851760512944064,-0.634615942223257,-0.434978074310604,-0.41247067305702,-1.48637645516732,28.9405767101902,-2.66453525910038e-15
ELSA,final,65,351065,education,27.0209303490585,23.9450356548429,-3.07589469421562,21.9880226268776,17.4427462102411,-4.54527641663649,5.03290772218094,6.50228944460181,1.46938172242087,0.041325690289775,0.00761456727962389,-1.77718565268918,-0.823152447228619,-0.552121696311696,-0.131009851278516,-1.26180676912848,-1.37527414354032,30.257216887989,0
ELSA,final,65,351065,wealth,26.6835452194402,22.8864976633107,-3.79704755612957,21.3482763676738,15.9242493943618,-5.42402697331204,5.33526885176639,6.96224826894885,1.62697941718247,0.0531171530153881,0.00655113390104602,-2.56904575691915,-1.06349492811564,-0.49987660955706,-0.340196384130634,-0.951413294589556,-1.5633715376727,28.8230782288694,8.88178419700125e-16
ELSA,final,66,351066,education,27.3221684279579,23.2658087482952,-4.0563596796627,21.2409460210366,16.4940372025194,-4.74690881851716,6.08122240692132,6.77177154577578,0.690549138854454,0.0968356191947685,0.0159142712658651,-1.7152755488133,-0.873915058490345,-0.809414574738534,-0.542526053441758,-0.805777583033212,-1.68332963322888,35.4615961162431,2.66453525910038e-15
ELSA,final,66,351066,wealth,26.573047832829,22.3267912118158,-4.24625662101318,20.8591893333074,15.240057869199,-5.61913146410835,5.71385849952161,7.08673334261678,1.37287484309517,0.0675058803872193,0.0081844306117213,-2.66291535667843,-1.04544616408069,-0.647717486610409,-0.467716674657288,-0.795335782081533,-1.6931636506911,30.1321238256485,-1.77635683940025e-15
ELSA,final,67,351067,education,28.5906647384512,23.191620551351,-5.3990441871002,22.7727142728055,16.7452000418303,-6.02751423097515,5.81795046564567,6.44642050952061,0.628470043874944,0.0616022559455874,0.00423278958649755,-2.2242590316532,-0.812306874675476,-0.632433523038019,-0.473181396788469,-1.88533340481998,-1.4447403977135,23.9690914421908,5.32907051820075e-15
ELSA,final,67,351067,wealth,26.9294121450123,22.4792079730964,-4.45020417191589,21.5030668065067,15.4200554851051,-6.08301132140165,5.42634533850561,7.05915248799137,1.63280714948576,0.0333436104833842,0.00121586690398023,-3.1557436435929,-1.06764037220274,-0.497112492299198,-0.457046972130421,-0.905467841176392,-1.56475286450193,25.7233265208091,0
ELSA,final,68,351068,education,26.8699141585565,24.1210470207493,-2.74886713780722,21.1957387588638,16.6189229574664,-4.57681580139745,5.67417539969267,7.50212406328291,1.82794866359024,0.0943126723979695,0.0443585462376966,-2.06331274712826,-0.931128317522363,-0.642942621752496,-0.200745623522228,-0.738686491472108,-1.57407093927486,34.3922719982361,1.77635683940025e-15
ELSA,final,68,351068,wealth,26.9519149947658,22.3855596750402,-4.56635531972563,21.4194935506322,14.9778272963483,-6.44166625428389,5.53242144413364,7.4077323786919,1.87531093455826,0.0552792767612676,0.00801128637755289,-3.3789024332675,-0.95509941902891,-0.645509839495425,-0.40678761833482,-1.05536694415725,-1.60060925852433,24.8477520464505,-7.99360577730113e-15
ELSA,final,69,351069,education,26.5162940079626,23.8362190649663,-2.68007494299629,20.9377464131296,17.17909775629,-3.75864865683963,5.57854759483298,6.65712130867632,1.07857371384334,0.114318041303615,0.0571458042929159,-1.49796285602529,-0.808658664083324,-0.451048377763743,-0.114630497147701,-0.88634826181957,-1.25970704184707,33.5148921023723,-4.44089209850063e-16
ELSA,final,69,351069,wealth,27.4985786261419,22.7776764176333,-4.72090220850854,21.4146850116731,15.8985354018105,-5.51614960986265,6.08389361446879,6.87914101582289,0.795247401354105,0.12094309719386,0.0240264724986206,-2.64205078990744,-0.906023903257979,-0.390284180764437,-0.37625101779509,-1.2015397181377,-1.29630808402242,23.5002343247665,5.32907051820075e-15
ELSA,final,70,351070,education,26.0901925138716,23.158838209745,-2.93135430412655,20.8363865736989,16.7226749030242,-4.1137116706747,5.25380594017268,6.43616330672083,1.18235736654815,0.0170590399408428,0.00180686475059896,-1.93631904744914,-0.601687218187442,-0.542934205711826,-0.295559449800448,-0.737211749525844,-1.14462142389927,27.8245418136351,-1.77635683940025e-15
ELSA,final,70,351070,wealth,26.5988987901297,22.2579181581798,-4.3409806319499,21.2633819499691,15.1624714229023,-6.10091052706679,5.33551684016065,7.09544673527755,1.75992989511689,0.0243329614782135,0.000835561079933775,-3.26857345158924,-1.15083306693476,-0.459644461992998,-0.507986325040962,-0.713873221508835,-1.61047752892775,26.3973307227313,5.32907051820075e-15
ELSA,final,71,351071,education,26.3940329987803,23.5575536196996,-2.83647937908077,20.9284023116278,17.0818594744573,-3.8465428371706,5.46563068715248,6.47569414524231,1.01006345808983,0.0411199555974604,0.00922291579927747,-1.62734895794659,-0.623116506538462,-0.490918048693099,-0.204210523649629,-0.900948800342818,-1.11403455523156,28.9619692900915,-4.44089209850063e-15
ELSA,final,71,351071,wealth,27.140975819384,22.4315669465048,-4.70940887287916,21.1114012177238,15.6237885719664,-5.48761264575745,6.02957460166013,6.80777837453842,0.778203772878293,0.0561388367890566,0.00396606684520504,-2.49338479023981,-0.973661319106269,-0.450608083180171,-0.488971577577365,-1.08098687565384,-1.42426940228644,25.9542627045217,8.88178419700125e-16
ELSA,final,72,351072,education,27.7224280389996,23.3729068009387,-4.34952123806085,22.2770300512235,16.6484264512145,-5.62860360000897,5.44539798777606,6.72448034972418,1.27908236194812,0.0800646104059765,0.0120675828847481,-2.67445553083105,-0.602581952735633,-0.643175979259724,-0.40177384015877,-1.30661629702379,-1.24575793199536,22.1326286326749,8.88178419700125e-16
ELSA,final,72,351072,wealth,27.5760998330726,22.3774204513236,-5.19867938174905,21.6285775129633,15.1582110767068,-6.47036643625646,5.94752232010936,7.21920937461678,1.27168705450742,0.0571911209438205,0.00280038155138532,-3.0054064941195,-1.11047193505015,-0.650505920733322,-0.561121552947635,-1.14286053340586,-1.76097785578347,27.2160452291526,-4.44089209850063e-15
ELSA,final,73,351073,education,27.1955661031819,23.6668594964475,-3.52870660673435,21.0072608562699,16.8435910688749,-4.16366978739502,6.18830524691193,6.8232684275726,0.634963180660671,0.0209313177813322,0.00193958750925922,-1.52968023238837,-0.719504275864466,-0.655092384209165,-0.509701572394141,-0.749691322538882,-1.37459666007363,33.0140652420384,-2.66453525910038e-15
ELSA,final,73,351073,wealth,26.9898257175579,22.8282384266253,-4.16158729093263,21.1516517192326,15.3589516427886,-5.79270007644403,5.83817399832531,7.4692867838367,1.6311127855114,0.0172229161686385,0.00108749454283908,-2.8818982449597,-0.975428888297495,-0.58065531875177,-0.442620322071045,-0.91209730236402,-1.55608420704926,26.8628478345887,-1.77635683940025e-15
ELSA,final,74,351074,education,26.3432084619865,23.7609212262388,-2.58228723574766,20.7139994988059,17.0001528686904,-3.71384663011553,5.62920896318057,6.76076835754844,1.13155939436786,0.0963743287798278,0.0343847142694407,-1.89406575114923,-0.521837601115108,-0.717124718367297,-0.250413609432088,-0.330404950051807,-1.2389623194824,33.3606215570583,-8.88178419700125e-16
ELSA,final,74,351074,wealth,26.8301901106814,22.5287193524771,-4.30147075820431,20.8539556333283,15.5186540453314,-5.3353015879969,5.97623447735305,7.01006530714564,1.03383082979259,0.078984858393028,0.0106607107339237,-2.75265688425173,-0.816126755404777,-0.517007769573072,-0.380693118794332,-0.868817059972992,-1.33313452497785,24.9870509284249,-8.88178419700125e-16
ELSA,final,75,351075,education,25.9470105658836,24.0837053083265,-1.86330525755718,20.9915967404046,17.1043635378845,-3.8872332025201,4.95541382547901,6.97934177044194,2.02392794496293,0.0543248037493222,0.0250013223961872,-1.83845066227952,-0.678175064305345,-0.733270128310443,-0.120501071379402,-0.516836276245388,-1.41144519261579,36.3097637594972,-8.88178419700125e-16
ELSA,final,75,351075,wealth,27.3604681542008,23.2285894213441,-4.13187873285677,21.4305509139455,15.8302671376464,-5.60028377629912,5.92991724025533,7.39832228369768,1.46840504344235,0.0859606795038324,0.0140750853758167,-2.82826312635293,-0.981825437293548,-0.535551552459613,-0.46855859384931,-0.786085066343722,-1.51737698975316,27.094644670951,-8.88178419700125e-16
ELSA,final,76,351076,education,27.492418688386,24.806595748016,-2.68582294037006,21.404496109103,17.5598806600241,-3.84461544907893,6.087922579283,7.24671508799188,1.15879250870888,0.0860661711492958,0.0237794011617212,-1.74217960976255,-0.692526014688693,-0.765348408295512,-0.387687020892707,-0.25687439543947,-1.4578744229842,37.9199023229612,8.88178419700125e-16
ELSA,final,76,351076,wealth,27.6109732677445,23.4563613236544,-4.15461194409009,21.5733571420955,15.9345984017454,-5.63875874035015,6.03761612564897,7.52176292190902,1.48414679626005,0.07199937427055,0.00819120210970615,-2.86273715077562,-1.05156543927961,-0.615669009794572,-0.398967563819793,-0.709819576680555,-1.66723444907418,29.5674017252004,2.66453525910038e-15
ELSA,final,77,351077,education,26.6566950588132,23.3628405859842,-3.29385447282898,21.0225774688852,16.6072035719422,-4.41537389694297,5.63411758992797,6.75563701404197,1.121519424114,0.0479202070735496,0.00469225355422593,-1.67096452950037,-1.14167611728068,-0.714407120218449,-0.668299475396673,-0.2200266545468,-1.85608323749913,42.0368304207307,4.44089209850063e-15
ELSA,final,77,351077,wealth,26.7705894427571,22.0232532686079,-4.74733617414928,21.02024000174,15.1982184994218,-5.82202150231828,5.75034944101711,6.82503476918611,1.074685328169,0.0295670264474445,0.00121084385682534,-2.56224105956396,-1.08295540419238,-0.59056717303435,-0.589775081882432,-0.996482783645161,-1.67352257722673,28.7446993550324,2.66453525910038e-15
ELSA,final,78,351078,education,27.052123239981,23.8204765146975,-3.23164672528353,21.0678914383534,16.8914291424642,-4.17646229588921,5.98423180162758,6.92904737223325,0.944815570605673,0.0784515212568707,0.0255983842763632,-1.4668619425929,-0.989691864540292,-0.490852765988036,-0.286193707249291,-0.942862015518691,-1.48054463052833,35.4497305527119,0
ELSA,final,78,351078,wealth,27.2057758806414,22.8280977284248,-4.37767815221659,21.0014486863013,15.7068822630303,-5.29456642327105,6.20432719434013,7.12121546539459,0.916888271054459,0.08224674495888,0.0102441420252218,-2.47062582300064,-0.989430480424855,-0.469098690850739,-0.516454187594468,-0.848957241400344,-1.45852917127559,27.5476602742194,1.77635683940025e-15
ELSA,final,79,351079,education,27.038148719043,23.9585087370751,-3.07963998196789,22.0720898060962,16.9598860782308,-5.11220372786544,4.96605891294673,6.99862265884428,2.03256374589754,0.03911220149592,0.00577100714277964,-2.38225914076914,-0.780396814274633,-0.839249584938481,-0.256463827436062,-0.853834360447119,-1.61964639921311,31.6819611547325,1.77635683940025e-15
ELSA,final,79,351079,wealth,26.852109242856,22.9600322663871,-3.89207697646881,21.2634014625404,15.6495878763893,-5.6138135861511,5.58870778031551,7.3104443899978,1.72173660968229,0.0447395130719008,0.00278792456581833,-3.21364122990113,-0.839374501249926,-0.597787545786354,-0.443927930954399,-0.519082378259287,-1.43716204703628,25.6004590280957,2.66453525910038e-15
ELSA,final,80,351080,education,26.775649680805,23.3266880429579,-3.44896163784711,21.3668365611504,16.7771762027327,-4.58966035841771,5.40881311965454,6.54951184022515,1.14069872057061,0.0339060298415303,0.00433406107347324,-1.92846395694951,-0.650658292442058,-0.865041390625348,-0.352750716241555,-0.792746002159236,-1.51569968306741,33.0242232475334,2.66453525910038e-15
ELSA,final,80,351080,wealth,27.3132265315992,22.0689025030523,-5.24432402854695,21.2189968112674,15.5685511483893,-5.65044566287816,6.09422972033181,6.50035135466301,0.406121634331208,0.0274029536148013,0.000556337592536252,-2.65603687591766,-0.855794037135821,-0.502805772829884,-0.589455339456957,-1.04635363753784,-1.3585998099657,24.044117774485,8.88178419700125e-16
ELSA,final,81,351081,education,27.2398505212173,24.1341692333874,-3.10568128782984,21.4419691011013,17.1646323544187,-4.27733674668259,5.79788142011598,6.96953687896874,1.17165545885275,0.0424850612770948,0.0103249565193889,-1.72427123864343,-0.648600701859893,-0.714417238051662,-0.325961251096817,-0.86408631703079,-1.36301793991156,31.8660423678047,0
ELSA,final,81,351081,wealth,26.9944135667874,23.2921371685034,-3.70227639828406,21.2954399662793,15.7182865657213,-5.57715340055796,5.69897360050811,7.57385060278201,1.8748770022739,0.0319241396782755,0.00185690822545878,-2.92160206121738,-0.975443612290049,-0.632934469185344,-0.455205735973585,-0.591967521891599,-1.60837808147539,28.8386918192798,-1.77635683940025e-15
ELSA,final,82,351082,education,28.1019969500444,24.2468309274745,-3.85516602256995,21.3419462232283,17.0631602402264,-4.27878598300189,6.76005072681615,7.18367068724809,0.423619960431934,0.12968072903011,0.0341242124118236,-1.82463353286703,-0.638340064573046,-0.624585752800593,-0.421436692122057,-0.769789940639158,-1.26292581737364,29.5159847300332,3.5527136788005e-15
ELSA,final,82,351082,wealth,27.1053955707609,23.4224892413161,-3.68290632944472,21.2454920231064,15.8311111182758,-5.41438090483065,5.85990354765441,7.59137812304034,1.73147457538593,0.0629129203879814,0.0122662972458031,-2.93651412500971,-0.990815183380431,-0.598904201800297,-0.336134498971659,-0.552012895668558,-1.58971938518073,29.3610555504582,-8.88178419700125e-16
ELSA,final,83,351083,education,26.8345159189467,24.0408495762851,-2.79366634266167,21.387057716894,17.1066570763072,-4.28040064058682,5.44745820205274,6.93419249997789,1.48673429792515,0.0297037581637697,0.00521830358644774,-2.04510694058063,-0.611896115378849,-0.649113159399752,-0.310023803199827,-0.664260622027756,-1.2610092747786,29.4600758354649,0
ELSA,final,83,351083,wealth,26.7170883169151,22.9869112369821,-3.73017707993299,21.0654839392907,15.4509908974261,-5.61449304186464,5.65160437762437,7.53592033955601,1.88431596193164,0.0367044259011627,0.00421907257723044,-2.98691558078963,-0.887484124660182,-0.512316192547586,-0.344486195186111,-0.88329094868113,-1.39980031720777,24.9319093775718,8.88178419700125e-16
ELSA,final,84,351084,education,26.6784233601745,24.3652324634453,-2.31319089672915,20.8305842645927,17.0402392172667,-3.79034504732598,5.84783909558178,7.32499324617861,1.47715415059683,0.0770259547920695,0.0273456875191969,-1.76620543659651,-0.782192275726965,-0.598491065973438,-0.292222062711892,-0.351234206317173,-1.3806833417004,36.4263233151939,0
ELSA,final,84,351084,wealth,27.2526728329687,22.5812716381248,-4.67140119484386,21.1850651402495,15.350685384503,-5.83437975574654,6.06760769271913,7.23058625362182,1.16297856090268,0.0884386753273713,0.0114224960014392,-2.52894137874524,-1.12695831884272,-0.611084667856009,-0.451350897417431,-1.11604449288514,-1.73804298669873,29.7896787569725,3.5527136788005e-15
ELSA,final,85,351085,education,26.845186997073,23.6429070492117,-3.20227994786135,21.4043638020545,16.8349767062275,-4.569387095827,5.44082319501852,6.80793034298417,1.36710714796565,0.0283116139134897,0.00372122496037313,-1.83068802327339,-0.674477608082272,-0.787294958370133,-0.314803712568332,-0.962122793532873,-1.46177256645241,31.9905610051592,8.88178419700125e-16
ELSA,final,85,351085,wealth,26.9172147104636,22.6615440133541,-4.25567069710952,21.2078064917946,15.6403340198596,-5.56747247193502,5.709408218669,7.02120999349451,1.31180177482551,0.0292075764933697,0.00183773032033505,-2.66023379800333,-1.05365701527993,-0.574650888584033,-0.500312180353036,-0.778618589714684,-1.62830790386396,29.2468065548968,0
ELSA,final,86,351086,education,29.3081533828369,23.5926203543699,-5.71553302846696,22.712579272294,16.8166239533846,-5.89595531890943,6.59557411054288,6.77599640098534,0.180422290442467,0.206530305596662,0.0561395373755068,-2.19864152214602,-0.719697297284308,-0.605109594823042,-0.485457493548564,-1.88704941110749,-1.32480689210735,22.4697580027184,2.66453525910038e-15
ELSA,final,86,351086,wealth,28.4928853257721,22.8937047900852,-5.59918053568696,21.5019801015334,15.3426984073812,-6.15928169415212,6.99090522423877,7.55100638270393,0.560101158465166,0.20149555930479,0.0425589842138483,-3.0374340323022,-0.827760137807566,-0.572204398374259,-0.555091111280099,-1.16679201438799,-1.39996453618183,22.7293474417806,-1.77635683940025e-15
ELSA,final,87,351087,education,28.1705524753099,24.0231998272977,-4.14735264801214,21.5025230086823,17.000943527,-4.50157948168232,6.66802946662755,7.02225630029773,0.354226833670177,0.149367366772138,0.0459270260223282,-1.83711461821243,-0.573198012634447,-0.594577865025055,-0.342761813834737,-1.15392717197565,-1.1677758776595,25.9414697088295,-8.88178419700125e-16
ELSA,final,87,351087,wealth,26.7938742458243,23.0899995094891,-3.70387473633521,20.8761460214519,15.3726593258703,-5.50348669558157,5.91772822437237,7.71734018361872,1.79961195924636,0.102856932919889,0.0285986867281894,-2.9660820311556,-0.822820586166206,-0.666001434018249,-0.279319567910456,-0.769263076331056,-1.48882202018446,27.0523415888285,1.77635683940025e-15
ELSA,final,88,351088,education,28.0904656219985,23.8880969990456,-4.20236862295283,22.3345461432031,17.1026531631735,-5.23189298002959,5.75591947879537,6.78544383587213,1.02952435707676,0.139170096474618,0.0433285189872564,-1.93374093090357,-0.821029863636819,-0.777412038109955,-0.421261377449371,-1.27844876992987,-1.59844190174677,30.5518845253164,-2.66453525910038e-15
ELSA,final,88,351088,wealth,27.2018622726354,22.5495701764869,-4.65229209614849,21.4307407614051,15.4326553867151,-5.99808537468999,5.7711215112303,7.11691478977181,1.3457932785415,0.0774167275562893,0.0167357159495636,-2.65796334994399,-0.822766775184167,-0.692288977258664,-0.344173871152024,-1.48089240115114,-1.51505575244283,25.2589894574673,-8.88178419700125e-16
ELSA,final,89,351089,education,27.6482895332582,23.8886285448271,-3.75966098843103,21.8169209306906,16.7502311053693,-5.0666898253213,5.83136860256758,7.13839743945785,1.30702883689027,0.103216633989832,0.0350093730215079,-2.37432935623009,-0.666254904306792,-0.614946464526547,-0.250190453671155,-1.16096864658672,-1.28120136883334,25.2867535413438,-2.66453525910038e-15
ELSA,final,89,351089,wealth,27.9565535108905,22.665399496343,-5.29115401454749,21.1455502247437,15.498607651982,-5.64694257276167,6.81100328614684,7.16679184436101,0.355788558214174,0.134762822379641,0.0220532001020295,-2.67679902473616,-0.91943764969906,-0.408025555785639,-0.5138565569266,-1.12882378561421,-1.3274632054847,23.5076448605621,1.77635683940025e-15
ELSA,final,90,351090,education,27.9049481713521,23.0180531502802,-4.88689502107194,22.2257157789967,16.5026813019116,-5.7230344770851,5.67923239235543,6.51537184836859,0.836139456013159,0.116331757666624,0.0187724708688449,-2.00073160099152,-0.941757908585312,-0.684993372582563,-0.440721645190098,-1.6548299497356,-1.62675128116787,28.4246283624771,-1.77635683940025e-15
ELSA,final,90,351090,wealth,27.1088708174518,22.2263112520292,-4.8825595654226,21.230191120187,15.0875360979711,-6.14265502221592,5.87867969726481,7.13877515405813,1.26009545679332,0.0806773605314815,0.00712951691920432,-3.08858615573418,-0.812240616545409,-0.485084339193875,-0.406947476556349,-1.34979643418611,-1.29732495573928,21.1199383824632,2.66453525910038e-15
ELSA,final,91,351091,education,25.8853846880815,23.8324347537729,-2.05294993430855,21.0740370696801,16.9147906625358,-4.15924640714427,4.81134761840136,6.91764409123707,2.10629647283572,0.0165937987250652,0.00204291089177073,-2.00157241148346,-0.604278948298883,-0.653860987057054,0.0191010253743986,-0.918635085679272,-1.25813993535594,30.249228158131,0
ELSA,final,91,351091,wealth,26.5375629805123,22.8664142775156,-3.67114870299677,20.9775180011459,15.6130426968113,-5.36447530433461,5.56004497936639,7.25337158070422,1.69332660133784,0.0207976742448675,0.00121626327767753,-2.88459837047166,-0.929126684196488,-0.395247248168815,-0.354807389309456,-0.80069561218819,-1.3243739323653,24.6878558895626,-3.5527136788005e-15
ELSA,final,92,351092,education,26.778112119464,23.9342052221879,-2.84390689727606,21.2193308957588,17.0807440115136,-4.13858688424516,5.55878122370521,6.85346121067431,1.2946799869691,0.0211889342005756,0.00498334278843611,-1.71888092132967,-0.81718645168531,-0.624716942162634,-0.29064362025948,-0.687158948808067,-1.44190339384794,34.8404765727404,0
ELSA,final,92,351092,wealth,26.8208488032921,22.5495776602527,-4.27127114303941,21.1015881562955,15.7384762758908,-5.36311188040475,5.71926064699657,6.8111013843619,1.09184073736534,0.00931868083391597,0.000332633975945988,-2.56292068992239,-0.94163213025424,-0.465189801479109,-0.488536478537262,-0.904832780211749,-1.40682193173335,26.2314485154313,0
ELSA,final,93,351093,education,27.2360463740938,23.4483612470837,-3.78768512701005,21.4974744059737,16.862589314292,-4.63488509168162,5.7385719681201,6.58577193279167,0.847199964671567,0.0589085160741741,0.0100025419618229,-1.84414677904036,-0.589105056013151,-0.823203571494009,-0.468212995372991,-0.910216689761113,-1.41230862750716,30.4712759770868,-8.88178419700125e-16
ELSA,final,93,351093,wealth,27.8515516694339,22.5387477231882,-5.31280394624579,21.5251964057416,15.3761947889136,-6.14900161682796,6.32635526369237,7.16255293427454,0.836197670582171,0.0657831543283223,0.0045140198730768,-2.89918452658725,-0.906197767077682,-0.637024053983076,-0.611930194760906,-1.09466507441905,-1.54322182106076,25.0971119740386,1.77635683940025e-15
ELSA,final,94,351094,education,26.7412483565909,24.2836953683352,-2.45755298825563,21.1729725977495,17.1724770308167,-4.00049556693286,5.56827575884133,7.11121833751856,1.54294257867723,0.0840228132534054,0.0353081998406985,-1.83713580870458,-0.858232657781673,-0.495738269404412,-0.157428108437407,-0.651960722604788,-1.35397092718609,33.8450800540234,1.77635683940025e-15
ELSA,final,94,351094,wealth,26.9671503583812,22.7346043926978,-4.23254596568342,21.2322333020179,15.346038020591,-5.88619528142696,5.7349170563633,7.38856637210684,1.65364931574354,0.0846387857102952,0.0134822980464643,-3.02561090303912,-0.913620347922139,-0.679261658427739,-0.381112911435755,-0.886589460602203,-1.59288200634988,27.0613177135999,4.44089209850063e-15
ELSA,final,95,351095,education,25.7516083802748,23.0824250093999,-2.66918337087483,20.6628841683906,16.7081614106299,-3.9547227577607,5.08872421188414,6.37426359877001,1.28553938688587,0.00538776159583684,0.000552941844881767,-1.76140454184042,-0.748777193320979,-0.51590383138636,-0.293248216545043,-0.635388974667906,-1.26468102470734,31.979005917053,0
ELSA,final,95,351095,wealth,26.8151086710482,22.2852521794142,-4.52985649163394,21.2512401840257,15.5830340597419,-5.66820612428376,5.5638684870225,6.70221811967231,1.13834963264982,0.0130424318484503,0.000278717826841304,-2.57783541244139,-1.00955880536749,-0.53504354370719,-0.481166199296372,-1.06460216347131,-1.54460234907468,27.2502854555216,8.88178419700125e-16
ELSA,final,96,351096,education,26.8045189142816,23.580301274297,-3.22421763998457,21.6186830100414,16.8886594731317,-4.73002353690972,5.18583590424022,6.69164180116537,1.50580589692515,0.0396107505651185,0.0128147214725293,-2.08781812706357,-0.867472644021547,-0.490048702164843,-0.299365522415291,-0.985318541244468,-1.35752134618639,28.7000970628003,0
ELSA,final,96,351096,wealth,27.1283480316039,22.5256470453362,-4.60270098626771,21.439376903765,15.5231442628457,-5.91623264091932,5.6889711278389,7.0025027824905,1.3135316546516,0.0346425404273249,0.00269207876119202,-3.12470179781118,-0.775814338378317,-0.541420849429504,-0.595049094902597,-0.87924656039772,-1.31723518780782,22.2647631990877,3.5527136788005e-15
ELSA,final,97,351097,education,26.0266817334227,23.2619369529098,-2.76474478051291,20.5032036466427,16.5233399540408,-3.97986369260183,5.52347808678002,6.73859699886894,1.21511891208892,0.0176095594598856,0.0032084084787028,-1.78171385062429,-0.348224255373115,-0.766950898583392,-0.311109208091719,-0.771865479929316,-1.11517515395651,28.0204358764725,-4.44089209850063e-16
ELSA,final,97,351097,wealth,26.8395374797414,22.1381202990904,-4.70141718065094,20.7324905745166,15.1088053085551,-5.62368526596153,6.10704690522472,7.02931499053531,0.92226808531059,0.0230416978331856,0.000792185369302089,-2.54874989868561,-0.847600369697345,-0.670020501747711,-0.582583331826531,-0.974731164004331,-1.51762087144506,26.9862341093439,0
ELSA,final,98,351098,education,27.0222717322835,24.2576459732934,-2.76462575899006,21.4258928639292,17.2427495394397,-4.18314332448951,5.5963788683543,7.01489643385375,1.41851756549945,0.0821756056217479,0.0255277448912429,-2.02202840916128,-0.706700689848825,-0.575905470141008,-0.273127921608663,-0.605380833729736,-1.28260615998983,30.6613008567273,1.77635683940025e-15
ELSA,final,98,351098,wealth,26.7840235062061,23.2956186495022,-3.48840485670387,21.1895948893198,15.7609240992464,-5.42867079007348,5.59442861688622,7.53469455025583,1.94026593336961,0.0577008174957034,0.0100196447443569,-2.82784193075338,-1.14550162255068,-0.519801521795659,-0.326136415142097,-0.609389299831662,-1.66530314434634,30.6760753919985,-1.77635683940025e-15
ELSA,final,99,351099,education,26.1176631093497,23.3350338384518,-2.78262927089786,21.2373941955198,16.5091477950028,-4.72824640051705,4.88026891382985,6.82588604344903,1.94561712961919,0.0596753924720841,0.0156273505639684,-2.33831825636922,-0.611520661414744,-0.698077257838397,-0.2170411536019,-0.863289071292784,-1.30959791925314,27.697328106884,-8.88178419700125e-16
ELSA,final,99,351099,wealth,26.7226802584029,22.3739609888329,-4.34871926956997,21.2425233495528,15.3094020122826,-5.93312133727027,5.48015690885006,7.06455897655036,1.5844020677003,0.0679697690190967,0.00789937180544361,-3.05577645903264,-0.826626702856941,-0.60656591278336,-0.468707942260696,-0.975444320336628,-1.4331926156403,24.1557948029374,6.21724893790088e-15
ELSA,final,100,351100,education,26.7038676200056,24.5664526709428,-2.13741494906274,21.3990845069759,17.3625814431622,-4.03650306381374,5.30478311302963,7.20387122778062,1.89908811475099,0.069388841239827,0.0279472029510389,-2.45145528409363,-0.78165376997921,-0.335312745099173,-0.15422345997128,-0.313857804670445,-1.11696651507838,27.6716379851589,0
ELSA,final,100,351100,wealth,28.0839873471928,23.254775466292,-4.8292118809008,21.6736369911963,15.6748225311626,-5.99881446003374,6.41035035599647,7.57995293512941,1.16960257913293,0.110325229859758,0.0128086592726394,-3.31529055571879,-1.00637715959172,-0.565738937145047,-0.523638400733849,-0.587769406844323,-1.57211609673677,26.2071132089644,1.77635683940025e-15
ELSA,final,101,351101,education,26.1115753295395,23.4762590175311,-2.63531631200843,21.0291404753326,17.0601320015494,-3.96900847378317,5.08243485420692,6.41612701598165,1.33369216177473,0.0342157212511459,0.00565254112669566,-1.67606775958945,-0.741764773383222,-0.769749538379074,-0.437761842600573,-0.343664559830855,-1.5115143117623,38.0829197454838,-2.22044604925031e-15
ELSA,final,101,351101,wealth,26.5709519407313,22.5758036053452,-3.99514833538612,21.2261518707235,15.757673522881,-5.4684783478425,5.34480007000781,6.8181300824642,1.47333001245639,0.0296157347954585,0.00183935083280836,-2.72758379556285,-0.927895439762264,-0.57731646538488,-0.481230979577393,-0.754451667555118,-1.50521190514714,27.5252421131191,-8.88178419700125e-16
ELSA,final,102,351102,education,26.3857087595504,23.5169360997375,-2.8687726598129,20.8591239594877,16.9306917396582,-3.92843221982952,5.52658480006267,6.58624436007928,1.05965956001661,0.0166202931599534,0.00355818976500672,-1.68608104571038,-0.586873336031871,-0.618637522630337,-0.299761692888587,-0.737078622568349,-1.20551085866221,30.6868183337149,-1.77635683940025e-15
ELSA,final,102,351102,wealth,26.2883789578523,22.7023204757416,-3.58605848211066,20.8723843572303,15.4254722048259,-5.44691215240446,5.41599460062199,7.27684827091579,1.8608536702938,0.00937094350977198,0.00133246600484123,-2.67918585424098,-0.876270758859154,-0.676033258846,-0.300529177775249,-0.914893102683069,-1.55230401770515,28.4987893006483,-1.77635683940025e-15
ELSA,final,103,351103,education,26.4446321585034,23.777807444518,-2.66682471398542,21.3059471920414,17.0280727126234,-4.277874479418,5.13868496646205,6.74973473189463,1.61104976543258,0.0350872085854637,0.00686271475041655,-2.00281723311345,-0.929791992045223,-0.608174855113816,-0.297965686212687,-0.439124712932823,-1.53796684715904,35.9516590437286,0
ELSA,final,103,351103,wealth,26.7012012168264,22.7118578091519,-3.98934340767445,21.0985047035871,15.3746376178162,-5.72386708577092,5.60269651323923,7.3372201913357,1.73452367809648,0.0459405436903813,0.0033310828737263,-3.18808095800816,-1.03767016865421,-0.550062410354591,-0.459488204739376,-0.48856534401459,-1.5877325790088,27.7388093611709,-8.88178419700125e-16
ELSA,final,104,351104,education,26.4366612766302,23.8799411227403,-2.55672015388991,20.9330523222644,17.012511795818,-3.92054052644635,5.50360895436582,6.86742932692226,1.36382037255644,0.0243429962382338,0.0044417689694226,-1.41720115103881,-1.02979760309978,-0.58533405079348,-0.3543608321884,-0.533846889325881,-1.61513165389326,41.1966575271509,1.77635683940025e-15
ELSA,final,104,351104,wealth,26.65098310244,22.6716674269249,-3.97931567551503,21.2828575056422,15.5454313376446,-5.73742616799768,5.36812559679771,7.12623608928037,1.75811049248266,0.0308295494347543,0.0014834766901107,-2.87791452459421,-0.96740512604254,-0.494559626195171,-0.416725582999132,-0.980821308166634,-1.46196475223771,25.4811950416423,8.88178419700125e-16
ELSA,final,105,351105,education,27.5045594305865,23.6802438858309,-3.82431554475561,21.6478703807491,16.8026382127318,-4.84523216801727,5.85668904983743,6.8776056730991,1.02091662326167,0.0828655546953681,0.0176878815556431,-1.90023288934531,-0.89080939920543,-0.846993449904425,-0.523783842479321,-0.683412587082789,-1.73780284910985,35.8662451838915,0
ELSA,final,105,351105,wealth,26.8271518421397,22.2818869559237,-4.54526488621599,21.1611913743352,15.4324416027504,-5.72874977158481,5.66596046780447,6.84944535317329,1.18348488536882,0.0400400604766505,0.00448168957697452,-2.86256413737084,-0.964523908683827,-0.513777053265812,-0.473367804218856,-0.914516868045478,-1.47830096194964,25.8049490882315,0
ELSA,final,106,351106,education,27.4920567578176,23.549486378256,-3.94257037956161,21.3680550521151,16.5054020668263,-4.86265298528889,6.12400170570245,7.04408431142972,0.920082605727277,0.12057091563972,0.0248412540241077,-2.51927162359159,-0.742739942371055,-0.433134681911525,-0.411897941799386,-0.755608795615337,-1.17587462428258,24.1817507405933,0
ELSA,final,106,351106,wealth,27.428492850658,22.3906039909129,-5.03788885974511,21.3007850705854,14.9974614227615,-6.30332364782389,6.1277077800726,7.39314256815138,1.26543478807878,0.0942753749709999,0.00943520314698536,-3.09665114145111,-1.20182026466581,-0.588358183944883,-0.519336601125631,-0.897157456636444,-1.7901784486107,28.4005478479393,1.77635683940025e-15
ELSA,final,107,351107,education,27.6513421778257,24.415802315991,-3.2355398618347,21.3820837383906,17.163391209728,-4.21869252866268,6.26925843943507,7.25241110626304,0.983152666827972,0.139488809546492,0.05185465321984,-2.07401861851939,-0.731930024118348,-0.570721470590918,-0.410919706833142,-0.431102708600874,-1.30265149470927,30.8780857068578,5.32907051820075e-15
ELSA,final,107,351107,wealth,27.5133037551731,23.2234230417123,-4.28988071346081,21.0617182604707,15.801666704843,-5.26005155562766,6.45158549470245,7.42175633686929,0.970170842166848,0.116848912331632,0.0371076494361741,-2.59996781496602,-0.76779915679413,-0.532498776646239,-0.395425251534205,-0.964360555687064,-1.30029793344037,24.720250736881,-2.66453525910038e-15
ELSA,final,108,351108,education,28.6137121934413,23.8146403473064,-4.79907184613491,22.1634034231111,17.0631324675921,-5.10027095551898,6.45030877033029,6.75150787971436,0.301199109384065,0.076042667101956,0.00643813069537744,-2.23905021871746,-0.490262947398187,-0.740159579083107,-0.565380278212958,-1.06541793210727,-1.23042252648129,24.1246501845134,0
ELSA,final,108,351108,wealth,27.509557084738,22.5784232727347,-4.93113381200336,21.2882916504927,15.618300006366,-5.66999164412668,6.22126543424531,6.96012326636863,0.738857832123321,0.0462337021938604,0.00210694509421602,-2.69979377912235,-0.886160656333455,-0.641746785638602,-0.589228164391111,-0.853062258641164,-1.52790744197206,26.9472609109531,1.77635683940025e-15
ELSA,final,109,351109,education,27.1089532414226,23.4145335863054,-3.69441965511719,21.4077201943337,16.7687326493296,-4.63898754500404,5.70123304708894,6.64580093697578,0.944567889886845,0.0487393229258698,0.00942422863499068,-2.06117106922254,-0.617164947595637,-0.547157313691719,-0.326671439873081,-1.08682277462106,-1.16432226128736,25.098628741551,2.66453525910038e-15
ELSA,final,109,351109,wealth,26.7804635196496,22.351618494156,-4.42884502549365,20.9637041620052,15.1902472577975,-5.77345690420771,5.8167593576444,7.16137123635846,1.34461187871406,0.0495013845642178,0.00432616098284644,-2.91183328725472,-0.937151333073047,-0.582957520546369,-0.461053541495911,-0.880461221837653,-1.52010885361942,26.3292664835093,4.44089209850063e-15
ELSA,final,110,351110,education,27.8703113263387,23.3187100333643,-4.55160129297438,21.4152504780179,16.8210944634065,-4.59415601461143,6.45506084832079,6.49761556995784,0.042554721637055,0.0946525030618007,0.011325259239899,-1.75977747851072,-0.877529672914127,-0.395897375809355,-0.536702591999692,-1.02424889537754,-1.27342704872348,27.7184110568606,8.88178419700125e-16
ELSA,final,110,351110,wealth,27.4540195222653,22.3733214988907,-5.08069802337456,21.3492482547794,15.7235980804938,-5.62565017428568,6.10477126748582,6.64972341839695,0.544952150911123,0.0541192320451154,0.00310533429676398,-2.32543515841565,-0.978063881389437,-0.557223256135847,-0.524169945002516,-1.24075793334223,-1.53528713752528,27.2908391023483,0
ELSA,final,111,351111,education,26.0144448580008,23.4775536304133,-2.53689122758744,21.3392104834829,16.810582611844,-4.52862787163891,4.67523437451785,6.66697101856931,1.99173664405146,0.0328688192629349,0.0039263711036623,-2.37928524351718,-0.53495945147152,-0.878611846940168,-0.345481228151686,-0.390290101558358,-1.41357129841169,31.2141191212542,-8.88178419700125e-16
ELSA,final,111,351111,wealth,26.4562190337159,22.3849099933579,-4.07130904035796,21.0738229864764,15.2967941886448,-5.77702879783158,5.38239604723949,7.08811580471311,1.70571975747362,0.0369515895509363,0.00217206062152168,-2.89272456101391,-0.879044192486601,-0.655168515471537,-0.425235953060127,-0.924855575799409,-1.53421270795814,26.5571241142853,4.44089209850063e-15
ELSA,final,112,351112,education,27.8785973460826,24.3572665658749,-3.5213307802077,21.792194824867,17.3586377243982,-4.43355710046875,6.08640252121566,6.99862884147671,0.91222632026105,0.159267175459552,0.0551736246757727,-1.79203449307834,-0.885379823542554,-0.722039784301867,-0.422360409860534,-0.611742589685461,-1.60741960784442,36.2557551739769,0
ELSA,final,112,351112,wealth,27.6306259867835,23.2925172006303,-4.33810878615321,21.5083319982547,16.1153940590492,-5.39293793920544,6.12229398852886,7.17712314158108,1.05482915305222,0.13948139428612,0.0356854800145008,-2.83253438835884,-0.849154309693085,-0.511653331700887,-0.407173650102985,-0.792422259349637,-1.36080764139397,25.2331411326136,8.88178419700125e-16
ELSA,final,113,351113,education,28.5849089241957,24.1113543053237,-4.47355461887202,21.8698649992487,17.0603786071491,-4.80948639209958,6.71504392494702,7.05097569817458,0.335931773227559,0.132947855509202,0.0238808891517097,-2.51236050635434,-0.592382057350057,-0.322848675295565,-0.451409489417062,-0.930485663682563,-0.915230732645622,19.0296979350861,-6.21724893790088e-15
ELSA,final,113,351113,wealth,27.1868981123852,23.0471117415205,-4.13978637086478,21.2599561479512,15.4942716714058,-5.76568447654541,5.92694196443405,7.55284007011469,1.62589810568064,0.0826874838771655,0.0106349223564042,-3.44056167585062,-0.886503102886592,-0.473061751218891,-0.427089299044473,-0.538468647544835,-1.35956485410548,23.5802853873836,-1.77635683940025e-15
ELSA,final,114,351114,education,26.1437918818051,23.2566249317617,-2.88716695004339,21.2687995606698,16.5672814905497,-4.70151807012013,4.87499232113529,6.68934344121203,1.81435112007675,0.0154521089583922,0.00171905768631149,-2.18579224998395,-0.706134760488605,-0.77858737718939,-0.290941942481625,-0.74006173997656,-1.484722137678,31.5796326959572,4.44089209850063e-15
ELSA,final,114,351114,wealth,26.043323005072,22.439499292794,-3.60382371227796,20.8072805853501,15.4717185544598,-5.3355620308903,5.23604241972191,6.96778073833426,1.73173831861235,0.00798351403297101,0.000284623459138317,-2.81946165645392,-0.897039224694296,-0.442206953609278,-0.356919177334999,-0.81993501879782,-1.33924617830357,25.1003768778245,-5.32907051820075e-15
ELSA,final,115,351115,education,25.6933412207227,23.9340535517304,-1.75928766899227,21.1969653730823,17.2574250385676,-3.93954033451471,4.49637584764045,6.67662851316288,2.18025266552243,0.0148978155490966,0.00492441239860356,-2.01898948422512,-0.715976682857501,-0.758232335948192,-0.0897048371358101,-0.356636994348084,-1.47420901880569,37.4208383117695,8.88178419700125e-16
ELSA,final,115,351115,wealth,27.211868826982,22.1725276124792,-5.03934121450277,21.4204614996922,15.3206631943691,-6.09979830532318,5.79140732728977,6.85186441811017,1.06045709082041,0.0421660819906586,0.00162958746668635,-2.8803081834967,-1.03007482319461,-0.63934337622248,-0.54898017688558,-1.00109174552382,-1.66941819941709,27.3684163943622,-7.105427357601e-15
ELSA,final,116,351116,education,25.888043219017,23.8785314783111,-2.00951174070596,20.9886676224326,17.1036299784596,-3.88503764397298,4.89937559658443,6.77490149985144,1.87552590326702,0.0283441293845214,0.0056969924225913,-1.96147155404945,-0.719283775341483,-0.661212665339422,-0.263395763263716,-0.2796738859789,-1.3804964406809,35.5336696112206,0
ELSA,final,116,351116,wealth,26.6731364288413,22.7748100566186,-3.89832637222268,21.1762615040779,15.355887787272,-5.82037371680584,5.49687492476343,7.41892226934659,1.92204734458316,0.0413370959665903,0.00216172149753546,-3.18469283533484,-1.03714848422805,-0.54604292946931,-0.449367983285404,-0.603121484488234,-1.58319141369736,27.2008549747592,-8.88178419700125e-16
ELSA,final,117,351117,education,27.3692625678065,23.342442034958,-4.02682053284855,21.0310395337897,17.001367870129,-4.02967166366071,6.33822303401681,6.34107416482896,0.00285113081215727,0.0249012972004391,0.00266439767625236,-1.14864084285191,-0.692109614024447,-0.695109151989184,-0.535791736297417,-0.958020318497746,-1.38721876601363,34.4251066041799,1.77635683940025e-15
ELSA,final,117,351117,wealth,26.5782669913567,22.7718794227534,-3.8063875686033,21.0353389740508,15.6091232732298,-5.42621570082098,5.54292801730595,7.16275614952363,1.61982813221768,0.0368135781375989,0.00191140795157428,-3.23796808624952,-0.76424841861335,-0.37549261830261,-0.403020153825083,-0.645486423830422,-1.13974103691596,21.0043444595009,-8.88178419700125e-16
ELSA,final,118,351118,education,26.7401461632073,24.815756532705,-1.92438963050235,21.2880959339037,17.160938384618,-4.12715754928566,5.45205022930361,7.65481814808691,2.2027679187833,0.108844958644931,0.0696782574214056,-2.16045233902326,-0.502141490283958,-0.85489155628012,-0.11323509249801,-0.496437071200305,-1.35703304656408,32.8805728969314,-8.88178419700125e-16
ELSA,final,118,351118,wealth,27.7743888752186,23.6715453869026,-4.10284348831607,21.4465537784526,15.8448046377121,-5.6017491407405,6.32783509676606,7.82674074919049,1.49890565242443,0.141692030171819,0.0432504760127513,-2.85839352053056,-0.955193714563573,-0.582920761785964,-0.36950885448415,-0.835732289376252,-1.53811447634954,27.4577535999089,0
ELSA,final,119,351119,education,26.4192792147514,23.751389995694,-2.66788921905737,21.3253950193081,16.8848107301707,-4.44058428913731,5.09388419544333,6.86657926552327,1.77269507007994,0.0575166763407959,0.0119633070423944,-2.05463406631824,-0.902187170653199,-0.617178021054718,-0.384388292115693,-0.482196738995468,-1.51936519170792,34.2154341135835,-4.44089209850063e-15
ELSA,final,119,351119,wealth,27.2214515569079,22.1880577437544,-5.03339381315353,21.3246954396786,15.3409126502085,-5.98378278947013,5.89675611722926,6.84714509354586,0.950388976316596,0.065258638443061,0.00389850164390807,-2.86445878058949,-0.84765503778464,-0.5080353631381,-0.592769153056586,-1.17086445490131,-1.35569040092274,22.6560764088629,2.66453525910038e-15
ELSA,final,120,351120,education,25.9777194021634,24.2828690153716,-1.69485038679179,20.6461382883893,17.2383680297879,-3.40777025860143,5.33158111377404,7.04450098558369,1.71291987180965,0.0306611395620861,0.00947080981455873,-1.86841566455827,-0.666631940681556,-0.591107353911722,-0.246729698010545,-0.0348856014393392,-1.25773929459328,36.9079837884805,8.88178419700125e-16
ELSA,final,120,351120,wealth,27.1938684042525,23.0248691535676,-4.16899925068491,21.2349036480059,15.9408131660456,-5.29409048196032,5.9589647562466,7.08405598752201,1.1250912312754,0.035695295531179,0.00166232449198323,-2.87097750823881,-0.725536364144696,-0.622372114972736,-0.536338481226177,-0.538866013377906,-1.34790847911743,25.46062413762,-1.77635683940025e-15
ELSA,final,121,351121,education,27.4271180465705,23.8284895619542,-3.59862848461636,21.7684399575141,16.9458703014972,-4.8225696560169,5.65867808905639,6.88261926045693,1.22394117140055,0.0878689333461905,0.0196254111636874,-2.1276550268786,-0.85501906563529,-0.632706640715607,-0.398486453354116,-0.808702469433285,-1.4877257063509,30.8492320996283,8.88178419700125e-16
ELSA,final,121,351121,wealth,26.9787102573989,22.3094110893351,-4.66929916806378,21.1777813132398,15.2818378134691,-5.89594349977075,5.80092894415905,7.02757327586603,1.22664433170698,0.0620941017229676,0.0046546833703776,-2.98077016160616,-0.987373329340935,-0.495219966991592,-0.487800245587997,-0.944779796244068,-1.48259329633253,25.1459888716738,-1.77635683940025e-15
ELSA,final,122,351122,education,27.5591590463403,23.7266660701587,-3.83249297618158,22.3725221557203,16.816492768674,-5.55602938704634,5.18663689062001,6.91017330148477,1.72353641086477,0.0590256540333196,0.0105405461250685,-2.2561715106811,-0.796177366021917,-0.926237583933397,-0.289672147687958,-1.28777077872197,-1.72241494995531,31.0008250491089,0
ELSA,final,122,351122,wealth,27.5963912490014,22.6648597455429,-4.93153150345848,21.5621216621176,15.3867818757765,-6.17533978634115,6.03426958688371,7.27807786976638,1.24380828288266,0.0852334405376309,0.00871691716483282,-3.30188950709764,-0.885349123740295,-0.512005288804886,-0.532459590135239,-0.943636276563096,-1.39735441254518,22.627976125879,-3.5527136788005e-15
ELSA,final,123,351123,education,25.9137802985239,24.2830050558205,-1.63077524270334,20.5901899227473,17.38946199949,-3.2007279232573,5.32359037577657,6.89354305633053,1.56995268055396,0.111972850040528,0.0550853969754718,-1.77091387539565,-0.530255641836944,-0.687878012139289,-0.286462254571412,0.0747818606859971,-1.21813365397623,38.0580194000548,-8.88178419700125e-16
ELSA,final,123,351123,wealth,27.3652681051575,22.5572719830561,-4.80799612210144,21.3761790212148,15.7253348490862,-5.65084417212863,5.98908908394268,6.83193713396988,0.842848050027197,0.120983014023173,0.0156043016159859,-3.08741811789208,-0.888631336259416,-0.40533292280684,-0.589190203928263,-0.680271591242035,-1.29396425906626,22.8986009815738,-8.88178419700125e-16
ELSA,final,124,351124,education,26.7347841849221,23.3180228847364,-3.41676130018563,21.5112616366273,16.8037586392577,-4.7075029973696,5.2235225482948,6.51426424547878,1.29074169718398,0.0428331357581307,0.00685726709266045,-1.85724160102686,-0.850994234609485,-0.696328739807944,-0.344667663771509,-0.958270758153805,-1.54732297441743,32.8692934509446,-8.88178419700125e-16
ELSA,final,124,351124,wealth,26.6949142360405,22.4085316190745,-4.28638261696595,21.4914908044366,15.5602955394191,-5.93119526501748,5.20342343160387,6.8482360796554,1.64481264805153,0.0440854127537586,0.00286203331139354,-2.93135359955294,-1.08864883008669,-0.461913049402533,-0.379137274218559,-1.07014251175676,-1.55056187948923,26.1424857926113,-8.88178419700125e-16
ELSA,final,125,351125,education,28.8433338680719,23.7231667016374,-5.12016716643444,22.0557092156135,16.9322228605688,-5.12348635504473,6.78762465245839,6.79094384106868,0.00331918861028591,0.188402028218273,0.0409151189737558,-2.10200546291922,-0.820962167604314,-0.5493544016773,-0.511123308166746,-1.14004101467716,-1.37031656928161,26.7457835216515,-2.66453525910038e-15
ELSA,final,125,351125,wealth,27.8847841877752,22.5016229056025,-5.38316128217264,21.3753017693845,15.791830234599,-5.5834715347855,6.5094824183907,6.70979267100356,0.200310252612861,0.137286350040849,0.0165007918156379,-2.66308320822893,-0.892660269950639,-0.562505890844709,-0.577613979169535,-0.887608186591681,-1.45516616079535,26.062032406354,0
ELSA,final,126,351126,education,27.4030402420232,23.3793184276274,-4.02372181439582,21.7930328619517,16.8058215393603,-4.98721132259146,5.61000738007146,6.5734968882671,0.963489508195643,0.0283489362923885,0.00145012248032216,-2.34355112663519,-0.723085369700527,-0.545330282902277,-0.501128746076357,-0.874115797277117,-1.2684156526028,25.4333648718079,-3.5527136788005e-15
ELSA,final,126,351126,wealth,26.5458890032531,21.9786596133022,-4.56722938995096,20.8712170470344,15.484426222278,-5.38679082475642,5.67467195621874,6.4942333910242,0.819561434805456,0.0187560714955058,0.000466804662540012,-2.71746002063568,-0.917156621941613,-0.495976653622985,-0.64732715884684,-0.608870369709296,-1.4131332755646,26.2333051632555,0
ELSA,final,127,351127,education,27.7673053379204,23.6651622483442,-4.10214308957622,21.814420603591,17.0285584367877,-4.7858621668033,5.95288473432943,6.6366038115565,0.683719077227073,0.05912229736376,0.00719893888798781,-1.49318989086742,-1.14295497175085,-0.738310221359742,-0.57086919688363,-0.84053788594165,-1.8812651931106,39.3088042977883,1.77635683940025e-15
ELSA,final,127,351127,wealth,27.0277771247329,22.2308702960041,-4.79690682872882,21.1295413642786,15.5266147014615,-5.60292666281703,5.89823576045439,6.7042555945426,0.806019834088209,0.0520446973537268,0.00347459820546894,-2.87683370060585,-0.787838613630668,-0.480325904032951,-0.530262977683079,-0.92766546686448,-1.26816451766362,22.6339660320668,0
ELSA,final,128,351128,education,26.4900102662065,23.4442381902973,-3.04577207590917,21.0624337405229,16.7614905765576,-4.30094316396536,5.42757652568355,6.68274761373974,1.25517108805619,0.0443946902986754,0.0114459432340304,-1.53552987088111,-0.868536697696064,-0.701161853231847,-0.275810063947828,-0.919904678208517,-1.56969855092791,36.4966122798212,-2.66453525910038e-15
ELSA,final,128,351128,wealth,27.3018685026361,22.3688419117531,-4.93302659088298,21.3573243242089,15.259421289716,-6.09790303449289,5.94454417842712,7.10942062203704,1.16487644360991,0.0495242658980089,0.00397369507483611,-2.77409553436183,-0.995809719032294,-0.501104407143053,-0.465053975972798,-1.36183939798291,-1.49691412617535,24.5480145831777,4.44089209850063e-15
ELSA,final,129,351129,education,26.9812798716722,23.59838432484,-3.38289554683224,21.55745158214,16.8772072389064,-4.68024434323364,5.4238282895322,6.72117708593359,1.29734879640139,0.063133632280925,0.0128391110716435,-2.56475298848258,-0.496894181506673,-0.574804023611125,-0.354230847324745,-0.689562302308512,-1.0716982051178,22.8983387729998,0
ELSA,final,129,351129,wealth,26.8774089022549,22.2071833132988,-4.67022558895611,21.1792269102894,15.259422977853,-5.91980393243639,5.69818199196549,6.94776033544577,1.24957834348028,0.0684055445216475,0.00669805448687751,-3.09172264018291,-0.981521248714524,-0.482113503299404,-0.543814689396838,-0.820631850842714,-1.46363475201393,24.7243788598172,1.77635683940025e-15
ELSA,final,130,351130,education,26.4638242904024,23.4348980797391,-3.02892621066331,21.0948766134381,16.8016007589479,-4.29327585449013,5.36894767696436,6.63329732079119,1.26434964382682,0.0306773867438672,0.00438983499086421,-2.0312057175456,-0.681034962842717,-0.479345232717024,-0.294817731508789,-0.806872209875998,-1.16038019555974,27.0278508739697,1.77635683940025e-15
ELSA,final,130,351130,wealth,26.5203262043307,22.2333559316757,-4.28697027265504,21.155569158476,15.3090745541548,-5.84649460432114,5.36475704585472,6.92428137752082,1.55952433166611,0.0476928979745822,0.00308654775540025,-2.95606804481191,-0.812226301981224,-0.483478986376181,-0.336520320701495,-1.25820095045033,-1.29570528835741,22.1620881579152,3.5527136788005e-15
ELSA,final,131,351131,education,26.7238035138964,23.8687428638467,-2.85506065004975,20.8314853066751,16.9947805334208,-3.83670477325434,5.89231820722132,6.87396233042591,0.98164412320459,0.0374714094828455,0.00777226190343329,-2.11482123670057,-0.285825845090266,-0.500095320673697,-0.350528217320857,-0.585434153468953,-0.785921165763963,20.4842752364638,1.77635683940025e-15
ELSA,final,131,351131,wealth,26.9532936484079,22.9360087574183,-4.01728489098964,21.1039908991563,15.644252561834,-5.45973833732239,5.84930274925158,7.29175619558432,1.44245344633275,0.0409343330745205,0.00383418390765577,-2.80314451663198,-0.94582289497035,-0.549911639803654,-0.488857206871612,-0.672002079044789,-1.495734534774,27.3957182993417,2.66453525910038e-15
ELSA,final,132,351132,education,27.4500145673211,24.4319358957561,-3.01807867156501,21.6016731942071,17.3422370210243,-4.25943617318287,5.848341373114,7.08969887473186,1.24135750161787,0.14975510207259,0.0590226221986737,-1.72982235917335,-0.721773493769909,-0.786405320432031,-0.417525557878134,-0.603909441929449,-1.50817881420194,35.4079449223194,-1.77635683940025e-15
ELSA,final,132,351132,wealth,27.5983249520088,22.9026160234501,-4.6957089285587,21.6189409868733,15.5498060339132,-6.06913495296016,5.97938396513548,7.35280998953695,1.37342602440146,0.13156285858622,0.0227862287462031,-2.79011727749805,-1.23107949990447,-0.620163438220469,-0.525163716811014,-0.902611020526163,-1.85124293812494,30.5025831930465,2.66453525910038e-15
ELSA,final,133,351133,education,26.2183568780888,23.2735183523829,-2.94483852570589,21.5166341024745,16.6499916399448,-4.86664246252972,4.70172277561427,6.62352671243809,1.92180393682383,0.0584062758315152,0.0138909262776157,-2.2534037087028,-0.856640488599346,-0.797952234756784,-0.231788034998939,-0.726857995471847,-1.65459272335613,33.9986497075863,-2.66453525910038e-15
ELSA,final,133,351133,wealth,26.6890826850529,22.3873517367549,-4.30173094829797,20.9160506985615,15.3868106326959,-5.52924006586561,5.77303198649138,7.00054110405901,1.22750911756764,0.0602006981525795,0.00531277329663589,-2.81621775784663,-0.775298177514131,-0.560683390057362,-0.439730141166557,-0.937310599280929,-1.33598156757149,24.1621190553669,8.88178419700125e-16
ELSA,final,134,351134,education,25.4784926087929,23.4677643289841,-2.01072827980879,20.9541640218469,16.8092392125651,-4.14492480928176,4.52432858694596,6.65852511641893,2.13419652947297,0.00921600867258776,0.00100551777315196,-2.18205158655104,-0.746049977181233,-0.564277379033021,-0.175374609662856,-0.477171256853618,-1.31032735621425,31.6128136578021,-2.66453525910038e-15
ELSA,final,134,351134,wealth,26.5523606629818,22.4922540228192,-4.06010664016258,21.5579102825211,15.5214149909048,-6.03649529161623,4.99445038046075,6.9708390319144,1.97638865145365,0.0248652602071374,0.000844293529744649,-3.27613360014397,-0.924009281164998,-0.424860008906511,-0.364472825971782,-1.04701957542897,-1.34886929007151,22.3452388332827,-8.88178419700125e-16
ELSA,final,135,351135,education,26.2327900236028,24.2572248589832,-1.97556516461958,21.4699074110312,17.3599546385511,-4.10995277248016,4.76288261257153,6.89727022043211,2.13438760786058,0.0089608990543903,0.0023549422912404,-2.29163169277366,-0.474715544278532,-0.654178060818311,-0.068172723501778,-0.621254751107872,-1.12889360509684,27.4673133145423,0
ELSA,final,135,351135,wealth,27.1256196679164,22.6867416047804,-4.43887806313599,21.2325338275269,15.7443393167587,-5.48819451076814,5.89308584038956,6.94240228802171,1.04931644763215,0.0181497211547152,0.000737072355606747,-2.81412590252404,-0.666666096216853,-0.535596749488341,-0.48302329518433,-0.988782467354574,-1.20226284570519,21.9063453991342,1.77635683940025e-15
ELSA,final,136,351136,education,26.2533774034008,23.4360142251079,-2.81736317829288,20.9272548414044,16.766733913032,-4.16052092837233,5.3261225619964,6.66928031207585,1.34315775007945,0.0152977923045,0.00180842031173943,-1.86944391633354,-0.850638478140862,-0.490843367569428,-0.342271303502772,-0.607323862825726,-1.34148184571029,32.243122166798,2.66453525910038e-15
ELSA,final,136,351136,wealth,26.4387303221492,22.385625554137,-4.05310476801222,21.2334510075953,15.4091474722917,-5.82430353530359,5.20527931455388,6.97647808184525,1.77119876729137,0.0245766613344416,0.00110372431448336,-2.94215742115704,-0.899475354432765,-0.647789846461124,-0.417294474713964,-0.917586438538697,-1.54726520089389,26.5656690369115,4.44089209850063e-15
ELSA,final,137,351137,education,26.8912926012258,23.2893259164591,-3.60196668476664,21.6138542817755,16.542106215197,-5.07174806657848,5.27743831945027,6.74721970126211,1.46978138181184,0.030801188564428,0.00321020726497615,-1.9124252899682,-0.929813586055334,-0.901747547962292,-0.351596600853093,-0.976165041739559,-1.83156113401763,36.1130148811441,2.66453525910038e-15
ELSA,final,137,351137,wealth,27.1704787652062,22.5726800430131,-4.59779872219307,21.5192622321073,15.3141638241383,-6.20509840796893,5.65121653309892,7.25851621887478,1.60729968577586,0.0427295905544384,0.00200538655108806,-3.12767002921858,-1.00059899612939,-0.60982754799699,-0.401784269046374,-1.06521756557759,-1.61042654412638,25.9532796781785,2.66453525910038e-15
ELSA,final,138,351138,education,26.8528381810154,23.1962710031955,-3.65656717781992,21.8125867957307,16.7587742267979,-5.05381256893285,5.04025138528466,6.4374967763976,1.39724539111293,0.0292281056942421,0.00345408404573369,-1.89710875132263,-0.758379155818869,-0.87981274568167,-0.365863571541887,-1.15264834456779,-1.63819190150054,32.4149714528581,1.77635683940025e-15
ELSA,final,138,351138,wealth,26.8050181729236,22.0431574418586,-4.76186073106501,21.3209726487393,15.3891834593321,-5.93178918940729,5.48404552418423,6.65397398252652,1.16992845834228,0.0153500547720873,0.00031664843330182,-2.69793247122849,-0.991661879685714,-0.527776797829167,-0.535440792841981,-1.17897724782194,-1.51943867751488,25.6151833620153,8.88178419700125e-16
ELSA,final,139,351139,education,27.3286462069725,23.8737818543248,-3.45486435264776,21.6895993535842,16.9758989702347,-4.71370038334955,5.63904685338828,6.89788288409007,1.25883603070179,0.0538482330536578,0.00879589692680854,-1.82671131850668,-0.819281512439065,-0.902530806996123,-0.380672955016484,-0.784503790391201,-1.72181231943519,36.5278269598389,0
ELSA,final,139,351139,wealth,26.6783851384929,22.7921519532119,-3.88623318528104,21.3717988295496,15.5935258570969,-5.77827297245264,5.30658630894336,7.19862609611496,1.8920397871716,0.0481289843539379,0.00499489587029916,-2.98518477419004,-1.01311786976095,-0.449025260752924,-0.306089274506506,-1.02485579324223,-1.46214313051387,25.3041546753588,-1.77635683940025e-15
ELSA,final,140,351140,education,26.0879277857238,24.2353201278083,-1.85260765791548,20.8593382154134,17.1328816439696,-3.72645657144376,5.22858957031034,7.10243848383862,1.87384891352828,0.0143053335466947,0.00434335124133701,-2.25576175822986,-0.501306381866534,-0.488126249277471,-0.225750323313743,-0.255511858756147,-0.989432631144005,26.5515674790399,2.22044604925031e-15
ELSA,final,140,351140,wealth,27.0973475739635,22.7980326421151,-4.29931493184835,21.2650820321837,15.5980577989286,-5.66702423325508,5.83226554177976,7.19997484318648,1.36770930140672,0.0248189727489541,0.00128240661154639,-2.79936770646693,-1.04550633960947,-0.429223578247517,-0.518269938828028,-0.874656670103137,-1.47472991785698,26.0230035580758,-1.77635683940025e-15
ELSA,final,141,351141,education,28.0447096987131,24.2885385299749,-3.7561711687382,21.8921724119029,16.9265795657847,-4.96559284611827,6.15253728681017,7.36195896419024,1.20942167738007,0.25466560854841,0.106745302116758,-2.14316603774325,-1.09059764694915,-0.745385394135262,-0.518005471997251,-0.468438295293361,-1.83598304108441,36.9740955003922,-8.88178419700125e-16
ELSA,final,141,351141,wealth,28.2337306341916,23.2483306455033,-4.98539998868833,21.3940317480481,15.7035095321084,-5.6905222159397,6.83969888614353,7.5448211133949,0.705122227251375,0.226011038340412,0.0640454516665029,-2.7131281189383,-1.16739303760135,-0.495134889570988,-0.522978265907695,-0.791887903921373,-1.66252792717233,29.2157356404906,1.77635683940025e-15
ELSA,final,142,351142,education,26.5434309419447,23.3681270236525,-3.17530391829213,21.118151058348,17.0880728767915,-4.03007818155657,5.42527988359663,6.28005414686107,0.854774263264442,0.0308367541146782,0.00462576804833432,-1.85868677024218,-0.518353151128155,-0.496139211339769,-0.327105392681552,-0.829793656164912,-1.01449236246792,25.17301939974,4.44089209850063e-15
ELSA,final,142,351142,wealth,26.8437863381872,22.3107388946,-4.53304744358725,21.0851790159288,15.66772226781,-5.41745674811887,5.75860732225839,6.64301662679001,0.884409304531623,0.0406252180242411,0.00211465147784105,-2.68049611752973,-0.858718969106459,-0.511675543421085,-0.512859787837421,-0.853706330224179,-1.37039451252754,25.2959013102115,-3.5527136788005e-15
ELSA,final,143,351143,education,26.9259394791033,23.6667915719556,-3.25914790714777,21.4799884635983,16.7901093696818,-4.68987909391646,5.44595101550502,6.87668220227371,1.43073118676869,0.045056483597327,0.0170816563243296,-2.05174807887316,-0.742510992285579,-0.546613812008909,-0.22784173042772,-1.1211644803211,-1.28912480429449,27.4873782133679,0
ELSA,final,143,351143,wealth,27.004523084278,22.5362025511377,-4.46832053314029,21.4556657969962,15.6772216784622,-5.77844411853399,5.54885728728179,6.85898087267548,1.31012358539369,0.040393706792206,0.00472560276496784,-2.71235418022601,-0.935049003175115,-0.629552868791982,-0.496576342264451,-1.00491172407642,-1.5646018719671,27.0765250969329,1.77635683940025e-15
ELSA,final,144,351144,education,27.3595071987398,24.2203527493799,-3.13915444935987,21.2022140986461,17.0947736646857,-4.10744043396037,6.15729310009373,7.12557908469423,0.968285984600498,0.0626615594674104,0.0183375034476788,-1.64684959200809,-0.69727723495625,-0.580377825225161,-0.263089923685799,-0.919845858085072,-1.27765506018141,31.1058694757383,-8.88178419700125e-16
ELSA,final,144,351144,wealth,27.2449538860363,22.6884721783063,-4.55648170772996,21.2556547801351,15.2047028761935,-6.05095190394154,5.98929910590121,7.48376930211279,1.49447019621158,0.050953558838058,0.0062299937523347,-2.96495912186776,-1.05336022304659,-0.476855771639251,-0.392910122820012,-1.16286666456793,-1.53021599468584,25.2888474239743,-7.105427357601e-15
ELSA,final,145,351145,education,26.4547228488803,23.7353208967521,-2.71940195212815,20.9120437044659,16.8405071614176,-4.07153654304833,5.54267914441434,6.89481373533452,1.35213459092018,0.099863640273216,0.0415101501711405,-1.55799850810498,-0.831902716929372,-0.827613614259749,-0.316230267834576,-0.537791435919653,-1.65951633118912,40.7589693385548,-4.44089209850063e-15
ELSA,final,145,351145,wealth,27.1112286606254,22.5404419757105,-4.57078668491486,21.1165954788204,15.2762687359002,-5.84032674292013,5.99463318180501,7.26417323981028,1.26954005800527,0.0883472892206732,0.0161629757327857,-2.72896368781174,-1.06813301252586,-0.557443495384302,-0.420740548093633,-1.06504599910459,-1.62557650791017,27.8336569076508,0
ELSA,final,146,351146,education,26.7764341599681,23.8838118982523,-2.89262226171581,20.7606255602031,16.5613055456883,-4.19932001451475,6.015808599765,7.32250635256394,1.30669775279894,0.0712541172140483,0.0301033963109716,-1.7257845036222,-0.7069833324758,-0.668892723944777,-0.198889025922058,-0.898770428549907,-1.37587605642058,32.7642583005089,1.77635683940025e-15
ELSA,final,146,351146,wealth,27.1862788335757,22.6597751328549,-4.52650370072082,21.0733476614058,14.9819409958645,-6.09140666554134,6.11293117216989,7.67783413699042,1.56490296482053,0.0677958024469319,0.0100298380886502,-3.18410584265056,-0.954823261539295,-0.611841794580094,-0.446623268960844,-0.894012497810547,-1.56666505611939,25.7192655512872,2.66453525910038e-15
ELSA,final,147,351147,education,27.5346275120292,23.4331259876164,-4.10150152441279,21.6143218503936,16.8239492452541,-4.7903726051395,5.92030566163559,6.60917674236229,0.688871080726702,0.0604086923344516,0.00795388232423647,-1.93531114141362,-0.64883211552354,-0.665328330652816,-0.421401362857301,-1.11949965469222,-1.31416044617636,27.4333659299575,-2.66453525910038e-15
ELSA,final,147,351147,wealth,27.1873060621521,22.2469827006285,-4.94032336152364,21.4219865363271,15.2317167604059,-6.19026977592121,5.76531952582502,7.01526594022259,1.24994641439758,0.0388133002115979,0.00171960963748041,-2.88599520684894,-0.892797130791534,-0.730008239499758,-0.47060718157492,-1.21086201720606,-1.62280537029129,26.215422413473,-1.77635683940025e-15
ELSA,final,148,351148,education,26.6733372320563,23.853124084143,-2.82021314791329,21.2936675481818,16.9623369684747,-4.33133057970707,5.37966968387448,6.89078711566826,1.51111743179378,0.051013974586639,0.0170171739378958,-2.0916678155921,-0.604560820653598,-0.686656283308577,-0.2981242687767,-0.6503213913761,-1.29121710396217,29.8110956945129,3.5527136788005e-15
ELSA,final,148,351148,wealth,27.4334670790567,22.4825564920491,-4.95091058700765,21.4113282570197,15.5431924427919,-5.86813581422778,6.022138822037,6.93936404925712,0.917225227220126,0.0614048725968571,0.0066969542527916,-2.42823164456353,-1.02632242069023,-0.722372787654989,-0.539255023273157,-1.15195393804588,-1.74869520834522,29.799842125422,-8.88178419700125e-15
ELSA,final,149,351149,education,26.7104041241552,24.2941645718675,-2.41623955228773,21.2919557457091,17.3567435276845,-3.93521221802465,5.41844837844607,6.93742104418299,1.51897266573692,0.0367189919931953,0.0146831016105316,-2.06950423778433,-0.475607772701139,-0.552216826111825,-0.174087422683431,-0.663795958743919,-1.02782459881296,26.1186574412726,3.10862446895044e-15
ELSA,final,149,351149,wealth,26.4823314385841,22.9934868906146,-3.48884454796946,20.9954636255071,15.9494562860953,-5.04600733941184,5.48686781307697,7.04403060451936,1.55716279144239,0.0302819941293365,0.0046391601612077,-2.80615297554332,-0.782197695605624,-0.513740068381587,-0.369161069546624,-0.574755530334689,-1.29593776398721,25.6824391408488,-3.5527136788005e-15
ELSA,final,150,351150,education,27.2176168705564,23.8044937319263,-3.41312313863012,21.8737576766841,16.8826961166493,-4.99106156003475,5.34385919387232,6.92179761527695,1.57793842140463,0.0878581329844406,0.0237997003698429,-2.60674042192044,-0.472820751669631,-0.746146475054303,-0.247576689464915,-0.917777221925471,-1.21896722672393,24.4230052477142,-7.105427357601e-15
ELSA,final,150,351150,wealth,27.6412733752938,22.8115410781994,-4.82973229709447,21.6789780790839,15.6765145043953,-6.00246357468858,5.96229529620991,7.13502657380402,1.1727312775941,0.0822676881209529,0.00624375058512093,-3.30302072834312,-0.937700914150882,-0.502031177899279,-0.530389723259198,-0.729321031036088,-1.43973209205016,23.9856864458333,4.44089209850063e-15
ELSA,final,151,351151,education,27.1184375487734,23.7144248132963,-3.40401273547706,22.290011316252,16.9443229938635,-5.34568832238846,4.82842623252145,6.77010181943284,1.94167558691139,0.0474570816117055,0.00499293501553727,-2.68584830178892,-0.60814692559258,-0.78967603382715,-0.306230714651552,-0.955786346528258,-1.39782295941973,26.1486056634739,8.88178419700125e-16
ELSA,final,151,351151,wealth,27.4557737991422,22.5161986321268,-4.93957516701543,21.7535524557644,15.2762670106598,-6.47728544510458,5.70222134337777,7.23993162146692,1.53771027808915,0.0502534411263741,0.00191330191341014,-3.37671775843428,-0.904152233391702,-0.5850460659964,-0.511754791700715,-1.09961459558148,-1.4891982993881,22.9910864977182,-8.88178419700125e-16
ELSA,final,152,351152,education,25.6997198122407,24.0370869854996,-1.6626328267411,20.8499371424941,17.0503022814537,-3.79963486104047,4.84978266974656,6.98678470404593,2.13700203429937,0.0516546366582629,0.0205256135102019,-2.3500177214967,-0.645305684633966,-0.587723064620643,-0.118728106344586,-0.0978602839445762,-1.23302874925461,32.451243194378,-8.88178419700125e-16
ELSA,final,152,351152,wealth,26.3875327720277,22.8151398451273,-3.57239292690041,20.923718102998,15.6621933291211,-5.26152477387696,5.46381466902965,7.1529465160062,1.68913184697655,0.0401572226377882,0.00534245999995799,-2.73010986479732,-0.868817314200925,-0.623936923418239,-0.294542775291044,-0.74411789616943,-1.49275423761916,28.3711338779695,-8.88178419700125e-16
ELSA,final,153,351153,education,26.3068680355692,23.8910657844782,-2.41580225109105,21.3471121428492,17.0337667329076,-4.31334540994155,4.95975589272005,6.85729905157054,1.8975431588505,0.0142640127140796,0.00325120469671225,-1.96855733624205,-0.71343636485264,-0.655554750683694,-0.183576403110585,-0.792220555052578,-1.36899111553633,31.738499596648,1.77635683940025e-15
ELSA,final,153,351153,wealth,26.5165850224105,22.715616705325,-3.80096831708551,21.0757911256853,15.462613404134,-5.61317772155124,5.44079389672525,7.25300330119099,1.81220940446574,0.0240981059774822,0.00418734247478386,-2.84527882203005,-0.896206619478013,-0.467010140007938,-0.32652680811277,-1.07815533192247,-1.36321675948595,24.286007447297,2.66453525910038e-15
ELSA,final,154,351154,education,26.9719971319341,23.7535589811224,-3.21843815081179,21.4251254386621,16.9534040869501,-4.4717213517119,5.54687169327209,6.80015489417221,1.25328320090012,0.0448359014038101,0.00910067753886842,-1.33460826226816,-0.99692943051521,-0.79667759830111,-0.326237549190704,-1.01726851143673,-1.79360702881632,40.109990935139,-1.77635683940025e-15
ELSA,final,154,351154,wealth,26.721340287249,22.8827269089924,-3.8386133782566,21.2596329031054,15.396513190766,-5.86311971233933,5.46170738414367,7.4862137182264,2.02450633408273,0.0432980622732943,0.00342572013488459,-2.954291846011,-1.07001920657307,-0.480852591893035,-0.296302188870552,-1.06165387899167,-1.55087179846611,26.4513070610206,0
ELSA,final,155,351155,education,27.1335440603936,23.8244137742975,-3.30913028609612,21.8313626188207,17.2060983585076,-4.62526426031303,5.30218144157297,6.61831541578988,1.31613397421691,0.0319465253001578,0.00384017886709657,-1.87690719982724,-0.920357975201726,-0.594681525996207,-0.347835656731265,-0.885481902556593,-1.51503950119793,32.7557392600828,0
ELSA,final,155,351155,wealth,27.0410251124425,22.3456560812079,-4.69536903123461,21.4497320414938,15.5609521616216,-5.88877987987218,5.59129307094872,6.78470391958629,1.19341084863757,0.033222621976004,0.00151512061907002,-2.58887599194318,-0.968023131011064,-0.470150946027265,-0.384288105716788,-1.47744170517389,-1.43817407703833,24.4222760296067,-2.66453525910038e-15
ELSA,final,156,351156,education,26.2628948590736,23.3603604252324,-2.90253443384111,20.8846293556408,16.8731311791761,-4.01149817646472,5.37826550343274,6.48722924605635,1.10896374262361,0.0180786428148861,0.00255227077773603,-1.63559856557326,-0.632231461593138,-0.547023353341808,-0.212243590888633,-0.984401205067885,-1.17925481493495,29.3968677800624,-1.77635683940025e-15
ELSA,final,156,351156,wealth,26.7178229700447,22.27665740405,-4.44116556599471,21.1222929292431,15.4334743574353,-5.68881857180777,5.59553004080166,6.84318304661472,1.24765300581307,0.0305069156965759,0.00099501729454993,-3.03178632217014,-0.777387132404237,-0.441055175590969,-0.440973807867145,-0.99761613377528,-1.21844230799521,21.4181959332202,0
ELSA,final,157,351157,education,26.2552423624052,23.5341503381505,-2.72109202425476,21.2374785769439,16.8338260064426,-4.40365257050132,5.01776378546134,6.70032433170791,1.68256054624657,0.0252874533435327,0.00348872062224127,-2.00629402115703,-0.81965181718535,-0.692153549435757,-0.31729313893913,-0.568260043784055,-1.51180536662111,34.3307139338878,-1.77635683940025e-15
ELSA,final,157,351157,wealth,26.879206858675,22.794447332704,-4.08475952597102,21.1533335686743,15.6368778118804,-5.51645575679395,5.72587329000071,7.15756952082364,1.43169623082293,0.0288284067655529,0.00129641447088624,-2.77022724584001,-0.99322190205119,-0.571598632484445,-0.475099610562839,-0.706308365855463,-1.56482053453564,28.3664113975434,2.66453525910038e-15
ELSA,final,158,351158,education,27.6791051502064,24.3502907873745,-3.32881436283186,21.7676310477826,17.3935081983278,-4.3741228494548,5.91147410242378,6.95678258904672,1.04530848662294,0.0942557394120974,0.036319717856819,-1.56685845789727,-0.701825681563938,-0.863723314311305,-0.285851529645272,-0.955863866037011,-1.56554899587524,35.7911528724068,8.88178419700125e-16
ELSA,final,158,351158,wealth,27.3266044384794,23.0436702524303,-4.28293418604903,21.39609961207,15.7792724461918,-5.61682716587819,5.93050482640934,7.2643978062385,1.33389297982916,0.0636061635745807,0.00857359299736206,-2.85300313797574,-1.11957628441604,-0.58191424550226,-0.508903542118778,-0.553429955865371,-1.7014905299183,30.2927343083428,1.77635683940025e-15
ELSA,final,159,351159,education,25.992139881403,23.9003972924234,-2.09174258897957,21.0022873730239,17.3270164163952,-3.67527095662865,4.98985250837913,6.57338087602821,1.58352836764908,0.0193053166685091,0.0026310168837942,-2.10917257831939,-0.568832306477686,-0.599688604167267,-0.305374917646267,-0.0922025500180395,-1.16852091064495,31.7941431920123,8.88178419700125e-16
ELSA,final,159,351159,wealth,26.6650163840648,22.4079404721195,-4.25707591194531,21.0583150931534,15.739614468635,-5.31870062451838,5.60670129091139,6.66832600348447,1.06162471257308,0.0263644290583409,0.00152173671291418,-2.65524675211297,-0.794580255328682,-0.673444767549892,-0.56918877316298,-0.626240076363862,-1.46802502287857,27.6011967304798,-2.66453525910038e-15
ELSA,final,160,351160,education,26.6054494874588,23.5161871927563,-3.08926229470247,21.5933989975092,17.0245031586613,-4.56889583884794,5.01205048994955,6.49168403409502,1.47963354414547,0.027402480069312,0.00408931785879899,-2.18221473589048,-0.519546782712188,-0.628187974437029,-0.190757688801895,-1.04818865700634,-1.14773475714922,25.120615519189,0
ELSA,final,160,351160,wealth,26.2868638571654,22.5923768664972,-3.69448699066821,21.0106129977228,15.7498021836709,-5.26081081405187,5.27625085944261,6.84257468282626,1.56632382338366,0.0240812728089796,0.00154057897536807,-2.94153747427616,-0.981675126925181,-0.447576958103212,-0.469537132123173,-0.420484122624145,-1.42925208502839,27.1679050159111,-4.44089209850063e-15
ELSA,final,161,351161,education,26.6404432134395,24.0167138462829,-2.62372936715652,21.8212361503107,17.2331345340605,-4.58810161625019,4.8192070631288,6.78357931222246,1.96437224909366,0.0108823991062892,0.00124273271671358,-2.16405739512101,-0.86372554274506,-0.567292739255404,-0.199658264613432,-0.793367674515285,-1.43101828200046,31.1897687037285,0
ELSA,final,161,351161,wealth,26.676014985727,23.125933900973,-3.55008108475392,21.432562329101,16.0809486686505,-5.35161366045052,5.24345265662591,7.04498523232252,1.80153257569661,0.0203046580734221,0.00136367328699056,-2.77082356914097,-0.931684114153014,-0.474482576996095,-0.339028460356744,-0.835594939803695,-1.40616669114911,26.2755643506361,1.77635683940025e-15
ELSA,final,162,351162,education,27.1479173111777,23.6722556260543,-3.47566168512342,21.6943305862152,16.9626343345398,-4.73169625167537,5.45358672496255,6.70962129151451,1.25603456655196,0.0162068033366596,0.00117871701952557,-1.84555466217298,-0.940194242756522,-0.688857801012695,-0.45879037194023,-0.798299173792946,-1.62905204376922,34.4284999949524,8.88178419700125e-16
ELSA,final,162,351162,wealth,27.3359062620442,22.2688494853699,-5.06705677667434,21.5508482273709,15.4991160669746,-6.05173216039627,5.78505803467334,6.76973341839527,0.984675383721938,0.0232570880252365,0.00040870265100693,-3.01023277574916,-0.871910494558691,-0.458628866646657,-0.625462244701975,-1.08549777873978,-1.33053936120535,21.9860913526983,1.77635683940025e-15
ELSA,final,163,351163,education,26.3978427394775,23.9424203473044,-2.45542239217308,21.2100333067294,16.9388384493531,-4.27119485737639,5.18780943274802,7.00358189795134,1.81577246520332,0.0113678530069363,0.00128567037072329,-2.24936540347123,-0.740206314559915,-0.493745058804551,-0.214758544488764,-0.573119536051934,-1.23395137336447,28.8900744304236,0
ELSA,final,163,351163,wealth,27.0805758652856,22.6509621799115,-4.42961368537405,21.0182095628269,15.5937477458492,-5.42446181697775,6.06236630245867,7.05721443406237,0.994848131603704,0.0270546479623534,0.000799586372533172,-2.88319043769088,-0.845880251292962,-0.368751312563628,-0.529101142009532,-0.797538673420753,-1.21463156385659,22.3917432703642,8.88178419700125e-16
ELSA,final,164,351164,education,26.5469791686246,23.6095800218329,-2.93739914679169,21.5004270311788,16.8979696796335,-4.60245735154535,5.04655213744576,6.71161034219942,1.66505820475366,0.0649783481016527,0.0151330477511171,-2.24872984212721,-0.665886080673489,-0.699120897572485,-0.250118366694447,-0.738602164477721,-1.36500697824597,29.658221119369,-3.5527136788005e-15
ELSA,final,164,351164,wealth,27.1608089071403,22.2896160445905,-4.87119286254972,21.7043260687001,15.263355458345,-6.44097061035507,5.45648283844016,7.02626058624551,1.56977774780535,0.0682996195228653,0.00448965469391011,-3.37408141403853,-1.11062208922674,-0.536561833178595,-0.507847541968847,-0.911857731942355,-1.64718392240534,25.5735357611659,-2.66453525910038e-15
ELSA,final,165,351165,education,27.7063573054746,23.6755656411996,-4.030791664275,21.2858251738871,16.9340901050318,-4.35173506885538,6.4205321315875,6.74147553616788,0.320943404580378,0.0470988922894894,0.00438306654946263,-1.752364886542,-0.583370630512789,-0.543029024385967,-0.511203204881555,-0.961767322533058,-1.12639965489876,25.8839207138368,3.5527136788005e-15
ELSA,final,165,351165,wealth,26.9157431930023,22.673093826392,-4.24264936661032,21.0413735267628,15.5085826695654,-5.53279085719735,5.87436966623953,7.16451115682656,1.29014149058703,0.0330096963270214,0.00171275220971599,-2.55535852298922,-1.02378309348889,-0.552991158299419,-0.465222545343873,-0.935435537075958,-1.57677425178831,28.4987141658744,-4.44089209850063e-15
ELSA,final,166,351166,education,26.8223974517243,23.5640065404426,-3.25839091128164,21.8655332565289,16.9983316766151,-4.8672015799138,4.95686419519538,6.56567486382753,1.60881066863216,0.056079274457992,0.00950406708392731,-2.33196844130398,-0.749298779025787,-0.729378004093719,-0.330731718413469,-0.725824637076847,-1.47867678311951,30.3804302912331,-2.66453525910038e-15
ELSA,final,166,351166,wealth,26.7586013285411,22.5234514543567,-4.23514987418436,21.6670721952217,15.5878496077142,-6.07922258750749,5.09152913331933,6.93560184664246,1.84407271332313,0.0622850859039111,0.00556497856238529,-3.12884557503111,-0.914305078043676,-0.668873945230582,-0.356684018177311,-1.0105139710248,-1.58317902327426,26.0424585625079,7.105427357601e-15
ELSA,final,167,351167,education,27.4301390539969,24.018512887282,-3.41162616671486,21.7985756577798,16.9385475751096,-4.86002808267022,5.63156339621703,7.07996531217239,1.44840191595536,0.0638120956625486,0.0204858734553017,-1.91147390841759,-0.912266066055188,-0.780022089938643,-0.241213231563848,-1.01505278669495,-1.69228815599383,34.8205427460009,0
ELSA,final,167,351167,wealth,27.3698950237956,22.103107269743,-5.26678775405256,21.3047730385209,15.1541130586797,-6.15065997984121,6.06512198527463,6.94899421106327,0.883872225788648,0.060374915553944,0.00421479325683437,-2.80587492024325,-1.13637328743844,-0.574847312904892,-0.544313879311364,-1.08925057994326,-1.71122060034333,27.8217395523709,1.77635683940025e-15
ELSA,final,168,351168,education,26.8061097539244,23.9740306571457,-2.8320790967787,21.184758855894,17.1317679342208,-4.05299092167319,5.6213508980304,6.84226272292489,1.22091182489449,0.105153600155446,0.0430105925587603,-1.79287427340936,-0.722076881359436,-0.596448020580062,-0.259294170527188,-0.68229757579714,-1.3185249019395,32.5321454555633,1.77635683940025e-15
ELSA,final,168,351168,wealth,26.9099203348418,22.7715227621374,-4.13839757270441,20.913763095424,15.6319011820699,-5.28186191335412,5.99615723941781,7.13962158006752,1.1434643406497,0.105284777311222,0.0235834080169873,-2.84014988645508,-0.794472752205639,-0.419452297444957,-0.374167664472811,-0.85361931277563,-1.2139250496506,22.9829001508243,8.88178419700125e-16
ELSA,final,169,351169,education,27.5933745297735,23.5696705050026,-4.02370402477094,22.1975764528444,16.8142550944217,-5.38332135842263,5.39579807692918,6.75541541058086,1.35961733365168,0.0353927692560254,0.00267630390222708,-2.35625406082558,-0.463162562476692,-0.70096351739348,-0.327075722272345,-1.53586549545453,-1.16412607987017,21.6246811654446,2.66453525910038e-15
ELSA,final,169,351169,wealth,26.8251932433485,22.4054856683317,-4.41970757501672,21.1975023247385,15.5104170780698,-5.68708524666873,5.62769091860996,6.89506859026197,1.26737767165201,0.0257998529188447,0.00111690803609056,-2.86951908080963,-0.718483163822381,-0.459961613566893,-0.44941890132207,-1.18970248714775,-1.17844477738927,20.7214192556646,8.88178419700125e-16
ELSA,final,170,351170,education,28.5477219179851,24.0669162424218,-4.48080567556326,21.8613635611134,17.3330475145524,-4.52831604656093,6.6863583568717,6.73386872786937,0.0475103709976708,0.0902413969244853,0.011422666319705,-1.49085244680797,-0.847988355716439,-0.631617040810703,-0.620218867330935,-0.937639335894881,-1.47960539652714,32.6745170017637,-2.66453525910038e-15
ELSA,final,170,351170,wealth,27.8734146009932,23.1681166465487,-4.70529795444448,21.7776699560217,15.920065780444,-5.85760417557772,6.09574464497142,7.24805086610466,1.15230622113324,0.0358182374580646,0.00267392613867638,-2.71905716212336,-0.96919135490548,-0.541779012380887,-0.448820922316898,-1.1787557238511,-1.51097036728637,25.7950233917495,-2.66453525910038e-15
ELSA,final,171,351171,education,26.726337832665,23.7015240685785,-3.0248137640865,21.0346270914433,16.8609715094802,-4.17365558196307,5.69171074122174,6.84055255909832,1.14884181787657,0.00777078971316568,0.000696201512598284,-1.50935191464356,-0.681569897825035,-0.798654982024579,-0.342303041312696,-0.841775746157203,-1.48022487984961,35.4659087406871,0
ELSA,final,171,351171,wealth,27.1134287294358,22.2984152537451,-4.81501347569061,21.4312946471473,15.0973298324859,-6.33396481466135,5.68213408228847,7.20108542125921,1.51895133897074,0.00701721689670039,7.40116679978025e-05,-2.93532447706386,-1.17298926748883,-0.642360606917953,-0.583984745241359,-0.999305717949357,-1.81534987440678,28.6605613944169,-1.77635683940025e-15
ELSA,final,172,351172,education,27.1196100293468,24.3997394342232,-2.71987059512365,21.3315536061093,17.0661002654396,-4.26545334066975,5.78805642323748,7.33363916878358,1.54558274554611,0.125374655596477,0.0469829846764387,-2.24076730215661,-0.644130040641711,-0.632988507110483,-0.420672740291635,-0.326894750469312,-1.27711854775219,29.9409803777543,1.77635683940025e-15
ELSA,final,172,351172,wealth,27.5262994104188,23.1317279926757,-4.39457141774307,21.1588919553704,15.2212830873795,-5.93760886799087,6.36740745504838,7.91044490529619,1.54303745024781,0.12134602203134,0.0270299194323682,-3.07656596433316,-1.08226465898367,-0.472298565632656,-0.470094733441078,-0.836384945600311,-1.55456322461632,26.181637409578,1.77635683940025e-15
ELSA,final,173,351173,education,27.9596450090499,23.5441592331413,-4.41548577590865,22.1605632421618,16.9127979345151,-5.24776530764671,5.79908176688813,6.63136129862619,0.832279531738065,0.0873687437465579,0.00697657420493215,-1.94451593040624,-0.801314669691804,-0.930209483102651,-0.750333951602577,-0.821391272843438,-1.73152415279446,32.9954571381344,8.88178419700125e-16
ELSA,final,173,351173,wealth,26.8188911711795,22.6632380741781,-4.15565309700141,21.0507462059233,15.6846949940463,-5.36605121187706,5.76814496525615,6.97854308013181,1.21039811487565,0.0315529355101611,0.00123026276199848,-2.67717145870312,-0.979833857172564,-0.465801685251519,-0.511414275912621,-0.731829934837236,-1.44563554242408,26.9403977961365,-8.88178419700125e-16
ELSA,final,174,351174,education,27.7500297093558,23.7092171415422,-4.04081256781358,21.9274576514562,16.8606193057625,-5.06683834569373,5.82257205789955,6.8485978357797,1.02602577788015,0.0895902565139821,0.0280330993227115,-1.79176887728922,-0.746938091657004,-0.806904389999501,-0.216300207170968,-1.50492677957704,-1.5538424816565,30.666904598942,-8.88178419700125e-16
ELSA,final,174,351174,wealth,27.8636073184629,22.6123466218672,-5.2512606965957,21.6683137253897,15.4217278223192,-6.24658590307057,6.19529359307314,7.19061879954802,0.995325206474877,0.0949803564635335,0.0131914564018529,-2.90190820145148,-1.00354871473811,-0.662622812708573,-0.494582754750686,-1.18392341942172,-1.66617152744669,26.6733148843381,-1.77635683940025e-15
ELSA,final,175,351175,education,26.0591936932071,23.8469284180669,-2.21226527514026,21.0113657248334,17.1660575918536,-3.84530813297975,5.04782796837375,6.68087082621324,1.63304285783948,0.0376684280532617,0.00927458342683448,-1.86067111735133,-0.50935608744119,-0.920779905733577,-0.255312034894413,-0.299188987559245,-1.43013599317477,37.1917137383356,-3.10862446895044e-15
ELSA,final,175,351175,wealth,26.614865533794,22.8584788317736,-3.7563867020204,21.0847127398791,15.7837121995994,-5.30100054027973,5.53015279391486,7.07476663217419,1.54461383825933,0.0628696845052216,0.00858972109719401,-3.04396996338753,-0.801810999379709,-0.50090361033914,-0.355389037520492,-0.598926929652861,-1.30271460971885,24.5748816628135,8.88178419700125e-16
ELSA,final,176,351176,education,26.2298448869895,24.7229015399251,-1.50694334706443,20.46097157828,16.9811566929668,-3.47981488531315,5.76887330870954,7.74174484695827,1.97287153824873,0.0974290969346639,0.0696866295102794,-1.554496937334,-0.746864553584563,-0.696088381427396,-0.208864065685828,-0.273500947281364,-1.44295293501196,41.4663705561483,-4.44089209850063e-16
ELSA,final,176,351176,wealth,27.4220807548718,23.5976687854062,-3.82441196946557,20.772266562325,15.7136693183974,-5.05859724392757,6.6498141925468,7.8839994670088,1.23418527446201,0.109306088634352,0.0416505418418864,-2.36974100801038,-0.875675311312604,-0.479686876723239,-0.402188525142102,-0.93130552273925,-1.35536218803584,26.7932417363893,8.88178419700125e-16
ELSA,final,177,351177,education,27.5001060806333,24.3185494306615,-3.18155664997181,21.7989918561572,17.5179433179041,-4.28104853825314,5.70111422447609,6.80060611275742,1.09949188828133,0.0674698533291752,0.0136763203769775,-1.91942277328242,-0.56724471901307,-0.643447417295737,-0.381420350264307,-0.769513278397603,-1.21069213630881,28.2802711880212,8.88178419700125e-16
ELSA,final,177,351177,wealth,27.3268826014099,23.5598289399505,-3.76705366145939,21.3302696528309,16.0420855564825,-5.28818409634834,5.99661294857905,7.517743383468,1.52113043488895,0.0648283357493207,0.0108007952541578,-2.60019713204544,-0.916791438699186,-0.589003973521116,-0.372393497505695,-0.809798054576906,-1.5057954122203,28.4747161745012,-2.66453525910038e-15
ELSA,final,178,351178,education,26.2301976331665,23.7405995616253,-2.48959807154123,21.121195191923,17.003197891528,-4.11799730039502,5.10900244124355,6.73740167009733,1.62839922885378,0.048318817252375,0.0142864854188212,-1.64154479776287,-0.851048661631318,-0.857889690697863,-0.220654861638343,-0.546859288664623,-1.70893835232918,41.4992586849256,-1.77635683940025e-15
ELSA,final,178,351178,wealth,27.4900901846103,22.2124560405044,-5.27763414410586,21.4388188450116,15.528748567622,-5.91007027738961,6.05127133959869,6.68370747288244,0.632436133283747,0.0541583816195578,0.00261749550321866,-2.57536538575063,-0.96666702771502,-0.552816681267149,-0.569484693098333,-1.24573648955847,-1.51948370898217,25.7100785213218,-2.66453525910038e-15
ELSA,final,179,351179,education,27.2886028570412,23.6847138788703,-3.60388897817089,21.68019800935,16.9366277079645,-4.74357030138546,5.60840484769122,6.7480861709058,1.13968132321457,0.100580048394533,0.0250204682748446,-2.25265605604759,-0.694503308977231,-0.450690130885581,-0.286091717513238,-1.05962908796183,-1.14519343986281,24.1420147083797,-8.88178419700125e-16
ELSA,final,179,351179,wealth,27.1978788405468,22.8613890462776,-4.33648979426919,21.0076607216704,15.6218858139974,-5.38577490767297,6.19021811887636,7.23950323228014,1.04928511340378,0.086256536078194,0.00953826365584317,-2.80401434153944,-0.829934733430364,-0.567833601018131,-0.480103134026946,-0.703889097658084,-1.3977683344485,25.9529660709944,8.88178419700125e-16
ELSA,final,180,351180,education,27.0049190504811,23.8324748058543,-3.17244424462678,21.8754022871056,17.355404624702,-4.51999766240364,5.12951676337541,6.47707018115228,1.34755341777686,0.0421537292214337,0.00711047280084083,-1.72658769806823,-0.846535186399337,-0.883303110270861,-0.346497021103131,-0.717074646562088,-1.7298382966702,38.2707785682859,-4.44089209850063e-15
ELSA,final,180,351180,wealth,26.7641140953277,22.7741364371996,-3.98997765812807,21.4385593068762,15.7221615987657,-5.71639770811044,5.3255547884515,7.05197483843387,1.72642004998237,0.0272434331684158,0.00223204909947665,-2.96244355718319,-0.894680947018846,-0.689624973501397,-0.396575529509796,-0.773072700897216,-1.58430592052024,27.7151101343496,-1.77635683940025e-15
ELSA,final,181,351181,education,27.382280270822,23.328301103206,-4.05397916761594,21.6123788652891,16.6412377083154,-4.97114115697373,5.76990140553288,6.68706339489068,0.917161989357797,0.143051058368425,0.0364325760011721,-2.14686141629478,-0.686907304815553,-0.742983747343783,-0.364680995432124,-1.02970769308749,-1.42989105215934,28.7638392676382,-8.88178419700125e-16
ELSA,final,181,351181,wealth,27.4777885903749,22.0075760780271,-5.47021251234773,21.3302802732254,15.3971223359468,-5.93315793727858,6.14750831714947,6.61045374208032,0.462945424930849,0.097008217423397,0.00738103148633251,-2.94537387497609,-0.854400779979772,-0.487182001781735,-0.565496463725398,-1.08070481681558,-1.34158278176151,22.6116141849557,-8.88178419700125e-16
ELSA,final,182,351182,education,27.2343578246359,23.7379589604513,-3.49639886418459,21.423418199437,17.0959767739458,-4.32744142549116,5.81093962519894,6.64198218650551,0.831042561306569,0.0889137925762685,0.022865887620583,-1.93164652447934,-0.757061644133313,-0.516347459985945,-0.49963746540326,-0.622748331489309,-1.27340910411926,29.4263741299451,8.88178419700125e-16
ELSA,final,182,351182,wealth,27.1777050236413,22.134356825321,-5.04334819832028,21.2859805137887,15.1513408210272,-6.13463969276154,5.89172450985256,6.98301600429382,1.09129149444127,0.0866926832738029,0.015550190851671,-3.14208888802428,-0.864467234282664,-0.40135608353506,-0.482146669699539,-1.24458081722,-1.26582331781772,20.6340287484416,8.88178419700125e-16
ELSA,final,183,351183,education,27.0808953566966,24.0586253302212,-3.0222700264753,21.2998390329824,16.9391203188797,-4.36071871410275,5.78105632371412,7.11950501134156,1.33844868762744,0.0943082835160996,0.0402416416781981,-2.23152826751358,-0.674962548642526,-0.396994341598236,-0.194351317463135,-0.86288223888527,-1.07195689024076,24.5821150255349,-8.88178419700125e-16
ELSA,final,183,351183,wealth,27.1814610481657,22.3387392930548,-4.8427217551109,21.2053826794209,15.3357600357542,-5.86962264366666,5.97607836874478,7.00297925730055,1.02690088855576,0.0875345167150821,0.0111750802436686,-2.81573970132227,-1.02674962163443,-0.529491851446286,-0.497145113314351,-1.00049635594932,-1.55624147308072,26.5134842145246,-8.88178419700125e-16
ELSA,final,184,351184,education,27.4424608899895,23.6876019709833,-3.75485891900612,21.7920237154598,16.7884570079178,-5.00356670754194,5.65043717452971,6.89914496306552,1.24870778853581,0.076276669291677,0.0221492383887876,-2.21747485035992,-0.688557299885904,-0.683211458519076,-0.468581977983336,-0.945741120793704,-1.37176875840498,27.4158183269006,8.88178419700125e-16
ELSA,final,184,351184,wealth,27.0495096584133,22.2956900657292,-4.75381959268408,21.1082183945546,15.0624695325309,-6.04574886202376,5.94129126385862,7.2332205331983,1.29192926933968,0.0641205381628923,0.00883260528443686,-2.84037348237373,-1.04177360437365,-0.698277212607138,-0.596978631492152,-0.868345931177088,-1.74005081698079,28.7813942770743,0
ELSA,final,185,351185,education,25.6260291086543,23.6301430751549,-1.99588603349933,20.8672429841082,16.7266601114233,-4.14058287268492,4.75878612454605,6.90348296373164,2.14469683918559,0.0100897748715226,0.00263395905787117,-1.64059470146366,-0.995229838996942,-0.904662393229174,-0.197215657311599,-0.402880281683536,-1.89989223222612,45.8846565965277,1.77635683940025e-15
ELSA,final,185,351185,wealth,26.5219027948634,22.3648180033718,-4.15708479149154,20.7771823989632,15.2187934531094,-5.55838894585375,5.74472039590021,7.14602455026242,1.40130415436221,0.0107664918426935,0.000495646182049792,-2.77299434521381,-0.862704694353557,-0.56681336620149,-0.449041467012697,-0.906835073072192,-1.42951806055505,25.7182085399293,6.21724893790088e-15
ELSA,final,186,351186,education,26.1252559454689,23.2006350789498,-2.92462086651906,20.823140105234,16.4449479432272,-4.37819216200679,5.30211584023487,6.75568713572259,1.45357129548773,0.0145738584876547,0.00152380781955189,-2.10992070788476,-0.707863534483036,-0.654943261426521,-0.410456152755409,-0.49500850545707,-1.36280679590956,31.1271580936023,-2.66453525910038e-15
ELSA,final,186,351186,wealth,26.3763915169308,21.5679149328363,-4.80847658409451,21.1180212271194,14.6835343736364,-6.43448685348301,5.25837028981136,6.88438055919985,1.62601026938849,0.00944477220490991,0.000256291389729908,-3.24453634102449,-0.960193157417103,-0.580436390685111,-0.541075919977011,-1.10824504437929,-1.54062954810221,23.9433164319586,-8.88178419700125e-16
ELSA,final,187,351187,education,27.4740735151635,25.3066511734757,-2.16742234168788,21.5413080016568,17.3269239979692,-4.21438400368756,5.93276551350677,7.97972717550645,2.04696166199968,0.13517968103837,0.0899036575585765,-2.08589349678549,-0.837906902217727,-0.639692997510128,-0.194344231857901,-0.456546375316312,-1.47759989972785,35.0608748143255,1.77635683940025e-15
ELSA,final,187,351187,wealth,27.915894783464,23.3911006007753,-4.52479418268874,21.325089212189,15.6999786489147,-5.62511056327427,6.59080557127504,7.69112195186056,1.10031638058553,0.130244266835704,0.0311189457478361,-2.8372909331209,-1.06649491568518,-0.565159296199887,-0.547358234414061,-0.608807183854234,-1.63165421188507,29.006615843926,8.88178419700125e-16
ELSA,final,188,351188,education,26.989030554562,23.5416036235699,-3.44742693099205,21.4846042948178,16.6651271667332,-4.81947712808453,5.50442625974418,6.87647645683665,1.37205019709248,0.0384851547188023,0.00715606420987517,-2.03818372301074,-0.74106149153636,-0.662978140281211,-0.301899957497172,-1.07535381575905,-1.40403963181757,29.1326132379758,0
ELSA,final,188,351188,wealth,27.2848062161204,22.3535516299217,-4.93125458619871,21.4008943175015,15.3858652408612,-6.0150290766403,5.88391189861887,6.96768638906046,1.0837744904416,0.0320974398028322,0.00117857469218686,-2.98014606755152,-0.840288589914969,-0.575293079008482,-0.557034209978173,-1.06226713018717,-1.41558166892345,23.5340785703088,-5.32907051820075e-15
ELSA,final,189,351189,education,26.5715252802488,23.8956118826387,-2.67591339761004,21.1947221985965,17.178456544517,-4.01626565407945,5.37680308165229,6.7171553381217,1.34035225646941,0.073555179959976,0.0184362822672598,-2.37285949652433,-0.464316828596273,-0.614032549902522,-0.392574451904071,-0.17248232715225,-1.07834937849879,26.849553076836,8.88178419700125e-16
ELSA,final,189,351189,wealth,27.3996281433483,22.5608725644919,-4.83875557885642,21.6658778339405,15.5634295102212,-6.10244832371937,5.7337503094078,6.99744305427075,1.26369274486295,0.0684266632154788,0.00486594019991736,-3.37848699482439,-0.969633156482824,-0.531289210093472,-0.582197031005377,-0.640841931313309,-1.5009223665763,24.5954129712565,-1.77635683940025e-15
ELSA,final,190,351190,education,27.0355626214484,23.7885329270423,-3.24702969440617,21.7270536601998,17.2365506895885,-4.49050297061128,5.30850896124869,6.55198223745379,1.2434732762051,0.0707353470103272,0.0121519276912562,-1.93554342878537,-0.889639544822105,-0.721172411725644,-0.450315976137141,-0.493831609141018,-1.61081195654775,35.8715263543958,3.5527136788005e-15
ELSA,final,190,351190,wealth,27.137971153523,22.7915880630561,-4.34638309046685,21.6594102654352,15.7152473556029,-5.94416290983231,5.47856088808778,7.07634070745324,1.59777981936546,0.0548652060149408,0.00419283545343544,-2.91104794268682,-1.00708857195318,-0.623307121802904,-0.410632222989688,-0.992087050399722,-1.63039569375609,27.4285163190805,8.88178419700125e-16
ELSA,final,191,351191,education,26.4447166120967,23.6848120472393,-2.7599045648574,20.8875943053814,16.9176808360892,-3.96991346929228,5.55712230671522,6.7671312111501,1.21000890443487,0.033750858897361,0.00457115469465058,-1.89893734601239,-0.846084950928738,-0.56448892522999,-0.461319997086787,-0.199082250034372,-1.41057387615873,35.5316025668991,-1.77635683940025e-15
ELSA,final,191,351191,wealth,27.091846610724,22.8940669883834,-4.19777962234069,21.420805923563,15.8462217118161,-5.57458421174693,5.67104068716104,7.04784527656728,1.37680458940624,0.0210092265937934,0.00108428462767193,-2.80563579341791,-0.961176657342653,-0.54014869290052,-0.437743688197021,-0.829879379888826,-1.50132535024317,26.9316112774749,8.88178419700125e-16
ELSA,final,192,351192,education,27.6921572721856,23.6245320077705,-4.06762526441509,22.2662083967915,16.9246495076025,-5.34155888918899,5.42594887539414,6.69988250016804,1.2739336247739,0.0692159754492706,0.008137952482231,-2.74203935732367,-0.657769136783451,-0.616950829406986,-0.440619069224846,-0.884180496450038,-1.27471996619044,23.8641938174715,-2.66453525910038e-15
ELSA,final,192,351192,wealth,27.2117623803463,22.9194951131452,-4.2922672672011,21.3938824928416,16.0208156963952,-5.37306679644641,5.81787988750467,6.89867941674997,1.0807995292453,0.0611597352925853,0.00570361058789403,-2.93933199409929,-0.886394953832362,-0.454790793391665,-0.503795968792105,-0.588753086330982,-1.34118574722403,24.9612706864365,8.88178419700125e-16
ELSA,final,193,351193,education,25.8050584336758,23.6535236799345,-2.15153475374128,21.1333930549996,16.8325282777769,-4.30086477722268,4.67166537867626,6.82099540215765,2.1493300234814,0.00636592347740205,0.00167234644982597,-2.12064744033417,-0.811015233275752,-0.68177605647085,-0.0560832010581317,-0.631342846083778,-1.4927912897466,34.7090961253282,0
ELSA,final,193,351193,wealth,27.3059147256983,22.5990526660034,-4.70686205969486,21.4053477214112,15.5626678540964,-5.84267986731477,5.90056700428709,7.036384811907,1.13581780761992,0.0187635308175274,0.000480472626886383,-2.79451984697954,-0.971511349814934,-0.625618431310058,-0.562233801862625,-0.888796437347612,-1.59712978112499,27.3355689066534,0
ELSA,final,194,351194,education,27.5366564149841,23.8500325871629,-3.68662382782127,22.0942313925623,16.6214948440759,-5.4727365484864,5.44242502242186,7.22853774308699,1.78611272066512,0.164587908231915,0.080855175594222,-2.6666365142497,-0.65279781318999,-0.721955933946328,-0.194261037557287,-1.23708524954309,-1.37475374713632,25.1200425044494,2.66453525910038e-15
ELSA,final,194,351194,wealth,27.5504549751382,22.8323553349565,-4.71809964018163,21.2929443706681,15.379711528173,-5.91323284249503,6.25751060447011,7.45264380678351,1.19513320231339,0.176815939154243,0.0501609407822337,-3.11667786666618,-0.951988991828616,-0.518831459705798,-0.498069087623188,-0.827665436671246,-1.47082045153441,24.8733728353206,-1.77635683940025e-15
ELSA,final,195,351195,education,26.8901666239387,24.2761262620718,-2.61404036186685,21.2014288112771,17.1306146702046,-4.07081414107243,5.6887378126616,7.14551159186719,1.45677377920558,0.056157916706659,0.0116793621143948,-1.88099984114461,-0.958639644710023,-0.748654886233415,-0.43206911024311,-0.05045065874127,-1.70729453094344,41.9398791440196,8.88178419700125e-16
ELSA,final,195,351195,wealth,27.2418333079293,22.2409061515581,-5.00092715637123,21.2807254937124,15.5261750397852,-5.75455045392713,5.9611078142169,6.7147311117728,0.753623297555898,0.0197901759784856,0.000542869869295332,-2.73649003264355,-0.791349794725449,-0.469327008039511,-0.490419717099545,-1.26696390141908,-1.26067680276496,21.907476750067,-8.88178419700125e-16
ELSA,final,196,351196,education,27.0071171783615,24.0004380801473,-3.00667909821426,21.2040287100103,17.0767531852115,-4.12727552479885,5.80308846835121,6.9236848949358,1.12059642658459,0.0400170535193654,0.00881823050983498,-1.5614746011401,-1.00783065651715,-0.59656141338608,-0.370260609320905,-0.591148244434613,-1.60439206990323,38.8729092657661,-8.88178419700125e-16
ELSA,final,196,351196,wealth,26.9529819696059,22.6970193370087,-4.25596263259723,21.0743200325882,15.6169738726168,-5.4573461599714,5.87866193701766,7.08004546439182,1.20138352737416,0.023994780959182,0.0017348169404273,-2.86480823833168,-0.796013197695685,-0.485313698468067,-0.470892440919328,-0.840318584556636,-1.28132689616375,23.4789375385795,3.5527136788005e-15
ELSA,final,197,351197,education,26.4725136524209,23.4299888191733,-3.04252483324759,20.9783453217332,16.9851990893029,-3.99314623243031,5.49416833068765,6.44478972987037,0.950621399182719,0.0272172277985874,0.00481391539152474,-1.77051000871852,-0.62336011235964,-0.472643021799733,-0.290008526282463,-0.836624563269951,-1.09600313415937,27.4471073775909,-8.88178419700125e-16
ELSA,final,197,351197,wealth,26.5272007465861,22.5947241678284,-3.93247657875769,21.2022371003229,15.5948501658415,-5.60738693448139,5.32496364626317,6.99987400198687,1.6749103557237,0.0198956044197356,0.00134212835838777,-2.66488165909107,-1.01226792983278,-0.59876407749193,-0.306208142791896,-1.02526512527371,-1.61103200732471,28.7305303905109,1.77635683940025e-15
ELSA,final,198,351198,education,26.3487379041127,23.7736762270306,-2.57506167708215,20.9005994652185,16.9819141523193,-3.91868531289918,5.44813843889422,6.79176207471124,1.34362363581703,0.0369756999553816,0.00916677079677516,-2.09386223505638,-0.661860113431966,-0.486954141511437,-0.279935132198957,-0.396073690700436,-1.1488142549434,29.3163181835969,8.88178419700125e-16
ELSA,final,198,351198,wealth,26.8171148434398,22.6925047139967,-4.12461012944312,21.1729110033273,15.7462965682952,-5.42661443503212,5.64420384011251,6.9462081457015,1.30200430558899,0.0372206793680027,0.0025442238770504,-2.87053042332049,-1.13141468950929,-0.418978253687989,-0.474531436558161,-0.531159631956181,-1.55039294319728,28.570169518375,2.66453525910038e-15
ELSA,final,199,351199,education,27.6004649099131,24.073023455221,-3.52744145469217,20.9114753890794,17.083984526144,-3.82749086293541,6.68898952083373,6.98903892907697,0.300049408243238,0.103302198785132,0.0198738241018299,-1.77369470505751,-0.704663050493229,-0.346625077536901,-0.518292023062844,-0.484216006784929,-1.05128812803013,27.4667704163732,-4.44089209850063e-16
ELSA,final,199,351199,wealth,27.2957428879747,22.9036188761796,-4.39212401179509,21.5316571357878,15.7295347596228,-5.80212237616501,5.76408575218686,7.17408411655678,1.40999836436992,0.0653507689201306,0.00542420526232939,-2.9168905176453,-1.05058380183042,-0.424841346179613,-0.478045302807865,-0.931761407701815,-1.47542514801003,25.4290594433348,-3.5527136788005e-15
ELSA,final,200,351200,education,26.2681832681441,24.1193265236958,-2.14885674444836,20.8957577789986,17.0728398324774,-3.82291794652117,5.37242548914556,7.04648669121837,1.67406120207281,0.0186814922106364,0.00206722630556075,-2.04572230093727,-0.6513682256563,-0.705801313740147,-0.436857657348311,0.0168315511608535,-1.35716953939645,35.500880698511,-1.33226762955019e-15
ELSA,final,200,351200,wealth,26.6951289501484,22.8618436781353,-3.8332852720131,21.2689309563861,15.5383018544259,-5.73062910196025,5.42619799376229,7.32354182370943,1.89734382994714,0.0261738944753228,0.000996777738815413,-3.02644675112479,-1.08903719178778,-0.418358433052718,-0.433342244210421,-0.76344448178454,-1.5073956248405,26.3041910062696,5.32907051820075e-15
ELSA,final,201,351201,education,26.3241532676986,24.5773811666237,-1.74677210107491,21.3759942084614,17.7446364522385,-3.63135775622282,4.94815905923724,6.83274471438515,1.88458565514791,0.0759641046031719,0.029148067194543,-1.74573191635471,-0.831800620205538,-0.76264629409976,-0.280188752298602,-0.0109901732642023,-1.5944469143053,43.9077342785354,-4.44089209850063e-16
ELSA,final,201,351201,wealth,27.2031378206628,23.5874684525769,-3.61566936808591,21.4510606222989,16.1411960494581,-5.30986457284081,5.75207719836392,7.44627240311882,1.6941952047549,0.10226497095342,0.0198223463529078,-3.04303715464642,-1.04674409923571,-0.426458395117407,-0.432173281837692,-0.361451642003578,-1.47320249435311,27.7446340512776,-1.77635683940025e-15
ELSA,final,202,351202,education,26.7956012133077,23.4608171855726,-3.33478402773505,21.5543412762142,16.469968358306,-5.08437291790822,5.24125993709347,6.99084882726664,1.74958889017316,0.0803010082709793,0.0237374973145324,-2.22363555329395,-0.813212217902565,-0.635414760852661,-0.257974479165858,-1.15413590669319,-1.44862697875523,28.4917531059309,0
ELSA,final,202,351202,wealth,27.3038113892351,22.5921916239537,-4.71161976528142,21.3503937465459,15.0438287419901,-6.30656500455576,5.95341764268919,7.54836288196353,1.59494523927434,0.0771640125476529,0.00815426260303701,-3.15604347918991,-0.906917555567778,-0.664805853432224,-0.491593187215227,-1.08720492915062,-1.571723409,24.9220202735501,-5.32907051820075e-15
ELSA,final,203,351203,education,27.1888285671911,23.7648457272134,-3.42398283997764,21.6729198361193,17.0097372194739,-4.6631826166454,5.51590873107174,6.7551085077395,1.23919977666776,0.0458788123424918,0.00668374192193694,-2.06942443386943,-0.672813176382348,-0.596193532367495,-0.366701209197205,-0.958050264828916,-1.26900670874984,27.2133178790828,1.77635683940025e-15
ELSA,final,203,351203,wealth,27.3389201438811,22.4393272841292,-4.8995928597519,21.5861431692029,15.6293254928358,-5.9568176763671,5.75277697467824,6.81000179129344,1.05722481661519,0.0473677467697518,0.00324071038022308,-2.87339915344701,-0.958053771456599,-0.480185308190713,-0.569153634628475,-1.0760258086443,-1.43823907964731,24.1444200206654,1.77635683940025e-15
ELSA,final,204,351204,education,27.6197151724457,23.8391229424111,-3.78059223003463,21.3118445516262,16.6689147102439,-4.64292984138237,6.30787062081952,7.17020823216726,0.862337611347737,0.129810798599614,0.0306082683948067,-2.18219606595524,-0.644744080543882,-0.796990079771313,-0.458606920481394,-0.560392694630542,-1.44173416031519,31.0522495400434,-8.88178419700125e-16
ELSA,final,204,351204,wealth,27.741341225,22.2416160600375,-5.49972516496248,21.4481646003984,15.2935101222766,-6.15465447812179,6.29317662460158,6.94810593776088,0.654929313159306,0.0965066600231868,0.00797232041410148,-2.83330204535376,-0.896713873212037,-0.815946579839926,-0.586419390052949,-1.02227258966312,-1.71266045305196,27.827077200516,5.32907051820075e-15
ELSA,final,205,351205,education,26.31772020499,23.2720028353206,-3.04571736966938,20.9426463676622,16.4887516058327,-4.4538947618295,5.37507383732775,6.78325122948788,1.40817739216013,0.0544373052384618,0.0157237483098312,-1.89386516046349,-0.764214660950058,-0.73698722489054,-0.229417953215395,-0.829409762310014,-1.5012018858406,33.7053739730473,8.88178419700125e-16
ELSA,final,205,351205,wealth,26.1424201575642,22.1167279809533,-4.02569217661088,20.7150423856699,15.0804110737932,-5.63463131187671,5.42737777189425,7.03631690716009,1.60893913526583,0.0518604363846129,0.00853638821484847,-2.91061257303313,-0.942974730105295,-0.47466313935952,-0.276968041881509,-1.02941282749726,-1.41763786946481,25.1593722995985,-1.77635683940025e-15
ELSA,final,206,351206,education,27.8355941406121,23.8022704163851,-4.03332372422701,21.7909302337508,16.7876804497324,-5.00324978401842,6.0446639068613,7.01458996665271,0.969926059791409,0.0551173231313023,0.00655426488603587,-2.20918638055041,-0.728355111852514,-0.638381977773121,-0.475584246189707,-0.951742067652668,-1.36673708962563,27.3169869310007,-8.88178419700125e-16
ELSA,final,206,351206,wealth,27.4349989879982,22.958777865272,-4.47622112272612,21.2539737808076,15.5986382938603,-5.65533548694729,6.18102520719058,7.36013957141174,1.17911436422116,0.0454581261357513,0.00449203679293642,-2.71184263444359,-0.928085175443085,-0.476982119922981,-0.444644170288935,-1.09378138684869,-1.40506729536607,24.8449857415004,0
ELSA,final,207,351207,education,27.5516408886698,24.1713905898445,-3.38025029882521,21.9894869279999,16.9901748209627,-4.99931210703714,5.56215396066987,7.1812157688818,1.61906180821193,0.07647902985809,0.0223304246136564,-2.09268383867089,-0.86955121571695,-0.79548947773721,-0.223329693987467,-1.01825788092462,-1.66504069345416,33.305395978587,3.5527136788005e-15
ELSA,final,207,351207,wealth,27.6915134288048,23.6876385995561,-4.00387482924865,21.1382673724174,15.8053238304839,-5.33294354193348,6.5532460563874,7.88231476907223,1.32906871268482,0.11766128550077,0.0205204195159993,-3.1850145934105,-0.877834509805373,-0.497666354349937,-0.513722346317958,-0.258705738049709,-1.37550086415531,25.7925262725849,2.66453525910038e-15
ELSA,final,208,351208,education,27.1298634425558,23.1614118289931,-3.96845161356277,21.0732225122334,16.8129314354041,-4.26029107682923,6.05664093032247,6.34848039358893,0.291839463266457,0.0143588386308689,0.000832881674986986,-1.72091689531299,-0.692313727008399,-0.641818537995401,-0.77396834187396,-0.431273574638479,-1.3341322650038,31.3155190794321,-2.66453525910038e-15
ELSA,final,208,351208,wealth,25.7449622832949,22.4433634264914,-3.30159885680344,20.7609646134889,15.5822744743556,-5.1786901391333,4.98399766980599,6.86108895213584,1.87709128232985,0.0127781291995582,0.000493332561075047,-2.77158989726636,-0.993568585664066,-0.64400193259704,-0.452552083277315,-0.316977640328516,-1.63757051826111,31.6213265181989,-8.88178419700125e-16
ELSA,final,209,351209,education,28.4077977238773,24.0303002850574,-4.37749743881987,21.7866968538699,16.7856331151232,-5.0010637387467,6.62110087000741,7.24466716993425,0.623566299926837,0.132254220029377,0.0275383952171123,-2.16198780303026,-0.681890226623517,-0.724151871365556,-0.533053660135081,-0.89998017759229,-1.40604209798907,28.1148605864687,-1.77635683940025e-15
ELSA,final,209,351209,wealth,27.7483118107246,23.3969871141226,-4.35132469660205,21.7544142860665,15.4614033095149,-6.29301097655159,5.99389752465814,7.93558380460768,1.94168627994954,0.0802087119974634,0.0138105154996278,-3.40825882673543,-1.16726267244123,-0.518939397661646,-0.366906461138672,-0.831643618574613,-1.68620207010288,26.7948375807041,-4.44089209850063e-15
ELSA,final,210,351210,education,25.6460354527037,23.7059695977333,-1.94006585497044,20.3575362799072,17.1019942867065,-3.25554199320068,5.28849917279652,6.60397531102677,1.31547613823025,0.00807054436815385,0.00162151489257046,-1.27909167702323,-0.809818614459041,-0.53074443733997,-0.170767788184369,-0.465119476194071,-1.34056305179901,41.1778762061379,0
ELSA,final,210,351210,wealth,27.0858262085399,22.4043219539197,-4.68150425462014,21.4281382126988,15.7175085926572,-5.71062962004156,5.6576879958411,6.68681336126251,1.02912536542141,0.0282047434146364,0.00122838426544111,-2.8630472564298,-0.823355954765681,-0.506476204431478,-0.587791866856534,-0.929958337558066,-1.32983215919716,23.2869621684112,-4.44089209850063e-15
ELSA,final,211,351211,education,25.9528727988084,23.9363899878906,-2.01648281091784,21.0801959418876,17.0517819029645,-4.02841403892307,4.8726768569208,6.88460808492604,2.01193122800524,0.0196406876482814,0.00789778548724158,-2.24094675479235,-0.73200213476746,-0.570261965573062,-0.0961090696270626,-0.38909411416314,-1.30226410034052,32.3269675797441,-1.77635683940025e-15
ELSA,final,211,351211,wealth,26.6509391732026,22.9453333221224,-3.7056058510802,20.940791136409,15.7079180547815,-5.23287308162753,5.71014803679358,7.23741526734091,1.52726723054734,0.0393513267474657,0.00487093902303854,-2.73700373503773,-1.00371584673016,-0.646987556099715,-0.407874379937417,-0.437291563822511,-1.65070340282987,31.5448774904449,2.66453525910038e-15
ELSA,final,212,351212,education,27.4579731215525,23.5460834401417,-3.91188968141078,21.3819398280285,16.8328354997822,-4.54910432824629,6.07603329352398,6.71324794035949,0.637214646835506,0.0893370177379894,0.0168176539328293,-1.72082158812312,-0.880379284642451,-0.687126738941845,-0.4868722883676,-0.773904428171267,-1.5675060235843,34.4574648211812,0
ELSA,final,212,351212,wealth,26.8191620128483,22.5939295233432,-4.22523248950507,20.9421293533682,15.2969139959418,-5.64521535742641,5.8770326594801,7.29701552740145,1.41998286792135,0.0611492640030715,0.00902799769411774,-2.87816433589592,-1.04930165398619,-0.487371333868631,-0.436889316722658,-0.79348871695302,-1.53667298785482,27.2208036462823,-3.5527136788005e-15
ELSA,final,213,351213,education,28.4417261804844,23.6273700307675,-4.81435614971692,22.3230748250266,16.9259411855193,-5.39713363950724,6.11865135545781,6.70142884524813,0.582777489790318,0.155427662887925,0.0287552178399919,-2.01541766321089,-0.826156264559716,-1.00111077320139,-0.552534066620238,-1.001914871915,-1.82726703776111,33.8562496282367,2.66453525910038e-15
ELSA,final,213,351213,wealth,27.9163668242237,22.5099747321093,-5.40639209211437,21.5923544783046,15.3176618367029,-6.27469264160164,6.3240123459191,7.19231289540637,0.868300549487268,0.125672553260731,0.0173730432148595,-3.10847156993111,-0.989299146371902,-0.530672926005135,-0.467238375322159,-1.17901062397133,-1.51997207237704,24.2238490264769,5.32907051820075e-15
ELSA,final,214,351214,education,27.5599361170758,23.9164593250224,-3.64347679205339,21.5812822737974,17.0190301648005,-4.56225210899692,5.97865384327839,6.89742916022192,0.918775316943531,0.0502027491637906,0.00565140501648163,-2.04733088484889,-0.798631528217136,-0.574436561339132,-0.48003739340604,-0.661815741185718,-1.37306808955627,30.0962782580237,1.77635683940025e-15
ELSA,final,214,351214,wealth,27.5631256904445,22.5869152985978,-4.9762103918467,21.6930155138172,15.4717593808846,-6.22125613293263,5.87011017662722,7.11515591771316,1.24504574108593,0.044603153027746,0.00248699201435924,-3.01445117402318,-0.890763433246631,-0.606644147251884,-0.490650936282487,-1.21874644212845,-1.49740758049852,24.0692160634874,3.5527136788005e-15
ELSA,final,215,351215,education,27.3250101955907,23.2640706737125,-4.06093952187818,21.7511677117919,16.9742734003396,-4.77689431145237,5.57384248379874,6.28979727337294,0.715954789574195,0.129965112110736,0.0316335786445179,-1.82290470098421,-0.677492041112551,-0.695950787020472,-0.541982406879582,-1.03856437545556,-1.37344282813302,28.7517943371755,-1.77635683940025e-15
ELSA,final,215,351215,wealth,27.4678434366662,21.7055526713394,-5.76229076532676,21.4111357498193,15.3024530317524,-6.10868271806691,6.05670768684683,6.40309963958698,0.346391952740149,0.12764665820559,0.0127818124436313,-2.64444013423333,-0.854194189978626,-0.502926723484078,-0.718906748955895,-1.38821492141497,-1.3571209134627,22.2162612808309,1.77635683940025e-15
ELSA,final,216,351216,education,27.2229958513638,23.6879970080993,-3.5349988432645,21.347881785856,16.9752821539243,-4.37259963193173,5.87511406550781,6.71271485417503,0.837600788667229,0.026256583625212,0.00217715078829574,-2.04667335317663,-0.620974469176869,-0.444995432508978,-0.353866719170659,-0.906089657898589,-1.06596990168585,24.3784016698305,1.77635683940025e-15
ELSA,final,216,351216,wealth,26.5792574767224,23.0144587328396,-3.56479874388287,21.1738194424123,15.5236105892988,-5.65020885311342,5.40543803431018,7.49084814354073,2.08541010923055,0.023213097645342,0.0010586266605497,-3.04787915949062,-0.980561124011228,-0.522310812828367,-0.330021413990339,-0.769436342792874,-1.50287193683959,26.5985200885357,-3.5527136788005e-15
ELSA,final,217,351217,education,28.5472435220112,23.8441845111363,-4.70305901087495,22.6519678216483,17.0207459857848,-5.63122183586343,5.89527570036294,6.82343852535142,0.92816282498848,0.101749838431827,0.00966398730136446,-2.4136985644899,-0.973942832705927,-0.765560986289214,-0.616342317710085,-0.861677134668308,-1.73950381899514,30.8903443994482,0
ELSA,final,217,351217,wealth,27.3066392621672,22.8555426057892,-4.45109665637804,21.5196737694711,15.788297516703,-5.73137625276813,5.78696549269611,7.0672450890862,1.28027959639009,0.0402653526632335,0.00377985501120788,-2.70002773985766,-1.04551584350169,-0.462935964230706,-0.379144993679232,-1.14375171149884,-1.5084518077324,26.3191900375385,0
ELSA,final,218,351218,education,26.1636918007602,24.2066022779926,-1.95708952276753,21.2124690459574,17.1507936370388,-4.06167540891861,4.95122275480276,7.05580864095384,2.10458588615108,0.0194956832430643,0.00445464636958583,-1.9713052750017,-0.682527389875814,-0.892358622203191,-0.181233129626279,-0.334250992211627,-1.574886012079,38.7742951743725,-1.77635683940025e-15
ELSA,final,218,351218,wealth,27.5118761710929,22.6898400864734,-4.82203608461951,21.5566260743588,15.413475823752,-6.14315025060688,5.9552500967341,7.27636426272147,1.32111416598737,0.050829533852642,0.00253317532977727,-3.2209172361992,-0.943350729792232,-0.590899343350272,-0.553068932931426,-0.834914008333755,-1.5342500731425,24.9749722952151,-8.88178419700125e-16
ELSA,final,219,351219,education,26.8412830343856,23.4410856488059,-3.40019738557976,21.2138547733472,16.8445685486519,-4.36928622469534,5.62742826103844,6.59651710015402,0.969088839115582,0.00322940020485657,0.000116203496271662,-1.82809107581038,-0.678544884795435,-0.533785521993147,-0.412060349687321,-0.916804392409063,-1.21233040678858,27.7466465789413,-8.88178419700125e-16
ELSA,final,219,351219,wealth,26.6095453930971,22.6575884909589,-3.95195690213818,21.3274615245773,15.637830506891,-5.68963101768629,5.28208386851975,7.01975798406786,1.73767411554811,0.00478731140720888,9.34217602021249e-05,-2.84029688294058,-1.01870443263142,-0.55829580205017,-0.470554497477051,-0.801779402587062,-1.57700023468159,27.7170914911612,0
ELSA,final,220,351220,education,27.0781385429795,23.3199665255475,-3.75817201743202,21.1861285509102,16.9365367802216,-4.24959177068858,5.89200999206927,6.38342974532583,0.49141975325656,0.029358773130009,0.00270057534513366,-1.81901697561973,-0.636438407935367,-0.356189439919068,-0.387269673362149,-1.05067727385227,-0.992627847854435,23.3581930081156,-8.88178419700125e-16
ELSA,final,220,351220,wealth,26.8009297806242,22.4341502800745,-4.36677950054968,21.2880508911784,15.4374246152083,-5.85062627597015,5.51287888944577,6.99672566486624,1.48384677542047,0.0280368435650421,0.00091817465041431,-2.91958024053592,-0.942664420988799,-0.587573008715258,-0.429345393531312,-0.97146321219887,-1.53023742970406,26.1551047276612,-2.66453525910038e-15
ELSA,final,221,351221,education,27.9769163987979,24.0863771513641,-3.89053924743385,21.4758370000702,16.9501942743516,-4.52564272571867,6.5010793987277,7.13618287701251,0.635103478284819,0.178301768016429,0.0542697181054405,-1.94521999425197,-0.730731408610074,-0.798557020656731,-0.481530830584003,-0.569603471615891,-1.52928842926681,33.7916296524259,1.77635683940025e-15
ELSA,final,221,351221,wealth,27.7482279890309,22.9175483579702,-4.83067963106071,21.5141024726102,15.3849639469019,-6.12913852570828,6.23412551642067,7.53258441106824,1.29845889464757,0.133128850721632,0.0315151698944419,-2.79441833033073,-1.04707330404118,-0.680646396427726,-0.331761024843329,-1.27523947006532,-1.7277197004689,28.188622156639,-8.88178419700125e-16
ELSA,final,222,351222,education,26.5235247243107,23.4469138088634,-3.07661091544731,21.3447695123571,16.8085915334594,-4.53617797889771,5.17875521195356,6.63832227540395,1.4595670634504,0.0505016700664947,0.00931217193724161,-2.20407383609943,-0.889070272232073,-0.541953611570335,-0.379689112862352,-0.521391146133512,-1.43102388380241,31.5469077813862,1.77635683940025e-15
ELSA,final,222,351222,wealth,27.0658055512388,22.3910095058652,-4.67479604537363,21.3483535245719,15.1927712248292,-6.15558229974266,5.71745202666695,7.19823828103598,1.48078625436903,0.0546362973159744,0.00487972639550497,-3.1239363915636,-1.09200179248833,-0.497639739457005,-0.415651410636472,-1.02635296559725,-1.58964153194534,25.824389221663,0
ELSA,final,223,351223,education,26.579888275252,23.5406818845179,-3.03920639073406,21.6302967711212,16.6664251461815,-4.96387162493967,4.94959150413077,6.87425673833638,1.92466523420562,0.0276760262275775,0.00272390617112076,-2.43250429755284,-0.689690790931305,-0.715226701097049,-0.278562417661487,-0.847887417696999,-1.40491749202835,28.3028570877964,-1.77635683940025e-15
ELSA,final,223,351223,wealth,27.1306766321798,22.3327315838709,-4.79794504830886,21.5941195140189,15.4003579512612,-6.19376156275776,5.53655711816087,6.93237363260977,1.3958165144489,0.0523438422262395,0.00267359554710866,-3.11812571003598,-0.919426088484277,-0.608260205412023,-0.523945131167429,-1.02400442765805,-1.5276862938963,24.6649193453308,0
ELSA,final,224,351224,education,26.7303448288984,23.2540695021951,-3.47627532670332,21.2885546648756,16.5518933689719,-4.73666129590376,5.44179016402278,6.70217613322322,1.26038596920044,0.00729492341347954,0.000839314190643666,-1.88592654106347,-0.705865515682222,-0.640096839701421,-0.26522674053014,-1.2395456589265,-1.34596235538364,28.4158454932723,2.66453525910038e-15
ELSA,final,224,351224,wealth,26.9612603347664,21.9793376248871,-4.9819227098793,21.2397065473428,15.012438162343,-6.22726838499987,5.72155378742353,6.96689946254411,1.24534567512058,0.00724827791672045,0.000118288816369053,-2.80366109163922,-0.997990479653461,-0.622780542970279,-0.49000626692003,-1.31283000381688,-1.62077102262374,26.026998073952,-2.66453525910038e-15
ELSA,final,225,351225,education,26.5935578404816,23.9175962065726,-2.67596163390899,21.4977116377426,16.9696310125941,-4.52808062514851,5.09584620273895,6.94796519397848,1.85211899123953,0.010284035943038,0.00147313015250989,-2.34202679204171,-0.694220090136067,-0.561933930583595,-0.252163333954736,-0.677736478432413,-1.25615402071966,27.7414234575044,-4.44089209850063e-15
ELSA,final,225,351225,wealth,26.244714172722,23.0039331319434,-3.24078104077861,20.8804984290048,15.5017760237752,-5.3787224052296,5.3642157437172,7.50215710816818,2.13794136445098,0.00615032145045709,0.000441259034774396,-2.98495028024118,-1.00906725947782,-0.565514483485158,-0.398096127607155,-0.421094254418288,-1.57458174296297,29.2742704370103,-2.66453525910038e-15
ELSA,final,226,351226,education,26.2802108750751,23.2923030590311,-2.98790781604401,20.8938467951362,16.6262682619667,-4.26757853316947,5.38636407993891,6.66603479706437,1.27967071712545,0.0760538901843327,0.0174551098482281,-2.21536417281033,-0.596510154558261,-0.598237358544205,-0.48609361929141,-0.371373227965262,-1.19474751310247,27.9959115881845,-1.77635683940025e-15
ELSA,final,226,351226,wealth,26.9460886412076,22.0769267728776,-4.86916186833,21.3153518990546,15.0418903700866,-6.27346152896799,5.63073674215304,7.03503640279103,1.40429966063799,0.0881687428571265,0.0110408933202774,-3.20597134667589,-0.948039348381041,-0.604343139957819,-0.528409708356914,-0.986697985596333,-1.55238248833886,24.745230064306,0
ELSA,final,227,351227,education,26.4658602689425,23.8868717358436,-2.57898853309895,21.2506638946111,16.9642308998622,-4.28643299474889,5.21519637433142,6.92264083598136,1.70744446164994,0.0331113082980895,0.00827983154549034,-2.14799001132557,-0.515289568751507,-0.529309056674591,-0.0604580178881839,-1.03338634010903,-1.0445986254261,24.3698811274033,0
ELSA,final,227,351227,wealth,27.4045939412608,22.8590809744953,-4.54551296676546,21.658150355545,15.4199640698966,-6.23818628564833,5.74644358571579,7.43911690459866,1.69267331888287,0.033818493334987,0.00195606334405584,-2.95588613913972,-0.930735233932006,-0.68741184250451,-0.370986373416921,-1.29316669665517,-1.61814707643652,25.9393836980991,4.44089209850063e-15
ELSA,final,228,351228,education,26.0729220923499,23.7618455677351,-2.31107652461473,20.9194120883737,17.1458078065547,-3.77360428181893,5.15351000397619,6.61603776118039,1.4625277572042,0.0272104823545852,0.00447100927143321,-1.65720732052547,-0.801760628025833,-0.679843911610847,-0.350327569945415,-0.28446485171137,-1.48160453963668,39.2623187008502,-3.99680288865056e-15
ELSA,final,228,351228,wealth,26.5502806860638,22.6909014519561,-3.85937923410768,21.0715779312062,15.830348948334,-5.24122898287217,5.4787027548576,6.86055250362209,1.38184974876449,0.0260715519886668,0.00122328507143735,-2.74474961729335,-0.920077596764766,-0.447592686448974,-0.490643021496062,-0.638166060869018,-1.36767028321374,26.0944577633062,2.66453525910038e-15
ELSA,final,229,351229,education,27.1008472871531,23.2694214288576,-3.8314258582955,21.4338553766981,16.5657614892771,-4.86809388742098,5.66699191045508,6.70365993958056,1.03666802912548,0.0320598233942198,0.00263562368271169,-2.29209560964412,-0.62936912763535,-0.508349007246307,-0.452293704870858,-0.985986438024345,-1.13771813488166,23.3709160339222,-1.77635683940025e-15
ELSA,final,229,351229,wealth,27.3331990273093,22.3011804520526,-5.03201857525671,21.5348654284728,15.2635782018886,-6.27128722658422,5.79833359883651,7.03760225016402,1.23926865132751,0.0453906228620492,0.0016922832050504,-3.32806769605416,-0.933592168391775,-0.473489159341582,-0.608708915261564,-0.927429287535134,-1.40708132773336,22.4368822044809,1.77635683940025e-15
ELSA,final,230,351230,education,27.0848482097335,24.4809837545991,-2.60386445513447,21.270777021823,17.2946470199844,-3.97613000183866,5.81407118791051,7.1863367346147,1.37226554670419,0.0795244156042371,0.0228415957433351,-2.03185385611353,-0.715460684105296,-0.61897849815016,-0.387047742374719,-0.222789221094956,-1.33443918225546,33.5612563381574,4.44089209850063e-16
ELSA,final,230,351230,wealth,27.9775594734075,23.426330169578,-4.55122930382954,21.721973893223,15.9457214778703,-5.77625241535271,6.25558558018453,7.48060869170769,1.22502311152316,0.112815153105869,0.0177707818545211,-3.06307421785942,-0.974437129157069,-0.545796943224586,-0.510827986228052,-0.682116138883582,-1.52023407238166,26.3186918276117,3.5527136788005e-15
ELSA,final,231,351231,education,27.2587487715979,23.7662233324012,-3.49252543919662,21.1077981671938,17.0820581650686,-4.02574000212513,6.15095060440408,6.68416516733259,0.533214562928513,0.047297171153427,0.00920355212754007,-1.35602026375391,-0.910921996806029,-0.498187694713411,-0.33535277300124,-0.925257273850532,-1.40910969151944,35.002501174333,1.77635683940025e-15
ELSA,final,231,351231,wealth,27.0745718747394,23.225119594365,-3.84945228037447,21.121991144179,15.7852624543986,-5.33672868978043,5.9525807305604,7.43985713996636,1.48727640940595,0.054602189735965,0.00866283454735802,-2.98718808074905,-0.870209348920247,-0.443553626468317,-0.370642108802229,-0.66513552484058,-1.31376297538856,24.6173836399882,3.5527136788005e-15
ELSA,final,232,351232,education,27.6901607008373,24.4943411333805,-3.19581956745681,21.417196774716,17.086717230829,-4.330479543887,6.27296392612133,7.40762390255152,1.1346599764302,0.110625377633447,0.0317049443319363,-2.12222441450745,-0.656027710398871,-0.707215596636715,-0.460710229960184,-0.384301592383781,-1.36324330703559,31.4801927412397,-8.88178419700125e-16
ELSA,final,232,351232,wealth,27.5011817308845,23.3242927898883,-4.17688894099627,21.0377482274172,15.6960927001857,-5.34165552723148,6.46343350346737,7.62820008970257,1.1647665862352,0.0797477439732655,0.0131961014317267,-2.82237420376548,-0.887962841810632,-0.523870143387966,-0.477663749030061,-0.629784589237349,-1.4118329851986,26.4306258237947,-4.44089209850063e-15
ELSA,final,233,351233,education,26.7611808511904,23.5321955640949,-3.22898528709553,21.1439866978085,16.8894832857016,-4.25450341210685,5.61719415338192,6.64271227839325,1.02551812501133,0.0708685724348322,0.0164998249195255,-1.55138439177535,-0.913883866180458,-0.594369935919498,-0.331541602502491,-0.863323615729055,-1.50825380209996,35.4507601946677,-8.88178419700125e-16
ELSA,final,233,351233,wealth,27.3114810427439,22.8241439028698,-4.48733713987409,21.4612444343038,15.4973931585148,-5.96385127578903,5.85023660844009,7.32675074435502,1.47651413591494,0.095513320031239,0.0119117024589482,-2.99094056811199,-1.0093008993922,-0.540377280037687,-0.420579139248921,-1.00265338899823,-1.54967817942989,25.9845208702805,5.32907051820075e-15
ELSA,final,234,351234,education,27.2934234211564,23.8154635812026,-3.47795983995378,21.7842020796534,16.8854595774194,-4.89874250223401,5.50922134150295,6.93000400378318,1.42078266228023,0.0411781439382599,0.00796726673769895,-2.41905581801124,-0.421667522751053,-0.687546869480913,-0.264566795679833,-1.10590549631098,-1.10921439223197,22.6428392944949,-2.66453525910038e-15
ELSA,final,234,351234,wealth,27.1110402121908,22.5810890227089,-4.52995118948198,21.128658596963,15.5184387517693,-5.61021984519365,5.9823816152279,7.06265027093957,1.08026865571167,0.0463391109093353,0.00240675656905661,-2.79983941774209,-1.01538863867273,-0.536446874234326,-0.571734232492689,-0.686810682051817,-1.55183551290705,27.6608681250973,-8.88178419700125e-16
ELSA,final,235,351235,education,26.0114741489053,24.1710604767292,-1.84041367217605,20.9958535204873,17.4102729684841,-3.58558055200316,5.01562062841805,6.76078750824516,1.74516687982711,0.0240862798897745,0.00916071721766264,-1.44164064940411,-0.889423663980338,-0.653530237464495,-0.0880139774066968,-0.512972023747517,-1.54295390144483,43.0321918324448,8.88178419700125e-16
ELSA,final,235,351235,wealth,27.0525077127521,22.9941280133528,-4.05837969939925,21.2943092280764,15.9972312112272,-5.2970780168492,5.75819848467565,6.9968968021256,1.23869831744994,0.0449976630978397,0.00463995387642825,-2.56323528382722,-0.992678061701645,-0.496749980225844,-0.42993140063087,-0.814483290463616,-1.48942804192749,28.1179177876906,0
ELSA,final,236,351236,education,26.6631650177708,23.7529599083684,-2.91020510940243,21.3748868309018,16.9765675675762,-4.39831926332565,5.28827818686904,6.77639234079226,1.48811415392322,0.0372159776016768,0.00562028064088269,-2.02734747587062,-0.811120603465965,-0.548206255363246,-0.295067189162817,-0.716577739463001,-1.35932685882921,30.9055977396557,-1.77635683940025e-15
ELSA,final,236,351236,wealth,26.700348437908,22.6716768790911,-4.02867155881699,21.1692600802207,15.5508210989091,-5.6184389813116,5.53108835768738,7.120855780182,1.58976742249461,0.0451741995694337,0.00285300739073653,-3.13760277860223,-0.71249729600645,-0.633701336734947,-0.481706422219748,-0.652931147748214,-1.3461986327414,23.9603675899873,5.32907051820075e-15
ELSA,final,237,351237,education,26.3496089389748,23.760797719817,-2.58881121915773,20.6865717593535,17.0306391501114,-3.65593260924214,5.66303717962127,6.73015856970568,1.06712139008441,0.0218905717835283,0.00519861964169782,-1.55241053980268,-0.712173793054629,-0.409043468131732,-0.176797948205708,-0.80550686004739,-1.12121726118636,30.6684335031762,4.44089209850063e-16
ELSA,final,237,351237,wealth,26.875024217742,22.8463649944988,-4.02865922324326,21.1113444760482,15.5476210646701,-5.56372341137806,5.7636797416938,7.29874392982861,1.53506418813481,0.0393113860520877,0.00298369599090043,-2.98120379037592,-0.888259340108361,-0.458612301473204,-0.373362294803921,-0.862285684616655,-1.34687164158157,24.2080984620327,8.88178419700125e-16
ELSA,final,238,351238,education,25.7894327075501,23.9060642333026,-1.8833684742475,21.0267698886538,16.9917866318989,-4.03498325675481,4.7626628188963,6.91427760140361,2.15161478250731,0.0296238327940044,0.00556137384449522,-2.14363316634772,-0.845444456135311,-0.598285161726331,-0.184215277381616,-0.263405195163841,-1.44372961786164,35.7803124819601,-2.66453525910038e-15
ELSA,final,238,351238,wealth,27.1578984627823,22.8364462409318,-4.32145222185052,21.5179724601347,15.5351359087976,-5.98283655133712,5.63992600264762,7.30131033213421,1.66138432948659,0.0404192727353648,0.00175635396931864,-3.16511940952473,-0.825524701476351,-0.477835857348837,-0.403577241036683,-1.11077934195051,-1.30336055882519,21.7849935835853,3.5527136788005e-15
ELSA,final,239,351239,education,28.1103592809788,23.7885377257068,-4.32182155527193,21.9214492777707,16.7483603485289,-5.17308892924183,6.18891000320802,7.04017737717792,0.851267373969898,0.138942349824098,0.0388901854995446,-1.51730998454365,-1.08742611991595,-0.830258555930196,-0.442081758966908,-1.29601250988512,-1.91768467584615,37.0703984036711,1.77635683940025e-15
ELSA,final,239,351239,wealth,27.2841427206413,22.9076626247685,-4.37648009587279,21.0399480772105,15.39377258063,-5.64617549658053,6.2441946434308,7.51389004413854,1.26969540070774,0.139827463009513,0.032173190444045,-2.85884444818463,-0.905926802574223,-0.519399565683408,-0.416452080572147,-0.945552599566133,-1.42532636825763,25.2441031831342,-3.5527136788005e-15
ELSA,final,240,351240,education,27.6799690060127,23.6729913018948,-4.00697770411786,22.0775375169434,16.7200706373552,-5.35746687958824,5.60243148906929,6.95292066453967,1.35048917547038,0.165669033846844,0.0448902633145638,-2.54886304562664,-0.814340026797049,-0.827117334032613,-0.437798916861897,-0.729347556270039,-1.64145736082966,30.6386842461604,1.77635683940025e-15
ELSA,final,240,351240,wealth,27.5720744292668,21.8199239114442,-5.75215051782268,21.2134650877554,15.1110946745003,-6.10237041325509,6.35860934151148,6.70882923694389,0.350219895432408,0.148492163129275,0.0158157616217864,-2.99311070169706,-0.877017222837278,-0.539037452122301,-0.674567259900252,-1.0186377766982,-1.41605467495958,23.2049937821496,-1.77635683940025e-15
ELSA,final,241,351241,education,26.4808453183652,23.3363141059578,-3.14453121240743,21.3266097568603,16.8242315774973,-4.50237817936302,5.15423556150489,6.51208252846049,1.3578469669556,0.0305060462255746,0.00364469827124572,-2.40718628721552,-0.553159991553481,-0.443483641065523,-0.266540301737171,-0.832007957791328,-0.996643632619004,22.1359377847732,0
ELSA,final,241,351241,wealth,27.1724079543419,22.0902829286805,-5.08212502566143,21.4556956513962,15.3956824718949,-6.06001317950134,5.71671230294566,6.69460045678558,0.977888153839912,0.0458884748331236,0.00166059871842707,-2.99988999177881,-0.933258070424999,-0.541013910308583,-0.620855278628988,-0.964995928359955,-1.47427198073358,24.3278675650487,8.88178419700125e-16
ELSA,final,242,351242,education,26.6400624693559,23.4487870388139,-3.19127543054193,21.6556366664252,17.0662223076278,-4.58941435879749,4.98442580293062,6.38256473118619,1.39813892825557,0.0260756660238034,0.00344171464836177,-1.89164238263996,-0.989398697041258,-0.505038005662471,-0.228683332017017,-0.974651941436778,-1.49443670270373,32.5626885234067,6.21724893790088e-15
ELSA,final,242,351242,wealth,27.3169609635894,22.450072288814,-4.86688867477534,21.6475355764502,15.4537645192545,-6.19377105719574,5.66942538713916,6.99630776955956,1.3268823824204,0.0318911757182747,0.00112019394568503,-3.26103371576831,-0.982091080180421,-0.47516828300474,-0.510194225248521,-0.965283752993751,-1.45725936318516,23.5278209305486,1.77635683940025e-15
ELSA,final,243,351243,education,25.8663978649803,23.5823224559035,-2.28407540907678,20.8316141727311,16.7355114027902,-4.09610276994095,5.03478369224912,6.84681105311328,1.81202736086416,0.00681543178353235,0.00176860675412925,-1.36078609346274,-0.849770834316964,-0.882899069107123,-0.17278707457912,-0.829859698474999,-1.73266990342409,42.3004499823394,0
ELSA,final,243,351243,wealth,26.4277892353575,22.9132506110797,-3.51453862427778,21.0425616834911,15.5377608521553,-5.50480083133578,5.3852275518664,7.37548975892439,1.990262207058,0.00719420001646712,0.000396711333815664,-2.54148924288124,-1.05208986127761,-0.648331304083576,-0.352115644729129,-0.910774778364224,-1.70042116536119,30.8897854338641,0
ELSA,final,244,351244,education,27.2180734357747,23.6440331385031,-3.57404029727157,21.1086335308929,16.5995471114157,-4.50908641947721,6.10943990488179,7.04448602708743,0.935046122205646,0.109150683351803,0.0388511199060086,-1.95675943550389,-0.7261060345879,-0.512573192949024,-0.210906653514184,-1.10274110292221,-1.23867922753692,27.4707360272891,-8.88178419700125e-16
ELSA,final,244,351244,wealth,27.5043878020529,22.5893726979251,-4.91501510412779,21.4038915280708,15.2850430766924,-6.11884845137842,6.1004962739821,7.30432962123274,1.20383334725063,0.0928104240888885,0.0136091732943456,-2.84019213290933,-1.09958459447982,-0.603087839307664,-0.401775832572819,-1.17420805210879,-1.70267243378748,27.8266809076455,1.77635683940025e-15
ELSA,final,245,351245,education,27.3927461265219,23.8636351559731,-3.52911097054878,21.8653461153553,17.0873021575515,-4.7780439578038,5.52740001116659,6.7763329984216,1.24893298725501,0.0525699964480245,0.0061986548246728,-1.96681219341408,-0.920329822494162,-0.691701035282176,-0.46504769152844,-0.734153215084936,-1.61203085777634,33.7383011126022,0
ELSA,final,245,351245,wealth,26.9081983850784,22.8240260825321,-4.0841723025463,21.2284165509822,15.6787880107317,-5.54962854025055,5.67978183409612,7.14523807180037,1.46545623770424,0.0425874970862015,0.00277749107450639,-2.89535242574968,-0.99911070812323,-0.445827766877033,-0.429188026347295,-0.780149613153315,-1.44493847500026,26.0366701035999,0
ELSA,final,246,351246,education,26.4826478378839,23.6002844856398,-2.88236335224413,21.0858908329891,16.6888593332786,-4.39703149971049,5.39675700489476,6.91142515236112,1.51466814746636,0.0277975955029085,0.00432992373788325,-1.95135701662428,-0.746802848379775,-0.616980619139506,-0.301278578455532,-0.780612437111403,-1.36378346751928,31.0160040383853,0
ELSA,final,246,351246,wealth,26.5852826868653,22.5952880005192,-3.98999468634608,21.1912389833793,15.1029661740962,-6.08827280928309,5.39404370348599,7.492321826423,2.09827812293702,0.0308725825721696,0.00214797318128169,-2.96776921871988,-1.01298929280364,-0.653477096110137,-0.31623807413873,-1.1377991275107,-1.66646638891378,27.3717430397146,2.66453525910038e-15
ELSA,final,247,351247,education,27.5357273823493,23.2823261213969,-4.25340126095241,21.8862885740019,16.6145730143942,-5.2717155596077,5.64943880834747,6.66775310700276,1.01831429865529,0.0419059054393739,0.00318219018344554,-2.45944431947579,-0.675643917434078,-0.692826754662797,-0.431609805189843,-1.01219076284519,-1.36847067209688,25.9587350004656,0
ELSA,final,247,351247,wealth,26.7011197389054,22.5014737291946,-4.19964600971087,20.9649585949253,15.4479396079199,-5.51701898700545,5.73616114398009,7.05353412127467,1.31737297729458,0.0325162497924435,0.00185418572011229,-2.89374996346897,-0.96266029473594,-0.465073346872034,-0.408740140273844,-0.786795241654665,-1.42773364160797,25.8787153890678,0
ELSA,final,248,351248,education,26.541126719132,23.2251882549913,-3.31593846414063,21.4638905325045,16.5188228138085,-4.94506771869601,5.07723618662746,6.70636544118284,1.62912925455538,0.0265831171530035,0.0026741194960817,-2.41551837932216,-0.622977125140183,-0.542497912697155,-0.235240366735159,-1.12883393480135,-1.16547503783734,23.5684343296449,-2.66453525910038e-15
ELSA,final,248,351248,wealth,26.6761988041784,22.1033098295689,-4.57288897460943,21.1140017853779,15.2475643259902,-5.8664374593877,5.56219701880045,6.85574550357871,1.29354848477826,0.040803898846289,0.00218713073249604,-2.78803436647322,-1.01235572216606,-0.387028532258988,-0.405349216743859,-1.27366962174557,-1.39938425442505,23.8540726652715,1.77635683940025e-15
ELSA,final,249,351249,education,28.3774481585713,23.8435779645292,-4.53387019404201,22.2831176463888,16.7061779390262,-5.57693970736258,6.09433051218247,7.13740002550304,1.04306951332057,0.121727866982575,0.0285580502664354,-2.25480442199271,-0.827944962334513,-0.701613774851748,-0.325871798741368,-1.46670474944223,-1.52955873718626,27.4264886738324,2.66453525910038e-15
ELSA,final,249,351249,wealth,27.3837477809609,22.9988888535562,-4.38485892740477,21.3233663244537,15.5371383571758,-5.7862279672779,6.06038145650726,7.46175049638039,1.40136903987312,0.076055346786273,0.00762056614314395,-3.17007063546945,-0.868498274821775,-0.468029083883117,-0.412341669911162,-0.867288303192395,-1.33652735870489,23.0984220853928,8.88178419700125e-16
ELSA,final,250,351250,education,27.631645963171,24.4921576639365,-3.13948829923449,22.0279822338976,17.0545019445697,-4.97348028932794,5.6036637292734,7.43765571936685,1.83399199009345,0.072341460966939,0.0321288115411418,-1.9384629815459,-0.935900239990931,-0.635370226326468,-0.103298756876585,-1.36044808458805,-1.5712704663174,31.592976646334,0
ELSA,final,250,351250,wealth,27.9410664152099,23.2100117391548,-4.73105467605507,21.5692753698744,15.3091525142038,-6.26012285567062,6.3717910453355,7.90085922495105,1.52906817961555,0.0856602147840292,0.02039461532508,-2.74700486110086,-1.11263949115646,-0.591651482429503,-0.361123701002889,-1.4477033199809,-1.70429097358597,27.2245611288949,0
ELSA,final,251,351251,education,27.3558649436721,24.0083531517064,-3.34751179196574,21.502116163096,17.0189363823589,-4.48317978073708,5.85374878057613,6.98941676934746,1.13566798877133,0.0201774871633513,0.00326312827219444,-1.87329811877173,-0.690198345192271,-0.637392245263741,-0.363494959197518,-0.918796112311813,-1.32759059045601,29.6127002570873,0
ELSA,final,251,351251,wealth,26.9481765867533,22.849541214392,-4.09863537236129,21.2813967409579,15.8154270453816,-5.46596969557636,5.66677984579533,7.0341141690104,1.36733432321507,0.0247788148175175,0.0019569661733558,-3.06150666434507,-0.858875193177414,-0.466023033380634,-0.523358471443611,-0.556206333229642,-1.32489822655805,24.2390335173335,-3.5527136788005e-15
ELSA,final,252,351252,education,26.276430752721,23.8189792642185,-2.45745148850254,21.0007111619227,17.2475233331493,-3.75318782877339,5.27571959079833,6.57145593106917,1.29573634027085,0.0598003438749744,0.0132405594355087,-1.93066742845943,-0.602889381414284,-0.620408856150931,-0.406410651832227,-0.192811510916513,-1.22329823756521,32.5935789354036,-4.44089209850063e-16
ELSA,final,252,351252,wealth,27.228220202114,22.2251650344466,-5.00305516766737,21.4584800693575,15.5673489861877,-5.89113108316982,5.7697401327565,6.65781604825895,0.888075915502449,0.0455250172147928,0.00179300614155502,-2.82877477347496,-0.908172169810883,-0.561479182330935,-0.612715470466426,-0.979989487086619,-1.46965135214182,24.9468452049967,-8.88178419700125e-16
ELSA,final,253,351253,education,27.2286468561404,23.8366024511404,-3.392044405,21.9274593966693,17.1807694850413,-4.746689911628,5.30118745947112,6.65583296609912,1.35464550662799,0.0265706630580649,0.00398926695896629,-2.04844936966767,-0.660239016152797,-0.73486879080528,-0.425575673625745,-0.877557061376499,-1.39510780695808,29.3911722259437,1.77635683940025e-15
ELSA,final,253,351253,wealth,27.4192990608938,22.6047351192367,-4.81456394165714,21.6865244602513,15.4863914475516,-6.20013301269967,5.73277460064254,7.11834367168507,1.38556907104253,0.0259977932306714,0.00119555058258594,-2.9359099994511,-1.07310427226708,-0.64063362098201,-0.552967906933921,-0.997517213065566,-1.71373789324909,27.6403407755746,8.88178419700125e-16
ELSA,final,254,351254,education,26.0789982590403,23.670018787292,-2.40897947174832,21.1671258137752,17.1592689261179,-4.00785688765725,4.91187244526511,6.51074986117404,1.59887741590892,0.0172603853964599,0.00519921782344262,-1.73183876444371,-0.814661960751019,-0.611498147652814,-0.192596815122902,-0.657261199686803,-1.42616010840383,35.5841076260954,8.88178419700125e-16
ELSA,final,254,351254,wealth,26.7547718804391,22.5722563727472,-4.18251550769183,21.1800013488209,15.7825810910206,-5.39742025780026,5.57477053161817,6.7896752817266,1.21490475010843,0.018410725350952,0.00107240890654529,-2.94891666200823,-0.699958478661015,-0.417841331706207,-0.484398317967708,-0.846305467457101,-1.11779981036722,20.7098902249051,0
ELSA,final,255,351255,education,27.2077051773752,23.3290049621009,-3.87870021527436,21.7041904479923,16.9444622075133,-4.75972824047909,5.50351472938289,6.38454275458762,0.881028025204726,0.0188680942160097,0.00112778531392684,-1.70590889697136,-0.831571470304189,-0.869720633247315,-0.601884407061029,-0.750642832895191,-1.7012921035515,35.7434714251724,4.44089209850063e-15
ELSA,final,255,351255,wealth,26.8101265700254,22.7383492466497,-4.07177732337578,21.1548081593813,15.5689056309982,-5.58590252838308,5.65531841064413,7.16944361565143,1.5141252050073,0.0127468599833441,0.000396590642365327,-2.79465894214323,-0.909298708038842,-0.597250283165942,-0.406241551540083,-0.878453043494994,-1.50654899120478,26.9705563881523,-1.77635683940025e-15
ELSA,final,256,351256,education,28.7671996542378,24.0507372333505,-4.71646242088727,22.2539975550738,16.5671109174903,-5.68688663758351,6.51320209916402,7.48362631586026,0.970424216696239,0.269066594037861,0.0956809410595066,-2.05263831166214,-0.939737611194587,-0.978519197856204,-0.676433947442145,-1.03955756942843,-1.91825680905079,33.7312299558323,0
ELSA,final,256,351256,wealth,27.8010762703336,23.033596604197,-4.76747966613667,21.4946101425732,15.3489524062915,-6.14565773628168,6.30646612776043,7.68464419790545,1.37817807014502,0.178893770006023,0.0502983567754395,-2.73998103695903,-1.25558222820248,-0.637183968447031,-0.440894059944273,-1.07201644272887,-1.89276619664952,30.7984316385751,-2.66453525910038e-15
ELSA,final,257,351257,education,27.0168437595498,22.9349643617406,-4.08187939780924,21.8773572804819,16.784913284305,-5.09244399617697,5.13948647906788,6.15005107743561,1.01056459836773,0.00686536467917038,0.000270136410891058,-2.12380267216131,-0.680895281354431,-0.537432109674674,-0.415348042243823,-1.33496589074273,-1.21832739102911,23.9242177615254,4.44089209850063e-15
ELSA,final,257,351257,wealth,26.6639097427568,22.1735874082683,-4.49032233448855,21.5070223936241,15.3710053442343,-6.13601704938989,5.1568873491327,6.80258206403404,1.64569471490134,0.00332133987394927,1.47644426574544e-05,-2.837224872784,-1.00340829524216,-0.614732430667906,-0.455744342253104,-1.22490710844271,-1.61814072591007,26.3711901855123,3.5527136788005e-15
ELSA,final,258,351258,education,26.9771385856066,24.1330797104441,-2.84405887516255,21.1744347120774,17.6158440506447,-3.55859066143271,5.80270387352922,6.51723565979938,0.714531786270159,0.0289428481347038,0.00548190504762142,-1.74330213518209,-0.443010385031861,-0.549037609984636,-0.403978160014165,-0.419262371219954,-0.992047995016497,27.8775529247608,-1.77635683940025e-15
ELSA,final,258,351258,wealth,27.16518252615,22.7286899801559,-4.43649254599403,21.8360185983466,15.6019627160461,-6.23405588230053,5.32916392780338,7.12672726410987,1.7975633363065,0.0310299361343579,0.00152693578793484,-3.29348701435309,-1.07477102507363,-0.615226837939167,-0.525746882682469,-0.724824122252181,-1.68999786301279,27.1091227752861,-2.66453525910038e-15
ELSA,final,259,351259,education,27.151610395342,24.1186706509796,-3.03293974436233,21.5843390963988,17.1226944802276,-4.46164461617122,5.56727129894313,6.99597617075203,1.4287048718089,0.0845101509261257,0.0315908207377412,-1.96872922433545,-0.812876515509498,-0.628008782349179,-0.222933991075545,-0.829096102901554,-1.44088529785868,32.2949365495448,-1.77635683940025e-15
ELSA,final,259,351259,wealth,27.787295128543,22.924413408139,-4.86288172040406,21.2520279009611,15.5180390805941,-5.73398882036695,6.53526722758198,7.40637432754487,0.871107099962888,0.117239495774634,0.0161170133725015,-2.93436599368847,-1.09640114868148,-0.390566156378256,-0.541583936770226,-0.771071584848509,-1.48696730505974,25.932511409476,3.5527136788005e-15
ELSA,final,260,351260,education,26.9775277920558,23.453918793827,-3.52360899822875,22.1928250033148,16.9407183395799,-5.25210666373488,4.78470278874101,6.51320045424714,1.72849766550613,0.020479246263228,0.00138703237859297,-2.29526984980431,-0.785060154975908,-0.745558886424485,-0.238327764598837,-1.18789000793134,-1.53061904140039,29.1429542352809,-1.77635683940025e-15
ELSA,final,260,351260,wealth,26.8201757630239,22.1528062636561,-4.6673694993678,21.4674539847067,15.3885335152724,-6.07892046943427,5.35272177831723,6.76427274838369,1.41155097006646,0.0210890626047244,0.000629598276949617,-3.00815673828467,-1.16854880544773,-0.413961491728136,-0.575952998411051,-0.912300435562688,-1.58251029717586,26.0327521166458,-3.5527136788005e-15
ELSA,final,261,351261,education,26.7571918562082,23.5658554437895,-3.19133641241863,20.6277812060479,16.8133696499331,-3.81441155611476,6.12941065016027,6.7524857938564,0.623075143696133,0.113746440758676,0.0259467234541816,-1.81323461948701,-0.533247795654991,-0.670873682723054,-0.516148604089279,-0.280906854160422,-1.20412147837805,31.567686408871,4.44089209850063e-16
ELSA,final,261,351261,wealth,26.9448415903715,22.205991265963,-4.73885032440846,21.1642793737656,15.4601405243112,-5.70413884945435,5.78056221660591,6.74585074165179,0.965288525045888,0.059937656165135,0.00456718097194749,-2.8143066022356,-0.867626212500254,-0.521265473038626,-0.494281737383698,-1.00665882429616,-1.38889168553888,24.3488407662401,3.5527136788005e-15
ELSA,final,262,351262,education,26.777604175907,24.3095026696534,-2.46810150625362,21.5758515238296,16.9527710696606,-4.623080454169,5.20175265207738,7.35673159999275,2.15497894791537,0.0602361696254894,0.0241941430796209,-2.16908254516556,-0.793844629173144,-0.85825484446616,-0.139328441561735,-0.662569993802402,-1.6520994736393,35.735901419355,-2.66453525910038e-15
ELSA,final,262,351262,wealth,27.0148852017795,22.7059237478028,-4.30896145397663,21.3831489688835,15.0770803753293,-6.30606859355422,5.63173623289597,7.62884337247356,1.99710713957759,0.0445906400490226,0.0040704491484546,-3.2845460450288,-1.12091393433633,-0.767352973448375,-0.472757471760946,-0.660498168979762,-1.88826690778471,29.9436468184759,7.105427357601e-15
ELSA,final,263,351263,education,27.7980760014673,24.300383594189,-3.49769240727829,21.2737418534555,16.8658440622428,-4.40789779121277,6.52433414801179,7.43453953194627,0.910205383934473,0.0962909000620276,0.0294080287131562,-2.05610753887439,-0.75070653613137,-0.463815481045256,-0.395779912184611,-0.741488322977131,-1.21452201717663,27.5533162224814,2.66453525910038e-15
ELSA,final,263,351263,wealth,27.339369075621,23.3111329553655,-4.02823612025552,21.4034122004991,15.7181826390004,-5.68522956149873,5.9359568751219,7.59295031636511,1.65699344124321,0.0612188227921883,0.0165875802162283,-2.85674526778157,-0.904127008882398,-0.557006263938125,-0.312187353400522,-1.05516366749611,-1.46113327282052,25.7005149398988,3.5527136788005e-15
ELSA,final,264,351264,education,27.7569911803675,23.6814763438259,-4.07551483654158,21.5267119457353,16.7559493004,-4.77076264533526,6.23027923463219,6.92552704342588,0.695247808793688,0.0949556489743435,0.0187089651720116,-2.05500348430942,-0.755361872969067,-0.411436550597383,-0.436607059145402,-1.11235367831399,-1.16679842356645,24.4572725643209,-8.88178419700125e-16
ELSA,final,264,351264,wealth,27.615050404473,22.8059240789202,-4.80912632555287,21.7349358802773,15.5268740192977,-6.20806186097957,5.88011452419577,7.27905005962247,1.3989355354267,0.0700713952061986,0.00693222901371761,-3.03162592112394,-1.05175494252285,-0.451143609228917,-0.440542699082027,-1.23299468902184,-1.50289855175177,24.2088204886964,-3.5527136788005e-15
ELSA,final,265,351265,education,27.6976169788479,24.6023470630196,-3.09526991582827,22.0362693341878,17.3480125928357,-4.68825674135215,5.66134764466003,7.25433447018391,1.59298682552388,0.0617934579679921,0.0287337035988291,-1.8360440065417,-0.862041130965787,-0.631799593268048,-0.0897857443272127,-1.2685862662494,-1.49384072423384,31.8634581390906,0
ELSA,final,265,351265,wealth,27.9433314347202,22.8709884296281,-5.07234300509212,21.7828704694161,15.5601737341645,-6.22269673525157,6.16046096530411,7.31081469546356,1.15035373015945,0.0599512323570313,0.00403166580782563,-2.8424752916035,-1.08020251683401,-0.604794309489865,-0.478160181129568,-1.21706443619464,-1.68499682632388,27.0782411229905,0
ELSA,final,266,351266,education,26.1766223630869,23.3584543800211,-2.81816798306576,20.9154014844518,16.6047361724483,-4.3106653120035,5.26122087863506,6.7537182075728,1.49249732893774,0.0145496359346253,0.00145953282758923,-2.12170885258254,-0.522681274702354,-0.669793761624153,-0.403776596517389,-0.592704826577069,-1.19247503632651,27.6633640056892,-8.88178419700125e-16
ELSA,final,266,351266,wealth,26.6468093368203,22.617628718916,-4.02918061790431,21.4853877163538,15.4136355311042,-6.07175218524966,5.1614216204665,7.20399318781185,2.04257156734535,0.0173941832126188,0.000527950586920806,-3.28800151653744,-0.913421214959375,-0.526721898290745,-0.425204880828297,-0.918402674633798,-1.44014311325012,23.7187399833069,5.32907051820075e-15
ELSA,final,267,351267,education,26.9168193367699,23.5200912671216,-3.3967280696483,21.7055776164696,16.9292579861455,-4.7763196303241,5.21124172030023,6.59083328097602,1.37959156067579,0.0443239122475316,0.00787642360835606,-2.13736789920451,-0.6548920294411,-0.576486236980751,-0.234664344356959,-1.17290912034078,-1.23137826642185,25.780901650803,-1.77635683940025e-15
ELSA,final,267,351267,wealth,27.8562071940069,22.2561039826959,-5.60010321131099,21.9917592674855,15.2126736202443,-6.77908564724124,5.86444792652134,7.04343036245158,1.17898243593024,0.0671873636359868,0.00289736904569929,-3.08830177592409,-0.920537923043922,-0.77748059526843,-0.597427962848004,-1.3953373901568,-1.69801851831235,25.0478988859414,-7.105427357601e-15
ELSA,final,268,351268,education,26.4765021154997,23.5285138726878,-2.94798824281195,21.5812777373588,17.0119859378642,-4.56929179949454,4.89522437814096,6.51652793482355,1.62130355668259,0.0078389979833974,0.000438856316165111,-1.91304225377419,-0.703609388119733,-0.739192623193189,-0.225189766200398,-0.988257768207029,-1.44280201131292,31.576053240297,-5.32907051820075e-15
ELSA,final,268,351268,wealth,26.309385380529,22.6467390142204,-3.66264636630855,21.1108984084442,15.7141207009157,-5.39677770752853,5.19848697208475,6.93261831330472,1.73413134121997,0.00843110932441367,0.000171061272534034,-2.68701815039626,-0.853420274078377,-0.627164463513284,-0.343793557069568,-0.885381262471033,-1.48058473759166,27.4346066825439,0
ELSA,final,269,351269,education,25.655170823986,23.773875388381,-1.88129543560503,20.9146418269638,16.8076686619664,-4.10697316499738,4.74052899702225,6.9662067264146,2.22567772939235,0.0224151740838709,0.00366248150593419,-2.04310840522,-0.9222821126057,-0.641965180641125,-0.150195971615092,-0.34942149491547,-1.56424729324683,38.0875946933007,-1.77635683940025e-15
ELSA,final,269,351269,wealth,26.8294168168342,22.9025303856741,-3.92688643116006,21.1902799718267,15.5047278327111,-5.68555213911555,5.63913684500751,7.39780255296299,1.75866570795549,0.0359841263883427,0.00217384704772091,-2.91356318042374,-1.1042482702412,-0.497186610990729,-0.473836095511007,-0.696717981948873,-1.60143488123193,28.1667433882868,-3.5527136788005e-15
ELSA,final,270,351270,education,27.1787740916771,23.5433065820931,-3.635467509584,21.4516280467239,16.7103680728129,-4.74125997391096,5.72714604495321,6.83293850928017,1.10579246432697,0.0649697480623356,0.0191017929207546,-1.85784288113052,-0.830492162083054,-0.653362521100352,-0.252473598691851,-1.14708881090519,-1.48385468318341,31.2966319364134,-3.5527136788005e-15
ELSA,final,270,351270,wealth,27.0349499683948,22.0715984387712,-4.96335152962357,21.0932739542212,15.222689771814,-5.87058418240715,5.94167601417359,6.84890866695718,0.907232652783589,0.0544874772501795,0.00414035425318455,-2.95586152306315,-0.841892414333332,-0.424219013531809,-0.474539773198131,-1.17407145828074,-1.26611142786514,21.5670432196407,-4.44089209850063e-15
ELSA,final,271,351271,education,27.7381903358742,24.3838420569522,-3.35434827892204,21.7929738026917,16.9443270047517,-4.84864679794001,5.94521653318253,7.43951505220051,1.49429851901798,0.158971608697608,0.0791977649409325,-2.15577080849009,-0.567522379483003,-0.813737408896484,-0.20908658636289,-1.10252961470755,-1.38125978837949,28.4875315926565,-8.88178419700125e-16
ELSA,final,271,351271,wealth,27.7709428409633,23.3807327098295,-4.39021013113379,21.3962300904621,15.5023796404968,-5.89385044996534,6.3747127505012,7.87835306933275,1.50364031883155,0.17137555776275,0.0558612600000404,-3.04453868485501,-0.910001843620793,-0.703183750823623,-0.404458897146814,-0.831667273519095,-1.61318559444442,27.3706570626322,-3.5527136788005e-15
ELSA,final,272,351272,education,26.1931035252766,23.6007472464314,-2.59235627884513,21.033137207779,16.9123246295859,-4.12081257819313,5.15996631749755,6.68842261684554,1.52845629934799,0.0366038794400365,0.00723890690720238,-1.62346173306748,-0.869887460972724,-0.82204778584043,-0.29110389232351,-0.514311705988989,-1.69193524681315,41.0582916526387,-8.88178419700125e-16
ELSA,final,272,351272,wealth,27.0037069155404,22.1902134002225,-4.81349351531791,21.4623513336676,15.346064246601,-6.11628708706652,5.54135558187287,6.84414915362148,1.30279357174862,0.046575253186825,0.00262934017885198,-2.81844663524507,-0.960780801442558,-0.639245347256513,-0.418702097169154,-1.27911220595323,-1.60002614869907,26.1600890527601,-1.77635683940025e-15
ELSA,final,273,351273,education,27.7087832453678,23.561166582809,-4.14761666255882,21.7740821781879,16.7849695411826,-4.98911263700535,5.93470106717991,6.77619704162644,0.841495974446535,0.0241432772992219,0.00171510359760117,-1.77264506387477,-0.982872097911399,-0.449678859489812,-0.456848773452707,-1.32706784227666,-1.43255095740121,28.7135420991634,-1.77635683940025e-15
ELSA,final,273,351273,wealth,27.4166504436511,22.3990661291145,-5.01758431453662,21.7010623326952,15.4689071430597,-6.23215518963547,5.71558811095587,6.93015898605472,1.21457087509885,0.0258176301774234,0.000801903860398926,-2.52386016416599,-0.955173883462073,-0.681395572822587,-0.510373922823304,-1.56135164636151,-1.63656945628466,26.2600883079162,0
ELSA,final,274,351274,education,27.2449366794136,23.6259883577515,-3.61894832166209,21.4651369149783,16.7686689530209,-4.69646796195742,5.77979976443525,6.85731940473058,1.07751964029533,0.0483341370793515,0.0071189099898173,-1.9055654139828,-0.941825035231359,-0.537804860981257,-0.375096943015287,-0.936175708746717,-1.47962989621262,31.505163203454,8.88178419700125e-16
ELSA,final,274,351274,wealth,26.5725692363729,22.460956582915,-4.11161265345795,20.9919508168182,15.5147625335426,-5.47718828327563,5.58061841955474,6.94619404937242,1.36557562981768,0.0287146360702669,0.00157222900065513,-2.48093342581215,-0.953668381692753,-0.769085737325018,-0.47040052958732,-0.803100208858395,-1.72275411901777,31.4532572173597,-3.5527136788005e-15
ELSA,final,275,351275,education,27.9861067607804,24.3833872417503,-3.60271951903009,20.9877262439253,16.9340659243239,-4.05366031960132,6.9983805168551,7.44932131742633,0.450940800571226,0.209772170946662,0.104001911896716,-1.53530766487046,-0.485409510897035,-0.581989529938135,-0.284410668197238,-1.16654294569845,-1.06739904083517,26.3317337092554,8.88178419700125e-16
ELSA,final,275,351275,wealth,28.1095051510452,23.6464431503155,-4.46306200072975,21.07189109254,15.6860474740382,-5.38584361850178,7.03761405850527,7.9603956762773,0.922781617772035,0.209648491585345,0.0718539022467767,-2.57928171393023,-1.03222006460542,-0.521166497561413,-0.446324326170198,-0.806851016234519,-1.55338656216684,28.8420286996553,0
ELSA,final,276,351276,education,26.9061756961921,23.833730155262,-3.07244554093002,21.0685301664545,16.9601453388894,-4.10838482756511,5.83764552973757,6.87358481637266,1.03593928663509,0.0821679608973649,0.0242771609263676,-1.67878319556971,-0.704478578625843,-0.688658578004856,-0.297257477778682,-0.739206997586019,-1.3931371566307,33.9096071839103,-1.77635683940025e-15
ELSA,final,276,351276,wealth,26.8420615169407,22.5901728015942,-4.25188871534648,21.1307045305048,15.4027753390985,-5.72792919140632,5.71135698643593,7.18739746249577,1.47604047605984,0.0501339172375184,0.00383677432402282,-2.93351389352358,-0.880997136508773,-0.667219630021147,-0.434217640658982,-0.811980890693827,-1.54821676652992,27.0292581279239,5.32907051820075e-15
ELSA,final,277,351277,education,28.3072731245741,23.7546380726482,-4.55263505192592,21.7117750215067,16.7733209632989,-4.93845405820779,6.59549810306741,6.98131710934929,0.385819006281874,0.0488418044755223,0.00216083469353641,-2.25639152754081,-0.597733077821966,-0.705794664560009,-0.755357604697782,-0.623177183587222,-1.30352774238198,26.3954615557371,1.77635683940025e-15
ELSA,final,277,351277,wealth,26.8175177929336,22.5157933501635,-4.30172444277018,21.1095697765246,15.4318789014775,-5.67769087504717,5.70794801640901,7.083914448686,1.37596643227699,0.00666119978850261,0.000137113421816323,-3.08476702321802,-0.930940808512767,-0.50403115929821,-0.578950022586476,-0.579001861431694,-1.43497196781098,25.2738657209663,-8.88178419700125e-16
ELSA,final,278,351278,education,27.5187157570989,24.2014028025764,-3.31731295452256,21.7407058336587,17.1584380619874,-4.58226777167129,5.77800992344018,7.04296474058892,1.26495481714874,0.0958189582342379,0.0325213785105391,-2.00403147312581,-0.62591397058104,-0.645428321094956,-0.279001868830156,-1.02789213803933,-1.271342291676,27.7448275619279,-1.77635683940025e-15
ELSA,final,278,351278,wealth,27.014370492535,23.4682511783106,-3.54611931422441,21.319578995457,15.8271646534914,-5.49241434196562,5.69479149707796,7.64108652481917,1.94629502774122,0.0654582131304155,0.0144145264954807,-2.86952718538288,-0.865746291865871,-0.530369916586313,-0.261596118631736,-0.965174829498829,-1.39611620845218,25.4189892008865,-8.88178419700125e-16
ELSA,final,279,351279,education,27.1571038769718,23.5406197624549,-3.61648411451682,21.3103337098693,17.011680978493,-4.2986527313763,5.84677016710251,6.52893878396199,0.682168616859481,0.0489640792930718,0.00711246692408869,-1.64729281636243,-0.737448768762432,-0.617714952528334,-0.395994521661124,-0.900201672061983,-1.35516372129077,31.5253128357936,2.66453525910038e-15
ELSA,final,279,351279,wealth,27.0187965421183,22.3971075309815,-4.62168901113687,21.2598431759376,15.3912368678285,-5.86860630810914,5.7589533661807,7.00587066315296,1.24691729697226,0.0389100537991553,0.00223175761410868,-2.92881221745796,-0.956822009782808,-0.429881292734762,-0.428528779825235,-1.12456200830838,-1.38670330251757,23.6291758164362,8.88178419700125e-16
ELSA,final,280,351280,education,27.1206106698555,23.9126576852217,-3.2079529846338,21.3951585370958,16.9247404346589,-4.47041810243695,5.7254521327597,6.98791725056285,1.26246511780315,0.0524161412437642,0.0107158686525947,-2.20445438991954,-0.70963732989209,-0.626115060003187,-0.306348262454189,-0.623863060167949,-1.33575238989528,29.8798089862584,-1.77635683940025e-15
ELSA,final,280,351280,wealth,26.9392574290526,22.6209517830572,-4.3183056459954,21.1829290106056,15.4630849955056,-5.71984401510001,5.75632841844699,7.1578667875516,1.40153836910461,0.0325356730892797,0.00279261604971425,-2.60166333031266,-1.10012628821667,-0.540732591902695,-0.284559202654566,-1.19276260201343,-1.64085888011936,28.6871263584741,-8.88178419700125e-16
ELSA,final,281,351281,education,28.030556176624,23.6372312444355,-4.39332493218848,21.7717424762262,16.7080483974301,-5.06369407879611,6.25881370039775,6.92918284700538,0.670369146607627,0.100822149462579,0.0224573234114266,-2.53524684085395,-0.650399372013709,-0.533897126850954,-0.432293903962675,-0.911856835114823,-1.18429649886466,23.3879946228155,0
ELSA,final,281,351281,wealth,26.9186541145538,22.6276445068186,-4.29100960773526,20.9590795777523,15.4393992439795,-5.51968033377276,5.95957453680154,7.18824526283904,1.2286707260375,0.0524712845069953,0.00723370602717949,-3.14466251702898,-0.920590470890731,-0.404732116083967,-0.419074787186503,-0.630620442582584,-1.3253225869747,24.0108576372724,0
ELSA,final,282,351282,education,27.1898795018941,24.2789757858422,-2.91090371605194,21.052510763597,17.2541798484253,-3.79833091517173,6.13736873829713,7.02479593741692,0.887427199119792,0.115800456731876,0.0489435860146408,-1.59524203444374,-0.779178302119566,-0.412510156941239,-0.289491383083524,-0.721909038583669,-1.1916884590608,31.3740030996464,-1.77635683940025e-15
ELSA,final,282,351282,wealth,27.3285731106856,22.9180178906715,-4.41055522001417,21.2233085783094,15.6122843778317,-5.61102420047762,6.10526453237628,7.30573351283972,1.20046898046345,0.0875674438707959,0.0146433473174955,-2.81000110518816,-0.946353850071395,-0.556108776702752,-0.466006706704625,-0.832553761810692,-1.50246262677415,26.7769764145065,-8.88178419700125e-16
ELSA,final,283,351283,education,27.724284861739,24.3717786753073,-3.35250618643172,21.3036680337012,17.1887556442439,-4.11491238945723,6.42061682803789,7.18302303106339,0.762406203025503,0.103765035333103,0.0306989226821444,-1.48561930675641,-0.791994174223375,-0.734140783809337,-0.403376788102494,-0.699781336565608,-1.52613495803271,37.0879088930983,1.77635683940025e-15
ELSA,final,283,351283,wealth,27.0682728527749,23.4285264260598,-3.63974642671519,20.7578931718948,15.830061412002,-4.9278317598928,6.31037968088011,7.59846501405772,1.28808533317761,0.0870540094078275,0.0163262278571218,-2.7288414326505,-0.98630507517688,-0.487296404813246,-0.449687592274161,-0.275701254978017,-1.47360147999013,29.9036483344184,0
ELSA,final,284,351284,education,26.6764076364372,23.6401682990511,-3.03623933738612,21.0936051827073,16.6987019720149,-4.39490321069239,5.58280245372996,6.94146632703624,1.35866387330628,0.0489242816977409,0.0133410951585266,-1.68308449315093,-0.93296212247191,-0.752213682508844,-0.291034763477863,-0.735608149082849,-1.68517580498075,38.3438661602576,-1.77635683940025e-15
ELSA,final,284,351284,wealth,26.6894557072228,22.7503949667124,-3.93906074051044,21.1169379000569,15.5389126531094,-5.57802524694755,5.57251780716591,7.21148231360302,1.63896450643712,0.0236708425320457,0.00161898208331734,-3.19658897025897,-0.806760845509438,-0.562797411984074,-0.497172875846914,-0.514705143348156,-1.36955825749351,24.5527439705113,0
ELSA,final,285,351285,education,27.286681964421,23.2741375355185,-4.01254442890257,21.3500159684506,16.5917936783369,-4.75822229011371,5.9366659959704,6.68234385718154,0.745677861211139,0.0600729641328181,0.00544675820049428,-2.32610987623028,-0.588656225166585,-0.704183813998265,-0.525256477599143,-0.61401589711944,-1.29284003916485,27.1706524062783,-3.5527136788005e-15
ELSA,final,285,351285,wealth,27.541564526709,21.9299939341738,-5.61157059253522,21.8639206922876,15.1747398347707,-6.68918085751688,5.67764383442145,6.75525409940311,1.07761026498166,0.0709555089491061,0.00320628554123264,-3.38449350335946,-1.01275913340886,-0.567545281634856,-0.58832188783321,-1.13606105128049,-1.58030441504372,23.6247822970413,2.66453525910038e-15
ELSA,final,286,351286,education,26.8662780472834,23.5156373160481,-3.35064073123526,21.5011593860253,16.9017089913334,-4.59945039469193,5.3651186612581,6.61392832471476,1.24880966345666,0.0492108281082486,0.00950645818867914,-2.06407437506167,-0.928372454249815,-0.37036160061177,-0.401999984976795,-0.834641979791877,-1.29873405486158,28.2367227258372,-8.88178419700125e-16
ELSA,final,286,351286,wealth,26.2394235476665,21.9105802045752,-4.32884334309126,20.6206272193086,15.1115285058639,-5.50909871344473,5.61879632835783,6.7990516987113,1.18025537035346,0.0201113417744254,0.000799194426399617,-2.74604844995526,-0.776986030009564,-0.51597685303258,-0.505168642607992,-0.964918737839333,-1.29296288304214,23.4695900417744,3.5527136788005e-15
ELSA,final,287,351287,education,28.3913742491663,23.5423486635097,-4.84902558565665,22.1695552278626,17.0464978167689,-5.12305741109377,6.2218190213037,6.49585084674081,0.274031825437112,0.0698068581426866,0.00687690374053779,-1.97959962665589,-0.909599650657462,-0.450134856796508,-0.512562103262922,-1.27116117372098,-1.35973450745397,26.5414653466409,4.44089209850063e-15
ELSA,final,287,351287,wealth,27.0022546697195,22.5459484137897,-4.45630625592981,21.3203949015214,15.6631340303654,-5.65726087115605,5.68185976819813,6.88281438342436,1.20095461522624,0.018975792264448,0.000947037524191235,-2.75481924402698,-1.07845072911509,-0.443729469280738,-0.478720437092348,-0.901540991640885,-1.52218019839583,26.9066644275992,3.5527136788005e-15
ELSA,final,288,351288,education,27.0578930514512,23.776567140499,-3.28132591095224,21.7974533949359,16.8015064245117,-4.99594697042417,5.26043965651539,6.97506071598731,1.71462105947192,0.118610737127511,0.0423377688298993,-2.38916503095117,-0.734052040046777,-0.855018563815528,-0.298265694641817,-0.719445640968878,-1.58907060386231,31.8071951778021,3.5527136788005e-15
ELSA,final,288,351288,wealth,27.3255515446772,22.7249949366947,-4.60055660798246,21.2183222281734,15.5497437604558,-5.66857846771761,6.10722931650384,7.17525117623899,1.06802185973515,0.118103809830791,0.0195164529088861,-2.87737230880828,-0.859302001772557,-0.788293595209384,-0.51690014202811,-0.626710419899277,-1.64759559698194,29.0654104263521,1.77635683940025e-15
ELSA,final,289,351289,education,26.6103745621498,24.3275442790041,-2.28283028314571,21.4176766431981,17.1603787314473,-4.25729791175078,5.19269791895169,7.16716554755676,1.97446762860507,0.0874803759614455,0.03821719442327,-1.62797346571643,-1.12484470327524,-0.863092984321187,-0.296024315810312,-0.345362442627605,-1.98793768759643,46.6948221337629,-1.77635683940025e-15
ELSA,final,289,351289,wealth,27.5859479696374,22.9005742294612,-4.68537374017618,21.2865443273624,15.6870309717876,-5.59951335557484,6.29940364227494,7.2135432576736,0.914139615398654,0.0992728582486954,0.0150379869430757,-2.745089441241,-0.845600030213893,-0.566778831192627,-0.544427799865285,-0.897617253062032,-1.41237886140652,25.2232430162947,4.44089209850063e-15
ELSA,final,290,351290,education,26.3340067283485,24.0393186232987,-2.29468810504973,20.6359657705248,17.2356868931387,-3.40027887738608,5.69804095782365,6.80363173016,1.10559077233635,0.0555669094723928,0.0134361721857599,-2.17147639836263,-0.293324278960616,-0.354968362375728,-0.284325419104319,-0.296184418582787,-0.648292641336343,19.0658667925117,4.44089209850063e-16
ELSA,final,290,351290,wealth,27.7353396608375,22.7965706259472,-4.93876903489025,21.6160259541431,15.9175533275364,-5.69847262660661,6.11931370669444,6.87901729841081,0.759703591716366,0.0759071712861089,0.00579404203491321,-2.75374745058717,-0.912846635926831,-0.488549540588912,-0.52118097944579,-1.02214802005791,-1.40139617651574,24.59248764261,-1.77635683940025e-15
ELSA,final,291,351291,education,26.2425990514451,24.2429782911183,-1.99962076032677,21.0455168868987,17.3790294158431,-3.66648747105558,5.19708216454639,6.86394887527519,1.66686671072881,0.0366764693717573,0.0152244276481399,-1.95971439983397,-0.41860081768134,-0.605027204859605,-0.0891340513019621,-0.594010997378704,-1.02362802254094,27.9184923069229,-4.44089209850063e-15
ELSA,final,291,351291,wealth,26.7751180059869,23.1261049567508,-3.64901304923603,21.275528821331,15.8177512992126,-5.45777752211834,5.4995891846559,7.30835365753821,1.80876447288231,0.0389981094346655,0.0034120906768175,-3.05198973668623,-1.02088304795526,-0.571568285820446,-0.461757651459893,-0.351578800196511,-1.59245133377571,29.177652026344,1.77635683940025e-15
ELSA,final,292,351292,education,27.0547505892778,24.0725504040559,-2.98220018522191,21.007842414038,16.6258541145299,-4.38198829950807,6.04690817523984,7.446696289526,1.39978811428616,0.120505608264658,0.0514316182945753,-2.44279656830634,-0.580332522465515,-0.473261424836005,-0.270979191704185,-0.614618592196016,-1.05359394730152,24.0437416827379,8.88178419700125e-16
ELSA,final,292,351292,wealth,27.4184676789113,22.2362765851629,-5.18219109374839,21.1684581705397,15.2662006961252,-5.90225747441451,6.25000950837166,6.97007588903778,0.720066380666117,0.105520451829488,0.0174351208045002,-2.76539238074658,-1.05880092369853,-0.399264506466899,-0.501550258905276,-1.17724940459724,-1.45806543016543,24.7035212626007,0
ELSA,final,293,351293,education,26.647002515481,24.1727714302627,-2.47423108521826,21.3191469715813,17.2516704429998,-4.0674765285815,5.32785554389972,6.92110098726296,1.59324544336324,0.105101886149013,0.0404257988206551,-1.95335897395988,-0.6407042905935,-0.736875123666434,-0.47999956229363,-0.256538578068049,-1.37757941425993,33.8681589083528,1.77635683940025e-15
ELSA,final,293,351293,wealth,27.1140058121033,22.5563656367291,-4.55764017537423,21.2014183060258,15.3632214776726,-5.83819682835321,5.91258750607752,7.1931441590565,1.28055665297898,0.0614608646791639,0.00652674927616772,-2.97413620565544,-0.911729963231341,-0.515411378483336,-0.559541059379995,-0.877378221603095,-1.42714134171468,24.4448994042778,8.88178419700125e-16
ELSA,final,294,351294,education,27.1395485947752,23.58937430451,-3.55017429026519,21.5212455953951,17.1296037887514,-4.39164180664374,5.61830299938009,6.45977051575864,0.841467516378546,0.033231806376877,0.00473397502210055,-1.50113459050269,-0.970097970584592,-0.583105275410425,-0.41328797433666,-0.924015995809371,-1.55320324599502,35.3672570391626,1.77635683940025e-15
ELSA,final,294,351294,wealth,26.6866711705045,22.4275930942147,-4.2590780762898,21.3612699251471,15.5025796025866,-5.85869032256052,5.32540124535736,6.92501349162809,1.59961224627073,0.0160343322013624,0.000571236175966589,-2.90203030659032,-0.995654655513698,-0.586573876312066,-0.466570417779849,-0.907861066364591,-1.58222853182576,27.0065226989887,-8.88178419700125e-16
ELSA,final,295,351295,education,27.5951981431021,23.6985024647347,-3.89669567836737,21.8809879044111,16.6693040209424,-5.21168388346867,5.71421023869104,7.02919844379234,1.3149882051013,0.0643709580870972,0.0119931226744102,-2.41954480839361,-0.570725576822586,-0.63020329786257,-0.318719433922431,-1.27249076646747,-1.20092887468516,23.043010695535,-2.66453525910038e-15
ELSA,final,295,351295,wealth,27.7242925983572,22.6241423938344,-5.10015020452285,21.9067785495405,15.4754425491574,-6.4313360003831,5.81751404881673,7.14869984467699,1.33118579586026,0.0457382370122835,0.00168530741160578,-3.33813165124406,-0.756595706452135,-0.672208362224501,-0.580750758239276,-1.08364952222314,-1.42880406867664,22.216287076146,-2.66453525910038e-15
ELSA,final,296,351296,education,26.4585240624198,24.5673412279115,-1.89118283450833,21.0922509630007,17.2658417411454,-3.82640922185523,5.36627309941917,7.30149948676607,1.9352263873469,0.0724854104394369,0.0312212062425688,-1.99686162015662,-0.677543721523278,-0.751112271916678,-0.210665950493626,-0.190225657765031,-1.42865599343996,37.3367277415058,1.33226762955019e-15
ELSA,final,296,351296,wealth,27.7959769189984,23.2072265869733,-4.58875033202512,21.6348647469348,15.7227393677419,-5.91212537919289,6.16111217206362,7.48448721923139,1.32337504716777,0.0857895389716111,0.0137920635006091,-2.83946198700612,-0.978616753297432,-0.531903012397524,-0.339745452601884,-1.22239817388993,-1.51051976569496,25.5495218523456,-8.88178419700125e-16
ELSA,final,297,351297,education,27.2497194327781,23.9248956039211,-3.324823828857,20.7916729206809,17.1329903690078,-3.65868255167307,6.45804651209726,6.79190523491334,0.33385872281608,0.119802197522509,0.0347894573947447,-1.86180705206535,-0.36033376384791,-0.491832808462378,-0.406458644321178,-0.538250282976259,-0.852166572310288,23.291623699919,8.88178419700125e-16
ELSA,final,297,351297,wealth,27.2177142679184,22.5811694372255,-4.63654483069289,21.0520447119631,15.634762167479,-5.41728254448411,6.16566955595528,6.9464072697465,0.78073771379122,0.0872834158558195,0.0104774609337467,-2.88707471323524,-0.929242060180322,-0.442552965885147,-0.503809396325485,-0.65460340885791,-1.37179502606547,25.3225674459649,-1.77635683940025e-15
ELSA,final,298,351298,education,28.4376345011271,23.3966077611178,-5.04102674000928,21.3551546346284,16.7818989895496,-4.57325564507882,7.0824798664986,6.61470877156814,-0.467771094930455,0.153311375018223,0.0227727434869152,-1.61966477210033,-0.782955279974096,-0.53895880431318,-0.719437120628923,-0.912239668062295,-1.32191408428728,28.905317937119,1.77635683940025e-15
ELSA,final,298,351298,wealth,27.4270355891471,22.0614751720502,-5.36556041709685,21.2378633450355,15.3939768790597,-5.84388646597586,6.18917224411157,6.66749829299058,0.478326048879008,0.0957838882713671,0.0100104964402116,-2.88848773425165,-1.021143822818,-0.330036238667872,-0.591920619420912,-1.01229805081742,-1.35118006148587,23.1212579052088,-8.88178419700125e-16
ELSA,final,299,351299,education,28.5390383991341,23.998407892677,-4.54063050645711,22.2868969018436,16.9817199224534,-5.30517697939017,6.25214149729052,7.01668797022357,0.764546472933057,0.0797487590199251,0.0101933461400932,-2.16123155431968,-0.782844359868102,-0.638315830222768,-0.574511432854171,-1.14827380212545,-1.42116019009087,26.7881768244842,-8.88178419700125e-16
ELSA,final,299,351299,wealth,27.8483633531255,23.4466008731053,-4.40176248002023,21.6900523861407,15.6615731680081,-6.02847921813258,6.1583109669848,7.78502770509715,1.62671673811235,0.0572160563620143,0.00599749423998245,-3.28747052841463,-0.918400240243515,-0.551916695638465,-0.516050946403082,-0.754640807432894,-1.47031693588198,24.3895165377618,-2.66453525910038e-15
ELSA,final,300,351300,education,26.2286454562745,24.1643417942895,-2.0643036619851,21.4473056290488,17.1183949123827,-4.32891071666606,4.78133982722578,7.04594688190674,2.26460705468096,0.0375845356035073,0.0135964383322865,-2.06425666534306,-0.53066162712444,-0.845715141630967,0.0502181244968245,-0.938495407064418,-1.37637676875541,31.7949909074455,0
ELSA,final,300,351300,wealth,26.5288786782644,23.1436267406359,-3.38525193762844,21.2020627747096,15.7675601831754,-5.4345025915342,5.32681590355472,7.37606655746049,2.04925065390576,0.050029408481293,0.00636164693123269,-2.87072150986674,-0.827980739759575,-0.696754046391158,-0.251966256574808,-0.78708003894191,-1.52473478615073,28.0565656280291,3.5527136788005e-15
ELSA,final,301,351301,education,27.7746000457665,23.7722059070077,-4.00239413875886,21.717597663751,17.1026544572192,-4.61494320653183,6.05700238201552,6.6695514497885,0.612549067772971,0.0733985858016562,0.0103592322983148,-2.14433591785599,-0.685783073443305,-0.490584442003257,-0.600909734714596,-0.69333003851468,-1.17636751544656,25.4904007005237,8.88178419700125e-16
ELSA,final,301,351301,wealth,27.4854872796355,22.4721183752771,-5.01336890435848,21.50997596036,15.5582293892322,-5.95174657112773,5.97551131927557,6.91388898604482,0.938377666769252,0.0428568284373203,0.00230856156956665,-2.82470521235641,-0.757007642838987,-0.685709020243359,-0.662870758400683,-1.02145393728829,-1.44271666308235,24.2402233670541,-8.88178419700125e-16
ELSA,final,302,351302,education,25.7241707250142,23.425506450732,-2.29866427428219,21.1426575573934,16.6542634219143,-4.48839413547907,4.58151316762083,6.77124302881771,2.18972986119688,0.0181275413468351,0.00293946708542681,-2.16613252697581,-0.800209593914762,-0.809813901124601,-0.199677449854355,-0.512560663609536,-1.61002349503936,35.8708136238022,1.77635683940025e-15
ELSA,final,302,351302,wealth,26.1122821132135,22.7703717813709,-3.34191033184259,20.8860753311953,15.5899678412167,-5.29610748997863,5.22620678201816,7.18040394015419,1.95419715813603,0.0132666519203756,0.000834536586093863,-2.94057811281662,-0.992020554378809,-0.553840193497398,-0.344786605988145,-0.464882023297657,-1.54586074787621,29.1886210920248,2.66453525910038e-15
ELSA,final,303,351303,education,26.0966574335143,24.266044226805,-1.83061320670932,20.6876883996159,17.1589888682129,-3.528699531403,5.40896903389837,7.10705535859205,1.69808632469369,0.0765021805202807,0.0309027040606354,-2.0787188590831,-0.536286214538632,-0.549671264947137,-0.21778455489673,-0.146238637937405,-1.08595747948577,30.7750056308703,4.44089209850063e-16
ELSA,final,303,351303,wealth,27.7986066387565,22.5585316542114,-5.24007498454511,21.7565090413856,15.4308846801774,-6.32562436120821,6.0420975973709,7.12764697403399,1.0855493766631,0.0959020913534987,0.00973098211421617,-3.15837887191831,-0.91216212545332,-0.540789704241818,-0.481190535740596,-1.23310312385417,-1.45295182969514,22.9693030557638,2.66453525910038e-15
ELSA,final,304,351304,education,26.9111333694955,23.3482866561074,-3.56284671338802,21.2756355271031,16.7545832640432,-4.52105226305992,5.63549784239238,6.59370339206428,0.958205549671905,0.0279918272133454,0.00308802442422371,-1.82782978123116,-0.820766680706188,-0.673315003438459,-0.409179562979589,-0.789961234704525,-1.49408168414465,33.047211074119,-1.77635683940025e-15
ELSA,final,304,351304,wealth,26.5168018159885,22.6887287982709,-3.82807301771759,21.0020538752971,15.4352490858684,-5.5668047894287,5.5147479406914,7.25347971240251,1.73873177171111,0.0238359107287552,0.00145335658913434,-2.97803874744143,-0.993484838763763,-0.49554384475235,-0.349081086121504,-0.750656272349649,-1.48902868351611,26.7483545739517,1.77635683940025e-15
ELSA,final,305,351305,education,26.9217787097031,24.0219895449802,-2.89978916472284,21.2357303802781,17.2143780979976,-4.02135228228052,5.68604832942492,6.80761144698261,1.12156311755769,0.0951373721761089,0.0263191034924524,-2.00133583657875,-0.678405104154958,-0.672997570351341,-0.358812383439139,-0.309801387756338,-1.3514026745063,33.6056773852182,8.88178419700125e-16
ELSA,final,305,351305,wealth,27.0778119422722,22.3584341999414,-4.71937774233081,21.0104053614436,15.659702524625,-5.35070283681852,6.06740658082863,6.69873167531634,0.631325094487711,0.0823969028729069,0.00680663508028367,-2.79503156936569,-0.735632753183468,-0.686090315258049,-0.619926532531641,-0.514021666479669,-1.42172306844152,26.5707723228162,8.88178419700125e-16
ELSA,final,306,351306,education,27.5914533026478,23.6579350575927,-3.93351824505507,21.6216357131768,16.6129533161531,-5.00868239702373,5.96981758947093,7.04498174143959,1.07516415196866,0.186960120830302,0.082527371424759,-2.05739466471954,-0.9074932975668,-0.546703481735806,-0.320480092562776,-1.17661086043881,-1.45419677930261,29.0335194774323,-8.88178419700125e-16
ELSA,final,306,351306,wealth,27.0604969231801,22.7608080087786,-4.29968891440145,20.9598759795026,15.0705121648522,-5.88936381465037,6.10062094367752,7.69029584392645,1.58967490024892,0.14265352268611,0.0508203955213911,-2.91702964527717,-0.983923271516034,-0.601095055397419,-0.377115566005514,-1.01020027645423,-1.58501832691345,26.9132350589475,1.77635683940025e-15
ELSA,final,307,351307,education,26.9107160904432,23.1825820223227,-3.72813406812051,21.45064535687,16.6942801201914,-4.75636523667868,5.4600707335732,6.48830190213136,1.02823116855817,0.0864368577058787,0.0225375963311796,-2.2432180341544,-0.831117076429086,-0.539095849119278,-0.483038753250313,-0.659895523725608,-1.37021292554836,28.807983772608,-3.5527136788005e-15
ELSA,final,307,351307,wealth,27.4568691492363,22.0864237590884,-5.37044539014788,21.2982357098739,15.2669364214519,-6.03129928842202,6.15863343936237,6.81948733763652,0.660853898274144,0.119490979145582,0.0212178324484532,-2.67268925584359,-1.18816799835205,-0.547730884744503,-0.591202881960762,-1.03150826752112,-1.73589888309655,28.7815079319454,5.32907051820075e-15
ELSA,final,308,351308,education,25.5250782068676,23.7746642095381,-1.75041399732951,20.5071996103971,16.9954913644764,-3.51170824592065,5.01787859647051,6.77917284506166,1.76129424859114,0.0224463659996884,0.00478887740897948,-1.93226163756891,-0.629920567221062,-0.501868056199975,-0.127901088457248,-0.319756896473455,-1.13178862342104,32.2290049219143,-1.33226762955019e-15
ELSA,final,308,351308,wealth,26.5388025314417,22.7827875891132,-3.75601494232855,21.075659978086,15.7258360738852,-5.34982390420077,5.46314255335575,7.05695151522797,1.59380896187222,0.0478884051187385,0.00398739520767989,-2.99768405995523,-0.655043223146157,-0.479391658908654,-0.304597976122999,-0.913106986067729,-1.13443488205481,21.2050882864394,-1.77635683940025e-15
ELSA,final,309,351309,education,27.1528734301966,24.0955594419003,-3.05731398829638,21.2708281305199,17.3952974254335,-3.87553070508637,5.88204529967674,6.70026201646673,0.818216716789996,0.0746702676617784,0.01553335532303,-1.82087108278445,-0.700221726964936,-0.5206085382194,-0.383455748235582,-0.450373608881999,-1.22083026518434,31.5009829126648,-4.44089209850063e-16
ELSA,final,309,351309,wealth,27.2586370697613,23.0171055286201,-4.24153154114122,21.3870564756466,16.0941551896418,-5.29290128600484,5.87158059411472,6.92295033897834,1.05136974486362,0.0478935492404079,0.00390428794723965,-2.76126667560153,-0.926876363186728,-0.275655301470039,-0.370995025226952,-0.958107920519591,-1.20253166465677,22.7197070127952,0
ELSA,final,310,351310,education,26.2814311634142,24.2487488440523,-2.0326823193619,21.1959464504579,17.425698390315,-3.77024806014294,5.08548471295632,6.82305045373736,1.73756574078104,0.0506898054075045,0.0197686157654552,-2.09488131589455,-0.660811500269719,-0.359015560647364,-0.0915207968750036,-0.564018886456304,-1.01982706091708,27.0493358699167,1.33226762955019e-15
ELSA,final,310,351310,wealth,27.3076254780599,23.136606920447,-4.17101855761282,21.6158116012193,15.8075385070647,-5.80827309415457,5.69181387684056,7.3290684133823,1.63725453654175,0.0715529707954994,0.00893789246759773,-3.2353445337589,-0.785727909950468,-0.590224978354277,-0.430726718902311,-0.766248953188612,-1.37595288830474,23.6895350132469,-2.66453525910038e-15
ELSA,final,311,351311,education,26.5181264175495,23.5127830852463,-3.00534333230324,21.7275517280458,17.086751928299,-4.64079979974678,4.79057468950372,6.42603115694725,1.63545646744353,0.0154415218421597,0.00159145955274365,-1.96003162365227,-0.867391562714872,-0.66913118705076,-0.431134868028139,-0.713110558300742,-1.53652274976563,33.1090074139693,-2.66453525910038e-15
ELSA,final,311,351311,wealth,26.8375081960187,22.2534149376824,-4.58409325833631,21.2728342625254,15.2932367308956,-5.97959753162978,5.56467393349333,6.9601782067868,1.39550427329347,0.0182979576279596,0.000682461751377701,-3.00972794871242,-0.94448397511106,-0.528242755254257,-0.616794277419663,-0.880348575132376,-1.47272673036532,24.6291949010808,5.32907051820075e-15
ELSA,final,312,351312,education,26.1997329275428,23.4410053844227,-2.75872754312013,20.5337529724444,16.5849085394508,-3.94884443299363,5.66597995509841,6.8560968449719,1.19011688987349,0.0669959247749064,0.0180684113248468,-1.91185879400193,-0.58433544363248,-0.648876439991977,-0.323514306448109,-0.480259448919133,-1.23321188362446,31.2296902182484,-2.66453525910038e-15
ELSA,final,312,351312,wealth,26.6989413426397,22.6155051482544,-4.08343619438533,20.6962179632423,15.1988931292272,-5.4973248340151,6.00272337939742,7.41661201902719,1.41388863962977,0.0743853021350437,0.0105240976201218,-2.92751916601001,-0.7402865998201,-0.609839892540261,-0.382340483129535,-0.83733869251519,-1.35012649236036,24.5597000927862,-2.66453525910038e-15
ELSA,final,313,351313,education,26.5865108838355,22.8113671439846,-3.77514373985089,21.2148264101332,16.5432287101333,-4.67159769999985,5.37168447370232,6.26813843385127,0.89645396014895,0.0267503829114367,0.00272804613199355,-1.95613136464588,-0.674963618947252,-0.496250442768208,-0.33595597979022,-1.20829629384829,-1.17121406171546,25.0709529571756,-2.66453525910038e-15
ELSA,final,313,351313,wealth,26.6408319894731,21.6604661258437,-4.98036586362933,20.8939382089846,15.1242280500319,-5.76971015895275,5.74689378048843,6.53623807581185,0.789344295323419,0.0295849129506495,0.00102471305913533,-2.73262272632061,-0.707494405471516,-0.510441842453575,-0.50907221464509,-1.31007897006195,-1.21793624792509,21.1091409164678,1.77635683940025e-15
ELSA,final,314,351314,education,27.8322784444799,23.9464324026323,-3.88584604184762,21.7168282177088,17.0977195457186,-4.61910867199022,6.11545022677112,6.84871285691372,0.733262630142598,0.091216013017646,0.0205062722417743,-2.07407173730461,-0.656314133916259,-0.573846648793624,-0.440757087665442,-0.874119064310286,-1.23016078270988,26.6319948298564,2.66453525910038e-15
ELSA,final,314,351314,wealth,27.0173991320883,22.8038354922785,-4.21356363980978,21.3757290533285,15.4908925884382,-5.88483646489031,5.64167007875976,7.31294290384028,1.67127282508052,0.0443245540367704,0.00521447139182033,-2.9619441615199,-1.09123687479034,-0.578846525090045,-0.400130532036062,-0.852678371453972,-1.67008339988038,28.3794360275653,-3.5527136788005e-15
ELSA,final,315,351315,education,27.1081438980835,24.0503983504577,-3.0577455476258,21.2453021285095,16.7838051141243,-4.46149701438522,5.86284176957406,7.26659323633349,1.40375146675942,0.0997103816880373,0.0320623702765454,-1.97226193957761,-0.912115877712742,-0.585853703277293,-0.368721182371278,-0.622544311446302,-1.49796958099004,33.5754921758353,-1.77635683940025e-15
ELSA,final,315,351315,wealth,27.37317562052,22.9470576238955,-4.42611799662443,21.0378566490313,15.1654449432679,-5.87241170576336,6.33531897148873,7.78161268062765,1.44629370913892,0.0715320237883808,0.0093729186706901,-2.92654727899527,-1.08278109665511,-0.573373366243271,-0.517063411269038,-0.772646552600664,-1.65615446289838,28.2022880186174,-8.88178419700125e-16
ELSA,final,316,351316,education,27.3918356852269,23.1432166178301,-4.24861906739676,22.1910812814256,17.0388372135259,-5.15224406789973,5.20075440380122,6.10437940430419,0.903625000502972,0.0105591069352377,0.000416145616304515,-1.64490001502046,-0.842704247892707,-0.80262493226048,-0.426672948875358,-1.43534192385073,-1.64532918015319,31.9342243587442,1.77635683940025e-15
ELSA,final,316,351316,wealth,26.4658133081757,22.5548358189669,-3.91097748920883,21.0866973950983,15.9671839929395,-5.11951340215881,5.37911591307744,6.58765182602742,1.20853591294998,0.0110156953132371,0.000293447091608886,-2.49798936084316,-0.784446694850961,-0.473241687658072,-0.412263785394428,-0.951571873412189,-1.25768838250903,24.5665609934469,-8.88178419700125e-16
ELSA,final,317,351317,education,27.6243051503917,22.8950280280447,-4.72927712234703,21.481811388361,16.5951131759496,-4.8866982124114,6.1424937620307,6.29991485209508,0.157421090064382,0.106519706238364,0.0146801593077916,-1.54023414416185,-0.944544627031142,-0.706734615303149,-0.584288546815842,-1.11089627909942,-1.65127924233429,33.7913079661911,2.66453525910038e-15
ELSA,final,317,351317,wealth,27.675856165441,21.4855283167394,-6.19032784870158,21.3688902019646,15.0436693313031,-6.32522087066147,6.30696596347644,6.44185898543633,0.134893021959891,0.0890228907268485,0.00417259800049207,-2.56583002941512,-1.08747801832298,-0.596252979583145,-0.719606021609263,-1.35605382173095,-1.68373099790612,26.6193233775574,4.44089209850063e-15
ELSA,final,318,351318,education,27.3293864050208,23.3510637017039,-3.9783227033169,21.8595161401759,16.8634007814934,-4.99611535868248,5.4698702648449,6.48766292021048,1.01779265536558,0.0572300606163991,0.00779042744491007,-2.37318693436836,-0.594251878310102,-0.685606333229124,-0.398773233247401,-0.944296979527491,-1.27985821153923,25.6170668540515,1.77635683940025e-15
ELSA,final,318,351318,wealth,27.9704921832426,22.3789808026654,-5.59151138057716,21.719854553195,15.830673294158,-5.88918125903701,6.25063763004755,6.5483075085074,0.297669878459854,0.0674809283054387,0.00422870360155593,-2.86369547439966,-0.710976577500779,-0.369039053744643,-0.523848546898659,-1.42162160649327,-1.08001563124542,18.3389775885761,-4.44089209850063e-15
ELSA,final,319,351319,education,26.3633425445713,24.2916751426866,-2.07166740188462,20.7603054213879,17.1838354115072,-3.57647000988067,5.60303712318341,7.10783973117946,1.50480260799604,0.100955425448962,0.0504323725146789,-1.79090484108954,-0.606085303548222,-0.699367536677044,-0.160874664675517,-0.319237663890347,-1.30545284022527,36.5011543957788,-1.77635683940025e-15
ELSA,final,319,351319,wealth,27.185424397339,23.135018529401,-4.05040586793794,21.1738785406396,15.8355678289149,-5.33831071172472,6.01154585669934,7.29945070048612,1.28790484378677,0.11457497598065,0.0217892219537845,-2.57439404700296,-1.23531727408115,-0.632177045080597,-0.45510437440647,-0.441317971153548,-1.86749431916174,34.9828704249099,-8.88178419700125e-16
ELSA,final,320,351320,education,27.2362201380815,23.3016844242963,-3.93453571378516,21.1939676692252,16.6074677609223,-4.58649990830293,6.0422524688563,6.69421666337406,0.651964194517765,0.0541768900746086,0.0071384335949525,-1.98340063127425,-0.997392003498307,-0.237074503609278,-0.565235290023787,-0.803397479897306,-1.23446650710759,26.9152192693351,-8.88178419700125e-16
ELSA,final,320,351320,wealth,27.514886239053,22.4262242561786,-5.08866198287439,21.2417589125126,15.3113125590037,-5.93044635350898,6.27312732654036,7.11491169717495,0.841784370634587,0.061189618010198,0.00359604561369903,-2.81510259893085,-1.0283359111311,-0.521700888587719,-0.689392447655907,-0.875914507203399,-1.55003679971881,26.1369331635835,8.88178419700125e-16
ELSA,final,321,351321,education,26.0004921533142,23.7853703676626,-2.21512178565163,21.7472940589132,17.070761873192,-4.67653218572126,4.25319809440095,6.71460849447059,2.46141040006963,0.00257422841452202,0.000520146189125278,-1.98236922548106,-0.874229340235049,-0.892300298287941,-0.00713759431723986,-0.920495727399965,-1.76652963852299,37.7743500604292,0
ELSA,final,321,351321,wealth,26.8214297372498,22.805415378151,-4.0160143590988,21.4712056030734,15.975621754214,-5.49558384885935,5.35022413417644,6.82979362393698,1.47956948976055,0.00313901585060239,3.16916705251322e-05,-2.83045522561133,-0.808577671772726,-0.562889453633066,-0.483372891343133,-0.810288606499097,-1.37146712540579,24.9558038440347,-3.5527136788005e-15
ELSA,final,322,351322,education,26.641625521567,23.6611100356903,-2.98051548587668,21.264372643546,16.9886752183656,-4.27569742518036,5.37725287802103,6.67243481732471,1.29518193930367,0.0418413336909072,0.00554647972755736,-2.08359511858128,-0.705232474267017,-0.61419849623303,-0.396879111611827,-0.475792224487207,-1.31943097050005,30.8588480262817,1.77635683940025e-15
ELSA,final,322,351322,wealth,26.9922818985455,22.6084080928201,-4.38387380572541,21.2007126239575,15.6493489378233,-5.55136368613416,5.79156927458801,6.95905915499676,1.16748988040875,0.0371701312569982,0.00207742652875441,-2.76611572430603,-0.831884281053939,-0.563210275390975,-0.427262073894744,-0.962891331488473,-1.39509455644491,25.1306640191759,0
ELSA,final,323,351323,education,27.8626297439141,24.1058699463948,-3.75675979751938,21.528991158817,16.7446410516338,-4.78435010718322,6.33363858509711,7.36122889476095,1.02759030966384,0.15385483824151,0.0423031486385863,-2.35138009758608,-0.728889720594713,-0.637212761014472,-0.464489791503454,-0.602377736484498,-1.36610248160918,28.5535642460221,0
ELSA,final,323,351323,wealth,27.7070749951693,23.0025539509462,-4.70452104422313,21.2206020898925,15.5304392766009,-5.69016281329159,6.48647290527686,7.47211467434532,0.985641769068462,0.139068300645589,0.0244443357148075,-2.89578803380206,-1.04812162552006,-0.463191666109442,-0.524478639162338,-0.758582848697689,-1.5113132916295,26.5601062960667,3.5527136788005e-15
ELSA,final,324,351324,education,25.6864155659055,23.5820837928311,-2.10433177307435,20.8514892079488,16.6751289364649,-4.17636027148389,4.83492635795669,6.90695485636623,2.07202849840953,0.0519510255529843,0.0235946671415481,-2.29284771349434,-0.521211787024993,-0.737723191013758,-0.14896230538979,-0.475615274561,-1.25893497803875,30.1443097865559,1.77635683940025e-15
ELSA,final,324,351324,wealth,26.6381227069065,22.4040808900555,-4.23404181685098,21.0104366963877,15.4777970634409,-5.53263963294679,5.62768601051887,6.92628382661468,1.29859781609581,0.0634025599730908,0.00813015841785524,-3.02051989540453,-0.693833275435772,-0.562658381570375,-0.444373644796526,-0.811254435739585,-1.25649165700615,22.7105277112891,1.77635683940025e-15
ELSA,final,325,351325,education,27.1823158965207,23.2844222970696,-3.89789359945113,20.9829680142669,16.8470550503469,-4.13591296392001,6.19934788225377,6.43736724672265,0.238019364468874,0.0509971825509101,0.00635751680162286,-1.65659304740126,-0.569607408315105,-0.543746492705581,-0.453818202900388,-0.912147812597671,-1.11335390102069,26.9191811030146,1.77635683940025e-15
ELSA,final,325,351325,wealth,27.2168338733694,22.149831987554,-5.06700188581531,21.2631242244818,15.6769700998,-5.58615412468181,5.95370964888754,6.47286188775404,0.5191522388665,0.0725991735700284,0.00495161093930362,-2.71033326077554,-0.975760315746988,-0.423160442287349,-0.604214941677093,-0.872685164194843,-1.39892075803434,25.0426452047458,-4.44089209850063e-15
ELSA,final,326,351326,education,26.7546196996909,23.8303985755599,-2.924221124131,20.9703543587506,16.8510160778976,-4.11933828085299,5.78426534094036,6.97938249766235,1.195117156722,0.0370595757097665,0.00766502951572531,-1.81457581398546,-0.734466275411248,-0.513851688159642,-0.237793184926824,-0.818651318369818,-1.24831796357089,30.303846842906,8.88178419700125e-16
ELSA,final,326,351326,wealth,26.5791313011354,22.3569569821634,-4.22217431897201,21.1253063443867,15.1828812398392,-5.94242510454753,5.45382495674872,7.17407574232424,1.72025078557552,0.04262698441616,0.00236467739146924,-3.08594097506517,-0.897188187086719,-0.570956774847511,-0.40269895342668,-0.985640214121445,-1.46814496193423,24.7061584471752,2.66453525910038e-15
ELSA,final,327,351327,education,26.4517411099237,23.5221381810193,-2.92960292890445,20.9646034868391,16.8007597717364,-4.1638437151027,5.48713762308457,6.72137840928283,1.23424078619825,0.0241218260020562,0.00283298308551782,-1.81781825382466,-0.347762322120179,-0.914974473031139,-0.384350646998361,-0.698938019128361,-1.26273679515132,30.3262293580145,-1.77635683940025e-15
ELSA,final,327,351327,wealth,26.3676969975611,22.4374362768368,-3.93026072072431,20.9737947059631,15.2621998563165,-5.71159484964664,5.39390229159794,7.17523642052026,1.78133412892232,0.0281999768839249,0.00113316791111997,-2.96472789562144,-0.775954030769392,-0.683341789721626,-0.462673845728971,-0.824897287805208,-1.45929582049102,25.5497082497247,-8.88178419700125e-16
ELSA,final,328,351328,education,28.6342574956694,23.2719595348686,-5.36229796080081,21.9075275871375,16.5714799050667,-5.33604768207077,6.72672990853194,6.70047962980191,-0.0262502787300329,0.0855499669737174,0.00188800907731121,-2.33279802962412,-0.720618733565521,-0.664348842621534,-0.840852118038759,-0.777429958220839,-1.38496757618705,25.9549325400628,2.66453525910038e-15
ELSA,final,328,351328,wealth,26.9616438632897,22.4109363636102,-4.55070749967954,21.2823504560053,15.161708001442,-6.1206424545633,5.67929340728442,7.24922836216818,1.56993495488376,0.014395125724457,0.000424272846882991,-3.03203020150691,-1.11581949855153,-0.543300618490367,-0.481612010181382,-0.94788012583311,-1.6591201170419,27.1069602473663,8.88178419700125e-16
ELSA,final,329,351329,education,25.6349880852842,23.8337024279695,-1.80128565731473,20.411536891086,17.1442145655207,-3.26732232556535,5.22345119419818,6.6894878624488,1.46603666825062,0.0181505245013712,0.0044660490349207,-1.53960354015381,-0.645797371494932,-0.749711701545173,-0.302046542753774,-0.0301631696176605,-1.39550907304011,42.711092876294,2.66453525910038e-15
ELSA,final,329,351329,wealth,26.7990878417978,22.9762964861476,-3.82279135565021,21.1226889938719,15.5000942963971,-5.62259469747475,5.67639884792597,7.47620218975051,1.79980334182454,0.0191603512215826,0.00313768569771597,-2.68438123560184,-0.984065943701424,-0.613998506049369,-0.290093040499885,-1.05005597162223,-1.59806444975079,28.4221882553357,-8.88178419700125e-16
ELSA,final,330,351330,education,27.4536295587021,23.011702281276,-4.4419272774261,21.7786724843834,16.378642102104,-5.40003038227944,5.67495707431866,6.633060179172,0.958103104853343,0.0847075068207503,0.0166506761607642,-2.43330043211459,-0.454496686629533,-0.6686413237041,-0.418189994957486,-1.42540194487373,-1.12313801033363,20.7987350222933,4.44089209850063e-15
ELSA,final,330,351330,wealth,27.3696469645616,22.4131573584777,-4.95648960608389,21.1094064186158,15.4298029683882,-5.67960345022754,6.26024054594588,6.98335439008952,0.723113844143647,0.0796503124383018,0.00981665192124661,-2.75741800955564,-0.854911810513771,-0.426999659947049,-0.528543133019802,-1.11173083719128,-1.28191147046082,22.5704396740843,3.5527136788005e-15
ELSA,final,331,351331,education,25.8537199165402,23.2730781009942,-2.58064181554601,20.5549326850576,16.661177575864,-3.89375510919353,5.29878723148265,6.61190052513017,1.31311329364752,0.0239680497054746,0.00410598385337881,-1.9595013965619,-0.545356082004604,-0.442271130908836,-0.262645677302425,-0.683980822415771,-0.98762721291344,25.36438952161,8.88178419700125e-16
ELSA,final,331,351331,wealth,27.3723468650994,22.0242108707139,-5.34813599438551,21.3166945389952,15.2067348084252,-6.10995973057003,6.0556523261042,6.81747606228872,0.761823736184512,0.043058712726035,0.00146882720334976,-2.82383355043442,-0.848001125272899,-0.478953766242904,-0.62717434325978,-1.33199694536002,-1.3269548915158,21.717899135679,2.66453525910038e-15
ELSA,final,332,351332,education,25.9742432883956,23.5958011574943,-2.37844213090128,21.1337255108592,16.7781046281805,-4.35562088267877,4.84051777753636,6.81769652931385,1.97717875177749,0.0185050596132204,0.00226017066856806,-2.05931206302227,-0.869108730462921,-0.755963367345188,-0.261668001590932,-0.409568720257455,-1.62507209780811,37.3097691828649,0
ELSA,final,332,351332,wealth,26.8310918720572,22.1936517083699,-4.63744016368728,21.2544258671532,15.0718647228848,-6.1825611442684,5.57666600490406,7.12178698548517,1.54512098058111,0.0277745887131511,0.000969852090839596,-2.87665370765873,-1.01592892313251,-0.678848359313375,-0.460037484786031,-1.15109266937776,-1.69477728244588,27.412220322593,-8.88178419700125e-16
ELSA,final,333,351333,education,25.7872401684934,23.6494486214725,-2.13779154702087,20.7812213079405,16.9370789849774,-3.84414232296302,5.00601886055295,6.7123696364951,1.70635077594215,0.0199050057224768,0.00600304463887627,-1.87227252548539,-0.722732354619204,-0.643667503758754,-0.150821570899358,-0.454648368200316,-1.36639985837796,35.5449862044846,-4.44089209850063e-16
ELSA,final,333,351333,wealth,27.2524559723383,22.6115438706378,-4.64091210170047,21.307713318716,15.8933457283563,-5.41436759035972,5.94474265362227,6.71819814228153,0.773455488659255,0.0340015927785307,0.0022183748847319,-2.3818063113581,-0.981215205668101,-0.45671011889946,-0.420983573588121,-1.17365238084595,-1.43792532456756,26.5575859150713,-4.44089209850063e-15
ELSA,final,334,351334,education,26.5751360375652,23.9232895493178,-2.6518464882474,22.0443651312459,16.9821762802865,-5.06218885095938,4.53077090631928,6.94111326903126,2.41034236271198,0.0397448597756858,0.0056362223072674,-2.61420307803019,-0.798529945520201,-0.671823654564234,-0.0311401736720873,-0.946491999172671,-1.47035360008444,29.0458069300551,-2.66453525910038e-15
ELSA,final,334,351334,wealth,27.0741051000376,22.3764309650557,-4.69767413498188,21.5996729409127,15.1499001167761,-6.4497728241366,5.47443215912488,7.22653084827959,1.75209868915472,0.0445810414031365,0.00218095841525988,-3.16839497136386,-1.21428110142276,-0.594386924761899,-0.424321861196788,-1.0483879653913,-1.80866802618465,28.0423524285411,-8.88178419700125e-16
ELSA,final,335,351335,education,27.0103903218259,23.2040385484618,-3.80635177336404,21.6469350465034,16.5839706667177,-5.06296437978572,5.36345527532244,6.62006788174413,1.25661260642169,0.0276792235441201,0.00221494782419575,-2.11217085824386,-0.785109159739913,-0.649094633545833,-0.341234927286945,-1.17535480096917,-1.43420379328575,28.3273530229033,1.77635683940025e-15
ELSA,final,335,351335,wealth,26.4816317321237,22.2462611052891,-4.23537062683465,20.9595627605353,15.4061647715131,-5.55339798902219,5.52206897158841,6.84009633377595,1.31802736218754,0.0233378770920034,0.00129778856300391,-2.86048218667649,-0.889267702092121,-0.559388183413836,-0.49941627706911,-0.744843639770633,-1.44865588550596,26.0859367250397,8.88178419700125e-16
ELSA,final,336,351336,education,27.3036303502837,23.8079745592154,-3.49565579106832,21.6669729737369,17.1047105665366,-4.56226240720032,5.63665737654683,6.70326399267883,1.066606616132,0.0145069952769242,0.00110154870654392,-1.75037457547883,-0.686079086461425,-0.731561665049036,-0.374448119431059,-1.01979896077998,-1.41764075151046,31.0731962561621,-5.32907051820075e-15
ELSA,final,336,351336,wealth,26.8759167007924,23.1354566211207,-3.74046007967175,21.2264011663017,15.9513350014306,-5.27506616487115,5.6495155344907,7.1841216196901,1.5346060851994,0.0175078187402985,0.000760496015849399,-2.79517252436654,-0.983659269117999,-0.563475640413614,-0.535620110015714,-0.397138620957274,-1.54713490953161,29.3292038654345,2.66453525910038e-15
ELSA,final,337,351337,education,25.7550134922824,23.8777404429571,-1.87727304932524,21.0388124939005,17.109931192622,-3.92888130127841,4.7162009983819,6.76780925033507,2.05160825195317,0.00787513935357137,0.00128935126493295,-1.96941882216886,-0.712201354955731,-0.753421270696126,-0.113365315189175,-0.380474538268515,-1.46562262565186,37.3038153424223,0
ELSA,final,337,351337,wealth,26.6187494520988,22.2908395249809,-4.32790992711795,21.3279349637619,15.4748776698117,-5.85305729395018,5.29081448833697,6.8159618551692,1.52514736683223,0.0146592676105384,0.000390999642955817,-2.7623982070466,-1.0014409846641,-0.562026732641151,-0.359498491367096,-1.16769287823124,-1.56346771730525,26.7119838194865,1.77635683940025e-15
ELSA,final,338,351338,education,27.2317702669163,23.883327047555,-3.34844321936123,21.6785880561418,16.9092304818199,-4.76935757432195,5.55318221077444,6.97409656573516,1.42091435496072,0.0733839015395104,0.0220823865276909,-2.51374702487453,-0.404013296434075,-0.558356744184376,-0.184521318046284,-1.10871919078268,-0.962370040618452,20.1781901570941,8.88178419700125e-16
ELSA,final,338,351338,wealth,27.2812978271877,22.6331835802503,-4.64811424693746,21.3861026995828,15.329485314592,-6.05661738499073,5.89519512760497,7.30369826565824,1.40850313805327,0.0544736752868185,0.00462649350593574,-3.24048402889559,-0.790574399316529,-0.541350165506795,-0.395512806203082,-1.08869598506874,-1.33192456482332,21.9912284392282,0
ELSA,final,339,351339,education,28.727315854629,23.9979594012462,-4.72935645338286,22.2816182606321,17.0871213561488,-5.19449690448332,6.44569759399696,6.91083804509741,0.465140451100458,0.146301423163001,0.0211072351962782,-1.98316160221626,-0.820441340444529,-0.809383275248514,-0.772997520938201,-0.808513165635813,-1.62982461569304,31.3759858878029,4.44089209850063e-15
ELSA,final,339,351339,wealth,27.1554308859667,22.470206480481,-4.68522440548564,21.3514898961545,15.1433340631959,-6.20815583295862,5.80394098981212,7.32687241728509,1.52293142747298,0.0689550021900921,0.00715658949132984,-3.04059143648166,-1.00236966640064,-0.552633685777514,-0.474042021490235,-1.13851902280857,-1.55500335217815,25.0477499924013,6.21724893790088e-15
ELSA,final,340,351340,education,27.9079412087695,23.9846723290515,-3.92326887971798,22.1268335842159,16.9648873430289,-5.16194624118698,5.7811076245536,7.0197849860226,1.238677361469,0.0763630408217536,0.012624658284576,-1.92551910737106,-0.870682228276612,-0.802544143736228,-0.444449405241324,-1.11875135656175,-1.67322637201284,32.4146415679851,-2.66453525910038e-15
ELSA,final,340,351340,wealth,27.5782657677979,22.061146697283,-5.51711907051491,21.5379961279615,15.1786983274771,-6.35929780048441,6.0402696398364,6.8824483698059,0.842178729969501,0.0720102175668188,0.00357269829901069,-2.83197161330503,-0.87168792620794,-0.553096307578631,-0.601091137163336,-1.50145081622947,-1.42478423378657,22.4047415058631,-1.77635683940025e-15
ELSA,final,341,351341,education,27.7920680421778,23.2774441122666,-4.51462392991119,21.8489577244672,16.6745592103796,-5.17439851408764,5.94311031771059,6.60288490188704,0.659774584176457,0.0993979499731931,0.0301394212619153,-2.3577447901152,-0.433685081142603,-0.538690712525206,-0.339398936684609,-1.50487899362002,-0.972375793667809,18.7920545937939,-8.88178419700125e-16
ELSA,final,341,351341,wealth,27.3182514668201,22.153771565806,-5.16447990101415,21.343998741122,15.2509282471236,-6.09307049399839,5.97425272569811,6.90284331868235,0.928590592984239,0.104706413589482,0.0180394189941253,-2.96635809767014,-0.847452315913817,-0.523581471231924,-0.481339816687405,-1.2743387924951,-1.37103378714574,22.5015251094862,0
ELSA,final,342,351342,education,27.6017117843486,23.8726080753012,-3.72910370904735,21.8881712463054,17.0180771120072,-4.87009413429824,5.71354053804319,6.85453096329408,1.14099042525089,0.0447229935961682,0.00672194958710834,-1.93047708433198,-0.675292666968354,-0.783551048963781,-0.394083120172112,-1.08669021386201,-1.45884371593214,29.9551441040543,-8.88178419700125e-16
ELSA,final,342,351342,wealth,27.078343098188,22.9641627924037,-4.11418030578432,21.3251778681275,15.2634520129426,-6.06172585518496,5.75316523006047,7.70071077946111,1.94754554940064,0.0432435623110391,0.00336974335956117,-3.10826036844118,-1.11671805942896,-0.685118512659006,-0.527104129562959,-0.624524785092862,-1.80183657208797,29.7248113018299,-1.77635683940025e-15
ELSA,final,343,351343,education,28.0524244657796,23.4769651273549,-4.57545933842469,21.5969128606158,16.8068279421106,-4.79008491850527,6.45551160516376,6.67013718524434,0.214625580080581,0.104825506691878,0.0154779959363123,-2.12776037478745,-0.542549189538605,-0.545292464546352,-0.605944261127365,-0.968538628505495,-1.08784165408496,22.7102790992777,-8.88178419700125e-16
ELSA,final,343,351343,wealth,26.847035778912,22.9811134948341,-3.86592228407786,20.9979904119205,15.6581359163618,-5.33985449555866,5.84904536699149,7.32297757847228,1.47393221148079,0.0587298844731277,0.010551141261707,-3.03645630354896,-0.728820440408606,-0.489365936696265,-0.422650002558749,-0.66256181234608,-1.21818637710487,22.8131005838844,0
ELSA,final,344,351344,education,25.7390166191516,23.55588386377,-2.18313275538162,20.6730102982234,17.0831310392607,-3.5898792589627,5.06600632092819,6.47275282450927,1.40674650358108,0.00975849661144862,0.00174998980143955,-1.84527570716666,-0.622100170500191,-0.547388103925454,-0.424901737409947,-0.150213539960454,-1.16948827442564,32.5773707153474,-4.44089209850063e-16
ELSA,final,344,351344,wealth,26.4571819613333,22.486284551117,-3.97089741021628,21.1730805847451,15.6811593760333,-5.49192120871181,5.28410137658826,6.80512517508379,1.52102379849553,0.0194966471547833,0.00115133191170647,-2.54721278003708,-1.05869876662021,-0.484525033976211,-0.515409455341787,-0.886075172736527,-1.54322380059642,28.09988967337,-4.44089209850063e-15
ELSA,final,345,351345,education,27.1747392557575,23.9245322046478,-3.25020705110966,20.841766560769,17.3626619421496,-3.47910461861945,6.33297269498848,6.56187026249827,0.22889756750979,0.122697650866452,0.0326450983194303,-1.64251001673447,-0.572363040373316,-0.44442514487353,-0.503420866352281,-0.316385550285851,-1.01678818524685,29.2255708496147,1.33226762955019e-15
ELSA,final,345,351345,wealth,27.5234671290488,22.3845998342448,-5.13886729480404,21.3062052212422,15.5889013301991,-5.71730389104314,6.21726190780664,6.79569850404575,0.578436596239103,0.120686714287713,0.0174373314411213,-2.84388499061973,-0.82077709932793,-0.508952920832582,-0.544393352702963,-0.999295527559928,-1.32973002016051,23.2579909254727,4.44089209850063e-15
ELSA,final,346,351346,education,26.9473815129602,24.1752020075526,-2.77217950540767,20.7992093271085,17.0044968537725,-3.79471247333593,6.14817218585176,7.17070515378001,1.02253296792825,0.0745798466097254,0.024352579146914,-1.87474908635882,-0.579237006388512,-0.609217362360025,-0.351979528715018,-0.379529489513553,-1.18845436874854,31.3186935004793,1.77635683940025e-15
ELSA,final,346,351346,wealth,26.4780984283378,22.8515553228546,-3.62654310548325,20.7983253880673,15.3259896251585,-5.4723357629088,5.67977304027056,7.52556569769611,1.84579265742554,0.024080334100936,0.00589149258520528,-2.70370394967602,-0.871086759553739,-0.590146200147318,-0.235329575760062,-1.07206927777166,-1.46123295970106,26.7021802573814,-5.32907051820075e-15
ELSA,final,347,351347,education,26.7939248522544,23.4340928910521,-3.35983196120237,21.113876275598,16.6230853570339,-4.49079091856403,5.68004857665647,6.81100753401813,1.13095895736167,0.0890685484280776,0.0177273469657092,-2.04985103939024,-0.701412926588641,-0.774932045230102,-0.549762488023713,-0.414832419331336,-1.47634497181874,32.8749433805931,2.66453525910038e-15
ELSA,final,347,351347,wealth,27.5033804380247,22.4256705991418,-5.07770983888285,21.2774221589734,15.2855847312621,-5.99183742771131,6.22595827905126,7.14008586787973,0.914127588828468,0.0934922440237987,0.0114764222276139,-2.80590897979987,-0.957544052461441,-0.576112909216973,-0.593166865882827,-1.05910462035021,-1.53365696167841,25.5957705825844,0
ELSA,final,348,351348,education,26.7366682250174,24.1189261908346,-2.61774203418276,21.1333351141631,17.3193576957156,-3.81397741844752,5.60333311085422,6.79956849511898,1.19623538426476,0.0290406469577422,0.00362484125123135,-2.09761834239848,-0.674538914995332,-0.36863285168785,-0.382015586341277,-0.291171723024586,-1.04317176668318,27.3512832466587,-4.44089209850063e-16
ELSA,final,348,351348,wealth,26.6776621279021,23.2182444076429,-3.45941772025921,21.1566836336673,16.0428719621746,-5.11381167149267,5.52097849423485,7.17537244546831,1.65439395123346,0.0180454032660241,0.000785332827772087,-2.89356953524183,-0.686346902132266,-0.500147853406663,-0.342951374908185,-0.69079600580372,-1.18649475553893,23.2017686954163,8.88178419700125e-16
ELSA,final,349,351349,education,25.9310039031005,23.3625138094236,-2.56849009367693,20.8784397079557,16.8177082318976,-4.06073147605811,5.05256419514483,6.54480557752601,1.49224138238118,0.0366901707101175,0.00995923178622228,-1.97350488905732,-0.728694086008188,-0.493486968835177,-0.22600576710898,-0.639039765048439,-1.22218105484337,30.0975590740065,1.77635683940025e-15
ELSA,final,349,351349,wealth,26.5881403157778,22.0586672354898,-4.52947308028804,21.0415957592375,15.1918512845034,-5.84974447473409,5.54654455654031,6.86681595098636,1.32027139444605,0.0589232691438498,0.00546138611275142,-2.81975598579884,-0.857728952967675,-0.686766954815891,-0.480440851073069,-1.00505173007862,-1.54449590778357,26.4027927109376,2.66453525910038e-15
ELSA,final,350,351350,education,26.0054711761004,23.5734023145662,-2.43206886153418,20.4626303072624,17.0785248791109,-3.38410542815153,5.54284086883794,6.49487743545529,0.952036566617341,0.0490113652628132,0.0136695291821419,-1.28231258413176,-0.66248233141582,-0.834289262236044,-0.335788238956554,-0.269233011411347,-1.49677159365186,44.2294610918619,-1.77635683940025e-15
ELSA,final,350,351350,wealth,26.8430797792608,22.4612201149889,-4.38185966427194,21.0065794857246,15.8000466980957,-5.20653278762885,5.83650029353625,6.66117341689317,0.82467312335692,0.0544057169869971,0.00660309362583904,-2.83374932674141,-0.70576053534508,-0.465904749913096,-0.489137079256446,-0.711981096372814,-1.17166528525818,22.503753131876,1.77635683940025e-15
ELSA,final,351,351351,education,25.9594388862483,23.5841307414199,-2.37530814482845,20.4065299781248,17.2187122722396,-3.18781770588527,5.55290890812349,6.36541846918032,0.812509561056825,0.0239503976637215,0.00571147065366293,-1.37354305833493,-0.604398036512221,-0.389585446487492,-0.273812831738924,-0.546478332811699,-0.993983482999713,31.1806876900346,-4.44089209850063e-16
ELSA,final,351,351351,wealth,26.4879821658759,22.6975341804946,-3.79044798538131,21.2799908998366,15.547660647816,-5.73233025202057,5.20799126603931,7.14987353267858,1.94188226663927,0.0264455907449712,0.00133732899885847,-3.02990815228188,-0.953694918341116,-0.559722166921489,-0.31571525177755,-0.87328976269854,-1.51341708526261,26.4014287161691,-8.88178419700125e-16
ELSA,final,352,351352,education,27.0867056319372,23.8621798405882,-3.22452579134902,20.7039276234477,17.0847632130677,-3.61916441037994,6.38277800848958,6.77741662752051,0.394638619030922,0.111770244475985,0.0307952296471892,-1.76862927969915,-0.381191233863399,-0.520934561700563,-0.498790970453669,-0.449618364663164,-0.902125795563962,24.9263557349487,-4.44089209850063e-16
ELSA,final,352,351352,wealth,27.1064580157844,22.6544899399314,-4.45196807585294,21.0748915853219,15.4724243497721,-5.6024672355498,6.03156643046244,7.18206559015929,1.15049915969686,0.0625667356775189,0.0107268167126149,-2.74564480077633,-0.871396873618917,-0.47106518344955,-0.402473502137181,-1.11188687556782,-1.34246205706847,23.961979617659,-8.88178419700125e-16
ELSA,final,353,351353,education,26.3897478777021,23.8747281891689,-2.51501968853317,21.0394335594514,17.0518165778037,-3.98761698164775,5.35031431825065,6.82291161136523,1.47259729311458,0.0873135493598964,0.0298719199707341,-1.78064211224411,-0.770669446348344,-0.80564495308514,-0.293879355397469,-0.336781114572683,-1.57631439943348,39.5302358949762,2.22044604925031e-15
ELSA,final,353,351353,wealth,27.3256632452819,22.1825773300461,-5.14308591523574,21.3427476200082,15.251048895338,-6.09169872467018,5.98291562527367,6.93152843470811,0.948612809434443,0.102677441831786,0.0104071305157454,-2.97930290363308,-0.995758148800974,-0.511467661142883,-0.540635421475831,-1.06453458961742,-1.50722580994386,24.7422907478975,-5.32907051820075e-15
ELSA,final,354,351354,education,27.1192160337937,24.4374762606198,-2.68173977317398,21.5956259529081,17.247203635022,-4.3484223178861,5.5235900808856,7.19027262559772,1.66668254471212,0.0662327011570091,0.0186161034308395,-2.05497099002835,-0.652333608324507,-0.692226276657156,-0.257875108829691,-0.691016334046407,-1.34455988498166,30.9206371113304,-4.44089209850063e-15
ELSA,final,354,351354,wealth,27.6953009094126,23.4120382376985,-4.283262671714,21.6096593858687,15.8064077911716,-5.80325159469707,6.08564152354385,7.60563044652691,1.51998892298307,0.0549787297154013,0.00472160045569909,-2.67491648320183,-1.21044512203167,-0.544390866973114,-0.434839782014797,-0.938659340475664,-1.75483598900478,30.2388404219511,-2.66453525910038e-15
ELSA,final,355,351355,education,26.6108448102327,23.5018843534892,-3.1089604567435,21.3061749187203,16.8786515036956,-4.42752341502473,5.30466989151243,6.62323284979367,1.31856295828123,0.0152580378736701,0.00155495399605443,-2.11289597177675,-0.720753918166408,-0.537977395209646,-0.352260037194499,-0.703636092677428,-1.25873131337605,28.4296929769941,1.77635683940025e-15
ELSA,final,355,351355,wealth,27.505647861986,22.5264593249432,-4.97918853704275,21.6959852927809,15.6039399946596,-6.09204529812129,5.80966256920508,6.92251933028362,1.11285676107854,0.0451392027971945,0.00143058764572273,-3.04327649435956,-0.93997645248289,-0.622887224971803,-0.639469694531248,-0.846435431775791,-1.56286367745469,25.6541703315414,-8.88178419700125e-16
ELSA,final,356,351356,education,26.8242841469617,24.1729557064389,-2.65132844052282,21.3661526981814,17.2092677609911,-4.15688493719033,5.4581314487803,6.96368794544781,1.50555649666751,0.0196276019949258,0.00462279252575577,-1.77960121684521,-0.695395710287716,-0.705863518228413,-0.323850836489035,-0.652173655339959,-1.40125922851613,33.7093580815651,0
ELSA,final,356,351356,wealth,27.1434153142686,22.9247769825673,-4.21863833170132,21.3442559083231,15.6525530190038,-5.69170288931926,5.79915940594558,7.27222396356351,1.47306455761793,0.0270209425443976,0.00308960530368243,-2.81576765695366,-0.944229602415746,-0.565733259381756,-0.463410798942722,-0.90256157162538,-1.5099628617975,26.5291933040113,-7.99360577730113e-15
ELSA,final,357,351357,education,26.8575226295219,23.6402966007887,-3.21722602873319,20.9568887735354,16.8170776864901,-4.13981108704532,5.90063385598646,6.8232189142986,0.92258505831214,0.0672364919419949,0.0138520466970933,-2.14361288371811,-0.610392462609998,-0.42640510497059,-0.355004596747202,-0.604396038999423,-1.03679756758059,25.0445623189191,0
ELSA,final,357,351357,wealth,27.1669950421437,22.0365436748572,-5.13045136728648,21.218594083515,15.3749818978663,-5.84361218564866,5.94840095862875,6.66156177699092,0.713160818362177,0.0628155687065747,0.00468679922307627,-2.87525958850689,-0.823934644765664,-0.428595553015598,-0.472895488109189,-1.24292691125133,-1.25253019778126,21.4341773202773,-6.21724893790088e-15
ELSA,final,358,351358,education,26.429800261808,23.3792385169157,-3.05056174489227,21.3197949159739,16.8032146302952,-4.51658028567874,5.11000534583409,6.57602388662057,1.46601854078648,0.0457837689316152,0.0108852225333187,-1.85031328140888,-0.771137862283686,-0.655632588609174,-0.214051058292242,-1.02544549508476,-1.42677045089286,31.5896178225125,-2.66453525910038e-15
ELSA,final,358,351358,wealth,27.3173483269512,22.0166945300756,-5.30065379687565,21.4511944469007,15.1332952683316,-6.31789917856905,5.86615388005055,6.88339926174394,1.0172453816934,0.0628670439721473,0.00410775799043585,-2.84420387643125,-1.00843279240776,-0.564262891019854,-0.516312423446942,-1.38468719526325,-1.57269568342761,24.8926999145911,-4.44089209850063e-15
ELSA,final,359,351359,education,26.346293947501,24.0018764505679,-2.3444174969331,20.7188905154726,17.0895316515091,-3.62935886396344,5.62740343202843,6.91234479905876,1.28494136703033,0.068317837246502,0.0181951997628684,-1.81986412169105,-0.631145540280685,-0.754006938862006,-0.418594536542104,-0.00574772658758551,-1.38515247914269,38.165211296577,8.88178419700125e-16
ELSA,final,359,351359,wealth,27.3275407116784,22.884167510427,-4.44337320125139,21.2218998805544,15.5364294700154,-5.68547041053899,6.105640831124,7.3477380404116,1.2420972092876,0.0543955291346606,0.00572963700687186,-2.76505094279016,-1.01571224271207,-0.582399492644499,-0.492867375281539,-0.829440357110719,-1.59811173535657,28.1086984885929,8.88178419700125e-16
ELSA,final,360,351360,education,27.4313252930274,24.3290986295449,-3.10222666348255,21.3039834515066,17.0224814468856,-4.28150200462097,6.12734184152086,7.30661718265927,1.17927534113841,0.134978866029342,0.058441510652097,-2.04340019352264,-0.622042162359303,-0.584318109620272,-0.265905116196833,-0.765836422921925,-1.20636027197957,28.1760996649672,-2.66453525910038e-15
ELSA,final,360,351360,wealth,27.831106385836,22.5551341961652,-5.27597218967071,21.1705866769337,15.507123910677,-5.66346276625673,6.66051970890224,7.04801028548826,0.387490576586024,0.147836846002429,0.0240016546538486,-2.61227149337714,-1.01712728740731,-0.47915115490341,-0.643890141544675,-0.911022689024198,-1.49627844231072,26.419851318272,-8.88178419700125e-15
ELSA,final,361,351361,education,27.1168265747274,23.5112634884419,-3.6055630862855,21.0204824392717,16.8437662550055,-4.17671618426617,6.09634413545576,6.66749723343643,0.571153097980677,0.063218048563148,0.010458454111377,-1.66918754345646,-0.889656426096479,-0.452867302314666,-0.47297196358663,-0.692032948811943,-1.34252372841114,32.1430441807005,-8.88178419700125e-16
ELSA,final,361,351361,wealth,26.8959125067872,22.9629024505564,-3.93301005623074,21.1407035235954,15.5137981150292,-5.62690540856615,5.7552089831918,7.44910433552722,1.69389535233542,0.0370820056397824,0.00448714768005609,-2.80315029585344,-1.15349383171691,-0.532663124696574,-0.425409242090146,-0.712188914209086,-1.68615695641348,29.96597301683,8.88178419700125e-16
ELSA,final,362,351362,education,26.0780840823671,24.4807859544673,-1.59729812789973,20.6849054670893,17.2779096845322,-3.40699578255714,5.39317861527775,7.20287626993517,1.80969765465742,0.0169295275595458,0.00383793898456207,-2.1636546943979,-0.676296759042625,-0.343307869193665,-0.250340407290916,0.026603947367961,-1.01960462823629,29.9267945518564,4.44089209850063e-16
ELSA,final,362,351362,wealth,27.3144024465755,23.1356152928711,-4.17878715370442,21.0047850301572,15.996693723155,-5.00809130700215,6.30961741641836,7.1389215697161,0.829304153297733,0.0401038031756192,0.00163673269720037,-2.72486704995063,-0.961343320216295,-0.34810602469093,-0.661420510564933,-0.312354401579362,-1.30944934490722,26.1466747436572,0
ELSA,final,363,351363,education,27.5725489732618,23.66787459741,-3.90467437585178,22.2291393079156,17.0396145445187,-5.18952476339696,5.34340966534615,6.62826005289133,1.28485038754518,0.0431456714887804,0.00390242046303632,-2.17288137917761,-0.854637072311914,-0.825038378222917,-0.527443644791949,-0.809524288892566,-1.67967545053483,32.3666525763979,1.77635683940025e-15
ELSA,final,363,351363,wealth,27.297474307605,22.6327561336822,-4.66471817392276,21.4676665667074,15.6405273650756,-5.82713920163179,5.82980774089763,6.99222876860667,1.16242102770903,0.0417536779356401,0.00237437524868063,-2.96959772752938,-1.01820784493294,-0.544480852295178,-0.562256307197829,-0.732596469676462,-1.56268869722812,26.8174252091064,-8.88178419700125e-16
ELSA,final,364,351364,education,26.4491823004406,24.0212521719508,-2.42793012848984,21.1264822527919,17.4199965636891,-3.70648568910277,5.32270004764876,6.60125560826168,1.27855556061293,0.0156357018338176,0.00250868022434498,-1.42050579623634,-0.862346269202642,-0.654236562615127,-0.322055597366305,-0.447341463682361,-1.51658283181777,40.9170022233348,-1.77635683940025e-15
ELSA,final,364,351364,wealth,27.1290837150672,22.9126835628841,-4.2164001521831,21.5447995342236,16.0429593989275,-5.50184013529615,5.58428418084359,6.86972416395664,1.28543998311305,0.0219838560603816,0.00108138770155938,-2.56312134553483,-1.00392804512373,-0.442862853896981,-0.397038879245405,-1.09488901149519,-1.44679089902071,26.2964910546758,3.5527136788005e-15
ELSA,final,365,351365,education,27.9695478933023,24.1076088227466,-3.86193907055565,21.7768339522979,17.3206293498527,-4.45620460244524,6.19271394100435,6.78697947289394,0.594265531889588,0.0932906829331051,0.0216450697939193,-1.83481703835602,-0.812903514201657,-0.486722494701338,-0.396025010553678,-0.925736544632553,-1.29962600890299,29.1644151211067,1.77635683940025e-15
ELSA,final,365,351365,wealth,27.4962838204591,22.9619333485727,-4.53435047188645,21.6203918689391,15.9582316287628,-5.66216024017631,5.87589195152004,7.0037017198099,1.12780976828986,0.0380688007529278,0.00206364752126454,-2.87221037228073,-0.949749606036265,-0.340533495657022,-0.432341471259529,-1.06732529494276,-1.29028310169329,22.7878238510097,0
ELSA,final,366,351366,education,26.2676221037676,24.0606806110056,-2.20694149276206,21.0956906576865,16.8279443904733,-4.26774626721325,5.17193144608109,7.23273622053227,2.06080477445118,0.033011733269962,0.0195757991392839,-2.03992462814679,-0.604720781451964,-0.657515145800585,-0.0728434557873776,-0.892742256026533,-1.26223592725255,29.5761708457134,-2.66453525910038e-15
ELSA,final,366,351366,wealth,27.4513704055459,23.3045605776996,-4.14680982784631,21.4620578219592,15.5039848189855,-5.95807300297368,5.98931258358673,7.8005757587141,1.81126317512738,0.0460366986627989,0.00609885548920843,-2.64185566849249,-1.29841001814933,-0.726395008337522,-0.482016764034184,-0.809395543960156,-2.02480502648685,33.9842265355974,2.66453525910038e-15
ELSA,final,367,351367,education,27.0628949484837,23.3988365429599,-3.66405840552375,21.8407997883062,16.9409442756584,-4.89985551264782,5.22209516017748,6.45789226730156,1.23579710712407,0.0232649123077365,0.00424691333102209,-1.87337987029454,-0.664710082418913,-0.688813051518254,-0.249055678396237,-1.42389683001987,-1.35352313393717,27.6237356477832,5.32907051820075e-15
ELSA,final,367,351367,wealth,26.9845466078102,22.596835171336,-4.38771143647417,21.2830364938416,15.4179494559971,-5.86508703784445,5.70151011396864,7.17888571533892,1.47737560137028,0.0378450307274067,0.00205602149929135,-2.96637397641233,-0.947231755186623,-0.650407052077412,-0.546650254424277,-0.754423999743812,-1.59763880726404,27.2398141230518,-8.88178419700125e-16
ELSA,final,368,351368,education,27.2810381775683,23.6961199376545,-3.58491823991387,21.5456541374364,16.7816675294722,-4.76398660796415,5.73538404013198,6.91445240818226,1.17906836805028,0.115069530869109,0.034515601076526,-2.46522237938324,-0.363285945936334,-0.607326108514512,-0.381163476849448,-0.946988697280614,-0.970612054450846,20.3739459054783,-8.88178419700125e-16
ELSA,final,368,351368,wealth,26.7911575880053,22.4546174491831,-4.33654013882228,21.2686586845502,15.0546302717163,-6.21402841283391,5.5224989034551,7.39998717746674,1.87748827401163,0.0951049104508311,0.0179254873762655,-3.35138309440922,-0.895605283997341,-0.566430684976925,-0.397622794150017,-1.00298655530041,-1.46203596897427,23.527989765137,-4.44089209850063e-15
ELSA,final,369,351369,education,27.8946717428848,24.8142576107113,-3.08041413217343,22.3471296477213,17.1707576597954,-5.17637198792591,5.54754209516346,7.64349995091594,2.09595785575247,0.0624570849849211,0.016823391510117,-2.35546519919039,-0.782940092361649,-0.707073114291747,-0.296719514066676,-1.03417406801545,-1.4900132066534,28.7848943261595,-8.88178419700125e-16
ELSA,final,369,351369,wealth,27.5141755007243,23.503557732358,-4.01061776836634,21.7367962193722,15.7663611462026,-5.97043507316958,5.77737928135214,7.73719658615537,1.95981730480323,0.050928848506017,0.0044020209895247,-2.92984400164354,-1.27000512496007,-0.464833500012399,-0.46701235138464,-0.838740095168928,-1.73483862497247,29.0571558640446,-8.88178419700125e-16
ELSA,final,370,351370,education,25.6141091822592,24.3694842766989,-1.24462490556028,20.1126991612126,17.0604917318339,-3.05220742937866,5.50141002104659,7.30899254486498,1.80758252381839,0.0143069507713489,0.00854283980988254,-1.36568411404702,-0.547725389748082,-0.65933991095429,-0.103231336248968,-0.376226678380305,-1.20706530070237,39.5472892531454,-2.66453525910038e-15
ELSA,final,370,351370,wealth,27.1780998351594,22.947059331725,-4.23104050343445,21.0875273925892,15.523172308689,-5.56435508390018,6.09057244257023,7.42388702303595,1.33331458046572,0.0309972523390281,0.00240024512726913,-2.78258676446921,-0.778487261596528,-0.53000745270055,-0.525347483126696,-0.94792612200719,-1.30849471429708,23.5156580514255,1.77635683940025e-15
ELSA,final,371,351371,education,26.6338358910722,23.4348362297819,-3.19899966129025,21.2011625970989,16.5365554689597,-4.66460712813922,5.43267329397328,6.89828076082226,1.46560746684898,0.0464221301673048,0.00771478421302947,-2.40504839029097,-0.729114494761398,-0.680389467440426,-0.383211243415393,-0.466843532231038,-1.40950396220182,30.2169919884356,1.77635683940025e-15
ELSA,final,371,351371,wealth,26.699265477232,22.5225958948954,-4.17666958233661,20.9100560644993,15.289153003575,-5.62090306092421,5.78920941273275,7.23344289132034,1.44423347858759,0.0283981650621047,0.00304121582099818,-2.9821176250463,-0.823037417492935,-0.605298840812298,-0.346533355367162,-0.863915822205503,-1.42833625830523,25.4111526710866,4.44089209850063e-15
ELSA,final,372,351372,education,25.8438681292372,23.6610704598543,-2.18279766938291,21.2880756424751,16.8440399193695,-4.44403572310565,4.55579248676209,6.81703054048484,2.26123805372274,0.00439675166695832,0.000172469400271149,-2.16192242812605,-0.669640668227753,-0.63823917493784,0.0371160647397885,-1.0113495165538,-1.30787984316559,29.4300029220197,-1.77635683940025e-15
ELSA,final,372,351372,wealth,26.319862669968,22.8283615116868,-3.49150115828114,21.1073069500198,15.6851560433064,-5.42215090671349,5.21255571994812,7.14320546838047,1.93064974843235,0.00635460528607613,0.000126959540728452,-2.71422823840239,-0.845177365991716,-0.619110768847886,-0.309020953523582,-0.934613579947916,-1.4642881348396,27.0056691529293,-3.5527136788005e-15
ELSA,final,373,351373,education,27.2960988796159,23.8442631722681,-3.45183570734784,21.133344425581,16.7742137561464,-4.35913066943455,6.1627544540349,7.07004941612161,0.907294962086708,0.110146094988187,0.0293414958284506,-1.57705861590594,-0.647189865836258,-0.990202827019271,-0.456641752844521,-0.688037607828559,-1.63739269285553,37.5623677522823,2.66453525910038e-15
ELSA,final,373,351373,wealth,27.2402970364265,22.9987857732339,-4.24151126319262,21.4659916061678,15.3702113750109,-6.09578023115686,5.77430543025874,7.62857439822298,1.85426896796424,0.0832051570129555,0.0165083715504205,-3.18188839893885,-0.964861685808974,-0.708337818560298,-0.374520636579547,-0.86617169126918,-1.67319950436927,27.4484879854622,5.32907051820075e-15
ELSA,final,374,351374,education,26.9130246690219,23.9103808996116,-3.00264376941031,21.853490719527,17.3426384389919,-4.5108522805351,5.05953394949483,6.56774246061963,1.5082085111248,0.028275341382741,0.00354327558241976,-2.06986996442692,-0.878812335304001,-0.533839873167494,-0.340235578516024,-0.688094529120662,-1.41265220847149,31.3167472711813,0
ELSA,final,374,351374,wealth,26.314715299163,22.9383731959386,-3.3763421032244,21.2256827677816,16.0015293772374,-5.22415339054415,5.08903253138137,6.93684381870113,1.84781128731976,0.0246153258726603,0.00156558118153434,-3.14403196680176,-0.94007985211326,-0.398744984803964,-0.497716259046749,-0.243580327778425,-1.33882483691722,25.6275943072524,-8.88178419700125e-16
ELSA,final,375,351375,education,27.1757210959806,23.6661510047884,-3.50957009119222,21.4279625248386,16.7864783318366,-4.64148419300199,5.74775857114197,6.87967267295174,1.13191410180977,0.0779405931758317,0.0139933202020408,-2.20142831632107,-0.697880066508537,-0.720035004511117,-0.598293606760992,-0.423847198900278,-1.41791507101965,30.548742860257,2.66453525910038e-15
ELSA,final,375,351375,wealth,26.8877688303772,22.5643050227411,-4.32346380763609,21.4658319793301,15.6289783912379,-5.83685358809225,5.42193685104704,6.93532663150319,1.51338978045616,0.0492623967159511,0.00684965880385933,-3.11319174299141,-0.770934632700979,-0.574921186279503,-0.439557935391354,-0.938248090729003,-1.34585581898048,23.0578992374618,0
ELSA,final,376,351376,education,25.7299055788405,24.0236509963167,-1.70625458252387,20.6651223245718,17.2373569351007,-3.42776538947107,5.06478325426872,6.78629406121592,1.7215108069472,0.0285399754497005,0.00939446633801772,-1.93639331224445,-0.585872655602209,-0.443710052156428,-0.0987734481505082,-0.363015921317473,-1.02958270775864,30.0365570794654,-2.66453525910038e-15
ELSA,final,376,351376,wealth,27.1959625404355,22.6532064814892,-4.54275605894631,21.2930307054704,15.808709607485,-5.48432109798545,5.90293183496511,6.84449687400425,0.941565039039135,0.0667701533524805,0.00567684699100592,-2.79240841679702,-0.816245624534963,-0.490846692949488,-0.496317519042929,-0.888502844661053,-1.30709231748445,23.8332565532055,1.77635683940025e-15
ELSA,final,377,351377,education,26.4458386847512,24.4057758856721,-2.04006279907907,21.1939736913427,17.2213098170762,-3.97266387426649,5.25186499340849,7.18446606859592,1.93260107518742,0.070560978187912,0.0312382217156799,-1.92721342875063,-0.739704143976722,-0.847657825319928,-0.27126798394867,-0.186820492270546,-1.58736196929665,39.9571174289126,-2.66453525910038e-15
ELSA,final,377,351377,wealth,27.3065344636334,22.9885401497036,-4.31799431392979,21.0831193761364,15.8913465159848,-5.19177286015158,6.22341508749706,7.09719363371885,0.873778546221787,0.0500696472868918,0.00437807982367025,-2.66191386725722,-0.866579025299466,-0.444418160485955,-0.600140796005218,-0.61872101110372,-1.31099718578542,25.2514357060518,8.88178419700125e-16
ELSA,final,378,351378,education,26.7848555060415,23.9709919459147,-2.81386356012682,21.1787013744643,16.8919929462886,-4.28670842817563,5.60615413157726,7.07899899962606,1.4728448680488,0.0536783501095405,0.0171233217818216,-2.08393237762929,-0.730208452752301,-0.569355468456553,-0.21794919965692,-0.685262929680562,-1.29956392120885,30.3161258336839,1.77635683940025e-15
ELSA,final,378,351378,wealth,26.995314007721,22.6113248242685,-4.38398918345247,21.2058058797928,15.4680882656166,-5.73771761417615,5.7895081279282,7.14323655865187,1.35372843072368,0.044952389424666,0.00562100081109431,-2.84204081089125,-0.801263158400714,-0.646358494101311,-0.388397874526434,-1.05965727625643,-1.44762165250202,25.2299215445074,-8.88178419700125e-16
ELSA,final,379,351379,education,27.2257760928093,23.5594164503391,-3.66635964247021,21.6856969174286,16.5440517747411,-5.14164514268751,5.54007917538064,7.01536467559795,1.47528550021731,0.109135608090804,0.0283838252471897,-2.00081854710513,-1.10634601442314,-0.914292878341668,-0.410138956178065,-0.710048746639503,-2.02063889276481,39.2994622672197,0
ELSA,final,379,351379,wealth,26.5102984279631,22.5956878777603,-3.91461055020273,20.5865220282754,15.0849432010424,-5.50157882723298,5.92377639968768,7.51074467671792,1.58696827703025,0.0592896436483814,0.00812769381448871,-2.83725590188602,-1.09272799471542,-0.545002122511647,-0.416692613599712,-0.60990019452017,-1.63773011722707,29.7683659301628,0
ELSA,final,380,351380,education,27.2910162221388,23.5675836670462,-3.72343255509266,21.1327695411732,16.6574178940125,-4.47535164716076,6.15824668096558,6.91016577303368,0.751919092068102,0.0760043463266309,0.013449837957782,-1.82630884211296,-0.740827150438369,-0.697665848848707,-0.486367034410565,-0.724182771350163,-1.43849299928708,32.1425691811208,8.88178419700125e-16
ELSA,final,380,351380,wealth,26.364177419638,22.7069507993839,-3.65722662025402,20.9036816125564,15.4180656630429,-5.48561594951352,5.46049580708158,7.28888513634107,1.8283893292595,0.0335450686408963,0.00573961592754491,-2.89837809463673,-0.905002946954785,-0.553931875472339,-0.266773804917431,-0.861529227532238,-1.45893482242712,26.5956427838611,-8.88178419700125e-16
ELSA,final,381,351381,education,27.0827973517727,24.0684476557496,-3.01434969602309,21.3061736396651,17.0496825371693,-4.25649110249576,5.77662371210761,7.01876511858028,1.24214140647267,0.104107708075698,0.04342280639354,-1.58541935679403,-0.701018067804191,-0.849561883548126,-0.226118501204016,-0.894373293145395,-1.55057995135232,36.4285960904076,0
ELSA,final,381,351381,wealth,27.4955182053105,22.8075913634122,-4.68792684189823,21.396251473056,15.4936348979478,-5.90261657510822,6.09926673225442,7.31395646546441,1.21468973320999,0.0865605261889207,0.0120308894443785,-2.65916104123017,-1.03084378421265,-0.6948620765492,-0.430624968051502,-1.0871247050647,-1.72570586076185,29.2362859556097,8.88178419700125e-16
ELSA,final,382,351382,education,27.7771297358434,23.4129321357736,-4.36419760006979,22.0210197506104,16.6053641599748,-5.41565559063552,5.75610998523303,6.80756797579876,1.05145799056573,0.057224646884283,0.0157298233915366,-2.02884985404783,-0.759111504787074,-0.673428617710138,-0.303272203241058,-1.65099341084942,-1.43254012249721,26.4518320731896,-8.88178419700125e-16
ELSA,final,382,351382,wealth,26.9151421322313,22.8081619736083,-4.10698015862301,21.3240196811516,15.3098848550439,-6.01413482610776,5.59112245107962,7.49827711856437,1.90715466748475,0.0353543937836484,0.00828362478686007,-2.99852762207377,-1.07154402159877,-0.465274592585757,-0.306297806242637,-1.17249078360683,-1.53681861418452,25.5534446536365,0
ELSA,final,383,351383,education,26.7876950176505,24.0923547897922,-2.69534022785822,20.9257004029745,16.8162992079878,-4.10940119498676,5.86199461467593,7.27605558180447,1.41406096712854,0.105117817811572,0.0387644228661033,-2.13463767016456,-0.729206834407306,-0.58804203730146,-0.387513498462942,-0.270001154650489,-1.31724887170877,32.0545210653984,3.5527136788005e-15
ELSA,final,383,351383,wealth,27.629790609081,22.9416974467226,-4.68809316235841,21.3384689159667,15.5089935368352,-5.82947537913151,6.29132169311429,7.43270390988739,1.1413822167731,0.0854101713255508,0.0113730209821948,-2.93026769744875,-0.992204702204844,-0.533595735874098,-0.530495655967615,-0.8429115876362,-1.52580043807894,26.1738893956228,8.88178419700125e-16
ELSA,final,384,351384,education,27.6286359812963,23.6404074029704,-3.98822857832585,21.6786070987336,17.0017657513369,-4.6768413473967,5.95002888256269,6.63864165163354,0.688612769070847,0.06811254778151,0.00751470913046474,-1.84365471470646,-0.745381374614364,-0.728773865438995,-0.637276738311032,-0.721754654325848,-1.47415524005336,31.5203174654177,0
ELSA,final,384,351384,wealth,26.3950813442215,22.7116730407302,-3.68340830349132,20.8753019035178,15.4802242095169,-5.39507769400082,5.51977944070372,7.23144883121323,1.71166939050951,0.02684250638504,0.00261840625527991,-2.70746771646162,-0.971750865691797,-0.570052416806454,-0.384443489512216,-0.761363205528742,-1.54180328249825,28.5779625419054,-3.5527136788005e-15
ELSA,final,385,351385,education,27.1336223238555,23.8430320957994,-3.29059022805615,22.0850371731786,16.8766491811395,-5.20838799203917,5.04858515067689,6.96638291465991,1.91779776398302,0.089120605297697,0.0247939845905423,-2.27830177755678,-0.827357798057699,-1.09992509853002,-0.264481218994785,-0.738322098899881,-1.92728289658772,37.0034432829026,-2.66453525910038e-15
ELSA,final,385,351385,wealth,27.4248750879953,22.3229004379116,-5.10197465008377,21.3018504101647,15.1113397186757,-6.19051069148897,6.1230246778306,7.21156071923581,1.08853604140521,0.0756892628958469,0.00653829721059396,-3.20257169548009,-0.879906678638254,-0.611613041775439,-0.511342406581434,-0.985076869013751,-1.49151972041369,24.0936458193071,4.44089209850063e-15
ELSA,final,386,351386,education,26.2849313799751,23.5812367839707,-2.7036945960044,21.4646842725863,16.9022906087626,-4.56239366382371,4.82024710738878,6.67894617520809,1.85869906781931,0.0406378040008083,0.00647297191875568,-2.30398740512601,-0.772092562961389,-0.722470668863427,-0.325565935953989,-0.438277090918901,-1.49456323182482,32.75831377015,0
ELSA,final,386,351386,wealth,26.6553560088493,21.9841591683997,-4.6711968404496,21.081902770044,15.2640044614059,-5.81789830863811,5.57345323880523,6.72015470699374,1.14670146818851,0.0436702304101234,0.00193403270734957,-2.95815266816464,-1.04658487495951,-0.449034672706755,-0.537800197099951,-0.826325895707257,-1.49561954766627,25.7072136418343,-8.88178419700125e-16
ELSA,final,387,351387,education,26.3958666297431,23.7973598748844,-2.59850675485865,20.6681111816505,17.0798525717321,-3.58825860991839,5.72775544809263,6.71750730315236,0.989751855059735,0.0449632049685185,0.0153706647946532,-1.36008137357858,-0.532120350970784,-0.66909971590935,-0.28625238307212,-0.740704786387553,-1.20122006688013,33.4764072901495,0
ELSA,final,387,351387,wealth,26.4762506873963,22.7727675237352,-3.70348316366112,20.9372223815535,15.4837901056971,-5.45343227585645,5.53902830584275,7.28897741803807,1.74994911219532,0.0300205473224028,0.00294757665732115,-2.81890543253603,-0.968120658261115,-0.432605944146519,-0.414894461516778,-0.818905779395999,-1.40072660240763,25.6852296233504,2.66453525910038e-15
ELSA,final,388,351388,education,26.4125870133178,24.1774328953253,-2.23515411799254,21.1641579720455,17.0242832033428,-4.13987476870268,5.24842904127233,7.15314969198247,1.90472065071014,0.0138825287595554,0.0023246983450312,-2.12083768191888,-0.529881047087647,-0.698898115752919,-0.152464357259743,-0.637793566683499,-1.22877916284057,29.6815539477207,-2.66453525910038e-15
ELSA,final,388,351388,wealth,27.036698716716,23.2222178722335,-3.81448084448257,21.2025056514451,15.4028657540014,-5.79963989744373,5.83419306527093,7.81935211823209,1.98515905296116,0.037383166997922,0.0033750061496767,-3.05675624275924,-1.0328182615248,-0.684827316831368,-0.411200565878287,-0.614037510450032,-1.71764557835617,29.6164177212665,-2.66453525910038e-15
ELSA,final,389,351389,education,26.9694420900941,23.5854296285227,-3.38401246157137,21.3388207888346,16.9648533221561,-4.3739674666785,5.63062130125955,6.62057630636668,0.989955005107137,0.0554258021332999,0.00805078242623789,-2.15562753383643,-0.495687295360124,-0.545146920124401,-0.452850989423695,-0.724654727933858,-1.04083421548452,23.7961124177019,-1.77635683940025e-15
ELSA,final,389,351389,wealth,27.4445904538838,22.3406237684732,-5.10396668541058,21.4462209305999,15.4313278509755,-6.01489307962435,5.99836952328387,6.90929591749764,0.910926394213773,0.0579690827244818,0.00284750169670462,-2.89808423780304,-1.09943651746748,-0.370674033813301,-0.641833104025943,-1.00486518651458,-1.47011055128079,24.4411751268004,3.5527136788005e-15
ELSA,final,390,351390,education,26.2520994956233,23.9977414215668,-2.25435807405645,20.9411181024503,17.122225659164,-3.81889244328632,5.31098139317294,6.87551576240281,1.56453436922987,0.0713617685673748,0.0343074090840318,-1.90847571853146,-0.538719255762838,-0.691448521023329,-0.191156727859542,-0.489092220109157,-1.23016777678617,32.2126845690253,-1.33226762955019e-15
ELSA,final,390,351390,wealth,27.1129783238849,22.6444930691907,-4.4684852546942,21.4036132446756,15.526111354763,-5.87750188991264,5.70936507920923,7.11838171442767,1.40901663521844,0.0643299270174552,0.011031065884636,-2.93687101077529,-0.98576707108702,-0.508931053246055,-0.373858991128627,-1.07207376367565,-1.49469812433307,25.4308403864297,2.66453525910038e-15
ELSA,final,391,351391,education,28.4131147115127,23.6862193267892,-4.72689538472348,22.3466071955031,16.8645685963172,-5.48203859918593,6.06650751600953,6.82165073047198,0.755143214462448,0.100970340826986,0.014232136053751,-2.3094909791231,-0.939782248447488,-0.589421768684086,-0.560030436502296,-1.08331316642895,-1.52920401713157,27.8948057271734,0
ELSA,final,391,351391,wealth,27.2201213339671,22.7987870529785,-4.42133428098859,21.1514780451381,15.6242624183761,-5.52721562676202,6.06864328882901,7.17452463460243,1.10588134577343,0.0528882241298943,0.00572478096936196,-2.86078333967249,-0.844455160032991,-0.447438742710905,-0.428415079758017,-0.946123304587619,-1.2918939027439,23.3733219396892,-1.77635683940025e-15
ELSA,final,392,351392,education,27.4283985071698,24.1315858995776,-3.2968126075922,21.7118056782253,17.2619044900992,-4.44990118812612,5.71659282894452,6.86968140947844,1.15308858053392,0.119835419592704,0.046646418675929,-2.13469029435716,-0.543747421773108,-0.734333185438969,-0.275990111243365,-0.761140175313517,-1.27808060721208,28.7215502812161,4.44089209850063e-15
ELSA,final,392,351392,wealth,27.0130811335768,23.0929114191495,-3.9201697144273,21.3033013686676,15.7393283796834,-5.56397298898419,5.70977976490926,7.35358303946616,1.6438032745569,0.0865097946072638,0.0268222707420748,-2.88536700965032,-0.835203643033848,-0.558802430629256,-0.232826081500513,-1.05177382417025,-1.3940060736631,25.0541488325522,4.44089209850063e-15
ELSA,final,393,351393,education,26.3307311980173,23.6643324086335,-2.66639878938383,21.1555446866148,16.9885971722889,-4.16694751432592,5.17518651140252,6.67573523634461,1.50054872494209,0.00592106044411623,0.00101128973720454,-1.97762173060395,-0.561444327646188,-0.655761805323614,-0.253205739504887,-0.718913911247282,-1.2172061329698,29.210978270906,-8.88178419700125e-16
ELSA,final,393,351393,wealth,26.7382891454561,22.6703677590918,-4.06792138636428,21.1963280216993,15.5608557056002,-5.63547231609905,5.54196112375679,7.10951205349155,1.56755092973476,0.0116839512970308,0.000787366245206192,-3.0815722202278,-0.820417560854466,-0.476281597542618,-0.384468322149017,-0.87273261532515,-1.29669915839708,23.0095914887694,-8.88178419700125e-16
ELSA,final,394,351394,education,26.912727947266,23.7805703568862,-3.13215759037982,21.6407671315401,16.9234744006769,-4.71729273086316,5.27196081572597,6.85709595620931,1.58513514048334,0.0733348819309333,0.016342563265176,-2.06165477369031,-0.798716647372554,-0.918375434815613,-0.348180283351248,-0.590365591633432,-1.71709208218817,36.3999476003258,-8.88178419700125e-16
ELSA,final,394,351394,wealth,27.1951722614247,22.7162451439575,-4.47892711746727,21.5671751738672,15.6293226429618,-5.93785253090537,5.62799708755756,7.08692250099566,1.4589254134381,0.0812358888527729,0.00705163363056861,-3.39938568341587,-0.906586985331432,-0.533457710871543,-0.533678527192322,-0.5647436240942,-1.44004469620298,24.2519444312203,4.44089209850063e-15
ELSA,final,395,351395,education,26.9821536014287,23.4815796222377,-3.50057397919097,21.3249798945624,16.903873481229,-4.42110641333345,5.6571737068663,6.57770614100877,0.920532434142475,0.0513990237094942,0.0119885166611408,-1.82308278924808,-0.961899825381755,-0.426707129296278,-0.389279940655578,-0.820136728751751,-1.38860695467803,31.4085847490616,0
ELSA,final,395,351395,wealth,27.0640045537262,22.7109017512937,-4.35310280243254,21.2648770126966,15.8351547560978,-5.42972225659877,5.79912754102959,6.87574699519582,1.07661945416623,0.0436518367447072,0.00609111506518394,-2.49967388187635,-0.895992628228097,-0.544536748952762,-0.444974023288457,-1.04454497425311,-1.44052937718086,26.5304431627267,1.77635683940025e-15
ELSA,final,396,351396,education,26.0689896718297,24.2412934657244,-1.82769620610533,20.5510143058531,17.067127446461,-3.48388685939207,5.51797536597662,7.17416601926336,1.65619065328674,0.0683044237605054,0.0388131642128977,-2.0180964218959,-0.354766059108893,-0.523490052576531,-0.103220671580091,-0.484313654230651,-0.878256111685423,25.2090882147269,1.77635683940025e-15
ELSA,final,396,351396,wealth,27.1926314841894,23.4861811326713,-3.70645035151806,20.9810770061445,16.0551595803131,-4.92591742583136,6.21155447804486,7.43102155235816,1.2194670743133,0.0932536502318608,0.0208483014749636,-2.60061403776232,-0.970581230271806,-0.408701573490236,-0.370051932125919,-0.575968652181085,-1.37928280376204,28.0005262883443,0
ELSA,final,397,351397,education,27.4451459772993,23.8313483739639,-3.61379760333536,21.8833653791562,16.9053717841238,-4.97799359503238,5.56178059814304,6.92597658984006,1.36419599169701,0.0341707750265,0.0073905418562311,-2.01683803643534,-0.802023645456229,-0.582204670925784,-0.25393855256742,-1.3229886896476,-1.38422831638201,27.8069525393395,5.32907051820075e-15
ELSA,final,397,351397,wealth,27.3540592021424,22.8688840296463,-4.48517517249605,21.1893394513173,15.6754485678033,-5.51389088351395,6.16471975082511,7.19343546184301,1.0287157110179,0.0306304158158385,0.00250950081383022,-2.62336397057617,-0.857554617129727,-0.47978344849854,-0.467250607071866,-1.08593824023764,-1.33733806562827,24.2539813333411,8.88178419700125e-16
ELSA,final,398,351398,education,27.1063942748578,23.8694731150086,-3.2369211598492,21.4966011792067,17.2648444417643,-4.23175673744244,5.60979309565111,6.60462867324435,0.994835577593241,0.0612047624024401,0.0111242909379406,-2.03843609393323,-0.502806500243331,-0.653154978164913,-0.428511212856589,-0.608847952244376,-1.15596147840824,27.3163499257965,-8.88178419700125e-16
ELSA,final,398,351398,wealth,27.3220447483079,22.5439256571522,-4.7781190911557,21.5546488526471,15.7775778955318,-5.77707095711527,5.76739589566081,6.76634776162038,0.998951865959571,0.0848968403525937,0.00740083977216601,-2.97022655829058,-1.06136845462346,-0.42603980722613,-0.590228911298921,-0.729207225676179,-1.48740826184959,25.7467542443397,8.88178419700125e-16
ELSA,final,399,351399,education,27.3364902055851,23.1847318110544,-4.15175839453072,21.8724809602433,16.6488371927665,-5.22364376747684,5.46400924534181,6.53589461828792,1.07188537294611,0.0394411950357614,0.00471500474089561,-1.58235431619716,-1.03186420587702,-0.88546296171861,-0.515255623413205,-1.20870666027085,-1.91732716759563,36.7047841112977,-1.77635683940025e-15
ELSA,final,399,351399,wealth,26.565416362732,22.3669216246183,-4.1984947381137,21.0919812770977,15.2749450448338,-5.81703623226387,5.47343508563432,7.0919765797845,1.61854149415017,0.0265412381708784,0.00179261311394892,-2.84571074752075,-1.0098891959336,-0.491200719016693,-0.384577796630237,-1.08565777316259,-1.50108991495029,25.8050638678263,3.5527136788005e-15
ELSA,final,400,351400,education,27.5600813280881,23.6997975651231,-3.86028376296505,21.471090516286,17.0625505863429,-4.40853992994309,6.08899081180208,6.63724697878012,0.548256166978035,0.0681345680440583,0.0107286905655704,-1.58694686893617,-0.98297712564517,-0.531018327802229,-0.450308260255673,-0.857289347303844,-1.5139954534474,34.3423327792552,-1.77635683940025e-15
ELSA,final,400,351400,wealth,26.7747455168991,22.6869610148634,-4.08778450203562,21.1121186016516,15.7200981109093,-5.39202049074228,5.66262691524751,6.96686290395416,1.30423598870666,0.0438846954465552,0.00363434203560291,-2.79150207842295,-0.999082893249886,-0.492665679252519,-0.427203129678557,-0.681566710138364,-1.49174857250241,27.6658550364123,1.77635683940025e-15
ELSA,final,401,351401,education,26.8241583242686,23.9246226972395,-2.89953562702911,21.3543384279849,16.9215573756109,-4.43278105237397,5.46981989628375,7.0030653216286,1.53324542534485,0.0187466177930405,0.00308800144685785,-1.80382779460738,-0.753631555530273,-0.82362459962114,-0.283584005119025,-0.768113097496146,-1.57725615515141,35.5816390774978,1.77635683940025e-15
ELSA,final,401,351401,wealth,26.5536711882845,22.6625629170942,-3.89110827119025,20.9796088579991,15.265050141866,-5.71455871613307,5.57406233028537,7.39751277522819,1.82345044494282,0.0210396040699098,0.00109004701368682,-3.05013708819919,-0.959609338380782,-0.512483797997356,-0.369710513528828,-0.822617978026918,-1.47209313637814,25.7603991752188,-1.77635683940025e-15
ELSA,final,402,351402,education,27.1546540672915,23.6623210538507,-3.49233301344083,21.1427617169247,16.7366378713038,-4.40612384562085,6.0118923503668,6.92568318254683,0.913790832180023,0.106623251288602,0.035744824723162,-1.96349503108029,-0.7419746889732,-0.586905223037286,-0.288332621688209,-0.825416280841861,-1.32887991201049,30.1598402262622,0
ELSA,final,402,351402,wealth,27.5590958607253,22.6256095675735,-4.9334862931518,21.1498471695283,15.517870266743,-5.63197690278536,6.40924869119696,7.10773930083052,0.698490609633561,0.0998698094680634,0.0140186847175812,-2.66554730374205,-1.07253745398977,-0.470454815256776,-0.472628332078391,-0.950808997718381,-1.54299226924654,27.3969921375821,-3.5527136788005e-15
ELSA,final,403,351403,education,27.8758795723292,24.5208229049326,-3.35505666739662,21.6088462036672,17.1628452725585,-4.44600093110868,6.26703336866196,7.35797763237402,1.09094426371206,0.125311036839855,0.0606728386475195,-1.96022667288657,-0.674715351201489,-0.415656994468421,-0.22407862452529,-1.17132328802691,-1.09037234566991,24.5247889635059,-1.77635683940025e-15
ELSA,final,403,351403,wealth,27.9272894660217,23.2008595087782,-4.72642995724353,21.7006236434006,15.4823240232727,-6.21829962012795,6.22666582262112,7.71853548550554,1.49186966288442,0.111251815255823,0.0189966481653857,-3.12605432418176,-1.07533066190332,-0.646684534424617,-0.492447268334135,-0.877782831284114,-1.72201519632794,27.6927022100055,1.77635683940025e-15
ELSA,final,404,351404,education,27.8490386766381,24.4292485805047,-3.4197900961334,21.6820457002171,17.3187849569335,-4.36326074328358,6.16699297642108,7.11046362357127,0.943470647150185,0.106224141626298,0.0340105461058478,-1.60325196638919,-0.749002886058119,-0.721325742173955,-0.315127646551882,-0.974552502110444,-1.47032862823207,33.697931770302,-2.66453525910038e-15
ELSA,final,404,351404,wealth,27.9571127294902,23.611938476415,-4.34517425307528,21.5646925295663,16.1910197031205,-5.3736728264459,6.3924201999239,7.42091877329452,1.02849857337062,0.0840437506955225,0.0108315097398736,-2.59999542589867,-0.888704639003344,-0.556460373777818,-0.445554172386432,-0.882958215379633,-1.44516501278116,26.8934313542304,-8.88178419700125e-16
ELSA,final,405,351405,education,26.7391942874837,23.7761232438779,-2.96307104360578,21.2015668468523,17.0284928379486,-4.1730740089037,5.53762744063135,6.74763040592928,1.21000296529793,0.0431950200265738,0.00702596521279681,-1.9537775463681,-0.771263317778089,-0.616954577209281,-0.369142429039922,-0.461936138508303,-1.38821789498737,33.2660741703947,2.66453525910038e-15
ELSA,final,405,351405,wealth,27.1749844731108,22.1431979333171,-5.03178653979367,21.4389207750344,15.4404852099259,-5.99843556510846,5.73606369807638,6.70271272339117,0.966649025314787,0.0499883996485485,0.00249313550749695,-2.78883235050016,-0.945238409397979,-0.603503222477517,-0.552484813174644,-1.10837676955816,-1.5487416318755,25.8190925794748,0
ELSA,final,406,351406,education,24.7766496525527,23.9711014490671,-0.805548203485543,20.281311034652,17.274374393704,-3.006936640948,4.49533861790069,6.69672705536315,2.20138843746246,0.0440784640467681,0.0242494891070114,-2.15999424577651,-0.434243758364215,-0.561211544851719,-0.0618618906946039,0.210374798739046,-0.995455303215934,33.1052969211248,-4.44089209850063e-16
ELSA,final,406,351406,wealth,26.925451235893,22.4692709341094,-4.45618030178352,21.0263308463209,15.4535553883288,-5.57277545799209,5.89912038957205,7.01571554578062,1.11659515620857,0.086461649554394,0.0117607549102053,-2.75249730481674,-0.937909120094078,-0.558786307676426,-0.467788953238472,-0.855793772166378,-1.4966954277705,26.8572713731727,-8.88178419700125e-16
ELSA,final,407,351407,education,26.7097735243205,24.1331512281501,-2.57662229617043,21.3813977532688,17.2151645545653,-4.16623319870351,5.32837577105176,6.91798667358484,1.58961090253308,0.075983394270876,0.0317419407656392,-1.89895003285071,-0.656763914045171,-0.756020644282955,-0.176795965040281,-0.677702642484388,-1.41278455832813,33.9103571727039,2.66453525910038e-15
ELSA,final,407,351407,wealth,27.0067460314824,22.8354466547458,-4.1712993767366,21.400690576172,15.5897902730057,-5.81090030316627,5.60605545531035,7.24565638174003,1.63960092642968,0.0830953863801054,0.0173592115931101,-2.98037018067007,-0.971677314351619,-0.62374432222039,-0.360122341859289,-0.874986144064911,-1.59542163657201,27.4556704354863,8.88178419700125e-16
ELSA,final,408,351408,education,27.9580133365049,23.8199572247107,-4.13805611179415,22.2491854795752,17.0233432017513,-5.22584227782394,5.70882785692966,6.79661402295945,1.08778616602979,0.059109507349823,0.00798962662023956,-2.24515962508962,-0.79829457654327,-0.714486278967204,-0.443422475337392,-1.02447932188646,-1.51278085551047,28.9480771727462,0
ELSA,final,408,351408,wealth,27.2528554778862,22.8261317365118,-4.42672374137446,21.5858410921713,15.6162164865789,-5.96962460559243,5.66701438571489,7.20991524993287,1.54290086421797,0.0619730484453268,0.00682806397025336,-3.32458565397964,-0.786038049608464,-0.570531005150698,-0.444018682240244,-0.844451214613392,-1.35656905475916,22.7245286661461,-8.88178419700125e-16
ELSA,final,409,351409,education,27.0114627531945,23.6510547435252,-3.3604080096693,21.5036940975253,16.9499056457789,-4.55378845174645,5.50776865566914,6.70114909774629,1.19338044207715,0.0861085990785318,0.0280769862867131,-2.15514532625309,-0.46812318621344,-0.542172194235958,-0.213118935512508,-1.17522880953145,-1.0102953804494,22.1858215671379,-8.88178419700125e-16
ELSA,final,409,351409,wealth,27.2184886828113,22.805048472443,-4.41344021036832,21.4788961667001,15.6604062986309,-5.81848986806913,5.73959251611126,7.14464217381206,1.40504965770081,0.0778351211420104,0.0117768507969726,-2.93945907171945,-0.865139656184559,-0.547117790574179,-0.382091640327283,-1.08468170926366,-1.41225744675874,24.2718897648849,-8.88178419700125e-16
ELSA,final,410,351410,education,27.3539755627841,23.8599144900787,-3.49406107270543,21.6718162219291,17.1319963475344,-4.53981987439471,5.68215934085497,6.72791814254425,1.04575880168928,0.0502915914497849,0.00629809225293914,-1.88687410795096,-0.825307359621135,-0.749925238845787,-0.473261038084851,-0.60445212989198,-1.57523259846692,34.6981299269488,1.77635683940025e-15
ELSA,final,410,351410,wealth,27.5895660524219,22.6881238148846,-4.90144223753729,21.4843885208448,15.8767328990542,-5.60765562179056,6.10517753157711,6.81139091583039,0.706213384253276,0.0360525509769142,0.00161822071269441,-2.56416017845575,-0.929613919361228,-0.561800213159014,-0.533987371435463,-1.0180939393791,-1.49141413252024,26.5960364385576,0
ELSA,final,411,351411,education,27.3550124911629,24.3847375501279,-2.970274941035,21.8587085991779,16.9991623098281,-4.85954628934987,5.49630389198493,7.3855752402998,1.88927134831486,0.13559495864014,0.0651902180679283,-2.54343757536785,-0.607329653777527,-0.683779221768956,-0.155322204691884,-0.869677633743653,-1.29110887554648,26.5685065779919,-2.66453525910038e-15
ELSA,final,411,351411,wealth,27.3975391601329,23.4963686703762,-3.9011704897568,21.1767639667267,15.8395686722506,-5.33719529447614,6.22077519340621,7.65679999812555,1.43602480471934,0.162311028708915,0.0571866904801611,-2.91280422582298,-0.909067415747355,-0.544440533579214,-0.361344178055787,-0.609538941270803,-1.45350794932657,27.2335537511793,1.77635683940025e-15
ELSA,final,412,351412,education,25.7922867232328,24.2219970699505,-1.57028965328231,20.5512340520279,16.7977724257104,-3.75346162631751,5.24105267120493,7.42422464424013,2.1831719730352,0.0461182711225228,0.0254645344511386,-2.17244069041056,-0.547285892947224,-0.73862996187964,-0.201931281837285,-0.0931737992428024,-1.28591585482686,34.2594645382978,-1.77635683940025e-15
ELSA,final,412,351412,wealth,26.5489586536364,22.9790878556327,-3.56987079800362,20.9281571042938,15.6894536142784,-5.23870349001539,5.62080154934258,7.28963424135434,1.66883269201176,0.0541380876355445,0.0127668870598807,-2.78503394278342,-0.759529694836305,-0.561587515750443,-0.360785946846092,-0.771766389799129,-1.32111721058675,25.2184001844103,-1.77635683940025e-15
ELSA,final,413,351413,education,26.8050015792548,23.9357390956213,-2.86926248363351,21.2211704321572,17.1012689203264,-4.11990151183078,5.58383114709759,6.83447017529485,1.25063902819726,0.0565354726972068,0.00975147230295327,-1.95192166111633,-0.68626388749254,-0.677128135863348,-0.48012266210562,-0.324465165252941,-1.36339202335589,33.0928304824945,1.77635683940025e-15
ELSA,final,413,351413,wealth,27.3307087349196,22.4280165656287,-4.9026921692909,21.445785761231,15.5842518072806,-5.8615339539504,5.88492297368861,6.8437647583481,0.958841784659497,0.0562312315947472,0.00248686669389476,-2.82263662035354,-1.09565130714276,-0.428350892191647,-0.649723593343106,-0.865171540919353,-1.52400219933441,26.0000575157856,-2.66453525910038e-15
ELSA,final,414,351414,education,26.2378453920569,23.1759811372608,-3.06186425479608,21.0179963628719,16.7382265477719,-4.27976981509994,5.21984902918501,6.43775458948886,1.21790556030385,0.017194047661275,0.00276849652999319,-1.97164618222212,-0.654297614840931,-0.516490239676919,-0.270782222285739,-0.866553556074228,-1.17078785451785,27.3563276788173,1.77635683940025e-15
ELSA,final,414,351414,wealth,26.7539855220519,22.7467068028983,-4.00727871915361,21.0931077120266,15.4454374475463,-5.64767026448024,5.66087781002532,7.30126935535195,1.64039154532663,0.0166013853666001,0.00118042956644849,-2.93523132758248,-0.833109367911827,-0.596345456431698,-0.326757808763613,-0.956226303790625,-1.42945482434353,25.3105219922941,-1.77635683940025e-15
ELSA,final,415,351415,education,27.1109124860502,23.8983499571174,-3.21256252893284,21.1050729108489,16.9940851119228,-4.1109877989261,6.0058395752013,6.90426484519456,0.898425269993257,0.0111159279862783,0.000498684382588703,-1.79443387218273,-0.558989861998148,-0.775080270293535,-0.490144785641476,-0.492339008810211,-1.33407013229168,32.4513279421597,8.88178419700125e-16
ELSA,final,415,351415,wealth,26.7021036962698,22.5924620448676,-4.1096416514022,21.0459614578291,15.2261187646205,-5.81984269320855,5.65614223844069,7.36634328024705,1.71020104180636,0.00592057000959022,6.74647285851961e-05,-2.85697105458894,-0.981781480863478,-0.730425391876351,-0.429894833606745,-0.820769932273037,-1.71220687273983,29.420157261946,-1.77635683940025e-15
ELSA,final,416,351416,education,27.1256910149832,24.1361453968892,-2.989545618094,21.5680078894542,17.0398799411398,-4.5281279483144,5.55768312552907,7.09626545574947,1.5385823302204,0.0581192977524289,0.017680451499856,-2.29423066322199,-0.641449037934303,-0.592304795102594,-0.277322474360268,-0.72282097769525,-1.2337538330369,27.2464437206586,-5.32907051820075e-15
ELSA,final,416,351416,wealth,26.9650229330465,23.06353670439,-3.90148622865647,21.1994070173467,15.8441298249617,-5.35527719238498,5.76561591569976,7.21940687942825,1.4537909637285,0.0329594917093768,0.00260768325562354,-2.7113228660865,-0.860899183050726,-0.624479832743251,-0.422454544359425,-0.736120766145074,-1.48537901579398,27.7367344851194,8.88178419700125e-16
ELSA,final,417,351417,education,26.0051873122549,24.428409390266,-1.57677792198889,20.8167215179064,16.8550782619753,-3.96164325593117,5.18846579434851,7.57333112829079,2.38486533394228,0.0664646413325356,0.0323538270763718,-2.03016082470544,-0.771091314270598,-0.979124971670907,-0.20419213964555,0.0229259943613239,-1.75021628594151,44.1790482603695,8.88178419700125e-16
ELSA,final,417,351417,wealth,27.3822594921565,22.9496092271078,-4.43265026504873,21.0626520329525,15.327054226542,-5.73559780641057,6.31960745920396,7.62255500056581,1.30294754136184,0.0738588145890425,0.00890356854001893,-2.85907801316532,-0.965544863136371,-0.755183692481046,-0.463280469715134,-0.6925107679127,-1.72072855561742,30.0008580394914,0
ELSA,final,418,351418,education,26.7449268357356,23.6778808726712,-3.06704596306436,20.8802836931509,17.0581547790348,-3.82212891411609,5.8646431425847,6.61972609363644,0.755082951051735,0.0991289702885886,0.031326011314677,-1.22826938949686,-0.803532810732603,-0.782467310031503,-0.458969077303109,-0.548890326552019,-1.58600012076411,41.4952021871006,4.44089209850063e-16
ELSA,final,418,351418,wealth,27.4099026826219,22.1506759298165,-5.25922675280537,21.5170839806465,15.3754486022748,-6.14163537837173,5.89281870197535,6.77522732754171,0.882408625566357,0.0589294353509628,0.00640908637971042,-2.63889207643193,-0.987603596975835,-0.63040954163541,-0.531639877444328,-1.35309028588423,-1.61801313861124,26.3449885727376,0
ELSA,final,419,351419,education,27.6992054150581,23.7530031519967,-3.94620226306138,21.612114077582,16.862391884439,-4.74972219314293,6.08709133747611,6.89061126755766,0.803519930081546,0.0683304946482615,0.0122026124194576,-1.91999198565779,-0.72916839286865,-0.616249159238828,-0.409327967151064,-1.0749846882266,-1.34541755210748,28.3262367228515,8.88178419700125e-16
ELSA,final,419,351419,wealth,27.8449331051176,22.6151995436286,-5.22973356148904,21.6961632329449,15.2981531962646,-6.39801003668034,6.14876987217272,7.31704634736401,1.16827647519129,0.0649185328558226,0.00342802932229452,-3.02436484275531,-1.07813188299875,-0.693496042289668,-0.598978009221826,-1.00303925941479,-1.77162792528841,27.6902961253815,-1.77635683940025e-15
ELSA,final,420,351420,education,27.1131564373442,23.6430194395085,-3.47013699783571,21.6173379574827,16.7561218943258,-4.8612160631568,5.49581847986158,6.88689754518267,1.39107906532109,0.0149980679234712,0.000823154975853777,-1.9224822649337,-1.01424488892439,-0.870543300172455,-0.449572350240532,-0.604373258885721,-1.88478818909684,38.7719485126709,0
ELSA,final,420,351420,wealth,26.746691198239,22.5699898467028,-4.17670135153621,21.2617494124246,15.4144277002571,-5.8473217121675,5.48494178581437,7.15556214644566,1.67062036063129,0.0110913526142064,0.000256822116370147,-2.94510916924262,-0.94692318115416,-0.692793302036482,-0.424905988044467,-0.837590071689774,-1.63971648319064,28.0421800596093,-1.77635683940025e-15
ELSA,final,421,351421,education,26.8248071691154,24.0969657381517,-2.72784143096365,20.9784739489699,17.1651833293006,-3.81329061966929,5.84633322014549,6.93178240885112,1.08544918870564,0.078514273377986,0.0285647674674258,-1.86624634894554,-0.570832436726582,-0.52951527597682,-0.282066057460594,-0.564630500559746,-1.1003477127034,28.8555954017172,-1.33226762955019e-15
ELSA,final,421,351421,wealth,27.6441142227218,23.1181204662555,-4.52599375646637,21.3190649606057,15.9547208486558,-5.36434411194988,6.32504926211614,7.16339961759964,0.838350355483504,0.120220180526149,0.0215282478725137,-2.83560423594751,-0.871582941102014,-0.44630730411467,-0.517543049502186,-0.693306581283495,-1.31789024521668,24.5675933108185,1.77635683940025e-15
ELSA,final,422,351422,education,26.2951801916466,24.2955531752299,-1.99962701641662,20.7045757327873,17.3583804579077,-3.34619527487954,5.59060445885927,6.93717271732219,1.34656825846292,0.0110645134204551,0.00204345803968032,-1.5450552502712,-0.781294444637826,-0.456363597143043,-0.314649924058281,-0.248832058769197,-1.23765804178087,36.9870237721085,-4.44089209850063e-16
ELSA,final,422,351422,wealth,27.2558395574966,23.4530015698659,-3.8028379876307,21.4683619451992,16.2047235806574,-5.26363836454176,5.78747761229739,7.24827798920845,1.46080037691106,0.0237204504861826,0.00119567745521018,-2.7941545181611,-0.938886347892459,-0.554277190234057,-0.583394188263986,-0.392926119990162,-1.49316353812652,28.3675175746331,2.66453525910038e-15
ELSA,final,423,351423,education,27.1485576252965,23.4935775022893,-3.65498012300719,21.594801199266,16.9085957041659,-4.68620549510005,5.5537564260305,6.58498179812336,1.03122537209286,0.0398923125536636,0.00406988331543886,-1.99686360894117,-0.675604812711976,-0.713461655816239,-0.451567455038412,-0.848707962592257,-1.38906646852822,29.6416038515733,8.88178419700125e-16
ELSA,final,423,351423,wealth,26.887790391883,22.69688042662,-4.19090996526298,21.4454919004758,15.5554774607237,-5.89001443975219,5.44229849140713,7.14140296589634,1.69910447448921,0.0294257016185709,0.00138313033396934,-3.00061741815936,-0.972103993356661,-0.531879573732086,-0.397210850735242,-0.988202603768837,-1.50398356708875,25.5344631574795,-2.66453525910038e-15
ELSA,final,424,351424,education,26.2526504729359,23.6107862830059,-2.64186418993003,21.0065575035938,17.117981029336,-3.88857647425786,5.24609296934206,6.4928052536699,1.24671228432783,0.0379148178736666,0.0106892014454006,-1.76951540214604,-0.613034880190985,-0.685414113372449,-0.287638963208985,-0.532973115339402,-1.29844899356343,33.391370908071,-4.44089209850063e-16
ELSA,final,424,351424,wealth,27.4838826951421,22.2987581797783,-5.18512451536371,21.4142236107066,15.6380941406179,-5.77612947008873,6.06965908443544,6.66066403916045,0.591004954725012,0.0664064538188975,0.00662002879983328,-2.60266870024355,-1.00913521733112,-0.468053398122603,-0.543689316572833,-1.15258283781862,-1.47718861545372,25.5740218965527,0
ELSA,final,425,351425,education,28.3700694317143,23.8902898537839,-4.47977957793043,22.1494884718424,17.2936027473204,-4.85588572452202,6.22058095987191,6.59668710646349,0.376106146591589,0.0498877326188371,0.00375020333643258,-1.99039755175567,-0.764645385654066,-0.433255646525056,-0.546766654745696,-1.12082048584153,-1.19790103217912,24.6690531889944,8.88178419700125e-16
ELSA,final,425,351425,wealth,26.4435234594718,23.2283454961903,-3.21517796328152,21.0999319141188,15.8376279655529,-5.26230394856594,5.34359154535299,7.39071753063741,2.04712598528442,0.0162612212715157,0.000891471540499088,-2.92662272332895,-1.00391980327322,-0.529101464965474,-0.348095401086713,-0.454564555911589,-1.53302126823869,29.1321307781255,-1.77635683940025e-15
ELSA,final,426,351426,education,27.7359454853984,23.6257618645351,-4.11018362086335,22.0005275005123,17.0211569433809,-4.97937055713133,5.73541798488615,6.60460492115413,0.86918693626798,0.0723761792405317,0.0222237932428893,-2.03085402707575,-0.680499298953961,-0.526981415448532,-0.262260586020387,-1.4787752296327,-1.20748071440249,24.2496657067061,-3.5527136788005e-15
ELSA,final,426,351426,wealth,27.3857677042536,22.5715579416543,-4.81420976259932,21.5769399077087,15.4071696643662,-6.1697702433425,5.8088277965449,7.16438827728808,1.35556048074318,0.0752975124451247,0.0147601269040012,-3.19305886649332,-0.860315037167745,-0.467967031544629,-0.40971084259701,-1.2387184655398,-1.32828206871237,21.5288741123814,-2.66453525910038e-15
ELSA,final,427,351427,education,26.9470042770603,23.9261314999425,-3.02087277711784,21.8602362931702,16.9912331583305,-4.86900313483965,5.0867679838901,6.93489834161191,1.84813035772181,0.0323793832401369,0.0061660818533135,-2.42729069449385,-0.738397136314708,-0.689243228458282,-0.239458269358487,-0.774613806214329,-1.42764036477299,29.3209990882457,-8.88178419700125e-16
ELSA,final,427,351427,wealth,27.2842888118392,22.8078948202354,-4.47639399160382,21.5123415942133,15.4124217210845,-6.09991987312874,5.77194721762592,7.39547309915083,1.62352588152492,0.0490103161235781,0.00563429534286083,-3.26822774455458,-0.883803452633433,-0.562809233953644,-0.376166450674186,-1.0089129913129,-1.44661268658708,23.7152735884232,1.77635683940025e-15
ELSA,final,428,351428,education,27.0996932019198,23.7951024465038,-3.30459075541595,20.8742987078447,16.9160995835066,-3.95819912433808,6.22539449407508,6.8790028629972,0.653608368922129,0.13848972115777,0.0441244391517967,-1.9783747649425,-0.624745599349873,-0.376030262011614,-0.451294671130208,-0.527753826903885,-1.00077586136149,25.2836158546936,3.10862446895044e-15
ELSA,final,428,351428,wealth,27.251290404729,22.1610458973419,-5.09024450738708,21.0085779267516,15.3064469433816,-5.70213098336994,6.24271247797745,6.85459895396031,0.611886475982862,0.130840963513493,0.0189491851532746,-2.53458225799389,-1.06762530813375,-0.51024498627879,-0.635316500410235,-0.954361930553272,-1.57787029441254,27.6715897795814,8.88178419700125e-16
ELSA,final,429,351429,education,26.3929591042696,23.6399300514977,-2.75302905277196,21.2523790020245,16.9875466468661,-4.26483235515846,5.14058010224509,6.65238340463159,1.5118033023865,0.0240718858710976,0.00380898496498564,-1.89653801731457,-0.620322146644749,-0.818792447134537,-0.286489188852752,-0.642690555211861,-1.43911459377928,33.7437552976409,-2.66453525910038e-15
ELSA,final,429,351429,wealth,26.9301107719564,22.7894983013212,-4.14061247063516,21.1004837920287,15.6652739755547,-5.43520981647395,5.82962697992775,7.12422432576654,1.29459734583878,0.0240245978332056,0.00149315875891706,-2.55589896166027,-0.816697379598775,-0.627437223803499,-0.408428426097382,-1.02674782531402,-1.44413460340227,26.5699881359713,8.88178419700125e-16
ELSA,final,430,351430,education,27.7712645349692,23.9820504602759,-3.78921407469329,22.1911404834479,16.9131183835205,-5.27802209992739,5.58012405152125,7.06893207675536,1.48880802523411,0.118326276930009,0.036882866909857,-2.18305802054368,-0.777085723128123,-0.887569742159654,-0.348574409906523,-1.08173420418941,-1.66465546528778,31.5393803544452,-1.77635683940025e-15
ELSA,final,430,351430,wealth,28.0187347661724,23.3382089667127,-4.68052579945965,21.4221758958547,15.7441914340672,-5.67798446178747,6.59655887031772,7.59401753264554,0.997458662327824,0.127831825033307,0.0197641558734911,-2.66454538896713,-1.07813128645573,-0.759357816853267,-0.633665760211834,-0.542284209299521,-1.83748910330899,32.3616437430429,-1.77635683940025e-15
ELSA,final,431,351431,education,26.1585512632382,23.4867692626178,-2.67178200062036,21.0844183839936,17.069494269663,-4.01492411433055,5.07413287924462,6.41727499295481,1.34314211371019,0.0209435954265867,0.00413375701020371,-1.50935034440178,-0.813070985982708,-0.580588462878048,-0.131158364811962,-0.980755956256054,-1.39365944886076,34.7119748511893,-3.5527136788005e-15
ELSA,final,431,351431,wealth,26.7688474888547,22.1055945458671,-4.66325294298756,21.3342120928407,15.6310402362508,-5.70317185658992,5.43463539601392,6.47455430961627,1.03991891360236,0.0296243584012881,0.0011770022385154,-2.57887362747662,-0.897659575570969,-0.376089615932375,-0.379716877704243,-1.47083215990571,-1.27374919150334,22.3340489035334,8.88178419700125e-16
ELSA,final,432,351432,education,26.5992274267545,23.9498980391043,-2.64932938765019,20.9194822125367,17.0564545142836,-3.86302769825318,5.6797452142178,6.89344352482079,1.21369831060299,0.134850513595666,0.0639742757830006,-1.7326546862049,-0.828151233961331,-0.580109333347766,-0.347742016149467,-0.374370428589716,-1.4082605673091,36.4548400195499,1.77635683940025e-15
ELSA,final,432,351432,wealth,27.3098269857988,22.749612215999,-4.56021476979984,21.1225864581145,15.3946525746023,-5.7279338835122,6.18724052768436,7.35495964139672,1.16771911371236,0.143712054510475,0.0359311767167785,-2.83797843453794,-0.874294260692354,-0.728641142806993,-0.557031816704341,-0.72998822877058,-1.60293540349935,27.9845304798887,-1.77635683940025e-15
ELSA,final,433,351433,education,26.1455834193455,23.5111596282473,-2.63442379109824,20.9251707513102,16.7178869057742,-4.20728384553599,5.22041266803531,6.79327272247306,1.57286005443775,0.00729830765012082,0.00053751520043348,-1.88560852898278,-0.647294597635207,-0.764592604313229,-0.369092269873126,-0.540695844731646,-1.41188720194844,33.5581637413524,2.66453525910038e-15
ELSA,final,433,351433,wealth,26.620453433249,22.3890045701495,-4.23144886309955,20.9249651820703,15.4522010514321,-5.47276413063817,5.69548825117879,6.9368035187174,1.24131526753862,0.0158467778447323,0.000514080172817669,-2.62666795262008,-0.809417639933262,-0.591278787251387,-0.526770001289778,-0.918629749543659,-1.40069642718465,25.5939483915109,1.77635683940025e-15
ELSA,final,434,351434,education,26.9481487309028,24.422136244928,-2.52601248597482,21.1201971034154,16.9249342428335,-4.19526286058185,5.8279516274874,7.49720200209443,1.66925037460703,0.0953044807624064,0.0509936708470819,-2.44451730391403,-0.623328984818116,-0.346939952493287,-0.195023091216991,-0.585453528139419,-0.970268937311403,23.1277269042645,8.88178419700125e-16
ELSA,final,434,351434,wealth,28.0892357273674,22.9066354516715,-5.18260027569582,21.694343546474,15.3469837787696,-6.34735976770443,6.39489218089335,7.55965167290196,1.16475949200861,0.0887336421161897,0.0134662270706846,-2.94210966656615,-1.11515234601481,-0.484620671479596,-0.476338078063628,-1.32913900558024,-1.5997730174944,25.2037551996674,0
ELSA,final,435,351435,education,26.2165995464365,23.3600524052092,-2.8565471412273,20.9137485045161,16.7754495439462,-4.13829896056994,5.30285104192037,6.58460286126302,1.28175181934265,0.0137305770660149,0.00398892023970578,-1.93333891159193,-0.288095214736165,-0.700710394758879,-0.191483506752265,-1.02467093273071,-0.988805609495044,23.8940110155517,-8.88178419700125e-16
ELSA,final,435,351435,wealth,26.9751265993938,21.8722067413515,-5.10291985804232,21.0929525877342,14.8461276046444,-6.24682498308976,5.88217401165961,7.02607913670705,1.14390512504744,0.0332560683514408,0.00389882403609327,-2.82835593454119,-0.739627063558494,-0.672837546738539,-0.351720379267573,-1.65428405898396,-1.41246461029703,22.6109201733776,1.77635683940025e-15
ELSA,final,436,351436,education,26.6427159571571,22.8895855388073,-3.75313041834981,21.6672888746039,16.6252291919771,-5.04205968262681,4.97542708255322,6.26435634683022,1.288929264277,0.031139476450056,0.00283685409090008,-2.1304721937349,-0.59712688826037,-0.805140386419835,-0.368178254666374,-1.14114195954532,-1.4022672746802,27.8113977807905,0
ELSA,final,436,351436,wealth,26.9238664110506,22.0791763330393,-4.84469007801132,21.2488783009296,15.2499994640993,-5.9988788368303,5.67498811012105,6.82917686894002,1.15418875881898,0.0389468876677077,0.00182583236246284,-2.77960532241417,-1.091231264403,-0.427290184421286,-0.48729817541099,-1.21345389018085,-1.51852144882429,25.3134208929388,1.77635683940025e-15
ELSA,final,437,351437,education,26.8314969795127,24.0593392017072,-2.77215777780552,21.1876886777194,16.9460648162092,-4.24162386151021,5.64380830179332,7.11327438549801,1.46946608370469,0.0783268545089384,0.0278621441907753,-1.9184597512344,-0.604159091472851,-0.80740261156505,-0.31614771706287,-0.595454690175043,-1.4115617030379,33.2788042769856,-1.77635683940025e-15
ELSA,final,437,351437,wealth,26.6916450309755,22.9078575073431,-3.78378752363238,20.9333015249669,15.6042043243156,-5.32909720065131,5.75834350600858,7.3036531830275,1.54530967701892,0.0555888869067578,0.0101458867308766,-2.70088189637098,-0.894531321930715,-0.501200209236583,-0.334745036837071,-0.897738736275972,-1.3957315311673,26.1907688791399,-3.5527136788005e-15
ELSA,final,438,351438,education,26.4777045691347,23.8794512691933,-2.59825329994141,20.9846240171319,16.737820513097,-4.24680350403491,5.49308055200278,7.14163075609628,1.6485502040935,0.0598774498883205,0.0301780514573513,-2.17874786769129,-0.774322313674424,-0.509112856775004,-0.189681167950568,-0.594939297943623,-1.28343517044943,30.2212044713166,0
ELSA,final,438,351438,wealth,26.8999899597924,23.0803572953769,-3.81963266441553,20.9215304924316,15.3569675465264,-5.56456294590527,5.97845946736079,7.72338974885053,1.74493028148974,0.0549147788910195,0.0135398493235356,-3.24331759033689,-0.868234681283278,-0.506173502156193,-0.383761268666575,-0.563075903462331,-1.37440818343947,24.6993015767903,8.88178419700125e-16
ELSA,final,439,351439,education,27.8938543181516,24.2669967132563,-3.62685760489528,21.7232129061109,17.2718229063722,-4.45138999973873,6.17064141204064,6.99517380688409,0.824532394843448,0.117405887011261,0.0311994767241355,-1.55342538791493,-0.957686933413948,-0.833215408626631,-0.39462387110655,-0.712438398676673,-1.79090234204058,40.2324294691253,-1.77635683940025e-15
ELSA,final,439,351439,wealth,27.4181939699858,23.2890412096758,-4.12915276031002,21.2581573471737,15.8627131565796,-5.39544419059407,6.16003662281214,7.42632805309618,1.26629143028404,0.0928342700636904,0.0124436292850948,-2.92669631542275,-1.07293668048042,-0.468643313986969,-0.472489060018009,-0.45467882068592,-1.54157999446739,28.5718828702712,-8.88178419700125e-16
ELSA,final,440,351440,education,25.8659863944502,23.3709120432617,-2.49507435118844,20.5961397641329,16.8584132677637,-3.73772649636916,5.26984663031731,6.51249877549804,1.24265214518073,0.0220673628192012,0.0041616786401648,-1.85493469292598,-0.504051803268008,-0.555023990774939,-0.253277950395953,-0.570438059004286,-1.05907579404295,28.3347589790675,-1.33226762955019e-15
ELSA,final,440,351440,wealth,26.486849065464,22.7993615299436,-3.68748753552046,20.760730920645,15.7863800421793,-4.97435087846568,5.72611814481904,7.01298148776425,1.28686334294521,0.0413850959971382,0.00350837455194457,-2.79975422787075,-0.70252754118479,-0.580641977362087,-0.457054131973641,-0.434373000074413,-1.28316951854688,25.7957178714877,-4.44089209850063e-15
ELSA,final,441,351441,education,26.4655248262294,23.5756686673379,-2.88985615889148,21.3382022964568,16.9365835623002,-4.40161873415659,5.12732252977265,6.63908510503775,1.5117625752651,0.0172234964157318,0.00200984228147208,-2.04813051158316,-0.77826911992076,-0.535249525496699,-0.330292078316795,-0.709677498839172,-1.31351864541746,29.8417178940227,0
ELSA,final,441,351441,wealth,26.8798378035313,22.7419571853257,-4.13788061820559,21.5722696990695,15.4285078924414,-6.14376180662809,5.30756810446178,7.31344929288427,2.00588118842249,0.0198138389715543,0.000558573747006274,-2.97929376517316,-0.987581405143228,-0.618006398053479,-0.357824522878236,-1.20105571537999,-1.60558780319671,26.133627144603,0
ELSA,final,442,351442,education,26.5345210000001,23.4982852505511,-3.03623574944895,21.3656490924737,16.464646202088,-4.90100289038562,5.16887190752641,7.03363904846309,1.86476714093667,0.0427630820043314,0.0106589872751667,-2.5997308135688,-0.745320010552817,-0.559988594898533,-0.222058893042599,-0.773904578322865,-1.30530860545135,26.6335000130687,2.66453525910038e-15
ELSA,final,442,351442,wealth,27.7174382902615,21.8151660762158,-5.90227221404573,21.3897643571628,14.7301829295612,-6.65958142760162,6.32767393309872,7.08498314665461,0.757309213555893,0.0592400885990872,0.00167176130620941,-3.18095717321154,-1.10714128903348,-0.590171552784125,-0.739681477754168,-1.04162993481831,-1.6973128418176,25.486779616251,-2.66453525910038e-15
ELSA,final,443,351443,education,27.5431161812382,23.8845505867389,-3.65856559449931,21.9203253881973,17.0075002682514,-4.91282511994591,5.62279079304095,6.87705031848755,1.2542595254466,0.0327692128252198,0.00356872966533206,-2.15334888726107,-0.729056703194927,-0.729109949490943,-0.366310958218965,-0.934998621780012,-1.45816665268587,29.6808173929448,-2.66453525910038e-15
ELSA,final,443,351443,wealth,27.1712218367323,22.9278229861714,-4.24339885056092,21.4609274497766,15.3155673865744,-6.14536006320214,5.71029438695574,7.61225559959696,1.90196121264122,0.0356326478348541,0.00199850530172465,-3.35499145957684,-1.01254246555941,-0.52233318073482,-0.356379591937353,-0.89911336539372,-1.53487564629423,24.9761711357635,-2.66453525910038e-15
ELSA,final,444,351444,education,27.6610173340745,24.068053169777,-3.59296416429757,21.8875200158533,17.1678622683274,-4.71965774752589,5.77349731822125,6.90019090144957,1.12669358322832,0.0752862634809858,0.0280860372685513,-1.62105119164234,-0.822467092456641,-0.687617742397797,-0.119751583636781,-1.46877013739233,-1.51008483485444,31.9956428121519,-1.77635683940025e-15
ELSA,final,444,351444,wealth,27.4391028977998,23.1546101699467,-4.28449272785311,21.2680539394229,16.04821442235,-5.21983951707291,6.17104895837693,7.10639574759673,0.935346789219805,0.0760645581714373,0.0158230387004535,-2.3912055682332,-0.919250246427429,-0.490454313403834,-0.361361483928506,-1.05756790507994,-1.40970455983126,27.0066647685324,-3.5527136788005e-15
ELSA,final,445,351445,education,27.5184426294305,23.5518756159254,-3.96656701350505,21.6924751639745,16.7807227776308,-4.91175238634368,5.82596746545601,6.77115283829463,0.94518537283863,0.0459527165013792,0.0069671642903119,-2.13514307086261,-0.662990824442111,-0.624807523374918,-0.349437892228333,-1.13937307543571,-1.28779834781703,26.2187147584544,-2.66453525910038e-15
ELSA,final,445,351445,wealth,26.3487488073689,22.1973938124628,-4.15135499490616,21.0049467210303,15.0840818299076,-5.92086489112274,5.34380208633865,7.11331198255523,1.76950989621658,0.0203750350851796,0.00113217606380624,-3.09256284802297,-0.851281479552651,-0.583794419078398,-0.308193446490079,-1.08503269797864,-1.43507589863105,24.2376059075877,2.66453525910038e-15
ELSA,final,446,351446,education,27.534485893652,23.6112506753374,-3.92323521831464,21.7040548226454,16.8353099092233,-4.86874491342207,5.83043107100665,6.77594076611408,0.945509695107431,0.161023320611034,0.0504105292983606,-2.40498954201092,-0.361878911669196,-0.58762400208159,-0.274531716179179,-1.23972074148118,-0.949502913750787,19.5020057660695,0
ELSA,final,446,351446,wealth,27.4809946304654,22.4871707592592,-4.99382387120622,21.6948601814724,15.5249481167,-6.16991206477238,5.78613444899297,6.96222264255913,1.17608819356617,0.15074688969166,0.0253472521719534,-3.2064649238381,-0.847519785885436,-0.53797855097598,-0.453038742779568,-1.12491006129329,-1.38549833686142,22.4557225826934,1.77635683940025e-15
ELSA,final,447,351447,education,24.9833514380126,23.8485830271375,-1.13476841087514,19.5573232250978,17.2059745833691,-2.35134864172868,5.42602821291475,6.6426084437683,1.21658023085355,0.0178623815089086,0.00714566205044029,-1.25644173311251,-0.308162935444187,-0.533925901537951,-0.143834822322996,-0.108983249311039,-0.842088836982137,35.8130147966081,4.44089209850063e-16
ELSA,final,447,351447,wealth,26.9974948953843,23.0257907197616,-3.97170417562265,20.8892300817712,16.0603875706058,-4.82884251116543,6.10826481361307,6.96540314915585,0.857138335542777,0.0470943711074086,0.00417054826929649,-2.43936272984328,-0.805553982784429,-0.482131523827753,-0.506702486005789,-0.595091788704183,-1.28768550661218,26.6665459400415,0
ELSA,final,448,351448,education,25.9178238712204,23.5990401595205,-2.31878371169987,20.9856942173534,16.9457581800304,-4.039936037323,4.93212965386694,6.65328197949008,1.72115232562313,0.0192293691759786,0.00294762328210723,-1.86316958553612,-0.732637954020878,-0.544649825838748,-0.161221287543032,-0.738257384384223,-1.27728777985963,31.6165347188516,2.66453525910038e-15
ELSA,final,448,351448,wealth,26.4685771016705,22.9397045010905,-3.52887260057996,21.1596902763791,15.7259034518577,-5.43378682452137,5.30888682529136,7.21380104923277,1.90491422394142,0.0273110790318954,0.00187050838866795,-2.8950226484254,-0.978942956740355,-0.442453962552335,-0.294987959195659,-0.822379297607628,-1.42139691929269,26.1584961868263,-3.5527136788005e-15
ELSA,final,449,351449,education,26.6738022850045,23.8952474578179,-2.77855482718668,21.457315243957,16.8636232165808,-4.5936920273762,5.21648704104756,7.03162424123708,1.81513720018952,0.0314040234728425,0.0124448306725865,-2.09289333370876,-0.670003478422412,-0.786862338434536,-0.215454318230293,-0.828478558580204,-1.45686581685695,31.7144860424845,-8.88178419700125e-16
ELSA,final,449,351449,wealth,26.8554066577388,22.5521780618314,-4.30322859590745,21.036709635702,15.3241224850762,-5.71258715062583,5.81869702203678,7.22805557675517,1.40935855471839,0.0298794413941704,0.00429633618796344,-2.53079554916784,-1.0148613907057,-0.715380731321107,-0.378752585138501,-1.07279689429268,-1.73024212202681,30.288240273713,1.77635683940025e-15
ELSA,final,450,351450,education,27.2652813649036,23.9526098541763,-3.31267151072733,21.2323868373862,17.177901442057,-4.05448539532919,6.03289452751739,6.77470841211925,0.741813884601864,0.0778969592756504,0.0183461891977785,-1.51013859332011,-0.810827086282748,-0.728230993917596,-0.451810592503311,-0.553478129305425,-1.53905808020034,37.9593938597819,8.88178419700125e-16
ELSA,final,450,351450,wealth,27.5788231575246,22.6092057243856,-4.96961743313895,21.5088912222803,15.5448138661275,-5.96407735615279,6.06993193524428,7.06439185825811,0.994459923013835,0.0719903031656832,0.00887224213998728,-2.61695330508228,-1.02634955418682,-0.666059475139783,-0.478862680781417,-1.17585234096249,-1.6924090293266,28.3767115726734,-1.77635683940025e-15
ELSA,final,451,351451,education,27.9795240386188,23.5924125965063,-4.38711144211252,22.0929071095524,16.7695761905735,-5.32333091897891,5.8866169290664,6.8228364059328,0.936219476866393,0.145382117020763,0.0342216937753937,-2.23448642123835,-0.738965199055432,-0.767612336619312,-0.5524325247152,-1.02983443735061,-1.50657753567474,28.3014067433502,0
ELSA,final,451,351451,wealth,27.5616482434838,22.4559095630647,-5.10573868041909,21.4833744739917,15.4248449108253,-6.05852956316634,6.07827376949216,7.03106465223941,0.952790882747252,0.115551235581536,0.0188373137572048,-2.82620521293272,-0.959503463302789,-0.572998902371717,-0.545567867170372,-1.15425411738874,-1.53250236567451,25.2949556438837,-3.5527136788005e-15
ELSA,final,452,351452,education,27.8496319884331,23.9775175454406,-3.87211444299252,22.3256044245528,17.0333494146321,-5.29225500992074,5.52402756388032,6.94416813080854,1.42014056692822,0.0993926537242292,0.0189328406193262,-2.2991036339789,-0.924464557342315,-0.66926792567179,-0.416199242109742,-0.983219650817986,-1.59373248301411,30.1144309944727,6.21724893790088e-15
ELSA,final,452,351452,wealth,27.6716269077576,22.8684184463532,-4.8032084614044,21.8001776082571,15.4313673092158,-6.36881029904126,5.8714492995005,7.43705113713735,1.56560183763685,0.0984684677928888,0.0105573063449492,-3.40590619444976,-0.972634225502537,-0.59594798175266,-0.474834494352958,-0.919487402983336,-1.5685822072552,24.6291243356915,5.32907051820075e-15
ELSA,final,453,351453,education,27.2384246534606,24.0798700462571,-3.15855460720346,21.269960840112,16.9128848212196,-4.35707601889241,5.96846381334853,7.16698522503747,1.19852141168895,0.13971222099093,0.0538827424843517,-1.93128728832439,-0.569824552986405,-0.74672250560665,-0.35342173381822,-0.755819938156748,-1.31654705859306,30.2162976474239,-1.77635683940025e-15
ELSA,final,453,351453,wealth,27.36412151601,22.0944132682315,-5.26970824777852,21.2816487470832,15.16892462185,-6.11272412523321,6.08247276892679,6.92548864638148,0.843015877454691,0.108645024977201,0.0100978302485931,-2.86371020240254,-0.899545191468193,-0.65370983472897,-0.636039584135067,-1.05971931249843,-1.55325502619716,25.4101934648966,-1.77635683940025e-15
ELSA,final,454,351454,education,27.3732540095691,23.9203708919244,-3.45288311764465,21.4152217199226,17.1742332774997,-4.24098844242289,5.95803228964653,6.74613761442476,0.788105324778234,0.091038177945604,0.0188396891671545,-2.0906694074947,-0.600924245610192,-0.485566433792874,-0.518032127056148,-0.545796228468966,-1.08649067940307,25.6188078358061,4.44089209850063e-15
ELSA,final,454,351454,wealth,27.338733130252,22.5116618021428,-4.82707132810927,21.3351919249371,15.5109324512058,-5.82425947373131,6.00354120531493,7.00072935093697,0.997188145622045,0.10116956570785,0.0114771778137729,-2.8576741733121,-0.829044469642931,-0.696241409142905,-0.611255084887446,-0.830044336745925,-1.52528587878584,26.1884946174739,0
ELSA,final,455,351455,education,27.0776025812058,24.5143708361545,-2.56323174505127,21.5714055382136,16.5505050894127,-5.02090044880088,5.50619704299222,7.96386574674182,2.45766870374961,0.142207109219222,0.0872642336454993,-2.75276577137057,-0.86473777947627,-0.525320471327143,-0.0573331781640327,-0.820743248462873,-1.39005825080341,27.6854374026753,-5.32907051820075e-15
ELSA,final,455,351455,wealth,27.4417108357868,23.4266099374917,-4.01510089829511,21.0111316303196,15.3578996500971,-5.65323198022246,6.43057920546721,8.06871028739455,1.63813108192734,0.141208202559162,0.0469928654557702,-2.96751319884467,-0.959712994303504,-0.473514310453741,-0.321876908893581,-0.930614567726959,-1.43322730475724,25.3523525970864,8.88178419700125e-16
ELSA,final,456,351456,education,28.0095746534549,23.6933197874233,-4.31625486603168,22.1745058150037,16.9517938174818,-5.2227119975219,5.83506883845122,6.74152596994143,0.906457131490219,0.0886781395776989,0.0122666122846316,-2.00428224872934,-0.848116504073307,-0.873657328279499,-0.549075739424868,-0.947580177014889,-1.72177383235281,32.9670453429131,-3.5527136788005e-15
ELSA,final,456,351456,wealth,27.9105738691935,22.8415877643319,-5.06898610486162,21.6738461124166,15.6873908849038,-5.98645522751279,6.23672775677692,7.1541968794281,0.91746912265118,0.0512092226888662,0.00338156967198927,-2.54201666490241,-1.06864923558122,-0.706805588186959,-0.504057940689441,-1.16492579815277,-1.77545482376817,29.6578652356484,-8.88178419700125e-16
ELSA,final,457,351457,education,27.032930691471,23.7383185458853,-3.29461214558564,21.6508254283919,17.3931708253124,-4.25765460307954,5.38210526307903,6.34514772057292,0.963042457493895,0.0609010654989119,0.0152859637823691,-1.54616342930955,-0.684885610712693,-0.723576897740224,-0.282059318822954,-1.02096934649412,-1.40846250845292,33.080713203795,3.5527136788005e-15
ELSA,final,457,351457,wealth,27.088331239086,23.1117734863274,-3.97655775275864,21.5070992333624,16.1219205710814,-5.38517866228097,5.58123200572367,6.989852915246,1.40862090952233,0.0744115373331023,0.0101453556159656,-3.06196778182565,-0.82398264121534,-0.455900015263828,-0.41772679192929,-0.625601432046867,-1.27988265647917,23.7667631241979,-2.66453525910038e-15
ELSA,final,458,351458,education,28.0966399956981,23.3920189949333,-4.70462100076485,21.9974269201832,16.5715270260584,-5.42589989412476,6.09921307551492,6.82049196887483,0.72127889335991,0.107374834573817,0.0166200873624002,-2.2843757074839,-0.663642128208947,-0.699953641066043,-0.505770330746056,-1.27215808661982,-1.36359576927499,25.1312371382213,-2.66453525910038e-15
ELSA,final,458,351458,wealth,27.1629255873097,22.759625873868,-4.40329971344168,21.1521183249782,15.4228459511678,-5.72927237381045,6.01080726233147,7.33677992270024,1.32597266036877,0.0827006508798277,0.00978567218994055,-2.93829647516476,-0.959978257201642,-0.603718123443008,-0.484629167947827,-0.742650350053215,-1.56369638064465,27.29310597612,-1.77635683940025e-15
ELSA,final,459,351459,education,25.1527872051755,23.3978351691951,-1.75495203598035,20.1071158799522,16.9733943631501,-3.13372151680218,5.04567132522325,6.42444080604508,1.37876948082183,0.0147102413703874,0.00345777057935231,-1.5344835824514,-0.724667878489652,-0.503190804839795,-0.246445240723084,-0.124934010298249,-1.22785868332945,39.1821250467215,2.22044604925031e-15
ELSA,final,459,351459,wealth,26.6870641302499,22.567712406411,-4.11935172383892,21.2913942260381,15.8447896000056,-5.44660462603247,5.39566990421187,6.72292280640542,1.32725290219355,0.0296367204647187,0.0024471858073839,-2.59965888143234,-1.00845999376823,-0.586248187204515,-0.449233955531391,-0.803003608095987,-1.59470818097275,29.2789414776082,-3.5527136788005e-15
ELSA,final,460,351460,education,27.4940408075663,23.9335218476015,-3.56051895996484,21.0730981496331,16.9648592045138,-4.10823894511927,6.42094265793321,6.96866264308765,0.547719985154433,0.16605121033308,0.0545363279708812,-2.00326536055792,-0.665272808297216,-0.366249472846568,-0.434172856133986,-0.639278447283583,-1.03152228114378,25.1086242773018,-8.88178419700125e-16
ELSA,final,460,351460,wealth,27.8290892552911,22.5747638921162,-5.25432536317493,21.6579947012365,15.3294866562533,-6.32850804498321,6.17109455405463,7.2452772358629,1.07418268180827,0.119192913846228,0.0140221109992286,-3.1012044037619,-1.01117302996035,-0.627687971838778,-0.522287428469366,-1.06615521095281,-1.63886100179913,25.896482870055,1.77635683940025e-15
ELSA,final,461,351461,education,27.8949329219574,23.6674457577057,-4.22748716425169,21.1456204321459,16.8863639347196,-4.25925649742627,6.74931248981154,6.78108182298612,0.0317693331745845,0.130813497411875,0.0389467726923574,-1.47265073758953,-0.621438852524724,-0.466189285108113,-0.334978095632868,-1.36399952657104,-1.08762813763284,25.5356337025031,3.5527136788005e-15
ELSA,final,461,351461,wealth,27.1843428667062,22.1313966572655,-5.05294620944073,21.116810447208,15.2833873042441,-5.83342314296388,6.0675324194982,6.84800935302135,0.780476933523151,0.0784551880870117,0.0107589260879095,-2.68855848824054,-0.808335435157412,-0.465860455786899,-0.4227421571269,-1.44792660665213,-1.27419589094431,21.8430218366931,-8.88178419700125e-16
ELSA,final,462,351462,education,26.7796974836689,23.3256198655221,-3.45407761814679,21.7167273119079,16.918130064803,-4.79859724710488,5.06297017176106,6.40748980071915,1.34451962895809,0.0217445205383373,0.00243346279592396,-1.58991528030188,-0.766070022427563,-0.867873243829408,-0.244260145728713,-1.33047855481732,-1.63394326625697,34.0504356193421,2.66453525910038e-15
ELSA,final,462,351462,wealth,26.482297466935,22.268266178873,-4.21403128806203,21.3477043219017,15.629626294515,-5.71807802738669,5.13459314503328,6.63863988435794,1.50404673932466,0.0217348579096706,0.000940868061737893,-2.50462000691196,-0.968470587350781,-0.597898789289188,-0.366061404615848,-1.28102723921891,-1.56636937663997,27.3932844067159,1.77635683940025e-15
ELSA,final,463,351463,education,26.9780232223014,23.4920237572214,-3.48599946508001,21.3235964211627,16.8443448141055,-4.47925160705719,5.65442680113866,6.64767894311584,0.993252141977173,0.0278658344667479,0.00323981426329233,-1.98480022892174,-0.515213729826567,-0.704061505225823,-0.418902924199376,-0.856273218883686,-1.21927523505239,27.2205123090515,1.77635683940025e-15
ELSA,final,463,351463,wealth,26.7543174203187,22.3241261925998,-4.43019122771882,21.0707898794069,15.6207947674527,-5.44999511195416,5.68352754091176,6.7033314251471,1.01980388423534,0.0197533517362778,0.000613687731925102,-3.05128532079357,-0.701239322421399,-0.44614975300824,-0.558612697706279,-0.692708018024667,-1.14738907542964,21.0530294405756,-1.77635683940025e-15
ELSA,final,464,351464,education,27.6310762708572,24.3388307762245,-3.29224549463262,21.0224241601248,17.2769034709677,-3.74552068915711,6.60865211073232,7.06192730525681,0.453275194524497,0.161773861442399,0.0513817804196493,-1.6247599132397,-0.742165998387387,-0.548343960281463,-0.439581843003557,-0.390668974245004,-1.29050995866885,34.45475451263,1.77635683940025e-15
ELSA,final,464,351464,wealth,27.4343428174994,22.8918671519551,-4.54247566554423,20.9750008713164,15.6979957445287,-5.27700512678769,6.45934194618297,7.19387140742643,0.734529461243461,0.107882206547698,0.0208308335977609,-2.41937202372726,-0.907624001372712,-0.530232876520309,-0.427668644895248,-0.992107580272162,-1.43785687789302,27.2475929688607,-1.77635683940025e-15
ELSA,final,465,351465,education,28.2229005694786,23.7397433249089,-4.48315724456967,21.9243680448526,16.8274390001208,-5.09692904473186,6.29853252462599,6.91230432478819,0.613771800162193,0.18760449204799,0.0563393706031135,-2.24315813488595,-0.622605513793478,-0.662350427276034,-0.472442156512051,-1.09637281226435,-1.28495594106951,25.2103949219703,1.77635683940025e-15
ELSA,final,465,351465,wealth,27.7539917359608,22.2149627852625,-5.53902895069827,21.5524913516726,15.2658010800401,-6.28669027163248,6.20150038428818,6.9491617052224,0.747661320934214,0.132005973786533,0.0202799520207616,-3.27899847708684,-0.869948762735968,-0.401772699778287,-0.537091057988704,-1.19887927404268,-1.27172146251425,20.2287914238858,0
ELSA,final,466,351466,education,27.0257450719304,23.3917313471541,-3.63401372477628,21.9187026859697,16.7817891141535,-5.13691357181616,5.10704238596073,6.60994223300061,1.50289984703988,0.0086679044996429,0.000357728398938676,-2.23997123344817,-0.523087113150262,-0.618610482876122,-0.170193343656755,-1.58505139868485,-1.14169759602638,22.225361203084,3.5527136788005e-15
ELSA,final,466,351466,wealth,26.3466136653196,22.3435166169132,-4.00309704840631,21.0538573346365,15.5947782166962,-5.4590791179403,5.292756330683,6.74873840021699,1.45598206953399,0.0102418097046753,0.000145567516259895,-2.84297438627341,-0.772535610546114,-0.37072473776884,-0.407234515572806,-1.06560986777913,-1.14326034831495,20.9423663518235,8.88178419700125e-16
ELSA,final,467,351467,education,26.6869522311851,23.4235610295803,-3.26339120160478,20.6933626755691,16.6020690637342,-4.09129361183495,5.99358955561593,6.8214919658461,0.827902410230173,0.055989296736939,0.0145583210723919,-1.49672606993773,-0.83148677440771,-0.430706476974043,-0.240113171437992,-1.09226111907747,-1.26219325138175,30.850713029507,8.88178419700125e-16
ELSA,final,467,351467,wealth,27.1968689460149,22.1034924746243,-5.09337647139058,21.545347279732,15.067358055771,-6.47798922396096,5.65152166628291,7.03613441885329,1.38461275257038,0.0640980942074727,0.0047950477082222,-2.85022390791855,-1.21134850542068,-0.388825464786976,-0.363669069358176,-1.66392227647658,-1.60017397020765,24.7017078121848,0
ELSA,final,468,351468,education,27.2202241325007,23.9174218918381,-3.30280224066264,21.8634712173048,17.1261462704569,-4.73732494684795,5.35675291519593,6.79127562138125,1.43452270618531,0.128875424028211,0.0415188527862121,-2.34822109011956,-0.820729521747221,-0.476924981942884,-0.269058384762811,-0.822390968275479,-1.2976545036901,27.392136242491,0
ELSA,final,468,351468,wealth,27.6295937155982,23.1008934715708,-4.5287002440274,21.5441082515059,15.7293946587142,-5.8147135927917,6.08548546409234,7.37149881285664,1.2860133487643,0.117438781875152,0.0179014533796174,-3.22769004839578,-0.973888794523697,-0.449227344254836,-0.478944783838233,-0.684962621779153,-1.42311613877853,24.4743978541389,-8.88178419700125e-16
ELSA,final,469,351469,education,26.7297795454392,23.8713189495527,-2.85846059588655,20.8952855452138,16.8146225454245,-4.08066299978925,5.83449400022549,7.0566964041282,1.2222024039027,0.0427748288601752,0.00672964574268361,-1.97275631320406,-0.905889064281757,-0.532882564992415,-0.440010672724444,-0.22912438458658,-1.43877162927417,35.258281052576,-1.77635683940025e-15
ELSA,final,469,351469,wealth,27.1247517921366,22.5618589679604,-4.56289282417615,21.2196018092289,15.3813664979756,-5.83823531125331,5.90514998290765,7.18049246998481,1.27534248707716,0.0447881514383112,0.00245972533976874,-2.9486118701987,-1.06903619049104,-0.505171604340503,-0.546309062792032,-0.769106583431033,-1.57420779483154,26.9637606383769,-8.88178419700125e-16
ELSA,final,470,351470,education,27.8068721615445,23.9231880612601,-3.88368410028431,21.2051908200876,17.3401572643339,-3.86503355575364,6.60168134145687,6.58303079692621,-0.0186505445306633,0.123069354455109,0.0235526017930736,-1.56164645824163,-0.568355458849357,-0.537257693828127,-0.567630731018241,-0.630143213816286,-1.10561315267748,28.6055253267239,-1.33226762955019e-15
ELSA,final,470,351470,wealth,27.1180695396143,22.579738539751,-4.5383309998633,21.0699979810031,15.8233661861499,-5.24663179485313,6.04807155861127,6.75637235360111,0.708300794989839,0.0909899362904697,0.0142701890871628,-2.46041068651531,-0.976371605348145,-0.397457930988793,-0.525613214235997,-0.886778357764882,-1.37382953633694,26.1849809564423,3.5527136788005e-15
ELSA,final,471,351471,education,27.0820978651658,23.291895653084,-3.79020221208184,21.2840109881099,16.8462232449139,-4.43778774319605,5.79808687705593,6.44567240817013,0.647585531114206,0.0507895575303785,0.0067513435031394,-1.56217357840531,-0.732363110923402,-0.685158963922013,-0.483932284567972,-0.974159805377347,-1.41752207484542,31.942088195154,8.88178419700125e-16
ELSA,final,471,351471,wealth,27.1395567081884,22.4826069794026,-4.65694972878579,21.1703872100213,15.6024744829451,-5.56791272707616,5.96916949816707,6.88013249645744,0.910962998290371,0.0500463944140245,0.00276694339017065,-2.81138370205042,-0.918467496727066,-0.481676221882898,-0.645398128822512,-0.710987177593272,-1.40014371860996,25.1466534631769,8.88178419700125e-16
ELSA,final,472,351472,education,26.7663600147264,23.1113305151617,-3.65502949956474,21.316480100039,16.6010741822553,-4.71540591778366,5.44987991468747,6.51025633290638,1.06037641821892,0.0407133181425452,0.00692965287337604,-2.08060145796709,-0.589319181410404,-0.638128155010651,-0.271388959466468,-1.13596816392904,-1.22744733642106,26.0305763241266,0
ELSA,final,472,351472,wealth,27.1270271421144,22.1231276829502,-5.00389945916426,21.1741302035612,15.4117912270845,-5.76233897647666,5.95289693855324,6.71133645586563,0.758439517312397,0.0397982502522566,0.00150935664081234,-2.74376734726505,-0.860618313916392,-0.562019895390364,-0.534180286028201,-1.06175313387666,-1.42263820930676,24.6885546843795,-2.66453525910038e-15
ELSA,final,473,351473,education,26.5318607811991,23.2107077481281,-3.32115303307102,21.463425642248,16.5809481139203,-4.88247752832771,5.06843513895115,6.62975963420784,1.56132449525669,0.0415200354520825,0.00596747012378519,-2.19652440082014,-0.810849679916451,-0.721019630309407,-0.41683785800819,-0.737245959273522,-1.53186931022586,31.3748358561424,2.66453525910038e-15
ELSA,final,473,351473,wealth,27.2323500421587,22.1513439051173,-5.08100613704138,21.4244491518507,15.3683385266519,-6.05611062519883,5.80790089030796,6.78300537846541,0.975104488157447,0.0453094818987856,0.00203078779477656,-2.56583430042159,-1.0315693973811,-0.672936744510471,-0.60171666531104,-1.18405351757463,-1.70450614189157,28.1452279751842,0
ELSA,final,474,351474,education,26.9859741663693,23.4814639738698,-3.50451019249948,22.0273017357255,17.13472958828,-4.89257214744549,4.95867243064387,6.34673438558988,1.38806195494601,0.0481696176973589,0.00505669730745054,-2.39199173769936,-0.853400028915868,-0.445436523334779,-0.484476700952888,-0.717267156542593,-1.29883655225065,26.5471108674156,1.77635683940025e-15
ELSA,final,474,351474,wealth,27.077681842023,22.2918567040489,-4.78582513797406,21.6360582861581,15.636976759942,-5.99908152621608,5.44162355586491,6.65487994410693,1.21325638824202,0.0405078950828248,0.001781281468896,-2.91390959242342,-1.03441450623745,-0.411082869803644,-0.517451509400746,-1.12222304835082,-1.44549737604109,24.0953114193272,2.66453525910038e-15
ELSA,final,475,351475,education,27.5624103403063,23.4343398733209,-4.12807046698543,22.3061941010768,16.7499852681336,-5.55620883294318,5.25621623922948,6.68435460518723,1.42813836595775,0.0309801090753911,0.00273559866892921,-2.4878410532416,-0.944779692466422,-0.468403619093376,-0.325048482387711,-1.33013598575408,-1.4131833115598,25.434308789492,1.77635683940025e-15
ELSA,final,475,351475,wealth,26.4305035841596,22.5556739955421,-3.87482958861748,21.002996654755,15.5643706191353,-5.43862603561967,5.42750692940462,6.99130337640681,1.56379644700219,0.00956709738480722,0.000327357872654668,-2.5203816169548,-1.03619411248831,-0.589863315214364,-0.39113863218928,-0.901048358772914,-1.62605742770268,29.8983128652898,8.88178419700125e-16
ELSA,final,476,351476,education,27.12531718202,24.9397623997302,-2.18555478228976,21.7492007849696,17.4032843708621,-4.34591641410749,5.37611639705041,7.53647802886814,2.16036163181773,0.104039558374359,0.0711018701984023,-2.09874392709425,-0.544268293760048,-0.652852465023853,0.0273238543438944,-1.07737558257323,-1.1971207587839,27.5458762827989,2.66453525910038e-15
ELSA,final,476,351476,wealth,28.3904293354236,23.3576990365573,-5.03273029886636,21.8906970868542,15.8599718807299,-6.03072520612436,6.49973224856937,7.49772715582737,0.997994907258008,0.155503687302502,0.0365184873490521,-2.69355995637705,-0.939584608437165,-0.543807409182167,-0.530889784305319,-1.32288344782266,-1.48339201761933,24.5972410766272,-1.77635683940025e-15
ELSA,final,477,351477,education,26.8760216914968,24.0907927006931,-2.78522899080373,21.6578992295428,16.9814121661378,-4.67648706340496,5.21812246195404,7.10938053455527,1.89125807260123,0.0528487491642473,0.015013397765048,-2.19306702480749,-0.753673030953172,-0.710842195369341,-0.139901312405607,-0.879003499869353,-1.46451522632251,31.3165674675511,0
ELSA,final,477,351477,wealth,27.3547534802065,23.1424063852083,-4.21234709499814,21.309014962149,15.4050009182725,-5.90401404387657,6.04573851805742,7.73740546693585,1.69166694887843,0.0634702493971168,0.00562261530827946,-3.15343881378547,-1.07304942680613,-0.629386141834078,-0.472485199236619,-0.57565446221427,-1.70243556864021,28.8352222062533,1.77635683940025e-15
ELSA,final,478,351478,education,28.325211026404,23.712838507213,-4.61237251919108,21.8898456757318,16.9531161114382,-4.93672956429363,6.4353653506722,6.75972239577476,0.324357045102555,0.0532495566533515,0.00643684933399838,-1.84066489726771,-0.583682456533422,-0.492101146121664,-0.407237006319933,-1.61304405805089,-1.07578360265509,21.7914226137889,2.66453525910038e-15
ELSA,final,478,351478,wealth,27.1943939873426,22.6534717282158,-4.5409222591268,21.4590062175399,15.6896972217185,-5.76930899582141,5.73538776980265,6.96377450649727,1.22838673669462,0.0298819158773439,0.0013850857351103,-2.7521297774289,-0.957734124571586,-0.545762381936417,-0.520593132720915,-0.993089579163603,-1.503496506508,26.0602527546532,-4.44089209850063e-15
ELSA,final,479,351479,education,27.435966626755,24.0642791659978,-3.3716874607572,21.5608321355547,16.9800863465367,-4.58074578901801,5.87513449120026,7.08419281946107,1.20905832826081,0.0246968655165078,0.00804538940883234,-1.95685132519856,-0.867477106836549,-0.343333537891105,-0.242745894971106,-1.17033792412069,-1.21081064472765,26.4326094591514,-2.66453525910038e-15
ELSA,final,479,351479,wealth,27.3239400683667,22.9955437759603,-4.3283962924064,21.2268183230466,15.6174921912969,-5.60932613174973,6.09712174532008,7.37805158466341,1.28092983934333,0.02615052915952,0.00263778818742393,-2.81956414677383,-0.901885950406507,-0.460725263008168,-0.484441051450528,-0.942709720110695,-1.36261121341468,24.2918878562269,-2.66453525910038e-15
ELSA,final,480,351480,education,26.0955274147923,23.9101265868403,-2.18540082795198,21.0404066343255,17.198269366813,-3.84213726751248,5.05512078046685,6.71185722002734,1.65673643956049,0.0622068956039825,0.0227830101939292,-1.8215818648971,-0.583001525033727,-0.943367980577924,-0.228845574508599,-0.265340322495126,-1.52636950561165,39.7270945657772,-4.44089209850063e-16
ELSA,final,480,351480,wealth,26.8751365739589,22.9013306879207,-3.97380588603814,21.0521241097913,16.0133321419806,-5.03879196781075,5.82301246416755,6.88799854594015,1.0649860817726,0.0782308385974569,0.0135976912872182,-2.45134123868949,-0.969162150484988,-0.58720653997034,-0.404099418520518,-0.626982620145413,-1.55636869045533,30.8877346077762,0
ELSA,final,481,351481,education,26.5550872442129,23.9798463706865,-2.57524087352639,21.4214745136772,17.1183263801545,-4.30314813352265,5.13361273053574,6.86151999053201,1.72790725999626,0.0379882335813294,0.00803041702491649,-2.01734938179149,-0.660610767103234,-0.76514752786428,-0.264249387230987,-0.595791069532661,-1.42575829496751,33.1329122476748,8.88178419700125e-16
ELSA,final,481,351481,wealth,26.4223712713574,22.6533980027495,-3.76897326860792,21.011103769868,15.643769226907,-5.36733454296095,5.41126750148944,7.00962877584247,1.59836127435303,0.0359443895501039,0.0025932006294448,-2.77940861271601,-0.887760508700383,-0.462770295820414,-0.371095054502318,-0.866300071221821,-1.3505308045208,25.1620388800241,0
ELSA,final,482,351482,education,27.1640888336095,24.1191948871986,-3.0448939464109,20.6743046721012,17.3518487812191,-3.32245589088211,6.48978416150828,6.76734610597949,0.277561944471218,0.09247792816882,0.0237450952165797,-1.54862634800781,-0.588506215196039,-0.417473035254181,-0.374327902814189,-0.393522389609895,-1.00597925045022,30.2781822690544,8.88178419700125e-16
ELSA,final,482,351482,wealth,27.8077716597769,23.1612228227831,-4.64654883699372,21.4239452559286,15.9449039610439,-5.47904129488472,6.38382640384829,7.21631886173929,0.832492457891001,0.0757126114906238,0.00866975744390957,-2.88031822076901,-0.81903769410414,-0.546058333376022,-0.481291641129849,-0.752335405505689,-1.36509602748016,24.9148702119589,8.88178419700125e-16
ELSA,final,483,351483,education,26.3580083897561,23.4981189843984,-2.85988940535769,20.406280161779,16.9445350076706,-3.46174515410839,5.95172822797703,6.55358397672773,0.601855748750706,0.0277668278186396,0.00599092783043803,-1.51526964885682,-0.499475004004586,-0.39202910500494,-0.282538051935805,-0.772433344306236,-0.891504109009526,25.7530254054517,2.66453525910038e-15
ELSA,final,483,351483,wealth,27.2416357951331,22.639250671366,-4.60238512376711,20.9945967265717,15.8716240149028,-5.12297271166892,6.24703906856138,6.76762665646319,0.520587587901809,0.0350178215520622,0.00189140045578013,-2.35513202591016,-0.938713846861855,-0.42475386289242,-0.506488401755652,-0.897884574248837,-1.36346770975427,26.6147759610083,-1.77635683940025e-15
ELSA,final,484,351484,education,26.4407583766791,23.5460435680043,-2.89471480867478,21.2589995645201,16.6992529005971,-4.559746663923,5.18175881215896,6.84679066740718,1.66503185524822,0.0388460951426433,0.00744370466085569,-1.8849587313946,-0.970957148840106,-0.772920052366249,-0.196572517567418,-0.734338213754626,-1.74387720120635,38.2450458268662,2.66453525910038e-15
ELSA,final,484,351484,wealth,27.3036807307306,22.3533236146752,-4.95035711605534,21.231152431756,15.3238399763549,-5.90731245540118,6.07252829897453,7.02948363832037,0.956955339345848,0.0654849550161264,0.00473142790498063,-2.68192888441256,-1.20319395493685,-0.586400797294176,-0.500221907914344,-0.935566910843253,-1.78959475223103,30.2945673813946,-1.77635683940025e-15
ELSA,final,485,351485,education,27.2021124746048,23.9953222483246,-3.20679022628027,21.3961600974846,17.150357635671,-4.24580246181352,5.80595237712027,6.84496461265351,1.03901223553324,0.0936247944344404,0.0264863191664585,-1.5325359935797,-0.958424207458636,-0.744688584667152,-0.346746336914022,-0.663407339193997,-1.70311279212579,40.1128598761596,3.5527136788005e-15
ELSA,final,485,351485,wealth,27.0157658464328,22.7210742200584,-4.29469162637439,21.1778942303118,15.3421667341325,-5.83572749617923,5.83787161612108,7.37890748592591,1.54103586980483,0.0691331991553627,0.00757815231685695,-2.94428833084258,-1.10412359713079,-0.575957967131108,-0.42538456838703,-0.785973032687725,-1.6800815642619,28.7895821962537,8.88178419700125e-16
ELSA,final,486,351486,education,26.5269787608694,23.3949419635321,-3.13203679733735,21.5817158071107,16.8800482165301,-4.70166759058065,4.94526295375872,6.51489374700202,1.5696307932433,0.0236968978983133,0.00169820955578325,-2.46167673646454,-0.367949414771835,-0.499390318518907,-0.0742532481779586,-1.29839787264741,-0.867339733290742,18.4474915884818,1.77635683940025e-15
ELSA,final,486,351486,wealth,26.9979695712455,22.4979876088786,-4.49998196236687,21.6420881815851,15.531995687359,-6.11009249422608,5.35588138966043,6.96599192151964,1.61011053185921,0.0291133743371563,0.000672518965655642,-3.32673833334087,-0.797217742389043,-0.509851291773364,-0.429305030803937,-1.04698009591886,-1.30706903416241,21.3919680495437,1.77635683940025e-15
ELSA,final,487,351487,education,27.5498217222332,24.5366103004408,-3.01321142179242,21.8556932050021,17.3827046564557,-4.47298854854636,5.69412851723117,7.15390564398511,1.45977712675394,0.0397460444515179,0.00419212767092235,-2.12128407311112,-0.567090960191177,-0.95834485089156,-0.465573330625021,-0.360695333727485,-1.52543581108274,34.103280044803,8.88178419700125e-16
ELSA,final,487,351487,wealth,27.3297915828751,23.0881517613357,-4.24163982153933,21.6329780104824,15.9678177159249,-5.66516029455746,5.6968135723927,7.12033404541083,1.42352047301813,0.0291857485559478,0.00120019570239948,-2.95018845435466,-0.916074441473961,-0.580821218834434,-0.52551148301516,-0.692564696879241,-1.4968956603084,26.4228297608184,-2.66453525910038e-15
ELSA,final,488,351488,education,26.6064784464993,23.4853826598823,-3.12109578661693,20.4314260305515,16.711404786331,-3.72002124422045,6.1750524159478,6.77397787355132,0.598925457603521,0.0373567771742726,0.00480829885503174,-1.76161808915264,-0.677640841351967,-0.416909811394845,-0.479183270107023,-0.38466923221398,-1.09455065274681,29.4232366131603,8.88178419700125e-16
ELSA,final,488,351488,wealth,27.1112986073015,22.4386278984638,-4.67267070883773,21.0647449320424,15.529317375434,-5.53542755660837,6.04655367525913,6.90931052302978,0.862756847770649,0.0391890255968683,0.00187533462354565,-2.7712199242455,-1.17255782017233,-0.497681248859305,-0.697345856796009,-0.39662270653523,-1.67023906903163,30.1736234816703,2.66453525910038e-15
ELSA,final,489,351489,education,26.6635068766511,23.8248621094245,-2.83864476722665,21.5107447408741,16.822890912352,-4.68785382852204,5.15276213577702,7.00197119707242,1.8492090612954,0.0263522756915231,0.00642122092279285,-2.36521986394461,-0.807803880393504,-0.577967459200173,-0.160333278039624,-0.776529346944127,-1.38577133959368,29.5608905542726,1.77635683940025e-15
ELSA,final,489,351489,wealth,26.9629917154089,22.4838636131215,-4.47912810228735,21.6749236651455,15.1461025304313,-6.52882113471424,5.28806805026338,7.33776108269027,2.04969303242689,0.0485318044959781,0.00402164533472502,-3.76785339724856,-0.908331665076571,-0.602120894495954,-0.373480644565425,-0.877034533327725,-1.51045255957253,23.1351499513646,5.32907051820075e-15
ELSA,final,490,351490,education,28.0042042173819,24.304797579778,-3.69940663760389,22.1912714961158,17.0571092585739,-5.13416223754187,5.81293272126608,7.24768832120406,1.43475559993798,0.130002809016545,0.0304571591730103,-2.58552579828817,-0.782948192782808,-0.741662027623034,-0.419084812172399,-0.604941406675459,-1.52461022040584,29.6954040380265,-1.77635683940025e-15
ELSA,final,490,351490,wealth,27.9281443738576,22.8920734811308,-5.03607089272677,21.7116737349426,15.5500529384459,-6.16162079649672,6.21647063891499,7.34202054268494,1.12554990376995,0.125213136201016,0.0170693124820681,-3.30034880261331,-0.845700274063809,-0.55049687433489,-0.490910640372796,-0.97416420511192,-1.3961971483987,22.6595760192274,2.66453525910038e-15
ELSA,final,491,351491,education,26.6923124602543,24.3706922382695,-2.32162022198476,21.2481863419947,17.2413483528182,-4.00683798917646,5.44412611825959,7.1293438854513,1.68521776719171,0.0438795181450641,0.00967005369909942,-1.91516544989162,-0.81128677521186,-0.641683534277974,-0.232440047801275,-0.406262181993732,-1.45297030948983,36.2622674890948,0
ELSA,final,491,351491,wealth,27.1031078990178,23.4250164354012,-3.67809146361661,21.2301286934934,16.0461474680121,-5.18398122548131,5.87297920552432,7.37886896738902,1.5058897618647,0.0463283126475203,0.00394187016264656,-2.78051746510317,-0.973121777949847,-0.509752561261277,-0.37876179262441,-0.541827628542606,-1.48287433921112,28.604932670709,0
ELSA,final,492,351492,education,26.8594865906722,23.8804454973558,-2.97904109331634,21.625210441108,17.0516059275854,-4.57360451352254,5.23427614956423,6.82883956977043,1.5945634202062,0.0472987321835149,0.00633428231286144,-2.11834455827521,-0.856094292328711,-0.825713778973212,-0.506063257088513,-0.267388626856899,-1.68180807130192,36.7720485304185,-1.77635683940025e-15
ELSA,final,492,351492,wealth,26.7555485096395,22.7424668309783,-4.01308167866121,20.9528703027719,15.5370537845494,-5.41581651822252,5.80267820686757,7.20541304642888,1.40273483956131,0.0332121508632448,0.00189464596411884,-3.16040136687668,-0.823197036558068,-0.470372388377889,-0.539008000000423,-0.422837726409458,-1.29356942493596,23.8850304581683,-2.66453525910038e-15
ELSA,final,493,351493,education,26.7684058779306,23.8085047871746,-2.95990109075599,21.182525315431,17.0376289640023,-4.14489635142875,5.58588056249958,6.77087582317233,1.18499526067275,0.0545946372593411,0.0138653253309064,-1.77963111503502,-1.0927173152078,-0.437850266722502,-0.360727776883389,-0.47396987758003,-1.5305675819303,36.9265586436852,8.88178419700125e-16
ELSA,final,493,351493,wealth,27.8645911844662,22.5042295198694,-5.36036166459672,21.2549515591139,15.5626749449389,-5.69227661417505,6.60963962535222,6.94155457493055,0.331914949578328,0.0842828019300959,0.00472919281909197,-2.59104152533153,-1.02447387620631,-0.658230847025917,-0.763454057466254,-0.655076308145035,-1.68270472323223,29.5611903160489,0
ELSA,final,494,351494,education,26.7206510333842,23.197759597844,-3.5228914355402,21.3607924620333,16.8562091584176,-4.50458330361566,5.35985857135091,6.34155043942637,0.981691868075458,0.0645519686948442,0.0144146215438783,-1.6485357856003,-0.740772450421894,-0.731067137501344,-0.366553854719468,-1.01765407537266,-1.47183958792324,32.6742672677814,8.88178419700125e-16
ELSA,final,494,351494,wealth,26.7459227344336,22.6878604328897,-4.0580623015439,20.9729659636069,15.8148829399392,-5.15808302366764,5.77295677082676,6.8729774929505,1.10002072212374,0.0623730629427233,0.00809457895291404,-2.2781410231427,-1.01375430271904,-0.611548600559612,-0.471014595333067,-0.783624501913222,-1.62530290327865,31.509824402225,6.21724893790088e-15
ELSA,final,495,351495,education,27.8311229885038,24.0230681698719,-3.80805481863195,21.3677506190345,17.0366447460047,-4.33110587302973,6.46337236946938,6.98642342386716,0.523051054397783,0.0819987518933025,0.0135716439325366,-1.7599218177289,-0.840054734935659,-0.654704798039831,-0.598412776131224,-0.478011746194118,-1.49475953297549,34.5121910384025,0
ELSA,final,495,351495,wealth,27.3127355579233,22.7458085788912,-4.56692697903206,20.9981500166318,15.6646711184499,-5.33347889818197,6.31458554129141,7.08113746044132,0.766551919149906,0.0306888221044947,0.00158252896459788,-2.650529538037,-0.955028628029337,-0.507497484545154,-0.610073198801464,-0.610350048769017,-1.46252611257449,27.4216161813826,-1.77635683940025e-15
ELSA,final,496,351496,education,27.4772281380082,23.5112419884095,-3.96598614959867,21.5638235654481,16.9909096740125,-4.57291389143563,5.91340457256013,6.52033231439708,0.606927741836955,0.121598436203708,0.0363655692580876,-1.35960884890466,-1.05602893750215,-0.724077659023089,-0.348860843238886,-1.08433760276685,-1.78010659652524,38.9271838216571,0
ELSA,final,496,351496,wealth,27.1003692926735,22.5123059987918,-4.58806329388164,21.3109532468345,15.6740343627576,-5.63691888407685,5.78941604583899,6.8382716360342,1.04885559019521,0.0953120171298959,0.0135939683921464,-2.9364417068737,-1.10477919988773,-0.552775724704993,-0.518184610935395,-0.524737641675021,-1.65755492459272,29.4053357637446,3.5527136788005e-15
ELSA,final,497,351497,education,27.1961640347541,24.2188359004644,-2.97732813428973,21.5506029026347,17.0043055562281,-4.54629734640651,5.64556113211943,7.21453034423621,1.56896921211678,0.0473611482320212,0.0121989847496189,-2.22459411192602,-0.626330589826638,-0.713490150315375,-0.369473933976627,-0.612408560361852,-1.33982074014201,29.4705919576738,1.77635683940025e-15
ELSA,final,497,351497,wealth,26.6910043211422,22.9929678690985,-3.69803645204364,21.1839823125187,15.3975658247729,-5.78641648774574,5.50702200862347,7.59540204432558,2.08838003570211,0.0399268518455872,0.00623909410786994,-3.13467585234097,-0.94342028398782,-0.67800123238589,-0.42944068493809,-0.600878434092974,-1.62142151637371,28.0211685385505,-3.5527136788005e-15
ELSA,final,498,351498,education,27.6039663543223,23.8282355872552,-3.7757307670671,21.5454055798386,16.7561399319099,-4.78926564792871,6.05856077448371,7.07209565534531,1.01353488086161,0.0878570595011049,0.0174080526601049,-2.11724043646301,-0.835272531116939,-0.735032193139208,-0.468437432113205,-0.633283055096345,-1.57030472425615,32.7880063394538,-1.77635683940025e-15
ELSA,final,498,351498,wealth,26.9878468499578,22.9806143644842,-4.00723248547363,21.2670165876966,15.4256761053161,-5.84134048238055,5.72083026226121,7.55493825916813,1.83410799690692,0.0226479453030993,0.00297190866397832,-3.13586795404027,-0.90976593787424,-0.530635618786674,-0.321085258929018,-0.943985712750343,-1.44040155666091,24.658750179101,2.66453525910038e-15
ELSA,final,499,351499,education,27.754991193156,24.0536681786377,-3.70132301451827,21.7434331753254,16.9008956395261,-4.84253753579926,6.01155801783059,7.15277253911158,1.14121452128099,0.075476910395317,0.0211332734553696,-1.97369692845273,-0.93588525500131,-0.614930519245571,-0.324394675230474,-0.99363015786918,-1.55081577424688,32.0248580993378,-1.77635683940025e-15
ELSA,final,499,351499,wealth,27.8082974254521,22.7781762266686,-5.03012119878342,21.5015956034569,15.6350875813905,-5.86650802206635,6.30670182199517,7.1430886452781,0.836386823282927,0.0356114988687792,0.00213808975451238,-2.64007197199583,-1.01137594066434,-0.572969511637375,-0.478547027291295,-1.16354357047751,-1.58434545230171,27.0066186962046,-1.77635683940025e-15
ELSA,final,500,351500,education,27.5112167739275,23.6012665426778,-3.90995023124971,21.3726675274709,16.625882910744,-4.74678461672685,6.13854924645664,6.97538363193378,0.836834385477134,0.0617118181576105,0.00682010024815454,-2.28957412433822,-0.802987712516644,-0.504310595874571,-0.508165115284091,-0.641747068713319,-1.30729830839121,27.5407125864637,1.77635683940025e-15
ELSA,final,500,351500,wealth,27.0695227090183,22.3969141053415,-4.67260860367674,21.0047235449257,15.2493726224138,-5.75535092251188,6.06479916409257,7.14754148292771,1.08274231883513,0.0454489184915339,0.00225435907267408,-3.22494982956238,-0.936769834922958,-0.506020708450174,-0.606566824049228,-0.481043725527136,-1.44279054337313,25.0686806555914,1.77635683940025e-15
