cohort,exposure,process,term,estimate,std_error_model,statistic,p_value_model,hazard_ratio,hr_ci_low_model,hr_ci_high_model
CHARLS,education,onset,(Intercept),-3.40609005863722,0.196418628829543,-17.3409725896881,2.30798390249487e-67,0.033170642422413,0.0225714245958635,0.0487471011872786
CHARLS,education,onset,sesmiddle,0.324736405488027,0.207997502857034,1.5612514622891,0.118464430963641,1.3836658711765,0.920407566371816,2.08009072611775
CHARLS,education,onset,seslow,0.872820473590537,0.188780703681703,4.6234623378784,3.77387287378212e-06,2.39365257550477,1.65336117951321,3.46540896400359
CHARLS,education,onset,"ns(age_model, knots = c(70, 80, 90), Boundary.knots = c(60, 95))1",0.812776423185858,0.0989253380977955,8.21605908874797,2.10299867891736e-16,2.25415780258251,1.85685233378411,2.73647360454803
CHARLS,education,onset,"ns(age_model, knots = c(70, 80, 90), Boundary.knots = c(60, 95))2",1.1544399786345,0.184920124208705,6.24291154667173,4.29499814046159e-10,3.17224639423113,2.20779997920986,4.55799768116398
CHARLS,education,onset,"ns(age_model, knots = c(70, 80, 90), Boundary.knots = c(60, 95))3",1.38321735213388,0.264770562285461,5.22421125745306,1.74899010520873e-07,3.98771088061744,2.3732659631849,6.70040286848198
CHARLS,education,onset,"ns(age_model, knots = c(70, 80, 90), Boundary.knots = c(60, 95))4",0.689865252516434,0.361656981000576,1.90751261211058,0.0564542394134614,1.99344690319105,0.981196601475555,4.04998401937595
CHARLS,education,onset,sex_factormale,-0.441040403718199,0.0372250987378086,-11.8479310645923,2.20569330473416e-32,0.643366711640498,0.598097438754271,0.69206236112502
CHARLS,education,onset,period_factor2,-0.0782533058362263,0.0500173174066347,-1.56452424667314,0.117694503379764,0.924730157328126,0.838377126632272,1.01997756941093
CHARLS,education,onset,period_factor3,-0.678581091805234,0.0526731404582539,-12.8828675469435,5.62076995503056e-38,0.507336345595071,0.457572266534138,0.562512604864261
CHARLS,education,onset,period_factor4,-0.320775934288942,0.0494175742902318,-6.49113071404536,8.51945194691961e-11,0.725585811678151,0.658602982899727,0.799381089637119
CHARLS,education,recovery,(Intercept),-1.17315285565207,0.250902662552482,-4.67572900071028,2.92911207385313e-06,0.309389940081677,0.189205401379403,0.505916503048438
CHARLS,education,recovery,sesmiddle,-0.130609846149077,0.266895611402177,-0.489366780753339,0.624582049932236,0.877560091057561,0.520104646441124,1.4806860863223
CHARLS,education,recovery,seslow,0.135370313759176,0.243464077922792,0.556017606022785,0.578198819077637,1.1449607005566,0.710476591169465,1.8451487664938
CHARLS,education,recovery,"ns(age_model, knots = c(70, 80, 90), Boundary.knots = c(60, 95))1",-0.69694750531138,0.106894839611684,-6.51993592808763,7.03374302660966e-11,0.49810344367184,0.403951123025436,0.614200645710602
CHARLS,education,recovery,"ns(age_model, knots = c(70, 80, 90), Boundary.knots = c(60, 95))2",-1.1686323118412,0.206561060533608,-5.65756347698003,1.53537038883393e-08,0.310791716870004,0.207319957535386,0.465905417034045
CHARLS,education,recovery,"ns(age_model, knots = c(70, 80, 90), Boundary.knots = c(60, 95))3",-1.95667913267933,0.354001516929098,-5.52731849753974,3.2516234036827e-08,0.141326970613,0.0706143352759407,0.282850678188752
CHARLS,education,recovery,"ns(age_model, knots = c(70, 80, 90), Boundary.knots = c(60, 95))4",-1.94519201921619,0.49588772381882,-3.92264604623867,8.75817710277997e-05,0.142959769679442,0.0540885934185339,0.377852231960536
CHARLS,education,recovery,origin_factorD2,0.0426941135010891,0.0692254177553574,0.616740424044388,0.537405953306326,1.04361861717673,0.911204703216273,1.19527457910779
CHARLS,education,recovery,sex_factormale,-0.0441922262524961,0.0399490555241189,-1.10621454431671,0.268633669092802,0.956770023479028,0.884712650781155,1.03469626778797
CHARLS,education,recovery,period_factor2,-0.273050591911439,0.0589384028291481,-4.63281288267963,3.60730559033946e-06,0.761054283464034,0.678025852351614,0.854250056056252
CHARLS,education,recovery,period_factor3,-0.565750629088678,0.0549323932420675,-10.29903478983,7.11718140151761e-25,0.567933679178049,0.509962482424561,0.632494889449891
CHARLS,education,recovery,period_factor4,-0.350919218888669,0.0562580538586437,-6.23767078346513,4.4413411464294e-10,0.704040624742632,0.630536014637213,0.786114020105874
CHARLS,education,relapse,(Intercept),-1.81186152548678,0.412565886722726,-4.39169011252857,1.12472928727968e-05,0.163349773833634,0.0727671498848558,0.366692232054185
CHARLS,education,relapse,sesmiddle,0.238691252035098,0.430613401520232,0.554305210177913,0.579369985198681,1.26958649381951,0.545904615740417,2.95262179291662
CHARLS,education,relapse,seslow,0.449184500545472,0.400907100247996,1.12042041726777,0.26253464836638,1.56703374911131,0.714199162873236,3.43824929866193
CHARLS,education,relapse,"ns(age_model, knots = c(70, 80, 90), Boundary.knots = c(60, 95))1",0.56394731737493,0.152583998031362,3.69597942543763,0.000219040711953859,1.7575966171271,1.30327806783368,2.37028915377317
CHARLS,education,relapse,"ns(age_model, knots = c(70, 80, 90), Boundary.knots = c(60, 95))2",-0.704233867234072,0.310811602309103,-2.2657901506962,0.0234642347153287,0.494487272072685,0.268897608937688,0.90933371705268
CHARLS,education,relapse,"ns(age_model, knots = c(70, 80, 90), Boundary.knots = c(60, 95))3",0.226867836317706,0.4660325913454,0.486806803924926,0.626395248205856,1.254664035963,0.503306453595833,3.12768062458241
CHARLS,education,relapse,"ns(age_model, knots = c(70, 80, 90), Boundary.knots = c(60, 95))4",0.583929470940825,0.66646440228184,0.876160030365565,0.380943041953999,1.79307042382085,0.485614219404261,6.62069069708317
CHARLS,education,relapse,sex_factormale,-0.234249185285898,0.061154673143709,-3.83043802287078,0.000127915350001274,0.791164644742337,0.701796119888679,0.891913587652148
CHARLS,education,relapse,period_factor3,-0.832614239607012,0.0875882679853461,-9.50600187397601,1.98131489786241e-21,0.434910837743676,0.366305628000639,0.516365085132068
CHARLS,education,relapse,period_factor4,-0.104985301281533,0.074668572876646,-1.40601724710837,0.159719003396244,0.900337756300212,0.777761230079149,1.04223255681851
CHARLS,education,death_pre,(Intercept),-6.04773076564535,0.2941507898756,-20.5599677913597,6.26746445082988e-94,0.00236321862336979,0.00132775422870492,0.0042062018264398
CHARLS,education,death_pre,sesmiddle,-0.0816425996816035,0.298831730417976,-0.273205926182638,0.784694924781578,0.921601280434058,0.513064971721907,1.65544125385754
CHARLS,education,death_pre,seslow,0.380023743659489,0.252406972899509,1.5055992284761,0.132170086661972,1.46231930983378,0.89163901213998,2.39825505030398
CHARLS,education,death_pre,"ns(age_model, knots = c(70, 80, 90), Boundary.knots = c(60, 95))1",1.81661369920829,0.178985010973284,10.1495297809013,3.32963812056813e-24,6.15099402727157,4.33101998963876,8.73575453681666
CHARLS,education,death_pre,"ns(age_model, knots = c(70, 80, 90), Boundary.knots = c(60, 95))2",3.0894845683162,0.276862894999955,11.1588971440781,6.47903053894516e-29,21.9657532122789,12.7666115990172,37.7934513351909
CHARLS,education,death_pre,"ns(age_model, knots = c(70, 80, 90), Boundary.knots = c(60, 95))3",3.86626799759812,0.413991801870018,9.33899652151089,9.72514257836883e-21,47.7637984328577,21.2178766791316,107.521618455746
CHARLS,education,death_pre,"ns(age_model, knots = c(70, 80, 90), Boundary.knots = c(60, 95))4",1.76817980113786,0.473019427877128,3.7380701445463,0.000185438215219735,5.86017696030867,2.31882762174548,14.8099296748424
CHARLS,education,death_pre,sex_factormale,0.556626501320646,0.0773399182521399,7.19714364716497,6.14869773308472e-13,1.74477655949418,1.49936286550921,2.03035923630567
CHARLS,education,death_pre,period_factor2,0.180856177475357,0.111903701551594,1.61617690002839,0.106056071651203,1.19824283259051,0.962255686195032,1.49210434030475
CHARLS,education,death_pre,period_factor3,0.275856007324569,0.102455727384205,2.69244106081176,0.00709310715310859,1.31765811724895,1.07793026553519,1.61070058932804
CHARLS,education,death_pre,period_factor4,-0.136511504083349,0.113120009422366,-1.20678476584672,0.2275150444278,0.872396284082328,0.698914597341403,1.08893887661769
CHARLS,education,death_post,(Intercept),-4.35561698782059,0.31064759051083,-14.0210873055806,1.15826373673561e-44,0.012834518399257,0.0069815364460399,0.0235943568889199
CHARLS,education,death_post,sesmiddle,-0.5494206713642,0.336719470486019,-1.63168666953286,0.102745509690971,0.577284150764188,0.298378986557225,1.11689162353132
CHARLS,education,death_post,seslow,0.101225509657782,0.275832968296984,0.3669811853266,0.713633052308977,1.10652614596207,0.644418378211764,1.90000805857729
CHARLS,education,death_post,"ns(age_model, knots = c(70, 80, 90), Boundary.knots = c(60, 95))1",1.8031635846039,0.141222710886073,12.7682266774962,2.46711253952172e-37,6.06881634118482,4.60142975390107,8.00414952587445
CHARLS,education,death_post,"ns(age_model, knots = c(70, 80, 90), Boundary.knots = c(60, 95))2",2.58301555954198,0.172606570709256,14.964757998077,1.24776972693883e-50,13.2369949806675,9.43764690882346,18.5658605170322
CHARLS,education,death_post,"ns(age_model, knots = c(70, 80, 90), Boundary.knots = c(60, 95))3",3.48987345656224,0.312294753126281,11.1749346462797,5.40901741003205e-29,32.7817991221924,17.7746936459899,60.4593460281786
CHARLS,education,death_post,"ns(age_model, knots = c(70, 80, 90), Boundary.knots = c(60, 95))4",2.62319427810985,0.243585697088727,10.7690817213884,4.81782271405433e-27,13.7796694565499,8.54858961315499,22.2117681306842
CHARLS,education,death_post,origin_factorR1,-0.641147766425428,0.0740419445703362,-8.65925078205327,4.74875048624163e-18,0.526687562688529,0.455540807567056,0.608946079215855
CHARLS,education,death_post,origin_factorD2,-0.420130662521482,0.123997412829436,-3.38822119699699,0.0007034750693835,0.656960974029384,0.51521778115962,0.837699584875008
CHARLS,education,death_post,sex_factormale,0.476065904332587,0.0562968049216839,8.45635742552097,2.75859184941622e-17,1.6097291005847,1.44155755821125,1.79751946948587
CHARLS,education,death_post,period_factor2,0.237631969501783,0.0959253811889444,2.47725853738041,0.0132395959455155,1.26824235505912,1.05086982119371,1.53057842058766
CHARLS,education,death_post,period_factor3,0.140662950854668,0.090567288746224,1.5531319619031,0.120391611688499,1.15103662668602,0.963821723996094,1.37461657377844
CHARLS,education,death_post,period_factor4,0.0757435865139187,0.0939101483255173,0.806553794925034,0.41992360312997,1.07868594906901,0.897340128578625,1.29668042212932
CHARLS,wealth,onset,(Intercept),-2.9592294130365,0.0720300358220795,-41.0832700450971,0,0.0518588635438613,0.0450308133131269,0.0597222552779624
CHARLS,wealth,onset,sesmiddle,0.384061140823452,0.0537795408271325,7.1413986604677,9.2385975277956e-13,1.46823520804741,1.32134907447458,1.63144975676258
CHARLS,wealth,onset,seslow,0.500389508312743,0.052295614866218,9.56847929970483,1.08489615047463e-21,1.649363586426,1.48868041966569,1.82739035476731
CHARLS,wealth,onset,"ns(age_model, knots = c(70, 80, 90), Boundary.knots = c(60, 95))1",0.668106140668444,0.116094520916792,5.75484644229934,8.67205866639785e-09,1.95053977247339,1.55357834470169,2.44893050741583
CHARLS,wealth,onset,"ns(age_model, knots = c(70, 80, 90), Boundary.knots = c(60, 95))2",1.34992788009109,0.225962104276222,5.97413395673153,2.3131567811545e-09,3.85714734355061,2.47698515093103,6.0063281462416
CHARLS,wealth,onset,"ns(age_model, knots = c(70, 80, 90), Boundary.knots = c(60, 95))3",1.92298459087693,0.294174058000379,6.53689385103582,6.28095929157651e-11,6.84134664976438,3.84357697604097,12.1772047949076
CHARLS,wealth,onset,"ns(age_model, knots = c(70, 80, 90), Boundary.knots = c(60, 95))4",1.32887307545604,0.396060708703971,3.35522571730104,0.000793002515194083,3.77678483695683,1.7377550627644,8.20835111363503
CHARLS,wealth,onset,sex_factormale,-0.505975292660878,0.0414278153563361,-12.2134196145463,2.63573503021197e-34,0.602917267801216,0.555896134431274,0.653915739465938
CHARLS,wealth,onset,period_factor2,0.0157212242787061,0.0589812835966154,0.266545984082453,0.789818749672267,1.0158454528799,0.90494411228468,1.14033780664252
CHARLS,wealth,onset,period_factor3,-0.550756286514171,0.0599154451279075,-9.19222556618609,3.84796151798899e-20,0.576513635976742,0.512635322477301,0.648351679827604
CHARLS,wealth,onset,period_factor4,-0.17335863638294,0.0566124313863847,-3.06220086538508,0.00219715959077262,0.840836006379997,0.752526549013614,0.939508633352247
CHARLS,wealth,recovery,(Intercept),-0.835336159431254,0.0783724345393808,-10.65854549933,1.59065573908012e-26,0.433728654945925,0.37196849054651,0.505743230682812
CHARLS,wealth,recovery,sesmiddle,-0.0446074213692211,0.0578965966371305,-0.770467073372208,0.441022879486983,0.956372859693388,0.853777420601552,1.07129683297746
CHARLS,wealth,recovery,seslow,-0.162515870858269,0.0555645578406237,-2.92481173564657,0.00344664671002069,0.850002599847556,0.762294431999721,0.947802305012598
CHARLS,wealth,recovery,"ns(age_model, knots = c(70, 80, 90), Boundary.knots = c(60, 95))1",-0.490593290611616,0.119663291525259,-4.09978101352879,4.1354125570926e-05,0.612263036495329,0.484259992453621,0.774100755173128
CHARLS,wealth,recovery,"ns(age_model, knots = c(70, 80, 90), Boundary.knots = c(60, 95))2",-0.393909825148898,0.2394155074202,-1.64529787311372,0.0999083982498449,0.674414868758894,0.42182522070111,1.07825562076895
CHARLS,wealth,recovery,"ns(age_model, knots = c(70, 80, 90), Boundary.knots = c(60, 95))3",-1.0620110866349,0.390053670023671,-2.72273066055357,0.00647448186686225,0.345759757825862,0.160973378293959,0.742668206375619
CHARLS,wealth,recovery,"ns(age_model, knots = c(70, 80, 90), Boundary.knots = c(60, 95))4",-1.13856161479778,0.544143022461899,-2.09239403575648,0.0364032818877954,0.320279375768458,0.110241491876295,0.930492474264955
CHARLS,wealth,recovery,origin_factorD2,0.0567586496442698,0.0716378959210884,0.792299228145831,0.428186221647638,1.05840033426993,0.919751617507058,1.21794976628471
CHARLS,wealth,recovery,sex_factormale,-0.0214936836538808,0.0430841648834701,-0.498876645561421,0.617866287762172,0.978735659482808,0.89947983232617,1.06497495187406
CHARLS,wealth,recovery,period_factor2,-0.34957509558628,0.0670651822329782,-5.21246769108728,1.86345030212673e-07,0.704987578420861,0.618150791088035,0.804023052130864
CHARLS,wealth,recovery,period_factor3,-0.705507200896342,0.0612654770123798,-11.5155750889491,1.10122400848505e-30,0.49385802548904,0.437977589324458,0.556868103037237
CHARLS,wealth,recovery,period_factor4,-0.612185840336223,0.0629871021856754,-9.71922535079646,2.49673653149913e-22,0.542164487920413,0.479198405014566,0.613404236921591
CHARLS,wealth,relapse,(Intercept),-1.35485878497512,0.115832426878025,-11.6967141368956,1.32484770440657e-31,0.257983723057502,0.205586102679697,0.323735897004204
CHARLS,wealth,relapse,sesmiddle,-0.035317759987548,0.0845477389376227,-0.417725659270493,0.676147709596658,0.965298634236627,0.817886808144876,1.13927923030401
CHARLS,wealth,relapse,seslow,0.0750205219206104,0.0804734720915192,0.932239158704282,0.351212942485807,1.07790627136458,0.920620404607268,1.26206406465947
CHARLS,wealth,relapse,"ns(age_model, knots = c(70, 80, 90), Boundary.knots = c(60, 95))1",0.442384167733606,0.169063414920711,2.61667592566421,0.00887905961631023,1.55641354946314,1.11741711472794,2.1678772456803
CHARLS,wealth,relapse,"ns(age_model, knots = c(70, 80, 90), Boundary.knots = c(60, 95))2",-0.202260763297229,0.351447421623196,-0.575507887817378,0.56494785759284,0.816881887352468,0.410205219280654,1.62673702459154
CHARLS,wealth,relapse,"ns(age_model, knots = c(70, 80, 90), Boundary.knots = c(60, 95))3",0.232257450514889,0.533293648739703,0.435515125791891,0.663188562280037,1.26144444654943,0.443526334134297,3.5877060036047
CHARLS,wealth,relapse,"ns(age_model, knots = c(70, 80, 90), Boundary.knots = c(60, 95))4",0.307589602281427,0.762199561786164,0.403555207458544,0.686539829808439,1.36014267492886,0.30534239092351,6.0587332488206
CHARLS,wealth,relapse,sex_factormale,-0.246260268992914,0.064803754014018,-3.80009264493603,0.000144642002562728,0.781718741296847,0.688475444364571,0.887590393378123
CHARLS,wealth,relapse,period_factor3,-0.797653778253707,0.0949976603470953,-8.39656235047578,4.59739660486649e-17,0.450384427195113,0.373869230965579,0.542559043267581
CHARLS,wealth,relapse,period_factor4,-0.173049864657507,0.0820559023455171,-2.1089264722096,0.0349509288033811,0.841095672851263,0.716140119705787,0.987854068530275
CHARLS,wealth,death_pre,(Intercept),-25.3984211457639,1202.44502306864,-0.0211223138343133,0.983148084998814,9.32407691391022e-12,0,Inf
CHARLS,wealth,death_pre,sesmiddle,0.111386294086137,0.143853907779638,0.774301482701209,0.438752527078276,1.11782663328017,0.843186286334617,1.48192208806228
CHARLS,wealth,death_pre,seslow,0.0837428457471514,0.144261189767922,0.580494628401938,0.561581108098837,1.08734924137171,0.819542446774174,1.44266886646986
CHARLS,wealth,death_pre,"ns(age_model, knots = c(70, 80, 90), Boundary.knots = c(60, 95))1",1.52813100114247,0.298074157701036,5.12668059830655,2.94895174446828e-07,4.60955351607997,2.56999936557324,8.2676999466363
CHARLS,wealth,death_pre,"ns(age_model, knots = c(70, 80, 90), Boundary.knots = c(60, 95))2",2.52957974162084,0.509165769419408,4.96808680698483,6.76166946943631e-07,12.5482315289532,4.62564043383621,34.0402840982667
CHARLS,wealth,death_pre,"ns(age_model, knots = c(70, 80, 90), Boundary.knots = c(60, 95))3",3.23218561367117,0.750040369971597,4.30934886050676,1.63735911324289e-05,25.3349689581404,5.82469413189309,110.196456256035
CHARLS,wealth,death_pre,"ns(age_model, knots = c(70, 80, 90), Boundary.knots = c(60, 95))4",1.54233970011249,0.909084043971296,1.69658648211979,0.089774867266478,4.67551679077518,0.787048799049239,27.7752247220608
CHARLS,wealth,death_pre,sex_factormale,0.677522134125396,0.128939273648756,5.25458314563672,1.48360111327623e-07,1.96899278258152,1.52928630273586,2.53512541825712
CHARLS,wealth,death_pre,period_factor2,-0.0071652705047433,1662.21428645277,-4.31067796922518e-06,0.999996560576602,0.992860338843485,0,Inf
CHARLS,wealth,death_pre,period_factor3,19.4974478348227,1202.44500894047,0.0162148353478575,0.987063000123712,293517504.15469,0,Inf
CHARLS,wealth,death_pre,period_factor4,19.6823781379127,1202.44500863751,0.0163686305789691,0.986940305567313,353141059.800784,0,Inf
CHARLS,wealth,death_post,(Intercept),-24.4204365854656,1441.90416477937,-0.016936241105318,0.98648748068721,2.47935745893631e-11,0,Inf
CHARLS,wealth,death_post,sesmiddle,-0.0184192445723436,0.135696940441552,-0.135738097796517,0.892028328749312,0.98174935297952,0.752476698838061,1.2808792532234
CHARLS,wealth,death_post,seslow,0.254143205370964,0.119797434998806,2.12144112579286,0.0338846974731618,1.28935643381393,1.0195284666123,1.63059695521926
CHARLS,wealth,death_post,"ns(age_model, knots = c(70, 80, 90), Boundary.knots = c(60, 95))1",1.91573903213144,0.223912912911896,8.55573270526491,1.17122402246819e-17,6.79195641670713,4.3792160433155,10.5340023214574
CHARLS,wealth,death_post,"ns(age_model, knots = c(70, 80, 90), Boundary.knots = c(60, 95))2",1.8823349241769,0.310168933566272,6.06874100037717,1.28916851797599e-09,6.56882467748069,3.57656847568325,12.0644852564262
CHARLS,wealth,death_post,"ns(age_model, knots = c(70, 80, 90), Boundary.knots = c(60, 95))3",2.85504484923081,0.518187443401088,5.50967586264136,3.59495069605365e-08,17.375216455275,6.29274548866273,47.9755851260107
CHARLS,wealth,death_post,"ns(age_model, knots = c(70, 80, 90), Boundary.knots = c(60, 95))4",2.32100321689335,0.476438767863501,4.87156665966006,1.10716795062187e-06,10.1858878367751,4.00355706369475,25.9150324006155
CHARLS,wealth,death_post,origin_factorR1,-0.736715625001327,0.108265186441604,-6.80473242798782,1.01237218841821e-11,0.478683512698602,0.387160714029927,0.591841829570964
CHARLS,wealth,death_post,origin_factorD2,-0.46971259378559,0.155914847880909,-3.01262259604914,0.00259000797672156,0.625181923634421,0.460562967389539,0.848640610109359
CHARLS,wealth,death_post,sex_factormale,0.718320616763184,0.0921233838046844,7.79737550985028,6.32079414413505e-15,2.05098592541549,1.71216522759107,2.45685591464256
CHARLS,wealth,death_post,period_factor2,0.15276951617191,1790.37404774262,8.53282677798688e-05,0.999931917892621,1.1650564213309,0,Inf
CHARLS,wealth,death_post,period_factor3,19.328896973809,1441.90415326501,0.0134051191475114,0.989304582720228,247989502.302761,0,Inf
CHARLS,wealth,death_post,period_factor4,20.1554694502109,1441.90415228859,0.0139783697953988,0.988847237754907,566773012.137516,0,Inf
HRS,education,onset,(Intercept),-3.11661119470524,0.0750947537708104,-41.5023824995439,0,0.0443070623029794,0.0382429170088506,0.0513327937161741
HRS,education,onset,sesmiddle,0.240125330601856,0.0313727648538302,7.65394225598638,1.94909825462039e-14,1.27140848672718,1.19558393131656,1.35204187492036
HRS,education,onset,seslow,0.569284030829059,0.0363885476958552,15.6445933370928,3.61672241681001e-55,1.7670014798481,1.64536538376842,1.8976297061959
HRS,education,onset,"ns(age_model, knots = c(70, 80, 90), Boundary.knots = c(60, 95))1",1.12532016004451,0.0548776816787104,20.50597120033,1.90430014879628e-93,3.08120316916323,2.76698949413448,3.43109830730717
HRS,education,onset,"ns(age_model, knots = c(70, 80, 90), Boundary.knots = c(60, 95))2",1.44806314824173,0.0727695090897995,19.8993117633208,4.12554339251611e-88,4.25486548547701,3.68929325694706,4.90714048426845
HRS,education,onset,"ns(age_model, knots = c(70, 80, 90), Boundary.knots = c(60, 95))3",2.23882680527452,0.109697754382463,20.4090486435011,1.38963208209908e-92,9.38231754261863,7.56717040298363,11.6328664193714
HRS,education,onset,"ns(age_model, knots = c(70, 80, 90), Boundary.knots = c(60, 95))4",2.08239807054892,0.104860954078789,19.858660345435,9.27517462459648e-88,8.02368722968758,6.53302838395985,9.85447375644637
HRS,education,onset,sex_factormale,-0.177256673909697,0.0236249296330881,-7.50295034366741,6.23971947088898e-14,0.837564775904967,0.799665682133668,0.877260046929807
HRS,education,onset,period_factor3,-0.349623525639692,0.0561781497777548,-6.22347882624884,4.8625046623329e-10,0.704953436661533,0.631452410682342,0.787009978034443
HRS,education,onset,period_factor4,-0.458770537560462,0.0542918844286451,-8.45007577814721,2.91113810624154e-17,0.632060262350565,0.568256356030492,0.70302808055389
HRS,education,onset,period_factor5,-0.558268113058781,0.0560963977977366,-9.95194228106579,2.47308575281685e-23,0.572199190513436,0.512621741011055,0.638700795207145
HRS,education,onset,period_factor6,-0.737698741146214,0.0583173498518856,-12.6497301921267,1.12259672765454e-36,0.47821314246115,0.426560637765639,0.53612028250064
HRS,education,onset,period_factor7,-0.599757862397668,0.0561978389717809,-10.6722584599531,1.37249196215553e-26,0.548944540117604,0.491690597695249,0.612865305005686
HRS,education,onset,period_factor8,-0.718831936477985,0.0579926414920276,-12.3952266698665,2.77360343592246e-35,0.487321145699412,0.43496160602409,0.545983589716271
HRS,education,onset,period_factor9,-0.622095006112692,0.0562771612643857,-11.0541291020373,2.09358819794742e-28,0.53681862041833,0.48075464037637,0.599420592180318
HRS,education,onset,period_factor10,-0.788557397600019,0.0577515752465054,-13.6543011032021,1.90306378228528e-42,0.454499985349004,0.405858588157626,0.508970963556445
HRS,education,onset,period_factor11,-0.749355474760542,0.0571346859598371,-13.1155962822182,2.68065487377401e-39,0.472671103041167,0.422595653394716,0.528680240450734
HRS,education,onset,period_factor12,-0.803530040596506,0.0579727630945752,-13.8604751214919,1.09944099001107e-43,0.447745610927426,0.399653780166645,0.501624511148576
HRS,education,onset,period_factor13,-0.922486013748314,0.0584792448540625,-15.7745883355782,4.65422717294503e-56,0.39752954772607,0.354479297573275,0.445808097672128
HRS,education,onset,period_factor14,-0.933035385881695,0.058500068985354,-15.949304027578,2.88089513223666e-57,0.393357903395512,0.350745103180665,0.441147827184385
HRS,education,onset,period_factor15,-0.978024974600656,0.0611583880141342,-15.9916735276709,1.46054090223274e-57,0.376053080279181,0.333572376858338,0.42394373454825
HRS,education,onset,proxy_factorself,-0.348554812698002,0.0450928062799972,-7.72972102320938,1.07782522370694e-14,0.705707232246385,0.646012314293877,0.770918272957716
HRS,education,recovery,(Intercept),-2.23991400855172,0.10204939278601,-21.9493124593954,8.79210407656143e-107,0.106467659293843,0.0871668815966557,0.130042078687196
HRS,education,recovery,sesmiddle,-0.0645987868159966,0.0309335269686356,-2.08830977733303,0.0367699000575615,0.937443502628919,0.882295275366342,0.996038792405735
HRS,education,recovery,seslow,-0.286488675387332,0.0348999322253989,-8.20886050829737,2.23297463369012e-16,0.750895582084561,0.701248793567815,0.80405724810646
HRS,education,recovery,"ns(age_model, knots = c(70, 80, 90), Boundary.knots = c(60, 95))1",-0.281589546344859,0.0546061499921766,-5.15673685812316,2.51290555555499e-07,0.754583342469651,0.677993484934186,0.839825209807058
HRS,education,recovery,"ns(age_model, knots = c(70, 80, 90), Boundary.knots = c(60, 95))2",-0.634543610802388,0.0829945498661922,-7.64560578767437,2.0796389305526e-14,0.530177400348688,0.450583022813039,0.62383192798883
HRS,education,recovery,"ns(age_model, knots = c(70, 80, 90), Boundary.knots = c(60, 95))3",-1.15473526497032,0.117094969946261,-9.86152748918475,6.11125118866241e-23,0.315140954711118,0.250513765952486,0.396440574667148
HRS,education,recovery,"ns(age_model, knots = c(70, 80, 90), Boundary.knots = c(60, 95))4",-1.39072286616642,0.144077964097459,-9.65257161203151,4.79382169836917e-22,0.248895321580724,0.187661461562346,0.330109765686713
HRS,education,recovery,origin_factorD2,0.0203256877751533,0.0251752848853077,0.807366743524535,0.419455221185376,1.02053366124494,0.971399104826601,1.07215350370321
HRS,education,recovery,sex_factormale,0.0436896905045444,0.0226688939163156,1.92729696763455,0.0539426312946262,1.04465813724765,0.999258933154336,1.09211995760979
HRS,education,recovery,period_factor3,0.089642001523048,0.0922919491201352,0.971287337385867,0.331405212626693,1.09378264108604,0.912789285326083,1.31066444925869
HRS,education,recovery,period_factor4,0.120276453442201,0.0880071402485877,1.36666698977452,0.171729709192495,1.12780859505436,0.949122370930911,1.34013512486376
HRS,education,recovery,period_factor5,0.210308248249582,0.0873576486656214,2.40743943389065,0.0160648266318236,1.23405839767548,1.03986121472124,1.46452248368704
HRS,education,recovery,period_factor6,0.234924310178893,0.086961531873972,2.7014739174484,0.00690328946556794,1.26481303163768,1.06660393418433,1.49985571375552
HRS,education,recovery,period_factor7,0.0518551487292268,0.0882127007583469,0.587842207340196,0.556638210794545,1.05322317074883,0.885996973092422,1.25201223152092
HRS,education,recovery,period_factor8,0.145464918166995,0.0863910616345875,1.68379593229534,0.0922211136190439,1.15657715902371,0.976420873532944,1.36997350326537
HRS,education,recovery,period_factor9,-0.0598235942748591,0.088243226765535,-0.677939786062133,0.497809872417861,0.941930680893945,0.792327613939186,1.11978099967803
HRS,education,recovery,period_factor10,0.0938272797827806,0.0856807026862849,1.0950806522482,0.273481304142578,1.09837001882455,0.928572426481107,1.29921658650199
HRS,education,recovery,period_factor11,-0.116381541564279,0.0874671919428684,-1.33057365829575,0.183329334787389,0.890135534794586,0.749898632860425,1.05659783280538
HRS,education,recovery,period_factor12,0.0276044502467867,0.086039903645818,0.320833114370049,0.748336863247621,1.02798898320283,0.868459991212664,1.21682214526751
HRS,education,recovery,period_factor13,-0.0343315736976331,0.0860970524580081,-0.398754344283477,0.690074220762698,0.966251068076791,0.816211475440572,1.14387160025603
HRS,education,recovery,period_factor14,0.030509529335829,0.0856474050739403,0.356222460090762,0.721673973005926,1.0309797145539,0.871656909757163,1.21942378924957
HRS,education,recovery,period_factor15,0.124483356626292,0.0864500860320088,1.43994485534926,0.149883001208861,1.13256317063129,0.956036858271693,1.34168397836589
HRS,education,recovery,proxy_factorself,0.83708587331457,0.0528346931514292,15.84348887795,1.5592429787794e-56,2.30962661586362,2.08241832528299,2.56162512591254
HRS,education,relapse,(Intercept),-1.67202169958324,0.159398658612873,-10.489559411187,9.64772134893883e-26,0.187866871073691,0.137457146748228,0.256763377401284
HRS,education,relapse,sesmiddle,0.121043584393774,0.041480804630897,2.91806259475533,0.00352213638512073,1.12867410387193,1.04054145483031,1.22427148561693
HRS,education,relapse,seslow,0.281966143586273,0.0463942069657552,6.07761533232801,1.21982943128877e-09,1.32573383463377,1.21050000065054,1.45193738070897
HRS,education,relapse,"ns(age_model, knots = c(70, 80, 90), Boundary.knots = c(60, 95))1",0.2200845687183,0.0686816075626333,3.2044178423983,0.00135335909188765,1.2461821141554,1.08922737856033,1.42575360499426
HRS,education,relapse,"ns(age_model, knots = c(70, 80, 90), Boundary.knots = c(60, 95))2",0.461548294964219,0.0942314800303541,4.89802659170315,9.68039368907431e-07,1.58652849843346,1.31897457041257,1.90835572785472
HRS,education,relapse,"ns(age_model, knots = c(70, 80, 90), Boundary.knots = c(60, 95))3",0.254962764416667,0.135435064744033,1.88254618476047,0.0597618952970957,1.29041357067626,0.989564865293555,1.68272666278576
HRS,education,relapse,"ns(age_model, knots = c(70, 80, 90), Boundary.knots = c(60, 95))4",0.796442807151264,0.139192269035153,5.72188967585636,1.05345709958929e-08,2.2176383141118,1.68813768508757,2.91322191054667
HRS,education,relapse,sex_factormale,-0.142216231040269,0.0298963985148033,-4.75696866864583,1.96521656553672e-06,0.867433670120793,0.818065254667243,0.919781359453155
HRS,education,relapse,period_factor4,-0.0808304140468298,0.157821744087641,-0.512162722026082,0.608537130351519,0.922350095802395,0.676947855143112,1.25671378196012
HRS,education,relapse,period_factor5,-0.172051239224869,0.14950931162066,-1.15077273354989,0.249825744949403,0.841936031913583,0.628078895893345,1.12861025337613
HRS,education,relapse,period_factor6,-0.192503151455995,0.14555456796583,-1.32254970865075,0.185985168205591,0.824891718589556,0.620152350405063,1.09722449161595
HRS,education,relapse,period_factor7,-0.134741496200753,0.14348549118225,-0.939060075625406,0.347699900897661,0.873941799765874,0.659698043224081,1.15776343013736
HRS,education,relapse,period_factor8,-0.185677640889867,0.143324049979472,-1.29550930856657,0.195144592300969,0.830541284382919,0.627135421228463,1.09992005189759
HRS,education,relapse,period_factor9,-0.190189476168266,0.141954882806351,-1.33978819473025,0.180314214735852,0.826802459738833,0.625989897326263,1.09203408928802
HRS,education,relapse,period_factor10,-0.456704425709737,0.143781473483321,-3.17637881046417,0.00149126082662623,0.633367519553743,0.477822423849022,0.839547067703993
HRS,education,relapse,period_factor11,-0.338873047228907,0.142122513188194,-2.38437274733654,0.0171082637372455,0.712572906452244,0.539327021527481,0.941469881430604
HRS,education,relapse,period_factor12,-0.411076169332117,0.14262729917206,-2.88217032586594,0.00394946180553968,0.662936434252144,0.50126234325879,0.8767558979232
HRS,education,relapse,period_factor13,-0.459778784869897,0.14211238910549,-3.23531810114461,0.00121507278244395,0.631423310448128,0.477916586228524,0.834236367738513
HRS,education,relapse,period_factor14,-0.497538128972596,0.141638097128641,-3.51274225691351,0.000443507481230849,0.608025699513502,0.460635233678262,0.80257701591082
HRS,education,relapse,period_factor15,-0.291892152537351,0.141084388736604,-2.06891885878525,0.0385537015712631,0.746849077408165,0.566421060356496,0.984750715438383
HRS,education,relapse,proxy_factorself,-0.0345114161490128,0.0692063568400349,-0.498674077423022,0.618009009455198,0.966077310741,0.843533320123266,1.10642383420275
HRS,education,death_pre,(Intercept),-5.21435216617073,0.108629271902114,-48.0013542838565,0,0.00543795522696126,0.00439509760852309,0.00672825945733029
HRS,education,death_pre,sesmiddle,0.391412589588307,0.0422249604602163,9.26969700675244,1.866754544689e-20,1.47906863585895,1.36158800197312,1.6066857422447
HRS,education,death_pre,seslow,0.509087221714297,0.0494964767910555,10.2853224051352,8.20669558997331e-25,1.66377184682324,1.50994636028201,1.83326827435422
HRS,education,death_pre,"ns(age_model, knots = c(70, 80, 90), Boundary.knots = c(60, 95))1",1.77348510619319,0.0775439262706467,22.8707158830635,9.09292723110515e-116,5.89134960383686,5.06067063309858,6.85837958463965
HRS,education,death_pre,"ns(age_model, knots = c(70, 80, 90), Boundary.knots = c(60, 95))2",2.61803023663836,0.0934308901219767,28.0210349405903,9.00702764774374e-173,13.7086940896088,11.4147421610921,16.4636477101552
HRS,education,death_pre,"ns(age_model, knots = c(70, 80, 90), Boundary.knots = c(60, 95))3",4.05133846112899,0.161729659504801,25.0500648646251,1.7430089326184e-138,57.4743327466968,41.860737223117,78.9116280267951
HRS,education,death_pre,"ns(age_model, knots = c(70, 80, 90), Boundary.knots = c(60, 95))4",2.68413233479668,0.120652245513836,22.2468493923627,1.20999839000556e-109,14.6454884850478,11.561191554598,18.5526147501953
HRS,education,death_pre,sex_factormale,0.594104614352564,0.0314415647782392,18.8955167639667,1.24165847124959e-79,1.81140830962428,1.7031494374946,1.92654854115601
HRS,education,death_pre,period_factor3,-0.0525058230291568,0.0781285077535901,-0.672044360488174,0.501555455995275,0.948848795865511,0.814127982869404,1.10586302935106
HRS,education,death_pre,period_factor4,-0.163227607443687,0.0767645548934183,-2.12634083100353,0.0334748905882031,0.849397837140946,0.73074834847471,0.987312098953975
HRS,education,death_pre,period_factor5,-0.0992957652726253,0.0758171577769539,-1.30967406566127,0.190306120606591,0.905474860396547,0.780440016596045,1.05054162443661
HRS,education,death_pre,period_factor6,-0.368956952339553,0.0800922139838089,-4.60665193266027,4.09204104126462e-06,0.691455175337252,0.591000927769206,0.808983940694215
HRS,education,death_pre,period_factor7,-0.348128916292324,0.0799975318303544,-4.35174571423751,1.35057848679804e-05,0.70600785443247,0.603551396106425,0.825856909181017
HRS,education,death_pre,period_factor8,-0.334098095018298,0.0792512340082548,-4.21568319028948,2.49023149449681e-05,0.715983544363387,0.612975375899284,0.8363018417291
HRS,education,death_pre,period_factor9,-0.395914913458596,0.0803883686524333,-4.92502734034038,8.434855992465e-07,0.673063962185745,0.574947747620595,0.787923944511416
HRS,education,death_pre,period_factor10,-0.674633836077056,0.0844312586733956,-7.99033256967935,1.34575220396115e-15,0.50934288945691,0.431659108439307,0.601007077038875
HRS,education,death_pre,period_factor11,-0.461002862163074,0.0796799597604027,-5.78568141285849,7.22189731857943e-09,0.630650872369832,0.539465964553009,0.737248592041155
HRS,education,death_pre,period_factor12,-0.428778478093947,0.0786891783130922,-5.44901455684165,5.06496682281426e-08,0.651304191347715,0.558216015150904,0.759915764065684
HRS,education,death_pre,period_factor13,-0.549215303832538,0.0798735909721177,-6.87605624272306,6.1532215055995e-12,0.577402718359848,0.49372947061233,0.675256226361903
HRS,education,death_pre,period_factor14,-0.593799289767028,0.0803156637906804,-7.3933185849599,1.43208794668814e-13,0.552225230439244,0.471791564863133,0.646371677336247
HRS,education,death_pre,period_factor15,-0.597949911949632,0.079218678030976,-7.54809253085267,4.41679094428681e-14,0.549937902349119,0.470848675093868,0.642311877334809
HRS,education,death_pre,proxy_factorself,-0.346402303284636,0.0556359599627909,-6.22623036461145,4.7779139668478e-10,0.707227909756057,0.634163301218225,0.788710597691627
HRS,education,death_post,(Intercept),-3.00665401243097,0.112571305415581,-26.7088846605382,3.71142219721682e-157,0.049456884338625,0.0396646954208797,0.061666511806783
HRS,education,death_post,sesmiddle,0.137545346050021,0.0414122409524013,3.3213693074015,0.000895769233478402,1.14745373728692,1.05799684753204,1.24447448240043
HRS,education,death_post,seslow,0.0928236910397877,0.0446838460185062,2.07734336478879,0.0377698793662806,1.09726825998688,1.00525712327526,1.19770117166825
HRS,education,death_post,"ns(age_model, knots = c(70, 80, 90), Boundary.knots = c(60, 95))1",1.22234100887069,0.0714151521667482,17.1159896994497,1.12782396428601e-65,3.39512645883997,2.95165877999265,3.90522229386688
HRS,education,death_post,"ns(age_model, knots = c(70, 80, 90), Boundary.knots = c(60, 95))2",1.80012168370973,0.0771715638124606,23.326230476349,2.40247079363725e-120,6.05038365274912,5.20107543505202,7.03837942798222
HRS,education,death_post,"ns(age_model, knots = c(70, 80, 90), Boundary.knots = c(60, 95))3",2.89518316471815,0.148002559810471,19.5617100705938,3.27894129918579e-85,18.0868140040655,13.5325534237175,24.1737705054479
HRS,education,death_post,"ns(age_model, knots = c(70, 80, 90), Boundary.knots = c(60, 95))4",2.01891504105332,0.0816500332675041,24.7264448066898,5.55755096826676e-135,7.53015059579453,6.41655247529246,8.83701461395129
HRS,education,death_post,origin_factorR1,-0.746595199912787,0.0344929878227518,-21.6448399236766,6.79794505419656e-104,0.473977607524349,0.442992935487317,0.5071294696548
HRS,education,death_post,origin_factorD2,-0.176116860826372,0.0373934149892949,-4.70983623391422,2.47915911718836e-06,0.838519987472581,0.779262005318735,0.902284167060639
HRS,education,death_post,sex_factormale,0.428666927274545,0.0279490196541349,15.3374584360824,4.29691822705487e-53,1.53520961278191,1.45337269021952,1.6216546320421
HRS,education,death_post,period_factor3,-0.0347400287949974,0.0996395909392453,-0.348656878932591,0.72734692073666,0.96585647849425,0.79450688514256,1.17416067059246
HRS,education,death_post,period_factor4,-0.0212975930789695,0.0960229499720236,-0.221796904648051,0.824471989184758,0.978927599139126,0.810987551117886,1.18164482677367
HRS,education,death_post,period_factor5,-0.0569373282244486,0.0955334558758537,-0.595993599335913,0.551179502660051,0.94465327060913,0.783344346114634,1.13917947592097
HRS,education,death_post,period_factor6,-0.15269292391676,0.0956553909274065,-1.59628142686322,0.110425974899319,0.858393273388402,0.711644001763004,1.0354039519381
HRS,education,death_post,period_factor7,-0.0524122874988456,0.0951205500273445,-0.551009087771029,0.581627444821031,0.948937551091636,0.787534133139509,1.14342025060173
HRS,education,death_post,period_factor8,-0.112176644457857,0.0946871776100148,-1.18470786952671,0.236132969920224,0.893886343484919,0.74247690544003,1.07617191755653
HRS,education,death_post,period_factor9,-0.0728383035734521,0.0944946831084292,-0.770819068093734,0.440814183318729,0.929751155311327,0.772558239227678,1.11892821396471
HRS,education,death_post,period_factor10,-0.416661473318046,0.0964543983016106,-4.31977681323723,1.56187081520572e-05,0.659244053875752,0.545685708741108,0.796434129772539
HRS,education,death_post,period_factor11,-0.103762466438767,0.0932441281624909,-1.11280429645871,0.265792489757317,0.901439394102142,0.750871341876986,1.08220002005665
HRS,education,death_post,period_factor12,-0.0925360785264484,0.0929522428650714,-0.995522815525526,0.31948205333581,0.911616320597614,0.759782953080332,1.09379173698316
HRS,education,death_post,period_factor13,-0.263066978177795,0.0937643576826861,-2.80561809070411,0.00502201755749198,0.768690410103963,0.639642968995118,0.923773065955968
HRS,education,death_post,period_factor14,-0.0873107693687433,0.0921731275740379,-0.94724755106754,0.343512650107723,0.916392264731453,0.764930652635798,1.09784433394837
HRS,education,death_post,period_factor15,-0.223253377716972,0.0932917427666199,-2.39306685775467,0.0167081961771507,0.799912143702349,0.666240079586397,0.96040370017924
HRS,education,death_post,proxy_factorself,-0.811437297955991,0.034977423117491,-23.1988873288444,4.67249979055718e-119,0.444219131913135,0.414785795566746,0.475741067478059
HRS,wealth,onset,(Intercept),-3.11518332401985,0.0725119655910463,-42.9609554592534,0,0.0443703722468474,0.0384919258994947,0.0511465687236412
HRS,wealth,onset,sesmiddle,0.224138271298239,0.0280526512201369,7.98991402058095,1.35032895464792e-15,1.25124401860254,1.18430378048285,1.32196791050547
HRS,wealth,onset,seslow,0.594072623267682,0.0281687979738817,21.0897399249521,9.88032417338285e-99,1.81135036163421,1.71405477870981,1.91416877298521
HRS,wealth,onset,"ns(age_model, knots = c(70, 80, 90), Boundary.knots = c(60, 95))1",1.2413875475775,0.0548056221273215,22.6507336180506,1.37207679187903e-113,3.46041162091963,3.10796610962829,3.85282469750861
HRS,wealth,onset,"ns(age_model, knots = c(70, 80, 90), Boundary.knots = c(60, 95))2",1.54556197375433,0.0727374010158113,21.2485179862057,3.40236160661765e-100,4.69060688444083,4.0673702799442,5.40934103119461
HRS,wealth,onset,"ns(age_model, knots = c(70, 80, 90), Boundary.knots = c(60, 95))3",2.40722480225835,0.109557150240573,21.9723203549235,5.29910800737827e-107,11.1031050369445,8.95751448957287,13.7626281938954
HRS,wealth,onset,"ns(age_model, knots = c(70, 80, 90), Boundary.knots = c(60, 95))4",2.16730744055957,0.104994415938701,20.6421210231304,1.14907842805389e-94,8.7347335601276,7.11011476702372,10.7305680521886
HRS,wealth,onset,sex_factormale,-0.162431577690026,0.023537100866602,-6.90108686752107,5.16061618146836e-12,0.850074252279575,0.811748841317495,0.890209135643277
HRS,wealth,onset,period_factor3,-0.335018786036384,0.056244247122753,-5.95649872075282,2.57699128771262e-09,0.715324648111469,0.640659278363823,0.798691862393063
HRS,wealth,onset,period_factor4,-0.440752553881292,0.0543291383668274,-8.11263655435423,4.95330576118138e-16,0.64355193129996,0.578545742222947,0.715862304488812
HRS,wealth,onset,period_factor5,-0.543266780700049,0.0561190892907968,-9.68060578967987,3.64549425827288e-22,0.580847647749648,0.520346576726571,0.648383221849436
HRS,wealth,onset,period_factor6,-0.73222755117571,0.0583202975521393,-12.555278040567,3.71872677677154e-36,0.48083670787788,0.428898350059786,0.539064651590778
HRS,wealth,onset,period_factor7,-0.596246989623962,0.0561715444090416,-10.6147515774551,2.54470419262097e-26,0.550875201728272,0.49344532492804,0.614989082981824
HRS,wealth,onset,period_factor8,-0.718937331551604,0.0579232574823638,-12.4118939921586,2.25260289513894e-35,0.487269787157901,0.434974915002553,0.545851811880951
HRS,wealth,onset,period_factor9,-0.628680596877534,0.0561738441149449,-11.1916961849915,4.47784606124722e-29,0.533294968070547,0.477695713733399,0.595365448742735
HRS,wealth,onset,period_factor10,-0.80565147877267,0.0575562333916354,-13.9976407644798,1.61131438231859e-44,0.446796753122641,0.399132556197031,0.500152983016471
HRS,wealth,onset,period_factor11,-0.776466384480331,0.0568829266303975,-13.6502537839781,2.01176729665936e-42,0.460028707204314,0.411495612688204,0.514285948444423
HRS,wealth,onset,period_factor12,-0.837222432447083,0.0576684900742159,-14.5178490258654,9.33951693106707e-48,0.432911295411874,0.386643316787202,0.484715968330918
HRS,wealth,onset,period_factor13,-0.963370441615923,0.0580777224302646,-16.5876071117056,8.56660715636047e-62,0.381604540224468,0.340546779677563,0.427612398090523
HRS,wealth,onset,period_factor14,-0.982021008009246,0.0580126711236292,-16.9276985353163,2.81160250540435e-64,0.374553358072668,0.334296871683552,0.419657585597486
HRS,wealth,onset,period_factor15,-1.03587775325409,0.0605836780728266,-17.0982975317029,1.5280307015955e-65,0.354914716615346,0.31517672608834,0.399662937151156
HRS,wealth,onset,proxy_factorself,-0.400420032479256,0.0448451907305108,-8.92894033800655,4.30108744542633e-19,0.670038548967903,0.613658554112075,0.731598466434836
HRS,wealth,recovery,(Intercept),-2.14543774984612,0.100481010442877,-21.3516737181479,3.76220805462804e-101,0.117016801743866,0.0960986000918721,0.142488359635546
HRS,wealth,recovery,sesmiddle,-0.0465481961959077,0.0288439754734356,-1.61379267011155,0.106572404991595,0.954518555298051,0.902052651994351,1.01003602217001
HRS,wealth,recovery,seslow,-0.370682682027455,0.027916848939354,-13.278098929887,3.10169010290875e-40,0.690262939647469,0.65350852167548,0.729084487879666
HRS,wealth,recovery,"ns(age_model, knots = c(70, 80, 90), Boundary.knots = c(60, 95))1",-0.403927093629578,0.0551597409661714,-7.32286059641398,2.4273993181432e-13,0.667692798552965,0.599271705074887,0.743925784354827
HRS,wealth,recovery,"ns(age_model, knots = c(70, 80, 90), Boundary.knots = c(60, 95))2",-0.755638408743941,0.0833453550054479,-9.06635299225191,1.23067271629292e-19,0.469710651604078,0.398919632552504,0.553064021488814
HRS,wealth,recovery,"ns(age_model, knots = c(70, 80, 90), Boundary.knots = c(60, 95))3",-1.34650129300517,0.117768486212714,-11.4334601412225,2.84539879738726e-30,0.260148854884826,0.20652629750802,0.327693991101827
HRS,wealth,recovery,"ns(age_model, knots = c(70, 80, 90), Boundary.knots = c(60, 95))4",-1.47779241610657,0.144397571702212,-10.2341916050651,1.39354101663614e-24,0.228140772774414,0.17190527912154,0.302772622621485
HRS,wealth,recovery,origin_factorD2,0.0234241988088742,0.0251821099969502,0.930192061416265,0.352271651442716,1.02370070007313,0.97440062872338,1.07549512227144
HRS,wealth,recovery,sex_factormale,0.0283030444389713,0.0226986235852217,1.24690575764243,0.212432055348522,1.02870738124126,0.983944035747074,1.07550718107333
HRS,wealth,recovery,period_factor3,0.0783486358107442,0.09246163634969,0.84736371649783,0.396792421903928,1.08149964245591,0.902238689487081,1.29637699010358
HRS,wealth,recovery,period_factor4,0.10430729672992,0.0881201174197356,1.18369448185233,0.236534024121178,1.10994148390276,0.93387924846237,1.3191963519017
HRS,wealth,recovery,period_factor5,0.20183590482854,0.0874458651972409,2.30812405335899,0.0209922377056693,1.22364719703914,1.03091010485065,1.4524180680513
HRS,wealth,recovery,period_factor6,0.2315239714761,0.0870573561265213,2.65944179535644,0.00782702526697341,1.26051954272954,1.06278365273618,1.49504512372991
HRS,wealth,recovery,period_factor7,0.0495386902648984,0.0882829780673219,0.561135242029575,0.574705344923041,1.05078624662659,0.883825223604011,1.24928742313684
HRS,wealth,recovery,period_factor8,0.142244554258449,0.0864404051390607,1.64557944898122,0.0998503731088428,1.15285855053336,0.973187375983206,1.36570086124998
HRS,wealth,recovery,period_factor9,-0.0545510884569722,0.0882504505498297,-0.618139489567484,0.536483393360256,0.946910131444565,0.796504920869776,1.12571658195563
HRS,wealth,recovery,period_factor10,0.10276811922178,0.085663422659302,1.19967327981403,0.230266254326724,1.10823440102419,0.93694360137481,1.31084035988002
HRS,wealth,recovery,period_factor11,-0.108224843690657,0.0874407201343588,-1.23769387448275,0.215829591305168,0.897425793216758,0.756079571409623,1.06519615763352
HRS,wealth,recovery,period_factor12,0.0423577840666532,0.0859654024412171,0.492730597005201,0.622202955318657,1.04326767653659,0.881496361551099,1.23472709857914
HRS,wealth,recovery,period_factor13,-0.00262918723393055,0.085984469078537,-0.030577466629806,0.975606512769907,0.997374266051717,0.842687789008138,1.18045548963401
HRS,wealth,recovery,period_factor14,0.0717804145694238,0.0854835777073958,0.839698296380657,0.40107756944031,1.07441939131421,0.908675351432221,1.27039544608809
HRS,wealth,recovery,period_factor15,0.173630791474224,0.0861901888763653,2.01450761087537,0.0439562666153371,1.18961626826051,1.00470907428081,1.40855388085658
HRS,wealth,recovery,proxy_factorself,0.8696344902797,0.0527038871160916,16.5003861738726,3.64553743522642e-61,2.38603857382889,2.15186492154814,2.64569584214584
HRS,wealth,relapse,(Intercept),-1.70891654849722,0.15761959007502,-10.8420314231489,2.17585089747028e-27,0.181061858126491,0.132940855514785,0.246601365255782
HRS,wealth,relapse,sesmiddle,0.0613349528332062,0.038406179663939,1.59700739229723,0.110264059431058,1.06325499482169,0.986155568631714,1.1463821936146
HRS,wealth,relapse,seslow,0.315069223615049,0.0359792414849393,8.75697237105279,2.00564794567166e-18,1.37035416854321,1.27704639840847,1.47047949830489
HRS,wealth,relapse,"ns(age_model, knots = c(70, 80, 90), Boundary.knots = c(60, 95))1",0.307471808819798,0.0690264130005203,4.45440803678267,8.41249773516474e-06,1.3599824684507,1.18789168119563,1.55700418124964
HRS,wealth,relapse,"ns(age_model, knots = c(70, 80, 90), Boundary.knots = c(60, 95))2",0.545429256031871,0.0946408860244668,5.76314613000205,8.25602525153485e-09,1.72534883983873,1.43323355586895,2.07700176076888
HRS,wealth,relapse,"ns(age_model, knots = c(70, 80, 90), Boundary.knots = c(60, 95))3",0.374520174188949,0.135721314629527,2.75947941715169,0.00578935339701497,1.4542934396492,1.11461203926286,1.8974937773016
HRS,wealth,relapse,"ns(age_model, knots = c(70, 80, 90), Boundary.knots = c(60, 95))4",0.856647769285105,0.139172118653475,6.15531169298408,7.49299795856335e-10,2.3552520969706,1.7929645385783,3.09387738626609
HRS,wealth,relapse,sex_factormale,-0.133660557719971,0.0299095028459921,-4.46883247803236,7.86476934942029e-06,0.874886987840253,0.825073188459408,0.927708295698483
HRS,wealth,relapse,period_factor4,-0.0696731155911242,0.157951178983601,-0.441105384837664,0.659136705329057,0.932698654728769,0.684369415234178,1.27113626232871
HRS,wealth,relapse,period_factor5,-0.146757566183586,0.149610392808671,-0.98093162800038,0.326626459322915,0.863503294441689,0.64404032647479,1.15775039055856
HRS,wealth,relapse,period_factor6,-0.165490985751891,0.145657206913468,-1.13616750766205,0.255886466279649,0.847477502542966,0.637004148226103,1.12749362671581
HRS,wealth,relapse,period_factor7,-0.113831616496759,0.143595712133659,-0.792722949768893,0.427939256204198,0.892408210052621,0.673491965767408,1.18248242569884
HRS,wealth,relapse,period_factor8,-0.173962601474655,0.143409740744077,-1.21304592402201,0.225112262952915,0.840328324110904,0.634418978568244,1.1130683604338
HRS,wealth,relapse,period_factor9,-0.181327988355024,0.142014376900474,-1.2768283909882,0.201662839839857,0.83416171849297,0.631488109037453,1.10188262081413
HRS,wealth,relapse,period_factor10,-0.452755881732431,0.143764825623846,-3.14928133337041,0.00163672545532535,0.635873342979806,0.479728509667104,0.842841107344011
HRS,wealth,relapse,period_factor11,-0.34479622677447,0.142100388680608,-2.42642704904525,0.0152483155865081,0.708364684518514,0.53616518276458,0.935869285069442
HRS,wealth,relapse,period_factor12,-0.422377684311258,0.142539674975302,-2.9632289001953,0.00304430092555253,0.655486425697253,0.495714339168993,0.86675413705732
HRS,wealth,relapse,period_factor13,-0.475163618190038,0.142022140320453,-3.3457010091377,0.000820748454163942,0.621783313081431,0.470703444292501,0.821354704569091
HRS,wealth,relapse,period_factor14,-0.520295386927491,0.141498652844091,-3.67703420823923,0.000235961407455047,0.594344960306626,0.450393899668211,0.784304432413737
HRS,wealth,relapse,period_factor15,-0.320241199984379,0.140868912088999,-2.27332770045143,0.0230064394536143,0.725973911058337,0.550821616266566,0.956821780360707
HRS,wealth,relapse,proxy_factorself,-0.0546869463016609,0.0687721572926624,-0.795190211482513,0.426502864877194,0.946781495013325,0.827388954581215,1.08340242438138
HRS,wealth,death_pre,(Intercept),-5.21396950336974,0.105316588422521,-49.50758072842,0,0.00544003652833297,0.00442542032347296,0.0066872738104959
HRS,wealth,death_pre,sesmiddle,0.285351084580455,0.0370312683229928,7.70567948393169,1.30148911174149e-14,1.3302289690283,1.23709983643156,1.43036888206717
HRS,wealth,death_pre,seslow,0.589604571908734,0.0383080487643935,15.3911407896285,1.87693726565112e-53,1.80327520872236,1.67283668021936,1.94388461040098
HRS,wealth,death_pre,"ns(age_model, knots = c(70, 80, 90), Boundary.knots = c(60, 95))1",1.88473722638492,0.0775096940893077,24.3161484318762,1.32300890187011e-130,6.58462394922204,5.65657296697597,7.66493649172308
HRS,wealth,death_pre,"ns(age_model, knots = c(70, 80, 90), Boundary.knots = c(60, 95))2",2.69965317227417,0.0934586988814334,28.8860556008712,1.78715096687783e-183,14.8745719161918,12.3848521181029,17.8647986734178
HRS,wealth,death_pre,"ns(age_model, knots = c(70, 80, 90), Boundary.knots = c(60, 95))3",4.18262539840179,0.161722240859593,25.8630190638598,1.73678586535e-147,65.5376900919998,47.7342803939497,89.9812207735602
HRS,wealth,death_pre,"ns(age_model, knots = c(70, 80, 90), Boundary.knots = c(60, 95))4",2.73963836128414,0.120958827202881,22.6493462663044,1.41596331307828e-113,15.4813854155288,12.2137096176239,19.6233005276553
HRS,wealth,death_pre,sex_factormale,0.596545408364591,0.031350593930296,19.0282011782913,9.96138307283827e-81,1.8158349842826,1.70761599748569,1.93091227477343
HRS,wealth,death_pre,period_factor3,-0.0234568699696099,0.0782243923944256,-0.299866438736077,0.764279034940203,0.976816103868566,0.837966899182271,1.13867230520453
HRS,wealth,death_pre,period_factor4,-0.124998770272634,0.0768858369196175,-1.62577108191353,0.103998362274697,0.882497987815855,0.759044395930498,1.02603049660134
HRS,wealth,death_pre,period_factor5,-0.0589038320227805,0.0759246094805586,-0.775820019698139,0.437855261696357,0.942797431719548,0.812437682156002,1.09407406473091
HRS,wealth,death_pre,period_factor6,-0.330551018923377,0.080118775234675,-4.12576225678892,3.69508835317317e-05,0.718527701970775,0.614108400493137,0.840701833886041
HRS,wealth,death_pre,period_factor7,-0.312279757785901,0.0800205467065632,-3.90249467966067,9.52063315680685e-05,0.731776779338039,0.625552494002737,0.856038877491885
HRS,wealth,death_pre,period_factor8,-0.299129110573547,0.079247843372692,-3.77460253608143,0.000160262980490923,0.7414636724548,0.634793910231482,0.86605805239953
HRS,wealth,death_pre,period_factor9,-0.364891032671452,0.0803207415709387,-4.5429241007341,5.54792309661795e-06,0.694272299754065,0.59314304519363,0.812643813514573
HRS,wealth,death_pre,period_factor10,-0.65140997302865,0.0842718869512139,-7.72986100816468,1.07664069485781e-14,0.521310224972012,0.441939240426066,0.614936004321242
HRS,wealth,death_pre,period_factor11,-0.443803988340249,0.0794360837777789,-5.58693187319988,2.31116336141852e-08,0.641591167852668,0.549086817449244,0.749679674662016
HRS,wealth,death_pre,period_factor12,-0.416287182373504,0.0783820695097672,-5.3110001429808,1.09025244904594e-07,0.659490849139095,0.565572922993349,0.769004601203865
HRS,wealth,death_pre,period_factor13,-0.538256869696894,0.0794193029467332,-6.77740611823179,1.22352604735629e-11,0.583764944367661,0.499614387317365,0.682089064933407
HRS,wealth,death_pre,period_factor14,-0.599176859164567,0.0797814124442511,-7.51023127828495,5.90229940641171e-14,0.549263571340317,0.469752918628418,0.642232243457675
HRS,wealth,death_pre,period_factor15,-0.607986721680691,0.0785161685630949,-7.74345886722832,9.67480966564271e-15,0.544445887517562,0.466788781299524,0.635022383377678
HRS,wealth,death_pre,proxy_factorself,-0.364686920078399,0.0553130775939806,-6.59314100646039,4.30617224411325e-11,0.694414023936806,0.623067417251466,0.77393043399265
HRS,wealth,death_post,(Intercept),-3.09189193244526,0.110380441518689,-28.0112299779284,1.18585763039216e-172,0.0454159491644669,0.0365805866819703,0.0563853296406002
HRS,wealth,death_post,sesmiddle,0.0898926465795018,0.0360412679310663,2.49415882791453,0.0126256035507829,1.09405682665805,1.01943827155392,1.17413714332363
HRS,wealth,death_post,seslow,0.201744669789658,0.0342437265452219,5.89143443612177,3.82857560056895e-09,1.2235355626321,1.14410991256683,1.30847504822926
HRS,wealth,death_post,"ns(age_model, knots = c(70, 80, 90), Boundary.knots = c(60, 95))1",1.2710763149838,0.0719493638013577,17.6662620463618,7.62873642600706e-70,3.56468722460553,3.09582850556264,4.10455391389856
HRS,wealth,death_post,"ns(age_model, knots = c(70, 80, 90), Boundary.knots = c(60, 95))2",1.84216220794869,0.0776176564557651,23.7338035192875,1.61506891720254e-124,6.31016741532688,5.4196519704479,7.34700549529242
HRS,wealth,death_post,"ns(age_model, knots = c(70, 80, 90), Boundary.knots = c(60, 95))3",2.95398314806279,0.148415323599162,19.9034916100771,3.79545368963008e-88,19.1822073346979,14.3405202450909,25.6585585419957
HRS,wealth,death_post,"ns(age_model, knots = c(70, 80, 90), Boundary.knots = c(60, 95))4",2.04421074255324,0.0820067899176929,24.9273352194975,3.76134985121538e-137,7.72306064869539,6.57633391514048,9.06974410866015
HRS,wealth,death_post,origin_factorR1,-0.743759110215837,0.0344931412184824,-21.5625218215066,4.0398336169538e-103,0.475323758533835,0.444250952892089,0.508569928676354
HRS,wealth,death_post,origin_factorD2,-0.183767454944737,0.0373895229105926,-4.91494516750508,8.8807311572926e-07,0.832129288880272,0.773328834974987,0.895400665403591
HRS,wealth,death_post,sex_factormale,0.437599728229853,0.0279997417603387,15.6287058636272,4.64133925181384e-55,1.54898476844053,1.46626776137159,1.63636811506811
HRS,wealth,death_post,period_factor3,-0.0264992451638854,0.0998144962644075,-0.265484936112779,0.790635912880843,0.973848778931486,0.800806721253919,1.1842825728802
HRS,wealth,death_post,period_factor4,-0.00195907820308325,0.0962159530237939,-0.0203612617400232,0.983755186092069,0.99804283953808,0.826510757456249,1.20517428305337
HRS,wealth,death_post,period_factor5,-0.0291677058212961,0.0957124391458078,-0.304743104256931,0.760561817639304,0.971253565930509,0.805119885514433,1.17166835188773
HRS,wealth,death_post,period_factor6,-0.120265140909104,0.0957789251650438,-1.2556534822443,0.209241631651193,0.88668530899863,0.734921319181124,1.06978912799811
HRS,wealth,death_post,period_factor7,-0.0181440093514203,0.095235517969648,-0.190517253838037,0.848903824180485,0.98201960216892,0.814805679222689,1.18354906407131
HRS,wealth,death_post,period_factor8,-0.0756397867604856,0.0948177269002579,-0.797738874715418,0.425022039435001,0.927150118163661,0.769909324479463,1.11650465097571
HRS,wealth,death_post,period_factor9,-0.0329715484024477,0.0945721682404574,-0.348639023677821,0.727360327091015,0.967566087998357,0.803857713957996,1.16461423257968
HRS,wealth,death_post,period_factor10,-0.373690693754029,0.0964616658434206,-3.8739813426052,0.000107071613559571,0.688189740297783,0.56963723031667,0.831415317407968
HRS,wealth,death_post,period_factor11,-0.0635989341166573,0.0932451232691017,-0.682061773172987,0.495199891024914,0.938381276785387,0.781641271546643,1.12655185015883
HRS,wealth,death_post,period_factor12,-0.0543585602890827,0.0929242911862869,-0.584976862294372,0.558563274631791,0.947092455868058,0.789393641202724,1.13629509175618
HRS,wealth,death_post,period_factor13,-0.228437254561825,0.093600751987785,-2.44054935147996,0.0146649420495094,0.795776226966086,0.662394003620143,0.956016811661129
HRS,wealth,death_post,period_factor14,-0.0534102403970991,0.0919096619022078,-0.581116710601414,0.561161796942316,0.947991028483307,0.791715492991691,1.13511355788799
HRS,wealth,death_post,period_factor15,-0.18807093583643,0.0929827927011067,-2.02264236610944,0.0431100329141337,0.828555930840046,0.690515257872386,0.994192268314928
HRS,wealth,death_post,proxy_factorself,-0.80251721719225,0.034689025701979,-23.1346139291097,2.07690558321911e-118,0.44819932789012,0.418738898362207,0.47973244976012
ELSA,education,onset,(Intercept),-3.32228932634577,0.166563798068073,-19.9460468894206,1.62218606078309e-88,0.036070160790352,0.0260235242661597,0.0499953997827153
ELSA,education,onset,sesmiddle,0.234918222668359,0.066787364638541,3.51740518494414,0.000435788007702688,1.26480533209846,1.10961708570611,1.44169781514016
ELSA,education,onset,seslow,0.408181289072784,0.0683976561407385,5.96776720291248,2.40522200975169e-09,1.50407980968936,1.31537511438251,1.71985622137695
ELSA,education,onset,"ns(age_model, knots = c(70, 80, 90), Boundary.knots = c(60, 95))1",1.13064057723292,0.101409227036867,11.1492870054308,7.2182426110599e-29,3.09764014246987,2.53927470804651,3.77878550195248
ELSA,education,onset,"ns(age_model, knots = c(70, 80, 90), Boundary.knots = c(60, 95))2",1.09501905287205,0.185965781058789,5.8882824928199,3.90229686234408e-09,2.98923963645112,2.07617264047305,4.30385866278177
ELSA,education,onset,"ns(age_model, knots = c(70, 80, 90), Boundary.knots = c(60, 95))3",2.23548839764003,0.325999825598175,6.85733004162854,7.01594160940051e-12,9.35104776677601,4.93586896507858,17.715643376107
ELSA,education,onset,"ns(age_model, knots = c(70, 80, 90), Boundary.knots = c(60, 95))4",2.36334331396842,0.494244388761616,4.78173018795427,1.73792843364442e-06,10.6264195858788,4.03345896580291,27.996018844503
ELSA,education,onset,sex_factormale,-0.0237462858146646,0.0395674118129328,-0.600147564034071,0.548407895920675,0.976533438716262,0.903663327790386,1.05527969057101
ELSA,education,onset,period_factor2,-0.137685193136112,0.0689405968606527,-1.99715696419645,0.0458081344414259,0.871372962762018,0.761238350661383,0.997441654867973
ELSA,education,onset,period_factor3,-0.229918673636592,0.0717531003005146,-3.20430298723891,0.00135389914794731,0.794598221659416,0.690351251877942,0.914587077443207
ELSA,education,onset,period_factor4,-0.284896831699517,0.0706063709267227,-4.03500177052281,5.46018858436797e-05,0.752091842354184,0.65489175357878,0.863718524847278
ELSA,education,onset,period_factor5,-0.371793859442062,0.0738255656579094,-5.03611257331734,4.75081227727847e-07,0.689496361040085,0.596609807450748,0.796844480178555
ELSA,education,onset,period_factor6,-0.449108321928807,0.0797287953799722,-5.63295005008469,1.77152780384837e-08,0.638196964223324,0.54586872591413,0.746141601099781
ELSA,education,onset,period_factor7,-0.543767075549086,0.0862670598020714,-6.30329904365222,2.913759267433e-10,0.580557125342895,0.490244754914167,0.687506745167354
ELSA,education,onset,period_factor8,-0.504752862375938,0.0855217276026844,-5.90204239934104,3.59028860626095e-09,0.603654742792735,0.510494483005372,0.713815840576533
ELSA,education,onset,period_factor9,-0.755141456546094,0.0908531364671207,-8.31167184656719,9.43630706354163e-17,0.469944133354575,0.39328780612812,0.561541662449706
ELSA,education,onset,period_factor10,-0.353878617641116,0.0953839144108456,-3.7100450304111,0.000207222385818071,0.701960167765382,0.582264137394537,0.846262109382364
ELSA,education,onset,proxy_factorself,-0.318832519500138,0.137406739088935,-2.32035576722171,0.0203216396236924,0.726997296981569,0.555353890381745,0.951690586798996
ELSA,education,recovery,(Intercept),-2.65630880358764,0.182812906897102,-14.5302038497903,7.79880076707721e-48,0.0702068914765069,0.0490643733565041,0.100460013521005
ELSA,education,recovery,sesmiddle,-0.0784854619370924,0.0677289098028645,-1.15881773625969,0.246530486351292,0.924515500498358,0.809584500597813,1.05576244361223
ELSA,education,recovery,seslow,-0.240940723639534,0.0672133018754106,-3.58471785966045,0.000337442790965962,0.785888209600489,0.688886470872352,0.896548711730331
ELSA,education,recovery,"ns(age_model, knots = c(70, 80, 90), Boundary.knots = c(60, 95))1",-0.17390514770589,0.096243549604382,-1.80692782446973,0.0707735335026107,0.840376605527085,0.695904733667674,1.01484126339408
ELSA,education,recovery,"ns(age_model, knots = c(70, 80, 90), Boundary.knots = c(60, 95))2",-0.163998475355089,0.178142814128476,-0.920601126446864,0.357258713883138,0.848743315911398,0.598601970903703,1.2034127037984
ELSA,education,recovery,"ns(age_model, knots = c(70, 80, 90), Boundary.knots = c(60, 95))3",-2.29136679814622,0.334657275545118,-6.84690567212038,7.54644403911071e-12,0.101128145588287,0.0524814734560733,0.194866896004468
ELSA,education,recovery,"ns(age_model, knots = c(70, 80, 90), Boundary.knots = c(60, 95))4",-2.69963393821916,0.506006804655128,-5.33517319012955,9.54534047923322e-08,0.0672301186127857,0.0249368842755108,0.181253150904982
ELSA,education,recovery,origin_factorD2,0.0225705242507308,0.0479229295907596,0.470975469226798,0.637658252787309,1.02282716574039,0.931128099476831,1.12355691076699
ELSA,education,recovery,sex_factormale,-0.075050968719498,0.03738903901859,-2.00729868136441,0.0447178694862126,0.927696201636062,0.862143554883875,0.998233110547231
ELSA,education,recovery,period_factor2,0.287302632248075,0.0716223238690645,4.01135591150749,6.03710181524925e-05,1.33282750903283,1.15826463128025,1.5336988809467
ELSA,education,recovery,period_factor3,0.0599102887059693,0.0770316650386668,0.777735865840324,0.436724743650576,1.06174129208748,0.912952181614929,1.23477942659551
ELSA,education,recovery,period_factor4,0.191676970245615,0.0726591765066677,2.63802838761909,0.00833896009061156,1.21127917454644,1.05049867951143,1.39666738026959
ELSA,education,recovery,period_factor5,0.319505950112391,0.0731353241374965,4.36869534497052,1.24990985800842e-05,1.3764475625594,1.19262971649895,1.58859691844463
ELSA,education,recovery,period_factor6,0.414239529796166,0.0773041668631866,5.35856664142426,8.38847950234102e-08,1.51321954464682,1.30046691158843,1.76077789438275
ELSA,education,recovery,period_factor7,0.433000342674459,0.0804726176950359,5.38071651049534,7.41899494700872e-08,1.54187674906232,1.31689146948939,1.80529980213237
ELSA,education,recovery,period_factor8,0.232537124386655,0.0869044672732669,2.67577872211624,0.00745558514038572,1.26179728893991,1.06417980737002,1.49611220523988
ELSA,education,recovery,period_factor9,-0.283557778584626,0.0985255617436888,-2.87801230022208,0.00400189535023764,0.753099607853555,0.620848691570577,0.913522130350991
ELSA,education,recovery,period_factor10,0.428922408521287,0.0907453950076652,4.72665757292759,2.28245685951493e-06,1.53560188015414,1.2853890488901,1.83452094629953
ELSA,education,recovery,proxy_factorself,1.11119196626162,0.153862880795771,7.22196257157408,5.12425785673643e-13,3.03797740370749,2.24705556157894,4.1072890511671
ELSA,education,relapse,(Intercept),-1.63479981804291,0.210918519929169,-7.75085951955246,9.12726168875703e-15,0.194991401152813,0.12896681998745,0.294817275693371
ELSA,education,relapse,sesmiddle,0.220442486620428,0.0942266523775293,2.33949186411931,0.0193099921505884,1.24662822487412,1.03640526311649,1.49949251162585
ELSA,education,relapse,seslow,0.444010506555929,0.0934953847596331,4.74900988639636,2.04414950755447e-06,1.5589468646983,1.29791554726793,1.87247570311364
ELSA,education,relapse,"ns(age_model, knots = c(70, 80, 90), Boundary.knots = c(60, 95))1",0.302048516740202,0.125347859882687,2.40968227956096,0.0159664180828089,1.35262685016303,1.05798558795236,1.72932355281228
ELSA,education,relapse,"ns(age_model, knots = c(70, 80, 90), Boundary.knots = c(60, 95))2",0.486856587568058,0.212766809421336,2.28821679890847,0.0221248988975785,1.62719323290567,1.0723297748155,2.46916375857376
ELSA,education,relapse,"ns(age_model, knots = c(70, 80, 90), Boundary.knots = c(60, 95))3",1.16228871994146,0.367494750494065,3.1627355720833,0.0015629422575901,3.19724250121114,1.55581419857961,6.57042442528386
ELSA,education,relapse,"ns(age_model, knots = c(70, 80, 90), Boundary.knots = c(60, 95))4",1.11575629070617,0.543089682341521,2.0544604822828,0.0399311443847323,3.05187541161369,1.05263917784768,8.84818247697783
ELSA,education,relapse,sex_factormale,0.00706786625318368,0.0492775698425294,0.143429683642469,0.885950841171834,1.00709290256956,0.91437347900207,1.10921427370454
ELSA,education,relapse,period_factor3,-0.32300448488931,0.107093022244442,-3.01611139661412,0.00256039176713534,0.723970607432596,0.586896492067768,0.893059419352948
ELSA,education,relapse,period_factor4,-0.349511457342933,0.104299097770271,-3.35104967171209,0.000805058605332434,0.705032444019502,0.574682428526353,0.864948574110297
ELSA,education,relapse,period_factor5,-0.324004534020029,0.100949978529417,-3.20955525439378,0.00132940492657205,0.723246963156191,0.593411915109621,0.881489158535052
ELSA,education,relapse,period_factor6,-0.34932397767076,0.103540155819753,-3.37380193129009,0.00074137691853663,0.705164635662213,0.57564583160967,0.863824831317112
ELSA,education,relapse,period_factor7,-0.45064421943369,0.106856905858091,-4.21726809151817,2.47279919911393e-05,0.637217511460419,0.516808047464603,0.785680793679242
ELSA,education,relapse,period_factor8,-0.491217359900956,0.107083901187923,-4.58721950220054,4.4918833672785e-06,0.611881061139196,0.496038464321209,0.754777018135408
ELSA,education,relapse,period_factor9,-0.748679063776804,0.117565193225136,-6.36820340475344,1.91255176916753e-10,0.472990931122379,0.375646460517997,0.595561104490419
ELSA,education,relapse,period_factor10,-0.221662749885374,0.121430485115731,-1.82542917187653,0.0679362904559034,0.801185518685319,0.631494213263245,1.01647524532973
ELSA,education,relapse,proxy_factorself,-0.357335299432392,0.153364011554961,-2.32998143312347,0.0198071324541417,0.699537903745131,0.517922965993432,0.944837960289132
ELSA,education,death_pre,(Intercept),-4.69204407976286,0.346287103757823,-13.5495778758318,7.96870676528671e-42,0.00916792701610601,0.00465056387577029,0.0180732676763255
ELSA,education,death_pre,sesmiddle,-0.114033497062391,0.154962431373295,-0.735878341942706,0.461804738842393,0.892228068362566,0.658520344832947,1.20887825595721
ELSA,education,death_pre,seslow,0.353006081185679,0.14781469246833,2.38816639463166,0.0169326734422627,1.42333979900089,1.06533497896761,1.90165180287531
ELSA,education,death_pre,"ns(age_model, knots = c(70, 80, 90), Boundary.knots = c(60, 95))1",2.13508669540345,0.221010523583934,9.6605657539769,4.43408370501133e-22,8.45777972570338,5.48439106415688,13.0432051711316
ELSA,education,death_pre,"ns(age_model, knots = c(70, 80, 90), Boundary.knots = c(60, 95))2",3.01968528242648,0.328952204335346,9.17970830603739,4.32260740427889e-20,20.4848437292914,10.7503569849992,39.0339430773351
ELSA,education,death_pre,"ns(age_model, knots = c(70, 80, 90), Boundary.knots = c(60, 95))3",4.33481090150225,0.570132810186239,7.60315986741097,2.88986128528542e-14,76.3105273192381,24.9618982810797,233.28740924139
ELSA,education,death_pre,"ns(age_model, knots = c(70, 80, 90), Boundary.knots = c(60, 95))4",2.92227292767393,0.765500656928129,3.81746625718218,0.000134829220245043,18.5834783954331,4.14495378975633,83.3171337463408
ELSA,education,death_pre,sex_factormale,0.523849519429866,0.0809546099163587,6.470904127277,9.74182336453513e-11,1.68851512664086,1.44077113978878,1.97885927484151
ELSA,education,death_pre,period_factor2,-0.107543404511583,0.11198273780978,-0.960356985504875,0.336875578956109,0.898037542723936,0.721062420449417,1.1184488405858
ELSA,education,death_pre,period_factor3,-0.159600168166328,0.11553431849974,-1.38140917987661,0.167153184922528,0.852484571303179,0.679738283279962,1.06913199121764
ELSA,education,death_pre,period_factor4,-0.116669477615448,0.112792397109175,-1.03437359791654,0.300961542286018,0.88987926957946,0.713378905150874,1.11004840304297
ELSA,education,death_pre,period_factor5,-0.772678497299667,0.144187279267634,-5.35885343855787,8.37517606198362e-08,0.461774548484516,0.34809301004831,0.612582635883682
ELSA,education,death_pre,proxy_factorself,-1.09251762019216,0.25688175197224,-4.25299816668262,2.10927304112948e-05,0.33537109291883,0.202704534746971,0.554865583574475
ELSA,education,death_post,(Intercept),-3.65317555139485,0.270718587821051,-13.4943654249913,1.68802296559391e-41,0.025908723523818,0.0152407276542116,0.0440439570776101
ELSA,education,death_post,sesmiddle,0.1671283109743,0.163343678007736,1.02316975479384,0.306227590553984,1.18190590707797,0.858108013188194,1.62788547795491
ELSA,education,death_post,seslow,0.373731325324511,0.155470289562054,2.40387617709647,0.0162222669850463,1.45314667429252,1.07144644975195,1.97082668713521
ELSA,education,death_post,"ns(age_model, knots = c(70, 80, 90), Boundary.knots = c(60, 95))1",1.38832611479648,0.204805379818794,6.77875803860637,1.21213331267849e-11,4.00813527634663,2.6829248741224,5.98792331028251
ELSA,education,death_post,"ns(age_model, knots = c(70, 80, 90), Boundary.knots = c(60, 95))2",1.87283157579056,0.276623441722057,6.77032851638194,1.28490299164839e-11,6.50669453786208,3.78350046485178,11.1899216617918
ELSA,education,death_post,"ns(age_model, knots = c(70, 80, 90), Boundary.knots = c(60, 95))3",3.32668017771867,0.463721483087322,7.17387548140019,7.29039246506582e-13,27.8457451610226,11.2209893196866,69.1013511805274
ELSA,education,death_post,"ns(age_model, knots = c(70, 80, 90), Boundary.knots = c(60, 95))4",2.92849658380343,0.551639462738929,5.30871480670225,1.10400920707047e-07,18.6994962277179,6.34256484823225,55.130876473087
ELSA,education,death_post,origin_factorR1,-0.469316459445107,0.0959048385383164,-4.89356393898315,9.90261217910862e-07,0.625429628722429,0.518253930778448,0.754769423352615
ELSA,education,death_post,origin_factorD2,0.00841047860820799,0.122204515343181,0.0688229774864639,0.945130528060847,1.0084459460464,0.793651864682437,1.28137193567148
ELSA,education,death_post,sex_factormale,0.541875050323785,0.068863183784798,7.86886432694109,3.57875017793891e-15,1.71922747987394,1.50215870484296,1.96766368162326
ELSA,education,death_post,period_factor2,-0.0817138174470676,0.107409478057873,-0.760769151145485,0.446794963164154,0.921535648387328,0.746592024907053,1.13747257259328
ELSA,education,death_post,period_factor3,-0.107484917691157,0.108710648141383,-0.988724835412333,0.322797788276026,0.898090067620425,0.72574411276102,1.11136384763765
ELSA,education,death_post,period_factor4,-0.0918565916588276,0.108241810241428,-0.848623941653841,0.396090580441924,0.912235962411165,0.737853089635769,1.12783216985242
ELSA,education,death_post,period_factor5,-0.276833989263983,0.115865457186133,-2.38927110794774,0.016881839647324,0.758180352741919,0.604151499598835,0.951478971194411
ELSA,education,death_post,proxy_factorself,-0.827193815642115,0.110247618732781,-7.50305380878177,6.23479429930383e-14,0.437274639487417,0.352297549859459,0.542748907607019
ELSA,wealth,onset,(Intercept),-3.29954535467448,0.153830043629345,-21.449290898108,4.63666169179146e-102,0.0368999399733863,0.0272949864496851,0.0498848230809516
ELSA,wealth,onset,sesmiddle,0.342373788103745,0.0451485069982143,7.58328039767266,3.36925596772746e-14,1.4082865999229,1.28902061182932,1.53858761397759
ELSA,wealth,onset,seslow,0.600270548632037,0.0464076455403714,12.9347339569262,2.86613498342867e-38,1.82261183883179,1.66414514203018,1.99616838168168
ELSA,wealth,onset,"ns(age_model, knots = c(70, 80, 90), Boundary.knots = c(60, 95))1",1.14294555041344,0.0961590471043662,11.8859908124187,1.39965411974106e-32,3.13599199670387,2.59730356914632,3.78640599436095
ELSA,wealth,onset,"ns(age_model, knots = c(70, 80, 90), Boundary.knots = c(60, 95))2",1.23902103515735,0.176384661479775,7.02453957596208,2.14773295562013e-12,3.45223219601256,2.44319619636754,4.87799839935278
ELSA,wealth,onset,"ns(age_model, knots = c(70, 80, 90), Boundary.knots = c(60, 95))3",2.20016390940844,0.31546651171107,6.97431843866691,3.0735719206551e-12,9.02649290529897,4.863943586638,16.7513402896457
ELSA,wealth,onset,"ns(age_model, knots = c(70, 80, 90), Boundary.knots = c(60, 95))4",2.09350369106859,0.478426425946766,4.37581115408859,1.20981724752584e-05,8.11329189197118,3.17652520400265,20.7224879693636
ELSA,wealth,onset,sex_factormale,-0.0568055070533168,0.0373036640610817,-1.52278625928816,0.127812188785572,0.944777804117471,0.878165076648887,1.01644340328273
ELSA,wealth,onset,period_factor2,-0.146957475022734,0.065447308641497,-2.24543190656974,0.0247404190371811,0.863330689753673,0.759394252293536,0.98149265367688
ELSA,wealth,onset,period_factor3,-0.256345655541035,0.0687981362730749,-3.72605523096647,0.000194499803495117,0.773874428572231,0.676251654234754,0.885589894601724
ELSA,wealth,onset,period_factor4,-0.286966978716033,0.0672416034534548,-4.26769981644882,1.97498842995872e-05,0.750536512107172,0.657861720153097,0.856266657185809
ELSA,wealth,onset,period_factor5,-0.365617719261818,0.0701367000932442,-5.21293016032609,1.85880891045001e-07,0.693767964652743,0.604662002002155,0.796005019638548
ELSA,wealth,onset,period_factor6,-0.484362917942661,0.0766000893994044,-6.32326831130862,2.5608806293416e-10,0.616089571375239,0.530201003119052,0.715891440650664
ELSA,wealth,onset,period_factor7,-0.570595690510498,0.0825712109117173,-6.91034664758111,4.83470826096105e-12,0.565188660879893,0.480736842348597,0.664476266946006
ELSA,wealth,onset,period_factor8,-0.500722317078423,0.0805717377532452,-6.21461483941068,5.14506943509905e-10,0.606092710446694,0.517553217658511,0.709778938905181
ELSA,wealth,onset,period_factor9,-0.739788184867575,0.0854743390325486,-8.65509102779799,4.92518426159483e-18,0.477214986172001,0.403605287651235,0.564249651813119
ELSA,wealth,onset,period_factor10,-0.361421418355647,0.0902944329117005,-4.00269880103332,6.26240072646831e-05,0.696685340604171,0.583682267410717,0.831566232028789
ELSA,wealth,onset,proxy_factorself,-0.370745139607405,0.133842503013904,-2.77001050681853,0.00560544844159844,0.690219828841042,0.530955829129026,0.897256204733345
ELSA,wealth,recovery,(Intercept),-2.5915773488048,0.168550093343535,-15.3757099589539,2.38217787922498e-53,0.0749018005917393,0.0538293978960382,0.104223341727134
ELSA,wealth,recovery,sesmiddle,-0.106153191002806,0.0448111193214156,-2.36890291093609,0.017840936143917,0.899286874865215,0.823671919031835,0.981843455650924
ELSA,wealth,recovery,seslow,-0.325705759557733,0.0439964614709233,-7.40299898374753,1.33142769023911e-13,0.722017602958383,0.662364795614448,0.787042763192408
ELSA,wealth,recovery,"ns(age_model, knots = c(70, 80, 90), Boundary.knots = c(60, 95))1",-0.267972337688064,0.0915416598313966,-2.92732662026908,0.00341889624968424,0.764928940513165,0.639291983389274,0.9152567203057
ELSA,wealth,recovery,"ns(age_model, knots = c(70, 80, 90), Boundary.knots = c(60, 95))2",-0.256349505540049,0.169281137291293,-1.51434182001585,0.129939167028169,0.77387144916218,0.555358996042024,1.07836016720085
ELSA,wealth,recovery,"ns(age_model, knots = c(70, 80, 90), Boundary.knots = c(60, 95))3",-2.40794090192136,0.317995368201909,-7.57225149390369,3.66810453141094e-14,0.0900004236067431,0.048257123557506,0.167852446483692
ELSA,wealth,recovery,"ns(age_model, knots = c(70, 80, 90), Boundary.knots = c(60, 95))4",-2.7311671735412,0.479929287986218,-5.69076995696838,1.26467794926868e-08,0.0651432118454989,0.0254299268012217,0.166875747725065
ELSA,wealth,recovery,origin_factorD2,0.0562739795354115,0.0455564639617343,1.23525784579504,0.216734556882696,1.05788748355645,0.967522411670106,1.15669251106401
ELSA,wealth,recovery,sex_factormale,-0.0617101034161799,0.0354613033816301,-1.74020968017062,0.0818222064833755,0.94015539512687,0.877029843559952,1.00782450389414
ELSA,wealth,recovery,period_factor2,0.273564189726073,0.0681310399079605,4.01526514340065,5.93790023495226e-05,1.31464174299711,1.15030526100875,1.50245588802653
ELSA,wealth,recovery,period_factor3,0.0592328605025796,0.0729826111709793,0.811602374212296,0.417019828516431,1.06102228215782,0.91960315303845,1.22418923805965
ELSA,wealth,recovery,period_factor4,0.172378059500327,0.0692837142279518,2.48800257638011,0.0128462802408248,1.18812693098957,1.03725933465171,1.36093796120591
ELSA,wealth,recovery,period_factor5,0.308170963522781,0.0696974128046269,4.42155527905511,9.79929864953444e-06,1.36093363905845,1.18716015941746,1.56014363793148
ELSA,wealth,recovery,period_factor6,0.413499020867565,0.073364219738143,5.63624914629307,1.73793890655707e-08,1.51209940685028,1.30957826488801,1.7459396490461
ELSA,wealth,recovery,period_factor7,0.401111445297186,0.0770180572029,5.2080182214994,1.9086818556591e-07,1.49348370096063,1.28422580857207,1.73683907467577
ELSA,wealth,recovery,period_factor8,0.245132305034023,0.0823719741432403,2.97591878285874,0.00292112211802085,1.27779036011883,1.08728442637842,1.50167533425549
ELSA,wealth,recovery,period_factor9,-0.268718019844314,0.0936946238017563,-2.86801962525492,0.00413049911262313,0.764358759264837,0.636125452652325,0.918441968370979
ELSA,wealth,recovery,period_factor10,0.48584818054124,0.0849916681180406,5.71642128339534,1.08790830164051e-08,1.62555318687157,1.37611527443806,1.9202048058273
ELSA,wealth,recovery,proxy_factorself,1.10816912321215,0.147122692973893,7.53227867715006,4.98623968618676e-14,3.02880794073418,2.27006540756462,4.04115119823625
ELSA,wealth,relapse,(Intercept),-1.60257900269618,0.194508210885292,-8.2391329157887,1.73463153994139e-16,0.201376497186165,0.137543493430953,0.294833965659937
ELSA,wealth,relapse,sesmiddle,0.140402344241589,0.0604371720986581,2.323112405266,0.0201731147312296,1.15073669801261,1.0221880603405,1.29545139444484
ELSA,wealth,relapse,seslow,0.430506984228883,0.0582025353166863,7.39670500411105,1.39605211191679e-13,1.53803708646481,1.37222020405588,1.72389101424775
ELSA,wealth,relapse,"ns(age_model, knots = c(70, 80, 90), Boundary.knots = c(60, 95))1",0.440626428968664,0.119445521032889,3.68893220238321,0.000225197213883136,1.55368018400793,1.22938397149886,1.96352170692115
ELSA,wealth,relapse,"ns(age_model, knots = c(70, 80, 90), Boundary.knots = c(60, 95))2",0.61816930466531,0.20297578187288,3.0455323239127,0.00232268810295509,1.8555280241005,1.24649644525256,2.76212921531815
ELSA,wealth,relapse,"ns(age_model, knots = c(70, 80, 90), Boundary.knots = c(60, 95))3",1.12454736746832,0.349853869835891,3.21433451056527,0.00130747257580526,3.07882295805154,1.55089747979994,6.11204217589421
ELSA,wealth,relapse,"ns(age_model, knots = c(70, 80, 90), Boundary.knots = c(60, 95))4",0.876948571338532,0.517243666276203,1.69542640831536,0.0899945597415869,2.40355423075022,0.872101890877385,6.62430961403515
ELSA,wealth,relapse,sex_factormale,-0.00360127126513076,0.0467759341144022,-0.07698983105977,0.938631634595408,0.996405205534994,0.909116434608316,1.09207500362149
ELSA,wealth,relapse,period_factor3,-0.31131091836985,0.102352536284252,-3.04155548725517,0.00235359181515097,0.732486097077621,0.599342600975251,0.895207318049734
ELSA,wealth,relapse,period_factor4,-0.314168351847351,0.0993773068555685,-3.1613691474247,0.00157029353910486,0.730396054283239,0.601127708735493,0.887462661195119
ELSA,wealth,relapse,period_factor5,-0.327476184005869,0.0968190566210639,-3.38235255986396,0.000718678448969051,0.720740456221615,0.59616277607663,0.871350621139369
ELSA,wealth,relapse,period_factor6,-0.378867779617632,0.0992490082931744,-3.81734574615077,0.000134895072320096,0.684636129532889,0.563608264175497,0.831653223799824
ELSA,wealth,relapse,period_factor7,-0.455778597984316,0.101668118333682,-4.48300416545941,7.35994921458716e-06,0.633954180295211,0.51941707287297,0.773747964214612
ELSA,wealth,relapse,period_factor8,-0.502067179239818,0.101756783492344,-4.93399223136406,8.05656455051591e-07,0.605278147154564,0.495835790364973,0.738876947856451
ELSA,wealth,relapse,period_factor9,-0.756414651621473,0.110480381467675,-6.84659702992416,7.56273573136055e-12,0.469346183532443,0.377964047886192,0.582822205520455
ELSA,wealth,relapse,period_factor10,-0.254382591858329,0.114473376282207,-2.22219873406379,0.0262698779851817,0.775395085442738,0.619557101042869,0.97043119595711
ELSA,wealth,relapse,proxy_factorself,-0.359018419767902,0.150727590124038,-2.38190247367755,0.0172234581928212,0.698361487576587,0.519730694677743,0.938387461669136
ELSA,wealth,death_pre,(Intercept),-4.78002914617698,0.316508088962054,-15.1023917330279,1.56164523345133e-51,0.00839575425978578,0.00451484239119212,0.0156126578700124
ELSA,wealth,death_pre,sesmiddle,0.268256840598908,0.0955675594037278,2.80698641121146,0.00500073511617181,1.30768296296199,1.08431063342616,1.57707088624389
ELSA,wealth,death_pre,seslow,0.578005457379626,0.0931961918620821,6.2020287077287,5.57399066587675e-10,1.78247965122683,1.48489033542626,2.13970933154848
ELSA,wealth,death_pre,"ns(age_model, knots = c(70, 80, 90), Boundary.knots = c(60, 95))1",2.21454319364289,0.208103754822073,10.6415340537046,1.90959128598932e-26,9.15722507740597,6.09007157296176,13.7690945194413
ELSA,wealth,death_pre,"ns(age_model, knots = c(70, 80, 90), Boundary.knots = c(60, 95))2",3.05316447070081,0.311905658363211,9.7887434512183,1.25850103324119e-22,21.1822691461188,11.4940485073498,39.0365958427709
ELSA,wealth,death_pre,"ns(age_model, knots = c(70, 80, 90), Boundary.knots = c(60, 95))3",4.52947170719702,0.54231056639238,8.35217306815261,6.70183649251436e-17,92.7095703437441,32.0258374418065,268.379068898341
ELSA,wealth,death_pre,"ns(age_model, knots = c(70, 80, 90), Boundary.knots = c(60, 95))4",2.99606404389671,0.733315607183338,4.08564063623925,4.39553663027085e-05,20.0066365076917,4.75294988551384,84.2141225959145
ELSA,wealth,death_pre,sex_factormale,0.531680907374956,0.0755262136140981,7.03968704285355,1.9267208597533e-12,1.70179045793483,1.46763098898344,1.97330990177853
ELSA,wealth,death_pre,period_factor2,-0.064013900066406,0.104580394850416,-0.612102298504098,0.540470076907982,0.937991961289563,0.764149770781833,1.15138282190892
ELSA,wealth,death_pre,period_factor3,-0.177024456581953,0.110257330352333,-1.60555725425477,0.108371223855205,0.837759295543582,0.674941793234825,1.03985357597421
ELSA,wealth,death_pre,period_factor4,-0.167047986175111,0.108828899560975,-1.5349598024881,0.124793702305438,0.846159006428705,0.683620302145537,1.04734318438657
ELSA,wealth,death_pre,period_factor5,-0.74815869831221,0.135835490198559,-5.50782933987711,3.6328533158313e-08,0.473237123317404,0.362621293062831,0.617595764976016
ELSA,wealth,death_pre,proxy_factorself,-1.17290535413976,0.248918678531869,-4.71200217298919,2.45294763680321e-06,0.30946652403667,0.189989596409129,0.504077756410966
ELSA,wealth,death_post,(Intercept),-3.7774148406597,0.233426054347614,-16.1824902160855,6.70277534843129e-59,0.0228817680473413,0.0144808251640452,0.0361564553843469
ELSA,wealth,death_post,sesmiddle,0.151335349429488,0.0923350706870017,1.63898016542908,0.101217390575111,1.16338673374977,0.970793608286127,1.39418788990013
ELSA,wealth,death_post,seslow,0.452405677950251,0.0842038201458277,5.37274528835813,7.75468340481428e-08,1.57208958131109,1.33291222386415,1.85418484984858
ELSA,wealth,death_post,"ns(age_model, knots = c(70, 80, 90), Boundary.knots = c(60, 95))1",1.5464392225873,0.198285082032279,7.79906993878418,6.23650954641178e-15,4.69472351924869,3.18292460677639,6.92458403672619
ELSA,wealth,death_post,"ns(age_model, knots = c(70, 80, 90), Boundary.knots = c(60, 95))2",1.92835016749216,0.267736292361113,7.20242351339981,5.91516252116223e-13,6.87815307490917,4.06977222886387,11.6244809442541
ELSA,wealth,death_post,"ns(age_model, knots = c(70, 80, 90), Boundary.knots = c(60, 95))3",3.52517933117727,0.449989477086601,7.83391503730397,4.72908410058549e-15,33.9598631324467,14.0581170661463,82.0360435574788
ELSA,wealth,death_post,"ns(age_model, knots = c(70, 80, 90), Boundary.knots = c(60, 95))4",3.05908420921295,0.531653345626069,5.75390756849392,8.72038487826926e-09,21.3080345223589,7.51607193022775,60.4081945224654
ELSA,wealth,death_post,origin_factorR1,-0.426883801528561,0.091580694457288,-4.66128591902799,3.14239818606189e-06,0.652539371900319,0.545320293381891,0.780839512205475
ELSA,wealth,death_post,origin_factorD2,0.0434112004933413,0.11616419699361,0.373705510104196,0.708623425416494,1.04436725089765,0.831710691150843,1.31139705952115
ELSA,wealth,death_post,sex_factormale,0.578375240288011,0.0661389511765242,8.7448505003403,2.23311123130393e-18,1.78313890361902,1.56634189263135,2.02994273763446
ELSA,wealth,death_post,period_factor2,-0.0231395337146413,0.104286184183658,-0.22188493994459,0.824403454512557,0.977126132221777,0.796490199062029,1.19872847072703
ELSA,wealth,death_post,period_factor3,-0.072660671334267,0.105770009259173,-0.686968563614504,0.492102538704043,0.929916323760116,0.755806498838107,1.14413460392957
ELSA,wealth,death_post,period_factor4,-0.029206637193493,0.104952199225285,-0.278285137511026,0.780793484241409,0.971215754432468,0.790639673654835,1.19303403698108
ELSA,wealth,death_post,period_factor5,-0.226151792052047,0.112510636030354,-2.01004811661569,0.0444260965168346,0.797597023587645,0.639753304490463,0.994384878625279
ELSA,wealth,death_post,proxy_factorself,-0.84296681151588,0.106061221286868,-7.94792669071643,1.89658824971249e-15,0.430431617750765,0.349641545423302,0.529889482484804
MHAS,education,onset,(Intercept),-4.31126228167148,0.139600856125813,-30.8827782387383,2.03450543249423e-209,0.0134166033685147,0.0102049747226775,0.017638970290444
MHAS,education,onset,sesmiddle,0.0982576981537166,0.219507054531839,0.447628885382655,0.654421052925395,1.10324705320796,0.717504450393418,1.69637144375155
MHAS,education,onset,seslow,0.941824290539869,0.119243870353754,7.89830360039312,2.82724825545354e-15,2.56465583065968,2.03014314358,3.2398993886401
MHAS,education,onset,"ns(age_model, knots = c(70, 80, 90), Boundary.knots = c(60, 95))1",0.994367307939615,0.10526266545755,9.44653361775849,3.502373140383e-21,2.7030136248986,2.19910945150615,3.32238245412636
MHAS,education,onset,"ns(age_model, knots = c(70, 80, 90), Boundary.knots = c(60, 95))2",1.17434144191707,0.180205138408021,6.5166923223805,7.18746397321158e-11,3.23601114066376,2.27308825268148,4.60684625427402
MHAS,education,onset,"ns(age_model, knots = c(70, 80, 90), Boundary.knots = c(60, 95))3",1.27137466518292,0.260610393977364,4.87844957286448,1.06922991947625e-06,3.56575090841601,2.13951312825307,5.94274434354658
MHAS,education,onset,"ns(age_model, knots = c(70, 80, 90), Boundary.knots = c(60, 95))4",1.20288273631398,0.340909687617356,3.52844985051913,0.000418001141442312,3.32970175298787,1.70693565545797,6.49521481867215
MHAS,education,onset,sex_factormale,-0.387627670892164,0.0424528853182379,-9.13077327928139,6.80117400174734e-20,0.678664982956254,0.624480405558627,0.737551018400643
MHAS,education,onset,period_factor2,-16.4176267757951,330.445541274024,-0.0496833054926311,0.960374760315329,7.41165653390744e-08,3.88143217345443e-289,1.41526761570902e+274
MHAS,education,onset,period_factor3,0.214480893387033,0.0693798647887755,3.09139970278137,0.00199215270584923,1.23921844348111,1.08165941618529,1.41972817661921
MHAS,education,onset,period_factor4,0.0907899697919223,0.071775963915739,1.26490770501535,0.205904414997237,1.09503898983733,0.95133319075753,1.2604525952775
MHAS,education,onset,period_factor5,0.140424758120042,0.0696785901623483,2.01532146090869,0.0438709776952059,1.15076249077415,1.00386216039573,1.31915950457849
MHAS,education,recovery,(Intercept),-0.100914757366,0.125583992665803,-0.803563855741932,0.421648904439215,0.904010089802768,0.706763357289514,1.15630533761591
MHAS,education,recovery,sesmiddle,-0.961823204760243,0.276088233073431,-3.48375298017293,0.000494435598321197,0.382195429838613,0.222471529785271,0.65659343795816
MHAS,education,recovery,seslow,-0.345911812526665,0.101962860974778,-3.39252752639251,0.000692509736150151,0.707574883596346,0.579401838792354,0.86410187606569
MHAS,education,recovery,"ns(age_model, knots = c(70, 80, 90), Boundary.knots = c(60, 95))1",-0.522717932251622,0.108355405984262,-4.82410570569542,1.4063282343863e-06,0.592906875318457,0.479460134434339,0.733196646713156
MHAS,education,recovery,"ns(age_model, knots = c(70, 80, 90), Boundary.knots = c(60, 95))2",-1.39104626104145,0.189850259185413,-7.32707064509678,2.35237837762452e-13,0.248814843123169,0.171503300263069,0.360977462611187
MHAS,education,recovery,"ns(age_model, knots = c(70, 80, 90), Boundary.knots = c(60, 95))3",-1.8046960463788,0.256449020841444,-7.03725068030031,1.96069929211403e-12,0.164524456782313,0.0995260234076718,0.271972052662445
MHAS,education,recovery,"ns(age_model, knots = c(70, 80, 90), Boundary.knots = c(60, 95))4",-0.879736421648055,0.331254358867114,-2.65577311844814,0.0079126830174281,0.414892253887344,0.216753402631908,0.794154002869528
MHAS,education,recovery,origin_factorD2,-0.01938501130636,0.0742901198099031,-0.26093660039805,0.794141399266347,0.98080166980737,0.847899091508204,1.13453584881877
MHAS,education,recovery,sex_factormale,0.119463875904636,0.0445062108246162,2.6842068486891,0.00727021101667511,1.12689253535852,1.03275677010498,1.22960877430768
MHAS,education,recovery,period_factor2,-18.2837183521045,537.812401421106,-0.0339964610406751,0.972879972751878,1.14678501924389e-08,0,Inf
MHAS,education,recovery,period_factor3,-0.727841398020523,0.0723056679685399,-10.0661734891545,7.79520910689133e-24,0.482950363340957,0.41913571588779,0.556480978856991
MHAS,education,recovery,period_factor4,-0.680465914961702,0.0722315675831126,-9.42061674320898,4.48446109821334e-21,0.506381006907841,0.439534183192269,0.583394270485738
MHAS,education,recovery,period_factor5,-0.917699138057394,0.073514071562672,-12.4833126304947,9.20746737183699e-36,0.399437034062117,0.345837344063625,0.461343885844172
MHAS,education,relapse,(Intercept),-20.47247556107,963.830795989769,-0.0212407360775877,0.983053618913117,1.28504055206497e-09,0,Inf
MHAS,education,relapse,sesmiddle,0.36408121884241,0.495324965132322,0.735035066817495,0.462318137996561,1.43919109884642,0.545116517922225,3.79968493138614
MHAS,education,relapse,seslow,0.267087751721473,0.21461815342126,1.24447884516657,0.213323380482756,1.30615505865677,0.857646019777462,1.98921349590983
MHAS,education,relapse,"ns(age_model, knots = c(70, 80, 90), Boundary.knots = c(60, 95))1",1.15808138007399,0.184595037109574,6.27363226123226,3.52721031301199e-10,3.18381887405245,2.21726644776519,4.57171154733773
MHAS,education,relapse,"ns(age_model, knots = c(70, 80, 90), Boundary.knots = c(60, 95))2",0.703683169880718,0.283763064244511,2.47982651214385,0.0131446320877668,2.021183376598,1.15894205098962,3.52492364769036
MHAS,education,relapse,"ns(age_model, knots = c(70, 80, 90), Boundary.knots = c(60, 95))3",2.44949676392405,0.408300362707802,5.99925199105694,1.98228534656364e-09,11.582516512202,5.20296186583656,25.7842921425797
MHAS,education,relapse,"ns(age_model, knots = c(70, 80, 90), Boundary.knots = c(60, 95))4",1.78969431539308,0.363286924520497,4.92639342237626,8.37612652854988e-07,5.98762186276816,2.93777338781752,12.2036695274626
MHAS,education,relapse,sex_factormale,-0.286584148648478,0.0801279068884286,-3.57658348729266,0.00034811417190528,0.750823895056712,0.641699697166357,0.878505200917972
MHAS,education,relapse,period_factor3,17.5369935402272,963.830766463761,0.0181950962247962,0.985483214635853,41325633.8706824,0,Inf
MHAS,education,relapse,period_factor4,17.5382704460256,963.830763244033,0.0181964211092369,0.985482157705994,41378436.5170226,0,Inf
MHAS,education,relapse,period_factor5,17.3524211414343,963.830762593664,0.01800359753484,0.985635983459209,34360600.8363755,0,Inf
MHAS,education,death_pre,(Intercept),-5.28418910104195,0.163079292194645,-32.402575642375,2.52473927848049e-230,0.00507114270566451,0.00368374819558519,0.00698106574494816
MHAS,education,death_pre,sesmiddle,-0.1027479511079,0.227593885173319,-0.451453038949857,0.651663063966691,0.902354382243576,0.577624101068386,1.40964241216414
MHAS,education,death_pre,seslow,0.035707889656314,0.113621309843642,0.314271061524047,0.753315175147565,1.03635307281913,0.829452132358299,1.2948639826725
MHAS,education,death_pre,"ns(age_model, knots = c(70, 80, 90), Boundary.knots = c(60, 95))1",1.65959133345694,0.142980024348217,11.6071552024297,3.79016410806285e-31,5.25716197917978,3.97232071044541,6.95758325924154
MHAS,education,death_pre,"ns(age_model, knots = c(70, 80, 90), Boundary.knots = c(60, 95))2",2.7147922766607,0.200227087595266,13.5585664720266,7.05004500234826e-42,15.1014728177041,10.199586548154,22.3591887952685
MHAS,education,death_pre,"ns(age_model, knots = c(70, 80, 90), Boundary.knots = c(60, 95))3",4.50209242345311,0.297025255777182,15.1572714302464,6.78292337240691e-52,90.2056824528695,50.396560168837,161.460725087732
MHAS,education,death_pre,"ns(age_model, knots = c(70, 80, 90), Boundary.knots = c(60, 95))4",2.75046036725444,0.272697149233346,10.0861353886061,6.36253112853802e-24,15.6498348975695,9.17033625620646,26.707562893937
MHAS,education,death_pre,sex_factormale,0.491358083557931,0.0606189524331898,8.10568417689952,5.24495251335097e-16,1.63453454777136,1.45142369999812,1.84074656343394
MHAS,education,death_pre,period_factor3,-0.203500073464706,0.0911225915044552,-2.23325599178943,0.0255320678427283,0.815870144385012,0.682426566343126,0.975407648717081
MHAS,education,death_pre,period_factor4,-0.322231932296337,0.0941357731904994,-3.42305503396937,0.000619215392352229,0.724530128904658,0.602457564929692,0.871337565081222
MHAS,education,death_pre,period_factor5,-0.00982984378825827,0.0886736924946503,-0.110854115935809,0.911732031441922,0.990218311211651,0.832243443101951,1.17817966844437
MHAS,education,death_post,(Intercept),-3.72463395017564,0.230547825888525,-16.155580456337,1.03737472398052e-58,0.024121928638677,0.0153520281150582,0.0379016659485333
MHAS,education,death_post,sesmiddle,-0.240701943852441,0.384963898841067,-0.62525848417754,0.531801422966045,0.786075886225656,0.369637979694249,1.67167697274119
MHAS,education,death_post,seslow,-0.0367918652645953,0.16437657805978,-0.223826689293988,0.822892161726477,0.963876730701206,0.698395332046175,1.33027571828877
MHAS,education,death_post,"ns(age_model, knots = c(70, 80, 90), Boundary.knots = c(60, 95))1",1.12071757917253,0.161202570856325,6.95223142670221,3.59552915069374e-12,3.06705426810207,2.2361609642563,4.20668370204361
MHAS,education,death_post,"ns(age_model, knots = c(70, 80, 90), Boundary.knots = c(60, 95))2",2.61859961381782,0.184165062984612,14.218764250832,7.00795172657002e-46,13.7165017297188,9.56046236437332,19.6792176498162
MHAS,education,death_post,"ns(age_model, knots = c(70, 80, 90), Boundary.knots = c(60, 95))3",3.43833523350288,0.348170403772741,9.87543799313615,5.32000337156938e-23,31.1350823577404,15.7355304608404,61.6053812634864
MHAS,education,death_post,"ns(age_model, knots = c(70, 80, 90), Boundary.knots = c(60, 95))4",1.73481543718934,0.233775674905535,7.42085521896302,1.16366467108022e-13,5.6678816271017,3.58448609239532,8.96220024594089
MHAS,education,death_post,origin_factorR1,-0.608013655660835,0.0807483573139185,-7.52973405139515,5.08437724344196e-14,0.544431223620317,0.464738481957412,0.637789571468881
MHAS,education,death_post,origin_factorD2,0.016355052335063,0.108119984186631,0.151267616787955,0.87976461335707,1.01648952832384,0.822373903696929,1.25642479235675
MHAS,education,death_post,sex_factormale,0.249062821003682,0.0624056920226812,3.99102730746357,6.57877040302299e-05,1.282822618743,1.13513054806342,1.44973093532386
MHAS,education,death_post,period_factor3,-0.356931111753809,0.112103402922185,-3.18394537944193,0.00145282423484416,0.699820705495168,0.561775046988464,0.871788489832678
MHAS,education,death_post,period_factor4,-0.531548839112319,0.112980489045307,-4.70478437121264,2.54134410331088e-06,0.587694020918253,0.470956004684778,0.73336842250103
MHAS,education,death_post,period_factor5,-0.410801777307093,0.111181359704361,-3.69487995469245,0.000219990699114087,0.663118363681652,0.533275425594477,0.824575712937906
MHAS,wealth,onset,(Intercept),-3.44864127810426,0.0838419439262015,-41.1326493233481,0,0.0317887991857947,0.0269715819348176,0.037466387997446
MHAS,wealth,onset,sesmiddle,-0.0817594445144005,0.0509535999615695,-1.60458622307483,0.108584895324477,0.921493602377475,0.833911080478271,1.01827458478619
MHAS,wealth,onset,seslow,0.114263621594146,0.0498160429568042,2.29371131892642,0.0218070861560861,1.12104761829347,1.01676312794756,1.23602806586656
MHAS,wealth,onset,"ns(age_model, knots = c(70, 80, 90), Boundary.knots = c(60, 95))1",1.06919976168864,0.105054930483851,10.177530523929,2.49820665328932e-24,2.91304743483734,2.3709532700825,3.57908587431464
MHAS,wealth,onset,"ns(age_model, knots = c(70, 80, 90), Boundary.knots = c(60, 95))2",1.24625386641675,0.180529338491944,6.90333148521651,5.07969067871037e-12,3.4772921268317,2.44102092327181,4.95348500295475
MHAS,wealth,onset,"ns(age_model, knots = c(70, 80, 90), Boundary.knots = c(60, 95))3",1.43263403409943,0.260487094324899,5.4998273055038,3.80163401683703e-08,4.18972053701311,2.51451345913047,6.98097602720313
MHAS,wealth,onset,"ns(age_model, knots = c(70, 80, 90), Boundary.knots = c(60, 95))4",1.26810333155727,0.341523065778967,3.71308253708983,0.00020475007569817,3.5541052064425,1.81978456395779,6.9412962768458
MHAS,wealth,onset,sex_factormale,-0.432565841408474,0.0422525363902362,-10.2376301723849,1.34490224173066e-24,0.648842131048242,0.597273102102403,0.704863670473887
MHAS,wealth,onset,period_factor2,-16.4270569711354,331.071306112455,-0.0496178819119879,0.960426896478055,7.34209168557653e-08,1.12780686983468e-289,4.77974658261478e+274
MHAS,wealth,onset,period_factor3,0.193318581094355,0.0694968325436887,2.78168909313711,0.00540768176967383,1.21326925660345,1.0587667520187,1.39031782610519
MHAS,wealth,onset,period_factor4,0.0541342875038548,0.0718358893418906,0.753582756471656,0.451099801680562,1.05562635006493,0.916985099897565,1.21522911449259
MHAS,wealth,onset,period_factor5,0.0936883582015082,0.0696738776152317,1.34466978741867,0.178731895489484,1.09821744212306,0.958033587194044,1.25891363967288
MHAS,wealth,recovery,(Intercept),-0.320308634211933,0.0862544030336599,-3.71353372055611,0.00020438521725164,0.725924957219021,0.61301414752161,0.859632759935384
MHAS,wealth,recovery,sesmiddle,-0.315850399931045,0.0538710614249676,-5.86308106015261,4.54356271018892e-09,0.729168525670289,0.656102875238135,0.810370993474469
MHAS,wealth,recovery,seslow,0.0329230530896264,0.051950525356807,0.633738597704335,0.52625143106131,1.03347101378025,0.933420039245959,1.14424620365639
MHAS,wealth,recovery,"ns(age_model, knots = c(70, 80, 90), Boundary.knots = c(60, 95))1",-0.572846304923881,0.108408276839711,-5.28415653881185,1.26285234351304e-07,0.563918069475423,0.455970790459308,0.697420965848618
MHAS,wealth,recovery,"ns(age_model, knots = c(70, 80, 90), Boundary.knots = c(60, 95))2",-1.41667797409908,0.188515154904937,-7.5149288385513,5.69418985361419e-14,0.242518332360493,0.167601242460512,0.350923063978908
MHAS,wealth,recovery,"ns(age_model, knots = c(70, 80, 90), Boundary.knots = c(60, 95))3",-1.85706023229399,0.255616827875422,-7.26501556149134,3.7299532897297e-13,0.156130945078784,0.094602704462936,0.257676269928887
MHAS,wealth,recovery,"ns(age_model, knots = c(70, 80, 90), Boundary.knots = c(60, 95))4",-0.932615017477415,0.329213123503359,-2.83286099762028,0.00461334421682908,0.393523293389602,0.206413727259929,0.750243622340042
MHAS,wealth,recovery,origin_factorD2,-0.0126771495198773,0.074363962056179,-0.170474369161506,0.864637089757364,0.987402867055827,0.853482265817842,1.14233705950037
MHAS,wealth,recovery,sex_factormale,0.116791105005842,0.0444301439029796,2.62864566139768,0.00857256332928404,1.1238846312938,1.03015370880387,1.22614387897998
MHAS,wealth,recovery,period_factor2,-18.3102628236667,534.0640625735,-0.0342847686388687,0.972650070595223,1.11674468320562e-08,0,Inf
MHAS,wealth,recovery,period_factor3,-0.733817268276414,0.072414327297007,-10.1335922830114,3.91978602051821e-24,0.480072920804261,0.41654976122639,0.553283258669967
MHAS,wealth,recovery,period_factor4,-0.684643923738806,0.0721800439906636,-9.48522452864345,2.41861824898674e-21,0.504269756099747,0.437745840456082,0.580903262614578
MHAS,wealth,recovery,period_factor5,-0.919576502056243,0.0733696142628134,-12.5334787608706,4.8966735940455e-36,0.398687848821303,0.345286439843155,0.460348228184002
MHAS,wealth,relapse,(Intercept),-20.0052808619595,963.914355407701,-0.0207542099043623,0.98344172506509,2.0502976443707e-09,0,Inf
MHAS,wealth,relapse,sesmiddle,-0.152087655555717,0.0945915098817876,-1.60783621855475,0.107871053799227,0.858912988945941,0.713561240293266,1.03387275109961
MHAS,wealth,relapse,seslow,-0.11446213148358,0.0924823457462021,-1.2376646651859,0.215840426186729,0.891845710652607,0.743990116027819,1.06908513228113
MHAS,wealth,relapse,"ns(age_model, knots = c(70, 80, 90), Boundary.knots = c(60, 95))1",1.08464187042416,0.182893886756035,5.93044354659586,3.02117444812367e-09,2.95838014557397,2.06714794396239,4.23385907684483
MHAS,wealth,relapse,"ns(age_model, knots = c(70, 80, 90), Boundary.knots = c(60, 95))2",0.60638796682969,0.28247273934957,2.14671323054386,0.0318161188111663,1.83379569093454,1.05415700244725,3.19004344541017
MHAS,wealth,relapse,"ns(age_model, knots = c(70, 80, 90), Boundary.knots = c(60, 95))3",2.19561501123283,0.401002345241153,5.47531713290215,4.36728758264283e-08,8.98552555698081,4.09452376795386,19.7189402506517
MHAS,wealth,relapse,"ns(age_model, knots = c(70, 80, 90), Boundary.knots = c(60, 95))4",1.78717105518308,0.36272921044969,4.92701167619627,8.34967670544053e-07,5.97253257986881,2.93357496161583,12.1596161285568
MHAS,wealth,relapse,sex_factormale,-0.271754175345924,0.0796320055480218,-3.41262503029694,0.000643404047332853,0.762041566671248,0.651920337531749,0.890764278858671
MHAS,wealth,relapse,period_factor3,17.5293137710084,963.914347791319,0.0181855512485881,0.98549082916512,41009478.0953043,0,Inf
MHAS,wealth,relapse,period_factor4,17.5229458212373,963.914344532527,0.0181789449660442,0.985496099344749,40749161.519764,0,Inf
MHAS,wealth,relapse,period_factor5,17.340509061365,963.91434388387,0.0179896784101121,0.985647087515598,33953722.8010939,0,Inf
MHAS,wealth,death_pre,(Intercept),-5.36771829136512,0.134082101547279,-40.0330710021904,0,0.00466476280625744,0.00358671258532813,0.00606684018330734
MHAS,wealth,death_pre,sesmiddle,0.149830203640466,0.0718635938546842,2.08492500310294,0.037076108687797,1.16163698425085,1.00901797883881,1.33734037596862
MHAS,wealth,death_pre,seslow,0.190924404700463,0.0729329827146275,2.61780606790089,0.0088497084431165,1.21036795049503,1.04914522224601,1.39636586482211
MHAS,wealth,death_pre,"ns(age_model, knots = c(70, 80, 90), Boundary.knots = c(60, 95))1",1.66346905950535,0.142450424413313,11.6775296834419,1.66051345141497e-31,5.27758738960589,3.99189568723341,6.97736885861129
MHAS,wealth,death_pre,"ns(age_model, knots = c(70, 80, 90), Boundary.knots = c(60, 95))2",2.76878657271329,0.199908458363566,13.8502722464989,1.26730856313276e-43,15.9392811118697,10.772170407616,23.5849111877755
MHAS,wealth,death_pre,"ns(age_model, knots = c(70, 80, 90), Boundary.knots = c(60, 95))3",4.49950335261272,0.296580632352914,15.1712649504995,5.48102294278257e-52,89.9724356273648,50.3100728840385,160.902950615453
MHAS,wealth,death_pre,"ns(age_model, knots = c(70, 80, 90), Boundary.knots = c(60, 95))4",2.71720259144297,0.273405677847041,9.93835465612797,2.83470405377151e-23,15.1379160230255,8.85805719949514,25.8698376358682
MHAS,wealth,death_pre,sex_factormale,0.472505770086818,0.0602853655905198,7.83781877174387,4.58440011341322e-15,1.60400843809276,1.42524888345937,1.8051886230761
MHAS,wealth,death_pre,period_factor3,-0.199126456757256,0.0912321688881354,-2.18263425263314,0.029062755241869,0.819446262263568,0.685270582492662,0.979893481338699
MHAS,wealth,death_pre,period_factor4,-0.329584387394418,0.0942551752604909,-3.49672457224288,0.000471007860379916,0.719222589297824,0.597904324142216,0.865157036116746
MHAS,wealth,death_pre,period_factor5,-0.01877265619211,0.0884411914324627,-0.212261457450464,0.831903062781579,0.981402452653392,0.825209990249625,1.16715840265426
MHAS,wealth,death_post,(Intercept),-3.84135883418304,0.175125188411361,-21.9349304861837,1.20622146863265e-106,0.0214644149390995,0.0152282320306907,0.0302544056164438
MHAS,wealth,death_post,sesmiddle,0.0308516778033899,0.0778576074719754,0.396257717198603,0.691914916395208,1.03133252303632,0.885370362476922,1.20135800581442
MHAS,wealth,death_post,seslow,0.189542252003094,0.0754150245718037,2.51332215403084,0.0119600063570638,1.20869619274582,1.0426116881229,1.40123739547608
MHAS,wealth,death_post,"ns(age_model, knots = c(70, 80, 90), Boundary.knots = c(60, 95))1",1.12614616523145,0.16132178251359,6.98074461913771,2.93619628507309e-12,3.08374931038112,2.24780789294503,4.23057052122762
MHAS,wealth,death_post,"ns(age_model, knots = c(70, 80, 90), Boundary.knots = c(60, 95))2",2.62369956117254,0.184401193975424,14.2282135197141,6.12259461137946e-46,13.7866338494824,9.60489842535871,19.7889935408241
MHAS,wealth,death_post,"ns(age_model, knots = c(70, 80, 90), Boundary.knots = c(60, 95))3",3.47419382999561,0.348404702060333,9.9717191227631,2.02689686177099e-23,32.2718014885597,16.3025349472524,63.8838790830215
MHAS,wealth,death_post,"ns(age_model, knots = c(70, 80, 90), Boundary.knots = c(60, 95))4",1.74228520399763,0.234567276819207,7.42765669458875,1.10538399941469e-13,5.71037790218737,3.60576279304523,9.04341679066764
MHAS,wealth,death_post,origin_factorR1,-0.605328945562295,0.0807149497408981,-7.49958895477793,6.40182654083869e-14,0.545894827421186,0.466018359737413,0.639462279497144
MHAS,wealth,death_post,origin_factorD2,0.0346130153386226,0.107919081190194,0.320731190044339,0.748414108749464,1.03521901739301,0.837856542244255,1.27907148770551
MHAS,wealth,death_post,sex_factormale,0.241530746322057,0.0623036425114317,3.87667135637759,0.000105895238991736,1.27319660042845,1.12683814280254,1.43856470753726
MHAS,wealth,death_post,period_factor3,-0.364427104814865,0.112104111410154,-3.25079160996637,0.00115084178460653,0.694594466739319,0.557578954541862,0.865279202693895
MHAS,wealth,death_post,period_factor4,-0.546198143969965,0.112914740676958,-4.83726164268138,1.31640098239944e-06,0.579147465433071,0.464166926670628,0.72261026679214
MHAS,wealth,death_post,period_factor5,-0.427360494613773,0.111037487645994,-3.84879470594896,0.000118700432277453,0.652228385022441,0.524665705621436,0.810805550412559
