age,state,probability_start,probability_end,half_cycle_occupancy,cohort,exposure,ses
60,I0,1,0.975634969622812,0.987817484811406,CHARLS,education,high
60,D1,0,0.0208293531412815,0.0104146765706407,CHARLS,education,high
60,R1,0,0,0,CHARLS,education,high
60,D2,0,0,0,CHARLS,education,high
60,DEAD,0,0.00353567723590617,0.00176783861795309,CHARLS,education,high
61,I0,0.975634969622812,0.95050517466708,0.963070072144946,CHARLS,education,high
61,D1,0.0208293531412815,0.0375241746594257,0.0291767639003536,CHARLS,education,high
61,R1,0,0.00414701556302568,0.00207350778151284,CHARLS,education,high
61,D2,0,0,0,CHARLS,education,high
61,DEAD,0.00353567723590617,0.00782363511046844,0.0056796561731873,CHARLS,education,high
62,I0,0.95050517466708,0.924602766608045,0.937553970637562,CHARLS,education,high
62,D1,0.0375241746594257,0.0510166709494105,0.0442704228044181,CHARLS,education,high
62,R1,0.00414701556302568,0.0110104901746819,0.00757875286885378,CHARLS,education,high
62,D2,0,0.000455999356305395,0.000227999678152697,CHARLS,education,high
62,DEAD,0.00782363511046844,0.0129140729115576,0.010368854011013,CHARLS,education,high
63,I0,0.924602766608045,0.897927554746572,0.911265160677308,CHARLS,education,high
63,D1,0.0510166709494105,0.0620148138513808,0.0565157424003956,CHARLS,education,high
63,R1,0.0110104901746819,0.0196178959331187,0.0153141930539003,CHARLS,education,high
63,D2,0.000455999356305395,0.0015779097479309,0.00101695455211815,CHARLS,education,high
63,DEAD,0.0129140729115576,0.0188618257209979,0.0158879493162778,CHARLS,education,high
64,I0,0.897927554746572,0.870489088429084,0.884208321587828,CHARLS,education,high
64,D1,0.0620148138513808,0.071058435531737,0.0665366246915589,CHARLS,education,high
64,R1,0.0196178959331187,0.0292932561973044,0.0244555760652116,CHARLS,education,high
64,D2,0.0015779097479309,0.00343462551141094,0.00250626762967092,CHARLS,education,high
64,DEAD,0.0188618257209979,0.0257245943304641,0.022293210025731,CHARLS,education,high
65,I0,0.870489088429084,0.842308931549705,0.856399009989394,CHARLS,education,high
65,D1,0.071058435531737,0.0785601220861393,0.0748092788089381,CHARLS,education,high
65,R1,0.0292932561973044,0.0395505089362213,0.0344218825667629,CHARLS,education,high
65,D2,0.00343462551141094,0.00601922293366082,0.00472692422253588,CHARLS,education,high
65,DEAD,0.0257245943304641,0.0335612144942738,0.0296429044123689,CHARLS,education,high
66,I0,0.842308931549705,0.813423018830684,0.827865975190194,CHARLS,education,high
66,D1,0.0785601220861393,0.0848352536510228,0.0816976878685811,CHARLS,education,high
66,R1,0.0395505089362213,0.0500229224865032,0.0447867157113622,CHARLS,education,high
66,D2,0.00601922293366082,0.00928875678425478,0.0076539898589578,CHARLS,education,high
66,DEAD,0.0335612144942738,0.0424300482475353,0.0379956313709045,CHARLS,education,high
67,I0,0.813423018830684,0.783883932630769,0.798653475730727,CHARLS,education,high
67,D1,0.0848352536510228,0.0901241937840159,0.0874797237175194,CHARLS,education,high
67,R1,0.0500229224865032,0.060416356307482,0.0552196393969926,CHARLS,education,high
67,D2,0.00928875678425478,0.0131878726366284,0.0112383147104416,CHARLS,education,high
67,DEAD,0.0424300482475353,0.0523876446411041,0.0474088464443197,CHARLS,education,high
68,I0,0.783883932630769,0.753762889085181,0.768823410857975,CHARLS,education,high
68,D1,0.0901241937840159,0.0946087190879918,0.0923664564360038,CHARLS,education,high
68,R1,0.060416356307482,0.070478424448871,0.0654473903781765,CHARLS,education,high
68,D2,0.0131878726366284,0.017662084667876,0.0154249786522522,CHARLS,education,high
68,DEAD,0.0523876446411041,0.0634878827100804,0.0579377636755922,CHARLS,education,high
69,I0,0.753762889085181,0.723151181726296,0.738457035405738,CHARLS,education,high
69,D1,0.0946087190879918,0.0984241530364685,0.0965164360622301,CHARLS,education,high
69,R1,0.070478424448871,0.0799784077749919,0.0752284161119315,CHARLS,education,high
69,D2,0.017662084667876,0.0226643901398625,0.0201632374038693,CHARLS,education,high
69,DEAD,0.0634878827100804,0.0757818673223807,0.0696348750162305,CHARLS,education,high
70,I0,0.723151181726296,0.692160809843453,0.707655995784875,CHARLS,education,high
70,D1,0.0984241530364685,0.101668230726774,0.100046191881621,CHARLS,education,high
70,R1,0.0799784077749919,0.0886946063991858,0.0843365070870888,CHARLS,education,high
70,D2,0.0226643901398625,0.0281574658391806,0.0254109279895216,CHARLS,education,high
70,DEAD,0.0757818673223807,0.0893188871914068,0.0825503772568937,CHARLS,education,high
71,I0,0.692160809843453,0.660919022237248,0.67653991604035,CHARLS,education,high
71,D1,0.101668230726774,0.104407036816307,0.103037633771541,CHARLS,education,high
71,R1,0.0886946063991858,0.0964152321449486,0.0925549192720672,CHARLS,education,high
71,D2,0.0281574658391806,0.0341067747029146,0.0311321202710476,CHARLS,education,high
71,DEAD,0.0893188871914068,0.104151934098582,0.0967354106449945,CHARLS,education,high
72,I0,0.660919022237248,0.629545800296975,0.645232411267111,CHARLS,education,high
72,D1,0.104407036816307,0.106678370005948,0.105542703411128,CHARLS,education,high
72,R1,0.0964152321449486,0.102972166844731,0.09969369949484,CHARLS,education,high
72,D2,0.0341067747029146,0.0404496010072152,0.0372781878550649,CHARLS,education,high
72,DEAD,0.104151934098582,0.12035406184513,0.112252997971856,CHARLS,education,high
73,I0,0.629545800296975,0.598145363484003,0.613845581890489,CHARLS,education,high
73,D1,0.106678370005948,0.108495824050092,0.10758709702802,CHARLS,education,high
73,R1,0.102972166844731,0.10825421447075,0.105613190657741,CHARLS,education,high
73,D2,0.0404496010072152,0.0470800209847844,0.0437648109959998,CHARLS,education,high
73,DEAD,0.12035406184513,0.138024577010371,0.12918931942775,CHARLS,education,high
74,I0,0.598145363484003,0.566803801479441,0.582474582481722,CHARLS,education,high
74,D1,0.108495824050092,0.10985272245644,0.109174273253266,CHARLS,education,high
74,R1,0.10825421447075,0.1122100996116,0.110232157041175,CHARLS,education,high
74,D2,0.0470800209847844,0.053843317695793,0.0504616693402887,CHARLS,education,high
74,DEAD,0.138024577010371,0.157290058756726,0.147657317883548,CHARLS,education,high
75,I0,0.566803801479441,0.53558782151107,0.551195811495256,CHARLS,education,high
75,D1,0.10985272245644,0.110725726196817,0.110289224326628,CHARLS,education,high
75,R1,0.1122100996116,0.114848394919347,0.113529247265474,CHARLS,education,high
75,D2,0.053843317695793,0.0605349676737778,0.0571891426847854,CHARLS,education,high
75,DEAD,0.157290058756726,0.178303089698988,0.167796574227857,CHARLS,education,high
76,I0,0.53558782151107,0.504544353182461,0.520066087346766,CHARLS,education,high
76,D1,0.110725726196817,0.111078372316822,0.110902049256819,CHARLS,education,high
76,R1,0.114848394919347,0.116233106985613,0.11554075095248,CHARLS,education,high
76,D2,0.0605349676737778,0.0669056778918543,0.063720322782816,CHARLS,education,high
76,DEAD,0.178303089698988,0.20123848962325,0.189770789661119,CHARLS,education,high
77,I0,0.504544353182461,0.473700717977201,0.489122535579831,CHARLS,education,high
77,D1,0.111078372316822,0.110864786128864,0.110971579222843,CHARLS,education,high
77,R1,0.116233106985613,0.11647438676684,0.116353746876227,CHARLS,education,high
77,D2,0.0669056778918543,0.0726732169854658,0.06978944743866,CHARLS,education,high
77,DEAD,0.20123848962325,0.226286892141629,0.213762690882439,CHARLS,education,high
78,I0,0.473700717977201,0.443065080373218,0.458382899175209,CHARLS,education,high
78,D1,0.110864786128864,0.110033756685617,0.110449271407241,CHARLS,education,high
78,R1,0.11647438676684,0.115714798861474,0.116094592814157,CHARLS,education,high
78,D2,0.0726732169854658,0.0775407700326394,0.0751069935090526,CHARLS,education,high
78,DEAD,0.226286892141629,0.253645594047052,0.23996624309434,CHARLS,education,high
79,I0,0.443065080373218,0.412626942947758,0.427846011660488,CHARLS,education,high
79,D1,0.110033756685617,0.108533270971018,0.109283513828318,CHARLS,education,high
79,R1,0.115714798861474,0.114112537867465,0.114913668364469,CHARLS,education,high
79,D2,0.0775407700326394,0.0812204689905311,0.0793806195115852,CHARLS,education,high
79,DEAD,0.253645594047052,0.283506779223228,0.26857618663514,CHARLS,education,high
80,I0,0.412626942947758,0.382357527173774,0.397492235060766,CHARLS,education,high
80,D1,0.108533270971018,0.106315463660829,0.107424367315924,CHARLS,education,high
80,R1,0.114112537867465,0.111823647364634,0.112968092616049,CHARLS,education,high
80,D2,0.0812204689905311,0.0834598649498533,0.0823401669701922,CHARLS,education,high
80,DEAD,0.283506779223228,0.316043496850909,0.299775138037069,CHARLS,education,high
81,I0,0.382357527173774,0.352228550482363,0.367293038828069,CHARLS,education,high
81,D1,0.106315463660829,0.103339464993258,0.104827464327043,CHARLS,education,high
81,R1,0.111823647364634,0.108962850563749,0.110393248964191,CHARLS,education,high
81,D2,0.0834598649498533,0.0840905371237799,0.0837752010368166,CHARLS,education,high
81,DEAD,0.316043496850909,0.351378596836852,0.33371104684388,CHARLS,education,high
82,I0,0.352228550482363,0.322288847192956,0.337258698837659,CHARLS,education,high
82,D1,0.103339464993258,0.099569373631876,0.101454419312567,CHARLS,education,high
82,R1,0.108962850563749,0.105522380893129,0.107242615728439,CHARLS,education,high
82,D2,0.0840905371237799,0.0831183713564491,0.0836044542401145,CHARLS,education,high
82,DEAD,0.351378596836852,0.389501026925591,0.370439811881221,CHARLS,education,high
83,I0,0.322288847192956,0.292685830177744,0.30748733868535,CHARLS,education,high
83,D1,0.099569373631876,0.0949862290220226,0.0972778013269493,CHARLS,education,high
83,R1,0.105522380893129,0.101414847612346,0.103468614252737,CHARLS,education,high
83,D2,0.0831183713564491,0.0806922077909653,0.0819052895737072,CHARLS,education,high
83,DEAD,0.389501026925591,0.430220885396922,0.409860956161256,CHARLS,education,high
84,I0,0.292685830177744,0.263664270799304,0.278175050488524,CHARLS,education,high
84,D1,0.0949862290220226,0.0896033605895135,0.0922947948057681,CHARLS,education,high
84,R1,0.101414847612346,0.0965378238661816,0.0989763357392638,CHARLS,education,high
84,D2,0.0806922077909653,0.0770494254086375,0.0788708165998014,CHARLS,education,high
84,DEAD,0.430220885396922,0.473145119336364,0.451683002366643,CHARLS,education,high
85,I0,0.263664270799304,0.235556080074482,0.249610175436893,CHARLS,education,high
85,D1,0.0896033605895135,0.0834794734346919,0.0865414170121027,CHARLS,education,high
85,R1,0.0965378238661816,0.0908217588879874,0.0936797913770845,CHARLS,education,high
85,D2,0.0770494254086375,0.0724740281477406,0.074761726778189,CHARLS,education,high
85,DEAD,0.473145119336364,0.517668659455098,0.495406889395731,CHARLS,education,high
86,I0,0.235556080074482,0.20875652472096,0.222156302397721,CHARLS,education,high
86,D1,0.0834794734346919,0.0767269896811773,0.0801032315579346,CHARLS,education,high
86,R1,0.0908217588879874,0.0842607788006893,0.0875412688443384,CHARLS,education,high
86,D2,0.0724740281477406,0.0672652340150015,0.069869631081371,CHARLS,education,high
86,DEAD,0.517668659455098,0.562990472782172,0.540329566118635,CHARLS,education,high
87,I0,0.20875652472096,0.183685350529087,0.196220937625023,CHARLS,education,high
87,D1,0.0767269896811773,0.0695128408704558,0.0731199152758166,CHARLS,education,high
87,R1,0.0842607788006893,0.0769266424995676,0.0805937106501285,CHARLS,education,high
87,D2,0.0672652340150015,0.0617144038811716,0.0644898189480865,CHARLS,education,high
87,DEAD,0.562990472782172,0.608160762219718,0.585575617500945,CHARLS,education,high
88,I0,0.183685350529087,0.160736396075785,0.172210873302436,CHARLS,education,high
88,D1,0.0695128408704558,0.0620496252660089,0.0657812330682324,CHARLS,education,high
88,R1,0.0769266424995676,0.0689667269925846,0.0729466847460761,CHARLS,education,high
88,D2,0.0617144038811716,0.0560887144698757,0.0589015591755237,CHARLS,education,high
88,DEAD,0.608160762219718,0.652158537195746,0.630159649707732,CHARLS,education,high
89,I0,0.160736396075785,0.140224867676146,0.150480631875965,CHARLS,education,high
89,D1,0.0620496252660089,0.0545769900021438,0.0583133076340763,CHARLS,education,high
89,R1,0.0689667269925846,0.0605881254653519,0.0647774262289682,CHARLS,education,high
89,D2,0.0560887144698757,0.0506204925945799,0.0533546035322278,CHARLS,education,high
89,DEAD,0.652158537195746,0.693989524261779,0.673074030728762,CHARLS,education,high
90,I0,0.140224867676146,0.122344673041366,0.131284770358756,CHARLS,education,high
90,D1,0.0545769900021438,0.0473358833457137,0.0509564366739287,CHARLS,education,high
90,R1,0.0605881254653519,0.0520316280015856,0.0563098767334688,CHARLS,education,high
90,D2,0.0506204925945799,0.0455013691527123,0.0480609308736461,CHARLS,education,high
90,DEAD,0.693989524261779,0.732786446458622,0.713387985360201,CHARLS,education,high
91,I0,0.122344673041366,0.107125568439663,0.114735120740515,CHARLS,education,high
91,D1,0.0473358833457137,0.0405400882091359,0.0439379857774248,CHARLS,education,high
91,R1,0.0520316280015856,0.0435509989961323,0.0477913134988589,CHARLS,education,high
91,D2,0.0455013691527123,0.0408644255098713,0.0431828973312918,CHARLS,education,high
91,DEAD,0.732786446458622,0.767918918845198,0.75035268265191,CHARLS,education,high
92,I0,0.107125568439663,0.0943842359469562,0.10075490219331,CHARLS,education,high
92,D1,0.0405400882091359,0.0343491706517254,0.0374446294304306,CHARLS,education,high
92,R1,0.0435509989961323,0.0354162811608027,0.0394836400784675,CHARLS,education,high
92,D2,0.0408644255098713,0.0367329915925112,0.0387987085511913,CHARLS,education,high
92,DEAD,0.767918918845198,0.799117320648005,0.783518119746601,CHARLS,education,high
93,I0,0.0943842359469562,0.0838076188026566,0.0890959273748064,CHARLS,education,high
93,D1,0.0343491706517254,0.028854145895326,0.0316016582735257,CHARLS,education,high
93,R1,0.0354162811608027,0.0278820697292817,0.0316491754450422,CHARLS,education,high
93,D2,0.0367329915925112,0.0330428039778398,0.0348878977851755,CHARLS,education,high
93,DEAD,0.799117320648005,0.826413361594896,0.81276534112145,CHARLS,education,high
94,I0,0.0838076188026566,0.075041404261538,0.0794245115320973,CHARLS,education,high
94,D1,0.028854145895326,0.0240815953498052,0.0264678706225656,CHARLS,education,high
94,R1,0.0278820697292817,0.0211629889278324,0.024522529328557,CHARLS,education,high
94,D2,0.0330428039778398,0.0296763905171174,0.0313595972474786,CHARLS,education,high
94,DEAD,0.826413361594896,0.850037620943707,0.838225491269302,CHARLS,education,high
95,I0,0.075041404261538,0.0677442876887286,0.0713928459751333,CHARLS,education,high
95,D1,0.0240815953498052,0.020008503240763,0.0220450492952841,CHARLS,education,high
95,R1,0.0211629889278324,0.0154193707441458,0.0182911798359891,CHARLS,education,high
95,D2,0.0296763905171174,0.0264951126879539,0.0280857516025356,CHARLS,education,high
95,DEAD,0.850037620943707,0.870332725638409,0.860185173291058,CHARLS,education,high
96,I0,0.0677442876887286,0.0611567515242441,0.0644505196064864,CHARLS,education,high
96,D1,0.020008503240763,0.0169057092545151,0.0184571062476391,CHARLS,education,high
96,R1,0.0154193707441458,0.0114113699118064,0.0134153703279761,CHARLS,education,high
96,D2,0.0264951126879539,0.0230615678722016,0.0247783402800777,CHARLS,education,high
96,DEAD,0.870332725638409,0.887464601437233,0.878898663537821,CHARLS,education,high
97,I0,0.0611567515242441,0.0552097953141578,0.058183273419201,CHARLS,education,high
97,D1,0.0169057092545151,0.0144884127322855,0.0156970609934003,CHARLS,education,high
97,R1,0.0114113699118064,0.00857908174511152,0.00999522582845897,CHARLS,education,high
97,D2,0.0230615678722016,0.0197298432109999,0.0213957055416007,CHARLS,education,high
97,DEAD,0.887464601437233,0.901992866997445,0.894728734217339,CHARLS,education,high
98,I0,0.0552097953141578,0.0498411282918265,0.0525254618029922,CHARLS,education,high
98,D1,0.0144884127322855,0.0125626712560466,0.013525541994166,CHARLS,education,high
98,R1,0.00857908174511152,0.0065504478224214,0.00756476478376646,CHARLS,education,high
98,D2,0.0197298432109999,0.0166773611820453,0.0182036021965226,CHARLS,education,high
98,DEAD,0.901992866997445,0.91436839144766,0.908180629222553,CHARLS,education,high
99,I0,0.0498411282918265,0.0449945169198134,0.0474178226058199,CHARLS,education,high
99,D1,0.0125626712560466,0.0109956165516653,0.011779143903856,CHARLS,education,high
99,R1,0.0065504478224214,0.00507673303663707,0.00581359042952924,CHARLS,education,high
99,D2,0.0166773611820453,0.0139773995019193,0.0153273803419823,CHARLS,education,high
99,DEAD,0.91436839144766,0.924955733989965,0.919662062718812,CHARLS,education,high
60,I0,1,0.968045079341112,0.984022539670556,CHARLS,education,middle
60,D1,0,0.0287090749696595,0.0143545374848297,CHARLS,education,middle
60,R1,0,0,0,CHARLS,education,middle
60,D2,0,0,0,CHARLS,education,middle
60,DEAD,0,0.00324584568922825,0.00162292284461413,CHARLS,education,middle
61,I0,0.968045079341112,0.935478597062571,0.951761838201842,CHARLS,education,middle
61,D1,0.0287090749696595,0.0523037645410984,0.040506419755379,CHARLS,education,middle
61,R1,0,0.0051027091489911,0.00255135457449555,CHARLS,education,middle
61,D2,0,0,0,CHARLS,education,middle
61,DEAD,0.00324584568922825,0.00711492924733913,0.00518038746828369,CHARLS,education,middle
62,I0,0.935478597062571,0.902327751390986,0.918903174226779,CHARLS,education,middle
62,D1,0.0523037645410984,0.0717918558979661,0.0620478102195323,CHARLS,education,middle
62,R1,0.0051027091489911,0.0135313073643492,0.00931700825667016,CHARLS,education,middle
62,D2,0,0.000703024162059448,0.000351512081029724,CHARLS,education,middle
62,DEAD,0.00711492924733913,0.0116460611846392,0.00938049521598917,CHARLS,education,middle
63,I0,0.902327751390986,0.86862939847612,0.885478574933553,CHARLS,education,middle
63,D1,0.0717918558979661,0.0879631200379784,0.0798774879679722,CHARLS,education,middle
63,R1,0.0135313073643492,0.0240795028129483,0.0188054050886488,CHARLS,education,middle
63,D2,0.000703024162059448,0.00244816438035732,0.00157559427120838,CHARLS,education,middle
63,DEAD,0.0116460611846392,0.0168798142925961,0.0142629377386177,CHARLS,education,middle
64,I0,0.86862939847612,0.834431624864313,0.851530511670216,CHARLS,education,middle
64,D1,0.0879631200379784,0.10143981077965,0.0947014654088142,CHARLS,education,middle
64,R1,0.0240795028129483,0.0359099342694794,0.0299947185412139,CHARLS,education,middle
64,D2,0.00244816438035732,0.0053614889737559,0.00390482667705661,CHARLS,education,middle
64,DEAD,0.0168798142925961,0.0228571411128023,0.0198684777026992,CHARLS,education,middle
65,I0,0.834431624864313,0.799795331407728,0.81711347813602,CHARLS,education,middle
65,D1,0.10143981077965,0.112714274628351,0.107077042704,CHARLS,education,middle
65,R1,0.0359099342694794,0.0484212282714562,0.0421655812704678,CHARLS,education,middle
65,D2,0.0053614889737559,0.00945108675704572,0.00740628786540081,CHARLS,education,middle
65,DEAD,0.0228571411128023,0.029618078935419,0.0262376100241107,CHARLS,education,middle
66,I0,0.799795331407728,0.764795707079113,0.782295519243421,CHARLS,education,middle
66,D1,0.112714274628351,0.122177186152165,0.117445730390258,CHARLS,education,middle
66,R1,0.0484212282714562,0.0611602992905077,0.054790763780982,CHARLS,education,middle
66,D2,0.00945108675704572,0.0146661596395229,0.0120586231982843,CHARLS,education,middle
66,DEAD,0.029618078935419,0.0372006478386912,0.0334093633870551,CHARLS,education,middle
67,I0,0.764795707079113,0.729523434713341,0.747159570896227,CHARLS,education,middle
67,D1,0.122177186152165,0.130138879080645,0.126158032616405,CHARLS,education,middle
67,R1,0.0611602992905077,0.0737646123004343,0.067462455795471,CHARLS,education,middle
67,D2,0.0146661596395229,0.0209329722648869,0.0177995659522049,CHARLS,education,middle
67,DEAD,0.0372006478386912,0.0456401016406932,0.0414203747396922,CHARLS,education,middle
68,I0,0.729523434713341,0.694085440351998,0.711804437532669,CHARLS,education,middle
68,D1,0.130138879080645,0.136845519759663,0.133492199420154,CHARLS,education,middle
68,R1,0.0737646123004343,0.0859244363200078,0.0798445243102211,CHARLS,education,middle
68,D2,0.0209329722648869,0.0281758589235471,0.024554415594217,CHARLS,education,middle
68,DEAD,0.0456401016406932,0.0549687446447844,0.0503044231427388,CHARLS,education,middle
69,I0,0.694085440351998,0.658604981208657,0.676345210780328,CHARLS,education,middle
69,D1,0.136845519759663,0.14249136038696,0.139668440073311,CHARLS,education,middle
69,R1,0.0859244363200078,0.0973586031071225,0.0916415197135652,CHARLS,education,middle
69,D2,0.0281758589235471,0.036328483386701,0.032252171155124,CHARLS,education,middle
69,DEAD,0.0549687446447844,0.0652165719105596,0.060092658277672,CHARLS,education,middle
70,I0,0.658604981208657,0.623220872580475,0.640912926894566,CHARLS,education,middle
70,D1,0.14249136038696,0.147227945141143,0.144859652764051,CHARLS,education,middle
70,R1,0.0973586031071225,0.107799593880935,0.102579098494029,CHARLS,education,middle
70,D2,0.036328483386701,0.0453385690430625,0.0408335262148817,CHARLS,education,middle
70,DEAD,0.0652165719105596,0.0764130193543842,0.0708147956324719,CHARLS,education,middle
71,I0,0.623220872580475,0.58808124051412,0.605651056547298,CHARLS,education,middle
71,D1,0.147227945141143,0.151170049295478,0.14919899721831,CHARLS,education,middle
71,R1,0.107799593880935,0.116996944376154,0.112398269128545,CHARLS,education,middle
71,D2,0.0453385690430625,0.0551590151663568,0.0502487921047097,CHARLS,education,middle
71,DEAD,0.0764130193543842,0.0885927506478909,0.0825028850011375,CHARLS,education,middle
72,I0,0.58808124051412,0.553322728062608,0.570701984288364,CHARLS,education,middle
72,D1,0.151170049295478,0.154397581439754,0.152783815367616,CHARLS,education,middle
72,R1,0.116996944376154,0.124766358949968,0.120881651663061,CHARLS,education,middle
72,D2,0.0551590151663568,0.0657029787872497,0.0604309969768033,CHARLS,education,middle
72,DEAD,0.0885927506478909,0.10181035276042,0.0952015517041555,CHARLS,education,middle
73,I0,0.553322728062608,0.519063461100682,0.536193094581645,CHARLS,education,middle
73,D1,0.154397581439754,0.156959448127131,0.155678514783443,CHARLS,education,middle
73,R1,0.124766358949968,0.131007584587092,0.12788697176853,CHARLS,education,middle
73,D2,0.0657029787872497,0.0768233580518776,0.0712631684195636,CHARLS,education,middle
73,DEAD,0.10181035276042,0.116146148133218,0.108978250446819,CHARLS,education,middle
74,I0,0.519063461100682,0.485401828655026,0.502232644877854,CHARLS,education,middle
74,D1,0.156959448127131,0.158877799929864,0.157918624028497,CHARLS,education,middle
74,R1,0.131007584587092,0.135706200416504,0.133356892501798,CHARLS,education,middle
74,D2,0.0768233580518776,0.0883064180721187,0.0825648880619981,CHARLS,education,middle
74,DEAD,0.116146148133218,0.131707752926487,0.123926950529853,CHARLS,education,middle
75,I0,0.485401828655026,0.452416379108593,0.46890910388181,CHARLS,education,middle
75,D1,0.158877799929864,0.1601519156491,0.159514857789482,CHARLS,education,middle
75,R1,0.135706200416504,0.138930195050391,0.137318197733447,CHARLS,education,middle
75,D2,0.0883064180721187,0.0998715660227978,0.0940889920474583,CHARLS,education,middle
75,DEAD,0.131707752926487,0.148629944169118,0.140168848547803,CHARLS,education,middle
76,I0,0.452416379108593,0.420166554518788,0.436291466813691,CHARLS,education,middle
76,D1,0.1601519156491,0.16076188292846,0.16045689928878,CHARLS,education,middle
76,R1,0.138930195050391,0.140820210854365,0.139875202952378,CHARLS,education,middle
76,D2,0.0998715660227978,0.11117862822866,0.105525097125729,CHARLS,education,middle
76,DEAD,0.148629944169118,0.167072723469727,0.157851333819423,CHARLS,education,middle
77,I0,0.420166554518788,0.388693974632326,0.404430264575557,CHARLS,education,middle
77,D1,0.16076188292846,0.160672264744293,0.160717073836377,CHARLS,education,middle
77,R1,0.140820210854365,0.141573542218719,0.141196876536542,CHARLS,education,middle
77,D2,0.11117862822866,0.121842769444831,0.116510698836745,CHARLS,education,middle
77,DEAD,0.167072723469727,0.187217448959831,0.177145086214779,CHARLS,education,middle
78,I0,0.388693974632326,0.358024010576946,0.373358992604636,CHARLS,education,middle
78,D1,0.160672264744293,0.1598359403542,0.160254102549247,CHARLS,education,middle
78,R1,0.141573542218719,0.14142326399005,0.141498403104384,CHARLS,education,middle
78,D2,0.121842769444831,0.131455890868027,0.126649330156429,CHARLS,education,middle
78,DEAD,0.187217448959831,0.209260894210778,0.198239171585305,CHARLS,education,middle
79,I0,0.358024010576946,0.32816744364394,0.343095727110443,CHARLS,education,middle
79,D1,0.1598359403542,0.158198277612224,0.159017108983212,CHARLS,education,middle
79,R1,0.14142326399005,0.140614828915979,0.141019046453015,CHARLS,education,middle
79,D2,0.131455890868027,0.139612337786423,0.135534114327225,CHARLS,education,middle
79,DEAD,0.209260894210778,0.233407112041434,0.221334003126106,CHARLS,education,middle
80,I0,0.32816744364394,0.29912208071412,0.31364476217903,CHARLS,education,middle
80,D1,0.158198277612224,0.155701729754881,0.156950003683552,CHARLS,education,middle
80,R1,0.140614828915979,0.139382781755634,0.139998805335807,CHARLS,education,middle
80,D2,0.139612337786423,0.145936354216016,0.142774346001219,CHARLS,education,middle
80,DEAD,0.233407112041434,0.25985705355935,0.246632082800392,CHARLS,education,middle
81,I0,0.29912208071412,0.270889112807824,0.285005596760972,CHARLS,education,middle
81,D1,0.155701729754881,0.15228884698256,0.15399528836872,CHARLS,education,middle
81,R1,0.139382781755634,0.137894510094808,0.138638645925221,CHARLS,education,middle
81,D2,0.145936354216016,0.150142881575341,0.148039617895679,CHARLS,education,middle
81,DEAD,0.25985705355935,0.288784648539467,0.274320851049408,CHARLS,education,middle
82,I0,0.270889112807824,0.243532459119619,0.257210785963721,CHARLS,education,middle
82,D1,0.15228884698256,0.147902192752843,0.150095519867702,CHARLS,education,middle
82,R1,0.137894510094808,0.136121486868289,0.137007998481548,CHARLS,education,middle
82,D2,0.150142881575341,0.152169786539501,0.151156334057421,CHARLS,education,middle
82,DEAD,0.288784648539467,0.320274074719748,0.304529361629607,CHARLS,education,middle
83,I0,0.243532459119619,0.217187318352813,0.230359888736216,CHARLS,education,middle
83,D1,0.147902192752843,0.142498371584753,0.145200282168798,CHARLS,education,middle
83,R1,0.136121486868289,0.13389062699387,0.135006056931079,CHARLS,education,middle
83,D2,0.152169786539501,0.152137483016487,0.152153634777994,CHARLS,education,middle
83,DEAD,0.320274074719748,0.354286200052077,0.337280137385912,CHARLS,education,middle
84,I0,0.217187318352813,0.192049236317813,0.204618277335313,CHARLS,education,middle
84,D1,0.142498371584753,0.136065500103982,0.139281935844368,CHARLS,education,middle
84,R1,0.13389062699387,0.130966886352859,0.132428756673364,CHARLS,education,middle
84,D2,0.152137483016487,0.150279907422778,0.151208695219633,CHARLS,education,middle
84,DEAD,0.354286200052077,0.390638469802568,0.372462334927323,CHARLS,education,middle
85,I0,0.192049236317813,0.168356975097322,0.180203105707568,CHARLS,education,middle
85,D1,0.136065500103982,0.128638869590051,0.132352184847017,CHARLS,education,middle
85,R1,0.130966886352859,0.127114230911546,0.129040558632202,CHARLS,education,middle
85,D2,0.150279907422778,0.146896695332425,0.148588301377602,CHARLS,education,middle
85,DEAD,0.390638469802568,0.428993229068656,0.409815849435612,CHARLS,education,middle
86,I0,0.168356975097322,0.146367573570891,0.157362274334107,CHARLS,education,middle
86,D1,0.128638869590051,0.120312417663898,0.124475643626975,CHARLS,education,middle
86,R1,0.127114230911546,0.122138538953363,0.124626384932455,CHARLS,education,middle
86,D2,0.146896695332425,0.142320835391735,0.14460876536208,CHARLS,education,middle
86,DEAD,0.428993229068656,0.468860634420113,0.448926931744384,CHARLS,education,middle
87,I0,0.146367573570891,0.126324515282811,0.136346044426851,CHARLS,education,middle
87,D1,0.120312417663898,0.111243190775153,0.115777804219525,CHARLS,education,middle
87,R1,0.122138538953363,0.115914883545223,0.119026711249293,CHARLS,education,middle
87,D2,0.142320835391735,0.136897029400108,0.139608932395922,CHARLS,education,middle
87,DEAD,0.468860634420113,0.509620380996706,0.48924050770841,CHARLS,education,middle
88,I0,0.126324515282811,0.108423167390494,0.117373841336652,CHARLS,education,middle
88,D1,0.111243190775153,0.101646473859689,0.106444832317421,CHARLS,education,middle
88,R1,0.115914883545223,0.108400303646566,0.112157593595894,CHARLS,education,middle
88,D2,0.136897029400108,0.130967583676354,0.133932306538231,CHARLS,education,middle
88,DEAD,0.509620380996706,0.550562471426898,0.530091426211802,CHARLS,education,middle
89,I0,0.108423167390494,0.0927803650112025,0.100601766200848,CHARLS,education,middle
89,D1,0.101646473859689,0.0917808652248436,0.0967136695422663,CHARLS,education,middle
89,R1,0.108400303646566,0.0996328541005533,0.10401657887356,CHARLS,education,middle
89,D2,0.130967583676354,0.124863752336848,0.127915668006601,CHARLS,education,middle
89,DEAD,0.550562471426898,0.590942163326553,0.570752317376725,CHARLS,education,middle
90,I0,0.0927803650112025,0.0794155478582658,0.0860979564347341,CHARLS,education,middle
90,D1,0.0917808652248436,0.0819249922929039,0.0868529287588737,CHARLS,education,middle
90,R1,0.0996328541005533,0.0897186242033122,0.0946757391519327,CHARLS,education,middle
90,D2,0.124863752336848,0.118900812273141,0.121882282304994,CHARLS,education,middle
90,DEAD,0.590942163326553,0.630040023372378,0.610491093349465,CHARLS,education,middle
91,I0,0.0794155478582658,0.0682346201294021,0.0738250839938339,CHARLS,education,middle
91,D1,0.0819249922929039,0.0723476039550504,0.0771362981239772,CHARLS,education,middle
91,R1,0.0897186242033122,0.0788362445571227,0.0842774343802175,CHARLS,education,middle
91,D2,0.118900812273141,0.113341160027373,0.116120986150257,CHARLS,education,middle
91,DEAD,0.630040023372378,0.667240371331053,0.648640197351715,CHARLS,education,middle
92,I0,0.0682346201294021,0.0590113767047036,0.0636229984170528,CHARLS,education,middle
92,D1,0.0723476039550504,0.0632715417936848,0.0678095728743676,CHARLS,education,middle
92,R1,0.0788362445571227,0.0673064246249815,0.0730713345910521,CHARLS,education,middle
92,D2,0.113341160027373,0.108265780805888,0.11080347041663,CHARLS,education,middle
92,DEAD,0.667240371331053,0.702144876070743,0.684692623700897,CHARLS,education,middle
93,I0,0.0590113767047036,0.0514524714990161,0.0552319241018598,CHARLS,education,middle
93,D1,0.0632715417936848,0.0548539222815789,0.0590627320376319,CHARLS,education,middle
93,R1,0.0673064246249815,0.0555660590436863,0.0614362418343339,CHARLS,education,middle
93,D2,0.108265780805888,0.103571659698815,0.105918720252352,CHARLS,education,middle
93,DEAD,0.702144876070743,0.734555887476904,0.718350381773823,CHARLS,education,middle
94,I0,0.0514524714990161,0.0452580046668331,0.0483552380829246,CHARLS,education,middle
94,D1,0.0548539222815789,0.0471852480120385,0.0510195851468087,CHARLS,education,middle
94,R1,0.0555660590436863,0.0441280114777828,0.0498470352607345,CHARLS,education,middle
94,D2,0.103571659698815,0.0990031526709282,0.101287406184872,CHARLS,education,middle
94,DEAD,0.734555887476904,0.764425583172418,0.749490735324661,CHARLS,education,middle
95,I0,0.0452580046668331,0.0401550030211693,0.0427065038440012,CHARLS,education,middle
95,D1,0.0471852480120385,0.0402994429694821,0.0437423454907603,CHARLS,education,middle
95,R1,0.0441280114777828,0.0335360872780448,0.0388320493779138,CHARLS,education,middle
95,D2,0.0990031526709282,0.0941991899372005,0.0966011713040644,CHARLS,education,middle
95,DEAD,0.764425583172418,0.791810276794104,0.778117929983261,CHARLS,education,middle
96,I0,0.0401550030211693,0.0356273830342274,0.0378911930276984,CHARLS,education,middle
96,D1,0.0402994429694821,0.0345259354440651,0.0374126892067736,CHARLS,education,middle
96,R1,0.0335360872780448,0.0260078059365994,0.0297719466073221,CHARLS,education,middle
96,D2,0.0941991899372005,0.0877730111168937,0.0909861005270471,CHARLS,education,middle
96,DEAD,0.791810276794104,0.816065864468215,0.803938070631159,CHARLS,education,middle
97,I0,0.0356273830342274,0.0316102683692587,0.0336188257017431,CHARLS,education,middle
97,D1,0.0345259354440651,0.0296672385334304,0.0320965869887477,CHARLS,education,middle
97,R1,0.0260078059365994,0.020570201691561,0.0232890038140802,CHARLS,education,middle
97,D2,0.0877730111168937,0.0806346895957421,0.0842038503563179,CHARLS,education,middle
97,DEAD,0.816065864468215,0.837517601810008,0.826791733139111,CHARLS,education,middle
98,I0,0.0316102683692587,0.0280460977281608,0.0298281830487097,CHARLS,education,middle
98,D1,0.0296672385334304,0.0255635965445221,0.0276154175389762,CHARLS,education,middle
98,R1,0.020570201691561,0.0165716264427466,0.0185709140671538,CHARLS,education,middle
98,D2,0.0806346895957421,0.0733474704037339,0.076991079999738,CHARLS,education,middle
98,DEAD,0.837517601810008,0.856471208880837,0.846994405345423,CHARLS,education,middle
99,I0,0.0280460977281608,0.0248838000547475,0.0264649488914541,CHARLS,education,middle
99,D1,0.0255635965445221,0.0220854126930136,0.0238245046187678,CHARLS,education,middle
99,R1,0.0165716264427466,0.013573979048779,0.0150728027457628,CHARLS,education,middle
99,D2,0.0733474704037339,0.0662490833305618,0.0697982768671478,CHARLS,education,middle
99,DEAD,0.856471208880837,0.873207724872898,0.864839466876868,CHARLS,education,middle
60,I0,1,0.945813380132533,0.972906690066267,CHARLS,education,low
60,D1,0,0.049095433151516,0.024547716575758,CHARLS,education,low
60,R1,0,0,0,CHARLS,education,low
60,D2,0,0,0,CHARLS,education,low
60,DEAD,0,0.00509118671595076,0.00254559335797538,CHARLS,education,low
61,I0,0.945813380132533,0.891927659076396,0.918870519604464,CHARLS,education,low
61,D1,0.049095433151516,0.0855743585165472,0.0673348958340316,CHARLS,education,low
61,R1,0,0.0110080356420482,0.00550401782102411,CHARLS,education,low
61,D2,0,0,0,CHARLS,education,low
61,DEAD,0.00509118671595076,0.0114899467650089,0.00829056674047985,CHARLS,education,low
62,I0,0.891927659076396,0.838472822886997,0.865200240981696,CHARLS,education,low
62,D1,0.0855743585165472,0.112529583327517,0.0990519709220318,CHARLS,education,low
62,R1,0.0110080356420482,0.0279626356722092,0.0194853356571287,CHARLS,education,low
62,D2,0,0.00183542438936514,0.000917712194682571,CHARLS,education,low
62,DEAD,0.0114899467650089,0.0191995337239119,0.0153447402444604,CHARLS,education,low
63,I0,0.838472822886997,0.785591692974675,0.812032257930836,CHARLS,education,low
63,D1,0.112529583327517,0.132238733129618,0.122384158228567,CHARLS,education,low
63,R1,0.0279626356722092,0.0478395480325229,0.0379010918523661,CHARLS,education,low
63,D2,0.00183542438936514,0.00609615753769175,0.00396579096352845,CHARLS,education,low
63,DEAD,0.0191995337239119,0.0282338683254923,0.0237167010247021,CHARLS,education,low
64,I0,0.785591692974675,0.733439967262766,0.75951583011872,CHARLS,education,low
64,D1,0.132238733129618,0.146389023864819,0.139313878497218,CHARLS,education,low
64,R1,0.0478395480325229,0.0687926693928606,0.0583161087126917,CHARLS,education,low
64,D2,0.00609615753769175,0.0127654709749844,0.00943081425633807,CHARLS,education,low
64,DEAD,0.0282338683254923,0.0386128685045709,0.0334233684150316,CHARLS,education,low
65,I0,0.733439967262766,0.682185747888247,0.707812857575506,CHARLS,education,low
65,D1,0.146389023864819,0.156236963201605,0.151312993533212,CHARLS,education,low
65,R1,0.0687926693928606,0.0896540294427345,0.0792233494177975,CHARLS,education,low
65,D2,0.0127654709749844,0.021563972963218,0.0171647219691012,CHARLS,education,low
65,DEAD,0.0386128685045709,0.0503592865041957,0.0444860775043833,CHARLS,education,low
66,I0,0.682185747888247,0.632008371600064,0.657097059744156,CHARLS,education,low
66,D1,0.156236963201605,0.162722828768587,0.159479895985096,CHARLS,education,low
66,R1,0.0896540294427345,0.109643125635665,0.0996485775391996,CHARLS,education,low
66,D2,0.021563972963218,0.0321287401294026,0.0268463565463103,CHARLS,education,low
66,DEAD,0.0503592865041957,0.0634969338662814,0.0569281101852385,CHARLS,education,low
67,I0,0.632008371600064,0.583096362689244,0.607552367144654,CHARLS,education,low
67,D1,0.162722828768587,0.166553351648763,0.164638090208675,CHARLS,education,low
67,R1,0.109643125635665,0.128198905529953,0.118921015582809,CHARLS,education,low
67,D2,0.0321287401294026,0.0441010736152534,0.038114906872328,CHARLS,education,low
67,DEAD,0.0634969338662814,0.0780503065167861,0.0707736201915337,CHARLS,education,low
68,I0,0.583096362689244,0.535644360284338,0.559370361486791,CHARLS,education,low
68,D1,0.166553351648763,0.168261790728001,0.167407571188382,CHARLS,education,low
68,R1,0.128198905529953,0.144884046488195,0.136541476009074,CHARLS,education,low
68,D2,0.0441010736152534,0.0571641069607279,0.0506325902879907,CHARLS,education,low
68,DEAD,0.0780503065167861,0.0940456955387386,0.0860480010277623,CHARLS,education,low
69,I0,0.535644360284338,0.489848938778595,0.512746649531466,CHARLS,education,low
69,D1,0.168261790728001,0.16825174488273,0.168256767805365,CHARLS,education,low
69,R1,0.144884046488195,0.15933224872354,0.152108147605868,CHARLS,education,low
69,D2,0.0571641069607279,0.0710531837836615,0.0641086453721947,CHARLS,education,low
69,DEAD,0.0940456955387386,0.111513883831474,0.102779789685106,CHARLS,education,low
70,I0,0.489848938778595,0.445903344055631,0.467876141417113,CHARLS,education,low
70,D1,0.16825174488273,0.166829131298077,0.167540438090403,CHARLS,education,low
70,R1,0.15933224872354,0.171221530705382,0.165276889714461,CHARLS,education,low
70,D2,0.0710531837836615,0.0855515112636303,0.0783023475236459,CHARLS,education,low
70,DEAD,0.111513883831474,0.13049448267728,0.121004183254377,CHARLS,education,low
71,I0,0.445903344055631,0.403986354321247,0.424944849188439,CHARLS,education,low
71,D1,0.166829131298077,0.1642244072768,0.165526769287439,CHARLS,education,low
71,R1,0.171221530705382,0.180284860424045,0.175753195564714,CHARLS,education,low
71,D2,0.0855515112636303,0.100460725122658,0.0930061181931442,CHARLS,education,low
71,DEAD,0.13049448267728,0.151043652855249,0.140769067766264,CHARLS,education,low
72,I0,0.403986354321247,0.364237476161051,0.384111915241149,CHARLS,education,low
72,D1,0.1642244072768,0.160606446632729,0.162415426954765,CHARLS,education,low
72,R1,0.180284860424045,0.186398737997613,0.183341799210829,CHARLS,education,low
72,D2,0.100460725122658,0.11551178745533,0.107986256288994,CHARLS,education,low
72,DEAD,0.151043652855249,0.173245551753278,0.162144602304263,CHARLS,education,low
73,I0,0.364237476161051,0.326752170169131,0.345494823165091,CHARLS,education,low
73,D1,0.160606446632729,0.156097064757684,0.158351755695206,CHARLS,education,low
73,R1,0.186398737997613,0.189597982662004,0.187998360329808,CHARLS,education,low
73,D2,0.11551178745533,0.130340935652127,0.122926361553728,CHARLS,education,low
73,DEAD,0.173245551753278,0.197211846759055,0.185228699256166,CHARLS,education,low
74,I0,0.326752170169131,0.291584878626683,0.309168524397907,CHARLS,education,low
74,D1,0.156097064757684,0.150783985202376,0.15344052498003,CHARLS,education,low
74,R1,0.189597982662004,0.190058193555889,0.189828088108947,CHARLS,education,low
74,D2,0.130340935652127,0.1444977208369,0.137419328244514,CHARLS,education,low
74,DEAD,0.197211846759055,0.223075221778151,0.210143534268603,CHARLS,education,low
75,I0,0.291584878626683,0.258753553975007,0.275169216300845,CHARLS,education,low
75,D1,0.150783985202376,0.144731784041747,0.147757884622062,CHARLS,education,low
75,R1,0.190058193555889,0.188070674251445,0.189064433903667,CHARLS,education,low
75,D2,0.1444977208369,0.157464719343593,0.150981220090246,CHARLS,education,low
75,DEAD,0.223075221778151,0.250979268388208,0.23702724508318,CHARLS,education,low
76,I0,0.258753553975007,0.228245026266868,0.243499290120937,CHARLS,education,low
76,D1,0.144731784041747,0.137991390935549,0.141361587488648,CHARLS,education,low
76,R1,0.188070674251445,0.184009812465839,0.186040243358642,CHARLS,education,low
76,D2,0.157464719343593,0.168688960596951,0.163076839970272,CHARLS,education,low
76,DEAD,0.250979268388208,0.281064809734794,0.266022039061501,CHARLS,education,low
77,I0,0.228245026266868,0.200020652266036,0.214132839266452,CHARLS,education,low
77,D1,0.137991390935549,0.130608553116622,0.134299972026085,CHARLS,education,low
77,R1,0.184009812465839,0.178295325811479,0.181152569138659,CHARLS,education,low
77,D2,0.168688960596951,0.17762262385479,0.173155792225871,CHARLS,education,low
77,DEAD,0.281064809734794,0.313452844951073,0.297258827342933,CHARLS,education,low
78,I0,0.200020652266036,0.1740218326004,0.187021242433218,CHARLS,education,low
78,D1,0.130608553116622,0.122631464846574,0.126620008981598,CHARLS,education,low
78,R1,0.178295325811479,0.171353471214288,0.174824398512884,CHARLS,education,low
78,D2,0.17762262385479,0.183768672904357,0.180695648379573,CHARLS,education,low
78,DEAD,0.313452844951073,0.348224558434381,0.330838701692727,CHARLS,education,low
79,I0,0.1740218326004,0.15017513571296,0.16209848415668,CHARLS,education,low
79,D1,0.122631464846574,0.114117546901494,0.118374505874034,CHARLS,education,low
79,R1,0.171353471214288,0.163581791013332,0.16746763111381,CHARLS,education,low
79,D2,0.183768672904357,0.186726280677651,0.185247476791004,CHARLS,education,low
79,DEAD,0.348224558434381,0.385399245694562,0.366811902064471,CHARLS,education,low
80,I0,0.15017513571296,0.128396909646031,0.139286022679496,CHARLS,education,low
80,D1,0.114117546901494,0.105139146939561,0.109628346920527,CHARLS,education,low
80,R1,0.163581791013332,0.155321153631338,0.159451472322335,CHARLS,education,low
80,D2,0.186726280677651,0.186231235997277,0.186478758337464,CHARLS,education,low
80,DEAD,0.385399245694562,0.424911553785793,0.405155399740177,CHARLS,education,low
81,I0,0.128396909646031,0.108607099494114,0.118502004570072,CHARLS,education,low
81,D1,0.105139146939561,0.0957869182242144,0.100463032581888,CHARLS,education,low
81,R1,0.155321153631338,0.146792646818185,0.151056900224762,CHARLS,education,low
81,D2,0.186231235997277,0.182232479434593,0.184231857715935,CHARLS,education,low
81,DEAD,0.424911553785793,0.466580856028894,0.445746204907343,CHARLS,education,low
82,I0,0.108607099494114,0.0907646026305211,0.0996858510623174,CHARLS,education,low
82,D1,0.0957869182242144,0.0861713043838983,0.0909791113040563,CHARLS,education,low
82,R1,0.146792646818185,0.137967330299406,0.142379988558795,CHARLS,education,low
82,D2,0.182232479434593,0.175036973076127,0.17863472625536,CHARLS,education,low
82,DEAD,0.466580856028894,0.510059789610048,0.488320322819471,CHARLS,education,low
83,I0,0.0907646026305211,0.074857490113754,0.0828110463721376,CHARLS,education,low
83,D1,0.0861713043838983,0.0764304045493959,0.0813008544666471,CHARLS,education,low
83,R1,0.137967330299406,0.128691366980821,0.133329348640114,CHARLS,education,low
83,D2,0.175036973076127,0.165194236190945,0.170115604633536,CHARLS,education,low
83,DEAD,0.510059789610048,0.554826502165084,0.532443145887566,CHARLS,education,low
84,I0,0.074857490113754,0.0608812334398912,0.0678693617768226,CHARLS,education,low
84,D1,0.0764304045493959,0.066733068389977,0.0715817364696864,CHARLS,education,low
84,R1,0.128691366980821,0.118817792161513,0.123754579571167,CHARLS,education,low
84,D2,0.165194236190945,0.153365562130883,0.159279899160914,CHARLS,education,low
84,DEAD,0.554826502165084,0.600202343877736,0.57751442302141,CHARLS,education,low
85,I0,0.0608812334398912,0.0488179253820949,0.0548495794109931,CHARLS,education,low
85,D1,0.066733068389977,0.0572736857811624,0.0620033770855697,CHARLS,education,low
85,R1,0.118817792161513,0.10828092534203,0.113549358751772,CHARLS,education,low
85,D2,0.153365562130883,0.140239269846702,0.146802415988792,CHARLS,education,low
85,DEAD,0.600202343877736,0.645388193648011,0.622795268762873,CHARLS,education,low
86,I0,0.0488179253820949,0.0386181767920926,0.0437180510870937,CHARLS,education,low
86,D1,0.0572736857811624,0.0482589450493907,0.0527663154152766,CHARLS,education,low
86,R1,0.10828092534203,0.0971290035326216,0.102704964437326,CHARLS,education,low
86,D2,0.140239269846702,0.126474169996997,0.133356719921849,CHARLS,education,low
86,DEAD,0.645388193648011,0.689519704628899,0.667453949138455,CHARLS,education,low
87,I0,0.0386181767920926,0.0301885691101514,0.034403372951122,CHARLS,education,low
87,D1,0.0482589450493907,0.0398882971164982,0.0440736210829445,CHARLS,education,low
87,R1,0.0971290035326216,0.0855251807659074,0.0913270921492645,CHARLS,education,low
87,D2,0.126474169996997,0.112661203205351,0.119567686601174,CHARLS,education,low
87,DEAD,0.689519704628899,0.731736749802092,0.710628227215496,CHARLS,education,low
88,I0,0.0301885691101514,0.0233875990960494,0.0267880841031004,CHARLS,education,low
88,D1,0.0398882971164982,0.032331695132516,0.0361099961245071,CHARLS,education,low
88,R1,0.0855251807659074,0.0737247611993886,0.079624970982648,CHARLS,education,low
88,D2,0.112661203205351,0.0992984109115081,0.10597980705843,CHARLS,education,low
88,DEAD,0.731736749802092,0.771257533660538,0.751497141731315,CHARLS,education,low
89,I0,0.0233875990960494,0.0180315391078394,0.0207095691019444,CHARLS,education,low
89,D1,0.032331695132516,0.0257095458165642,0.0290206204745401,CHARLS,education,low
89,R1,0.0737247611993886,0.0620368827694948,0.0678808219844417,CHARLS,education,low
89,D2,0.0992984109115081,0.0867768606309679,0.093037635771238,CHARLS,education,low
89,DEAD,0.771257533660538,0.807445171675134,0.789351352667836,CHARLS,education,low
90,I0,0.0180315391078394,0.0139089149088707,0.015970227008355,CHARLS,education,low
90,D1,0.0257095458165642,0.0200798204660253,0.0228946831412947,CHARLS,education,low
90,R1,0.0620368827694948,0.0507800607213409,0.0564084717454178,CHARLS,education,low
90,D2,0.0867768606309679,0.0753757844832642,0.0810763225571161,CHARLS,education,low
90,DEAD,0.807445171675134,0.839855419420499,0.823650295547816,CHARLS,education,low
91,I0,0.0139089149088707,0.0107961054887328,0.0123525101988017,CHARLS,education,low
91,D1,0.0200798204660253,0.0154342499915101,0.0177570352287677,CHARLS,education,low
91,R1,0.0507800607213409,0.0402563769226645,0.0455182188220027,CHARLS,education,low
91,D2,0.0753757844832642,0.0652407140658553,0.0703082492745598,CHARLS,education,low
91,DEAD,0.839855419420499,0.868272553531237,0.854063986475868,CHARLS,education,low
92,I0,0.0107961054887328,0.00846997449748062,0.00963303999310669,CHARLS,education,low
92,D1,0.0154342499915101,0.0117033357975838,0.013568792894547,CHARLS,education,low
92,R1,0.0402563769226645,0.0307634806135123,0.0355099287680884,CHARLS,education,low
92,D2,0.0652407140658553,0.0563228732675413,0.0607817936666983,CHARLS,education,low
92,DEAD,0.868272553531237,0.892740335823882,0.88050644467756,CHARLS,education,low
93,I0,0.00846997449748062,0.00673435916414739,0.007602166830814,CHARLS,education,low
93,D1,0.0117033357975838,0.00877629705138696,0.0102398164244854,CHARLS,education,low
93,R1,0.0307634806135123,0.0225457514239379,0.0266546160187251,CHARLS,education,low
93,D2,0.0563228732675413,0.0484482141108985,0.0523855436892199,CHARLS,education,low
93,DEAD,0.892740335823882,0.913495378249629,0.903117857036756,CHARLS,education,low
94,I0,0.00673435916414739,0.00543214314848304,0.00608325115631521,CHARLS,education,low
94,D1,0.00877629705138696,0.00652429310660424,0.0076502950789956,CHARLS,education,low
94,R1,0.0225457514239379,0.0157589111186352,0.0191523312712865,CHARLS,education,low
94,D2,0.0484482141108985,0.0413974301707752,0.0449228221408368,CHARLS,education,low
94,DEAD,0.913495378249629,0.930887222455502,0.922191300352566,CHARLS,education,low
95,I0,0.00543214314848304,0.00444436832551735,0.0049382557370002,CHARLS,education,low
95,D1,0.00652429310660424,0.00481888308664735,0.00567158809662579,CHARLS,education,low
95,R1,0.0157589111186352,0.0104522087282547,0.0131055599234449,CHARLS,education,low
95,D2,0.0413974301707752,0.0349701950056249,0.0381838125882,CHARLS,education,low
95,DEAD,0.930887222455502,0.945314344853956,0.938100783654729,CHARLS,education,low
96,I0,0.00444436832551735,0.0036362093694784,0.00404028884749788,CHARLS,education,low
96,D1,0.00481888308664735,0.0036106813626939,0.00421478222467062,CHARLS,education,low
96,R1,0.0104522087282547,0.00714927303692011,0.0088007408825874,CHARLS,education,low
96,D2,0.0349701950056249,0.0288230029517716,0.0318965989786982,CHARLS,education,low
96,DEAD,0.945314344853956,0.956780833279136,0.951047589066546,CHARLS,education,low
97,I0,0.0036362093694784,0.00297500513239829,0.00330560725093835,CHARLS,education,low
97,D1,0.0036106813626939,0.00274183270473933,0.00317625703371661,CHARLS,education,low
97,R1,0.00714927303692011,0.00503138523423982,0.00609032913557997,CHARLS,education,low
97,D2,0.0288230029517716,0.0233885387059315,0.0261057708288515,CHARLS,education,low
97,DEAD,0.956780833279136,0.965863238222691,0.961322035750914,CHARLS,education,low
98,I0,0.00297500513239829,0.00243403353285615,0.00270451933262722,CHARLS,education,low
98,D1,0.00274183270473933,0.00210749745334702,0.00242466507904317,CHARLS,education,low
98,R1,0.00503138523423982,0.00363039206046181,0.00433088864735081,CHARLS,education,low
98,D2,0.0233885387059315,0.0187854812250842,0.0210870099655078,CHARLS,education,low
98,DEAD,0.965863238222691,0.973042595728251,0.969452916975471,CHARLS,education,low
99,I0,0.00243403353285615,0.00199143160277246,0.00221273256781431,CHARLS,education,low
99,D1,0.00210749745334702,0.00163744770764479,0.00187247258049591,CHARLS,education,low
99,R1,0.00363039206046181,0.00267471524056669,0.00315255365051425,CHARLS,education,low
99,D2,0.0187854812250842,0.0149852441751118,0.016885362700098,CHARLS,education,low
99,DEAD,0.973042595728251,0.978711161273904,0.975876878501078,CHARLS,education,low
60,I0,1,0.963465532532589,0.981732766266294,CHARLS,wealth,high
60,D1,0,0.0339531317915558,0.0169765658957779,CHARLS,wealth,high
60,R1,0,0,0,CHARLS,wealth,high
60,D2,0,0,0,CHARLS,wealth,high
60,DEAD,0,0.00258133567585549,0.00129066783792774,CHARLS,wealth,high
61,I0,0.963465532532589,0.926553791196105,0.945009661864347,CHARLS,wealth,high
61,D1,0.0339531317915558,0.0596923240524243,0.0468227279219901,CHARLS,wealth,high
61,R1,0,0.00812749408508744,0.00406374704254372,CHARLS,wealth,high
61,D2,0,0,0,CHARLS,wealth,high
61,DEAD,0.00258133567585549,0.00562639066638297,0.00410386317111923,CHARLS,wealth,high
62,I0,0.926553791196105,0.889329936621727,0.907941863908916,CHARLS,wealth,high
62,D1,0.0596923240524243,0.0792641083578595,0.0694782162051419,CHARLS,wealth,high
62,R1,0.00812749408508744,0.020921029213446,0.0145242616492667,CHARLS,wealth,high
62,D2,0,0.00133413561675725,0.000667067808378626,CHARLS,wealth,high
62,DEAD,0.00562639066638297,0.00915079019021041,0.00738859042829669,CHARLS,wealth,high
63,I0,0.889329936621727,0.851872974025529,0.870601455323628,CHARLS,wealth,high
63,D1,0.0792641083578595,0.0941754424503562,0.0867197754041079,CHARLS,wealth,high
63,R1,0.020921029213446,0.0362813150740534,0.0286011721437497,CHARLS,wealth,high
63,D2,0.00133413561675725,0.00449350696114661,0.00291382128895193,CHARLS,wealth,high
63,DEAD,0.00915079019021041,0.013176761488915,0.0111637758395627,CHARLS,wealth,high
64,I0,0.851872974025529,0.814275660408918,0.833074317217223,CHARLS,wealth,high
64,D1,0.0941754424503562,0.105539086954818,0.0998572647025873,CHARLS,wealth,high
64,R1,0.0362813150740534,0.0529169786276088,0.0445991468508311,CHARLS,wealth,high
64,D2,0.00449350696114661,0.00953707482174522,0.00701529089144592,CHARLS,wealth,high
64,DEAD,0.013176761488915,0.0177311991869097,0.0154539803379124,CHARLS,wealth,high
65,I0,0.814275660408918,0.776644057999715,0.795459859204316,CHARLS,wealth,high
65,D1,0.105539086954818,0.11417847646327,0.109858781709044,CHARLS,wealth,high
65,R1,0.0529169786276088,0.070010320505661,0.0614636495666349,CHARLS,wealth,high
65,D2,0.00953707482174522,0.016322102743821,0.0129295887827831,CHARLS,wealth,high
65,DEAD,0.0177311991869097,0.0228450422875328,0.0202881207372213,CHARLS,wealth,high
66,I0,0.776644057999715,0.73909667419024,0.757870366094978,CHARLS,wealth,high
66,D1,0.11417847646327,0.120703906183157,0.117441191323214,CHARLS,wealth,high
66,R1,0.070010320505661,0.08701614431488,0.0785132324102705,CHARLS,wealth,high
66,D2,0.016322102743821,0.0246295348048065,0.0204758187743137,CHARLS,wealth,high
66,DEAD,0.0228450422875328,0.0285537405069163,0.0256993913972245,CHARLS,wealth,high
67,I0,0.73909667419024,0.70176313908542,0.72042990663783,CHARLS,wealth,high
67,D1,0.120703906183157,0.12556818465123,0.123136045417193,CHARLS,wealth,high
67,R1,0.08701614431488,0.103541175561783,0.0952786599383314,CHARLS,wealth,high
67,D2,0.0246295348048065,0.034228751866316,0.0294291433355613,CHARLS,wealth,high
67,DEAD,0.0285537405069163,0.0348987488352515,0.0317262446710839,CHARLS,wealth,high
68,I0,0.70176313908542,0.664782389403235,0.683272764244328,CHARLS,wealth,high
68,D1,0.12556818465123,0.129107420157994,0.127337802404612,CHARLS,wealth,high
68,R1,0.103541175561783,0.119272357545313,0.111406766553548,CHARLS,wealth,high
68,D2,0.034228751866316,0.0449077115863703,0.0395682317263431,CHARLS,wealth,high
68,DEAD,0.0348987488352515,0.041930121307088,0.0384144350711697,CHARLS,wealth,high
69,I0,0.664782389403235,0.628300352258322,0.646541370830779,CHARLS,wealth,high
69,D1,0.129107420157994,0.131570907888078,0.130339164023036,CHARLS,wealth,high
69,R1,0.119272357545313,0.133934859068012,0.126603608306662,CHARLS,wealth,high
69,D2,0.0449077115863703,0.0564834892177247,0.0506956004020475,CHARLS,wealth,high
69,DEAD,0.041930121307088,0.0497103915678632,0.0458202564374756,CHARLS,wealth,high
70,I0,0.628300352258322,0.592467153861535,0.610383753059929,CHARLS,wealth,high
70,D1,0.131570907888078,0.133142904321586,0.132356906104832,CHARLS,wealth,high
70,R1,0.133934859068012,0.147268224649038,0.140601541858525,CHARLS,wealth,high
70,D2,0.0564834892177247,0.0688016760592044,0.0626425826384646,CHARLS,wealth,high
70,DEAD,0.0497103915678632,0.0583200411086368,0.05401521633825,CHARLS,wealth,high
71,I0,0.592467153861535,0.557426816711963,0.574946985286749,CHARLS,wealth,high
71,D1,0.133142904321586,0.133960113580664,0.133551508951125,CHARLS,wealth,high
71,R1,0.147268224649038,0.159029308853889,0.153148766751464,CHARLS,wealth,high
71,D2,0.0688016760592044,0.0817200565676459,0.0752608663134251,CHARLS,wealth,high
71,DEAD,0.0583200411086368,0.0678637042858382,0.0630918726972375,CHARLS,wealth,high
72,I0,0.557426816711963,0.523287141244057,0.54035697897801,CHARLS,wealth,high
72,D1,0.133960113580664,0.134129539952718,0.134044826766691,CHARLS,wealth,high
72,R1,0.159029308853889,0.16905462427188,0.164041966562885,CHARLS,wealth,high
72,D2,0.0817200565676459,0.0950579929112092,0.0883890247394275,CHARLS,wealth,high
72,DEAD,0.0678637042858382,0.0784707016201364,0.0731672029529873,CHARLS,wealth,high
73,I0,0.523287141244057,0.490115489334123,0.50670131528909,CHARLS,wealth,high
73,D1,0.134129539952718,0.133735591824619,0.133932565888669,CHARLS,wealth,high
73,R1,0.16905462427188,0.177276392558386,0.173165508415133,CHARLS,wealth,high
73,D2,0.0950579929112092,0.108580717526513,0.101819355218861,CHARLS,wealth,high
73,DEAD,0.0784707016201364,0.090291808756359,0.0843812551882477,CHARLS,wealth,high
74,I0,0.490115489334123,0.457943459150994,0.474029474242558,CHARLS,wealth,high
74,D1,0.133735591824619,0.132844468710822,0.13329003026772,CHARLS,wealth,high
74,R1,0.177276392558386,0.183718213662405,0.180497303110395,CHARLS,wealth,high
74,D2,0.108580717526513,0.122000984834524,0.115290851180519,CHARLS,wealth,high
74,DEAD,0.090291808756359,0.103492873641255,0.0968923411988072,CHARLS,wealth,high
75,I0,0.457943459150994,0.426772175277664,0.442357817214329,CHARLS,wealth,high
75,D1,0.132844468710822,0.131508710425238,0.13217658956803,CHARLS,wealth,high
75,R1,0.183718213662405,0.188488018902353,0.186103116282379,CHARLS,wealth,high
75,D2,0.122000984834524,0.134986975261928,0.128493980048226,CHARLS,wealth,high
75,DEAD,0.103492873641255,0.118244120132818,0.110868496887036,CHARLS,wealth,high
76,I0,0.426772175277664,0.396577805678837,0.41167499047825,CHARLS,wealth,high
76,D1,0.131508710425238,0.12977179618732,0.130640253306279,CHARLS,wealth,high
76,R1,0.188488018902353,0.191768336366985,0.190128177634669,CHARLS,wealth,high
76,D2,0.134986975261928,0.14717732731398,0.141082151287954,CHARLS,wealth,high
76,DEAD,0.118244120132818,0.134704734452879,0.126474427292848,CHARLS,wealth,high
77,I0,0.396577805678837,0.367317045912681,0.381947425795759,CHARLS,wealth,high
77,D1,0.12977179618732,0.127672585582194,0.128722190884757,CHARLS,wealth,high
77,R1,0.191768336366985,0.193804388229123,0.192786362298054,CHARLS,wealth,high
77,D2,0.14717732731398,0.158203009487345,0.152690168400662,CHARLS,wealth,high
77,DEAD,0.134704734452879,0.153002970788658,0.143853852620768,CHARLS,wealth,high
78,I0,0.367317045912681,0.338932441211154,0.353124743561917,CHARLS,wealth,high
78,D1,0.127672585582194,0.125249245577522,0.126460915579858,CHARLS,wealth,high
78,R1,0.193804388229123,0.194890971769169,0.194347679999146,CHARLS,wealth,high
78,D2,0.158203009487345,0.167714348547707,0.162958679017526,CHARLS,wealth,high
78,DEAD,0.153002970788658,0.173212992894447,0.163107981841553,CHARLS,wealth,high
79,I0,0.338932441211154,0.311357542377529,0.325144991794341,CHARLS,wealth,high
79,D1,0.125249245577522,0.122542146691226,0.123895696134374,CHARLS,wealth,high
79,R1,0.194890971769169,0.195359350276215,0.195125161022692,CHARLS,wealth,high
79,D2,0.167714348547707,0.175410079548271,0.171562214047989,CHARLS,wealth,high
79,DEAD,0.173212992894447,0.195330881106758,0.184271937000603,CHARLS,wealth,high
80,I0,0.311357542377529,0.284522011378724,0.297939776878127,CHARLS,wealth,high
80,D1,0.122542146691226,0.119595088802177,0.121068617746702,CHARLS,wealth,high
80,R1,0.195359350276215,0.195565411308214,0.195462380792215,CHARLS,wealth,high
80,D2,0.175410079548271,0.181064092560112,0.178237086054192,CHARLS,wealth,high
80,DEAD,0.195330881106758,0.219253395950773,0.207292138528765,CHARLS,wealth,high
81,I0,0.284522011378724,0.258369537638632,0.271445774508678,CHARLS,wealth,high
81,D1,0.119595088802177,0.116450242786436,0.118022665794307,CHARLS,wealth,high
81,R1,0.195565411308214,0.195826987921227,0.195696199614721,CHARLS,wealth,high
81,D2,0.181064092560112,0.184576679068715,0.182820385814413,CHARLS,wealth,high
81,DEAD,0.219253395950773,0.24477655258499,0.232014974267881,CHARLS,wealth,high
82,I0,0.258369537638632,0.232910639222989,0.245640088430811,CHARLS,wealth,high
82,D1,0.116450242786436,0.113129352294311,0.114789797540374,CHARLS,wealth,high
82,R1,0.195826987921227,0.196225054099063,0.196026021010145,CHARLS,wealth,high
82,D2,0.184576679068715,0.186083860838807,0.185330269953761,CHARLS,wealth,high
82,DEAD,0.24477655258499,0.271651093544829,0.25821382306491,CHARLS,wealth,high
83,I0,0.232910639222989,0.208228706361818,0.220569672792403,CHARLS,wealth,high
83,D1,0.113129352294311,0.109632328984581,0.111380840639446,CHARLS,wealth,high
83,R1,0.196225054099063,0.196634269884039,0.196429661991551,CHARLS,wealth,high
83,D2,0.186083860838807,0.185886452884536,0.185985156861672,CHARLS,wealth,high
83,DEAD,0.271651093544829,0.299618241885027,0.285634667714928,CHARLS,wealth,high
84,I0,0.208228706361818,0.184469373294401,0.196349039828109,CHARLS,wealth,high
84,D1,0.109632328984581,0.105943467332154,0.107787898158367,CHARLS,wealth,high
84,R1,0.196634269884039,0.196796470521998,0.196715370203018,CHARLS,wealth,high
84,D2,0.185886452884536,0.184360172796989,0.185123312840762,CHARLS,wealth,high
84,DEAD,0.299618241885027,0.328430516054459,0.314024378969743,CHARLS,wealth,high
85,I0,0.184469373294401,0.161825521094458,0.173147447194429,CHARLS,wealth,high
85,D1,0.105943467332154,0.102039481532328,0.103991474432241,CHARLS,wealth,high
85,R1,0.196796470521998,0.196369619892962,0.19658304520748,CHARLS,wealth,high
85,D2,0.184360172796989,0.181897443870434,0.183128808333712,CHARLS,wealth,high
85,DEAD,0.328430516054459,0.357867933609818,0.343149224832138,CHARLS,wealth,high
86,I0,0.161825521094458,0.140516896745907,0.151171208920183,CHARLS,wealth,high
86,D1,0.102039481532328,0.0978983656892111,0.0999689236107693,CHARLS,wealth,high
86,R1,0.196369619892962,0.194962646836303,0.195666133364633,CHARLS,wealth,high
86,D2,0.181897443870434,0.178870832161635,0.180384138016035,CHARLS,wealth,high
86,DEAD,0.357867933609818,0.387751258566943,0.372809596088381,CHARLS,wealth,high
87,I0,0.140516896745907,0.120764946339481,0.130640921542694,CHARLS,wealth,high
87,D1,0.0978983656892111,0.0935074749126924,0.0957029203009518,CHARLS,wealth,high
87,R1,0.194962646836303,0.192163619231076,0.19356313303369,CHARLS,wealth,high
87,D2,0.178870832161635,0.175609957603802,0.177240394882719,CHARLS,wealth,high
87,DEAD,0.387751258566943,0.417954001912948,0.402852630239946,CHARLS,wealth,high
88,I0,0.120764946339481,0.102765351284643,0.111765148812062,CHARLS,wealth,high
88,D1,0.0935074749126924,0.0888689766863372,0.0911882257995148,CHARLS,wealth,high
88,R1,0.192163619231076,0.187565919746744,0.18986476948891,CHARLS,wealth,high
88,D2,0.175609957603802,0.172385671509717,0.17399781455676,CHARLS,wealth,high
88,DEAD,0.417954001912948,0.448414080772558,0.433184041342753,CHARLS,wealth,high
89,I0,0.102765351284643,0.0866623661064162,0.0947138586955297,CHARLS,wealth,high
89,D1,0.0888689766863372,0.0840010643348358,0.0864350205105865,CHARLS,wealth,high
89,R1,0.187565919746744,0.180795046806084,0.184180483276414,CHARLS,wealth,high
89,D2,0.172385671509717,0.169396686116494,0.170891178813106,CHARLS,wealth,high
89,DEAD,0.448414080772558,0.47914483663617,0.463779458704364,CHARLS,wealth,high
90,I0,0.0866623661064162,0.0725296674471392,0.0795960167767777,CHARLS,wealth,high
90,D1,0.0840010643348358,0.078934114523,0.0814675894289179,CHARLS,wealth,high
90,R1,0.180795046806084,0.171537639375275,0.176166343090679,CHARLS,wealth,high
90,D2,0.169396686116494,0.16675451607269,0.168075601094592,CHARLS,wealth,high
90,DEAD,0.47914483663617,0.510244062581896,0.494694449609033,CHARLS,wealth,high
91,I0,0.0725296674471392,0.0603530756119115,0.0664413715295253,CHARLS,wealth,high
91,D1,0.078934114523,0.073704097327236,0.076319105925118,CHARLS,wealth,high
91,R1,0.171537639375275,0.159635980877574,0.165586810126424,CHARLS,wealth,high
91,D2,0.16675451607269,0.164427374952113,0.165590945512401,CHARLS,wealth,high
91,DEAD,0.510244062581896,0.541879471231165,0.526061766906531,CHARLS,wealth,high
92,I0,0.0603530756119115,0.0500125929495139,0.0551828342807127,CHARLS,wealth,high
92,D1,0.073704097327236,0.0683513262058863,0.0710277117665612,CHARLS,wealth,high
92,R1,0.159635980877574,0.145326822094433,0.152481401486003,CHARLS,wealth,high
92,D2,0.164427374952113,0.162111053090543,0.163269214021328,CHARLS,wealth,high
92,DEAD,0.541879471231165,0.574198205659624,0.558038838445395,CHARLS,wealth,high
93,I0,0.0500125929495139,0.0413198333711433,0.0456662131603286,CHARLS,wealth,high
93,D1,0.0683513262058863,0.0629164321458058,0.0656338791758461,CHARLS,wealth,high
93,R1,0.145326822094433,0.129184159484788,0.13725549078961,CHARLS,wealth,high
93,D2,0.162111053090543,0.159308279074838,0.16070966608269,CHARLS,wealth,high
93,DEAD,0.574198205659624,0.607271295923425,0.590734750791525,CHARLS,wealth,high
94,I0,0.0413198333711433,0.0340589822398479,0.0376894078054956,CHARLS,wealth,high
94,D1,0.0629164321458058,0.0574404872492422,0.060178459697524,CHARLS,wealth,high
94,R1,0.129184159484788,0.111995435604931,0.120589797544859,CHARLS,wealth,high
94,D2,0.159308279074838,0.155448125959722,0.15737820251728,CHARLS,wealth,high
94,DEAD,0.607271295923425,0.641056968946256,0.62416413243484,CHARLS,wealth,high
95,I0,0.0340589822398479,0.0280147370914125,0.0310368596656302,CHARLS,wealth,high
95,D1,0.0574404872492422,0.0519690892793707,0.0547047882643064,CHARLS,wealth,high
95,R1,0.111995435604931,0.0946443115559248,0.103319873580428,CHARLS,wealth,high
95,D2,0.155448125959722,0.150000053464452,0.152724089712087,CHARLS,wealth,high
95,DEAD,0.641056968946256,0.67537180860884,0.658214388777548,CHARLS,wealth,high
96,I0,0.0280147370914125,0.0230431282054794,0.025528932648446,CHARLS,wealth,high
96,D1,0.0519690892793707,0.046582828873516,0.0492759590764434,CHARLS,wealth,high
96,R1,0.0946443115559248,0.0814721511744304,0.0880582313651776,CHARLS,wealth,high
96,D2,0.150000053464452,0.141907392098783,0.145953722781618,CHARLS,wealth,high
96,DEAD,0.67537180860884,0.706994499647791,0.691183154128315,CHARLS,wealth,high
97,I0,0.0230431282054794,0.0189538011997595,0.0209984647026195,CHARLS,wealth,high
97,D1,0.046582828873516,0.0414327711206729,0.0440077999970945,CHARLS,wealth,high
97,R1,0.0814721511744304,0.0711174363497256,0.076294793762078,CHARLS,wealth,high
97,D2,0.141907392098783,0.132547818799127,0.137227605448955,CHARLS,wealth,high
97,DEAD,0.706994499647791,0.735948172530715,0.721471336089253,CHARLS,wealth,high
98,I0,0.0189538011997595,0.0155901827528166,0.0172719919762881,CHARLS,wealth,high
98,D1,0.0414327711206729,0.0366120000236868,0.0390223855721799,CHARLS,wealth,high
98,R1,0.0711174363497256,0.0627099153537327,0.0669136758517292,CHARLS,wealth,high
98,D2,0.132547818799127,0.122753548119899,0.127650683459513,CHARLS,wealth,high
98,DEAD,0.735948172530715,0.762334353749865,0.74914126314029,CHARLS,wealth,high
99,I0,0.0155901827528166,0.0128234856799755,0.014206834216396,CHARLS,wealth,high
99,D1,0.0366120000236868,0.0321717556800209,0.0343918778518539,CHARLS,wealth,high
99,R1,0.0627099153537327,0.0556898870597369,0.0591999012067348,CHARLS,wealth,high
99,D2,0.122753548119899,0.113017201786176,0.117885374953037,CHARLS,wealth,high
99,DEAD,0.762334353749865,0.786297669794091,0.774316011771978,CHARLS,wealth,high
60,I0,1,0.947693493226629,0.973846746613314,CHARLS,wealth,middle
60,D1,0,0.0494445573385289,0.0247222786692644,CHARLS,wealth,middle
60,R1,0,0,0,CHARLS,wealth,middle
60,D2,0,0,0,CHARLS,wealth,middle
60,DEAD,0,0.00286194943484227,0.00143097471742113,CHARLS,wealth,middle
61,I0,0.947693493226629,0.895785432871717,0.921739463049173,CHARLS,wealth,middle
61,D1,0.0494445573385289,0.0865507707503057,0.0679976640444173,CHARLS,wealth,middle
61,R1,0,0.0113852619573168,0.00569263097865839,CHARLS,wealth,middle
61,D2,0,0,0,CHARLS,wealth,middle
61,DEAD,0.00286194943484227,0.00627853442066053,0.0045702419277514,CHARLS,wealth,middle
62,I0,0.895785432871717,0.844410689943562,0.870098061407639,CHARLS,wealth,middle
62,D1,0.0865507707503057,0.114243951606419,0.100397361178362,CHARLS,wealth,middle
62,R1,0.0113852619573168,0.0292803240419198,0.0203327929996183,CHARLS,wealth,middle
62,D2,0,0.00180962988056824,0.000904814940284117,CHARLS,wealth,middle
62,DEAD,0.00627853442066053,0.0102554045275314,0.00826696947409596,CHARLS,wealth,middle
63,I0,0.844410689943562,0.793717591489833,0.819064140716697,CHARLS,wealth,middle
63,D1,0.114243951606419,0.134709788209191,0.124476869907805,CHARLS,wealth,middle
63,R1,0.0292803240419198,0.0506603746657892,0.0399703493538545,CHARLS,wealth,middle
63,D2,0.00180962988056824,0.006105681045816,0.00395765546319212,CHARLS,wealth,middle
63,DEAD,0.0102554045275314,0.0148065645893717,0.0125309845584516,CHARLS,wealth,middle
64,I0,0.793717591489833,0.743865629774552,0.768791610632192,CHARLS,wealth,middle
64,D1,0.134709788209191,0.149588427033988,0.142149107621589,CHARLS,wealth,middle
64,R1,0.0506603746657892,0.0736255957838531,0.0621429852248212,CHARLS,wealth,middle
64,D2,0.006105681045816,0.0129681778974369,0.00953692947162647,CHARLS,wealth,middle
64,DEAD,0.0148065645893717,0.0199521695101707,0.0173793670497712,CHARLS,wealth,middle
65,I0,0.743865629774552,0.695022636045166,0.719444132909859,CHARLS,wealth,middle
65,D1,0.149588427033988,0.160115933728525,0.154852180381256,CHARLS,wealth,middle
65,R1,0.0736255957838531,0.0969546737580925,0.0852901347709728,CHARLS,wealth,middle
65,D2,0.0129681778974369,0.0221887403062097,0.0175784591018233,CHARLS,wealth,middle
65,DEAD,0.0199521695101707,0.025718016162007,0.0228350928360889,CHARLS,wealth,middle
66,I0,0.695022636045166,0.647361434725485,0.671192035385325,CHARLS,wealth,middle
66,D1,0.160115933728525,0.167228098698877,0.163672016213701,CHARLS,wealth,middle
66,R1,0.0969546737580925,0.119830902238284,0.108392787998188,CHARLS,wealth,middle
66,D2,0.0221887403062097,0.033443118280018,0.0278159292931139,CHARLS,wealth,middle
66,DEAD,0.025718016162007,0.0321364460573357,0.0289272311096713,CHARLS,wealth,middle
67,I0,0.647361434725485,0.601056029564258,0.624208732144871,CHARLS,wealth,middle
67,D1,0.167228098698877,0.171636990375673,0.169432544537275,CHARLS,wealth,middle
67,R1,0.119830902238284,0.141675087088918,0.130752994663601,CHARLS,wealth,middle
67,D2,0.033443118280018,0.0463833462162491,0.0399132322481336,CHARLS,wealth,middle
67,DEAD,0.0321364460573357,0.039248546754902,0.0356924964061189,CHARLS,wealth,middle
68,I0,0.601056029564258,0.556277413106167,0.578666721335212,CHARLS,wealth,middle
68,D1,0.171636990375673,0.173887555988862,0.172762273182268,CHARLS,wealth,middle
68,R1,0.141675087088918,0.162044584949576,0.151859836019247,CHARLS,wealth,middle
68,D2,0.0463833462162491,0.0606827637753606,0.0535330549958048,CHARLS,wealth,middle
68,DEAD,0.039248546754902,0.0471076821800346,0.0431781144674683,CHARLS,wealth,middle
69,I0,0.556277413106167,0.513189132082755,0.534733272594461,CHARLS,wealth,middle
69,D1,0.173887555988862,0.174399435761978,0.17414349587542,CHARLS,wealth,middle
69,R1,0.162044584949576,0.180573310648225,0.1713089477989,CHARLS,wealth,middle
69,D2,0.0606827637753606,0.0760536154416986,0.0683681896085296,CHARLS,wealth,middle
69,DEAD,0.0471076821800346,0.0557845060653431,0.0514460941226888,CHARLS,wealth,middle
70,I0,0.513189132082755,0.471942780136106,0.49256595610943,CHARLS,wealth,middle
70,D1,0.174399435761978,0.173497673511685,0.173948554636832,CHARLS,wealth,middle
70,R1,0.180573310648225,0.196937139355841,0.188755225002033,CHARLS,wealth,middle
70,D2,0.0760536154416986,0.0922486749424342,0.0841511451920664,CHARLS,wealth,middle
70,DEAD,0.0557845060653431,0.0653737320539342,0.0605791190596387,CHARLS,wealth,middle
71,I0,0.471942780136106,0.432665957167365,0.452304368651735,CHARLS,wealth,middle
71,D1,0.173497673511685,0.171436691173639,0.172467182342662,CHARLS,wealth,middle
71,R1,0.196937139355841,0.210855164510337,0.203896151933089,CHARLS,wealth,middle
71,D2,0.0922486749424342,0.109041469687973,0.100645072315203,CHARLS,wealth,middle
71,DEAD,0.0653737320539342,0.0760007174606864,0.0706872247573103,CHARLS,wealth,middle
72,I0,0.432665957167365,0.395431389615373,0.414048673391369,CHARLS,wealth,middle
72,D1,0.171436691173639,0.168421900623856,0.169929295898747,CHARLS,wealth,middle
72,R1,0.210855164510337,0.222166607658997,0.216510886084667,CHARLS,wealth,middle
72,D2,0.109041469687973,0.126162106716362,0.117601788202167,CHARLS,wealth,middle
72,DEAD,0.0760007174606864,0.087817995385412,0.0819093564230492,CHARLS,wealth,middle
73,I0,0.395431389615373,0.360257967787618,0.377844678701496,CHARLS,wealth,middle
73,D1,0.168421900623856,0.16461898349966,0.166520442061758,CHARLS,wealth,middle
73,R1,0.222166607658997,0.230845414560736,0.226506011109867,CHARLS,wealth,middle
73,D2,0.126162106716362,0.143278903672037,0.134720505194199,CHARLS,wealth,middle
73,DEAD,0.087817995385412,0.100998730479949,0.0944083629326803,CHARLS,wealth,middle
74,I0,0.360257967787618,0.327121400256761,0.34368968402219,CHARLS,wealth,middle
74,D1,0.16461898349966,0.160160658346764,0.162389820923212,CHARLS,wealth,middle
74,R1,0.230845414560736,0.236988130740953,0.233916772650845,CHARLS,wealth,middle
74,D2,0.143278903672037,0.160002661717914,0.151640782694975,CHARLS,wealth,middle
74,DEAD,0.100998730479949,0.115727148937608,0.108362939708778,CHARLS,wealth,middle
75,I0,0.327121400256761,0.295964647564342,0.311543023910552,CHARLS,wealth,middle
75,D1,0.160160658346764,0.155153769925376,0.15765721413607,CHARLS,wealth,middle
75,R1,0.236988130740953,0.24079857921288,0.238893354976917,CHARLS,wealth,middle
75,D2,0.160002661717914,0.175898940668881,0.167950801193397,CHARLS,wealth,middle
75,DEAD,0.115727148937608,0.132184062628521,0.123955605783065,CHARLS,wealth,middle
76,I0,0.295964647564342,0.266707637227895,0.281336142396119,CHARLS,wealth,middle
76,D1,0.155153769925376,0.14968630454078,0.152420037233078,CHARLS,wealth,middle
76,R1,0.24079857921288,0.242569743393497,0.241684161303188,CHARLS,wealth,middle
76,D2,0.175898940668881,0.190509053310645,0.183203996989763,CHARLS,wealth,middle
76,DEAD,0.132184062628521,0.150527261527183,0.141355662077852,CHARLS,wealth,middle
77,I0,0.266707637227895,0.239255994059522,0.252981815643709,CHARLS,wealth,middle
77,D1,0.14968630454078,0.143833903118942,0.146760103829861,CHARLS,wealth,middle
77,R1,0.242569743393497,0.242663751040744,0.24261674721712,CHARLS,wealth,middle
77,D2,0.190509053310645,0.203378985487417,0.196944019399031,CHARLS,wealth,middle
77,DEAD,0.150527261527183,0.170867366293375,0.160697313910279,CHARLS,wealth,middle
78,I0,0.239255994059522,0.21350870895849,0.226382351509006,CHARLS,wealth,middle
78,D1,0.143833903118942,0.137665366321631,0.140749634720286,CHARLS,wealth,middle
78,R1,0.242663751040744,0.2414912795826,0.242077515311672,CHARLS,wealth,middle
78,D2,0.203378985487417,0.21409372252421,0.208736354005814,CHARLS,wealth,middle
78,DEAD,0.170867366293375,0.193240922613069,0.182054144453222,CHARLS,wealth,middle
79,I0,0.21350870895849,0.189364810889364,0.201436759923927,CHARLS,wealth,middle
79,D1,0.137665366321631,0.131246576399225,0.134455971360428,CHARLS,wealth,middle
79,R1,0.2414912795826,0.239491932483265,0.240491606032933,CHARLS,wealth,middle
79,D2,0.21409372252421,0.222312763958144,0.218203243241177,CHARLS,wealth,middle
79,DEAD,0.193240922613069,0.217583916270003,0.205412419441536,CHARLS,wealth,middle
80,I0,0.189364810889364,0.166729202589916,0.17804700673964,CHARLS,wealth,middle
80,D1,0.131246576399225,0.124642262522945,0.127944419461085,CHARLS,wealth,middle
80,R1,0.239491932483265,0.237117069319836,0.238304500901551,CHARLS,wealth,middle
80,D2,0.222312763958144,0.227801337237402,0.225057050597773,CHARLS,wealth,middle
80,DEAD,0.217583916270003,0.243710128329901,0.230647022299952,CHARLS,wealth,middle
81,I0,0.166729202589916,0.145527548696208,0.156128375643062,CHARLS,wealth,middle
81,D1,0.124642262522945,0.117912648880405,0.121277455701675,CHARLS,wealth,middle
81,R1,0.237117069319836,0.23475465476623,0.235935862043033,CHARLS,wealth,middle
81,D2,0.227801337237402,0.230488760567879,0.229145048902641,CHARLS,wealth,middle
81,DEAD,0.243710128329901,0.271316387089279,0.25751325770959,CHARLS,wealth,middle
82,I0,0.145527548696208,0.125743407924373,0.135635478310291,CHARLS,wealth,middle
82,D1,0.117912648880405,0.111101443464555,0.11450704617248,CHARLS,wealth,middle
82,R1,0.23475465476623,0.232502944085004,0.233628799425617,CHARLS,wealth,middle
82,D2,0.230488760567879,0.230591150399623,0.230539955483751,CHARLS,wealth,middle
82,DEAD,0.271316387089279,0.300061054126445,0.285688720607862,CHARLS,wealth,middle
83,I0,0.125743407924373,0.107411962635768,0.11657768528007,CHARLS,wealth,middle
83,D1,0.111101443464555,0.104237858647238,0.107669651055896,CHARLS,wealth,middle
83,R1,0.232502944085004,0.230218888690189,0.231360916387596,CHARLS,wealth,middle
83,D2,0.230591150399623,0.228519682316347,0.229555416357985,CHARLS,wealth,middle
83,DEAD,0.300061054126445,0.329611607710459,0.314836330918452,CHARLS,wealth,middle
84,I0,0.107411962635768,0.0906007036012326,0.0990063331185,CHARLS,wealth,middle
84,D1,0.104237858647238,0.0973441298314914,0.100790994239365,CHARLS,wealth,middle
84,R1,0.230218888690189,0.227615155377647,0.228917022033918,CHARLS,wealth,middle
84,D2,0.228519682316347,0.224768853988517,0.226644268152432,CHARLS,wealth,middle
84,DEAD,0.329611607710459,0.359671157201112,0.344641382455785,CHARLS,wealth,middle
85,I0,0.0906007036012326,0.0753887740187114,0.082994738809972,CHARLS,wealth,middle
85,D1,0.0973441298314914,0.090443411027877,0.0938937704296842,CHARLS,wealth,middle
85,R1,0.227615155377647,0.224325873860188,0.225970514618918,CHARLS,wealth,middle
85,D2,0.224768853988517,0.219844391573178,0.222306622780848,CHARLS,wealth,middle
85,DEAD,0.359671157201112,0.389997549520045,0.374834353360578,CHARLS,wealth,middle
86,I0,0.0753887740187114,0.0618456829974548,0.0686172285080831,CHARLS,wealth,middle
86,D1,0.090443411027877,0.0835665534742867,0.0870049822510819,CHARLS,wealth,middle
86,R1,0.224325873860188,0.219952837233353,0.22213935554677,CHARLS,wealth,middle
86,D2,0.219844391573178,0.214218624378756,0.217031507975967,CHARLS,wealth,middle
86,DEAD,0.389997549520045,0.42041630191615,0.405206925718097,CHARLS,wealth,middle
87,I0,0.0618456829974548,0.0500114296391829,0.0559285563183188,CHARLS,wealth,middle
87,D1,0.0835665534742867,0.0767560951831469,0.0801613243287168,CHARLS,wealth,middle
87,R1,0.219952837233353,0.214100342356816,0.217026589795084,CHARLS,wealth,middle
87,D2,0.214218624378756,0.208303287569035,0.211260955973895,CHARLS,wealth,middle
87,DEAD,0.42041630191615,0.45082884525182,0.435622573583985,CHARLS,wealth,middle
88,I0,0.0500114296391829,0.0398809406270695,0.0449461851331262,CHARLS,wealth,middle
88,D1,0.0767560951831469,0.070066174351777,0.073411134767462,CHARLS,wealth,middle
88,R1,0.214100342356816,0.206403575912287,0.210251959134551,CHARLS,wealth,middle
88,D2,0.208303287569035,0.202432147570751,0.205367717569893,CHARLS,wealth,middle
88,DEAD,0.45082884525182,0.481217161538116,0.466023003394968,CHARLS,wealth,middle
89,I0,0.0398809406270695,0.0313956831457086,0.035638311886389,CHARLS,wealth,middle
89,D1,0.070066174351777,0.0635579788181215,0.0668120765849493,CHARLS,wealth,middle
89,R1,0.206403575912287,0.196553275480959,0.201478425696623,CHARLS,wealth,middle
89,D2,0.202432147570751,0.196847724173944,0.199639935872347,CHARLS,wealth,middle
89,DEAD,0.481217161538116,0.511645338381268,0.496431249959692,CHARLS,wealth,middle
90,I0,0.0313956831457086,0.0244441642104655,0.0279199236780871,CHARLS,wealth,middle
90,D1,0.0635579788181215,0.0572915329138925,0.060424755866007,CHARLS,wealth,middle
90,R1,0.196553275480959,0.184318628246948,0.190435951863953,CHARLS,wealth,middle
90,D2,0.196847724173944,0.191687456938316,0.19426759055613,CHARLS,wealth,middle
90,DEAD,0.511645338381268,0.542258217690379,0.526951778035823,CHARLS,wealth,middle
91,I0,0.0244441642104655,0.0188674945371291,0.0216558293737973,CHARLS,wealth,middle
91,D1,0.0572915329138925,0.0513158918813806,0.0543037123976366,CHARLS,wealth,middle
91,R1,0.184318628246948,0.169633453793128,0.176976041020038,CHARLS,wealth,middle
91,D2,0.191687456938316,0.186928236698495,0.189307846818405,CHARLS,wealth,middle
91,DEAD,0.542258217690379,0.573254923089868,0.557756570390123,CHARLS,wealth,middle
92,I0,0.0188674945371291,0.0144677725315556,0.0166676335343424,CHARLS,wealth,middle
92,D1,0.0513158918813806,0.0456633596928746,0.0484896257871276,CHARLS,wealth,middle
92,R1,0.169633453793128,0.152822632540541,0.161228043166834,CHARLS,wealth,middle
92,D2,0.186928236698495,0.182259515620214,0.184593876159354,CHARLS,wealth,middle
92,DEAD,0.573254923089868,0.604786719614815,0.589020821352341,CHARLS,wealth,middle
93,I0,0.0144677725315556,0.0110384062069963,0.012753089369276,CHARLS,wealth,middle
93,D1,0.0456633596928746,0.0403500616086401,0.0430067106507574,CHARLS,wealth,middle
93,R1,0.152822632540541,0.134525895106549,0.143674263823545,CHARLS,wealth,middle
93,D2,0.182259515620214,0.177175996422958,0.179717756021586,CHARLS,wealth,middle
93,DEAD,0.604786719614815,0.636909640654856,0.620848180134835,CHARLS,wealth,middle
94,I0,0.0110384062069963,0.00838743389178538,0.00971292004939085,CHARLS,wealth,middle
94,D1,0.0403500616086401,0.0353812109216917,0.0378656362651659,CHARLS,wealth,middle
94,R1,0.134525895106549,0.115564014370261,0.125044954738405,CHARLS,wealth,middle
94,D2,0.177175996422958,0.171106956906989,0.174141476664974,CHARLS,wealth,middle
94,DEAD,0.636909640654856,0.669560383909273,0.653235012282064,CHARLS,wealth,middle
95,I0,0.00838743389178538,0.00634890023878579,0.00736816706528559,CHARLS,wealth,middle
95,D1,0.0353812109216917,0.0307578374924362,0.0330695242070639,CHARLS,wealth,middle
95,R1,0.115564014370261,0.0968205223516447,0.106192268360953,CHARLS,wealth,middle
95,D2,0.171106956906989,0.163534421209343,0.167320689058166,CHARLS,wealth,middle
95,DEAD,0.669560383909273,0.70253831870779,0.686049351308531,CHARLS,wealth,middle
96,I0,0.00634890023878579,0.00480582437514438,0.00557736230696508,CHARLS,wealth,middle
96,D1,0.0307578374924362,0.0265315465088361,0.0286446920006362,CHARLS,wealth,middle
96,R1,0.0968205223516447,0.0824753751923262,0.0896479487719855,CHARLS,wealth,middle
96,D2,0.163534421209343,0.153505014263276,0.15851971773631,CHARLS,wealth,middle
96,DEAD,0.70253831870779,0.732682239660417,0.717610279184104,CHARLS,wealth,middle
97,I0,0.00480582437514438,0.00363778718456425,0.00422180577985431,CHARLS,wealth,middle
97,D1,0.0265315465088361,0.0227386196544144,0.0246350830816253,CHARLS,wealth,middle
97,R1,0.0824753751923262,0.0711782847320335,0.0768268299621799,CHARLS,wealth,middle
97,D2,0.153505014263276,0.142368424639777,0.147936719451527,CHARLS,wealth,middle
97,DEAD,0.732682239660417,0.760076883789211,0.746379561724814,CHARLS,wealth,middle
98,I0,0.00363778718456425,0.00275363695532098,0.00319571206994261,CHARLS,wealth,middle
98,D1,0.0227386196544144,0.0193822523876074,0.0210604360210109,CHARLS,wealth,middle
98,R1,0.0711782847320335,0.0620427402303047,0.0666105124811691,CHARLS,wealth,middle
98,D2,0.142368424639777,0.130951253468099,0.136659839053938,CHARLS,wealth,middle
98,DEAD,0.760076883789211,0.784870116958668,0.772473500373939,CHARLS,wealth,middle
99,I0,0.00275363695532098,0.00208437604978193,0.00241900650255145,CHARLS,wealth,middle
99,D1,0.0193822523876074,0.0164450305154672,0.0179136414515373,CHARLS,wealth,middle
99,R1,0.0620427402303047,0.0544814430872144,0.0582620916587596,CHARLS,wealth,middle
99,D2,0.130951253468099,0.119747545393584,0.125349399430841,CHARLS,wealth,middle
99,DEAD,0.784870116958668,0.807241604953953,0.796055860956311,CHARLS,wealth,middle
60,I0,1,0.941850206728358,0.970925103364179,CHARLS,wealth,low
60,D1,0,0.055374389043123,0.0276871945215615,CHARLS,wealth,low
60,R1,0,0,0,CHARLS,wealth,low
60,D2,0,0,0,CHARLS,wealth,low
60,DEAD,0,0.0027754042285186,0.0013877021142593,CHARLS,wealth,low
61,I0,0.941850206728358,0.88453297365799,0.913191590193174,CHARLS,wealth,low
61,D1,0.055374389043123,0.0977120300194228,0.0765432095312729,CHARLS,wealth,low
61,R1,0,0.0114763017106305,0.00573815085531523,CHARLS,wealth,low
61,D2,0,0,0,CHARLS,wealth,low
61,DEAD,0.0027754042285186,0.00627869461195673,0.00452704942023766,CHARLS,wealth,low
62,I0,0.88453297365799,0.828204504635061,0.856368739146525,CHARLS,wealth,low
62,D1,0.0977120300194228,0.129809140563807,0.113760585291615,CHARLS,wealth,low
62,R1,0.0114763017106305,0.0294589088907184,0.0204676053006744,CHARLS,wealth,low
62,D2,0,0.00201489458751732,0.00100744729375866,CHARLS,wealth,low
62,DEAD,0.00627869461195673,0.0105125513228967,0.0083956229674267,CHARLS,wealth,low
63,I0,0.828204504635061,0.773032104171315,0.800618304403188,CHARLS,wealth,low
63,D1,0.129809140563807,0.15381658180342,0.141812861183613,CHARLS,wealth,low
63,R1,0.0294589088907184,0.0508362078648052,0.0401475583777618,CHARLS,wealth,low
63,D2,0.00201489458751732,0.00682234206163953,0.00441861832457842,CHARLS,wealth,low
63,DEAD,0.0105125513228967,0.0154927640988205,0.0130026577108586,CHARLS,wealth,low
64,I0,0.773032104171315,0.719190896502385,0.74611150033685,CHARLS,wealth,low
64,D1,0.15381658180342,0.171396748977972,0.162606665390696,CHARLS,wealth,low
64,R1,0.0508362078648052,0.0736371316235105,0.0622366697441579,CHARLS,wealth,low
64,D2,0.00682234206163953,0.0145298944593694,0.0106761182605045,CHARLS,wealth,low
64,DEAD,0.0154927640988205,0.0212453284367631,0.0183690462677918,CHARLS,wealth,low
65,I0,0.719190896502385,0.666860032320128,0.693025464411256,CHARLS,wealth,low
65,D1,0.171396748977972,0.183840716433969,0.17761873270597,CHARLS,wealth,low
65,R1,0.0736371316235105,0.096585614454276,0.0851113730388933,CHARLS,wealth,low
65,D2,0.0145298944593694,0.024907805916254,0.0197188501878117,CHARLS,wealth,low
65,DEAD,0.0212453284367631,0.0278058308753735,0.0245255796560683,CHARLS,wealth,low
66,I0,0.666860032320128,0.616218447972554,0.641539240146341,CHARLS,wealth,low
66,D1,0.183840716433969,0.192156249237832,0.1879984828359,CHARLS,wealth,low
66,R1,0.096585614454276,0.11882516522504,0.107705389839658,CHARLS,wealth,low
66,D2,0.024907805916254,0.03757944321196,0.031243624564107,CHARLS,wealth,low
66,DEAD,0.0278058308753735,0.0352206943526144,0.031513262613994,CHARLS,wealth,low
67,I0,0.616218447972554,0.56744028289721,0.591829365434882,CHARLS,wealth,low
67,D1,0.192156249237832,0.197134192337208,0.19464522078752,CHARLS,wealth,low
67,R1,0.11882516522504,0.139749757379895,0.129287461302467,CHARLS,wealth,low
67,D2,0.03757944321196,0.0521256926113165,0.0448525679116382,CHARLS,wealth,low
67,DEAD,0.0352206943526144,0.0435500747743711,0.0393853845634928,CHARLS,wealth,low
68,I0,0.56744028289721,0.520690102437536,0.544065192667373,CHARLS,wealth,low
68,D1,0.197134192337208,0.199398602669838,0.198266397503523,CHARLS,wealth,low
68,R1,0.139749757379895,0.158901181121005,0.14932546925045,CHARLS,wealth,low
68,D2,0.0521256926113165,0.0681377360676953,0.0601317143395059,CHARLS,wealth,low
68,DEAD,0.0435500747743711,0.0528723777039256,0.0482112262391484,CHARLS,wealth,low
69,I0,0.520690102437536,0.476118111146684,0.49840410679211,CHARLS,wealth,low
69,D1,0.199398602669838,0.199444491323914,0.199421546996876,CHARLS,wealth,low
69,R1,0.158901181121005,0.175907961810513,0.167404571465759,CHARLS,wealth,low
69,D2,0.0681377360676953,0.0852389223961159,0.0766883292319056,CHARLS,wealth,low
69,DEAD,0.0528723777039256,0.0632905133227739,0.0580814455133498,CHARLS,wealth,low
70,I0,0.476118111146684,0.433855571654743,0.454986841400714,CHARLS,wealth,low
70,D1,0.199444491323914,0.197665987339093,0.198555239331504,CHARLS,wealth,low
70,R1,0.175907961810513,0.190450308279285,0.183179135044899,CHARLS,wealth,low
70,D2,0.0852389223961159,0.10308799213349,0.094163457264803,CHARLS,wealth,low
70,DEAD,0.0632905133227739,0.0749401405933886,0.0691153269580813,CHARLS,wealth,low
71,I0,0.433855571654743,0.394003007458987,0.413929289556865,CHARLS,wealth,low
71,D1,0.197665987339093,0.194379385577796,0.196022686458445,CHARLS,wealth,low
71,R1,0.190450308279285,0.202262620473187,0.196356464376236,CHARLS,wealth,low
71,D2,0.10308799213349,0.121358737537272,0.112223364835381,CHARLS,wealth,low
71,DEAD,0.0749401405933886,0.0879962489527575,0.081468194773073,CHARLS,wealth,low
72,I0,0.394003007458987,0.356600582785349,0.375301795122168,CHARLS,wealth,low
72,D1,0.194379385577796,0.189846560694199,0.192112973135998,CHARLS,wealth,low
72,R1,0.202262620473187,0.211214589766666,0.206738605119926,CHARLS,wealth,low
72,D2,0.121358737537272,0.13967538300406,0.130517060270666,CHARLS,wealth,low
72,DEAD,0.0879962489527575,0.102662883749726,0.0953295663512418,CHARLS,wealth,low
73,I0,0.356600582785349,0.321631700638823,0.339116141712086,CHARLS,wealth,low
73,D1,0.189846560694199,0.184284647634378,0.187065604164289,CHARLS,wealth,low
73,R1,0.211214589766666,0.217323580203451,0.214269084985058,CHARLS,wealth,low
73,D2,0.13967538300406,0.157599088013599,0.14863723550883,CHARLS,wealth,low
73,DEAD,0.102662883749726,0.119160983509748,0.110911933629737,CHARLS,wealth,low
74,I0,0.321631700638823,0.289035970155317,0.30533383539707,CHARLS,wealth,low
74,D1,0.184284647634378,0.177873517431681,0.18107908253303,CHARLS,wealth,low
74,R1,0.217323580203451,0.220737609977429,0.21903059509044,CHARLS,wealth,low
74,D2,0.157599088013599,0.174639880618728,0.166119484316164,CHARLS,wealth,low
74,DEAD,0.119160983509748,0.137713021816846,0.128437002663297,CHARLS,wealth,low
75,I0,0.289035970155317,0.2587214049723,0.273878687563808,CHARLS,wealth,low
75,D1,0.177873517431681,0.170764313819531,0.174318915625606,CHARLS,wealth,low
75,R1,0.220737609977429,0.221714589580369,0.221226099778899,CHARLS,wealth,low
75,D2,0.174639880618728,0.190278330805937,0.182459105712332,CHARLS,wealth,low
75,DEAD,0.137713021816846,0.158521360821863,0.148117191319354,CHARLS,wealth,low
76,I0,0.2587214049723,0.230575369378938,0.244648387175619,CHARLS,wealth,low
76,D1,0.170764313819531,0.163088214490941,0.166926264155236,CHARLS,wealth,low
76,R1,0.221714589580369,0.220598749286075,0.221156669433222,CHARLS,wealth,low
76,D2,0.190278330805937,0.203997092992118,0.197137711899028,CHARLS,wealth,low
76,DEAD,0.158521360821863,0.181740573851927,0.170130967336895,CHARLS,wealth,low
77,I0,0.230575369378938,0.204474055343303,0.217524712361121,CHARLS,wealth,low
77,D1,0.163088214490941,0.154964553604108,0.159026384047525,CHARLS,wealth,low
77,R1,0.220598749286075,0.217795688753675,0.219197219019875,CHARLS,wealth,low
77,D2,0.203997092992118,0.215320347554654,0.209658720273386,CHARLS,wealth,low
77,DEAD,0.181740573851927,0.207445354744259,0.194592964298093,CHARLS,wealth,low
78,I0,0.204474055343303,0.180290475619637,0.19238226548147,CHARLS,wealth,low
78,D1,0.154964553604108,0.146507394182825,0.150735973893467,CHARLS,wealth,low
78,R1,0.217795688753675,0.213747821634606,0.21577175519414,CHARLS,wealth,low
78,D2,0.215320347554654,0.223856920248737,0.219588633901696,CHARLS,wealth,low
78,DEAD,0.207445354744259,0.235597388314195,0.221521371529227,CHARLS,wealth,low
79,I0,0.180290475619637,0.15790109565558,0.169095785637609,CHARLS,wealth,low
79,D1,0.146507394182825,0.137829650815815,0.14216852249932,CHARLS,wealth,low
79,R1,0.213747821634606,0.208912047962325,0.211329934798466,CHARLS,wealth,low
79,D2,0.223856920248737,0.229340871877459,0.226598896063098,CHARLS,wealth,low
79,DEAD,0.235597388314195,0.266016333688821,0.250806861001508,CHARLS,wealth,low
80,I0,0.15790109565558,0.137191306168481,0.147546200912031,CHARLS,wealth,low
80,D1,0.137829650815815,0.129044024150667,0.133436837483241,CHARLS,wealth,low
80,R1,0.208912047962325,0.20374120844036,0.206326628201343,CHARLS,wealth,low
80,D2,0.229340871877459,0.231662229385924,0.230501550631691,CHARLS,wealth,low
80,DEAD,0.266016333688821,0.298361231854568,0.282188782771694,CHARLS,wealth,low
81,I0,0.137191306168481,0.118068484060488,0.127629895114485,CHARLS,wealth,low
81,D1,0.129044024150667,0.120256322939258,0.124650173544963,CHARLS,wealth,low
81,R1,0.20374120844036,0.198612359664398,0.201176784052379,CHARLS,wealth,low
81,D2,0.231662229385924,0.230911681521826,0.231286955453875,CHARLS,wealth,low
81,DEAD,0.298361231854568,0.33215115181403,0.315256191834299,CHARLS,wealth,low
82,I0,0.118068484060488,0.100493134058394,0.109280809059441,CHARLS,wealth,low
82,D1,0.120256322939258,0.111545634948431,0.115900978943845,CHARLS,wealth,low
82,R1,0.198612359664398,0.193620647136875,0.196116503400636,CHARLS,wealth,low
82,D2,0.230911681521826,0.227460084036922,0.229185882779374,CHARLS,wealth,low
82,DEAD,0.33215115181403,0.366880499819377,0.349515825816704,CHARLS,wealth,low
83,I0,0.100493134058394,0.0844696900557127,0.0924814120570535,CHARLS,wealth,low
83,D1,0.111545634948431,0.102965461958098,0.107255548453265,CHARLS,wealth,low
83,R1,0.193620647136875,0.188641627926371,0.191131137531623,CHARLS,wealth,low
83,D2,0.227460084036922,0.221840429386581,0.224650256711752,CHARLS,wealth,low
83,DEAD,0.366880499819377,0.402082790673238,0.384481645246307,CHARLS,wealth,low
84,I0,0.0844696900557127,0.0700263815417195,0.0772480357987161,CHARLS,wealth,low
84,D1,0.102965461958098,0.0945528760964853,0.0987591690272915,CHARLS,wealth,low
84,R1,0.188641627926371,0.183432599471016,0.186037113698693,CHARLS,wealth,low
84,D2,0.221840429386581,0.214626920081248,0.218233674733915,CHARLS,wealth,low
84,DEAD,0.402082790673238,0.437361222809531,0.419722006741384,CHARLS,wealth,low
85,I0,0.0700263815417195,0.0571952020667472,0.0636107918042333,CHARLS,wealth,low
85,D1,0.0945528760964853,0.0863380942678824,0.0904454851821839,CHARLS,wealth,low
85,R1,0.183432599471016,0.177698138173247,0.180565368822131,CHARLS,wealth,low
85,D2,0.214626920081248,0.20636226411749,0.210494592099369,CHARLS,wealth,low
85,DEAD,0.437361222809531,0.472406301374633,0.454883762092082,CHARLS,wealth,low
86,I0,0.0571952020667472,0.0459929254939871,0.0515940637803671,CHARLS,wealth,low
86,D1,0.0863380942678824,0.0783525745425196,0.082345334405201,CHARLS,wealth,low
86,R1,0.177698138173247,0.171133813318355,0.174415975745801,CHARLS,wealth,low
86,D2,0.20636226411749,0.197517504290127,0.201939884203808,CHARLS,wealth,low
86,DEAD,0.472406301374633,0.507003182355011,0.489704741864822,CHARLS,wealth,low
87,I0,0.0459929254939871,0.036405146282784,0.0411990358883855,CHARLS,wealth,low
87,D1,0.0783525745425196,0.0706338349309414,0.0744932047367305,CHARLS,wealth,low
87,R1,0.171133813318355,0.163457527181627,0.167295670249991,CHARLS,wealth,low
87,D2,0.197517504290127,0.188471802343321,0.192994653316724,CHARLS,wealth,low
87,DEAD,0.507003182355011,0.541031689261326,0.524017435808169,CHARLS,wealth,low
88,I0,0.036405146282784,0.02837574570733,0.032390445995057,CHARLS,wealth,low
88,D1,0.0706338349309414,0.0632258785181434,0.0669298567245424,CHARLS,wealth,low
88,R1,0.163457527181627,0.154434013219417,0.158945770200522,CHARLS,wealth,low
88,D2,0.188471802343321,0.179503053413749,0.183987427878535,CHARLS,wealth,low
88,DEAD,0.541031689261326,0.57446130914136,0.557746499201343,CHARLS,wealth,low
89,I0,0.02837574570733,0.0218037184137765,0.0250897320605533,CHARLS,wealth,low
89,D1,0.0632258785181434,0.056175223694217,0.0597005511061802,CHARLS,wealth,low
89,R1,0.154434013219417,0.143895459084209,0.149164736151813,CHARLS,wealth,low
89,D2,0.179503053413749,0.170783036622533,0.175143045018141,CHARLS,wealth,low
89,DEAD,0.57446130914136,0.607342562185264,0.590901935663312,CHARLS,wealth,low
90,I0,0.0218037184137765,0.0165479277833323,0.0191758230985544,CHARLS,wealth,low
90,D1,0.056175223694217,0.0495237794972578,0.0528495015957374,CHARLS,wealth,low
90,R1,0.143895459084209,0.131760091421366,0.137827775252787,CHARLS,wealth,low
90,D2,0.170783036622533,0.162372822632263,0.166577929627398,CHARLS,wealth,low
90,DEAD,0.607342562185264,0.639795378665781,0.623568970425522,CHARLS,wealth,low
91,I0,0.0165479277833323,0.0124360050673326,0.0144919664253324,CHARLS,wealth,low
91,D1,0.0495237794972578,0.0433020161301869,0.0464128978137224,CHARLS,wealth,low
91,R1,0.131760091421366,0.118099391185105,0.124929741303235,CHARLS,wealth,low
91,D2,0.162372822632263,0.154191535099061,0.158282178865662,CHARLS,wealth,low
91,DEAD,0.639795378665781,0.671971052518315,0.655883215592048,CHARLS,wealth,low
92,I0,0.0124360050673326,0.00927506802969673,0.0108555365485147,CHARLS,wealth,low
92,D1,0.0433020161301869,0.037528851553587,0.040415433841887,CHARLS,wealth,low
92,R1,0.118099391185105,0.103302496131836,0.11070094365847,CHARLS,wealth,low
92,D2,0.154191535099061,0.145952649106812,0.150072092102937,CHARLS,wealth,low
92,DEAD,0.671971052518315,0.703940935178067,0.687955993848191,CHARLS,wealth,low
93,I0,0.00927506802969673,0.00687654316483965,0.00807580559726819,CHARLS,wealth,low
93,D1,0.037528851553587,0.0322124070434506,0.0348706292985188,CHARLS,wealth,low
93,R1,0.103302496131836,0.0879842781044461,0.0956433871181413,CHARLS,wealth,low
93,D2,0.145952649106812,0.137269841005602,0.141611245056207,CHARLS,wealth,low
93,DEAD,0.703940935178067,0.735656930681661,0.719798932929864,CHARLS,wealth,low
94,I0,0.00687654316483965,0.00507311833417224,0.00597483074950594,CHARLS,wealth,low
94,D1,0.0322124070434506,0.0273536258896927,0.0297830164665717,CHARLS,wealth,low
94,R1,0.0879842781044461,0.072851823749588,0.0804180509270171,CHARLS,wealth,low
94,D2,0.137269841005602,0.127779686383493,0.132524763694548,CHARLS,wealth,low
94,DEAD,0.735656930681661,0.766941745643054,0.751299338162357,CHARLS,wealth,low
95,I0,0.00507311833417224,0.00372542526761152,0.00439927180089188,CHARLS,wealth,low
95,D1,0.0273536258896927,0.0229508222303514,0.025152224060022,CHARLS,wealth,low
95,R1,0.072851823749588,0.0585919144808076,0.0657218691151978,CHARLS,wealth,low
95,D2,0.127779686383493,0.117242016355495,0.122510851369494,CHARLS,wealth,low
95,DEAD,0.766941745643054,0.797489821665735,0.782215783654394,CHARLS,wealth,low
96,I0,0.00372542526761152,0.00273575195971116,0.00323058861366134,CHARLS,wealth,low
96,D1,0.0229508222303514,0.0191274823308716,0.0210391522806115,CHARLS,wealth,low
96,R1,0.0585919144808076,0.0479850574661166,0.0532884859734621,CHARLS,wealth,low
96,D2,0.117242016355495,0.105733877406902,0.111487946881198,CHARLS,wealth,low
96,DEAD,0.797489821665735,0.824417830836399,0.810953826251067,CHARLS,wealth,low
97,I0,0.00273575195971116,0.00200898910793664,0.0023723705338239,CHARLS,wealth,low
97,D1,0.0191274823308716,0.0158512866198477,0.0174893844753597,CHARLS,wealth,low
97,R1,0.0479850574661166,0.0398572101496868,0.0439211338079017,CHARLS,wealth,low
97,D2,0.105733877406902,0.0942729549817353,0.100003416194319,CHARLS,wealth,low
97,DEAD,0.824417830836399,0.848009559140794,0.836213694988596,CHARLS,wealth,low
98,I0,0.00200898910793664,0.00147529355557299,0.00174214133175481,CHARLS,wealth,low
98,D1,0.0158512866198477,0.0130734389971624,0.014462362808505,CHARLS,wealth,low
98,R1,0.0398572101496868,0.0334605688209634,0.0366588894853251,CHARLS,wealth,low
98,D2,0.0942729549817353,0.0834019596058609,0.0888374572937981,CHARLS,wealth,low
98,DEAD,0.848009559140794,0.86858873902044,0.858299149080617,CHARLS,wealth,low
99,I0,0.00147529355557299,0.00108337624455843,0.00127933490006571,CHARLS,wealth,low
99,D1,0.0130734389971624,0.0107382086268833,0.0119058238120229,CHARLS,wealth,low
99,R1,0.0334605688209634,0.0283111759847923,0.0308858724028778,CHARLS,wealth,low
99,D2,0.0834019596058609,0.0733831764525064,0.0783925680291837,CHARLS,wealth,low
99,DEAD,0.86858873902044,0.88648406269126,0.87753640085585,CHARLS,wealth,low
60,I0,1,0.981660587120218,0.990830293560109,HRS,education,high
60,D1,0,0.0146924341206396,0.00734621706031979,HRS,education,high
60,R1,0,0,0,HRS,education,high
60,D2,0,0,0,HRS,education,high
60,DEAD,0,0.00364697875914223,0.00182348937957112,HRS,education,high
61,I0,0.981660587120218,0.962932663355501,0.97229662523786,HRS,education,high
61,D1,0.0146924341206396,0.0258450179350331,0.0202687260278363,HRS,education,high
61,R1,0,0.00322840094638543,0.00161420047319271,HRS,education,high
61,D2,0,0,0,HRS,education,high
61,DEAD,0.00364697875914223,0.00799391776308021,0.00582044826111122,HRS,education,high
62,I0,0.962932663355501,0.943794349916156,0.953363506635829,HRS,education,high
62,D1,0.0258450179350331,0.0342691050086989,0.030057061471866,HRS,education,high
62,R1,0.00322840094638543,0.00852157768488786,0.00587498931563664,HRS,education,high
62,D2,0,0.000355286815924242,0.000177643407962121,HRS,education,high
62,DEAD,0.00799391776308021,0.0130596805743331,0.0105267991687066,HRS,education,high
63,I0,0.943794349916156,0.924215413064639,0.934004881490397,HRS,education,high
63,D1,0.0342691050086989,0.040606312546247,0.0374377087774729,HRS,education,high
63,R1,0.00852157768488786,0.0151276996441753,0.0118246386645316,HRS,education,high
63,D2,0.000355286815924242,0.00117796839814635,0.000766627607035298,HRS,education,high
63,DEAD,0.0130596805743331,0.0188726063467928,0.0159661434605629,HRS,education,high
64,I0,0.924215413064639,0.904157904992923,0.914186659028781,HRS,education,high
64,D1,0.040606312546247,0.0453663523569074,0.0429863324515772,HRS,education,high
64,R1,0.0151276996441753,0.0225500154826991,0.0188388575634372,HRS,education,high
64,D2,0.00117796839814635,0.00245801976186863,0.00181799408000749,HRS,education,high
64,DEAD,0.0188726063467928,0.0254677074056014,0.0221701568761971,HRS,education,high
65,I0,0.904157904992923,0.883576883914927,0.893867394453926,HRS,education,high
65,D1,0.0453663523569074,0.0489559179332952,0.0471611351451013,HRS,education,high
65,R1,0.0225500154826991,0.0304498926149708,0.026499954048835,HRS,education,high
65,D2,0.00245801976186863,0.0041328097932042,0.00329541477753642,HRS,education,high
65,DEAD,0.0254677074056014,0.0328844957436023,0.0291761015746019,HRS,education,high
66,I0,0.883576883914927,0.862421174503228,0.872999029209078,HRS,education,high
66,D1,0.0489559179332952,0.0517010318211178,0.0503284748772065,HRS,education,high
66,R1,0.0304498926149708,0.0385867447919733,0.0345183187034721,HRS,education,high
66,D2,0.0041328097932042,0.00612585707175164,0.00512933343247792,HRS,education,high
66,DEAD,0.0328844957436023,0.0411651918119296,0.037024843777766,HRS,education,high
67,I0,0.862421174503228,0.840634128362391,0.851527651432809,HRS,education,high
67,D1,0.0517010318211178,0.0538645772435759,0.0527828045323469,HRS,education,high
67,R1,0.0385867447919733,0.0467807407455819,0.0426837427687776,HRS,education,high
67,D2,0.00612585707175164,0.00836739499600974,0.00724662603388069,HRS,education,high
67,DEAD,0.0411651918119296,0.0503531586524413,0.0457591752321855,HRS,education,high
68,I0,0.840634128362391,0.818154340838894,0.829394234600643,HRS,education,high
68,D1,0.0538645772435759,0.0556602577686303,0.0547624175061031,HRS,education,high
68,R1,0.0467807407455819,0.0548895567336483,0.0508351487396151,HRS,education,high
68,D2,0.00836739499600974,0.0108043763324689,0.00958588566423933,HRS,education,high
68,DEAD,0.0503531586524413,0.0604914683263587,0.0554223134894,HRS,education,high
69,I0,0.818154340838894,0.794916275273359,0.806535308056126,HRS,education,high
69,D1,0.0556602577686303,0.0572638883905094,0.0564620730795699,HRS,education,high
69,R1,0.0548895567336483,0.0627937325057182,0.0588416446196832,HRS,education,high
69,D2,0.0108043763324689,0.0134045484354237,0.0121044623839463,HRS,education,high
69,DEAD,0.0604914683263587,0.0716215553949898,0.0660565118606743,HRS,education,high
70,I0,0.794916275273359,0.770850739538036,0.782883507405698,HRS,education,high
70,D1,0.0572638883905094,0.0588226793443148,0.0580432838674121,HRS,education,high
70,R1,0.0627937325057182,0.070387220348349,0.0665904764270336,HRS,education,high
70,D2,0.0134045484354237,0.0161574107439597,0.0147809795896917,HRS,education,high
70,DEAD,0.0716215553949898,0.0837819500253405,0.0777017527101652,HRS,education,high
71,I0,0.770850739538036,0.745888542694429,0.758369641116232,HRS,education,high
71,D1,0.0588226793443148,0.0604567687187932,0.059639724031554,HRS,education,high
71,R1,0.070387220348349,0.0775745117025523,0.0739808660254506,HRS,education,high
71,D2,0.0161574107439597,0.0190710177113638,0.0176142142276617,HRS,education,high
71,DEAD,0.0837819500253405,0.0970091591728625,0.0903955545991015,HRS,education,high
72,I0,0.745888542694429,0.71997453737087,0.73293154003265,HRS,education,high
72,D1,0.0604567687187932,0.0622410618616213,0.0613489152902072,HRS,education,high
72,R1,0.0775745117025523,0.0842803402701343,0.0809274259863433,HRS,education,high
72,D2,0.0190710177113638,0.022158308705528,0.0206146632084459,HRS,education,high
72,DEAD,0.0970091591728625,0.111345751791846,0.104177455482354,HRS,education,high
73,I0,0.71997453737087,0.693072373941636,0.706523455656253,HRS,education,high
73,D1,0.0622410618616213,0.0642082332665893,0.0632246475641053,HRS,education,high
73,R1,0.0842803402701343,0.0904451600208513,0.0873627501454928,HRS,education,high
73,D2,0.022158308705528,0.0254309339128032,0.0237946213091656,HRS,education,high
73,DEAD,0.111345751791846,0.126843298858121,0.119094525324984,HRS,education,high
74,I0,0.693072373941636,0.665166673113764,0.6791195235277,HRS,education,high
74,D1,0.0642082332665893,0.0663561634496324,0.0652821983581108,HRS,education,high
74,R1,0.0904451600208513,0.0960182282210831,0.0932316941209672,HRS,education,high
74,D2,0.0254309339128032,0.0288957330688688,0.027163333490836,HRS,education,high
74,DEAD,0.126843298858121,0.143563202146652,0.135203250502386,HRS,education,high
75,I0,0.665166673113764,0.636265784278517,0.65071622869614,HRS,education,high
75,D1,0.0663561634496324,0.0686526276495554,0.0675043955495939,HRS,education,high
75,R1,0.0960182282210831,0.100953426942275,0.0984858275816789,HRS,education,high
75,D2,0.0288957330688688,0.0325507907334386,0.0307232619011537,HRS,education,high
75,DEAD,0.143563202146652,0.161577370396215,0.152570286271433,HRS,education,high
76,I0,0.636265784278517,0.606404796594181,0.621335290436349,HRS,education,high
76,D1,0.0686526276495554,0.0710381282814688,0.0698453779655121,HRS,education,high
76,R1,0.100953426942275,0.105207130909285,0.10308027892578,HRS,education,high
76,D2,0.0325507907334386,0.036381321778392,0.0344660562559153,HRS,education,high
76,DEAD,0.161577370396215,0.180968622436673,0.171272996416444,HRS,education,high
77,I0,0.606404796594181,0.575648368452195,0.591026582523188,HRS,education,high
77,D1,0.0710381282814688,0.0734277439510011,0.072232936116235,HRS,education,high
77,R1,0.105207130909285,0.108737613217139,0.106972372063212,HRS,education,high
77,D2,0.036381321778392,0.0403555944457196,0.0383684581120558,HRS,education,high
77,DEAD,0.180968622436673,0.201830679933946,0.19139965118531,HRS,education,high
78,I0,0.575648368452195,0.544092845473632,0.559870606962913,HRS,education,high
78,D1,0.0734277439510011,0.0757128371626507,0.0745702905568259,HRS,education,high
78,R1,0.108737613217139,0.111505575414984,0.110121594316062,HRS,education,high
78,D2,0.0403555944457196,0.0444211499496216,0.0423883721976706,HRS,education,high
78,DEAD,0.201830679933946,0.224267591999112,0.213049135966529,HRS,education,high
79,I0,0.544092845473632,0.511867072568033,0.527979959020832,HRS,education,high
79,D1,0.0757128371626507,0.077763414282515,0.0767381257225828,HRS,education,high
79,R1,0.111505575414984,0.113475427784535,0.112490501599759,HRS,education,high
79,D2,0.0444211499496216,0.0485016753573125,0.0464614126534671,HRS,education,high
79,DEAD,0.224267591999112,0.248392410007605,0.236330001003359,HRS,education,high
80,I0,0.511867072568033,0.479131301405987,0.49549918698701,HRS,education,high
80,D1,0.077763414282515,0.0794318474346102,0.0785976308585626,HRS,education,high
80,R1,0.113475427784535,0.114616956229433,0.114046192006984,HRS,education,high
80,D2,0.0485016753573125,0.0524949911907593,0.0504983332740359,HRS,education,high
80,DEAD,0.248392410007605,0.274324903739211,0.261358656873408,HRS,education,high
81,I0,0.479131301405987,0.446069541367012,0.462600421386499,HRS,education,high
81,D1,0.0794318474346102,0.0805698343962084,0.0800008409154093,HRS,education,high
81,R1,0.114616956229433,0.114900276541469,0.114758616385451,HRS,education,high
81,D2,0.0524949911907593,0.056278847279347,0.0543869192350531,HRS,education,high
81,DEAD,0.274324903739211,0.302181500415964,0.288253202077587,HRS,education,high
82,I0,0.446069541367012,0.412869170235869,0.42946935580144,HRS,education,high
82,D1,0.0805698343962084,0.081077967829083,0.0808239011126457,HRS,education,high
82,R1,0.114900276541469,0.11427370497145,0.11458699075646,HRS,education,high
82,D2,0.056278847279347,0.0597370462623858,0.0580079467708664,HRS,education,high
82,DEAD,0.302181500415964,0.332042110701213,0.317111805558588,HRS,education,high
83,I0,0.412869170235869,0.379717253160966,0.396293211698417,HRS,education,high
83,D1,0.081077967829083,0.0809087610767081,0.0809933644528955,HRS,education,high
83,R1,0.11427370497145,0.112676609439887,0.113475157205668,HRS,education,high
83,D2,0.0597370462623858,0.0627626722772525,0.0612498592698191,HRS,education,high
83,DEAD,0.332042110701213,0.363934704045187,0.3479884073732,HRS,education,high
84,I0,0.379717253160966,0.346803293613855,0.36326027338741,HRS,education,high
84,D1,0.0809087610767081,0.0800558371344192,0.0804822991055637,HRS,education,high
84,R1,0.112676609439887,0.11005830475435,0.111367457097118,HRS,education,high
84,D2,0.0627626722772525,0.065256434942853,0.0640095536100527,HRS,education,high
84,DEAD,0.363934704045187,0.397826129554523,0.380880416799855,HRS,education,high
85,I0,0.346803293613855,0.314322801049878,0.330563047331867,HRS,education,high
85,D1,0.0800558371344192,0.0785441916497742,0.0793000143920967,HRS,education,high
85,R1,0.11005830475435,0.106392158228151,0.10822523149125,HRS,education,high
85,D2,0.065256434942853,0.0671278493645638,0.0661921421537084,HRS,education,high
85,DEAD,0.397826129554523,0.433612999707633,0.415719564631078,HRS,education,high
86,I0,0.314322801049878,0.282480586613125,0.298401693831502,HRS,education,high
86,D1,0.0785441916497742,0.0764215940936769,0.0774828928717256,HRS,education,high
86,R1,0.106392158228151,0.101685880080058,0.104039019154104,HRS,education,high
86,D2,0.0671278493645638,0.0682981362527263,0.0677129928086451,HRS,education,high
86,DEAD,0.433612999707633,0.471113802960414,0.452363401334024,HRS,education,high
87,I0,0.282480586613125,0.251492638008907,0.266986612311016,HRS,education,high
87,D1,0.0764215940936769,0.0737512614138154,0.0750864277537462,HRS,education,high
87,R1,0.101685880080058,0.0959884029521159,0.0988371415160869,HRS,education,high
87,D2,0.0682981362527263,0.0687040547467905,0.0685010954997584,HRS,education,high
87,DEAD,0.471113802960414,0.510063642878372,0.490588722919393,HRS,education,high
88,I0,0.251492638008907,0.221585509972896,0.236539073990901,HRS,education,high
88,D1,0.0737512614138154,0.070605887404745,0.0721785744092802,HRS,education,high
88,R1,0.0959884029521159,0.0893933756758971,0.0926908893140065,HRS,education,high
88,D2,0.0687040547467905,0.0683020928370546,0.0685030737919226,HRS,education,high
88,DEAD,0.510063642878372,0.550113134109408,0.53008838849389,HRS,education,high
89,I0,0.221585509972896,0.192992437529225,0.207288973751061,HRS,education,high
89,D1,0.070605887404745,0.0670629978059975,0.0688344426053713,HRS,education,high
89,R1,0.0893933756758971,0.082039080832049,0.085716228253973,HRS,education,high
89,D2,0.0683020928370546,0.0670725589661904,0.0676873259016225,HRS,education,high
89,DEAD,0.550113134109408,0.590832924866538,0.570473029487973,HRS,education,high
90,I0,0.192992437529225,0.165945858507601,0.179469148018413,HRS,education,high
90,D1,0.0670629978059975,0.0632014692507355,0.0651322335283665,HRS,education,high
90,R1,0.082039080832049,0.0741045382286609,0.078071809530355,HRS,education,high
90,D2,0.0670725589661904,0.0650231583201495,0.0660478586431699,HRS,education,high
90,DEAD,0.590832924866538,0.631724975692853,0.611278950279696,HRS,education,high
91,I0,0.165945858507601,0.140668517449721,0.153307187978661,HRS,education,high
91,D1,0.0632014692507355,0.059088638473136,0.0611450538619357,HRS,education,high
91,R1,0.0741045382286609,0.0658068077417694,0.0699556729852151,HRS,education,high
91,D2,0.0650231583201495,0.0621868763776435,0.0636050173488965,HRS,education,high
91,DEAD,0.631724975692853,0.672249159957731,0.651987067825292,HRS,education,high
92,I0,0.140668517449721,0.117367157690178,0.129017837569949,HRS,education,high
92,D1,0.059088638473136,0.0547467749707237,0.0569177067219298,HRS,education,high
92,R1,0.0658068077417694,0.0574014324790168,0.0616041201103931,HRS,education,high
92,D2,0.0621868763776435,0.058609523720377,0.0603982000490103,HRS,education,high
92,DEAD,0.672249159957731,0.711875111139705,0.692062135548718,HRS,education,high
93,I0,0.117367157690178,0.0962193787984526,0.106793268244315,HRS,education,high
93,D1,0.0547467749707237,0.0501728206948306,0.0524597978327771,HRS,education,high
93,R1,0.0574014324790168,0.0491488960168881,0.0532751642479524,HRS,education,high
93,D2,0.058609523720377,0.0543616534918504,0.0564855886061137,HRS,education,high
93,DEAD,0.711875111139705,0.750097250997979,0.730986181068842,HRS,education,high
94,I0,0.0962193787984526,0.0773604869130144,0.0867899328557335,HRS,education,high
94,D1,0.0501728206948306,0.0453660933567284,0.0477694570257795,HRS,education,high
94,R1,0.0491488960168881,0.041284726485656,0.045216811251272,HRS,education,high
94,D2,0.0543616534918504,0.0495482178698784,0.0519549356808644,HRS,education,high
94,DEAD,0.750097250997979,0.786440475374723,0.768268863186351,HRS,education,high
95,I0,0.0773604869130144,0.0608723030651272,0.0691163949890708,HRS,education,high
95,D1,0.0453660933567284,0.0403485340264112,0.0428573136915698,HRS,education,high
95,R1,0.041284726485656,0.034001246779732,0.037642986632694,HRS,education,high
95,D2,0.0495482178698784,0.0443091528089937,0.046928685339436,HRS,education,high
95,DEAD,0.786440475374723,0.820468763319736,0.80345461934723,HRS,education,high
96,I0,0.0608723030651272,0.0478983190038497,0.0543853110344885,HRS,education,high
96,D1,0.0403485340264112,0.0349154255866414,0.0376319798065263,HRS,education,high
96,R1,0.034001246779732,0.0283566974314221,0.031178972105577,HRS,education,high
96,D2,0.0443091528089937,0.0390715705588146,0.0416903616839041,HRS,education,high
96,DEAD,0.820468763319736,0.849757987419272,0.835113375369504,HRS,education,high
97,I0,0.0478983190038497,0.0376895377350834,0.0427939283694665,HRS,education,high
97,D1,0.0349154255866414,0.0296293999707348,0.0322724127786881,HRS,education,high
97,R1,0.0283566974314221,0.0238345922445842,0.0260956448380031,HRS,education,high
97,D2,0.0390715705588146,0.0341453688339313,0.0366084696963729,HRS,education,high
97,DEAD,0.849757987419272,0.874701101215667,0.86222954431747,HRS,education,high
98,I0,0.0376895377350834,0.0296565993176109,0.0336730685263471,HRS,education,high
98,D1,0.0296293999707348,0.0247818312838209,0.0272056156272778,HRS,education,high
98,R1,0.0238345922445842,0.0201214415306332,0.0219780168876087,HRS,education,high
98,D2,0.0341453688339313,0.0296610086582321,0.0319031887460817,HRS,education,high
98,DEAD,0.874701101215667,0.895779119209703,0.885240110212685,HRS,education,high
99,I0,0.0296565993176109,0.0233357567096563,0.0264961780136336,HRS,education,high
99,D1,0.0247818312838209,0.0204989649106516,0.0226403980972362,HRS,education,high
99,R1,0.0201214415306332,0.0170210900599185,0.0185712657952759,HRS,education,high
99,D2,0.0296610086582321,0.025655225411801,0.0276581170350165,HRS,education,high
99,DEAD,0.895779119209703,0.913488962907973,0.904634041058838,HRS,education,high
60,I0,1,0.97599510543445,0.987997552717225,HRS,education,middle
60,D1,0,0.0186262953065805,0.00931314765329024,HRS,education,middle
60,R1,0,0,0,HRS,education,middle
60,D2,0,0,0,HRS,education,middle
60,DEAD,0,0.0053785992589693,0.00268929962948465,HRS,education,middle
61,I0,0.97599510543445,0.951576712849487,0.963785909141968,HRS,education,middle
61,D1,0.0186262953065805,0.0328153334716598,0.0257208143891201,HRS,education,middle
61,R1,0,0.00385767786987811,0.00192883893493905,HRS,education,middle
61,D2,0,0,0,HRS,education,middle
61,DEAD,0.0053785992589693,0.0117502758089753,0.00856443753397228,HRS,education,middle
62,I0,0.951576712849487,0.926725793120215,0.939151252984851,HRS,education,middle
62,D1,0.0328153334716598,0.0435315205353137,0.0381734270034868,HRS,education,middle
62,R1,0.00385767786987811,0.0101348959961265,0.00699628693300229,HRS,education,middle
62,D2,0,0.000475189358773287,0.000237594679386643,HRS,education,middle
62,DEAD,0.0117502758089753,0.0191326009895712,0.0154414383992732,HRS,education,middle
63,I0,0.926725793120215,0.901414623444266,0.91407020828224,HRS,education,middle
63,D1,0.0435315205353137,0.0515490881709734,0.0475403043531436,HRS,education,middle
63,R1,0.0101348959961265,0.0179072496250925,0.0140210728106095,HRS,education,middle
63,D2,0.000475189358773287,0.00157442923664273,0.00102480929770801,HRS,education,middle
63,DEAD,0.0191326009895712,0.0275546095230258,0.0233436052562985,HRS,education,middle
64,I0,0.901414623444266,0.875608185907909,0.888511404676087,HRS,education,middle
64,D1,0.0515490881709734,0.0574918007464436,0.0545204444587085,HRS,education,middle
64,R1,0.0179072496250925,0.0265655043807864,0.0222363770029394,HRS,education,middle
64,D2,0.00157442923664273,0.00328201808655079,0.00242822366159676,HRS,education,middle
64,DEAD,0.0275546095230258,0.0370524908783105,0.0323035502006681,HRS,education,middle
65,I0,0.875608185907909,0.849265709254261,0.862436947581085,HRS,education,middle
65,D1,0.0574918007464436,0.061863544223057,0.0596776724847503,HRS,education,middle
65,R1,0.0265655043807864,0.0356939628016216,0.031129733591204,HRS,education,middle
65,D2,0.00328201808655079,0.00551055920798036,0.00439628864726557,HRS,education,middle
65,DEAD,0.0370524908783105,0.0476662245130798,0.0423593576956951,HRS,education,middle
66,I0,0.849265709254261,0.822342304842868,0.835804007048565,HRS,education,middle
66,D1,0.061863544223057,0.0650722271367026,0.0634678856798798,HRS,education,middle
66,R1,0.0356939628016216,0.0449958998174463,0.0403449313095339,HRS,education,middle
66,D2,0.00551055920798036,0.00815277883558134,0.00683166902178085,HRS,education,middle
66,DEAD,0.0476662245130798,0.0594367893674016,0.0535515069402407,HRS,education,middle
67,I0,0.822342304842868,0.794790647192145,0.808566476017506,HRS,education,middle
67,D1,0.0650722271367026,0.067448735974743,0.0662604815557228,HRS,education,middle
67,R1,0.0449958998174463,0.0542478224864051,0.0496218611519257,HRS,education,middle
67,D2,0.00815277883558134,0.0111090753474688,0.00963092709152509,HRS,education,middle
67,DEAD,0.0594367893674016,0.0724037189992386,0.0659202541833201,HRS,education,middle
68,I0,0.794790647192145,0.766562646808248,0.780676647000197,HRS,education,middle
68,D1,0.067448735974743,0.0692621946797717,0.0683554653272573,HRS,education,middle
68,R1,0.0542478224864051,0.0632713656182944,0.0587595940523497,HRS,education,middle
68,D2,0.0111090753474688,0.0143009198638543,0.0127049976056615,HRS,education,middle
68,DEAD,0.0724037189992386,0.0866028730298313,0.079503296014535,HRS,education,middle
69,I0,0.766562646808248,0.737611058967888,0.752086852888068,HRS,education,middle
69,D1,0.0692621946797717,0.0707324237816872,0.0699973092307295,HRS,education,middle
69,R1,0.0632713656182944,0.0719159286995723,0.0675936471589333,HRS,education,middle
69,D2,0.0143009198638543,0.0176762202003169,0.0159885700320856,HRS,education,middle
69,DEAD,0.0866028730298313,0.102064368350536,0.0943336206901837,HRS,education,middle
70,I0,0.737611058967888,0.707890968363515,0.722751013665701,HRS,education,middle
70,D1,0.0707324237816872,0.0720402390722276,0.0713863314269574,HRS,education,middle
70,R1,0.0719159286995723,0.0800477829762662,0.0759818558379193,HRS,education,middle
70,D2,0.0176762202003169,0.0212103404218179,0.0194432803110674,HRS,education,middle
70,DEAD,0.102064368350536,0.118810669166173,0.110437518758355,HRS,education,middle
71,I0,0.707890968363515,0.677364725574314,0.692627846968914,HRS,education,middle
71,D1,0.0720402390722276,0.073328751351906,0.0726844952120668,HRS,education,middle
71,R1,0.0800477829762662,0.0875473350347191,0.0837975590054927,HRS,education,middle
71,D2,0.0212103404218179,0.0249015231758132,0.0230559317988156,HRS,education,middle
71,DEAD,0.118810669166173,0.136857664863248,0.127834167014711,HRS,education,middle
72,I0,0.677364725574314,0.646017623332297,0.661691174453305,HRS,education,middle
72,D1,0.073328751351906,0.0746822145060878,0.0740054829289969,HRS,education,middle
72,R1,0.0875473350347191,0.0943218003123025,0.0909345676735108,HRS,education,middle
72,D2,0.0249015231758132,0.0287529685619908,0.026827245868902,HRS,education,middle
72,DEAD,0.136857664863248,0.156225393287323,0.146541529075285,HRS,education,middle
73,I0,0.646017623332297,0.613862706881756,0.629940165107026,HRS,education,middle
73,D1,0.0746822145060878,0.0761307614931469,0.0754064879996173,HRS,education,middle
73,R1,0.0943218003123025,0.100300471903626,0.0973111361079643,HRS,education,middle
73,D2,0.0287529685619908,0.0327647737975392,0.030758871179765,HRS,education,middle
73,DEAD,0.156225393287323,0.176941285923932,0.166583339605627,HRS,education,middle
74,I0,0.613862706881756,0.580942514334252,0.597402610608004,HRS,education,middle
74,D1,0.0761307614931469,0.0776606984761171,0.076895729984632,HRS,education,middle
74,R1,0.100300471903626,0.10542705220913,0.102863762056378,HRS,education,middle
74,D2,0.0327647737975392,0.0369294320516031,0.0348471029245711,HRS,education,middle
74,DEAD,0.176941285923932,0.199040302928898,0.187990794426415,HRS,education,middle
75,I0,0.580942514334252,0.547331148041278,0.564136831187765,HRS,education,middle
75,D1,0.0776606984761171,0.0792218619107646,0.0784412801934408,HRS,education,middle
75,R1,0.10542705220913,0.109655278005167,0.107541165107149,HRS,education,middle
75,D2,0.0369294320516031,0.0412270390630442,0.0390782355573236,HRS,education,middle
75,DEAD,0.199040302928898,0.222564672979747,0.210802487954322,HRS,education,middle
76,I0,0.547331148041278,0.513136183252955,0.530233665647116,HRS,education,middle
76,D1,0.0792218619107646,0.0807331306516314,0.079977496281198,HRS,education,middle
76,R1,0.109655278005167,0.112946964227801,0.111301121116484,HRS,education,middle
76,D2,0.0412270390630442,0.0456206415483475,0.0434238403056958,HRS,education,middle
76,DEAD,0.222564672979747,0.247563080319266,0.235063876649506,HRS,education,middle
77,I0,0.513136183252955,0.478499834783601,0.495818009018278,HRS,education,middle
77,D1,0.0807331306516314,0.0820871488955759,0.0814101397736036,HRS,education,middle
77,R1,0.112946964227801,0.115271793357488,0.114109378792645,HRS,education,middle
77,D2,0.0456206415483475,0.0500520900697232,0.0478363658090353,HRS,education,middle
77,DEAD,0.247563080319266,0.274089132893611,0.260826106606439,HRS,education,middle
78,I0,0.478499834783601,0.443598751952958,0.46104929336828,HRS,education,middle
78,D1,0.0820871488955759,0.0831552324885148,0.0826211906920453,HRS,education,middle
78,R1,0.115271793357488,0.116608278447717,0.115940035902602,HRS,education,middle
78,D2,0.0500520900697232,0.0544387990542888,0.052245444562006,HRS,education,middle
78,DEAD,0.274089132893611,0.302198938056522,0.288144035475067,HRS,education,middle
79,I0,0.443598751952958,0.408641829598443,0.4261202907757,HRS,education,middle
79,D1,0.0831552324885148,0.0837932929067395,0.0834742626976272,HRS,education,middle
79,R1,0.116608278447717,0.11694537550267,0.116776826975193,HRS,education,middle
79,D2,0.0544387990542888,0.0586718946952442,0.0565553468747665,HRS,education,middle
79,DEAD,0.302198938056522,0.331947607296903,0.317073272676713,HRS,education,middle
80,I0,0.408641829598443,0.373865539981156,0.3912536847898,HRS,education,middle
80,D1,0.0837932929067395,0.0838494047748396,0.0838213488407896,HRS,education,middle
80,R1,0.11694537550267,0.1162842515915,0.116614813547085,HRS,education,middle
80,D2,0.0586718946952442,0.0626162932224328,0.0606440939588385,HRS,education,middle
80,DEAD,0.331947607296903,0.363384510430071,0.347666058863487,HRS,education,middle
81,I0,0.373865539981156,0.339523153722591,0.356694346851874,HRS,education,middle
81,D1,0.0838494047748396,0.0831846708811519,0.0835170378279958,HRS,education,middle
81,R1,0.1162842515915,0.114632499560515,0.115458375576007,HRS,education,middle
81,D2,0.0626162932224328,0.0661202836378249,0.0643682884301289,HRS,education,middle
81,DEAD,0.363384510430071,0.396539392197918,0.379961951313995,HRS,education,middle
82,I0,0.339523153722591,0.305864392824461,0.322693773273526,HRS,education,middle
82,D1,0.0831846708811519,0.0817242710745115,0.0824544709778317,HRS,education,middle
82,R1,0.114632499560515,0.111980580972964,0.113306540266739,HRS,education,middle
82,D2,0.0661202836378249,0.0690477897890163,0.0675840367134206,HRS,education,middle
82,DEAD,0.396539392197918,0.431382965339047,0.413961178768482,HRS,education,middle
83,I0,0.305864392824461,0.273130995419308,0.289497694121884,HRS,education,middle
83,D1,0.0817242710745115,0.079457568978726,0.0805909200266188,HRS,education,middle
83,R1,0.111980580972964,0.108316780890527,0.110148680931746,HRS,education,middle
83,D2,0.0690477897890163,0.0712828204235492,0.0701653051062828,HRS,education,middle
83,DEAD,0.431382965339047,0.46781183428789,0.449597399813468,HRS,education,middle
84,I0,0.273130995419308,0.24155755583295,0.257344275626129,HRS,education,middle
84,D1,0.079457568978726,0.0764238861977753,0.0779407275882506,HRS,education,middle
84,R1,0.108316780890527,0.10364738741033,0.105982084150428,HRS,education,middle
84,D2,0.0712828204235492,0.0727282638662535,0.0720055421449014,HRS,education,middle
84,DEAD,0.46781183428789,0.505642906692691,0.486727370490291,HRS,education,middle
85,I0,0.24155755583295,0.21137216065299,0.22646485824297,HRS,education,middle
85,D1,0.0764238861977753,0.0726996804249031,0.0745617833113392,HRS,education,middle
85,R1,0.10364738741033,0.0980102376105675,0.100828812510449,HRS,education,middle
85,D2,0.0727282638662535,0.073307905683988,0.0730180847751208,HRS,education,middle
85,DEAD,0.505642906692691,0.544610015627552,0.525126461160121,HRS,education,middle
86,I0,0.21137216065299,0.182795561224462,0.197083860938726,HRS,education,middle
86,D1,0.0726996804249031,0.0683872548119211,0.0705434676184121,HRS,education,middle
86,R1,0.0980102376105675,0.0914828268164459,0.0947465322135067,HRS,education,middle
86,D2,0.073307905683988,0.0729700962678313,0.0731390009759097,HRS,education,middle
86,DEAD,0.544610015627552,0.58436426087934,0.564487138253446,HRS,education,middle
87,I0,0.182795561224462,0.156037859440726,0.169416710332594,HRS,education,middle
87,D1,0.0683872548119211,0.0636051222150571,0.0659961885134891,HRS,education,middle
87,R1,0.0914828268164459,0.0841855817331654,0.0878342042748057,HRS,education,middle
87,D2,0.0729700962678313,0.0716919063235246,0.072331001295678,HRS,education,middle
87,DEAD,0.58436426087934,0.624479530287527,0.604421895583434,HRS,education,middle
88,I0,0.156037859440726,0.13129214556489,0.143665002502808,HRS,education,middle
88,D1,0.0636051222150571,0.0584800342615125,0.0610425782382848,HRS,education,middle
88,R1,0.0841855817331654,0.0762805657816161,0.0802330737573907,HRS,education,middle
88,D2,0.0716919063235246,0.0694828818762436,0.0705873940998841,HRS,education,middle
88,DEAD,0.624479530287527,0.664464372515738,0.644471951401632,HRS,education,middle
89,I0,0.13129214556489,0.108725196967104,0.120008671265997,HRS,education,middle
89,D1,0.0584800342615125,0.0531405396819087,0.0558102869717106,HRS,education,middle
89,R1,0.0762805657816161,0.067965784800016,0.072123175290816,HRS,education,middle
89,D2,0.0694828818762436,0.0663876854051036,0.0679352836406736,HRS,education,middle
89,DEAD,0.664464372515738,0.703780793145868,0.684122582830803,HRS,education,middle
90,I0,0.108725196967104,0.0884661478209072,0.0985956723940055,HRS,education,middle
90,D1,0.0531405396819087,0.0477118156843696,0.0504261776831391,HRS,education,middle
90,R1,0.067965784800016,0.0594653800260149,0.0637155824130154,HRS,education,middle
90,D2,0.0663876854051036,0.0624870213127536,0.0644373533589286,HRS,education,middle
90,DEAD,0.703780793145868,0.741869635155955,0.722825214150911,HRS,education,middle
91,I0,0.0884661478209072,0.0705954933446583,0.0795308205827828,HRS,education,middle
91,D1,0.0477118156843696,0.0423043584605624,0.045008087072466,HRS,education,middle
91,R1,0.0594653800260149,0.0510204272440034,0.0552429036350091,HRS,education,middle
91,D2,0.0624870213127536,0.057891924004384,0.0601894726585688,HRS,education,middle
91,DEAD,0.741869635155955,0.778187796946392,0.760028716051173,HRS,education,middle
92,I0,0.0705954933446583,0.0551375884098935,0.0628665408772759,HRS,education,middle
92,D1,0.0423043584605624,0.0369918291686264,0.0396480938145944,HRS,education,middle
92,R1,0.0510204272440034,0.0428816483907983,0.0469510378174009,HRS,education,middle
92,D2,0.057891924004384,0.0527280845813518,0.0553100042928679,HRS,education,middle
92,DEAD,0.778187796946392,0.81226084944933,0.795224323197861,HRS,education,middle
93,I0,0.0551375884098935,0.0420548465607884,0.048596217485341,HRS,education,middle
93,D1,0.0369918291686264,0.0318291624760185,0.0344104958223224,HRS,education,middle
93,R1,0.0428816483907983,0.0352759780989707,0.0390788132448845,HRS,education,middle
93,D2,0.0527280845813518,0.0471426250307034,0.0499353548060276,HRS,education,middle
93,DEAD,0.81226084944933,0.843697387833519,0.827979118641425,HRS,education,middle
94,I0,0.0420548465607884,0.0312469634172299,0.0366509049890091,HRS,education,middle
94,D1,0.0318291624760185,0.0268715269448576,0.029350344710438,HRS,education,middle
94,R1,0.0352759780989707,0.028381337010092,0.0318286575545314,HRS,education,middle
94,D2,0.0471426250307034,0.0413065558587002,0.0442245904447018,HRS,education,middle
94,DEAD,0.843697387833519,0.87219361676912,0.85794550230132,HRS,education,middle
95,I0,0.0312469634172299,0.0225552295075558,0.0269010964623928,HRS,education,middle
95,D1,0.0268715269448576,0.0221831915580292,0.0245273592514434,HRS,education,middle
95,R1,0.028381337010092,0.0223151350363446,0.0253482360232183,HRS,education,middle
95,D2,0.0413065558587002,0.0354078037933474,0.0383571798260238,HRS,education,middle
95,DEAD,0.87219361676912,0.897538640104723,0.884866128436922,HRS,education,middle
96,I0,0.0225552295075558,0.0162812101561841,0.0194182198318699,HRS,education,middle
96,D1,0.0221831915580292,0.0178291198162356,0.0200061556871324,HRS,education,middle
96,R1,0.0223151350363446,0.0177480449659821,0.0200315900011633,HRS,education,middle
96,D2,0.0354078037933474,0.0299309244437279,0.0326693641185377,HRS,education,middle
96,DEAD,0.897538640104723,0.91821070061787,0.907874670361297,HRS,education,middle
97,I0,0.0162812101561841,0.0117523878026173,0.0140167989794007,HRS,education,middle
97,D1,0.0178291198162356,0.0140539175319424,0.015941518674089,HRS,education,middle
97,R1,0.0177480449659821,0.014215999611927,0.0159820222889545,HRS,education,middle
97,D2,0.0299309244437279,0.0250682430357413,0.0274995837397346,HRS,education,middle
97,DEAD,0.91821070061787,0.934909452017772,0.926560076317821,HRS,education,middle
98,I0,0.0117523878026173,0.00848331406192467,0.010117850932271,HRS,education,middle
98,D1,0.0140539175319424,0.0109166442679027,0.0124852808999225,HRS,education,middle
98,R1,0.014215999611927,0.0114322084901395,0.0128241040510332,HRS,education,middle
98,D2,0.0250682430357413,0.0208600916093542,0.0229641673225478,HRS,education,middle
98,DEAD,0.934909452017772,0.948307741570679,0.941608596794226,HRS,education,middle
99,I0,0.00848331406192467,0.00612357409251095,0.00730344407721781,HRS,education,middle
99,D1,0.0109166442679027,0.00838332663783558,0.00964998545286912,HRS,education,middle
99,R1,0.0114322084901395,0.00921089800959401,0.0103215532498668,HRS,education,middle
99,D2,0.0208600916093542,0.0172753538403218,0.019067722724838,HRS,education,middle
99,DEAD,0.948307741570679,0.959006847419738,0.953657294495208,HRS,education,middle
60,I0,1,0.968190286935957,0.984095143467979,HRS,education,low
60,D1,0,0.0257835705437127,0.0128917852718563,HRS,education,low
60,R1,0,0,0,HRS,education,low
60,D2,0,0,0,HRS,education,low
60,DEAD,0,0.00602614252033033,0.00301307126016517,HRS,education,low
61,I0,0.968190286935957,0.936185462946472,0.952187874941215,HRS,education,low
61,D1,0.0257835705437127,0.0461940521731011,0.0359888113584069,HRS,education,low
61,R1,0,0.00437807134023245,0.00218903567011623,HRS,education,low
61,D2,0,0,0,HRS,education,low
61,DEAD,0.00602614252033033,0.0132424135401943,0.00963427803026232,HRS,education,low
62,I0,0.936185462946472,0.903980146589831,0.920082804768152,HRS,education,low
62,D1,0.0461940521731011,0.0621780765609174,0.0541860643670092,HRS,education,low
62,R1,0.00437807134023245,0.0115498348010265,0.00796395307062949,HRS,education,low
62,D2,0,0.000626558641384038,0.000313279320692019,HRS,education,low
62,DEAD,0.0132424135401943,0.0216653834068408,0.0174538984735176,HRS,education,low
63,I0,0.903980146589831,0.871557973725133,0.887769060157482,HRS,education,low
63,D1,0.0621780765609174,0.0745404037341155,0.0683592401475165,HRS,education,low
63,R1,0.0115498348010265,0.0204731031273486,0.0160114689641876,HRS,education,low
63,D2,0.000626558641384038,0.00210730575621056,0.0013669321987973,HRS,education,low
63,DEAD,0.0216653834068408,0.0313212136571923,0.0264932985320166,HRS,education,low
64,I0,0.871557973725133,0.83889388843939,0.855225931082261,HRS,education,low
64,D1,0.0745404037341155,0.0839672783960095,0.0792538410650626,HRS,education,low
64,R1,0.0204731031273486,0.0304428733639485,0.0254579882456485,HRS,education,low
64,D2,0.00210730575621056,0.00445479706675696,0.00328105141148376,HRS,education,low
64,DEAD,0.0313212136571923,0.042241162733895,0.0367811881955437,HRS,education,low
65,I0,0.83889388843939,0.805956564230268,0.822425226334829,HRS,education,low
65,D1,0.0839672783960095,0.0910446207481391,0.0875059495720744,HRS,education,low
65,R1,0.0304428733639485,0.0409637889250605,0.0357033311445045,HRS,education,low
65,D2,0.00445479706675696,0.00757697327577168,0.00601588517126432,HRS,education,low
65,DEAD,0.042241162733895,0.0544580528207604,0.0483496077773277,HRS,education,low
66,I0,0.805956564230268,0.772710889227497,0.789333726728883,HRS,education,low
66,D1,0.0910446207481391,0.0962725182876128,0.093658569517876,HRS,education,low
66,R1,0.0409637889250605,0.0516708458207794,0.0463173173729199,HRS,education,low
66,D2,0.00757697327577168,0.011342404713524,0.00945968899464781,HRS,education,low
66,DEAD,0.0544580528207604,0.0680033419505868,0.0612306973856736,HRS,education,low
67,I0,0.772710889227497,0.739120456682207,0.755915672954852,HRS,education,low
67,D1,0.0962725182876128,0.100077080155815,0.098174799221714,HRS,education,low
67,R1,0.0516708458207794,0.0622801627683392,0.0569755042945593,HRS,education,low
67,D2,0.011342404713524,0.0156177188868467,0.0134800618001853,HRS,education,low
67,DEAD,0.0680033419505868,0.0829045815067916,0.0754539617286892,HRS,education,low
68,I0,0.739120456682207,0.705150007379784,0.722135232030996,HRS,education,low
68,D1,0.100077080155815,0.102820405714663,0.101448742935239,HRS,education,low
68,R1,0.0622801627683392,0.0725584748777394,0.0674193188230393,HRS,education,low
68,D2,0.0156177188868467,0.0202879753289746,0.0179528471079107,HRS,education,low
68,DEAD,0.0829045815067916,0.0991831366988385,0.091043859102815,HRS,education,low
69,I0,0.705150007379784,0.670767775428259,0.687958891404021,HRS,education,low
69,D1,0.102820405714663,0.104809179865007,0.103814792789835,HRS,education,low
69,R1,0.0725584748777394,0.0823042485957773,0.0774313617367583,HRS,education,low
69,D2,0.0202879753289746,0.0252666763856259,0.0227773258573003,HRS,education,low
69,DEAD,0.0991831366988385,0.116852119725331,0.108017628212085,HRS,education,low
70,I0,0.670767775428259,0.635947695536278,0.653357735482268,HRS,education,low
70,D1,0.104809179865007,0.106302222082168,0.105555700973587,HRS,education,low
70,R1,0.0823042485957773,0.0913359538164311,0.0868201012061042,HRS,education,low
70,D2,0.0252666763856259,0.0304995884122274,0.0278831323989267,HRS,education,low
70,DEAD,0.116852119725331,0.135914540152896,0.126383329939113,HRS,education,low
71,I0,0.635947695536278,0.600676386004245,0.618312040770261,HRS,education,low
71,D1,0.106302222082168,0.107508065622934,0.106905143852551,HRS,education,low
71,R1,0.0913359538164311,0.0994903184485205,0.0954131361324758,HRS,education,low
71,D2,0.0304995884122274,0.0359604447054702,0.0332300165588488,HRS,education,low
71,DEAD,0.135914540152896,0.156364785218831,0.146139662685863,HRS,education,low
72,I0,0.600676386004245,0.564974374997773,0.582825380501009,HRS,education,low
72,D1,0.107508065622934,0.108556037007965,0.108032051315449,HRS,education,low
72,R1,0.0994903184485205,0.106640663665132,0.103065491056826,HRS,education,low
72,D2,0.0359604447054702,0.0416283794125599,0.038794412059015,HRS,education,low
72,DEAD,0.156364785218831,0.17820054491657,0.1672826650677,HRS,education,low
73,I0,0.564974374997773,0.528901413629086,0.54693789431343,HRS,education,low
73,D1,0.108556037007965,0.109501159958027,0.109028598482996,HRS,education,low
73,R1,0.106640663665132,0.1126939114664,0.109667287565766,HRS,education,low
73,D2,0.0416283794125599,0.0474775295489924,0.0445529544807761,HRS,education,low
73,DEAD,0.17820054491657,0.201425985397495,0.189813265157032,HRS,education,low
74,I0,0.528901413629086,0.492556917705925,0.510729165667506,HRS,education,low
74,D1,0.109501159958027,0.110337524548121,0.109919342253074,HRS,education,low
74,R1,0.1126939114664,0.117583099785987,0.115138505626194,HRS,education,low
74,D2,0.0474775295489924,0.0534711944177124,0.0504743619833524,HRS,education,low
74,DEAD,0.201425985397495,0.226051263542254,0.213738624469874,HRS,education,low
75,I0,0.492556917705925,0.456080195939077,0.474318556822501,HRS,education,low
75,D1,0.110337524548121,0.111009352155794,0.110673438351957,HRS,education,low
75,R1,0.117583099785987,0.121263151609309,0.119423125697648,HRS,education,low
75,D2,0.0534711944177124,0.0595558154319859,0.0565135049248492,HRS,education,low
75,DEAD,0.226051263542254,0.252091484863833,0.239071374203044,HRS,education,low
76,I0,0.456080195939077,0.419649747332856,0.437864971635967,HRS,education,low
76,D1,0.111009352155794,0.111420771898283,0.111215062027039,HRS,education,low
76,R1,0.121263151609309,0.123708990889653,0.122486071249481,HRS,education,low
76,D2,0.0595558154319859,0.0656555056866637,0.0626056605593248,HRS,education,low
76,DEAD,0.252091484863833,0.279564984192544,0.265828234528189,HRS,education,low
77,I0,0.419649747332856,0.383480893432772,0.401565320382814,HRS,education,low
77,D1,0.111420771898283,0.111445318677304,0.111433045287793,HRS,education,low
77,R1,0.123708990889653,0.124915222667612,0.124312106778632,HRS,education,low
77,D2,0.0656555056866637,0.0716677511979226,0.0686616284422931,HRS,education,low
77,DEAD,0.279564984192544,0.30849081402439,0.294027899108467,HRS,education,low
78,I0,0.383480893432772,0.347821077026864,0.365650985229818,HRS,education,low
78,D1,0.111445318677304,0.110936042119147,0.111190680398225,HRS,education,low
78,R1,0.124915222667612,0.124896649683861,0.124905936175736,HRS,education,low
78,D2,0.0716677511979226,0.0774608938547705,0.0745643225263465,HRS,education,low
78,DEAD,0.30849081402439,0.338885337315357,0.323688075669873,HRS,education,low
79,I0,0.347821077026864,0.31294234364445,0.330381710335657,HRS,education,low
79,D1,0.110936042119147,0.109736872321433,0.11033645722029,HRS,education,low
79,R1,0.124896649683861,0.123688939900665,0.124292794792263,HRS,education,low
79,D2,0.0774608938547705,0.082874003076423,0.0801674484655967,HRS,education,low
79,DEAD,0.338885337315357,0.370757841057029,0.354821589186193,HRS,education,low
80,I0,0.31294234364445,0.279130845342206,0.296036594493328,HRS,education,low
80,D1,0.109736872321433,0.107695523798678,0.108716198060056,HRS,education,low
80,R1,0.123688939900665,0.121348829379512,0.122518884640088,HRS,education,low
80,D2,0.082874003076423,0.0877196872464986,0.0852968451614608,HRS,education,low
80,DEAD,0.370757841057029,0.404105114233106,0.387431477645067,HRS,education,low
81,I0,0.279130845342206,0.24666938592071,0.262900115631458,HRS,education,low
81,D1,0.107695523798678,0.10468967341853,0.106192598608604,HRS,education,low
81,R1,0.121348829379512,0.117944819794522,0.119646824587017,HRS,education,low
81,D2,0.0877196872464986,0.0917987235096866,0.0897592053780926,HRS,education,low
81,DEAD,0.404105114233106,0.438897397356552,0.421501255794829,HRS,education,low
82,I0,0.24666938592071,0.215809576588019,0.231239481254364,HRS,education,low
82,D1,0.10468967341853,0.100681574012135,0.102685623715333,HRS,education,low
82,R1,0.117944819794522,0.113526840056267,0.115735829925394,HRS,education,low
82,D2,0.0917987235096866,0.0949412611938022,0.0933699923517445,HRS,education,low
82,DEAD,0.438897397356552,0.475040748149776,0.456969072753164,HRS,education,low
83,I0,0.215809576588019,0.186765959801501,0.20128776819476,HRS,education,low
83,D1,0.100681574012135,0.095714739819933,0.0981981569160341,HRS,education,low
83,R1,0.113526840056267,0.108140410446122,0.110833625251194,HRS,education,low
83,D2,0.0949412611938022,0.0970129192853077,0.095977090239555,HRS,education,low
83,DEAD,0.475040748149776,0.512365970647137,0.493703359398457,HRS,education,low
84,I0,0.186765959801501,0.159717233235964,0.173241596518732,HRS,education,low
84,D1,0.095714739819933,0.0898945397717919,0.0928046397958624,HRS,education,low
84,R1,0.108140410446122,0.101846913411661,0.104993661928891,HRS,education,low
84,D2,0.0970129192853077,0.0979132827527508,0.0974631010190293,HRS,education,low
84,DEAD,0.512365970647137,0.550628030827832,0.531497000737484,HRS,education,low
85,I0,0.159717233235964,0.134807617720531,0.147262425478248,HRS,education,low
85,D1,0.0898945397717919,0.0833701196578955,0.0866323297148437,HRS,education,low
85,R1,0.101846913411661,0.0947362071839165,0.0982915602977888,HRS,education,low
85,D2,0.0979132827527508,0.0975777517797814,0.0977455172662662,HRS,education,low
85,DEAD,0.550628030827832,0.589508303657875,0.570068167242853,HRS,education,low
86,I0,0.134807617720531,0.112147256362138,0.123477437041335,HRS,education,low
86,D1,0.0833701196578955,0.0763181671713861,0.0798441434146408,HRS,education,low
86,R1,0.0947362071839165,0.0869328969121357,0.0908345520480261,HRS,education,low
86,D2,0.0975777517797814,0.0959809224276932,0.0967793371037373,HRS,education,low
86,DEAD,0.589508303657875,0.628620757126647,0.609064530392261,HRS,education,low
87,I0,0.112147256362138,0.0918110005634767,0.101979128462807,HRS,education,low
87,D1,0.0763181671713861,0.068928856735733,0.0726235119535595,HRS,education,low
87,R1,0.0869328969121357,0.0785971233900706,0.0827650101511032,HRS,education,low
87,D2,0.0959809224276932,0.0931400707032062,0.0945604965654497,HRS,education,low
87,DEAD,0.628620757126647,0.667522948607513,0.64807185286708,HRS,education,low
88,I0,0.0918110005634767,0.0738355410890926,0.0828232708262847,HRS,education,low
88,D1,0.068928856735733,0.0613940775980064,0.0651614671668697,HRS,education,low
88,R1,0.0785971233900706,0.0699204938981592,0.0742588086441149,HRS,education,low
88,D2,0.0931400707032062,0.0891176152272458,0.091128842965226,HRS,education,low
88,DEAD,0.667522948607513,0.705732272187496,0.686627610397505,HRS,education,low
89,I0,0.0738355410890926,0.0582154917905178,0.0660255164398052,HRS,education,low
89,D1,0.0613940775980064,0.05389784184614,0.0576459597220732,HRS,education,low
89,R1,0.0699204938981592,0.0611177493294058,0.0655191216137825,HRS,education,low
89,D2,0.0891176152272458,0.084021671113382,0.0865696431703139,HRS,education,low
89,DEAD,0.705732272187496,0.742747245920554,0.724239759054025,HRS,education,low
90,I0,0.0582154917905178,0.0448996048392381,0.051557548314878,HRS,education,low
90,D1,0.05389784184614,0.0466086405435911,0.0502532411948655,HRS,education,low
90,R1,0.0611177493294058,0.0524149197233305,0.0567663345263681,HRS,education,low
90,D2,0.084021671113382,0.0780040108330124,0.0810128409731972,HRS,education,low
90,DEAD,0.742747245920554,0.778072824060828,0.760410034990691,HRS,education,low
91,I0,0.0448996048392381,0.0337895228016262,0.0393445638204321,HRS,education,low
91,D1,0.0466086405435911,0.0396681862787459,0.0431384134111685,HRS,education,low
91,R1,0.0524149197233305,0.0440390050198118,0.0482269623715711,HRS,education,low
91,D2,0.0780040108330124,0.0712502263029717,0.0746271185679921,HRS,education,low
91,DEAD,0.778072824060828,0.811253059596844,0.794662941828836,HRS,education,low
92,I0,0.0337895228016262,0.0247429729675189,0.0292662478845725,HRS,education,low
92,D1,0.0396681862787459,0.0331748763485592,0.0364215313136526,HRS,education,low
92,R1,0.0440390050198118,0.036210473914144,0.0401247394669779,HRS,education,low
92,D2,0.0712502263029717,0.0639590471105959,0.0676046367067838,HRS,education,low
92,DEAD,0.811253059596844,0.841912629659182,0.826582844628013,HRS,education,low
93,I0,0.0247429729675189,0.0175763890419191,0.021159681004719,HRS,education,low
93,D1,0.0331748763485592,0.0271994311406932,0.0301871537446262,HRS,education,low
93,R1,0.036210473914144,0.0291122760320451,0.0326613749730945,HRS,education,low
93,D2,0.0639590471105959,0.056345648638543,0.0601523478745695,HRS,education,low
93,DEAD,0.841912629659182,0.869766255146799,0.85583944240299,HRS,education,low
94,I0,0.0175763890419191,0.012071706013193,0.014824047527556,HRS,education,low
94,D1,0.0271994311406932,0.0217985857691921,0.0244990084549427,HRS,education,low
94,R1,0.0291122760320451,0.0228690642201739,0.0259906701261095,HRS,education,low
94,D2,0.056345648638543,0.0486401737146864,0.0524929111766147,HRS,education,low
94,DEAD,0.869766255146799,0.894620470282754,0.882193362714777,HRS,education,low
95,I0,0.012071706013193,0.00798733573543677,0.0100295208743149,HRS,education,low
95,D1,0.0217985857691921,0.0170192301097799,0.019408907939486,HRS,education,low
95,R1,0.0228690642201739,0.0175411321487106,0.0202050981844423,HRS,education,low
95,D2,0.0486401737146864,0.041076739946505,0.0448584568305957,HRS,education,low
95,DEAD,0.894620470282754,0.916375562059567,0.905498016171161,HRS,education,low
96,I0,0.00798733573543677,0.00528488119913308,0.00663610846728493,HRS,education,low
96,D1,0.0170192301097799,0.0130013937771483,0.0150103119434641,HRS,education,low
96,R1,0.0175411321487106,0.0136237609571925,0.0155824465529516,HRS,education,low
96,D2,0.041076739946505,0.0342622563024078,0.0376694981244564,HRS,education,low
96,DEAD,0.916375562059567,0.933827707764118,0.925101634911843,HRS,education,low
97,I0,0.00528488119913308,0.00349678168216163,0.00439083144064736,HRS,education,low
97,D1,0.0130013937771483,0.00976937128274104,0.0113853825299447,HRS,education,low
97,R1,0.0136237609571925,0.0106712082060796,0.0121474845816361,HRS,education,low
97,D2,0.0342622563024078,0.0283354224856568,0.0312988393940323,HRS,education,low
97,DEAD,0.933827707764118,0.947727216343361,0.940777462053739,HRS,education,low
98,I0,0.00349678168216163,0.00231367209062465,0.00290522688639314,HRS,education,low
98,D1,0.00976937128274104,0.00724631914014974,0.00850784521144539,HRS,education,low
98,R1,0.0106712082060796,0.00840475114473991,0.00953797967540977,HRS,education,low
98,D2,0.0283354224856568,0.0232901927674866,0.0258128076265717,HRS,education,low
98,DEAD,0.947727216343361,0.958745064856999,0.95323614060018,HRS,education,low
99,I0,0.00231367209062465,0.0015308586664828,0.00192226537855372,HRS,education,low
99,D1,0.00724631914014974,0.0053190969392577,0.00628270803970372,HRS,education,low
99,R1,0.00840475114473991,0.00664258756271557,0.00752366935372774,HRS,education,low
99,D2,0.0232901927674866,0.0190549539227555,0.021172573345121,HRS,education,low
99,DEAD,0.958745064856999,0.967452502908788,0.963098783882893,HRS,education,low
60,I0,1,0.982389764183166,0.991194882091583,HRS,wealth,high
60,D1,0,0.0139390354431835,0.00696951772159177,HRS,wealth,high
60,R1,0,0,0,HRS,wealth,high
60,D2,0,0,0,HRS,wealth,high
60,DEAD,0,0.00367120037365008,0.00183560018682504,HRS,wealth,high
61,I0,0.982389764183166,0.9642751897523,0.973332476967733,HRS,wealth,high
61,D1,0.0139390354431835,0.024294644765877,0.0191168401045303,HRS,wealth,high
61,R1,0,0.00340155301171295,0.00170077650585647,HRS,wealth,high
61,D2,0,0,0,HRS,wealth,high
61,DEAD,0.00367120037365008,0.00802861247011061,0.00584990642188035,HRS,wealth,high
62,I0,0.9642751897523,0.94563028061452,0.95495273518341,HRS,wealth,high
62,D1,0.024294644765877,0.0320105550323284,0.0281525998991027,HRS,wealth,high
62,R1,0.00340155301171295,0.00890413145380253,0.00615284223275774,HRS,wealth,high
62,D2,0,0.0003582057694212,0.0001791028847106,HRS,wealth,high
62,DEAD,0.00802861247011061,0.0130968271299277,0.0105627198000192,HRS,wealth,high
63,I0,0.94563028061452,0.926420880544068,0.936025580579294,HRS,wealth,high
63,D1,0.0320105550323284,0.0377924010272117,0.03490147802977,HRS,wealth,high
63,R1,0.00890413145380253,0.0157004332455409,0.0123022823496717,HRS,wealth,high
63,D2,0.0003582057694212,0.00117491729560851,0.000766561532514854,HRS,wealth,high
63,DEAD,0.0130968271299277,0.0189113678875704,0.0160040975087491,HRS,wealth,high
64,I0,0.926420880544068,0.906605161118874,0.916513020831471,HRS,wealth,high
64,D1,0.0377924010272117,0.0421716464883247,0.0399820237577682,HRS,wealth,high
64,R1,0.0157004332455409,0.0232771899921392,0.0194888116188401,HRS,wealth,high
64,D2,0.00117491729560851,0.00243050253424065,0.00180270991492458,HRS,wealth,high
64,DEAD,0.0189113678875704,0.025515499866422,0.0222134338769962,HRS,wealth,high
65,I0,0.906605161118874,0.886134230334998,0.896369695726936,HRS,wealth,high
65,D1,0.0421716464883247,0.0455518618823472,0.0438617541853359,HRS,wealth,high
65,R1,0.0232771899921392,0.0312967299151999,0.0272869599536696,HRS,wealth,high
65,D2,0.00243050253424065,0.00405937281648201,0.00324493767536133,HRS,wealth,high
65,DEAD,0.025515499866422,0.0329578050509727,0.0292366524586973,HRS,wealth,high
66,I0,0.886134230334998,0.864952831004243,0.875543530669621,HRS,wealth,high
66,D1,0.0455518618823472,0.0482425314844783,0.0468971966834127,HRS,wealth,high
66,R1,0.0312967299151999,0.0395262536730339,0.0354114917941169,HRS,wealth,high
66,D2,0.00405937281648201,0.00598818040762211,0.00502377661205206,HRS,wealth,high
66,DEAD,0.0329578050509727,0.0412902034306221,0.0371240042407974,HRS,wealth,high
67,I0,0.864952831004243,0.843000095535817,0.853976463270031,HRS,wealth,high
67,D1,0.0482425314844783,0.0504839867406134,0.0493632591125459,HRS,wealth,high
67,R1,0.0395262536730339,0.047795387295007,0.0436608204840205,HRS,wealth,high
67,D2,0.00598818040762211,0.00815431076505958,0.00707124558634085,HRS,wealth,high
67,DEAD,0.0412902034306221,0.0505662196635028,0.0459282115470625,HRS,wealth,high
68,I0,0.843000095535817,0.820210319494878,0.831605207515348,HRS,wealth,high
68,D1,0.0504839867406134,0.0524659911132455,0.0514749889269294,HRS,wealth,high
68,R1,0.047795387295007,0.0559705117109357,0.0518829495029713,HRS,wealth,high
68,D2,0.00815431076505958,0.0105138014282216,0.00933405609664059,HRS,wealth,high
68,DEAD,0.0505662196635028,0.0608393762527189,0.0557027979581108,HRS,wealth,high
69,I0,0.820210319494878,0.796513710585231,0.808362015040055,HRS,wealth,high
69,D1,0.0524659911132455,0.0543417649331224,0.0534038780231839,HRS,wealth,high
69,R1,0.0559705117109357,0.063939015244156,0.0599547634775458,HRS,wealth,high
69,D2,0.0105138014282216,0.0130438568446279,0.0117788291364247,HRS,wealth,high
69,DEAD,0.0608393762527189,0.0721616523928633,0.0665005143227911,HRS,wealth,high
70,I0,0.796513710585231,0.771837063248803,0.784175386917017,HRS,wealth,high
70,D1,0.0543417649331224,0.0562387268436245,0.0552902458883734,HRS,wealth,high
70,R1,0.063939015244156,0.0715993501638762,0.0677691827040161,HRS,wealth,high
70,D2,0.0130438568446279,0.0157428675576948,0.0143933622011614,HRS,wealth,high
70,DEAD,0.0721616523928633,0.0845819921860013,0.0783718222894323,HRS,wealth,high
71,I0,0.771837063248803,0.746107953071238,0.758972508160021,HRS,wealth,high
71,D1,0.0562387268436245,0.0582604671387154,0.05724959699117,HRS,wealth,high
71,R1,0.0715993501638762,0.0788580140351839,0.0752286820995301,HRS,wealth,high
71,D2,0.0157428675576948,0.01862673097933,0.0171847992685124,HRS,wealth,high
71,DEAD,0.0845819921860013,0.098146834775533,0.0913644134807672,HRS,wealth,high
72,I0,0.746107953071238,0.719270376488827,0.732689164780032,HRS,wealth,high
72,D1,0.0582604671387154,0.0604677910845733,0.0593641291116444,HRS,wealth,high
72,R1,0.0788580140351839,0.0856395057615176,0.0822487598983508,HRS,wealth,high
72,D2,0.01862673097933,0.0217147597594288,0.0201707453693794,HRS,wealth,high
72,DEAD,0.098146834775533,0.112907566905653,0.105527200840593,HRS,wealth,high
73,I0,0.719270376488827,0.691290701207347,0.705280538848087,HRS,wealth,high
73,D1,0.0604677910845733,0.062880945932112,0.0616743685083427,HRS,wealth,high
73,R1,0.0856395057615176,0.091881721980769,0.0887606138711433,HRS,wealth,high
73,D2,0.0217147597594288,0.0250234810299327,0.0233691203946807,HRS,wealth,high
73,DEAD,0.112907566905653,0.128923149849839,0.120915358377746,HRS,wealth,high
74,I0,0.691290701207347,0.662160835836595,0.676725768521971,HRS,wealth,high
74,D1,0.062880945932112,0.0654861477298552,0.0641835468309836,HRS,wealth,high
74,R1,0.091881721980769,0.0975292052761938,0.0947054636284814,HRS,wealth,high
74,D2,0.0250234810299327,0.028563095993444,0.0267932885116883,HRS,wealth,high
74,DEAD,0.128923149849839,0.146260715163912,0.137591932506876,HRS,wealth,high
75,I0,0.662160835836595,0.631901950283563,0.647031393060079,HRS,wealth,high
75,D1,0.0654861477298552,0.0682392743552487,0.066862711042552,HRS,wealth,high
75,R1,0.0975292052761938,0.102529449029865,0.10002932715303,HRS,wealth,high
75,D2,0.028563095993444,0.0323333715811573,0.0304482337873006,HRS,wealth,high
75,DEAD,0.146260715163912,0.164995954750166,0.155628334957039,HRS,wealth,high
76,I0,0.631901950283563,0.600568329053509,0.616235139668536,HRS,wealth,high
76,D1,0.0682392743552487,0.0710678451959904,0.0696535597756196,HRS,wealth,high
76,R1,0.102529449029865,0.106831432382675,0.10468044070627,HRS,wealth,high
76,D2,0.0323333715811573,0.0363192406878722,0.0343263061345147,HRS,wealth,high
76,DEAD,0.164995954750166,0.185213152679953,0.17510455371506,HRS,wealth,high
77,I0,0.600568329053509,0.568250808187283,0.584409568620396,HRS,wealth,high
77,D1,0.0710678451959904,0.0738723324711315,0.072470088833561,HRS,wealth,high
77,R1,0.106831432382675,0.110385804850831,0.108608618616753,HRS,wealth,high
77,D2,0.0363192406878722,0.0404863637391684,0.0384028022135203,HRS,wealth,high
77,DEAD,0.185213152679953,0.207004690751586,0.196108921715769,HRS,wealth,high
78,I0,0.568250808187283,0.535079129624339,0.551664968905811,HRS,wealth,high
78,D1,0.0738723324711315,0.0765277843291984,0.0752000584001649,HRS,wealth,high
78,R1,0.110385804850831,0.113146256429848,0.111766030640339,HRS,wealth,high
78,D2,0.0404863637391684,0.0447769861862829,0.0426316749627257,HRS,wealth,high
78,DEAD,0.207004690751586,0.230469843430332,0.218737267090959,HRS,wealth,high
79,I0,0.535079129624339,0.501222479505057,0.518150804564698,HRS,wealth,high
79,D1,0.0765277843291984,0.0788866597988621,0.0777072220640303,HRS,wealth,high
79,R1,0.113146256429848,0.115071645863274,0.114108951146561,HRS,wealth,high
79,D2,0.0447769861862829,0.0491065524391783,0.0469417693127306,HRS,wealth,high
79,DEAD,0.230469843430332,0.255712662393628,0.24309125291198,HRS,wealth,high
80,I0,0.501222479505057,0.466887499355988,0.484054989430523,HRS,wealth,high
80,D1,0.0788866597988621,0.0807836456879707,0.0798351527434164,HRS,wealth,high
80,R1,0.115071645863274,0.116128457494657,0.115600051678966,HRS,wealth,high
80,D2,0.0491065524391783,0.0533616590673561,0.0512341057532672,HRS,wealth,high
80,DEAD,0.255712662393628,0.282838738394028,0.269275700393828,HRS,wealth,high
81,I0,0.466887499355988,0.432308232148848,0.449597865752418,HRS,wealth,high
81,D1,0.0807836456879707,0.0820551179151233,0.081419381801547,HRS,wealth,high
81,R1,0.116128457494657,0.116285902023952,0.116207179759305,HRS,wealth,high
81,D2,0.0533616590673561,0.0574065428916566,0.0553841009795063,HRS,wealth,high
81,DEAD,0.282838738394028,0.31194420502042,0.297391471707224,HRS,wealth,high
82,I0,0.432308232148848,0.397720502055467,0.415014367102158,HRS,wealth,high
82,D1,0.0820551179151233,0.0825934036142404,0.0823242607646818,HRS,wealth,high
82,R1,0.116285902023952,0.115492414605013,0.115889158314482,HRS,wealth,high
82,D2,0.0574065428916566,0.0611113932189801,0.0592589680553184,HRS,wealth,high
82,DEAD,0.31194420502042,0.3430822865063,0.32751324576336,HRS,wealth,high
83,I0,0.397720502055467,0.363356049246913,0.38053827565119,HRS,wealth,high
83,D1,0.0825934036142404,0.0823502257780194,0.0824718146961299,HRS,wealth,high
83,R1,0.115492414605013,0.113689512111629,0.114590963358321,HRS,wealth,high
83,D2,0.0611113932189801,0.0643563124236164,0.0627338528212983,HRS,wealth,high
83,DEAD,0.3430822865063,0.376247900439823,0.359665093473061,HRS,wealth,high
84,I0,0.363356049246913,0.329444212696181,0.346400130971547,HRS,wealth,high
84,D1,0.0823502257780194,0.0813248823353844,0.0818375540567019,HRS,wealth,high
84,R1,0.113689512111629,0.110831675716778,0.112260593914203,HRS,wealth,high
84,D2,0.0643563124236164,0.0670302167093568,0.0656932645664866,HRS,wealth,high
84,DEAD,0.376247900439823,0.4113690125423,0.393808456491061,HRS,wealth,high
85,I0,0.329444212696181,0.296214470494667,0.312829341595424,HRS,wealth,high
85,D1,0.0813248823353844,0.0795533188424367,0.0804391005889105,HRS,wealth,high
85,R1,0.110831675716778,0.106900664286666,0.108866170001722,HRS,wealth,high
85,D2,0.0670302167093568,0.0690328097050894,0.0680315132072231,HRS,wealth,high
85,DEAD,0.4113690125423,0.448298736671141,0.429833874606721,HRS,wealth,high
86,I0,0.296214470494667,0.263898634916489,0.280056552705578,HRS,wealth,high
86,D1,0.0795533188424367,0.077098233835729,0.0783257763390829,HRS,wealth,high
86,R1,0.106900664286666,0.101915435828695,0.104408050057681,HRS,wealth,high
86,D2,0.0690328097050894,0.0702782922475776,0.0696555509763335,HRS,wealth,high
86,DEAD,0.448298736671141,0.486809403171509,0.467554069921325,HRS,wealth,high
87,I0,0.263898634916489,0.232731509698366,0.248315072307428,HRS,wealth,high
87,D1,0.077098233835729,0.074040434297828,0.0755693340667785,HRS,wealth,high
87,R1,0.101915435828695,0.0959382257171169,0.0989268307729062,HRS,wealth,high
87,D2,0.0702782922475776,0.0706998596719816,0.0704890759597796,HRS,wealth,high
87,DEAD,0.486809403171509,0.526589970614707,0.506699686893108,HRS,wealth,high
88,I0,0.232731509698366,0.202949004591392,0.217840257144879,HRS,wealth,high
88,D1,0.074040434297828,0.0704715930635642,0.0722560136806961,HRS,wealth,high
88,R1,0.0959382257171169,0.0890769294676409,0.0925075775923789,HRS,wealth,high
88,D2,0.0706998596719816,0.0702542959694332,0.0704770778207074,HRS,wealth,high
88,DEAD,0.526589970614707,0.56724817690797,0.546919073761338,HRS,wealth,high
89,I0,0.202949004591392,0.174783084768449,0.188866044679921,HRS,wealth,high
89,D1,0.0704715930635642,0.0664884259486312,0.0684800095060977,HRS,wealth,high
89,R1,0.0890769294676409,0.0814837235169683,0.0852803264923046,HRS,wealth,high
89,D2,0.0702542959694332,0.0689261330658993,0.0695902145176663,HRS,wealth,high
89,DEAD,0.56724817690797,0.608318632700052,0.587783404804011,HRS,wealth,high
90,I0,0.174783084768449,0.148453502844304,0.161618293806377,HRS,wealth,high
90,D1,0.0664884259486312,0.0621881582331561,0.0643382920908937,HRS,wealth,high
90,R1,0.0814837235169683,0.0733498247199335,0.0774167741184509,HRS,wealth,high
90,D2,0.0689261330658993,0.0667309227040717,0.0678285278849855,HRS,wealth,high
90,DEAD,0.608318632700052,0.649277591498534,0.628798112099293,HRS,wealth,high
91,I0,0.148453502844304,0.12415909715586,0.136306300000082,HRS,wealth,high
91,D1,0.0621881582331561,0.0576548668758099,0.059921512554483,HRS,wealth,high
91,R1,0.0733498247199335,0.064901466501735,0.0691256456108342,HRS,wealth,high
91,D2,0.0667309227040717,0.0637124074845824,0.065221665094327,HRS,wealth,high
91,DEAD,0.649277591498534,0.689572161982012,0.669424876740274,HRS,wealth,high
92,I0,0.12415909715586,0.102073070804486,0.113116083980173,HRS,wealth,high
92,D1,0.0576548668758099,0.0529264960244315,0.0552906814501207,HRS,wealth,high
92,R1,0.064901466501735,0.0563989778496024,0.0606502221756687,HRS,wealth,high
92,D2,0.0637124074845824,0.0599290235841791,0.0618207155343808,HRS,wealth,high
92,DEAD,0.689572161982012,0.728672431737301,0.709122296859657,HRS,wealth,high
93,I0,0.102073070804486,0.0823303837817173,0.0922017272931018,HRS,wealth,high
93,D1,0.0529264960244315,0.0480157095527949,0.0504711027886132,HRS,wealth,high
93,R1,0.0563989778496024,0.0481027565102809,0.0522508671799417,HRS,wealth,high
93,D2,0.0599290235841791,0.0554648126100391,0.0576969180971091,HRS,wealth,high
93,DEAD,0.728672431737301,0.766086337545168,0.747379384641234,HRS,wealth,high
94,I0,0.0823303837817173,0.0650154329562673,0.0736729083689923,HRS,wealth,high
94,D1,0.0480157095527949,0.0429377854869394,0.0454767475198672,HRS,wealth,high
94,R1,0.0481027565102809,0.0402438963952609,0.0441733264527709,HRS,wealth,high
94,D2,0.0554648126100391,0.0504378075841477,0.0529513100970934,HRS,wealth,high
94,DEAD,0.766086337545168,0.801365077577385,0.783725707561276,HRS,wealth,high
95,I0,0.0650154329562673,0.0501525332260817,0.0575839830911745,HRS,wealth,high
95,D1,0.0429377854869394,0.0377300773419938,0.0403339314144666,HRS,wealth,high
95,R1,0.0402438963952609,0.0330070266631566,0.0366254615292087,HRS,wealth,high
95,D2,0.0504378075841477,0.0449993245445215,0.0477185660643346,HRS,wealth,high
95,DEAD,0.801365077577385,0.834111038224246,0.817738057900816,HRS,wealth,high
96,I0,0.0501525332260817,0.0386873773598513,0.0444199552929665,HRS,wealth,high
96,D1,0.0377300773419938,0.0322479662547055,0.0349890217983496,HRS,wealth,high
96,R1,0.0330070266631566,0.0274093430600105,0.0302081848615836,HRS,wealth,high
96,D2,0.0449993245445215,0.0395839459540891,0.0422916352493053,HRS,wealth,high
96,DEAD,0.834111038224246,0.862071367371344,0.848091202797795,HRS,wealth,high
97,I0,0.0386873773598513,0.029843221682074,0.0342652995209627,HRS,wealth,high
97,D1,0.0322479662547055,0.0270198771329048,0.0296339216938052,HRS,wealth,high
97,R1,0.0274093430600105,0.0229344926075984,0.0251719178338045,HRS,wealth,high
97,D2,0.0395839459540891,0.0345042652501937,0.0370441056021414,HRS,wealth,high
97,DEAD,0.862071367371344,0.885698143327229,0.873884755349286,HRS,wealth,high
98,I0,0.029843221682074,0.0230208905628653,0.0264320561224697,HRS,wealth,high
98,D1,0.0270198771329048,0.0223053900489704,0.0246626335909376,HRS,wealth,high
98,R1,0.0229344926075984,0.0192701907443942,0.0211023416759963,HRS,wealth,high
98,D2,0.0345042652501937,0.0298902998745642,0.032197282562379,HRS,wealth,high
98,DEAD,0.885698143327229,0.905513228769206,0.895605686048217,HRS,wealth,high
99,I0,0.0230208905628653,0.0177581833474016,0.0203895369551335,HRS,wealth,high
99,D1,0.0223053900489704,0.0182037626952978,0.0202545763721341,HRS,wealth,high
99,R1,0.0192701907443942,0.0162210677442957,0.0177456292443449,HRS,wealth,high
99,D2,0.0298902998745642,0.0257771702024804,0.0278337350385223,HRS,wealth,high
99,DEAD,0.905513228769206,0.922039816010524,0.913776522389865,HRS,wealth,high
60,I0,1,0.97772818025868,0.98886409012934,HRS,wealth,middle
60,D1,0,0.0173998440793549,0.00869992203967743,HRS,wealth,middle
60,R1,0,0,0,HRS,wealth,middle
60,D2,0,0,0,HRS,wealth,middle
60,DEAD,0,0.00487197566196534,0.00243598783098267,HRS,wealth,middle
61,I0,0.97772818025868,0.954911175107845,0.966319677683263,HRS,wealth,middle
61,D1,0.0173998440793549,0.0303719987962298,0.0238859214377923,HRS,wealth,middle
61,R1,0,0.00407272613979221,0.00203636306989611,HRS,wealth,middle
61,D2,0,0,0,HRS,wealth,middle
61,DEAD,0.00487197566196534,0.0106440999561325,0.00775803780904894,HRS,wealth,middle
62,I0,0.954911175107845,0.9315265311304,0.943218853119123,HRS,wealth,middle
62,D1,0.0303719987962298,0.0400370847778605,0.0352045417870451,HRS,wealth,middle
62,R1,0.00407272613979221,0.0106410757468923,0.00735690094334224,HRS,wealth,middle
62,D2,0,0.000454166183763785,0.000227083091881892,HRS,wealth,middle
62,DEAD,0.0106440999561325,0.0173411421610833,0.0139926210586079,HRS,wealth,middle
63,I0,0.9315265311304,0.907543237549103,0.919534884339751,HRS,wealth,middle
63,D1,0.0400370847778605,0.047243252004533,0.0436401683911968,HRS,wealth,middle
63,R1,0.0106410757468923,0.0187215437703034,0.0146813097585978,HRS,wealth,middle
63,D2,0.000454166183763785,0.00149117864572407,0.000972672414743929,HRS,wealth,middle
63,DEAD,0.0173411421610833,0.0250007880303371,0.0211709650957102,HRS,wealth,middle
64,I0,0.907543237549103,0.882922793168525,0.895233015358814,HRS,wealth,middle
64,D1,0.047243252004533,0.0526365355285486,0.0499398937665408,HRS,wealth,middle
64,R1,0.0187215437703034,0.0276850804218094,0.0232033120960564,HRS,wealth,middle
64,D2,0.00149117864572407,0.00308635924625775,0.00228876894599091,HRS,wealth,middle
64,DEAD,0.0250007880303371,0.0336692316348592,0.0293350098325981,HRS,wealth,middle
65,I0,0.882922793168525,0.857620466289522,0.870271629729024,HRS,wealth,middle
65,D1,0.0526365355285486,0.056712280500947,0.0546744080147478,HRS,wealth,middle
65,R1,0.0276850804218094,0.0371146716850634,0.0323998760534364,HRS,wealth,middle
65,D2,0.00308635924625775,0.00515481103601729,0.00412058514113752,HRS,wealth,middle
65,DEAD,0.0336692316348592,0.0433977704884501,0.0385335010616547,HRS,wealth,middle
66,I0,0.857620466289522,0.831586710612077,0.844603588450799,HRS,wealth,middle
66,D1,0.056712280500947,0.0598530660456149,0.058282673273281,HRS,wealth,middle
66,R1,0.0371146716850634,0.0467202072014135,0.0419174394432384,HRS,wealth,middle
66,D2,0.00515481103601729,0.00760002934851912,0.00637742019226821,HRS,wealth,middle
66,DEAD,0.0433977704884501,0.0542399867923758,0.048818878640413,HRS,wealth,middle
67,I0,0.831586710612077,0.804768698525252,0.818177704568664,HRS,wealth,middle
67,D1,0.0598530660456149,0.0623569261297539,0.0611049960876844,HRS,wealth,middle
67,R1,0.0467202072014135,0.0562873827488382,0.0515037949751258,HRS,wealth,middle
67,D2,0.00760002934851912,0.0103377349344466,0.00896888214148287,HRS,wealth,middle
67,DEAD,0.0542399867923758,0.0662492576617098,0.0602446222270428,HRS,wealth,middle
68,I0,0.804768698525252,0.777111929891449,0.79094031420835,HRS,wealth,middle
68,D1,0.0623569261297539,0.0644585457437127,0.0634077359367333,HRS,wealth,middle
68,R1,0.0562873827488382,0.0656468512562543,0.0609671170025462,HRS,wealth,middle
68,D2,0.0103377349344466,0.0133062270267832,0.0118219809806149,HRS,wealth,middle
68,DEAD,0.0662492576617098,0.0794764460818011,0.0728628518717555,HRS,wealth,middle
69,I0,0.777111929891449,0.748561870079196,0.762836899985323,HRS,wealth,middle
69,D1,0.0644585457437127,0.066345333470497,0.0654019396071048,HRS,wealth,middle
69,R1,0.0656468512562543,0.0746553962479376,0.070151123752096,HRS,wealth,middle
69,D2,0.0133062270267832,0.0164696979599356,0.0148879624933594,HRS,wealth,middle
69,DEAD,0.0794764460818011,0.0939677022424335,0.0867220741621173,HRS,wealth,middle
70,I0,0.748561870079196,0.719065567143821,0.733813718611508,HRS,wealth,middle
70,D1,0.066345333470497,0.0681697254008164,0.0672575294356567,HRS,wealth,middle
70,R1,0.0746553962479376,0.083184184599214,0.0789197904235758,HRS,wealth,middle
70,D2,0.0164696979599356,0.0198181589147303,0.018143928437333,HRS,wealth,middle
70,DEAD,0.0939677022424335,0.109762363941419,0.101865033091926,HRS,wealth,middle
71,I0,0.719065567143821,0.688577308118017,0.703821437630919,HRS,wealth,middle
71,D1,0.0681697254008164,0.0700512232655342,0.0691104743331753,HRS,wealth,middle
71,R1,0.083184184599214,0.0911154690935778,0.0871498268463959,HRS,wealth,middle
71,D2,0.0198181589147303,0.0233625533026647,0.0215903561086975,HRS,wealth,middle
71,DEAD,0.109762363941419,0.126893446220207,0.118327905080813,HRS,wealth,middle
72,I0,0.688577308118017,0.657076856115741,0.672827082116879,HRS,wealth,middle
72,D1,0.0700512232655342,0.0720544633567302,0.0710528433111322,HRS,wealth,middle
72,R1,0.0911154690935778,0.0983549548345875,0.0947352119640827,HRS,wealth,middle
72,D2,0.0233625533026647,0.0271170033449144,0.0252397783237895,HRS,wealth,middle
72,DEAD,0.126893446220207,0.145396722348027,0.136145084284117,HRS,wealth,middle
73,I0,0.657076856115741,0.624575945170281,0.640826400643011,HRS,wealth,middle
73,D1,0.0720544633567302,0.0741929322010448,0.0731236977788875,HRS,wealth,middle
73,R1,0.0983549548345875,0.10482677988614,0.101590867360364,HRS,wealth,middle
73,D2,0.0271170033449144,0.0310909349976529,0.0291039691712836,HRS,wealth,middle
73,DEAD,0.145396722348027,0.165313407744881,0.155355065046454,HRS,wealth,middle
74,I0,0.624575945170281,0.591121244308757,0.607848594739519,HRS,wealth,middle
74,D1,0.0741929322010448,0.0764380132935033,0.0753154727472741,HRS,wealth,middle
74,R1,0.10482677988614,0.110465985048014,0.107646382467077,HRS,wealth,middle
74,D2,0.0310909349976529,0.0352846239484403,0.0331877794730466,HRS,wealth,middle
74,DEAD,0.165313407744881,0.186690133401285,0.176001770573083,HRS,wealth,middle
75,I0,0.591121244308757,0.556797519832232,0.573959382070495,HRS,wealth,middle
75,D1,0.0764380132935033,0.0787250048814336,0.0775815090874685,HRS,wealth,middle
75,R1,0.110465985048014,0.115214675807365,0.11284033042769,HRS,wealth,middle
75,D2,0.0352846239484403,0.0396842545745847,0.0374844392615125,HRS,wealth,middle
75,DEAD,0.186690133401285,0.209578544904384,0.198134339152835,HRS,wealth,middle
76,I0,0.556797519832232,0.521730391363087,0.53926395559766,HRS,wealth,middle
76,D1,0.0787250048814336,0.0809574870245303,0.079841245952982,HRS,wealth,middle
76,R1,0.115214675807365,0.119020859684639,0.117117767746002,HRS,wealth,middle
76,D2,0.0396842545745847,0.0442569140855623,0.0419705843300735,HRS,wealth,middle
76,DEAD,0.209578544904384,0.234034347842181,0.221806446373283,HRS,wealth,middle
77,I0,0.521730391363087,0.486087961593884,0.503909176478486,HRS,wealth,middle
77,D1,0.0809574870245303,0.0830112990509403,0.0819843930377353,HRS,wealth,middle
77,R1,0.119020859684639,0.121839208035989,0.120430033860314,HRS,wealth,middle
77,D2,0.0442569140855623,0.0489459143623007,0.0466014142239315,HRS,wealth,middle
77,DEAD,0.234034347842181,0.260115616956886,0.247074982399534,HRS,wealth,middle
78,I0,0.486087961593884,0.4500805344389,0.468084248016392,HRS,wealth,middle
78,D1,0.0830112990509403,0.08473924755186,0.0838752733014002,HRS,wealth,middle
78,R1,0.121839208035989,0.123633110948164,0.122736159492076,HRS,wealth,middle
78,D2,0.0489459143623007,0.0536669196429863,0.0513064170026435,HRS,wealth,middle
78,DEAD,0.260115616956886,0.28788018741809,0.273997902187488,HRS,wealth,middle
79,I0,0.4500805344389,0.413957666203104,0.432019100321002,HRS,wealth,middle
79,D1,0.08473924755186,0.0859774704375545,0.0853583589947072,HRS,wealth,middle
79,R1,0.123633110948164,0.124377431213532,0.124005271080848,HRS,wealth,middle
79,D2,0.0536669196429863,0.0583054775204975,0.0559861985817419,HRS,wealth,middle
79,DEAD,0.28788018741809,0.317381954625313,0.302631071021701,HRS,wealth,middle
80,I0,0.413957666203104,0.378001961127467,0.395979813665286,HRS,wealth,middle
80,D1,0.0859774704375545,0.0865541013229155,0.086265785880235,HRS,wealth,middle
80,R1,0.124377431213532,0.12406137024049,0.124219400727011,HRS,wealth,middle
80,D2,0.0583054775204975,0.0627166407943543,0.0605110591574259,HRS,wealth,middle
80,DEAD,0.317381954625313,0.348665926514772,0.333023940570043,HRS,wealth,middle
81,I0,0.378001961127467,0.342514661863039,0.360258311495253,HRS,wealth,middle
81,D1,0.0865541013229155,0.0863128054768791,0.0864334533998973,HRS,wealth,middle
81,R1,0.12406137024049,0.122682976633452,0.123372173436971,HRS,wealth,middle
81,D2,0.0627166407943543,0.0667348037774173,0.0647257222858858,HRS,wealth,middle
81,DEAD,0.348665926514772,0.381754752249213,0.365210339381993,HRS,wealth,middle
82,I0,0.342514661863039,0.307787520082303,0.325151090972671,HRS,wealth,middle
82,D1,0.0863128054768791,0.0851691914207529,0.085740998448816,HRS,wealth,middle
82,R1,0.122682976633452,0.120223732709839,0.121453354671645,HRS,wealth,middle
82,D2,0.0667348037774173,0.070207985553525,0.0684713946654711,HRS,wealth,middle
82,DEAD,0.381754752249213,0.41661157023358,0.399183161241397,HRS,wealth,middle
83,I0,0.307787520082303,0.274095589007294,0.290941554544798,HRS,wealth,middle
83,D1,0.0851691914207529,0.0831111551190756,0.0841401732699143,HRS,wealth,middle
83,R1,0.120223732709839,0.116664242429822,0.11844398756983,HRS,wealth,middle
83,D2,0.070207985553525,0.07300324031556,0.0716056129345425,HRS,wealth,middle
83,DEAD,0.41661157023358,0.453125773128249,0.434868671680915,HRS,wealth,middle
84,I0,0.274095589007294,0.241697339109416,0.257896464058355,HRS,wealth,middle
84,D1,0.0831111551190756,0.0801831527897924,0.081647153954434,HRS,wealth,middle
84,R1,0.116664242429822,0.112005427599426,0.114334835014624,HRS,wealth,middle
84,D2,0.07300324031556,0.075006103189971,0.0740046717527655,HRS,wealth,middle
84,DEAD,0.453125773128249,0.491107977311395,0.472116875219822,HRS,wealth,middle
85,I0,0.241697339109416,0.210835079363643,0.22626620923653,HRS,wealth,middle
85,D1,0.0801831527897924,0.0764716977779997,0.078327425283896,HRS,wealth,middle
85,R1,0.112005427599426,0.10628252818525,0.109143977892338,HRS,wealth,middle
85,D2,0.075006103189971,0.0761233270792343,0.0755647151346027,HRS,wealth,middle
85,DEAD,0.491107977311395,0.530287367593873,0.510697672452634,HRS,wealth,middle
86,I0,0.210835079363643,0.181734376863462,0.196284728113553,HRS,wealth,middle
86,D1,0.0764716977779997,0.0720923422389497,0.0742820200084747,HRS,wealth,middle
86,R1,0.10628252818525,0.0995733182489047,0.102927923217077,HRS,wealth,middle
86,D2,0.0761233270792343,0.0762872080138811,0.0762052675465577,HRS,wealth,middle
86,DEAD,0.530287367593873,0.570312754634802,0.550300061114338,HRS,wealth,middle
87,I0,0.181734376863462,0.154601438796229,0.168167907829846,HRS,wealth,middle
87,D1,0.0720923422389497,0.0671784039639245,0.0696353731014371,HRS,wealth,middle
87,R1,0.0995733182489047,0.0920012939078796,0.0957873060783921,HRS,wealth,middle
87,D2,0.0762872080138811,0.0754602653436132,0.0758737366787471,HRS,wealth,middle
87,DEAD,0.570312754634802,0.610758597988354,0.590535676311578,HRS,wealth,middle
88,I0,0.154601438796229,0.129617907359769,0.142109673077999,HRS,wealth,middle
88,D1,0.0671784039639245,0.061871562191804,0.0645249830778642,HRS,wealth,middle
88,R1,0.0920012939078796,0.0837342151172447,0.0878677545125621,HRS,wealth,middle
88,D2,0.0754602653436132,0.0736393662000526,0.0745498157718329,HRS,wealth,middle
88,DEAD,0.610758597988354,0.65113694913113,0.630947773559742,HRS,wealth,middle
89,I0,0.129617907359769,0.106933179130042,0.118275543244906,HRS,wealth,middle
89,D1,0.061871562191804,0.056314268843552,0.059092915517678,HRS,wealth,middle
89,R1,0.0837342151172447,0.0749782434709636,0.0793562292941041,HRS,wealth,middle
89,D2,0.0736393662000526,0.070858600971531,0.0722489835857918,HRS,wealth,middle
89,DEAD,0.65113694913113,0.690915707583911,0.671026328357521,HRS,wealth,middle
90,I0,0.106933179130042,0.086655106247065,0.0967941426885537,HRS,wealth,middle
90,D1,0.056314268843552,0.0506437686463684,0.0534790187449602,HRS,wealth,middle
90,R1,0.0749782434709636,0.0659679953498729,0.0704731194104183,HRS,wealth,middle
90,D2,0.070858600971531,0.0671903597139862,0.0690244803427586,HRS,wealth,middle
90,DEAD,0.690915707583911,0.729542770042708,0.71022923881331,HRS,wealth,middle
91,I0,0.086655106247065,0.0688419128939315,0.0777485095704983,HRS,wealth,middle
91,D1,0.0506437686463684,0.0449798844962619,0.0478118265713152,HRS,wealth,middle
91,R1,0.0659679953498729,0.0569574862222196,0.0614627407860463,HRS,wealth,middle
91,D2,0.0671903597139862,0.0627394696848543,0.0649649146994202,HRS,wealth,middle
91,DEAD,0.729542770042708,0.766481246702733,0.74801200837272,HRS,wealth,middle
92,I0,0.0688419128939315,0.0534986346070136,0.0611702737504725,HRS,wealth,middle
92,D1,0.0449798844962619,0.0394016905773302,0.0421907875367961,HRS,wealth,middle
92,R1,0.0569574862222196,0.0482134293063035,0.0525854577642616,HRS,wealth,middle
92,D2,0.0627394696848543,0.0576266714116852,0.0601830705482697,HRS,wealth,middle
92,DEAD,0.766481246702733,0.801259574097668,0.7838704104002,HRS,wealth,middle
93,I0,0.0534986346070136,0.0405714431162946,0.0470350388616541,HRS,wealth,middle
93,D1,0.0394016905773302,0.0339673812121854,0.0366845358947578,HRS,wealth,middle
93,R1,0.0482134293063035,0.0399807297802617,0.0440970795432826,HRS,wealth,middle
93,D2,0.0576266714116852,0.051995945904162,0.0548113086579236,HRS,wealth,middle
93,DEAD,0.801259574097668,0.833484499987097,0.817372037042382,HRS,wealth,middle
94,I0,0.0405714431162946,0.0299459998286905,0.0352587214724926,HRS,wealth,middle
94,D1,0.0339673812121854,0.0287351232690959,0.0313512522406407,HRS,wealth,middle
94,R1,0.0399807297802617,0.0324559583649644,0.036218344072613,HRS,wealth,middle
94,D2,0.051995945904162,0.0460180380694644,0.0490069919868132,HRS,wealth,middle
94,DEAD,0.833484499987097,0.862844880467785,0.848164690227441,HRS,wealth,middle
95,I0,0.0299459998286905,0.0214510143375354,0.0256985070831129,HRS,wealth,middle
95,D1,0.0287351232690959,0.0237731531180525,0.0262541381935742,HRS,wealth,middle
95,R1,0.0324559583649644,0.0257746818070227,0.0291153200859936,HRS,wealth,middle
95,D2,0.0460180380694644,0.039884524609543,0.0429512813395037,HRS,wealth,middle
95,DEAD,0.862844880467785,0.889116626127847,0.875980753297816,HRS,wealth,middle
96,I0,0.0214510143375354,0.0153658591712237,0.0184084367543795,HRS,wealth,middle
96,D1,0.0237731531180525,0.0191466507958906,0.0214599019569715,HRS,wealth,middle
96,R1,0.0257746818070227,0.0206945352019718,0.0232346085044973,HRS,wealth,middle
96,D2,0.039884524609543,0.0340878430320131,0.0369861838207781,HRS,wealth,middle
96,DEAD,0.889116626127847,0.910705111798901,0.899910868963374,HRS,wealth,middle
97,I0,0.0153658591712237,0.0110069213676638,0.0131863902694437,HRS,wealth,middle
97,D1,0.0191466507958906,0.0151208381449252,0.0171337444704079,HRS,wealth,middle
97,R1,0.0206945352019718,0.016728816190866,0.0187116756964189,HRS,wealth,middle
97,D2,0.0340878430320131,0.0288613675263477,0.0314746052791804,HRS,wealth,middle
97,DEAD,0.910705111798901,0.928282056770198,0.919493584284549,HRS,wealth,middle
98,I0,0.0110069213676638,0.00788451310427341,0.00944571723596858,HRS,wealth,middle
98,D1,0.0151208381449252,0.0117645590819845,0.0134426986134549,HRS,wealth,middle
98,R1,0.016728816190866,0.0135749810263555,0.0151518986086107,HRS,wealth,middle
98,D2,0.0288613675263477,0.0242744537919043,0.026567910659126,HRS,wealth,middle
98,DEAD,0.928282056770198,0.942501492995483,0.93539177488284,HRS,wealth,middle
99,I0,0.00788451310427341,0.00564785963440146,0.00676618636933743,HRS,wealth,middle
99,D1,0.0117645590819845,0.00904670780867222,0.0104056334453284,HRS,wealth,middle
99,R1,0.0135749810263555,0.0110361378144809,0.0123055594204182,HRS,wealth,middle
99,D2,0.0242744537919043,0.0203154896266418,0.022294971709273,HRS,wealth,middle
99,DEAD,0.942501492995483,0.953953805115804,0.948227649055643,HRS,wealth,middle
60,I0,1,0.96835879214283,0.984179396071415,HRS,wealth,low
60,D1,0,0.0250682729523144,0.0125341364761572,HRS,wealth,low
60,R1,0,0,0,HRS,wealth,low
60,D2,0,0,0,HRS,wealth,low
60,DEAD,0,0.00657293490485579,0.00328646745242789,HRS,wealth,low
61,I0,0.96835879214283,0.936289007065605,0.952323899604217,HRS,wealth,low
61,D1,0.0250682729523144,0.0448815673209266,0.0349749201366205,HRS,wealth,low
61,R1,0,0.00439047301989916,0.00219523650994958,HRS,wealth,low
61,D2,0,0,0,HRS,wealth,low
61,DEAD,0.00657293490485579,0.0144389525935694,0.0105059437492126,HRS,wealth,low
62,I0,0.936289007065605,0.903787805763875,0.92003840641474,HRS,wealth,low
62,D1,0.0448815673209266,0.0604373464261591,0.0526594568735429,HRS,wealth,low
62,R1,0.00439047301989916,0.011528870481225,0.00795967175056206,HRS,wealth,low
62,D2,0,0.000620013432226044,0.000310006716113022,HRS,wealth,low
62,DEAD,0.0144389525935694,0.0236259638965147,0.019032458245042,HRS,wealth,low
63,I0,0.903787805763875,0.870842852956272,0.887315329360074,HRS,wealth,low
63,D1,0.0604373464261591,0.0725574889506168,0.066497417688388,HRS,wealth,low
63,R1,0.011528870481225,0.0203477146921909,0.0159382925867079,HRS,wealth,low
63,D2,0.000620013432226044,0.00207911076142327,0.00134956209682465,HRS,wealth,low
63,DEAD,0.0236259638965147,0.0341728326394972,0.0288993982680059,HRS,wealth,low
64,I0,0.870842852956272,0.83743460610316,0.854138729529716,HRS,wealth,low
64,D1,0.0725574889506168,0.0819229544655441,0.0772402217080804,HRS,wealth,low
64,R1,0.0203477146921909,0.0301329424432107,0.0252403285677008,HRS,wealth,low
64,D2,0.00207911076142327,0.00438537572020746,0.00323224324081536,HRS,wealth,low
64,DEAD,0.0341728326394972,0.0461241212678781,0.0401484769536877,HRS,wealth,low
65,I0,0.83743460610316,0.803538863275946,0.820486734689553,HRS,wealth,low
65,D1,0.0819229544655441,0.0891003159076531,0.0855116351865986,HRS,wealth,low
65,R1,0.0301329424432107,0.040387745788102,0.0352603441156563,HRS,wealth,low
65,D2,0.00438537572020746,0.00744722049501535,0.0059162981076114,HRS,wealth,low
65,DEAD,0.0461241212678781,0.0595258545332832,0.0528249879005807,HRS,wealth,low
66,I0,0.803538863275946,0.769129505369914,0.78633418432293,HRS,wealth,low
66,D1,0.0891003159076531,0.0945623318661185,0.0918313238868858,HRS,wealth,low
66,R1,0.040387745788102,0.0507488906475649,0.0455683182178335,HRS,wealth,low
66,D2,0.00744722049501535,0.0111373719479744,0.00929229622149489,HRS,wealth,low
66,DEAD,0.0595258545332832,0.0744219001684281,0.0669738773508556,HRS,wealth,low
67,I0,0.769129505369914,0.734181370146777,0.751655437758346,HRS,wealth,low
67,D1,0.0945623318661185,0.0987041285717413,0.0966332302189299,HRS,wealth,low
67,R1,0.0507488906475649,0.0609353169169943,0.0558421037822796,HRS,wealth,low
67,D2,0.0111373719479744,0.0153284598080012,0.0132329158779878,HRS,wealth,low
67,DEAD,0.0744219001684281,0.0908507245564859,0.082636312362457,HRS,wealth,low
68,I0,0.734181370146777,0.698673195805118,0.716427282975948,HRS,wealth,low
68,D1,0.0987041285717413,0.1018561194994,0.10028012403557,HRS,wealth,low
68,R1,0.0609353169169943,0.0707166273839282,0.0658259721504613,HRS,wealth,low
68,D2,0.0153284598080012,0.0199116619630022,0.0176200608855017,HRS,wealth,low
68,DEAD,0.0908507245564859,0.108842395348552,0.0998465599525188,HRS,wealth,low
69,I0,0.698673195805118,0.662590571581453,0.680631883693286,HRS,wealth,low
69,D1,0.1018561194994,0.104294462397574,0.103075290948487,HRS,wealth,low
69,R1,0.0707166273839282,0.0798938302580681,0.0753052288209981,HRS,wealth,low
69,D2,0.0199116619630022,0.0248053479440122,0.0223585049535072,HRS,wealth,low
69,DEAD,0.108842395348552,0.128415787818893,0.118629091583722,HRS,wealth,low
70,I0,0.662590571581453,0.625928834928218,0.644259703254835,HRS,wealth,low
70,D1,0.104294462397574,0.106249606512132,0.105272034454853,HRS,wealth,low
70,R1,0.0798938302580681,0.088287616555932,0.084090723407,HRS,wealth,low
70,D2,0.0248053479440122,0.0299579250723722,0.0273816365081922,HRS,wealth,low
70,DEAD,0.128415787818893,0.149576016931346,0.13899590237512,HRS,wealth,low
71,I0,0.625928834928218,0.588701087926703,0.60731496142746,HRS,wealth,low
71,D1,0.106249606512132,0.1079038790245,0.107076742768316,HRS,wealth,low
71,R1,0.088287616555932,0.0957368471913557,0.0920122318736439,HRS,wealth,low
71,D2,0.0299579250723722,0.0353428543759247,0.0326503897241485,HRS,wealth,low
71,DEAD,0.149576016931346,0.172315331481517,0.160945674206432,HRS,wealth,low
72,I0,0.588701087926703,0.550961328667339,0.569831208297021,HRS,wealth,low
72,D1,0.1079038790245,0.10936108701163,0.108632483018065,HRS,wealth,low
72,R1,0.0957368471913557,0.102117177382596,0.0989270122869759,HRS,wealth,low
72,D2,0.0353428543759247,0.0409355562527776,0.0381392053143511,HRS,wealth,low
72,DEAD,0.172315331481517,0.196624850685658,0.184470091083587,HRS,wealth,low
73,I0,0.550961328667339,0.512810578112852,0.531885953390096,HRS,wealth,low
73,D1,0.10936108701163,0.110650775434214,0.110005931222922,HRS,wealth,low
73,R1,0.102117177382596,0.107338608619601,0.104727893001098,HRS,wealth,low
73,D2,0.0409355562527776,0.0467028266247751,0.0438191914387764,HRS,wealth,low
73,DEAD,0.196624850685658,0.222497211208559,0.209561030947108,HRS,wealth,low
74,I0,0.512810578112852,0.474397388210882,0.493603983161867,HRS,wealth,low
74,D1,0.110650775434214,0.111741442491382,0.111196108962798,HRS,wealth,low
74,R1,0.107338608619601,0.111338824521494,0.109338716570547,HRS,wealth,low
74,D2,0.0467028266247751,0.052596994890621,0.049649910757698,HRS,wealth,low
74,DEAD,0.222497211208559,0.249925349885621,0.23621128054709,HRS,wealth,low
75,I0,0.474397388210882,0.435917518555313,0.455157453383098,HRS,wealth,low
75,D1,0.111741442491382,0.112551877522114,0.112146660006748,HRS,wealth,low
75,R1,0.111338824521494,0.114079885141701,0.112709354831597,HRS,wealth,low
75,D2,0.052596994890621,0.0585500939449285,0.0555735444177747,HRS,wealth,low
75,DEAD,0.249925349885621,0.278900624835944,0.264412987360783,HRS,wealth,low
76,I0,0.435917518555313,0.397611898731787,0.41676470864355,HRS,wealth,low
76,D1,0.112551877522114,0.112961869041688,0.112756873281901,HRS,wealth,low
76,R1,0.114079885141701,0.115547207696351,0.114813546419026,HRS,wealth,low
76,D2,0.0585500939449285,0.0644688810422843,0.0615094874936064,HRS,wealth,low
76,DEAD,0.278900624835944,0.30941014348789,0.294155384161917,HRS,wealth,low
77,I0,0.397611898731787,0.359762012626449,0.378686955679118,HRS,wealth,low
77,D1,0.112961869041688,0.112823425952911,0.112892647497299,HRS,wealth,low
77,R1,0.115547207696351,0.115749904804876,0.115648556250613,HRS,wealth,low
77,D2,0.0644688810422843,0.0702314587601378,0.067350169901211,HRS,wealth,low
77,DEAD,0.30941014348789,0.341433197855626,0.325421670671758,HRS,wealth,low
78,I0,0.359762012626449,0.322681993260504,0.341222002943477,HRS,wealth,low
78,D1,0.112823425952911,0.111973404677126,0.112398415315018,HRS,wealth,low
78,R1,0.115749904804876,0.114721622373985,0.115235763589431,HRS,wealth,low
78,D2,0.0702314587601378,0.0756862247861149,0.0729588417731263,HRS,wealth,low
78,DEAD,0.341433197855626,0.374936754902269,0.358184976378948,HRS,wealth,low
79,I0,0.322681993260504,0.286707042733549,0.304694517997026,HRS,wealth,low
79,D1,0.111973404677126,0.110248025080465,0.111110714878795,HRS,wealth,low
79,R1,0.114721622373985,0.112521089082102,0.113621355728044,HRS,wealth,low
79,D2,0.0756862247861149,0.0806538290889895,0.0781700269375522,HRS,wealth,low
79,DEAD,0.374936754902269,0.409870014014896,0.392403384458583,HRS,wealth,low
80,I0,0.286707042733549,0.252178300622515,0.269442671678032,HRS,wealth,low
80,D1,0.110248025080465,0.107499198413446,0.108873611746955,HRS,wealth,low
80,R1,0.112521089082102,0.109231707326973,0.110876398204537,HRS,wealth,low
80,D2,0.0806538290889895,0.084932670741246,0.0827932499151177,HRS,wealth,low
80,DEAD,0.409870014014896,0.44615812289582,0.428014068455358,HRS,wealth,low
81,I0,0.252178300622515,0.21942034375131,0.235799322186913,HRS,wealth,low
81,D1,0.107499198413446,0.103624058149229,0.105561628281338,HRS,wealth,low
81,R1,0.109231707326973,0.104951494058531,0.107091600692752,HRS,wealth,low
81,D2,0.084932670741246,0.0883164415927206,0.0866245561669833,HRS,wealth,low
81,DEAD,0.44615812289582,0.483687662448209,0.464922892672015,HRS,wealth,low
82,I0,0.21942034375131,0.188708622607032,0.204064483179171,HRS,wealth,low
82,D1,0.103624058149229,0.0986211427719347,0.101122600460582,HRS,wealth,low
82,R1,0.104951494058531,0.0997630917161779,0.102357292887354,HRS,wealth,low
82,D2,0.0883164415927206,0.0906370935868411,0.0894767675897809,HRS,wealth,low
82,DEAD,0.483687662448209,0.522270049318014,0.502978855883112,HRS,wealth,low
83,I0,0.188708622607032,0.16026228770625,0.174485455156641,HRS,wealth,low
83,D1,0.0986211427719347,0.0925837530286753,0.095602447900305,HRS,wealth,low
83,R1,0.0997630917161779,0.0937473077506855,0.0967551997334317,HRS,wealth,low
83,D2,0.0906370935868411,0.0917720505781282,0.0912045720824846,HRS,wealth,low
83,DEAD,0.522270049318014,0.561634600936261,0.541952325127138,HRS,wealth,low
84,I0,0.16026228770625,0.134245417440288,0.147253852573269,HRS,wealth,low
84,D1,0.0925837530286753,0.0856756400094971,0.0891296965190862,HRS,wealth,low
84,R1,0.0937473077506855,0.0870014402076994,0.0903743739791924,HRS,wealth,low
84,D2,0.0917720505781282,0.0916435709758782,0.0917078107770032,HRS,wealth,low
84,DEAD,0.561634600936261,0.601433931366637,0.581534266151449,HRS,wealth,low
85,I0,0.134245417440288,0.110768922996077,0.122507170218183,HRS,wealth,low
85,D1,0.0856756400094971,0.0781076675345592,0.0818916537720281,HRS,wealth,low
85,R1,0.0870014402076994,0.0796490611065384,0.0833252506571189,HRS,wealth,low
85,D2,0.0916435709758782,0.0902208531022794,0.0909322120390788,HRS,wealth,low
85,DEAD,0.601433931366637,0.641253495260546,0.621343713313592,HRS,wealth,low
86,I0,0.110768922996077,0.089892019487471,0.100330471241774,HRS,wealth,low
86,D1,0.0781076675345592,0.0701163838045959,0.0741120256695775,HRS,wealth,low
86,R1,0.0796490611065384,0.0718428899234676,0.075745975515003,HRS,wealth,low
86,D2,0.0902208531022794,0.0875227306192599,0.0888717918607696,HRS,wealth,low
86,DEAD,0.641253495260546,0.680625976165206,0.660939735712876,HRS,wealth,low
87,I0,0.089892019487471,0.0716227881158738,0.0807574038016724,HRS,wealth,low
87,D1,0.0701163838045959,0.061945189320307,0.0660307865624514,HRS,wealth,low
87,R1,0.0718428899234676,0.0637620076377667,0.0678024487806172,HRS,wealth,low
87,D2,0.0875227306192599,0.0836192913740439,0.0855710109966519,HRS,wealth,low
87,DEAD,0.680625976165206,0.719050723552009,0.699838349858607,HRS,wealth,low
88,I0,0.0716227881158738,0.0559180571091933,0.0637704226125335,HRS,wealth,low
88,D1,0.061945189320307,0.0538284928202719,0.0578868410702894,HRS,wealth,low
88,R1,0.0637620076377667,0.0556044934243853,0.059683250531076,HRS,wealth,low
88,D2,0.0836192913740439,0.0786311934355339,0.0811252424047889,HRS,wealth,low
88,DEAD,0.719050723552009,0.756017763210616,0.737534243381312,HRS,wealth,low
89,I0,0.0559180571091933,0.0426834538205321,0.0493007554648627,HRS,wealth,low
89,D1,0.0538284928202719,0.0459789976157243,0.0499037452179981,HRS,wealth,low
89,R1,0.0556044934243853,0.0475765812282471,0.0515905373263162,HRS,wealth,low
89,D2,0.0786311934355339,0.0727258676745811,0.0756785305550575,HRS,wealth,low
89,DEAD,0.756017763210616,0.791035099660916,0.773526431435766,HRS,wealth,low
90,I0,0.0426834538205321,0.031774870873521,0.0372291623470266,HRS,wealth,low
90,D1,0.0459789976157243,0.0385781016590967,0.0422785496374105,HRS,wealth,low
90,R1,0.0475765812282471,0.0398795882925374,0.0437280847603922,HRS,wealth,low
90,D2,0.0727258676745811,0.0661102096281131,0.0694180386513471,HRS,wealth,low
90,DEAD,0.791035099660916,0.823657229546732,0.807346164603824,HRS,wealth,low
91,I0,0.031774870873521,0.02300333233188,0.0273891016027005,HRS,wealth,low
91,D1,0.0385781016590967,0.0317650613416356,0.0351715815003662,HRS,wealth,low
91,R1,0.0398795882925374,0.0326990449730188,0.0362893166327781,HRS,wealth,low
91,D2,0.0661102096281131,0.0590159284103134,0.0625630690192133,HRS,wealth,low
91,DEAD,0.823657229546732,0.853516632943152,0.838586931244942,HRS,wealth,low
92,I0,0.02300333233188,0.0161442486322182,0.0195737904820491,HRS,wealth,low
92,D1,0.0317650613416356,0.0256246642671081,0.0286948628043719,HRS,wealth,low
92,R1,0.0326990449730188,0.0261969904953674,0.0294480177341931,HRS,wealth,low
92,D2,0.0590159284103134,0.0516762347653929,0.0553460815878532,HRS,wealth,low
92,DEAD,0.853516632943152,0.880357861839914,0.866937247391533,HRS,wealth,low
93,I0,0.0161442486322182,0.010946254642181,0.0135452516371996,HRS,wealth,low
93,D1,0.0256246642671081,0.0202029604355597,0.0229138123513339,HRS,wealth,low
93,R1,0.0261969904953674,0.0204888211260415,0.0233429058107045,HRS,wealth,low
93,D2,0.0516762347653929,0.0443230144283043,0.0479996245968486,HRS,wealth,low
93,DEAD,0.880357861839914,0.904038949367914,0.892198405603914,HRS,wealth,low
94,I0,0.010946254642181,0.00714312837345052,0.00904469150781576,HRS,wealth,low
94,D1,0.0202029604355597,0.0155203489219926,0.0178616546787761,HRS,wealth,low
94,R1,0.0204888211260415,0.0156315115407589,0.0180601663334002,HRS,wealth,low
94,D2,0.0443230144283043,0.0371805241010599,0.0407517692646821,HRS,wealth,low
94,DEAD,0.904038949367914,0.924524487062738,0.914281718215326,HRS,wealth,low
95,I0,0.00714312837345052,0.00446786229577447,0.0058054953346125,HRS,wealth,low
95,D1,0.0155203489219926,0.0115765396132762,0.0135484442676344,HRS,wealth,low
95,R1,0.0156315115407589,0.0116249371371646,0.0136282243389618,HRS,wealth,low
95,D2,0.0371805241010599,0.0304530238776262,0.033816773989343,HRS,wealth,low
95,DEAD,0.924524487062738,0.941877637076159,0.933201062069449,HRS,wealth,low
96,I0,0.00446786229577447,0.00279454497390763,0.00363120363484105,HRS,wealth,low
96,D1,0.0115765396132762,0.00845154055259623,0.0100140400829362,HRS,wealth,low
96,R1,0.0116249371371646,0.00875399341630112,0.0101894652767329,HRS,wealth,low
96,D2,0.0304530238776262,0.0246454121386612,0.0275492180081437,HRS,wealth,low
96,DEAD,0.941877637076159,0.955354508918534,0.948616072997346,HRS,wealth,low
97,I0,0.00279454497390763,0.00174792352454065,0.00227123424922414,HRS,wealth,low
97,D1,0.00845154055259623,0.00607052097012805,0.00726103076136214,HRS,wealth,low
97,R1,0.00875399341630112,0.00664829539657124,0.00770114440643618,HRS,wealth,low
97,D2,0.0246454121386612,0.0197802762969399,0.0222128442178006,HRS,wealth,low
97,DEAD,0.955354508918534,0.96575298381182,0.960553746365177,HRS,wealth,low
98,I0,0.00174792352454065,0.00109328591100484,0.00142060471777274,HRS,wealth,low
98,D1,0.00607052097012805,0.00430502403559847,0.00518777250286326,HRS,wealth,low
98,R1,0.00664829539657124,0.00507747695471663,0.00586288617564394,HRS,wealth,low
98,D2,0.0197802762969399,0.0157802277592485,0.0177802520280942,HRS,wealth,low
98,DEAD,0.96575298381182,0.973743985339432,0.969748484575626,HRS,wealth,low
99,I0,0.00109328591100484,0.000683825159636661,0.00088855553532075,HRS,wealth,low
99,D1,0.00430502403559847,0.00302180902778824,0.00366341653169336,HRS,wealth,low
99,R1,0.00507747695471663,0.0038918345875179,0.00448465577111727,HRS,wealth,low
99,D2,0.0157802277592485,0.0125319447485876,0.0141560862539181,HRS,wealth,low
99,DEAD,0.973743985339432,0.97987058647647,0.976807285907951,HRS,wealth,low
60,I0,1,0.977653352199936,0.988826676099968,ELSA,education,high
60,D1,0,0.0189362085684523,0.00946810428422615,ELSA,education,high
60,R1,0,0,0,ELSA,education,high
60,D2,0,0,0,ELSA,education,high
60,DEAD,0,0.0034104392316117,0.00170521961580585,ELSA,education,high
61,I0,0.977653352199936,0.955185218189546,0.966419285194741,ELSA,education,high
61,D1,0.0189362085684523,0.0334027434835493,0.0261694760260008,ELSA,education,high
61,R1,0,0.00405330089817244,0.00202665044908622,ELSA,education,high
61,D2,0,0,0,ELSA,education,high
61,DEAD,0.0034104392316117,0.00735873742873201,0.00538458833017186,ELSA,education,high
62,I0,0.955185218189546,0.932569588239084,0.943877403214315,ELSA,education,high
62,D1,0.0334027434835493,0.0445038930732325,0.0389533182783909,ELSA,education,high
62,R1,0.00405330089817244,0.0106799167083699,0.00736660880327116,ELSA,education,high
62,D2,0,0.000381579786617216,0.000190789893308608,ELSA,education,high
62,DEAD,0.00735873742873201,0.0118650221926963,0.00961187981071415,ELSA,education,high
63,I0,0.932569588239084,0.909764845848549,0.921167217043817,ELSA,education,high
63,D1,0.0445038930732325,0.0530727350289238,0.0487883140510782,ELSA,education,high
63,R1,0.0106799167083699,0.0188956007996092,0.0147877587539896,ELSA,education,high
63,D2,0.000381579786617216,0.00130994152044297,0.000845760653530094,ELSA,education,high
63,DEAD,0.0118650221926963,0.0169568768024746,0.0144109494975854,ELSA,education,high
64,I0,0.909764845848549,0.886714646356973,0.898239746102761,ELSA,education,high
64,D1,0.0530727350289238,0.0597417782154615,0.0564072566221926,ELSA,education,high
64,R1,0.0188956007996092,0.028045658369983,0.0234706295847961,ELSA,education,high
64,D2,0.00130994152044297,0.00282931208218642,0.0020696268013147,ELSA,education,high
64,DEAD,0.0169568768024746,0.0226686049753962,0.0198127408889354,ELSA,education,high
65,I0,0.886714646356973,0.863348688247335,0.875031667302154,ELSA,education,high
65,D1,0.0597417782154615,0.0649948938670185,0.06236833604124,ELSA,education,high
65,R1,0.028045658369983,0.0376959801322072,0.0328708192510951,ELSA,education,high
65,D2,0.00282931208218642,0.00491952095917049,0.00387441652067846,ELSA,education,high
65,DEAD,0.0226686049753962,0.029040916794269,0.0258547608848326,ELSA,education,high
66,I0,0.863348688247335,0.83958332443037,0.851466006338852,ELSA,education,high
66,D1,0.0649948938670185,0.0692055963089493,0.0671002450879839,ELSA,education,high
66,R1,0.0376959801322072,0.0475612349041193,0.0426286075181632,ELSA,education,high
66,D2,0.00491952095917049,0.00752891251848068,0.00622421673882558,ELSA,education,high
66,DEAD,0.029040916794269,0.0361209318380808,0.0325809243161749,ELSA,education,high
67,I0,0.83958332443037,0.815321982627682,0.827452653529026,ELSA,education,high
67,D1,0.0692055963089493,0.0726653625861539,0.0709354794475516,ELSA,education,high
67,R1,0.0475612349041193,0.0574572685534845,0.0525092517288019,ELSA,education,high
67,D2,0.00752891251848068,0.0105929547442801,0.0090609336313804,ELSA,education,high
67,DEAD,0.0361209318380808,0.0439624314883998,0.0400416816632403,ELSA,education,high
68,I0,0.815321982627682,0.790455385382429,0.802888684005055,ELSA,education,high
68,D1,0.0726653625861539,0.0756046718788959,0.0741350172325249,ELSA,education,high
68,R1,0.0574572685534845,0.0672693297536244,0.0623632991535544,ELSA,education,high
68,D2,0.0105929547442801,0.0140442934378576,0.0123186240910689,ELSA,education,high
68,DEAD,0.0439624314883998,0.0526263195471933,0.0482943755177965,ELSA,education,high
69,I0,0.790455385382429,0.764861583016294,0.777658484199361,ELSA,education,high
69,D1,0.0756046718788959,0.0782087038798129,0.0769066878793544,ELSA,education,high
69,R1,0.0672693297536244,0.0769306833907406,0.0721000065721825,ELSA,education,high
69,D2,0.0140442934378576,0.0178177579958621,0.0159310257168598,ELSA,education,high
69,DEAD,0.0526263195471933,0.0621812717172903,0.0574037956322418,ELSA,education,high
70,I0,0.764861583016294,0.738405840232833,0.751633711624563,ELSA,education,high
70,D1,0.0782087038798129,0.0806290868106216,0.0794188953452172,ELSA,education,high
70,R1,0.0769306833907406,0.0864080623874834,0.081669372889112,ELSA,education,high
70,D2,0.0178177579958621,0.021852437950908,0.0198350979733851,ELSA,education,high
70,DEAD,0.0621812717172903,0.0727045726181543,0.0674429221677223,ELSA,education,high
71,I0,0.738405840232833,0.710948973230116,0.724677406731474,ELSA,education,high
71,D1,0.0806290868106216,0.0829850720399723,0.0818070794252969,ELSA,education,high
71,R1,0.0864080623874834,0.0956906722357028,0.0910493673115931,ELSA,education,high
71,D2,0.021852437950908,0.0260925671937262,0.0239725025723171,ELSA,education,high
71,DEAD,0.0727045726181543,0.084282715300483,0.0784936439593187,ELSA,education,high
72,I0,0.710948973230116,0.68238284113751,0.696665907183813,ELSA,education,high
72,D1,0.0829850720399723,0.0853398538848584,0.0841624629624153,ELSA,education,high
72,R1,0.0956906722357028,0.104777767066332,0.100234219651017,ELSA,education,high
72,D2,0.0260925671937262,0.0304893677137822,0.0282909674537542,ELSA,education,high
72,DEAD,0.084282715300483,0.0970101701975177,0.0906464427490004,ELSA,education,high
73,I0,0.68238284113751,0.65264325378605,0.66751304746178,ELSA,education,high
73,D1,0.0853398538848584,0.0877016415808129,0.0865207477328356,ELSA,education,high
73,R1,0.104777767066332,0.113666063266617,0.109221915166475,ELSA,education,high
73,D2,0.0304893677137822,0.0350011700715743,0.0327452688926782,ELSA,education,high
73,DEAD,0.0970101701975177,0.110987871294945,0.103999020746231,ELSA,education,high
74,I0,0.65264325378605,0.621715844208602,0.637179548997326,ELSA,education,high
74,D1,0.0877016415808129,0.0900306036856742,0.0888661226332435,ELSA,education,high
74,R1,0.113666063266617,0.122340104424144,0.118003083845381,ELSA,education,high
74,D2,0.0350011700715743,0.0395921167913276,0.037296643431451,ELSA,education,high
74,DEAD,0.110987871294945,0.126321330890252,0.118654601092599,ELSA,education,high
75,I0,0.621715844208602,0.589642312804345,0.605679078506473,ELSA,education,high
75,D1,0.0900306036856742,0.092244234014209,0.0911374188499416,ELSA,education,high
75,R1,0.122340104424144,0.130765222907845,0.126552663665995,ELSA,education,high
75,D2,0.0395921167913276,0.0442302693605476,0.0419111930759376,ELSA,education,high
75,DEAD,0.126321330890252,0.143117960913053,0.134719645901653,ELSA,education,high
76,I0,0.589642312804345,0.556525747796535,0.57308403030044,ELSA,education,high
76,D1,0.092244234014209,0.0942229415941807,0.0932335878041948,ELSA,education,high
76,R1,0.130765222907845,0.138882472438246,0.134823847673046,ELSA,education,high
76,D2,0.0442302693605476,0.048885438056785,0.0465578537086663,ELSA,education,high
76,DEAD,0.143117960913053,0.161483400114253,0.152300680513653,ELSA,education,high
77,I0,0.556525747796535,0.522533534563754,0.539529641180145,ELSA,education,high
77,D1,0.0942229415941807,0.0958173730047605,0.0950201572994706,ELSA,education,high
77,R1,0.138882472438246,0.146605446687029,0.142743959562638,ELSA,education,high
77,D2,0.048885438056785,0.053526947055638,0.0512061925562115,ELSA,education,high
77,DEAD,0.161483400114253,0.181516698688818,0.171500049401536,ELSA,education,high
78,I0,0.522533534563754,0.487896323462203,0.505214929012978,ELSA,education,high
78,D1,0.0958173730047605,0.096858584819965,0.0963379789123628,ELSA,education,high
78,R1,0.146605446687029,0.153819268244961,0.150212357465995,ELSA,education,high
78,D2,0.053526947055638,0.0581215138687891,0.0558242304622136,ELSA,education,high
78,DEAD,0.181516698688818,0.203304309604082,0.19241050414645,ELSA,education,high
79,I0,0.487896323462203,0.452901742350052,0.470399032906127,ELSA,education,high
79,D1,0.096858584819965,0.0971715992017885,0.0970150920108768,ELSA,education,high
79,R1,0.153819268244961,0.16038223994317,0.157100754094066,ELSA,education,high
79,D2,0.0581215138687891,0.0626314305758311,0.0603764722223101,ELSA,education,high
79,DEAD,0.203304309604082,0.226912987929158,0.21510864876662,ELSA,education,high
80,I0,0.452901742350052,0.41788209290208,0.435391917626066,ELSA,education,high
80,D1,0.0971715992017885,0.0965920697443421,0.0968818344730653,ELSA,education,high
80,R1,0.16038223994317,0.166130674824661,0.163256457383916,ELSA,education,high
80,D2,0.0626314305758311,0.067013259937796,0.0648223452568135,ELSA,education,high
80,DEAD,0.226912987929158,0.252381902591121,0.239647445260139,ELSA,education,high
81,I0,0.41788209290208,0.38318087405416,0.40053148347812,ELSA,education,high
81,D1,0.0965920697443421,0.095014562203031,0.0958033159736865,ELSA,education,high
81,R1,0.166130674824661,0.170859602779578,0.168495138802119,ELSA,education,high
81,D2,0.067013259937796,0.0712281372033861,0.069120698570591,ELSA,education,high
81,DEAD,0.252381902591121,0.279716823759845,0.266049363175483,ELSA,education,high
82,I0,0.38318087405416,0.349079255444411,0.366130064749286,ELSA,education,high
82,D1,0.095014562203031,0.0925104637745715,0.0937625129888012,ELSA,education,high
82,R1,0.170859602779578,0.174231124009545,0.172545363394561,ELSA,education,high
82,D2,0.0712281372033861,0.0752830396479006,0.0732555884256433,ELSA,education,high
82,DEAD,0.279716823759845,0.308896117123572,0.294306470441708,ELSA,education,high
83,I0,0.349079255444411,0.315791784338682,0.332435519891547,ELSA,education,high
83,D1,0.0925104637745715,0.0892970956899316,0.0909037797322516,ELSA,education,high
83,R1,0.174231124009545,0.175810936351307,0.175021030180426,ELSA,education,high
83,D2,0.0752830396479006,0.0792197650238226,0.0772514023358616,ELSA,education,high
83,DEAD,0.308896117123572,0.339880418596257,0.324388267859914,ELSA,education,high
84,I0,0.315791784338682,0.283486097328252,0.299638940833467,ELSA,education,high
84,D1,0.0892970956899316,0.0856632053956902,0.0874801505428109,ELSA,education,high
84,R1,0.175810936351307,0.175138105889375,0.175474521120341,ELSA,education,high
84,D2,0.0792197650238226,0.0830902223542702,0.0811549936890464,ELSA,education,high
84,DEAD,0.339880418596257,0.372622369032412,0.356251393814334,ELSA,education,high
85,I0,0.283486097328252,0.252303165050216,0.267894631189234,ELSA,education,high
85,D1,0.0856632053956902,0.0819016974918088,0.0837824514437495,ELSA,education,high
85,R1,0.175138105889375,0.171786445462591,0.173462275675983,ELSA,education,high
85,D2,0.0830902223542702,0.0869318230009869,0.0850110226776286,ELSA,education,high
85,DEAD,0.372622369032412,0.407076868994397,0.389849619013404,ELSA,education,high
86,I0,0.252303165050216,0.222373943194059,0.237338554122137,ELSA,education,high
86,D1,0.0819016974918088,0.0782565154712086,0.0800791064815087,ELSA,education,high
86,R1,0.171786445462591,0.165419101209178,0.168602773335885,ELSA,education,high
86,D2,0.0869318230009869,0.0907381979578245,0.0888350104794057,ELSA,education,high
86,DEAD,0.407076868994397,0.443212242167731,0.425144555581064,ELSA,education,high
87,I0,0.222373943194059,0.193829758358114,0.208101850776086,ELSA,education,high
87,D1,0.0782565154712086,0.0748862442453016,0.0765713798582551,ELSA,education,high
87,R1,0.165419101209178,0.155839854736532,0.160629477972855,ELSA,education,high
87,D2,0.0907381979578245,0.0944217817264426,0.0925799898421336,ELSA,education,high
87,DEAD,0.443212242167731,0.48102236093361,0.46211730155067,ELSA,education,high
88,I0,0.193829758358114,0.166805268836391,0.180317513597253,ELSA,education,high
88,D1,0.0748862442453016,0.071842816598937,0.0733645304221193,ELSA,education,high
88,R1,0.155839854736532,0.143045871016912,0.149442862876722,ELSA,education,high
88,D2,0.0944217817264426,0.0977676754135166,0.0960947285699796,ELSA,education,high
88,DEAD,0.48102236093361,0.520538368134243,0.500780364533926,ELSA,education,high
89,I0,0.166805268836391,0.141434374632407,0.154119821734399,ELSA,education,high
89,D1,0.071842816598937,0.0690617274086888,0.0704522720038129,ELSA,education,high
89,R1,0.143045871016912,0.12728378797393,0.135164829495421,ELSA,education,high
89,D2,0.0977676754135166,0.100384285689811,0.0990759805516637,ELSA,education,high
89,DEAD,0.520538368134243,0.561835824295164,0.541187096214703,ELSA,education,high
90,I0,0.141434374632407,0.117841007051164,0.129637690841786,ELSA,education,high
90,D1,0.0690617274086888,0.0663613456886407,0.0677115365486647,ELSA,education,high
90,R1,0.12728378797393,0.109102050747061,0.118192919360495,ELSA,education,high
90,D2,0.100384285689811,0.101666800258644,0.101025542974227,ELSA,education,high
90,DEAD,0.561835824295164,0.60502879625449,0.583432310274827,ELSA,education,high
91,I0,0.117841007051164,0.0961380744282162,0.10698954073969,ELSA,education,high
91,D1,0.0663613456886407,0.0634352914846701,0.0648983185866554,ELSA,education,high
91,R1,0.109102050747061,0.0894198045347465,0.0992609276409038,ELSA,education,high
91,D2,0.101666800258644,0.100791578455242,0.101229189356943,ELSA,education,high
91,DEAD,0.60502879625449,0.650215251097125,0.627622023675808,ELSA,education,high
92,I0,0.0961380744282162,0.0764569868440795,0.0862975306361479,ELSA,education,high
92,D1,0.0634352914846701,0.0598503078628608,0.0616427996737655,ELSA,education,high
92,R1,0.0894198045347465,0.0695741670505408,0.0794969857926437,ELSA,education,high
92,D2,0.100791578455242,0.0968289191689553,0.0988102488120985,ELSA,education,high
92,DEAD,0.650215251097125,0.697289619073564,0.673752435085345,ELSA,education,high
93,I0,0.0764569868440795,0.0589466594262652,0.0677018231351724,ELSA,education,high
93,D1,0.0598503078628608,0.0551833187015622,0.0575168132822115,ELSA,education,high
93,R1,0.0695741670505408,0.0510179345453343,0.0602960507979376,ELSA,education,high
93,D2,0.0968289191689553,0.0891176733954535,0.0929732962822044,ELSA,education,high
93,DEAD,0.697289619073564,0.745734413931385,0.721512016502474,ELSA,education,high
94,I0,0.0589466594262652,0.0437605238996793,0.0513535916629722,ELSA,education,high
94,D1,0.0551833187015622,0.0491724120807195,0.0521778653911409,ELSA,education,high
94,R1,0.0510179345453343,0.034986230918778,0.0430020827320562,ELSA,education,high
94,D2,0.0891176733954535,0.077642056993544,0.0833798651944988,ELSA,education,high
94,DEAD,0.745734413931385,0.794438776107279,0.770086595019332,ELSA,education,high
95,I0,0.0437605238996793,0.0310317160053123,0.0373961199524958,ELSA,education,high
95,D1,0.0491724120807195,0.04184305640081,0.0455077342407647,ELSA,education,high
95,R1,0.034986230918778,0.0222511219927774,0.0286186764557777,ELSA,education,high
95,D2,0.077642056993544,0.06324710399893,0.070444580496237,ELSA,education,high
95,DEAD,0.794438776107279,0.84162700160217,0.818032888854725,ELSA,education,high
96,I0,0.0310317160053123,0.0220053900735273,0.0265185530394198,ELSA,education,high
96,D1,0.04184305640081,0.0344398329309568,0.0381414446658834,ELSA,education,high
96,R1,0.0222511219927774,0.0144752700618046,0.018363196027291,ELSA,education,high
96,D2,0.06324710399893,0.049954882192163,0.0566009930955465,ELSA,education,high
96,DEAD,0.84162700160217,0.879124624741549,0.860375813171859,ELSA,education,high
97,I0,0.0220053900735273,0.0156045895820004,0.0188049898277639,ELSA,education,high
97,D1,0.0344398329309568,0.0276819278965305,0.0310608804137436,ELSA,education,high
97,R1,0.0144752700618046,0.00962864385756973,0.0120519569596871,ELSA,education,high
97,D2,0.049954882192163,0.0386793620932951,0.044317122142729,ELSA,education,high
97,DEAD,0.879124624741549,0.908405476570604,0.893765050656077,ELSA,education,high
98,I0,0.0156045895820004,0.0110656168879103,0.0133351032349554,ELSA,education,high
98,D1,0.0276819278965305,0.0218586493997247,0.0247702886481276,ELSA,education,high
98,R1,0.00962864385756973,0.00653967674008496,0.00808416029882735,ELSA,education,high
98,D2,0.0386793620932951,0.0295530456622279,0.0341162038777615,ELSA,education,high
98,DEAD,0.908405476570604,0.930983011310052,0.919694243940328,ELSA,education,high
99,I0,0.0110656168879103,0.00784691429829378,0.00945626559310204,ELSA,education,high
99,D1,0.0218586493997247,0.0170242715848614,0.0194414604922931,ELSA,education,high
99,R1,0.00653967674008496,0.00452520078026098,0.00553243876017297,ELSA,education,high
99,D2,0.0295530456622279,0.0223752697567025,0.0259641577094652,ELSA,education,high
99,DEAD,0.930983011310052,0.948228343579881,0.939605677444967,ELSA,education,high
60,I0,1,0.97306958412134,0.98653479206067,ELSA,education,middle
60,D1,0,0.0238946383458609,0.0119473191729304,ELSA,education,middle
60,R1,0,0,0,ELSA,education,middle
60,D2,0,0,0,ELSA,education,middle
60,DEAD,0,0.00303577753279889,0.00151788876639945,ELSA,education,middle
61,I0,0.97306958412134,0.946218907448385,0.959644245784862,ELSA,education,middle
61,D1,0.0238946383458609,0.0423276896123181,0.0331111639790895,ELSA,education,middle
61,R1,0,0.00476401243080399,0.002382006215402,ELSA,education,middle
61,D2,0,0,0,ELSA,education,middle
61,DEAD,0.00303577753279889,0.00668939050849319,0.00486258402064604,ELSA,education,middle
62,I0,0.946218907448385,0.919424078573419,0.932821493010902,ELSA,education,middle
62,D1,0.0423276896123181,0.0565747869031163,0.0494512382577172,ELSA,education,middle
62,R1,0.00476401243080399,0.0124755482612862,0.00861978034604508,ELSA,education,middle
62,D2,0,0.000551980158015167,0.000275990079007583,ELSA,education,middle
62,DEAD,0.00668939050849319,0.010973606104163,0.0088314983063281,ELSA,education,middle
63,I0,0.919424078573419,0.892642721597624,0.906033400085521,ELSA,education,middle
63,D1,0.0565747869031163,0.0676159798434194,0.0620953833732679,ELSA,education,middle
63,R1,0.0124755482612862,0.0219376544745664,0.0172066013679263,ELSA,education,middle
63,D2,0.000551980158015167,0.00189261018328791,0.00122229517065154,ELSA,education,middle
63,DEAD,0.010973606104163,0.0159110339011027,0.0134423200026329,ELSA,education,middle
64,I0,0.892642721597624,0.865815528742303,0.879229125169963,ELSA,education,middle
64,D1,0.0676159798434194,0.0762081553460808,0.0719120675947501,ELSA,education,middle
64,R1,0.0219376544745664,0.0323622436876202,0.0271499490810933,ELSA,education,middle
64,D2,0.00189261018328791,0.0040811802462284,0.00298689521475815,ELSA,education,middle
64,DEAD,0.0159110339011027,0.0215328919777677,0.0187219629394352,ELSA,education,middle
65,I0,0.865815528742303,0.838867650353249,0.852341589547776,ELSA,education,middle
65,D1,0.0762081553460808,0.0829393492358549,0.0795737522909678,ELSA,education,middle
65,R1,0.0323622436876202,0.0432326542107286,0.0377974489491744,ELSA,education,middle
65,D2,0.0040811802462284,0.00708191509855734,0.00558154767239287,ELSA,education,middle
65,DEAD,0.0215328919777677,0.0278784311016098,0.0247056615396887,ELSA,education,middle
66,I0,0.838867650353249,0.811709865804795,0.825288758079022,ELSA,education,middle
66,D1,0.0829393492358549,0.0882695572498446,0.0856044532428498,ELSA,education,middle
66,R1,0.0432326542107286,0.0542135498966407,0.0487231020536846,ELSA,education,middle
66,D2,0.00708191509855734,0.0108121727221439,0.00894704391035063,ELSA,education,middle
66,DEAD,0.0278784311016098,0.0349948543265761,0.0314366427140929,ELSA,education,middle
67,I0,0.811709865804795,0.784239510472596,0.797974688138695,ELSA,education,middle
67,D1,0.0882695572498446,0.0925614752352398,0.0904155162425422,ELSA,education,middle
67,R1,0.0542135498966407,0.0650914995906676,0.0596525247436541,ELSA,education,middle
67,D2,0.0108121727221439,0.0151698870454822,0.0129910298838131,ELSA,education,middle
67,DEAD,0.0349948543265761,0.0429376276560147,0.0389662409912954,ELSA,education,middle
68,I0,0.784239510472596,0.756341164672883,0.770290337572739,ELSA,education,middle
68,D1,0.0925614752352398,0.0961037070578809,0.0943325911465603,ELSA,education,middle
68,R1,0.0650914995906676,0.0757354982134459,0.0704134989020567,ELSA,education,middle
68,D2,0.0151698870454822,0.0200485088678875,0.0176091979566849,ELSA,education,middle
68,DEAD,0.0429376276560147,0.0517711211879029,0.0473543744219588,ELSA,education,middle
69,I0,0.756341164672883,0.727887143128068,0.742114153900475,ELSA,education,middle
69,D1,0.0961037070578809,0.0991283044664865,0.0976160057621837,ELSA,education,middle
69,R1,0.0757354982134459,0.0860704877028354,0.0809029929581407,ELSA,education,middle
69,D2,0.0200485088678875,0.0253445106457445,0.022696509756816,ELSA,education,middle
69,DEAD,0.0517711211879029,0.0615695540568656,0.0566703376223843,ELSA,education,middle
70,I0,0.727887143128068,0.698737862792327,0.713312502960198,ELSA,education,middle
70,D1,0.0991283044664865,0.101823988779496,0.100476146622991,ELSA,education,middle
70,R1,0.0860704877028354,0.0960593671841168,0.0910649274434761,ELSA,education,middle
70,D2,0.0253445106457445,0.0309605371167016,0.028152523881223,ELSA,education,middle
70,DEAD,0.0615695540568656,0.0724182441273584,0.066993899092112,ELSA,education,middle
71,I0,0.698737862792327,0.668752390637117,0.683745126714722,ELSA,education,middle
71,D1,0.101823988779496,0.104337049653706,0.103080519216601,ELSA,education,middle
71,R1,0.0960593671841168,0.105689379966033,0.100874373575075,ELSA,education,middle
71,D2,0.0309605371167016,0.0368067130393524,0.033883625078027,ELSA,education,middle
71,DEAD,0.0724182441273584,0.0844144667037913,0.0784163554155748,ELSA,education,middle
72,I0,0.668752390637117,0.637830972613573,0.653291681625345,ELSA,education,middle
72,D1,0.104337049653706,0.106743497710554,0.10554027368213,ELSA,education,middle
72,R1,0.105689379966033,0.114956979439396,0.110323179702714,ELSA,education,middle
72,D2,0.0368067130393524,0.0428031541107778,0.0398049335750651,ELSA,education,middle
72,DEAD,0.0844144667037913,0.0976653961257001,0.0910399314147457,ELSA,education,middle
73,I0,0.637830972613573,0.605929399644531,0.621880186129052,ELSA,education,middle
73,D1,0.106743497710554,0.109051385125219,0.107897441417886,ELSA,education,middle
73,R1,0.114956979439396,0.123853480929586,0.119405230184491,ELSA,education,middle
73,D2,0.0428031541107778,0.048879964028536,0.0458415590696569,ELSA,education,middle
73,DEAD,0.0976653961257001,0.112285770272128,0.104975583198914,ELSA,education,middle
74,I0,0.605929399644531,0.573064382678691,0.589496891161611,ELSA,education,middle
74,D1,0.109051385125219,0.111210476527478,0.110130930826349,ELSA,education,middle
74,R1,0.123853480929586,0.132354765503669,0.128104123216627,ELSA,education,middle
74,D2,0.048879964028536,0.054975270984337,0.0519276175064365,ELSA,education,middle
74,DEAD,0.112285770272128,0.128395104305824,0.120340437288976,ELSA,education,middle
75,I0,0.573064382678691,0.539318798445435,0.556191590562063,ELSA,education,middle
75,D1,0.111210476527478,0.113120457919788,0.112165467223633,ELSA,education,middle
75,R1,0.132354765503669,0.140414402755593,0.136384584129631,ELSA,education,middle
75,D2,0.054975270984337,0.0610325261053925,0.0580038985448647,ELSA,education,middle
75,DEAD,0.128395104305824,0.146113814773792,0.137254459539808,ELSA,education,middle
76,I0,0.539318798445435,0.504845179399356,0.522081988922396,ELSA,education,middle
76,D1,0.113120457919788,0.114639812421966,0.113880135170877,ELSA,education,middle
76,R1,0.140414402755593,0.147959442598699,0.144186922677146,ELSA,education,middle
76,D2,0.0610325261053925,0.0669975578902144,0.0640150419978034,ELSA,education,middle
76,DEAD,0.146113814773792,0.165558007689765,0.155835911231778,ELSA,education,middle
77,I0,0.504845179399356,0.469865712259935,0.487355445829645,ELSA,education,middle
77,D1,0.114639812421966,0.115597031113689,0.115118421767828,ELSA,education,middle
77,R1,0.147959442598699,0.154888750445575,0.151424096522137,ELSA,education,middle
77,D2,0.0669975578902144,0.0728157213449138,0.0699066396175641,ELSA,education,middle
77,DEAD,0.165558007689765,0.186832784835888,0.176195396262826,ELSA,education,middle
78,I0,0.469865712259935,0.434667129428915,0.452266420844425,ELSA,education,middle
78,D1,0.115597031113689,0.115805209818053,0.115701120465871,ELSA,education,middle
78,R1,0.154888750445575,0.161074142810999,0.157981446628287,ELSA,education,middle
78,D2,0.0728157213449138,0.0784294263924962,0.075622573868705,ELSA,education,middle
78,DEAD,0.186832784835888,0.210024091549536,0.198428438192712,ELSA,education,middle
79,I0,0.434667129428915,0.399589339889882,0.417128234659399,ELSA,education,middle
79,D1,0.115805209818053,0.115080221072019,0.115442715445036,ELSA,education,middle
79,R1,0.161074142810999,0.16636473769108,0.16371944025104,ELSA,education,middle
79,D2,0.0784294263924962,0.0837763277482414,0.0811028770703688,ELSA,education,middle
79,DEAD,0.210024091549536,0.235189373598777,0.222606732574156,ELSA,education,middle
80,I0,0.399589339889882,0.365007496367036,0.382298418128459,ELSA,education,middle
80,D1,0.115080221072019,0.113261565955202,0.114170893513611,ELSA,education,middle
80,R1,0.16636473769108,0.170594852721292,0.168479795206186,ELSA,education,middle
80,D2,0.0837763277482414,0.0887884687549209,0.0862823982515812,ELSA,education,middle
80,DEAD,0.235189373598777,0.262347616201548,0.248768494900162,ELSA,education,middle
81,I0,0.365007496367036,0.331290621378103,0.34814905887257,ELSA,education,middle
81,D1,0.113261565955202,0.110265742597452,0.111763654276327,ELSA,education,middle
81,R1,0.170594852721292,0.173563204359726,0.172079028540509,ELSA,education,middle
81,D2,0.0887884687549209,0.0934056400695016,0.0910970544122113,ELSA,education,middle
81,DEAD,0.262347616201548,0.291474791595217,0.276911203898383,ELSA,education,middle
82,I0,0.331290621378103,0.298716222261334,0.315003421819719,ELSA,education,middle
82,D1,0.110265742597452,0.10620893420608,0.108237338401766,ELSA,education,middle
82,R1,0.173563204359726,0.174928983903577,0.174246094131651,ELSA,education,middle
82,D2,0.0934056400695016,0.0976237387164696,0.0955146893929856,ELSA,education,middle
82,DEAD,0.291474791595217,0.32252212091254,0.306998456253878,ELSA,education,middle
83,I0,0.298716222261334,0.267467805605253,0.283092013933294,ELSA,education,middle
83,D1,0.10620893420608,0.101363253968389,0.103786094087234,ELSA,education,middle
83,R1,0.174928983903577,0.174260157909102,0.174594570906339,ELSA,education,middle
83,D2,0.0976237387164696,0.101475172182397,0.0995494554494335,ELSA,education,middle
83,DEAD,0.32252212091254,0.355433610334859,0.338977865623699,ELSA,education,middle
84,I0,0.267467805605253,0.237660043031228,0.25256392431824,ELSA,education,middle
84,D1,0.101363253968389,0.0960678868691531,0.0987155704187709,ELSA,education,middle
84,R1,0.174260157909102,0.171118302729269,0.172689230319185,ELSA,education,middle
84,D2,0.101475172182397,0.104993931537598,0.103234551859998,ELSA,education,middle
84,DEAD,0.355433610334859,0.390159835832752,0.372796723083806,ELSA,education,middle
85,I0,0.237660043031228,0.209364074419115,0.223512058725172,ELSA,education,middle
85,D1,0.0960678868691531,0.0906518173514557,0.0933598521103044,ELSA,education,middle
85,R1,0.171118302729269,0.165131594970382,0.168124948849825,ELSA,education,middle
85,D2,0.104993931537598,0.108183102754626,0.106588517146112,ELSA,education,middle
85,DEAD,0.390159835832752,0.426669410504421,0.408414623168587,ELSA,education,middle
86,I0,0.209364074419115,0.18262878927733,0.195996431848223,ELSA,education,middle
86,D1,0.0906518173514557,0.0853755573557576,0.0880136873536067,ELSA,education,middle
86,R1,0.165131594970382,0.15605857152839,0.160595083249386,ELSA,education,middle
86,D2,0.108183102754626,0.110979475449601,0.109581289102114,ELSA,education,middle
86,DEAD,0.426669410504421,0.464957606388922,0.445813508446672,ELSA,education,middle
87,I0,0.18262878927733,0.157495788216739,0.170062288747035,ELSA,education,middle
87,D1,0.0853755573557576,0.0803941909706095,0.0828848741631836,ELSA,education,middle
87,R1,0.15605857152839,0.143845971531646,0.149952271530018,ELSA,education,middle
87,D2,0.110979475449601,0.1132129260933,0.11209620077145,ELSA,education,middle
87,DEAD,0.464957606388922,0.505051123187705,0.485004364788314,ELSA,education,middle
88,I0,0.157495788216739,0.134007355552224,0.145751571884482,ELSA,education,middle
88,D1,0.0803941909706095,0.0757396050101906,0.0780668979904001,ELSA,education,middle
88,R1,0.143845971531646,0.128683326491051,0.136264649011349,ELSA,education,middle
88,D2,0.1132129260933,0.1145633815101,0.1138881538017,ELSA,education,middle
88,DEAD,0.505051123187705,0.547006331436434,0.526028727312069,ELSA,education,middle
89,I0,0.134007355552224,0.112208177314943,0.123107766433583,ELSA,education,middle
89,D1,0.0757396050101906,0.0713179830471387,0.0735287940286646,ELSA,education,middle
89,R1,0.128683326491051,0.11105170385597,0.119867515173511,ELSA,education,middle
89,D2,0.1145633815101,0.114526813093862,0.114545097301981,ELSA,education,middle
89,DEAD,0.547006331436434,0.590895322688087,0.56895082706226,ELSA,education,middle
90,I0,0.112208177314943,0.0921427997991406,0.102175488557042,ELSA,education,middle
90,D1,0.0713179830471387,0.0669201931845389,0.0691190881158388,ELSA,education,middle
90,R1,0.11105170385597,0.0917530442976162,0.101402374076793,ELSA,education,middle
90,D2,0.114526813093862,0.112413942095737,0.113470377594799,ELSA,education,middle
90,DEAD,0.590895322688087,0.636770020622967,0.613832671655527,ELSA,education,middle
91,I0,0.0921427997991406,0.0738630945195678,0.0830029471593542,ELSA,education,middle
91,D1,0.0669201931845389,0.062231766494214,0.0645759798393764,ELSA,education,middle
91,R1,0.0917530442976162,0.0719335117540893,0.0818432780258528,ELSA,education,middle
91,D2,0.112413942095737,0.107408773421397,0.109911357758567,ELSA,education,middle
91,DEAD,0.636770020622967,0.684562853810732,0.66066643721685,ELSA,education,middle
92,I0,0.0738630945195678,0.0574657227494657,0.0656644086345168,ELSA,education,middle
92,D1,0.062231766494214,0.0568600755314832,0.0595459210128486,ELSA,education,middle
92,R1,0.0719335117540893,0.0530503134030558,0.0624919125785726,ELSA,education,middle
92,D2,0.107408773421397,0.0987828282579032,0.10309580083965,ELSA,education,middle
92,DEAD,0.684562853810732,0.733841060058092,0.709201956934412,ELSA,education,middle
93,I0,0.0574657227494657,0.0430840023152091,0.0502748625323374,ELSA,education,middle
93,D1,0.0568600755314832,0.0504905998232893,0.0536753376773862,ELSA,education,middle
93,R1,0.0530503134030558,0.0364835922325335,0.0447669528177946,ELSA,education,middle
93,D2,0.0987828282579032,0.086342999009047,0.0925629136334751,ELSA,education,middle
93,DEAD,0.733841060058092,0.783598806619921,0.758719933339007,ELSA,education,middle
94,I0,0.0430840023152091,0.0308607137376984,0.0369723580264537,ELSA,education,middle
94,D1,0.0504905998232893,0.0430379973177823,0.0467642985705358,ELSA,education,middle
94,R1,0.0364835922325335,0.0231814517339606,0.029832521983247,ELSA,education,middle
94,D2,0.086342999009047,0.0707648377828934,0.0785539183959702,ELSA,education,middle
94,DEAD,0.783598806619921,0.832154999427665,0.807876903023793,ELSA,education,middle
95,I0,0.0308607137376984,0.0209065741694653,0.0258836439535819,ELSA,education,middle
95,D1,0.0430379973177823,0.0347442259157117,0.038891111616747,ELSA,education,middle
95,R1,0.0231814517339606,0.0134751670986311,0.0183283094162958,ELSA,education,middle
95,D2,0.0707648377828934,0.0536200568779284,0.0621924473304109,ELSA,education,middle
95,DEAD,0.832154999427665,0.877253975938264,0.854704487682965,ELSA,education,middle
96,I0,0.0209065741694653,0.0141631475933567,0.017534860881411,ELSA,education,middle
96,D1,0.0347442259157117,0.0271164805679527,0.0309303532418322,ELSA,education,middle
96,R1,0.0134751670986311,0.00809700289857302,0.0107860849986021,ELSA,education,middle
96,D2,0.0536200568779284,0.0394172118863719,0.0465186343821502,ELSA,education,middle
96,DEAD,0.877253975938264,0.911206157053746,0.894230066496005,ELSA,education,middle
97,I0,0.0141631475933567,0.00959481683250529,0.011878982212931,ELSA,education,middle
97,D1,0.0271164805679527,0.0206622869261655,0.0238893837470591,ELSA,education,middle
97,R1,0.00809700289857302,0.00502460994956741,0.00656080642407022,ELSA,education,middle
97,D2,0.0394172118863719,0.028440426485744,0.033928819186058,ELSA,education,middle
97,DEAD,0.911206157053746,0.936277859806018,0.923742008429882,ELSA,education,middle
98,I0,0.00959481683250529,0.00650000357918379,0.00804741020584454,ELSA,education,middle
98,D1,0.0206622869261655,0.0154657573944479,0.0180640221603067,ELSA,education,middle
98,R1,0.00502460994956741,0.00321038931227453,0.00411749963092097,ELSA,education,middle
98,D2,0.028440426485744,0.0202781731985527,0.0243592998421484,ELSA,education,middle
98,DEAD,0.936277859806018,0.954545676515541,0.94541176816078,ELSA,education,middle
99,I0,0.00650000357918379,0.00440342398056704,0.00545171377987541,ELSA,education,middle
99,D1,0.0154657573944479,0.0114175381597226,0.0134416477770852,ELSA,education,middle
99,R1,0.00321038931227453,0.002102721301288,0.00265655530678127,ELSA,education,middle
99,D2,0.0202781731985527,0.0143481632245014,0.017313168211527,ELSA,education,middle
99,DEAD,0.954545676515541,0.967728153333921,0.961136914924731,ELSA,education,middle
60,I0,1,0.966848082184928,0.983424041092464,ELSA,education,low
60,D1,0,0.0283244775663063,0.0141622387831532,ELSA,education,low
60,R1,0,0,0,ELSA,education,low
60,D2,0,0,0,ELSA,education,low
60,DEAD,0,0.00482744024876577,0.00241372012438288,ELSA,education,low
61,I0,0.966848082184928,0.933910378243335,0.950379230214131,ELSA,education,low
61,D1,0.0283244775663063,0.050659463847501,0.0394919707069037,ELSA,education,low
61,R1,0,0.00486919711353583,0.00243459855676791,ELSA,education,low
61,D2,0,0,0,ELSA,education,low
61,DEAD,0.00482744024876577,0.0105609607956284,0.00769420052219708,ELSA,education,low
62,I0,0.933910378243335,0.90116007916063,0.917535228701982,ELSA,education,low
62,D1,0.050659463847501,0.0682431961359931,0.0594513299917471,ELSA,education,low
62,R1,0.00486919711353583,0.0126897952154535,0.00877949616449466,ELSA,education,low
62,D2,0,0.000694088700957822,0.000347044350478911,ELSA,education,low
62,DEAD,0.0105609607956284,0.0172128407869657,0.0138869007912971,ELSA,education,low
63,I0,0.90116007916063,0.868550087728989,0.88485508344481,ELSA,education,low
63,D1,0.0682431961359931,0.082060821262799,0.075152008699396,ELSA,education,low
63,R1,0.0126897952154535,0.0221937965277383,0.0174417958715959,ELSA,education,low
63,D2,0.000694088700957822,0.0023877436430062,0.00154091617198201,ELSA,education,low
63,DEAD,0.0172128407869657,0.0248075508374671,0.0210101958122164,ELSA,education,low
64,I0,0.868550087728989,0.836015749748461,0.852282918738725,ELSA,education,low
64,D1,0.082060821262799,0.0928984740317503,0.0874796476472746,ELSA,education,low
64,R1,0.0221937965277383,0.0325452407458921,0.0273695186368152,ELSA,education,low
64,D2,0.0023877436430062,0.00516066099674576,0.00377420231987598,ELSA,education,low
64,DEAD,0.0248075508374671,0.0333798744771508,0.029093712657309,ELSA,education,low
65,I0,0.836015749748461,0.803477446344069,0.819746598046265,ELSA,education,low
65,D1,0.0928984740317503,0.101385445629218,0.0971419598304841,ELSA,education,low
65,R1,0.0325452407458921,0.0431965326315664,0.0378708866887292,ELSA,education,low
65,D2,0.00516066099674576,0.00896674748981405,0.00706370424327991,ELSA,education,low
65,DEAD,0.0333798744771508,0.0429738279053323,0.0381768511912416,ELSA,education,low
66,I0,0.803477446344069,0.770843013963475,0.787160230153772,ELSA,education,low
66,D1,0.101385445629218,0.108027077617673,0.104706261623445,ELSA,education,low
66,R1,0.0431965326315664,0.0537932610706829,0.0484948968511246,ELSA,education,low
66,D2,0.00896674748981405,0.0136944964231087,0.0113306219564614,ELSA,education,low
66,DEAD,0.0429738279053323,0.0536421509250607,0.0483079894151965,ELSA,education,low
67,I0,0.770843013963475,0.738010005188896,0.754426509576186,ELSA,education,low
67,D1,0.108027077617673,0.113230421382408,0.11062874950004,ELSA,education,low
67,R1,0.0537932610706829,0.0641107977374414,0.0589520294040622,ELSA,education,low
67,D2,0.0136944964231087,0.0192025639321061,0.0164485301776074,ELSA,education,low
67,DEAD,0.0536421509250607,0.0654462117591486,0.0595441813421046,ELSA,education,low
68,I0,0.738010005188896,0.704867848261414,0.721438926725155,ELSA,education,low
68,D1,0.113230421382408,0.117324225429655,0.115277323406031,ELSA,education,low
68,R1,0.0641107977374414,0.0740117580161126,0.069061277876777,ELSA,education,low
68,D2,0.0192025639321061,0.0253399489873661,0.0222712564597361,ELSA,education,low
68,DEAD,0.0654462117591486,0.0784562193054526,0.0719512155323006,ELSA,education,low
69,I0,0.704867848261414,0.671300009551334,0.688083928906374,ELSA,education,low
69,D1,0.117324225429655,0.120574429760334,0.118949327594994,ELSA,education,low
69,R1,0.0740117580161126,0.0834171777319388,0.0787144678740257,ELSA,education,low
69,D2,0.0253399489873661,0.0319567097342957,0.0286483293608309,ELSA,education,low
69,DEAD,0.0784562193054526,0.0927516732220973,0.0856039462637749,ELSA,education,low
70,I0,0.671300009551334,0.637186316010825,0.65424316278108,ELSA,education,low
70,D1,0.120574429760334,0.123196035219046,0.12188523248969,ELSA,education,low
70,R1,0.0834171777319388,0.0922867083813182,0.0878519430566285,ELSA,education,low
70,D2,0.0319567097342957,0.0389089317062786,0.0354328207202871,ELSA,education,low
70,DEAD,0.0927516732220973,0.108422008682533,0.100586840952315,ELSA,education,low
71,I0,0.637186316010825,0.602416524666089,0.619801420338457,ELSA,education,low
71,D1,0.123196035219046,0.125352506448171,0.124274270833608,ELSA,education,low
71,R1,0.0922867083813182,0.100603499476253,0.0964451039287855,ELSA,education,low
71,D2,0.0389089317062786,0.0460610529054946,0.0424849923058866,ELSA,education,low
71,DEAD,0.108422008682533,0.125566416503992,0.116994212593263,ELSA,education,low
72,I0,0.602416524666089,0.566937188165908,0.584676856415999,ELSA,education,low
72,D1,0.125352506448171,0.127126208718827,0.126239357583499,ELSA,education,low
72,R1,0.100603499476253,0.10835787700819,0.104480688242222,ELSA,education,low
72,D2,0.0460610529054946,0.0532893251951816,0.0496751890503381,ELSA,education,low
72,DEAD,0.125566416503992,0.144289400911893,0.134927908707943,ELSA,education,low
73,I0,0.566937188165908,0.53076578085949,0.548851484512699,ELSA,education,low
73,D1,0.127126208718827,0.128522822330792,0.127824515524809,ELSA,education,low
73,R1,0.10835787700819,0.115533332256014,0.111945604632102,ELSA,education,low
73,D2,0.0532893251951816,0.0604820254737621,0.0568856753344719,ELSA,education,low
73,DEAD,0.144289400911893,0.164696039079942,0.154492719995918,ELSA,education,low
74,I0,0.53076578085949,0.493993932531484,0.512379856695487,ELSA,education,low
74,D1,0.128522822330792,0.129484541070173,0.129003681700482,ELSA,education,low
74,R1,0.115533332256014,0.122097506233925,0.118815419244969,ELSA,education,low
74,D2,0.0604820254737621,0.0675373134517732,0.0640096694627677,ELSA,education,low
74,DEAD,0.164696039079942,0.186886706712645,0.175791372896293,ELSA,education,low
75,I0,0.493993932531484,0.456789291151739,0.475391611841612,ELSA,education,low
75,D1,0.129484541070173,0.129902640376678,0.129693590723426,ELSA,education,low
75,R1,0.122097506233925,0.127997227882774,0.12504736705835,ELSA,education,low
75,D2,0.0675373134517732,0.0743603477319264,0.0709488305918498,ELSA,education,low
75,DEAD,0.186886706712645,0.210950492856882,0.198918599784763,ELSA,education,low
76,I0,0.456789291151739,0.419394102058035,0.438091696604887,ELSA,education,low
76,D1,0.129902640376678,0.129631550436245,0.129767095406462,ELSA,education,low
76,R1,0.127997227882774,0.133156813980043,0.130577020931408,ELSA,education,low
76,D2,0.0743603477319264,0.0808603495777168,0.0776103486548216,ELSA,education,low
76,DEAD,0.210950492856882,0.23695718394796,0.223953838402421,ELSA,education,low
77,I0,0.419394102058035,0.382118724311064,0.400756413184549,ELSA,education,low
77,D1,0.129631550436245,0.128505852419871,0.129068701428058,ELSA,education,low
77,R1,0.133156813980043,0.137479418773137,0.13531811637659,ELSA,education,low
77,D2,0.0808603495777168,0.0869481025569632,0.08390422606734,ELSA,education,low
77,DEAD,0.23695718394796,0.264947901938965,0.250952542943462,ELSA,education,low
78,I0,0.382118724311064,0.345328777072629,0.363723750691846,ELSA,education,low
78,D1,0.128505852419871,0.126360669395224,0.127433260907548,ELSA,education,low
78,R1,0.137479418773137,0.140851506647923,0.13916546271053,ELSA,education,low
78,D2,0.0869481025569632,0.092534284097175,0.0897411933270691,ELSA,education,low
78,DEAD,0.264947901938965,0.294924762787049,0.279936332363007,ELSA,education,low
79,I0,0.345328777072629,0.309425494907568,0.327377135990099,ELSA,education,low
79,D1,0.126360669395224,0.123054725976302,0.124707697685763,ELSA,education,low
79,R1,0.140851506647923,0.143150537548429,0.142001022098176,ELSA,education,low
79,D2,0.092534284097175,0.0975289765610236,0.0950316303290993,ELSA,education,low
79,DEAD,0.294924762787049,0.326840265006677,0.310882513896863,ELSA,education,low
80,I0,0.309425494907568,0.274820124704353,0.292122809805961,ELSA,education,low
80,D1,0.123054725976302,0.118494035601922,0.120774380789112,ELSA,education,low
80,R1,0.143150537548429,0.144255714351333,0.143703125949881,ELSA,education,low
80,D2,0.0975289765610236,0.101842649177606,0.099685812869315,ELSA,education,low
80,DEAD,0.326840265006677,0.360587476164786,0.343713870585731,ELSA,education,low
81,I0,0.274820124704353,0.241889937923158,0.258355031313755,ELSA,education,low
81,D1,0.118494035601922,0.11268030340248,0.115587169502201,ELSA,education,low
81,R1,0.144255714351333,0.144030205842823,0.144142960097078,ELSA,education,low
81,D2,0.101842649177606,0.105400889819641,0.103621769498624,ELSA,education,low
81,DEAD,0.360587476164786,0.395998663011897,0.378293069588342,ELSA,education,low
82,I0,0.241889937923158,0.210905117223008,0.226397527573083,ELSA,education,low
82,D1,0.11268030340248,0.105807614620778,0.109243959011629,ELSA,education,low
82,R1,0.144030205842823,0.142226211213488,0.143128208528156,ELSA,education,low
82,D2,0.105400889819641,0.108188510916433,0.106794700368037,ELSA,education,low
82,DEAD,0.395998663011897,0.432872546026294,0.414435604519096,ELSA,education,low
83,I0,0.210905117223008,0.182035008331975,0.196470062777491,ELSA,education,low
83,D1,0.105807614620778,0.0982040705908817,0.10200584260583,ELSA,education,low
83,R1,0.142226211213488,0.138540367510954,0.140383289362221,ELSA,education,low
83,D2,0.108188510916433,0.110222422303594,0.109205466610014,ELSA,education,low
83,DEAD,0.432872546026294,0.470998131262595,0.451935338644445,ELSA,education,low
84,I0,0.182035008331975,0.155376793600677,0.168705900966326,ELSA,education,low
84,D1,0.0982040705908817,0.0902386338063967,0.0942213521986393,ELSA,education,low
84,R1,0.138540367510954,0.132700288345295,0.135620327928124,ELSA,education,low
84,D2,0.110222422303594,0.111512503445069,0.110867462874331,ELSA,education,low
84,DEAD,0.470998131262595,0.510171780802563,0.490584956032579,ELSA,education,low
85,I0,0.155376793600677,0.13098061857683,0.143178706088754,ELSA,education,low
85,D1,0.0902386338063967,0.0822457022117941,0.0862421680090954,ELSA,education,low
85,R1,0.132700288345295,0.124534969491439,0.128617628918367,ELSA,education,low
85,D2,0.111512503445069,0.112029293309496,0.111770898377282,ELSA,education,low
85,DEAD,0.510171780802563,0.550209416410441,0.530190598606502,ELSA,education,low
86,I0,0.13098061857683,0.108867469225304,0.119924043901067,ELSA,education,low
86,D1,0.0822457022117941,0.0744741985253912,0.0783599503685926,ELSA,education,low
86,R1,0.124534969491439,0.114031042012523,0.119283005751981,ELSA,education,low
86,D2,0.112029293309496,0.11167446112361,0.111851877216553,ELSA,education,low
86,DEAD,0.550209416410441,0.590952829113172,0.570581122761807,ELSA,education,low
87,I0,0.108867469225304,0.0890386369767141,0.0989530531010089,ELSA,education,low
87,D1,0.0744741985253912,0.0670626662188336,0.0707684323721124,ELSA,education,low
87,R1,0.114031042012523,0.101375776138829,0.107703409075676,ELSA,education,low
87,D2,0.11167446112361,0.110254558395372,0.110964509759491,ELSA,education,low
87,DEAD,0.590952829113172,0.632268362270251,0.611610595691712,ELSA,education,low
88,I0,0.0890386369767141,0.0714776494057999,0.080258143191257,ELSA,education,low
88,D1,0.0670626662188336,0.0600376670191975,0.0635501666190156,ELSA,education,low
88,R1,0.101375776138829,0.0869854769998744,0.0941806265693518,ELSA,education,low
88,D2,0.110254558395372,0.107464648154816,0.108859603275094,ELSA,education,low
88,DEAD,0.632268362270251,0.674034558420312,0.653151460345281,ELSA,education,low
89,I0,0.0714776494057999,0.0561470247936187,0.0638123370997093,ELSA,education,low
89,D1,0.0600376670191975,0.0533309996715222,0.0566843333453599,ELSA,education,low
89,R1,0.0869854769998744,0.071512709249929,0.0792490931249017,ELSA,education,low
89,D2,0.107464648154816,0.102896072682252,0.105180360418534,ELSA,education,low
89,DEAD,0.674034558420312,0.716113193602678,0.695073876011495,ELSA,education,low
90,I0,0.0561470247936187,0.0429830876790389,0.0495650562363288,ELSA,education,low
90,D1,0.0533309996715222,0.0468118905939538,0.050071445132738,ELSA,education,low
90,R1,0.071512709249929,0.0558186584223887,0.0636656838361588,ELSA,education,low
90,D2,0.102896072682252,0.0960897171654566,0.0994928949238545,ELSA,education,low
90,DEAD,0.716113193602678,0.758296646139162,0.73720491987092,ELSA,education,low
91,I0,0.0429830876790389,0.0318973215842905,0.0374402046316647,ELSA,education,low
91,D1,0.0468118905939538,0.0403262387402893,0.0435690646671215,ELSA,education,low
91,R1,0.0558186584223887,0.0409203229778146,0.0483694907001016,ELSA,education,low
91,D2,0.0960897171654566,0.0866552049512194,0.091372461058338,ELSA,education,low
91,DEAD,0.758296646139162,0.800200911746386,0.779248778942774,ELSA,education,low
92,I0,0.0318973215842905,0.0227914579211366,0.0273443897527135,ELSA,education,low
92,D1,0.0403262387402893,0.0337555422544033,0.0370408904973463,ELSA,education,low
92,R1,0.0409203229778146,0.0278777136318918,0.0343990183048532,ELSA,education,low
92,D2,0.0866552049512194,0.0745143023611741,0.0805847536561968,ELSA,education,low
92,DEAD,0.800200911746386,0.841060983831394,0.82063094778889,ELSA,education,low
93,I0,0.0227914579211366,0.0155498674147156,0.0191706626679261,ELSA,education,low
93,D1,0.0337555422544033,0.0271190141913008,0.0304372782228521,ELSA,education,low
93,R1,0.0278777136318918,0.0174611247865891,0.0226694192092404,ELSA,education,low
93,D2,0.0745143023611741,0.0602204977295371,0.0673674000453556,ELSA,education,low
93,DEAD,0.841060983831394,0.879649495877857,0.860355239854626,ELSA,education,low
94,I0,0.0155498674147156,0.0100274829969469,0.0127886752058312,ELSA,education,low
94,D1,0.0271190141913008,0.0206198779792,0.0238694460852504,ELSA,education,low
94,R1,0.0174611247865891,0.00994114823781095,0.0137011365122,ELSA,education,low
94,D2,0.0602204977295371,0.0450328553695253,0.0526266765495312,ELSA,education,low
94,DEAD,0.879649495877857,0.914378635416517,0.897014065647187,ELSA,education,low
95,I0,0.0100274829969469,0.00603855811085672,0.00803302055390181,ELSA,education,low
95,D1,0.0206198779792,0.0146125686772105,0.0176162233282053,ELSA,education,low
95,R1,0.00994114823781095,0.00508268058219911,0.00751191441000503,ELSA,education,low
95,D2,0.0450328553695253,0.0306451683674427,0.037839011868484,ELSA,education,low
95,DEAD,0.914378635416517,0.943621024262291,0.928999829839404,ELSA,education,low
96,I0,0.00603855811085672,0.00363642442169145,0.00483749126627409,ELSA,education,low
96,D1,0.0146125686772105,0.0100757081507231,0.0123441384139668,ELSA,education,low
96,R1,0.00508268058219911,0.00271298993117038,0.00389783525668474,ELSA,education,low
96,D2,0.0306451683674427,0.0202725792775263,0.0254588738224845,ELSA,education,low
96,DEAD,0.943621024262291,0.963302298218889,0.953461661240589,ELSA,education,low
97,I0,0.00363642442169145,0.00218985763354654,0.002913141027619,ELSA,education,low
97,D1,0.0100757081507231,0.00680928576414999,0.00844249695743653,ELSA,education,low
97,R1,0.00271298993117038,0.00150853100816074,0.00211076046966556,ELSA,education,low
97,D2,0.0202725792775263,0.013186332694339,0.0167294559859327,ELSA,education,low
97,DEAD,0.963302298218889,0.976305992899803,0.969804145559346,ELSA,education,low
98,I0,0.00218985763354654,0.0013187339812693,0.00175429580740792,ELSA,education,low
98,D1,0.00680928576414999,0.00453166644323874,0.00567047610369437,ELSA,education,low
98,R1,0.00150853100816074,0.000869192848345146,0.00118886192825294,ELSA,education,low
98,D2,0.013186332694339,0.00848851223584196,0.0108374224650905,ELSA,education,low
98,DEAD,0.976305992899803,0.984791894491305,0.980548943695554,ELSA,education,low
99,I0,0.0013187339812693,0.00079414263590182,0.00105643830858556,ELSA,education,low
99,D1,0.00453166644323874,0.00297955763571339,0.00375561203947607,ELSA,education,low
99,R1,0.000869192848345146,0.000515381851329247,0.000692287349837196,ELSA,education,low
99,D2,0.00848851223584196,0.0054291250706258,0.00695881865323388,ELSA,education,low
99,DEAD,0.984791894491305,0.990281792806429,0.987536843648867,ELSA,education,low
60,I0,1,0.979089261253257,0.989544630626629,ELSA,wealth,high
60,D1,0,0.0180371624951369,0.00901858124756843,ELSA,wealth,high
60,R1,0,0,0,ELSA,wealth,high
60,D2,0,0,0,ELSA,wealth,high
60,DEAD,0,0.0028735762516059,0.00143678812580295,ELSA,wealth,high
61,I0,0.979089261253257,0.957859398685166,0.968474329969211,ELSA,wealth,high
61,D1,0.0180371624951369,0.0318277395275068,0.0249324510113218,ELSA,wealth,high
61,R1,0,0.00407048607100442,0.00203524303550221,ELSA,wealth,high
61,D2,0,0,0,ELSA,wealth,high
61,DEAD,0.0028735762516059,0.00624237571632324,0.00455797598396457,ELSA,wealth,high
62,I0,0.957859398685166,0.936289721941356,0.947074560313261,ELSA,wealth,high
62,D1,0.0318277395275068,0.0424945955857881,0.0371611675566474,ELSA,wealth,high
62,R1,0.00407048607100442,0.0106828471505297,0.00737666661076705,ELSA,wealth,high
62,D2,0,0.000397259240243184,0.000198629620121592,ELSA,wealth,high
62,DEAD,0.00624237571632324,0.0101355760820834,0.00818897589920334,ELSA,wealth,high
63,I0,0.936289721941356,0.914347586195854,0.925318654068605,ELSA,wealth,high
63,D1,0.0424945955857881,0.0508582537164657,0.0466764246511269,ELSA,wealth,high
63,R1,0.0106828471505297,0.0188441542063626,0.0147635006784462,ELSA,wealth,high
63,D2,0.000397259240243184,0.00136063421739699,0.000878946728820086,ELSA,wealth,high
63,DEAD,0.0101355760820834,0.0145893716639207,0.0123624738730021,ELSA,wealth,high
64,I0,0.914347586195854,0.891988795079791,0.903168190637822,ELSA,wealth,high
64,D1,0.0508582537164657,0.0575228834545518,0.0541905685855088,ELSA,wealth,high
64,R1,0.0188441542063626,0.0279056204112499,0.0233748873088063,ELSA,wealth,high
64,D2,0.00136063421739699,0.00293641807930219,0.00214852614834959,ELSA,wealth,high
64,DEAD,0.0145893716639207,0.0196462829751055,0.0171178273195131,ELSA,wealth,high
65,I0,0.891988795079791,0.869158052077665,0.880573423578728,ELSA,wealth,high
65,D1,0.0575228834545518,0.062937217050467,0.0602300502525094,ELSA,wealth,high
65,R1,0.0279056204112499,0.0374417271993124,0.0326736738052812,ELSA,wealth,high
65,D2,0.00293641807930219,0.00510812406203173,0.00402227107066696,ELSA,wealth,high
65,DEAD,0.0196462829751055,0.0253548796105244,0.022500581292815,ELSA,wealth,high
66,I0,0.869158052077665,0.845789435281146,0.857473743679405,ELSA,wealth,high
66,D1,0.062937217050467,0.0674378430773298,0.0651875300638984,ELSA,wealth,high
66,R1,0.0374417271993124,0.0471733610105983,0.0423075441049554,ELSA,wealth,high
66,D2,0.00510812406203173,0.00782955001633515,0.00646883703918344,ELSA,wealth,high
66,DEAD,0.0253548796105244,0.0317698106145911,0.0285623451125578,ELSA,wealth,high
67,I0,0.845789435281146,0.821806883542167,0.833798159411656,ELSA,wealth,high
67,D1,0.0674378430773298,0.0712800794014009,0.0693589612393653,ELSA,wealth,high
67,R1,0.0471733610105983,0.0569184954332244,0.0520459282219114,ELSA,wealth,high
67,D2,0.00782955001633515,0.0110424617711178,0.00943600589372648,ELSA,wealth,high
67,DEAD,0.0317698106145911,0.0389520798520905,0.0353609452333408,ELSA,wealth,high
68,I0,0.821806883542167,0.79712469643158,0.809465789986873,ELSA,wealth,high
68,D1,0.0712800794014009,0.0746600559798168,0.0729700676906089,ELSA,wealth,high
68,R1,0.0569184954332244,0.0665601990768526,0.0617393472550385,ELSA,wealth,high
68,D2,0.0110424617711178,0.0146855112848894,0.0128639865280036,ELSA,wealth,high
68,DEAD,0.0389520798520905,0.0469695372268618,0.0429608085394762,ELSA,wealth,high
69,I0,0.79712469643158,0.771648066709077,0.784386381570328,ELSA,wealth,high
69,D1,0.0746600559798168,0.0777305368709579,0.0761952964253874,ELSA,wealth,high
69,R1,0.0665601990768526,0.0760255874861346,0.0712928932814936,ELSA,wealth,high
69,D2,0.0146855112848894,0.0186982244321275,0.0166918678585084,ELSA,wealth,high
69,DEAD,0.0469695372268618,0.0558975845017037,0.0514335608642828,ELSA,wealth,high
70,I0,0.771648066709077,0.745273683656666,0.758460875182871,ELSA,wealth,high
70,D1,0.0777305368709579,0.0806122354202316,0.0791713861455948,ELSA,wealth,high
70,R1,0.0760255874861346,0.0852717015397559,0.0806486445129453,ELSA,wealth,high
70,D2,0.0186982244321275,0.0230222588899104,0.020860241661019,ELSA,wealth,high
70,DEAD,0.0558975845017037,0.065820120493436,0.0608588524975699,ELSA,wealth,high
71,I0,0.745273683656666,0.717896895361744,0.731585289509205,ELSA,wealth,high
71,D1,0.0806122354202316,0.0833961247070908,0.0820041800636612,ELSA,wealth,high
71,R1,0.0852717015397559,0.0942748656399956,0.0897732835898758,ELSA,wealth,high
71,D2,0.0230222588899104,0.027601701979828,0.0253119804348692,ELSA,wealth,high
71,DEAD,0.065820120493436,0.0768304123113421,0.0713252664023891,ELSA,wealth,high
72,I0,0.717896895361744,0.689439359435285,0.703668127398514,ELSA,wealth,high
72,D1,0.0833961247070908,0.0861265617506529,0.0847613432288718,ELSA,wealth,high
72,R1,0.0942748656399956,0.103019012535534,0.0986469390877648,ELSA,wealth,high
72,D2,0.027601701979828,0.0323847108755852,0.0299932064277066,ELSA,wealth,high
72,DEAD,0.0768304123113421,0.089030355402943,0.0829303838571425,ELSA,wealth,high
73,I0,0.689439359435285,0.65985930024618,0.674649329840733,ELSA,wealth,high
73,D1,0.0861265617506529,0.0888030409409557,0.0874648013458043,ELSA,wealth,high
73,R1,0.103019012535534,0.111485110667639,0.107252061601586,ELSA,wealth,high
73,D2,0.0323847108755852,0.0373235158703192,0.0348541133729522,ELSA,wealth,high
73,DEAD,0.089030355402943,0.102529032274906,0.0957796938389247,ELSA,wealth,high
74,I0,0.65985930024618,0.629156137255694,0.644507718750937,ELSA,wealth,high
74,D1,0.0888030409409557,0.0913863666716356,0.0900947038062956,ELSA,wealth,high
74,R1,0.111485110667639,0.119643680467589,0.115564395567614,ELSA,wealth,high
74,D2,0.0373235158703192,0.0423732170587875,0.0398483664645534,ELSA,wealth,high
74,DEAD,0.102529032274906,0.117440598546295,0.109984815410601,ELSA,wealth,high
75,I0,0.629156137255694,0.597375191216681,0.613265664236187,ELSA,wealth,high
75,D1,0.0913863666716356,0.0938036226648471,0.0925949946682413,ELSA,wealth,high
75,R1,0.119643680467589,0.127449851757901,0.123546766112745,ELSA,wealth,high
75,D2,0.0423732170587875,0.0474902422133357,0.0449317296360616,ELSA,wealth,high
75,DEAD,0.117440598546295,0.133881092147236,0.125660845346765,ELSA,wealth,high
76,I0,0.597375191216681,0.564611630486428,0.580993410851554,ELSA,wealth,high
76,D1,0.0938036226648471,0.0959532477245751,0.0948784351947111,ELSA,wealth,high
76,R1,0.127449851757901,0.134840438395908,0.131145145076905,ELSA,wealth,high
76,D2,0.0474902422133357,0.0526307710515829,0.0500605066324593,ELSA,wealth,high
76,DEAD,0.133881092147236,0.151963912341506,0.142922502244371,ELSA,wealth,high
77,I0,0.564611630486428,0.531012703480744,0.547812166983586,ELSA,wealth,high
77,D1,0.0959532477245751,0.0977112628983211,0.0968322553114481,ELSA,wealth,high
77,R1,0.134840438395908,0.141732903761868,0.138286671078888,ELSA,wealth,high
77,D2,0.0526307710515829,0.057749342298703,0.055190056675143,ELSA,wealth,high
77,DEAD,0.151963912341506,0.171793787560364,0.161878849950935,ELSA,wealth,high
78,I0,0.531012703480744,0.496777272212412,0.513894987846578,ELSA,wealth,high
78,D1,0.0977112628983211,0.0989393888307598,0.0983253258645404,ELSA,wealth,high
78,R1,0.141732903761868,0.148026324284424,0.144879614023146,ELSA,wealth,high
78,D2,0.057749342298703,0.0627978243938129,0.060273583346258,ELSA,wealth,high
78,DEAD,0.171793787560364,0.193459190278591,0.182626488919478,ELSA,wealth,high
79,I0,0.496777272212412,0.46215177360934,0.479464522910876,ELSA,wealth,high
79,D1,0.0989393888307598,0.0994953852576409,0.0992173870442003,ELSA,wealth,high
79,R1,0.148026324284424,0.153604548918792,0.150815436601608,ELSA,wealth,high
79,D2,0.0627978243938129,0.0677249176221758,0.0652613710079943,ELSA,wealth,high
79,DEAD,0.193459190278591,0.217023374592051,0.205241282435321,ELSA,wealth,high
80,I0,0.46215177360934,0.427422033480353,0.444786903544847,ELSA,wealth,high
80,D1,0.0994953852576409,0.0992454200710544,0.0993704026643477,ELSA,wealth,high
80,R1,0.153604548918792,0.158341701757185,0.155973125337988,ELSA,wealth,high
80,D2,0.0677249176221758,0.0724763423494905,0.0701006299858332,ELSA,wealth,high
80,DEAD,0.217023374592051,0.242514502341917,0.229768938466984,ELSA,wealth,high
81,I0,0.427422033480353,0.392890341127236,0.410156187303795,ELSA,wealth,high
81,D1,0.0992454200710544,0.0981012627519639,0.0986733414115092,ELSA,wealth,high
81,R1,0.158341701757185,0.162082703309871,0.160212202533528,ELSA,wealth,high
81,D2,0.0724763423494905,0.0770047939216433,0.0747405681355669,ELSA,wealth,high
81,DEAD,0.242514502341917,0.269920898889286,0.256217700615602,ELSA,wealth,high
82,I0,0.392890341127236,0.358823782240431,0.375857061683834,ELSA,wealth,high
82,D1,0.0981012627519639,0.0961138918958029,0.0971075773238834,ELSA,wealth,high
82,R1,0.162082703309871,0.164549736205946,0.163316219757909,ELSA,wealth,high
82,D2,0.0770047939216433,0.0813036351109898,0.0791542145163166,ELSA,wealth,high
82,DEAD,0.269920898889286,0.29920895454683,0.284564926718058,ELSA,wealth,high
83,I0,0.358823782240431,0.325448101438404,0.342135941839418,ELSA,wealth,high
83,D1,0.0961138918958029,0.093451730226048,0.0947828110609254,ELSA,wealth,high
83,R1,0.164549736205946,0.165370448255732,0.164960092230839,ELSA,wealth,high
83,D2,0.0813036351109898,0.0853912380272752,0.0833474365691325,ELSA,wealth,high
83,DEAD,0.29920895454683,0.330338482052542,0.314773718299686,ELSA,wealth,high
84,I0,0.325448101438404,0.292957717050468,0.309202909244436,ELSA,wealth,high
84,D1,0.093451730226048,0.0903435075365064,0.0918976188812772,ELSA,wealth,high
84,R1,0.165370448255732,0.164139928286264,0.164755188270998,ELSA,wealth,high
84,D2,0.0853912380272752,0.0892838556102744,0.0873375468187748,ELSA,wealth,high
84,DEAD,0.330338482052542,0.363274991516487,0.346806736784514,ELSA,wealth,high
85,I0,0.292957717050468,0.261526802162735,0.277242259606601,ELSA,wealth,high
85,D1,0.0903435075365064,0.0870238310594798,0.0886836692979931,ELSA,wealth,high
85,R1,0.164139928286264,0.160477841606558,0.162308884946411,ELSA,wealth,high
85,D2,0.0892838556102744,0.0929698035670901,0.0911268295886823,ELSA,wealth,high
85,DEAD,0.363274991516487,0.398001721604137,0.380638356560312,ELSA,wealth,high
86,I0,0.261526802162735,0.231318990806562,0.246422896484648,ELSA,wealth,high
86,D1,0.0870238310594798,0.0836864121132211,0.0853551215863505,ELSA,wealth,high
86,R1,0.160477841606558,0.154082501156708,0.157280171381633,ELSA,wealth,high
86,D2,0.0929698035670901,0.0963806265852057,0.0946752150761479,ELSA,wealth,high
86,DEAD,0.398001721604137,0.434531469338304,0.416266595471221,ELSA,wealth,high
87,I0,0.231318990806562,0.202493842806686,0.216906416806624,ELSA,wealth,high
87,D1,0.0836864121132211,0.0804476944643365,0.0820670532887788,ELSA,wealth,high
87,R1,0.154082501156708,0.144784028548945,0.149433264852826,ELSA,wealth,high
87,D2,0.0963806265852057,0.0993566273551492,0.0978686269701774,ELSA,wealth,high
87,DEAD,0.434531469338304,0.472917806824884,0.453724638081594,ELSA,wealth,high
88,I0,0.202493842806686,0.175208935691674,0.18885138924918,ELSA,wealth,high
88,D1,0.0804476944643365,0.0773211971627612,0.0788844458135488,ELSA,wealth,high
88,R1,0.144784028548945,0.13259846592058,0.138691247234762,ELSA,wealth,high
88,D2,0.0993566273551492,0.101607719010962,0.100482173183056,ELSA,wealth,high
88,DEAD,0.472917806824884,0.513263682214023,0.493090744519453,ELSA,wealth,high
89,I0,0.175208935691674,0.149617307462237,0.162413121576956,ELSA,wealth,high
89,D1,0.0773211971627612,0.0742019951447095,0.0757615961537353,ELSA,wealth,high
89,R1,0.13259846592058,0.117781006256324,0.125189736088452,ELSA,wealth,high
89,D2,0.101607719010962,0.102677455558979,0.102142587284971,ELSA,wealth,high
89,DEAD,0.513263682214023,0.555722235577751,0.534492958895887,ELSA,wealth,high
90,I0,0.149617307462237,0.125860904627799,0.137739106045018,ELSA,wealth,high
90,D1,0.0742019951447095,0.0708625908497554,0.0725322929972325,ELSA,wealth,high
90,R1,0.117781006256324,0.100868160064382,0.109324583160353,ELSA,wealth,high
90,D2,0.102677455558979,0.101928832295322,0.102303143927151,ELSA,wealth,high
90,DEAD,0.555722235577751,0.600479512162742,0.578100873870246,ELSA,wealth,high
91,I0,0.125860904627799,0.10406712010369,0.114964012365744,ELSA,wealth,high
91,D1,0.0708625908497554,0.0669567935557979,0.0689096922027766,ELSA,wealth,high
91,R1,0.100868160064382,0.0827252380979689,0.0917966990811755,ELSA,wealth,high
91,D2,0.101928832295322,0.0985812611020104,0.100255046698666,ELSA,wealth,high
91,DEAD,0.600479512162742,0.647669587140533,0.624074549651637,ELSA,wealth,high
92,I0,0.10406712010369,0.0843589335757941,0.094213026839742,ELSA,wealth,high
92,D1,0.0669567935557979,0.0620669732221725,0.0645118833889852,ELSA,wealth,high
92,R1,0.0827252380979689,0.0645638630904093,0.0736445505941891,ELSA,wealth,high
92,D2,0.0985812611020104,0.0918987158754879,0.0952399884887492,ELSA,wealth,high
92,DEAD,0.647669587140533,0.697111514236137,0.672390550688335,ELSA,wealth,high
93,I0,0.0843589335757941,0.0668444114935821,0.0756016725346881,ELSA,wealth,high
93,D1,0.0620669732221725,0.0558734093241988,0.0589701912731857,ELSA,wealth,high
93,R1,0.0645638630904093,0.0476529448112507,0.05610840395083,ELSA,wealth,high
93,D2,0.0918987158754879,0.0815731861169064,0.0867359509961971,ELSA,wealth,high
93,DEAD,0.697111514236137,0.748056048254062,0.7225837812451,ELSA,wealth,high
94,I0,0.0668444114935821,0.051602126580187,0.0592232690368845,ELSA,wealth,high
94,D1,0.0558734093241988,0.0483193085077853,0.0520963589159921,ELSA,wealth,high
94,R1,0.0476529448112507,0.0330352993426919,0.0403441220769713,ELSA,wealth,high
94,D2,0.0815731861169064,0.0680424550067719,0.0748078205618391,ELSA,wealth,high
94,DEAD,0.748056048254062,0.799000810562564,0.773528429408313,ELSA,wealth,high
95,I0,0.051602126580187,0.0386666518813168,0.0451343892307519,ELSA,wealth,high
95,D1,0.0483193085077853,0.0397138568328355,0.0440165826703104,ELSA,wealth,high
95,R1,0.0330352993426919,0.0213459155915523,0.0271906074671221,ELSA,wealth,high
95,D2,0.0680424550067719,0.0525864355328758,0.0603144452698238,ELSA,wealth,high
95,DEAD,0.799000810562564,0.84768714016142,0.823343975361992,ELSA,wealth,high
96,I0,0.0386666518813168,0.0289738052827652,0.033820228582041,ELSA,wealth,high
96,D1,0.0397138568328355,0.032083196409393,0.0358985266211142,ELSA,wealth,high
96,R1,0.0213459155915523,0.0140184480285183,0.0176821818100353,ELSA,wealth,high
96,D2,0.0525864355328758,0.0397458144681301,0.046166125000503,ELSA,wealth,high
96,DEAD,0.84768714016142,0.885178735811194,0.866432937986307,ELSA,wealth,high
97,I0,0.0289738052827652,0.0217107339714929,0.0253422696271291,ELSA,wealth,high
97,D1,0.032083196409393,0.0255816089761783,0.0288324026927857,ELSA,wealth,high
97,R1,0.0140184480285183,0.00935338415749275,0.0116859160930055,ELSA,wealth,high
97,D2,0.0397458144681301,0.0295880735074629,0.0346669439877965,ELSA,wealth,high
97,DEAD,0.885178735811194,0.913766199387373,0.899472467599284,ELSA,wealth,high
98,I0,0.0217107339714929,0.0162683487716167,0.0189895413715548,ELSA,wealth,high
98,D1,0.0255816089761783,0.0201903020859704,0.0228859555310744,ELSA,wealth,high
98,R1,0.00935338415749275,0.00633524590780793,0.00784431503265034,ELSA,wealth,high
98,D2,0.0295880735074629,0.0217947350184617,0.0256914042629623,ELSA,wealth,high
98,DEAD,0.913766199387373,0.935411368216144,0.924588783801759,ELSA,wealth,high
99,I0,0.0162683487716167,0.0121902452539132,0.0142292970127649,ELSA,wealth,high
99,D1,0.0201903020859704,0.0158061068670845,0.0179982044765274,ELSA,wealth,high
99,R1,0.00633524590780793,0.00435085701144237,0.00534305145962515,ELSA,wealth,high
99,D2,0.0217947350184617,0.0159354795450757,0.0188651072817687,ELSA,wealth,high
99,DEAD,0.935411368216144,0.951717311322485,0.943564339769314,ELSA,wealth,high
60,I0,1,0.970961550601518,0.985480775300759,ELSA,wealth,middle
60,D1,0,0.0252962864297479,0.0126481432148739,ELSA,wealth,middle
60,R1,0,0,0,ELSA,wealth,middle
60,D2,0,0,0,ELSA,wealth,middle
60,DEAD,0,0.0037421629687339,0.00187108148436695,ELSA,wealth,middle
61,I0,0.970961550601518,0.941751839010856,0.956356694806187,ELSA,wealth,middle
61,D1,0.0252962864297479,0.0448848472954682,0.035090566862608,ELSA,wealth,middle
61,R1,0,0.00519221744611784,0.00259610872305892,ELSA,wealth,middle
61,D2,0,0,0,ELSA,wealth,middle
61,DEAD,0.0037421629687339,0.00817109624755808,0.00595662960814599,ELSA,wealth,middle
62,I0,0.941751839010856,0.9123583723725,0.927055105691678,ELSA,wealth,middle
62,D1,0.0448848472954682,0.0601511175286667,0.0525179824120674,ELSA,wealth,middle
62,R1,0.00519221744611784,0.0135955377782252,0.00939387761217153,ELSA,wealth,middle
62,D2,0,0.000578281328997117,0.000289140664498559,ELSA,wealth,middle
62,DEAD,0.00817109624755808,0.0133166909916114,0.0107438936195847,ELSA,wealth,middle
63,I0,0.9123583723725,0.88275398996426,0.89755618116838,ELSA,wealth,middle
63,D1,0.0601511175286667,0.0721337736616764,0.0661424455951716,ELSA,wealth,middle
63,R1,0.0135955377782252,0.0239063548458428,0.018750946312034,ELSA,wealth,middle
63,D2,0.000578281328997117,0.00198803751933729,0.0012831594241672,ELSA,wealth,middle
63,DEAD,0.0133166909916114,0.0192178440088837,0.0162672675002476,ELSA,wealth,middle
64,I0,0.88275398996426,0.852898270170277,0.867826130067268,ELSA,wealth,middle
64,D1,0.0721337736616764,0.0816159609538651,0.0768748673077708,ELSA,wealth,middle
64,R1,0.0239063548458428,0.0352631045296624,0.0295847296877526,ELSA,wealth,middle
64,D2,0.00198803751933729,0.00430142758859926,0.00314473255396827,ELSA,wealth,middle
64,DEAD,0.0192178440088837,0.025921236757596,0.0225695403832399,ELSA,wealth,middle
65,I0,0.852898270170277,0.82273905175224,0.837818660961259,ELSA,wealth,middle
65,D1,0.0816159609538651,0.0891916822423222,0.0854038215980937,ELSA,wealth,middle
65,R1,0.0352631045296624,0.0470949945322313,0.0411790495309469,ELSA,wealth,middle
65,D2,0.00430142758859926,0.00749358046071485,0.00589750402465706,ELSA,wealth,middle
65,DEAD,0.025921236757596,0.0334806910124914,0.0297009638850437,ELSA,wealth,middle
66,I0,0.82273905175224,0.792214047168881,0.807476549460561,ELSA,wealth,middle
66,D1,0.0891916822423222,0.0953141944513804,0.0922529383468513,ELSA,wealth,middle
66,R1,0.0470949945322313,0.05902412319521,0.0530595588637207,ELSA,wealth,middle
66,D2,0.00749358046071485,0.0114906879177188,0.00949213418921681,ELSA,wealth,middle
66,DEAD,0.0334806910124914,0.0419569472668097,0.0377188191396506,ELSA,wealth,middle
67,I0,0.792214047168881,0.761252550079544,0.776733298624213,ELSA,wealth,middle
67,D1,0.0953141944513804,0.100331336589158,0.0978227655202694,ELSA,wealth,middle
67,R1,0.05902412319521,0.0708015811556901,0.06491285217545,ELSA,wealth,middle
67,D2,0.0114906879177188,0.0161967624647494,0.0138437251912341,ELSA,wealth,middle
67,DEAD,0.0419569472668097,0.0514177697108581,0.0466873584888339,ELSA,wealth,middle
68,I0,0.761252550079544,0.729777264525223,0.745514907302384,ELSA,wealth,middle
68,D1,0.100331336589158,0.104511320931075,0.102421328760117,ELSA,wealth,middle
68,R1,0.0708015811556901,0.0822652654090391,0.0765334232823646,ELSA,wealth,middle
68,D2,0.0161967624647494,0.0215078232873653,0.0188522928760574,ELSA,wealth,middle
68,DEAD,0.0514177697108581,0.0619383258472979,0.056678047779078,ELSA,wealth,middle
69,I0,0.729777264525223,0.697706310495238,0.71374178751023,ELSA,wealth,middle
69,D1,0.104511320931075,0.108061509935582,0.106286415433328,ELSA,wealth,middle
69,R1,0.0822652654090391,0.0933116076300287,0.0877884365195339,ELSA,wealth,middle
69,D2,0.0215078232873653,0.0273187473274604,0.0244132853074129,ELSA,wealth,middle
69,DEAD,0.0619383258472979,0.0736018246116913,0.0677700752294946,ELSA,wealth,middle
70,I0,0.697706310495238,0.664955491267797,0.681330900881517,ELSA,wealth,middle
70,D1,0.108061509935582,0.111141966761968,0.109601738348775,ELSA,wealth,middle
70,R1,0.0933116076300287,0.103876225347544,0.0985939164887863,ELSA,wealth,middle
70,D2,0.0273187473274604,0.0335258886664038,0.0304223179969321,ELSA,wealth,middle
70,DEAD,0.0736018246116913,0.086500427956287,0.0800511262839891,ELSA,wealth,middle
71,I0,0.664955491267797,0.631448933602157,0.648202212434977,ELSA,wealth,middle
71,D1,0.111141966761968,0.113868108499633,0.1125050376308,ELSA,wealth,middle
71,R1,0.103876225347544,0.113919150632691,0.108897687990117,ELSA,wealth,middle
71,D2,0.0335258886664038,0.0400280351930454,0.0367769619297246,ELSA,wealth,middle
71,DEAD,0.086500427956287,0.100735772072474,0.0936181000143803,ELSA,wealth,middle
72,I0,0.631448933602157,0.597154361930359,0.614301647766258,ELSA,wealth,middle
72,D1,0.113868108499633,0.116291009806765,0.115079559153199,ELSA,wealth,middle
72,R1,0.113919150632691,0.123409215172241,0.118664182902466,ELSA,wealth,middle
72,D2,0.0400280351930454,0.0467290583834758,0.0433785467882606,ELSA,wealth,middle
72,DEAD,0.100735772072474,0.11641635470716,0.108576063389817,ELSA,wealth,middle
73,I0,0.597154361930359,0.562094391002645,0.579624376466502,ELSA,wealth,middle
73,D1,0.116291009806765,0.118402226089225,0.117346617947995,ELSA,wealth,middle
73,R1,0.123409215172241,0.132311117611613,0.127860166391927,ELSA,wealth,middle
73,D2,0.0467290583834758,0.0535381224544108,0.0501335904189434,ELSA,wealth,middle
73,DEAD,0.11641635470716,0.133654142842106,0.125035248774633,ELSA,wealth,middle
74,I0,0.562094391002645,0.526349636316878,0.544222013659762,ELSA,wealth,middle
74,D1,0.118402226089225,0.120144653472607,0.119273439780916,ELSA,wealth,middle
74,R1,0.132311117611613,0.140577139758533,0.136444128685073,ELSA,wealth,middle
74,D2,0.0535381224544108,0.0603682315556402,0.0569531770050255,ELSA,wealth,middle
74,DEAD,0.133654142842106,0.152560338896341,0.143107240869224,ELSA,wealth,middle
75,I0,0.526349636316878,0.49006080797927,0.508205222148074,ELSA,wealth,middle
75,D1,0.120144653472607,0.121422471240155,0.120783562356381,ELSA,wealth,middle
75,R1,0.140577139758533,0.148142607976174,0.144359873867354,ELSA,wealth,middle
75,D2,0.0603682315556402,0.0671344385943515,0.0637513350749959,ELSA,wealth,middle
75,DEAD,0.152560338896341,0.17323967421005,0.162900006553195,ELSA,wealth,middle
76,I0,0.49006080797927,0.453428603658113,0.471744705818691,ELSA,wealth,middle
76,D1,0.121422471240155,0.122111727283593,0.121767099261874,ELSA,wealth,middle
76,R1,0.148142607976174,0.154924420261265,0.151533514118719,ELSA,wealth,middle
76,D2,0.0671344385943515,0.073752211886731,0.0704433252405412,ELSA,wealth,middle
76,DEAD,0.17323967421005,0.195783036910298,0.184511355560174,ELSA,wealth,middle
77,I0,0.453428603658113,0.416710253616011,0.435069428637062,ELSA,wealth,middle
77,D1,0.122111727283593,0.122072610296322,0.122092168789958,ELSA,wealth,middle
77,R1,0.154924420261265,0.16082239971157,0.157873409986418,ELSA,wealth,middle
77,D2,0.073752211886731,0.0801363172359671,0.076944264561349,ELSA,wealth,middle
77,DEAD,0.195783036910298,0.220258419140129,0.208020728025214,ELSA,wealth,middle
78,I0,0.416710253616011,0.380211787514361,0.398461020565186,ELSA,wealth,middle
78,D1,0.122072610296322,0.121163843255435,0.121618226775879,ELSA,wealth,middle
78,R1,0.16082239971157,0.165723435956408,0.163272917833989,ELSA,wealth,middle
78,D2,0.0801363172359671,0.0862004960806994,0.0831684066583332,ELSA,wealth,middle
78,DEAD,0.220258419140129,0.246700437193096,0.233479428166613,ELSA,wealth,middle
79,I0,0.380211787514361,0.344275537201168,0.362243662357765,ELSA,wealth,middle
79,D1,0.121163843255435,0.119258902032652,0.120211372644044,ELSA,wealth,middle
79,R1,0.165723435956408,0.169508369825475,0.167615902890942,ELSA,wealth,middle
79,D2,0.0862004960806994,0.0918581598314922,0.0890293279560958,ELSA,wealth,middle
79,DEAD,0.246700437193096,0.275099031109212,0.260899734151154,ELSA,wealth,middle
80,I0,0.344275537201168,0.309263060943776,0.326769299072472,ELSA,wealth,middle
80,D1,0.119258902032652,0.116262960995655,0.117760931514154,ELSA,wealth,middle
80,R1,0.169508369825475,0.172061383665828,0.170784876745652,ELSA,wealth,middle
80,D2,0.0918581598314922,0.0970242443775624,0.0944412021045273,ELSA,wealth,middle
80,DEAD,0.275099031109212,0.305388350017178,0.290243690563195,ELSA,wealth,middle
81,I0,0.309263060943776,0.275523926096635,0.292393493520206,ELSA,wealth,middle
81,D1,0.116262960995655,0.112152106743958,0.114207533869807,ELSA,wealth,middle
81,R1,0.172061383665828,0.173249862172476,0.172655622919152,ELSA,wealth,middle
81,D2,0.0970242443775624,0.101628516948447,0.0993263806630048,ELSA,wealth,middle
81,DEAD,0.305388350017178,0.337445588038484,0.321416969027831,ELSA,wealth,middle
82,I0,0.275523926096635,0.243340308156982,0.259432117126809,ELSA,wealth,middle
82,D1,0.112152106743958,0.107059282732185,0.109605694738071,ELSA,wealth,middle
82,R1,0.173249862172476,0.172821321084885,0.173035591628681,ELSA,wealth,middle
82,D2,0.101628516948447,0.105653740790632,0.103641128869539,ELSA,wealth,middle
82,DEAD,0.337445588038484,0.371125347235317,0.3542854676369,ELSA,wealth,middle
83,I0,0.243340308156982,0.212924545300965,0.228132426728973,ELSA,wealth,middle
83,D1,0.107059282732185,0.101234480003647,0.104146881367916,ELSA,wealth,middle
83,R1,0.172821321084885,0.17044396699064,0.171632644037763,ELSA,wealth,middle
83,D2,0.105653740790632,0.109112018148267,0.107382879469449,ELSA,wealth,middle
83,DEAD,0.371125347235317,0.406284989556481,0.388705168395899,ELSA,wealth,middle
84,I0,0.212924545300965,0.184433319487137,0.198678932394051,ELSA,wealth,middle
84,D1,0.101234480003647,0.0949727247819912,0.0981036023928193,ELSA,wealth,middle
84,R1,0.17044396699064,0.165782904638539,0.16811343581459,ELSA,wealth,middle
84,D2,0.109112018148267,0.112008897982476,0.110560458065371,ELSA,wealth,middle
84,DEAD,0.406284989556481,0.442802153109857,0.424543571333169,ELSA,wealth,middle
85,I0,0.184433319487137,0.157981437907983,0.17120737869756,ELSA,wealth,middle
85,D1,0.0949727247819912,0.0885513561419067,0.0917620404619489,ELSA,wealth,middle
85,R1,0.165782904638539,0.158566625696285,0.162174765167412,ELSA,wealth,middle
85,D2,0.112008897982476,0.114311459379941,0.113160178681209,ELSA,wealth,middle
85,DEAD,0.442802153109857,0.480589120873884,0.461695636991871,ELSA,wealth,middle
86,I0,0.157981437907983,0.133652670252583,0.145817054080283,ELSA,wealth,middle
86,D1,0.0885513561419067,0.0821822390320055,0.0853667975869561,ELSA,wealth,middle
86,R1,0.158566625696285,0.148645463330904,0.153606044513594,ELSA,wealth,middle
86,D2,0.114311459379941,0.115916327907455,0.115113893643698,ELSA,wealth,middle
86,DEAD,0.480589120873884,0.519603299477053,0.500096210175468,ELSA,wealth,middle
87,I0,0.133652670252583,0.11150625013973,0.122579460196156,ELSA,wealth,middle
87,D1,0.0821822390320055,0.0759815652211978,0.0790819021266016,ELSA,wealth,middle
87,R1,0.148645463330904,0.136043275155127,0.142344369243016,ELSA,wealth,middle
87,D2,0.115916327907455,0.116616643514812,0.116266485711133,ELSA,wealth,middle
87,DEAD,0.519603299477053,0.559852265969133,0.539727782723093,ELSA,wealth,middle
88,I0,0.11150625013973,0.0915787873312991,0.101542518735514,ELSA,wealth,middle
88,D1,0.0759815652211978,0.0699570923336593,0.0729693287774285,ELSA,wealth,middle
88,R1,0.136043275155127,0.121002220943822,0.128522748049475,ELSA,wealth,middle
88,D2,0.116616643514812,0.116072101334513,0.116344372424662,ELSA,wealth,middle
88,DEAD,0.559852265969133,0.601389798056707,0.58062103201292,ELSA,wealth,middle
89,I0,0.0915787873312991,0.0738823583111369,0.082730572821218,ELSA,wealth,middle
89,D1,0.0699570923336593,0.0640116243594928,0.066984358346576,ELSA,wealth,middle
89,R1,0.121002220943822,0.10401588161874,0.112509051281281,ELSA,wealth,middle
89,D2,0.116072101334513,0.113794218791445,0.114933160062979,ELSA,wealth,middle
89,DEAD,0.601389798056707,0.644295916919185,0.622842857487946,ELSA,wealth,middle
90,I0,0.0738823583111369,0.0584003497837027,0.0661413540474198,ELSA,wealth,middle
90,D1,0.0640116243594928,0.0579628578876672,0.06098724112358,ELSA,wealth,middle
90,R1,0.10401588161874,0.0858380987878715,0.094926990203306,ELSA,wealth,middle
90,D2,0.113794218791445,0.109169202171049,0.111481710481247,ELSA,wealth,middle
90,DEAD,0.644295916919185,0.688629491369709,0.666462704144447,ELSA,wealth,middle
91,I0,0.0584003497837027,0.0450866665148433,0.051743508149273,ELSA,wealth,middle
91,D1,0.0579628578876672,0.0515792159574473,0.0547710369225573,ELSA,wealth,middle
91,R1,0.0858380987878715,0.0674809746730867,0.0766595367304791,ELSA,wealth,middle
91,D2,0.109169202171049,0.101551720004304,0.105360461087677,ELSA,wealth,middle
91,DEAD,0.688629491369709,0.734301422850319,0.711465457110014,ELSA,wealth,middle
92,I0,0.0450866665148433,0.0338733240770223,0.0394799952959328,ELSA,wealth,middle
92,D1,0.0515792159574473,0.0446613005222192,0.0481202582398332,ELSA,wealth,middle
92,R1,0.0674809746730867,0.050166238905499,0.0588236067892928,ELSA,wealth,middle
92,D2,0.101551720004304,0.0905246619076302,0.096038190955967,ELSA,wealth,middle
92,DEAD,0.734301422850319,0.780774474587629,0.757537948718974,ELSA,wealth,middle
93,I0,0.0338733240770223,0.0246627860559874,0.0292680550665049,ELSA,wealth,middle
93,D1,0.0446613005222192,0.0371830647341206,0.0409221826281699,ELSA,wealth,middle
93,R1,0.050166238905499,0.0350060527755564,0.0425861458405277,ELSA,wealth,middle
93,D2,0.0905246619076302,0.0762899729465096,0.0834073174270699,ELSA,wealth,middle
93,DEAD,0.780774474587629,0.826858123487826,0.803816299037728,ELSA,wealth,middle
94,I0,0.0246627860559874,0.0173206833964129,0.0209917347262002,ELSA,wealth,middle
94,D1,0.0371830647341206,0.0293793937533134,0.033281229243717,ELSA,wealth,middle
94,R1,0.0350060527755564,0.0227419810033262,0.0288740168894413,ELSA,wealth,middle
94,D2,0.0762899729465096,0.0598863269969964,0.068088149971753,ELSA,wealth,middle
94,DEAD,0.826858123487826,0.870671614849951,0.848764869168889,ELSA,wealth,middle
95,I0,0.0173206833964129,0.0116729526823757,0.0144968180393943,ELSA,wealth,middle
95,D1,0.0293793937533134,0.0217366394055226,0.025558016579418,ELSA,wealth,middle
95,R1,0.0227419810033262,0.0136285271295929,0.0181852540664596,ELSA,wealth,middle
95,D2,0.0598863269969964,0.0430839977814725,0.0514851623892345,ELSA,wealth,middle
95,DEAD,0.870671614849951,0.909877883001036,0.890274748925494,ELSA,wealth,middle
96,I0,0.0116729526823757,0.00786676952672668,0.00976986110455119,ELSA,wealth,middle
96,D1,0.0217366394055226,0.0158542483494873,0.018795443877505,ELSA,wealth,middle
96,R1,0.0136285271295929,0.00830002255606502,0.010964274842829,ELSA,wealth,middle
96,D2,0.0430839977814725,0.0303471632879402,0.0367155805347064,ELSA,wealth,middle
96,DEAD,0.909877883001036,0.937631796279781,0.923754839640408,ELSA,wealth,middle
97,I0,0.00786676952672668,0.00530166312419596,0.00658421632546132,ELSA,wealth,middle
97,D1,0.0158542483494873,0.0114346276615943,0.0136444380055408,ELSA,wealth,middle
97,R1,0.00830002255606502,0.005133500285949,0.00671676142100701,ELSA,wealth,middle
97,D2,0.0303471632879402,0.0210671886343219,0.025707175961131,ELSA,wealth,middle
97,DEAD,0.937631796279781,0.957063020293939,0.94734740828686,ELSA,wealth,middle
98,I0,0.00530166312419596,0.00357295733489661,0.00443731022954629,ELSA,wealth,middle
98,D1,0.0114346276615943,0.00817280501083478,0.00980371633621453,ELSA,wealth,middle
98,R1,0.005133500285949,0.00322078637745364,0.00417714333170132,ELSA,wealth,middle
98,D2,0.0210671886343219,0.0144757862150697,0.0177714874246958,ELSA,wealth,middle
98,DEAD,0.957063020293939,0.970557665061745,0.963810342677842,ELSA,wealth,middle
99,I0,0.00357295733489661,0.00240792819497138,0.002990442764934,ELSA,wealth,middle
99,D1,0.00817280501083478,0.00579827866179389,0.00698554183631434,ELSA,wealth,middle
99,R1,0.00322078637745364,0.00204693739917462,0.00263386188831413,ELSA,wealth,middle
99,D2,0.0144757862150697,0.00987389220057281,0.0121748392078213,ELSA,wealth,middle
99,DEAD,0.970557665061745,0.979872963543487,0.975215314302616,ELSA,wealth,middle
60,I0,1,0.962328188170624,0.981164094085312,ELSA,wealth,low
60,D1,0,0.0325935350463149,0.0162967675231575,ELSA,wealth,low
60,R1,0,0,0,ELSA,wealth,low
60,D2,0,0,0,ELSA,wealth,low
60,DEAD,0,0.00507827678306123,0.00253913839153062,ELSA,wealth,low
61,I0,0.962328188170624,0.924757077194954,0.943542632682789,ELSA,wealth,low
61,D1,0.0325935350463149,0.0585772011327532,0.0455853680895341,ELSA,wealth,low
61,R1,0,0.00547560838193985,0.00273780419096993,ELSA,wealth,low
61,D2,0,0,0,ELSA,wealth,low
61,DEAD,0.00507827678306123,0.0111901132903534,0.0081341950367073,ELSA,wealth,low
62,I0,0.924757077194954,0.887284173887039,0.906020625540996,ELSA,wealth,low
62,D1,0.0585772011327532,0.0793043696356704,0.0689407853842118,ELSA,wealth,low
62,R1,0.00547560838193985,0.0142489459968125,0.00986227718937616,ELSA,wealth,low
62,D2,0,0.000797964776685676,0.000398982388342838,ELSA,wealth,low
62,DEAD,0.0111901132903534,0.018364545703792,0.0147773294970727,ELSA,wealth,low
63,I0,0.887284173887039,0.849890187429599,0.868587180658319,ELSA,wealth,low
63,D1,0.0793043696356704,0.095838565193865,0.0875714674147677,ELSA,wealth,low
63,R1,0.0142489459968125,0.024872448384622,0.0195606971907172,ELSA,wealth,low
63,D2,0.000797964776685676,0.00275615853162357,0.00177706165415462,ELSA,wealth,low
63,DEAD,0.018364545703792,0.0266426404602906,0.0225035930820413,ELSA,wealth,low
64,I0,0.849890187429599,0.812541869041684,0.831216028235642,ELSA,wealth,low
64,D1,0.095838565193865,0.109017984208105,0.102428274700985,ELSA,wealth,low
64,R1,0.024872448384622,0.0363837249203311,0.0306280866524766,ELSA,wealth,low
64,D2,0.00275615853162357,0.00598103091680334,0.00436859472421345,ELSA,wealth,low
64,DEAD,0.0266426404602906,0.0360753909130761,0.0313590156866833,ELSA,wealth,low
65,I0,0.812541869041684,0.775195002200657,0.793868435621171,ELSA,wealth,low
65,D1,0.109017984208105,0.119504872486333,0.114261428347219,ELSA,wealth,low
65,R1,0.0363837249203311,0.0481444333114644,0.0422640791158978,ELSA,wealth,low
65,D2,0.00598103091680334,0.0104332590721423,0.00820714499447282,ELSA,wealth,low
65,DEAD,0.0360753909130761,0.0467224329294032,0.0413989119212396,ELSA,wealth,low
66,I0,0.775195002200657,0.737797518489488,0.756496260345073,ELSA,wealth,low
66,D1,0.119504872486333,0.127823298295477,0.123664085390905,ELSA,wealth,low
66,R1,0.0481444333114644,0.0597337708879996,0.053939102099732,ELSA,wealth,low
66,D2,0.0104332590721423,0.0159940632021177,0.01321366113713,ELSA,wealth,low
66,DEAD,0.0467224329294032,0.0586513491249179,0.0526868910271605,ELSA,wealth,low
67,I0,0.737797518489488,0.700292747533761,0.719045133011624,ELSA,wealth,low
67,D1,0.127823298295477,0.134388011745295,0.131105655020386,ELSA,wealth,low
67,R1,0.0597337708879996,0.0708775378526109,0.0653056543703053,ELSA,wealth,low
67,D2,0.0159940632021177,0.022504297331515,0.0192491802668163,ELSA,wealth,low
67,DEAD,0.0586513491249179,0.0719374055368191,0.0652943773308685,ELSA,wealth,low
68,I0,0.700292747533761,0.662622840672247,0.681457794103004,ELSA,wealth,low
68,D1,0.134388011745295,0.139526424934486,0.13695721833989,ELSA,wealth,low
68,R1,0.0708775378526109,0.0814004173314306,0.0761389775920207,ELSA,wealth,low
68,D2,0.022504297331515,0.0297866967465431,0.0261454970390291,ELSA,wealth,low
68,DEAD,0.0719374055368191,0.0866636203152934,0.0793005129260563,ELSA,wealth,low
69,I0,0.662622840672247,0.624732437278668,0.643677638975457,ELSA,wealth,low
69,D1,0.139526424934486,0.143495239368251,0.141510832151368,ELSA,wealth,low
69,R1,0.0814004173314306,0.0911934362981368,0.0862969268147837,ELSA,wealth,low
69,D2,0.0297866967465431,0.037657781139659,0.0337222389431011,ELSA,wealth,low
69,DEAD,0.0866636203152934,0.102921105915285,0.0947923631152895,ELSA,wealth,low
70,I0,0.624732437278668,0.586572670707052,0.60565255399286,ELSA,wealth,low
70,D1,0.143495239368251,0.146492854791927,0.144994047080089,ELSA,wealth,low
70,R1,0.0911934362981368,0.100191359472845,0.095692397885491,ELSA,wealth,low
70,D2,0.037657781139659,0.0459334581451803,0.0417956196424197,ELSA,wealth,low
70,DEAD,0.102921105915285,0.120809656882995,0.11186538139914,ELSA,wealth,low
71,I0,0.586572670707052,0.548114589222096,0.567343629964574,ELSA,wealth,low
71,D1,0.146492854791927,0.148660965772421,0.147576910282174,ELSA,wealth,low
71,R1,0.100191359472845,0.108355379716475,0.10427336959466,ELSA,wealth,low
71,D2,0.0459334581451803,0.0544318479935656,0.050182653069373,ELSA,wealth,low
71,DEAD,0.120809656882995,0.140437217295443,0.130623437089219,ELSA,wealth,low
72,I0,0.548114589222096,0.509388770346932,0.528751679784514,ELSA,wealth,low
72,D1,0.148660965772421,0.150064180493261,0.149362573132841,ELSA,wealth,low
72,R1,0.108355379716475,0.115655736604258,0.112005558160367,ELSA,wealth,low
72,D2,0.0544318479935656,0.0629780197034486,0.0587049338485071,ELSA,wealth,low
72,DEAD,0.140437217295443,0.161913292852101,0.151175255073772,ELSA,wealth,low
73,I0,0.509388770346932,0.470494831812199,0.489941801079565,ELSA,wealth,low
73,D1,0.150064180493261,0.150698983678252,0.150381582085756,ELSA,wealth,low
73,R1,0.115655736604258,0.122059205087479,0.118857470845869,ELSA,wealth,low
73,D2,0.0629780197034486,0.0714053295781254,0.067191674640787,ELSA,wealth,low
73,DEAD,0.161913292852101,0.185341649843945,0.173627471348023,ELSA,wealth,low
74,I0,0.470494831812199,0.431600273913467,0.451047552862833,ELSA,wealth,low
74,D1,0.150698983678252,0.150510331667424,0.150604657672838,ELSA,wealth,low
74,R1,0.122059205087479,0.127522580471473,0.124790892779476,ELSA,wealth,low
74,D2,0.0714053295781254,0.0795547276513028,0.0754800286147141,ELSA,wealth,low
74,DEAD,0.185341649843945,0.210812086296333,0.198076868070139,ELSA,wealth,low
75,I0,0.431600273913467,0.3929369528457,0.412268613379584,ELSA,wealth,low
75,D1,0.150510331667424,0.149408015206534,0.149959173436979,ELSA,wealth,low
75,R1,0.127522580471473,0.13199072534314,0.129756652907307,ELSA,wealth,low
75,D2,0.0795547276513028,0.0872739735497928,0.0834143506005478,ELSA,wealth,low
75,DEAD,0.210812086296333,0.238390333054832,0.224601209675583,ELSA,wealth,low
76,I0,0.3929369528457,0.354793917643676,0.373865435244688,ELSA,wealth,low
76,D1,0.149408015206534,0.147284132389915,0.148346073798225,ELSA,wealth,low
76,R1,0.13199072534314,0.135398262878531,0.133694494110836,ELSA,wealth,low
76,D2,0.0872739735497928,0.094417503202068,0.0908457383759304,ELSA,wealth,low
76,DEAD,0.238390333054832,0.26810618388581,0.253248258470321,ELSA,wealth,low
77,I0,0.354793917643676,0.317505676338063,0.33614979699087,ELSA,wealth,low
77,D1,0.147284132389915,0.144032178743502,0.145658155566708,ELSA,wealth,low
77,R1,0.135398262878531,0.137674371786446,0.136536317332488,ELSA,wealth,low
77,D2,0.094417503202068,0.100847427884813,0.0976324655434405,ELSA,wealth,low
77,DEAD,0.26810618388581,0.299940345247176,0.284023264566493,ELSA,wealth,low
78,I0,0.317505676338063,0.281435537035663,0.299470606686863,ELSA,wealth,low
78,D1,0.144032178743502,0.139567312683069,0.141799745713285,ELSA,wealth,low
78,R1,0.137674371786446,0.138750225508649,0.138212298647548,ELSA,wealth,low
78,D2,0.100847427884813,0.106435941261312,0.103641684573063,ELSA,wealth,low
78,DEAD,0.299940345247176,0.333810983511306,0.316875664379241,ELSA,wealth,low
79,I0,0.281435537035663,0.246954487707698,0.264195012371681,ELSA,wealth,low
79,D1,0.139567312683069,0.133846356366563,0.136706834524816,ELSA,wealth,low
79,R1,0.138750225508649,0.138568483391186,0.138659354449918,ELSA,wealth,low
79,D2,0.106435941261312,0.111069203164247,0.10875257221278,ELSA,wealth,low
79,DEAD,0.333810983511306,0.369561469370305,0.351686226440806,ELSA,wealth,low
80,I0,0.246954487707698,0.214417037534125,0.230685762620911,ELSA,wealth,low
80,D1,0.133846356366563,0.126885218056832,0.130365787211698,ELSA,wealth,low
80,R1,0.138568483391186,0.137093950098424,0.137831216744805,ELSA,wealth,low
80,D2,0.111069203164247,0.11465253195196,0.112860867558103,ELSA,wealth,low
80,DEAD,0.369561469370305,0.40695126235866,0.388256365864483,ELSA,wealth,low
81,I0,0.214417037534125,0.184127324328856,0.19927218093149,ELSA,wealth,low
81,D1,0.126885218056832,0.11878938921733,0.122837303637081,ELSA,wealth,low
81,R1,0.137093950098424,0.134294316172242,0.135694133135333,ELSA,wealth,low
81,D2,0.11465253195196,0.117124465958472,0.115888498955216,ELSA,wealth,low
81,DEAD,0.40695126235866,0.445664504323101,0.42630788334088,ELSA,wealth,low
82,I0,0.184127324328856,0.156291224548735,0.170209274438795,ELSA,wealth,low
82,D1,0.11878938921733,0.109809284860745,0.114299337039037,ELSA,wealth,low
82,R1,0.134294316172242,0.130046050208748,0.132170183190495,ELSA,wealth,low
82,D2,0.117124465958472,0.118483864819246,0.117804165388859,ELSA,wealth,low
82,DEAD,0.445664504323101,0.485369575562526,0.465517039942814,ELSA,wealth,low
83,I0,0.156291224548735,0.13102188709229,0.143656555820513,ELSA,wealth,low
83,D1,0.109809284860745,0.100283573056851,0.105046428958798,ELSA,wealth,low
83,R1,0.130046050208748,0.124183841439444,0.127114945824096,ELSA,wealth,low
83,D2,0.118483864819246,0.118754636201844,0.118619250510545,ELSA,wealth,low
83,DEAD,0.485369575562526,0.52575606220957,0.505562818886048,ELSA,wealth,low
84,I0,0.13102188709229,0.108359386950918,0.119690637021604,ELSA,wealth,low
84,D1,0.100283573056851,0.0905626963321353,0.0954231346944934,ELSA,wealth,low
84,R1,0.124183841439444,0.116577717557187,0.120380779498316,ELSA,wealth,low
84,D2,0.118754636201844,0.117945969609649,0.118350302905747,ELSA,wealth,low
84,DEAD,0.52575606220957,0.56655422955011,0.54615514587984,ELSA,wealth,low
85,I0,0.108359386950918,0.0882879988083593,0.0983236928796387,ELSA,wealth,low
85,D1,0.0905626963321353,0.0809495373599324,0.0857561168460338,ELSA,wealth,low
85,R1,0.116577717557187,0.107193054836552,0.11188538619687,ELSA,wealth,low
85,D2,0.117945969609649,0.116024409506838,0.116985189558243,ELSA,wealth,low
85,DEAD,0.56655422955011,0.607544999488319,0.587049614519215,ELSA,wealth,low
86,I0,0.0882879988083593,0.07074910073446,0.0795185497714097,ELSA,wealth,low
86,D1,0.0809495373599324,0.0716618004221081,0.0763056688910203,ELSA,wealth,low
86,R1,0.107193054836552,0.0961349387586368,0.101663996797594,ELSA,wealth,low
86,D2,0.116024409506838,0.112894626564544,0.114459518035691,ELSA,wealth,low
86,DEAD,0.607544999488319,0.648559533520252,0.628052266504285,ELSA,wealth,low
87,I0,0.07074910073446,0.0556493238652987,0.0631992122998793,ELSA,wealth,low
87,D1,0.0716618004221081,0.0628171881801905,0.0672394943011493,ELSA,wealth,low
87,R1,0.0961349387586368,0.083676487817904,0.0899057132882703,ELSA,wealth,low
87,D2,0.112894626564544,0.108390109979514,0.110642368272029,ELSA,wealth,low
87,DEAD,0.648559533520252,0.689466890157093,0.669013211838672,ELSA,wealth,low
88,I0,0.0556493238652987,0.0428648240013873,0.049257073933343,ELSA,wealth,low
88,D1,0.0628171881801905,0.0544395649586235,0.058628376569407,ELSA,wealth,low
88,R1,0.083676487817904,0.070268536719853,0.0769725122688785,ELSA,wealth,low
88,D2,0.108390109979514,0.102280264926138,0.105335187452826,ELSA,wealth,low
88,DEAD,0.689466890157093,0.730146809393999,0.709806849775546,ELSA,wealth,low
89,I0,0.0428648240013873,0.0322433542296699,0.0375540891155286,ELSA,wealth,low
89,D1,0.0544395649586235,0.0464828625649466,0.0504612137617851,ELSA,wealth,low
89,R1,0.070268536719853,0.0565248412451444,0.0633966889824987,ELSA,wealth,low
89,D2,0.102280264926138,0.0943057359505672,0.0982930004383525,ELSA,wealth,low
89,DEAD,0.730146809393999,0.770443206009672,0.750295007701835,ELSA,wealth,low
90,I0,0.0322433542296699,0.0236061025425929,0.0279247283861314,ELSA,wealth,low
90,D1,0.0464828625649466,0.0388693653284669,0.0426761139467068,ELSA,wealth,low
90,R1,0.0565248412451444,0.0431743667919383,0.0498496040185413,ELSA,wealth,low
90,D2,0.0943057359505672,0.0842562862387924,0.0892810110946798,ELSA,wealth,low
90,DEAD,0.770443206009672,0.81009387909821,0.790268542553941,ELSA,wealth,low
91,I0,0.0236061025425929,0.0167526578638181,0.0201793802032055,ELSA,wealth,low
91,D1,0.0388693653284669,0.0315405914991867,0.0352049784138268,ELSA,wealth,low
91,R1,0.0431743667919383,0.0309939836258683,0.0370841752089033,ELSA,wealth,low
91,D2,0.0842562862387924,0.0721086226356845,0.0781824544372385,ELSA,wealth,low
91,DEAD,0.81009387909821,0.848604144375443,0.829349011736826,ELSA,wealth,low
92,I0,0.0167526578638181,0.0114703640106211,0.0141115109372196,ELSA,wealth,low
92,D1,0.0315405914991867,0.0245308315217433,0.028035711510465,ELSA,wealth,low
92,R1,0.0309939836258683,0.020704402385793,0.0258491930058307,ELSA,wealth,low
92,D2,0.0721086226356845,0.0582590988642896,0.065183860749987,ELSA,wealth,low
92,DEAD,0.848604144375443,0.885035303217553,0.866819723796498,ELSA,wealth,low
93,I0,0.0114703640106211,0.00753657322706112,0.00950346861884111,ELSA,wealth,low
93,D1,0.0245308315217433,0.0180196626763192,0.0212752470990313,ELSA,wealth,low
93,R1,0.020704402385793,0.01273828620627,0.0167213442960315,ELSA,wealth,low
93,D2,0.0582590988642896,0.043688592399609,0.0509738456319493,ELSA,wealth,low
93,DEAD,0.885035303217553,0.918016885490741,0.901526094354147,ELSA,wealth,low
94,I0,0.00753657322706112,0.00472319624911951,0.00612988473809032,ELSA,wealth,low
94,D1,0.0180196626763192,0.0123014534053083,0.0151605580408137,ELSA,wealth,low
94,R1,0.01273828620627,0.0071360188832449,0.00993715254475745,ELSA,wealth,low
94,D2,0.043688592399609,0.0298325457588668,0.0367605690792379,ELSA,wealth,low
94,DEAD,0.918016885490741,0.946006785703461,0.932011835597101,ELSA,wealth,low
95,I0,0.00472319624911951,0.00280444996814037,0.00376382310862994,ELSA,wealth,low
95,D1,0.0123014534053083,0.00767760581351348,0.00998952960941087,ELSA,wealth,low
95,R1,0.0071360188832449,0.00359304876432375,0.00536453382378433,ELSA,wealth,low
95,D2,0.0298325457588668,0.018158225407652,0.0239953855832594,ELSA,wealth,low
95,DEAD,0.946006785703461,0.967766670046371,0.956886727874916,ELSA,wealth,low
96,I0,0.00280444996814037,0.00166517316007539,0.00223481156410788,ELSA,wealth,low
96,D1,0.00767760581351348,0.00475683947883541,0.00621722264617445,ELSA,wealth,low
96,R1,0.00359304876432375,0.00184992400137475,0.00272148638284925,ELSA,wealth,low
96,D2,0.018158225407652,0.0108347921077353,0.0144965087576936,ELSA,wealth,low
96,DEAD,0.967766670046371,0.980893271251979,0.974329970649175,ELSA,wealth,low
97,I0,0.00166517316007539,0.00098871496533564,0.00132694406270551,ELSA,wealth,low
97,D1,0.00475683947883541,0.00292958183498863,0.00384321065691202,ELSA,wealth,low
97,R1,0.00184992400137475,0.00097258527444349,0.00141125463790912,ELSA,wealth,low
97,D2,0.0108347921077353,0.00637973647382857,0.00860726429078192,ELSA,wealth,low
97,DEAD,0.980893271251979,0.988729381451404,0.984811326351691,ELSA,wealth,low
98,I0,0.00098871496533564,0.000587060436786286,0.000787887701060963,ELSA,wealth,low
98,D1,0.00292958183498863,0.00179526915170016,0.0023624254933444,ELSA,wealth,low
98,R1,0.00097258527444349,0.000521061053759809,0.000746823164101649,ELSA,wealth,low
98,D2,0.00637973647382857,0.00372267771579315,0.00505120709481086,ELSA,wealth,low
98,DEAD,0.988729381451404,0.993373931641961,0.991051656546682,ELSA,wealth,low
99,I0,0.000587060436786286,0.000348573621845311,0.000467817029315798,ELSA,wealth,low
99,D1,0.00179526915170016,0.00109556808290131,0.00144541861730073,ELSA,wealth,low
99,R1,0.000521061053759809,0.000283773670621097,0.000402417362190453,ELSA,wealth,low
99,D2,0.00372267771579315,0.00215877031707022,0.00294072401643169,ELSA,wealth,low
99,DEAD,0.993373931641961,0.996113314307562,0.994743622974761,ELSA,wealth,low
60,I0,1,0.981746072910903,0.990873036455451,MHAS,education,high
60,D1,0,0.0124743840490963,0.00623719202454815,MHAS,education,high
60,R1,0,0,0,MHAS,education,high
60,D2,0,0,0,MHAS,education,high
60,DEAD,0,0.00577954304000115,0.00288977152000057,MHAS,education,high
61,I0,0.981746072910903,0.962969449403,0.972357761156951,MHAS,education,high
61,D1,0.0124743840490963,0.0200381347477707,0.0162562593984335,MHAS,education,high
61,R1,0,0.00454247867636018,0.00227123933818009,MHAS,education,high
61,D2,0,0,0,MHAS,education,high
61,DEAD,0.00577954304000115,0.012449937172869,0.00911474010643507,MHAS,education,high
62,I0,0.962969449403,0.943601431130807,0.953285440266903,MHAS,education,high
62,D1,0.0200381347477707,0.0248590589687274,0.0224485968582491,MHAS,education,high
62,R1,0.00454247867636018,0.011230395034607,0.00788643685548361,MHAS,education,high
62,D2,0,0.000218121634820065,0.000109060817410033,MHAS,education,high
62,DEAD,0.012449937172869,0.0200909932310389,0.0162704652019539,MHAS,education,high
63,I0,0.943601431130807,0.923568186030233,0.93358480858052,MHAS,education,high
63,D1,0.0248590589687274,0.0281072836709411,0.0264831713198343,MHAS,education,high
63,R1,0.011230395034607,0.0188079278070615,0.0150191614208342,MHAS,education,high
63,D2,0.000218121634820065,0.000727821157342827,0.000472971396081446,MHAS,education,high
63,DEAD,0.0200909932310389,0.0287887813344215,0.0244398872827302,MHAS,education,high
64,I0,0.923568186030233,0.902795234107205,0.913181710068719,MHAS,education,high
64,D1,0.0281072836709411,0.0304316709473879,0.0292694773091645,MHAS,education,high
64,R1,0.0188079278070615,0.0266009704269669,0.0227044491170142,MHAS,education,high
64,D2,0.000727821157342827,0.00154410891468942,0.00113596503601613,MHAS,education,high
64,DEAD,0.0287887813344215,0.0386280156037505,0.033708398469086,MHAS,education,high
65,I0,0.902795234107205,0.881212530536748,0.892003882321977,MHAS,education,high
65,D1,0.0304316709473879,0.0322023117408878,0.0313169913441378,MHAS,education,high
65,R1,0.0266009704269669,0.0342413726283874,0.0304211715276771,MHAS,education,high
65,D2,0.00154410891468942,0.00265921464226414,0.00210166177847678,MHAS,education,high
65,DEAD,0.0386280156037505,0.0496845704517126,0.0441562930277316,MHAS,education,high
66,I0,0.881212530536748,0.858759934167163,0.869986232351955,MHAS,education,high
66,D1,0.0322023117408878,0.0336371643983449,0.0329197380696164,MHAS,education,high
66,R1,0.0342413726283874,0.0415287030370978,0.0378850378327426,MHAS,education,high
66,D2,0.00265921464226414,0.00405652685483832,0.00335787074855123,MHAS,education,high
66,DEAD,0.0496845704517126,0.0620176715425562,0.0558511209971344,MHAS,education,high
67,I0,0.858759934167163,0.83539272628271,0.847076330224937,MHAS,education,high
67,D1,0.0336371643983449,0.0348699712834666,0.0342535678409058,MHAS,education,high
67,R1,0.0415287030370978,0.0483601017730869,0.0449444024050923,MHAS,education,high
67,D2,0.00405652685483832,0.00571545643370377,0.00488599164427105,MHAS,education,high
67,DEAD,0.0620176715425562,0.0756617442270324,0.0688397078847943,MHAS,education,high
68,I0,0.83539272628271,0.81108670580054,0.823239716041625,MHAS,education,high
68,D1,0.0348699712834666,0.0359877138920218,0.0354288425877442,MHAS,education,high
68,R1,0.0483601017730869,0.0546945281814115,0.0515273149772492,MHAS,education,high
68,D2,0.00571545643370377,0.00761281314209893,0.00666413478790135,MHAS,education,high
68,DEAD,0.0756617442270324,0.0906182389839283,0.0831399916054803,MHAS,education,high
69,I0,0.81108670580054,0.785842253293381,0.798464479546961,MHAS,education,high
69,D1,0.0359877138920218,0.0370518863735175,0.0365198001327696,MHAS,education,high
69,R1,0.0546945281814115,0.0605346725618511,0.0576146003716313,MHAS,education,high
69,D2,0.00761281314209893,0.00972316383548607,0.0086679884887925,MHAS,education,high
69,DEAD,0.0906182389839283,0.106848023935764,0.0987331314598461,MHAS,education,high
70,I0,0.785842253293381,0.759686654943834,0.772764454118608,MHAS,education,high
70,D1,0.0370518863735175,0.038110950654716,0.0375814185141168,MHAS,education,high
70,R1,0.0605346725618511,0.0659180338722224,0.0632263532170368,MHAS,education,high
70,D2,0.00972316383548607,0.0120192289376244,0.0108711963865553,MHAS,education,high
70,DEAD,0.106848023935764,0.124265131591604,0.115556577763684,MHAS,education,high
71,I0,0.759686654943834,0.732671157985724,0.746178906464779,MHAS,education,high
71,D1,0.038110950654716,0.0392052984134591,0.0386581245340876,MHAS,education,high
71,R1,0.0659180338722224,0.0709073977476684,0.0684127158099454,MHAS,education,high
71,D2,0.0120192289376244,0.014472977839481,0.0132461033885527,MHAS,education,high
71,DEAD,0.124265131591604,0.142743168013668,0.133504149802636,MHAS,education,high
72,I0,0.732671157985724,0.704855640168475,0.718763399077099,MHAS,education,high
72,D1,0.0392052984134591,0.0403611816514916,0.0397832400324753,MHAS,education,high
72,R1,0.0709073977476684,0.0755651138393833,0.0732362557935259,MHAS,education,high
72,D2,0.014472977839481,0.0170578777762844,0.0157654278078827,MHAS,education,high
72,DEAD,0.142743168013668,0.162160186564366,0.152451677289017,MHAS,education,high
73,I0,0.704855640168475,0.676299786462038,0.690577713315256,MHAS,education,high
73,D1,0.0403611816514916,0.0415909976963748,0.0409760896739332,MHAS,education,high
73,R1,0.0755651138393833,0.0799404068669498,0.0777527603531666,MHAS,education,high
73,D2,0.0170578777762844,0.0197488725614129,0.0184033751688487,MHAS,education,high
73,DEAD,0.162160186564366,0.182419936413225,0.172290061488795,MHAS,education,high
74,I0,0.676299786462038,0.647059583141944,0.661679684801991,MHAS,education,high
74,D1,0.0415909976963748,0.042894832119626,0.0422429149080004,MHAS,education,high
74,R1,0.0799404068669498,0.0840626061497158,0.0820015065083328,MHAS,education,high
74,D2,0.0197488725614129,0.0225211559238388,0.0211350142426259,MHAS,education,high
74,DEAD,0.182419936413225,0.203461822664876,0.19294087953905,MHAS,education,high
75,I0,0.647059583141944,0.617186390145317,0.632122986643631,MHAS,education,high
75,D1,0.042894832119626,0.044260868329047,0.0435778502243365,MHAS,education,high
75,R1,0.0840626061497158,0.0879351747227213,0.0859988904362186,MHAS,education,high
75,D2,0.0225211559238388,0.0253483434137803,0.0239347496688096,MHAS,education,high
75,DEAD,0.203461822664876,0.225269223389134,0.214365523027005,MHAS,education,high
76,I0,0.617186390145317,0.586727862171385,0.601957126158351,MHAS,education,high
76,D1,0.044260868329047,0.0456649940935699,0.0449629312113084,MHAS,education,high
76,R1,0.0879351747227213,0.0915303420845436,0.0897327584036325,MHAS,education,high
76,D2,0.0253483434137803,0.02819991131222,0.0267741273630001,MHAS,education,high
76,DEAD,0.225269223389134,0.247876890338281,0.236573056863708,MHAS,education,high
77,I0,0.586727862171385,0.555729783102931,0.571228822637158,MHAS,education,high
77,D1,0.0456649940935699,0.0470696720276199,0.0463673330605949,MHAS,education,high
77,R1,0.0915303420845436,0.0947843653369493,0.0931573537107465,MHAS,education,high
77,D2,0.02819991131222,0.0310377385294601,0.02961882492084,MHAS,education,high
77,DEAD,0.247876890338281,0.27137844100304,0.25962766567066,MHAS,education,high
78,I0,0.555729783102931,0.524237750330766,0.539983766716849,MHAS,education,high
78,D1,0.0470696720276199,0.0484219627152817,0.0477458173714508,MHAS,education,high
78,R1,0.0947843653369493,0.0975935960985154,0.0961889807177323,MHAS,education,high
78,D2,0.0310377385294601,0.0338115549268151,0.0324246467281376,MHAS,education,high
78,DEAD,0.27137844100304,0.295935135928622,0.283656788465831,MHAS,education,high
79,I0,0.524237750330766,0.49229760263498,0.508267676482873,MHAS,education,high
79,D1,0.0484219627152817,0.0496504363134295,0.0490361995143556,MHAS,education,high
79,R1,0.0975935960985154,0.0998116494179619,0.0987026227582387,MHAS,education,high
79,D2,0.0338115549268151,0.0364530668415032,0.0351323108841592,MHAS,education,high
79,DEAD,0.295935135928622,0.321787244792126,0.308861190360374,MHAS,education,high
80,I0,0.49229760263498,0.459953547452966,0.476125575043973,MHAS,education,high
80,D1,0.0496504363134295,0.0506605713420748,0.0501555038277521,MHAS,education,high
80,R1,0.0998116494179619,0.101248067311764,0.100529858364863,MHAS,education,high
80,D2,0.0364530668415032,0.0388685102430998,0.0376607885423015,MHAS,education,high
80,DEAD,0.321787244792126,0.349269303650096,0.335528274221111,MHAS,education,high
81,I0,0.459953547452966,0.427251520521277,0.443602533987121,MHAS,education,high
81,D1,0.0506605713420748,0.0513309624199417,0.0509957668810082,MHAS,education,high
81,R1,0.101248067311764,0.101680220091263,0.101464143701513,MHAS,education,high
81,D2,0.0388685102430998,0.0409368445820272,0.0399026774125635,MHAS,education,high
81,DEAD,0.349269303650096,0.378800452385492,0.364034878017794,MHAS,education,high
82,I0,0.427251520521277,0.394268466209079,0.410759993365178,MHAS,education,high
82,D1,0.0513309624199417,0.0515237451524342,0.051427353786188,MHAS,education,high
82,R1,0.101680220091263,0.100905459319768,0.101292839705515,MHAS,education,high
82,D2,0.0409368445820272,0.0425349184474021,0.0417358815147147,MHAS,education,high
82,DEAD,0.378800452385492,0.410767410871317,0.394783931628404,MHAS,education,high
83,I0,0.394268466209079,0.361122543026609,0.377695504617844,MHAS,education,high
83,D1,0.0515237451524342,0.0511023486295733,0.0513130468910038,MHAS,education,high
83,R1,0.100905459319768,0.0987703412017458,0.0998379002607571,MHAS,education,high
83,D2,0.0425349184474021,0.0435525217261881,0.0430437200867951,MHAS,education,high
83,DEAD,0.410767410871317,0.445452245415884,0.4281098281436,MHAS,education,high
84,I0,0.361122543026609,0.327978065569108,0.344550304297858,MHAS,education,high
84,D1,0.0511023486295733,0.049954661224028,0.0505285049268007,MHAS,education,high
84,R1,0.0987703412017458,0.0951939860412882,0.096982163621517,MHAS,education,high
84,D2,0.0435525217261881,0.04390681800444,0.0437296698653141,MHAS,education,high
84,DEAD,0.445452245415884,0.482966469161136,0.46420935728851,MHAS,education,high
85,I0,0.327978065569108,0.29505151638151,0.311514790975309,MHAS,education,high
85,D1,0.049954661224028,0.0480203345563408,0.0489874978901844,MHAS,education,high
85,R1,0.0951939860412882,0.0901923910526966,0.0926931885469924,MHAS,education,high
85,D2,0.04390681800444,0.0435613107341654,0.0437340643693027,MHAS,education,high
85,DEAD,0.482966469161136,0.523174447275287,0.503070458218212,MHAS,education,high
86,I0,0.29505151638151,0.26261611993168,0.278833818156595,MHAS,education,high
86,D1,0.0480203345563408,0.0453158461114625,0.0466680903339017,MHAS,education,high
86,R1,0.0901923910526966,0.0838970130062133,0.087044702029455,MHAS,education,high
86,D2,0.0435613107341654,0.0425450459951069,0.0430531783646361,MHAS,education,high
86,DEAD,0.523174447275287,0.565625974955538,0.544400211115412,MHAS,education,high
87,I0,0.26261611993168,0.231001789594784,0.246808954763232,MHAS,education,high
87,D1,0.0453158461114625,0.0419479606714287,0.0436319033914456,MHAS,education,high
87,R1,0.0838970130062133,0.0765586058231032,0.0802278094146583,MHAS,education,high
87,D2,0.0425450459951069,0.0409650468097192,0.041755046402413,MHAS,education,high
87,DEAD,0.565625974955538,0.609526597100965,0.587576286028251,MHAS,education,high
88,I0,0.231001789594784,0.200587048950595,0.21579441927269,MHAS,education,high
88,D1,0.0419479606714287,0.0381068102459982,0.0400273854587134,MHAS,education,high
88,R1,0.0765586058231032,0.0685281034838495,0.0725433546534764,MHAS,education,high
88,D2,0.0409650468097192,0.0390046881970675,0.0399848675033933,MHAS,education,high
88,DEAD,0.609526597100965,0.65377334912249,0.631649973111728,MHAS,education,high
89,I0,0.200587048950595,0.17178024860384,0.186183648777217,MHAS,education,high
89,D1,0.0381068102459982,0.0340359285224213,0.0360713693842097,MHAS,education,high
89,R1,0.0685281034838495,0.0602121430759293,0.0643701232798894,MHAS,education,high
89,D2,0.0390046881970675,0.0369046602852641,0.0379546742411658,MHAS,education,high
89,DEAD,0.65377334912249,0.697067019512546,0.675420184317518,MHAS,education,high
90,I0,0.17178024860384,0.144989391099844,0.158384819851842,MHAS,education,high
90,D1,0.0340359285224213,0.0299864886982736,0.0320112086103475,MHAS,education,high
90,R1,0.0602121430759293,0.0520107739259148,0.056111458500922,MHAS,education,high
90,D2,0.0369046602852641,0.0349305177195456,0.0359175890024049,MHAS,education,high
90,DEAD,0.697067019512546,0.738082828556422,0.717574924034484,MHAS,education,high
91,I0,0.144989391099844,0.120571286785359,0.132780338942602,MHAS,education,high
91,D1,0.0299864886982736,0.0261626313239037,0.0280745600110887,MHAS,education,high
91,R1,0.0520107739259148,0.0442477397211336,0.0481292568235242,MHAS,education,high
91,D2,0.0349305177195456,0.0333136024784461,0.0341220600989958,MHAS,education,high
91,DEAD,0.738082828556422,0.775704739691158,0.75689378412379,MHAS,education,high
92,I0,0.120571286785359,0.0987539152710893,0.109662601028224,MHAS,education,high
92,D1,0.0261626313239037,0.0226690635560587,0.0244158474399812,MHAS,education,high
92,R1,0.0442477397211336,0.0371188038075817,0.0406832717643577,MHAS,education,high
92,D2,0.0333136024784461,0.0321427366992537,0.0327281695888499,MHAS,education,high
92,DEAD,0.775704739691158,0.809315480666017,0.792510110178587,MHAS,education,high
93,I0,0.0987539152710893,0.0796270340097922,0.0891904746404407,MHAS,education,high
93,D1,0.0226690635560587,0.0195305475782715,0.0210998055671651,MHAS,education,high
93,R1,0.0371188038075817,0.0307184074425109,0.0339186056250463,MHAS,education,high
93,D2,0.0321427366992537,0.0313755773570008,0.0317591570281273,MHAS,education,high
93,DEAD,0.809315480666017,0.838748433612425,0.824031957139221,MHAS,education,high
94,I0,0.0796270340097922,0.0631609622563461,0.0713939981330691,MHAS,education,high
94,D1,0.0195305475782715,0.0167288443608759,0.0181296959695737,MHAS,education,high
94,R1,0.0307184074425109,0.0250872911908659,0.0279028493166884,MHAS,education,high
94,D2,0.0313755773570008,0.030881071637199,0.0311283244970999,MHAS,education,high
94,DEAD,0.838748433612425,0.864141830554713,0.851445132083569,MHAS,education,high
95,I0,0.0631609622563461,0.0492324041979841,0.0561966832271651,MHAS,education,high
95,D1,0.0167288443608759,0.0142303937591137,0.0154796190599948,MHAS,education,high
95,R1,0.0250872911908659,0.0202458196390944,0.0226665554149801,MHAS,education,high
95,D2,0.030881071637199,0.0304787019432177,0.0306798867902084,MHAS,education,high
95,DEAD,0.864141830554713,0.88581268046059,0.874977255507652,MHAS,education,high
96,I0,0.0492324041979841,0.0383754385070369,0.0438039213525105,MHAS,education,high
96,D1,0.0142303937591137,0.0119323526490489,0.0130813732040813,MHAS,education,high
96,R1,0.0202458196390944,0.0169798852896408,0.0186128524643676,MHAS,education,high
96,D2,0.0304787019432177,0.0286733412674753,0.0295760216053465,MHAS,education,high
96,DEAD,0.88581268046059,0.904038982286798,0.894925831373694,MHAS,education,high
97,I0,0.0383754385070369,0.0299127029158504,0.0341440707114436,MHAS,education,high
97,D1,0.0119323526490489,0.00989373861056326,0.0109130456298061,MHAS,education,high
97,R1,0.0169798852896408,0.0145513048663383,0.0157655950779895,MHAS,education,high
97,D2,0.0286733412674753,0.026330253173606,0.0275017972205406,MHAS,education,high
97,DEAD,0.904038982286798,0.919312000433642,0.91167549136022,MHAS,education,high
98,I0,0.0299127029158504,0.0233162103298925,0.0266144566228715,MHAS,education,high
98,D1,0.00989373861056326,0.0081301662448028,0.00901195242768303,MHAS,education,high
98,R1,0.0145513048663383,0.0126065535843345,0.0135789292253364,MHAS,education,high
98,D2,0.026330253173606,0.023853902841096,0.025092078007351,MHAS,education,high
98,DEAD,0.919312000433642,0.932093166999874,0.925702583716758,MHAS,education,high
99,I0,0.0233162103298925,0.0181744078987831,0.0207453091143378,MHAS,education,high
99,D1,0.0081301662448028,0.00663236554612331,0.00738126589546305,MHAS,education,high
99,R1,0.0126065535843345,0.0109738418914104,0.0117901977378724,MHAS,education,high
99,D2,0.023853902841096,0.021430716612889,0.0226423097269925,MHAS,education,high
99,DEAD,0.932093166999874,0.942788668050794,0.937440917525334,MHAS,education,high
60,I0,1,0.981029383085151,0.990514691542575,MHAS,education,middle
60,D1,0,0.0137573188991198,0.00687865944955991,MHAS,education,middle
60,R1,0,0,0,MHAS,education,middle
60,D2,0,0,0,MHAS,education,middle
60,DEAD,0,0.00521329801572931,0.00260664900786465,MHAS,education,middle
61,I0,0.981029383085151,0.961633330261943,0.971331356673547,MHAS,education,middle
61,D1,0.0137573188991198,0.0249287055026572,0.0193430122008885,MHAS,education,middle
61,R1,0,0.00219311164854491,0.00109655582427245,MHAS,education,middle
61,D2,0,0,0,MHAS,education,middle
61,DEAD,0.00521329801572931,0.0112448525868551,0.00822907530129221,MHAS,education,middle
62,I0,0.961633330261943,0.941748771265349,0.951691050763646,MHAS,education,middle
62,D1,0.0249287055026572,0.0341345343231547,0.0295316199129059,MHAS,education,middle
62,R1,0.00219311164854491,0.00578638605245593,0.00398974885050042,MHAS,education,middle
62,D2,0,0.000150125512723416,7.50627563617079e-05,MHAS,education,middle
62,DEAD,0.0112448525868551,0.0181801828463171,0.0147125177165861,MHAS,education,middle
63,I0,0.941748771265349,0.921306017928011,0.93152739459668,MHAS,education,middle
63,D1,0.0341345343231547,0.0418282225531323,0.0379813784381435,MHAS,education,middle
63,R1,0.00578638605245593,0.0102075970079237,0.00799699153018983,MHAS,education,middle
63,D2,0.000150125512723416,0.000552345024711925,0.00035123526871767,MHAS,education,middle
63,DEAD,0.0181801828463171,0.0261058174862206,0.0221430001662689,MHAS,education,middle
64,I0,0.921306017928011,0.900232904470744,0.910769461199378,MHAS,education,middle
64,D1,0.0418282225531323,0.0483447650866308,0.0450864938198815,MHAS,education,middle
64,R1,0.0102075970079237,0.0150431619801412,0.0126253794940325,MHAS,education,middle
64,D2,0.000552345024711925,0.0012744265596889,0.000913385792200413,MHAS,education,middle
64,DEAD,0.0261058174862206,0.0351047419027956,0.0306052796945081,MHAS,education,middle
65,I0,0.900232904470744,0.878459427993691,0.889346166232217,MHAS,education,middle
65,D1,0.0483447650866308,0.0539353181205325,0.0511400416035816,MHAS,education,middle
65,R1,0.0150431619801412,0.0199958061812088,0.017519484080675,MHAS,education,middle
65,D2,0.0012744265596889,0.00235858598531844,0.00181650627250367,MHAS,education,middle
65,DEAD,0.0351047419027956,0.0452508617192491,0.0401778018110223,MHAS,education,middle
66,I0,0.878459427993691,0.855922697586803,0.867191062790247,MHAS,education,middle
66,D1,0.0539353181205325,0.0587921724114977,0.0563637452660151,MHAS,education,middle
66,R1,0.0199958061812088,0.0248557273266829,0.0224257667539458,MHAS,education,middle
66,D2,0.00235858598531844,0.00382685517535398,0.00309272058033621,MHAS,education,middle
66,DEAD,0.0452508617192491,0.0566025474996623,0.0509267046094557,MHAS,education,middle
67,I0,0.855922697586803,0.832571894465398,0.844247296026101,MHAS,education,middle
67,D1,0.0587921724114977,0.0630670722898388,0.0609296223506682,MHAS,education,middle
67,R1,0.0248557273266829,0.0294809555891836,0.0271683414579332,MHAS,education,middle
67,D2,0.00382685517535398,0.00568459039573384,0.00475572278554391,MHAS,education,middle
67,DEAD,0.0566025474996623,0.0691954872598456,0.0628990173797539,MHAS,education,middle
68,I0,0.832571894465398,0.808372823606206,0.820472359035802,MHAS,education,middle
68,D1,0.0630670722898388,0.0668848760289198,0.0649759741593793,MHAS,education,middle
68,R1,0.0294809555891836,0.0337839204049273,0.0316324379970554,MHAS,education,middle
68,D2,0.00568459039573384,0.007923120737218,0.00680385556647592,MHAS,education,middle
68,DEAD,0.0691954872598456,0.0830352592227292,0.0761153732412873,MHAS,education,middle
69,I0,0.808372823606206,0.783311516553399,0.795842170079802,MHAS,education,middle
69,D1,0.0668848760289198,0.0703538905538555,0.0686193832913877,MHAS,education,middle
69,R1,0.0337839204049273,0.0377221449919394,0.0357530326984333,MHAS,education,middle
69,D2,0.007923120737218,0.010522222542659,0.00922267163993849,MHAS,education,middle
69,DEAD,0.0830352592227292,0.0980902253581471,0.0905627422904381,MHAS,education,middle
70,I0,0.783311516553399,0.757396249027736,0.770353882790568,MHAS,education,middle
70,D1,0.0703538905538555,0.0735737620407738,0.0719638262973147,MHAS,education,middle
70,R1,0.0377221449919394,0.0412916390108286,0.039506892001384,MHAS,education,middle
70,D2,0.010522222542659,0.0134528469515459,0.0119875347471025,MHAS,education,middle
70,DEAD,0.0980902253581471,0.114285502969116,0.106187864163631,MHAS,education,middle
71,I0,0.757396249027736,0.730655774444853,0.744026011736295,MHAS,education,middle
71,D1,0.0735737620407738,0.076637318039063,0.0751055400399184,MHAS,education,middle
71,R1,0.0412916390108286,0.0445181266146012,0.0429048828127149,MHAS,education,middle
71,D2,0.0134528469515459,0.0166801515879682,0.0150664992697571,MHAS,education,middle
71,DEAD,0.114285502969116,0.131508629313515,0.122897066141315,MHAS,education,middle
72,I0,0.730655774444853,0.703129463623486,0.716892619034169,MHAS,education,middle
72,D1,0.076637318039063,0.0796172093615083,0.0781272637002857,MHAS,education,middle
72,R1,0.0445181266146012,0.0474361135045224,0.0459771200595618,MHAS,education,middle
72,D2,0.0166801515879682,0.0201658564086284,0.0184230039982983,MHAS,education,middle
72,DEAD,0.131508629313515,0.149651357101855,0.140579993207685,MHAS,education,middle
73,I0,0.703129463623486,0.674860572930809,0.688995018277148,MHAS,education,middle
73,D1,0.0796172093615083,0.0825628665203923,0.0810900379409503,MHAS,education,middle
73,R1,0.0474361135045224,0.0500781416958132,0.0487571276001678,MHAS,education,middle
73,D2,0.0201658564086284,0.0238687355131092,0.0220172959608688,MHAS,education,middle
73,DEAD,0.149651357101855,0.168629683339876,0.159140520220866,MHAS,education,middle
74,I0,0.674860572930809,0.645893457685072,0.660377015307941,MHAS,education,middle
74,D1,0.0825628665203923,0.0855003857713704,0.0840316261458813,MHAS,education,middle
74,R1,0.0500781416958132,0.0524686826615673,0.0512734121786902,MHAS,education,middle
74,D2,0.0238687355131092,0.0277440248711801,0.0258063801921447,MHAS,education,middle
74,DEAD,0.168629683339876,0.18839344901081,0.178511566175343,MHAS,education,middle
75,I0,0.645893457685072,0.616273190100563,0.631083323892818,MHAS,education,middle
75,D1,0.0855003857713704,0.0884313819762697,0.0869658838738201,MHAS,education,middle
75,R1,0.0524686826615673,0.0546189163548946,0.0535437995082309,MHAS,education,middle
75,D2,0.0277440248711801,0.0317419803444765,0.0297430026078283,MHAS,education,middle
75,DEAD,0.18839344901081,0.208934531223796,0.198663990117303,MHAS,education,middle
76,I0,0.616273190100563,0.586046848307972,0.601160019204268,MHAS,education,middle
76,D1,0.0884313819762697,0.0913309482807869,0.0898811651285283,MHAS,education,middle
76,R1,0.0546189163548946,0.0565223805252651,0.0555706484400798,MHAS,education,middle
76,D2,0.0317419803444765,0.0358054749156083,0.0337737276300424,MHAS,education,middle
76,DEAD,0.208934531223796,0.230294347970368,0.219614439597082,MHAS,education,middle
77,I0,0.586046848307972,0.555265534957285,0.570656191632628,MHAS,education,middle
77,D1,0.0913309482807869,0.0941446609318083,0.0927378046062976,MHAS,education,middle
77,R1,0.0565223805252651,0.058151632723533,0.057337006624399,MHAS,education,middle
77,D2,0.0358054749156083,0.0398664986037602,0.0378359867596842,MHAS,education,middle
77,DEAD,0.230294347970368,0.252571672783614,0.241433010376991,MHAS,education,middle
78,I0,0.555265534957285,0.523986043022559,0.539625788989922,MHAS,education,middle
78,D1,0.0941446609318083,0.0967844147000215,0.0954645378159149,MHAS,education,middle
78,R1,0.058151632723533,0.0594561664860486,0.0588038996047908,MHAS,education,middle
78,D2,0.0398664986037602,0.0438414161848041,0.0418539573942822,MHAS,education,middle
78,DEAD,0.252571672783614,0.275931959606567,0.26425181619509,MHAS,education,middle
79,I0,0.523986043022559,0.492271026179134,0.508128534600846,MHAS,education,middle
79,D1,0.0967844147000215,0.0991227321535323,0.0979535734267769,MHAS,education,middle
79,R1,0.0594561664860486,0.0603618635417227,0.0599090150138856,MHAS,education,middle
79,D2,0.0438414161848041,0.0476248476677477,0.0457331319262759,MHAS,education,middle
79,DEAD,0.275931959606567,0.300619530457864,0.288275745032215,MHAS,education,middle
80,I0,0.492271026179134,0.460186575459941,0.476228800819538,MHAS,education,middle
80,D1,0.0991227321535323,0.100985063397076,0.100053897775304,MHAS,education,middle
80,R1,0.0603618635417227,0.0607722349419614,0.060567049241842,MHAS,education,middle
80,D2,0.0476248476677477,0.05108206732372,0.0493534574957339,MHAS,education,middle
80,DEAD,0.300619530457864,0.326974058877302,0.313796794667583,MHAS,education,middle
81,I0,0.460186575459941,0.427802894211534,0.443994734835738,MHAS,education,middle
81,D1,0.100985063397076,0.102147727520398,0.101566395458737,MHAS,education,middle
81,R1,0.0607722349419614,0.0605776000297149,0.0606749174858381,MHAS,education,middle
81,D2,0.05108206732372,0.0540484450763813,0.0525652562000507,MHAS,education,middle
81,DEAD,0.326974058877302,0.355423333161972,0.341198696019637,MHAS,education,middle
82,I0,0.427802894211534,0.395215091456555,0.411508992834044,MHAS,education,middle
82,D1,0.102147727520398,0.102369761184213,0.102258744352305,MHAS,education,middle
82,R1,0.0605776000297149,0.0596844443444903,0.0601310221871026,MHAS,education,middle
82,D2,0.0540484450763813,0.0563602223553946,0.0552043337158879,MHAS,education,middle
82,DEAD,0.355423333161972,0.386370480659347,0.37089690691066,MHAS,education,middle
83,I0,0.395215091456555,0.362550073641927,0.378882582549241,MHAS,education,middle
83,D1,0.102369761184213,0.101423940342112,0.101896850763162,MHAS,education,middle
83,R1,0.0596844443444903,0.058028951990996,0.0588566981677432,MHAS,education,middle
83,D2,0.0563602223553946,0.0578735904961869,0.0571169064257907,MHAS,education,middle
83,DEAD,0.386370480659347,0.420123443528779,0.403246962094063,MHAS,education,middle
84,I0,0.362550073641927,0.329970048300741,0.346260060971334,MHAS,education,middle
84,D1,0.101423940342112,0.0991326661379644,0.100278303240038,MHAS,education,middle
84,R1,0.058028951990996,0.0555859737266387,0.0568074628588174,MHAS,education,middle
84,D2,0.0578735904961869,0.0584818870327011,0.058177738764444,MHAS,education,middle
84,DEAD,0.420123443528779,0.456829424801955,0.438476434165367,MHAS,education,middle
85,I0,0.329970048300741,0.297677485958038,0.313823767129389,MHAS,education,middle
85,D1,0.0991326661379644,0.0954105623475307,0.0972716142427475,MHAS,education,middle
85,R1,0.0555859737266387,0.0523781795619536,0.0539820766442961,MHAS,education,middle
85,D2,0.0584818870327011,0.0581368040157026,0.0583093455242018,MHAS,education,middle
85,DEAD,0.456829424801955,0.496396968116775,0.476613196459365,MHAS,education,middle
86,I0,0.297677485958038,0.26591948665835,0.281798486308194,MHAS,education,middle
86,D1,0.0954105623475307,0.0903038864172811,0.0928572243824059,MHAS,education,middle
86,R1,0.0523781795619536,0.0484828648949276,0.0504305222284406,MHAS,education,middle
86,D2,0.0581368040157026,0.056869426541156,0.0575031152784293,MHAS,education,middle
86,DEAD,0.496396968116775,0.538424335488286,0.51741065180253,MHAS,education,middle
87,I0,0.26591948665835,0.234988876204444,0.250454181431397,MHAS,education,middle
87,D1,0.0903038864172811,0.0840123948207602,0.0871581406190207,MHAS,education,middle
87,R1,0.0484828648949276,0.0440327588393323,0.0462578118671299,MHAS,education,middle
87,D2,0.056869426541156,0.0548039302503417,0.0558366783957488,MHAS,education,middle
87,DEAD,0.538424335488286,0.582162039885122,0.560293187686704,MHAS,education,middle
88,I0,0.234988876204444,0.205219079865909,0.220103978035176,MHAS,education,middle
88,D1,0.0840123948207602,0.0768796588414658,0.080446026831113,MHAS,education,middle
88,R1,0.0440327588393323,0.0392073293935266,0.0416200441164294,MHAS,education,middle
88,D2,0.0548039302503417,0.0521559153275427,0.0534799227889422,MHAS,education,middle
88,DEAD,0.582162039885122,0.626538016571556,0.604350028228339,MHAS,education,middle
89,I0,0.205219079865909,0.176970261811972,0.191094670838941,MHAS,education,middle
89,D1,0.0768796588414658,0.0693462232790658,0.0731129410602658,MHAS,education,middle
89,R1,0.0392073293935266,0.0342133427885829,0.0367103360910547,MHAS,education,middle
89,D2,0.0521559153275427,0.04921070776566,0.0506833115466014,MHAS,education,middle
89,DEAD,0.626538016571556,0.670259464354719,0.648398740463138,MHAS,education,middle
90,I0,0.176970261811972,0.150605688102105,0.163787974957039,MHAS,education,middle
90,D1,0.0693462232790658,0.0618748574014042,0.065610540340235,MHAS,education,middle
90,R1,0.0342133427885829,0.0292576977697271,0.031735520279155,MHAS,education,middle
90,D2,0.04921070776566,0.0462843114832768,0.0477475096244684,MHAS,education,middle
90,DEAD,0.670259464354719,0.711977445243487,0.691118454799103,MHAS,education,middle
91,I0,0.150605688102105,0.126448658085207,0.138527173093656,MHAS,education,middle
91,D1,0.0618748574014042,0.0548526153019232,0.0583637363516637,MHAS,education,middle
91,R1,0.0292576977697271,0.024519361881885,0.026888529825806,MHAS,education,middle
91,D2,0.0462843114832768,0.0436537950915015,0.0449690532873892,MHAS,education,middle
91,DEAD,0.711977445243487,0.750525569639483,0.731251507441485,MHAS,education,middle
92,I0,0.126448658085207,0.104711955749208,0.115580306917208,MHAS,education,middle
92,D1,0.0548526153019232,0.048482268300522,0.0516674418012226,MHAS,education,middle
92,R1,0.024519361881885,0.0201351316185279,0.0223272467502065,MHAS,education,middle
92,D2,0.0436537950915015,0.0414400510134251,0.0425469230524633,MHAS,education,middle
92,DEAD,0.750525569639483,0.785230593318317,0.7678780814789,MHAS,education,middle
93,I0,0.104711955749208,0.0854879506668351,0.0950999532080216,MHAS,education,middle
93,D1,0.048482268300522,0.0428095846000397,0.0456459264502808,MHAS,education,middle
93,R1,0.0201351316185279,0.0162079961971732,0.0181715639078505,MHAS,education,middle
93,D2,0.0414400510134251,0.0396184320289158,0.0405292415211705,MHAS,education,middle
93,DEAD,0.785230593318317,0.815876036507036,0.800553314912677,MHAS,education,middle
94,I0,0.0854879506668351,0.0687637751010648,0.07712586288395,MHAS,education,middle
94,D1,0.0428095846000397,0.0377880905345353,0.0402988375672875,MHAS,education,middle
94,R1,0.0162079961971732,0.0128169344438662,0.0145124653205197,MHAS,education,middle
94,D2,0.0396184320289158,0.038072127839312,0.0388452799341139,MHAS,education,middle
94,DEAD,0.815876036507036,0.842559072081222,0.829217554294129,MHAS,education,middle
95,I0,0.0687637751010648,0.0544427156118607,0.0616032453564628,MHAS,education,middle
95,D1,0.0377880905345353,0.0333313370697347,0.035559713802135,MHAS,education,middle
95,R1,0.0128169344438662,0.0100141801495032,0.0114155572966847,MHAS,education,middle
95,D2,0.038072127839312,0.0366480716451994,0.0373600997422557,MHAS,education,middle
95,DEAD,0.842559072081222,0.865563695523702,0.854061383802462,MHAS,education,middle
96,I0,0.0544427156118607,0.0431042257182306,0.0487734706650457,MHAS,education,middle
96,D1,0.0333313370697347,0.0291349454566561,0.0312331412631954,MHAS,education,middle
96,R1,0.0100141801495032,0.00828506537828904,0.00914962276389611,MHAS,education,middle
96,D2,0.0366480716451994,0.0343034318292925,0.0354757517372459,MHAS,education,middle
96,DEAD,0.865563695523702,0.885172331617532,0.875368013570617,MHAS,education,middle
97,I0,0.0431042257182306,0.0341271417835631,0.0386156837508968,MHAS,education,middle
97,D1,0.0291349454566561,0.0252753579393138,0.0272051516979849,MHAS,education,middle
97,R1,0.00828506537828904,0.00708982755521493,0.00768744646675198,MHAS,education,middle
97,D2,0.0343034318292925,0.0316525690298025,0.0329780004295475,MHAS,education,middle
97,DEAD,0.885172331617532,0.901855103692106,0.893513717654819,MHAS,education,middle
98,I0,0.0341271417835631,0.0270196665618989,0.030573404172731,MHAS,education,middle
98,D1,0.0252753579393138,0.0217875302970687,0.0235314441181912,MHAS,education,middle
98,R1,0.00708982755521493,0.00617611743103924,0.00663297249312708,MHAS,education,middle
98,D2,0.0316525690298025,0.0289739267557165,0.0303132478927595,MHAS,education,middle
98,DEAD,0.901855103692106,0.916042758954277,0.908948931323192,MHAS,education,middle
99,I0,0.0270196665618989,0.0213924267595073,0.0242060466607031,MHAS,education,middle
99,D1,0.0217875302970687,0.0186785743116867,0.0202330523043777,MHAS,education,middle
99,R1,0.00617611743103924,0.00542556545024551,0.00580084144064237,MHAS,education,middle
99,D2,0.0289739267557165,0.0263904685396676,0.027682197647692,MHAS,education,middle
99,DEAD,0.916042758954277,0.928112964938893,0.922077861946585,MHAS,education,middle
60,I0,1,0.962392326259272,0.981196163129636,MHAS,education,low
60,D1,0,0.0316770799384226,0.0158385399692113,MHAS,education,low
60,R1,0,0,0,MHAS,education,low
60,D2,0,0,0,MHAS,education,low
60,DEAD,0,0.00593059380230563,0.00296529690115282,MHAS,education,low
61,I0,0.962392326259272,0.925243498450701,0.943817912354986,MHAS,education,low
61,D1,0.0316770799384226,0.0530963275743633,0.0423867037563929,MHAS,education,low
61,R1,0,0.00869069454818591,0.00434534727409295,MHAS,education,low
61,D2,0,0,0,MHAS,education,low
61,DEAD,0.00593059380230563,0.0129694794267502,0.00945003661452792,MHAS,education,low
62,I0,0.925243498450701,0.888486117587798,0.906864808019249,MHAS,education,low
62,D1,0.0530963275743633,0.0678848335583082,0.0604905805663357,MHAS,education,low
62,R1,0.00869069454818591,0.0218993736974577,0.0152950341228218,MHAS,education,low
62,D2,0,0.00054111812755672,0.00027055906377836,MHAS,education,low
62,DEAD,0.0129694794267502,0.0211885570288794,0.0170790182278148,MHAS,education,low
63,I0,0.888486117587798,0.852039986839624,0.870263052213711,MHAS,education,low
63,D1,0.0678848335583082,0.0782934641530131,0.0730891488556607,MHAS,education,low
63,R1,0.0218993736974577,0.0371250613327446,0.0295122175151011,MHAS,education,low
63,D2,0.00054111812755672,0.00187198746053472,0.00120655279404572,MHAS,education,low
63,DEAD,0.0211885570288794,0.0306695002140836,0.0259290286214815,MHAS,education,low
64,I0,0.852039986839624,0.815819204151454,0.833929595495539,MHAS,education,low
64,D1,0.0782934641530131,0.0857447804229461,0.0820191222879796,MHAS,education,low
64,R1,0.0371250613327446,0.0528545058567233,0.0449897835947339,MHAS,education,low
64,D2,0.00187198746053472,0.00408753516841743,0.00297976131447607,MHAS,education,low
64,DEAD,0.0306695002140836,0.0414939744004598,0.0360817373072717,MHAS,education,low
65,I0,0.815819204151454,0.779739079156053,0.797779141653753,MHAS,education,low
65,D1,0.0857447804229461,0.0911553015950291,0.0884500410089876,MHAS,education,low
65,R1,0.0528545058567233,0.0681722265566491,0.0605133662066862,MHAS,education,low
65,D2,0.00408753516841743,0.00719939633879043,0.00564346575360393,MHAS,education,low
65,DEAD,0.0414939744004598,0.053733996353479,0.0476139853769694,MHAS,education,low
66,I0,0.779739079156053,0.743722613564273,0.761730846360163,MHAS,education,low
66,D1,0.0911553015950291,0.0951283784358458,0.0931418400154375,MHAS,education,low
66,R1,0.0681722265566491,0.082535803975473,0.075354015266061,MHAS,education,low
66,D2,0.00719939633879043,0.0111711565052065,0.00918527642199846,MHAS,education,low
66,DEAD,0.053733996353479,0.067442047519202,0.0605880219363405,MHAS,education,low
67,I0,0.743722613564273,0.707706217646211,0.725714415605242,MHAS,education,low
67,D1,0.0951283784358458,0.0980716920027757,0.0966000352193108,MHAS,education,low
67,R1,0.082535803975473,0.0956450943100853,0.0890904491427791,MHAS,education,low
67,D2,0.0111711565052065,0.0159360018909024,0.0135535791980545,MHAS,education,low
67,DEAD,0.067442047519202,0.0826409941500253,0.0750415208346136,MHAS,education,low
68,I0,0.707706217646211,0.67164426326562,0.689675240455916,MHAS,education,low
68,D1,0.0980716920027757,0.100270053838587,0.0991708729206812,MHAS,education,low
68,R1,0.0956450943100853,0.107365281517456,0.101505187913771,MHAS,education,low
68,D2,0.0159360018909024,0.021406157480456,0.0186710796856792,MHAS,education,low
68,DEAD,0.0826409941500253,0.0993142438978813,0.0909776190239533,MHAS,education,low
69,I0,0.67164426326562,0.635512020833031,0.653578142049326,MHAS,education,low
69,D1,0.100270053838587,0.101931127977802,0.101100590908194,MHAS,education,low
69,R1,0.107365281517456,0.117680876060109,0.112523078788782,MHAS,education,low
69,D2,0.021406157480456,0.0274790906878319,0.0244426240841439,MHAS,education,low
69,DEAD,0.0993142438978813,0.117396884441227,0.108355564169554,MHAS,education,low
70,I0,0.635512020833031,0.599306522784333,0.617409271808682,MHAS,education,low
70,D1,0.101931127977802,0.103214299026176,0.102572713501989,MHAS,education,low
70,R1,0.117680876060109,0.126667410693022,0.122174143376565,MHAS,education,low
70,D2,0.0274790906878319,0.0340429926061158,0.0307610416469738,MHAS,education,low
70,DEAD,0.117396884441227,0.136768774890354,0.12708282966579,MHAS,education,low
71,I0,0.599306522784333,0.563048526768888,0.58117752477661,MHAS,education,low
71,D1,0.103214299026176,0.104243233183956,0.103728766105066,MHAS,education,low
71,R1,0.126667410693022,0.134462273851948,0.130564842272485,MHAS,education,low
71,D2,0.0340429926061158,0.0409828432322123,0.037512917919164,MHAS,education,low
71,DEAD,0.136768774890354,0.157263122962996,0.147015948926675,MHAS,education,low
72,I0,0.563048526768888,0.526791808578386,0.544920167673637,MHAS,education,low
72,D1,0.104243233183956,0.105094871549983,0.10466905236697,MHAS,education,low
72,R1,0.134462273851948,0.141205299186553,0.137833786519251,MHAS,education,low
72,D2,0.0409828432322123,0.0481868300716938,0.044584836651953,MHAS,education,low
72,DEAD,0.157263122962996,0.178721190613384,0.16799215678819,MHAS,education,low
73,I0,0.526791808578386,0.490620460278533,0.508706134428459,MHAS,education,low
73,D1,0.105094871549983,0.105803060962874,0.105448966256429,MHAS,education,low
73,R1,0.141205299186553,0.147011309866657,0.144108304526605,MHAS,education,low
73,D2,0.0481868300716938,0.0555469935444687,0.0518669118080813,MHAS,education,low
73,DEAD,0.178721190613384,0.201018175347467,0.189869682980425,MHAS,education,low
74,I0,0.490620460278533,0.454645389963824,0.472632925121179,MHAS,education,low
74,D1,0.105803060962874,0.106365358377372,0.106084209670123,MHAS,education,low
74,R1,0.147011309866657,0.15195725625885,0.149484283062754,MHAS,education,low
74,D2,0.0555469935444687,0.0629569209086796,0.0592519572265742,MHAS,education,low
74,DEAD,0.201018175347467,0.224075074491274,0.21254662491937,MHAS,education,low
75,I0,0.454645389963824,0.419002918679159,0.436824154321492,MHAS,education,low
75,D1,0.106365358377372,0.106748011505538,0.106556684941455,MHAS,education,low
75,R1,0.15195725625885,0.156072930943708,0.154015093601279,MHAS,education,low
75,D2,0.0629569209086796,0.0703078786840279,0.0666323997963538,MHAS,education,low
75,DEAD,0.224075074491274,0.247868260187567,0.235971667339421,MHAS,education,low
76,I0,0.419002918679159,0.383853955236583,0.401428436957871,MHAS,education,low
76,D1,0.106748011505538,0.106889973078449,0.106818992291994,MHAS,education,low
76,R1,0.156072930943708,0.159335002870835,0.157703966907271,MHAS,education,low
76,D2,0.0703078786840279,0.0774832930272789,0.0738955858556534,MHAS,education,low
76,DEAD,0.247868260187567,0.272437775786854,0.260153017987211,MHAS,education,low
77,I0,0.383853955236583,0.349382221626487,0.366618088431535,MHAS,education,low
77,D1,0.106889973078449,0.106706223542496,0.106798098310473,MHAS,education,low
77,R1,0.159335002870835,0.161664452077209,0.160499727474022,MHAS,education,low
77,D2,0.0774832930272789,0.0843514385868405,0.0809173658070597,MHAS,education,low
77,DEAD,0.272437775786854,0.297895664166967,0.285166719976911,MHAS,education,low
78,I0,0.349382221626487,0.315790180103116,0.332586200864801,MHAS,education,low
78,D1,0.106706223542496,0.106090273830449,0.106398248686473,MHAS,education,low
78,R1,0.161664452077209,0.162927594510002,0.162296023293606,MHAS,education,low
78,D2,0.0843514385868405,0.0907561621072141,0.0875538003470273,MHAS,education,low
78,DEAD,0.297895664166967,0.324435789449219,0.311165726808093,MHAS,education,low
79,I0,0.315790180103116,0.283291708856795,0.299540944479956,MHAS,education,low
79,D1,0.106090273830449,0.1049154000078,0.105502836919124,MHAS,education,low
79,R1,0.162927594510002,0.162940817083371,0.162934205796687,MHAS,education,low
79,D2,0.0907561621072141,0.0965054440940665,0.0936308031006403,MHAS,education,low
79,DEAD,0.324435789449219,0.352346629957968,0.338391209703593,MHAS,education,low
80,I0,0.283291708856795,0.252101184963271,0.267696446910033,MHAS,education,low
80,D1,0.1049154000078,0.103033943292249,0.103974671650025,MHAS,education,low
80,R1,0.162940817083371,0.161478932043338,0.162209874563354,MHAS,education,low
80,D2,0.0965054440940665,0.101357613633519,0.0989315288637929,MHAS,education,low
80,DEAD,0.352346629957968,0.382028326067622,0.367187478012795,MHAS,education,low
81,I0,0.252101184963271,0.222420133848871,0.237260659406071,MHAS,education,low
81,D1,0.103033943292249,0.10028005710526,0.101657000198755,MHAS,education,low
81,R1,0.161478932043338,0.158302088090671,0.159890510067005,MHAS,education,low
81,D2,0.101357613633519,0.105022740721162,0.103190177177341,MHAS,education,low
81,DEAD,0.382028326067622,0.413974980234035,0.398001653150829,MHAS,education,low
82,I0,0.222420133848871,0.194427268901268,0.20842370137507,MHAS,education,low
82,D1,0.10028005710526,0.0965003234689487,0.0983901902871045,MHAS,education,low
82,R1,0.158302088090671,0.153232418522407,0.155767253306539,MHAS,education,low
82,D2,0.105022740721162,0.107227862886234,0.106125301803698,MHAS,education,low
82,DEAD,0.413974980234035,0.448612126221142,0.431293553227589,MHAS,education,low
83,I0,0.194427268901268,0.168273139743624,0.181350204322446,MHAS,education,low
83,D1,0.0965003234689487,0.091588254836337,0.0940442891526428,MHAS,education,low
83,R1,0.153232418522407,0.146189803455413,0.14971111098891,MHAS,education,low
83,D2,0.107227862886234,0.107755156335786,0.10749150961101,MHAS,education,low
83,DEAD,0.448612126221142,0.48619364562884,0.467402885924991,MHAS,education,low
84,I0,0.168273139743624,0.144078066294741,0.156175603019182,MHAS,education,low
84,D1,0.091588254836337,0.0855197317532218,0.0885539932947794,MHAS,education,low
84,R1,0.146189803455413,0.137214753636932,0.141702278546172,MHAS,education,low
84,D2,0.107755156335786,0.106475843766177,0.107115500050982,MHAS,education,low
84,DEAD,0.48619364562884,0.526711604548927,0.506452625088884,MHAS,education,low
85,I0,0.144078066294741,0.121932181741877,0.133005124018309,MHAS,education,low
85,D1,0.0855197317532218,0.0783855320953625,0.0819526319242922,MHAS,education,low
85,R1,0.137214753636932,0.126488386671228,0.13185157015408,MHAS,education,low
85,D2,0.106475843766177,0.103390451805192,0.104933147785685,MHAS,education,low
85,DEAD,0.526711604548927,0.56980344768634,0.548257526117634,MHAS,education,low
86,I0,0.121932181741877,0.101896120173741,0.111914150957809,MHAS,education,low
86,D1,0.0783855320953625,0.07040893327454,0.0743972326849513,MHAS,education,low
86,R1,0.126488386671228,0.114340916149292,0.12041465141026,MHAS,education,low
86,D2,0.103390451805192,0.0986637099525623,0.101027080878877,MHAS,education,low
86,DEAD,0.56980344768634,0.614690320449865,0.592246884068102,MHAS,education,low
87,I0,0.101896120173741,0.0840010806860745,0.0929486004299076,MHAS,education,low
87,D1,0.07040893327454,0.0619357877730599,0.0661723605238,MHAS,education,low
87,R1,0.114340916149292,0.101238339474922,0.107789627812107,MHAS,education,low
87,D2,0.0986637099525623,0.0926374642452508,0.0956505870989065,MHAS,education,low
87,DEAD,0.614690320449865,0.660187327820693,0.637438824135279,MHAS,education,low
88,I0,0.0840010806860745,0.0682474760748889,0.0761242783804817,MHAS,education,low
88,D1,0.0619357877730599,0.0533906834456102,0.057663235609335,MHAS,education,low
88,R1,0.101238339474922,0.0877399875014668,0.0944891634881945,MHAS,education,low
88,D2,0.0926374642452508,0.0858067172149913,0.089222090730121,MHAS,education,low
88,DEAD,0.660187327820693,0.704815135763043,0.682501231791868,MHAS,education,low
89,I0,0.0682474760748889,0.0546021121107444,0.0614247940928167,MHAS,education,low
89,D1,0.0533906834456102,0.0452060186952701,0.0492983510704401,MHAS,education,low
89,R1,0.0877399875014668,0.0744287384728824,0.0810843629871746,MHAS,education,low
89,D2,0.0858067172149913,0.0787554249061933,0.0822810710605923,MHAS,education,low
89,DEAD,0.704815135763043,0.74700770581491,0.725911420788976,MHAS,education,low
90,I0,0.0546021121107444,0.0429947195388342,0.0487984158247893,MHAS,education,low
90,D1,0.0452060186952701,0.0377449810533842,0.0414754998743272,MHAS,education,low
90,R1,0.0744287384728824,0.0618285739702091,0.0681286562215457,MHAS,education,low
90,D2,0.0787554249061933,0.072066417858515,0.0754109213823541,MHAS,education,low
90,DEAD,0.74700770581491,0.785365307579057,0.766186506696984,MHAS,education,low
91,I0,0.0429947195388342,0.0333120893836136,0.0381534044612239,MHAS,education,low
91,D1,0.0377449810533842,0.0312333296627765,0.0344891553580803,MHAS,education,low
91,R1,0.0618285739702091,0.0503306553282927,0.0560796146492509,MHAS,education,low
91,D2,0.072066417858515,0.0661908419553355,0.0691286299069252,MHAS,education,low
91,DEAD,0.785365307579057,0.818933083669982,0.802149195624519,MHAS,education,low
92,I0,0.0333120893836136,0.0253900961859609,0.0293510927847872,MHAS,education,low
92,D1,0.0312333296627765,0.0257153603485137,0.0284743450056451,MHAS,education,low
92,R1,0.0503306553282927,0.0401631429556146,0.0452468991419536,MHAS,education,low
92,D2,0.0661908419553355,0.0612589796153062,0.0637249107853208,MHAS,education,low
92,DEAD,0.818933083669982,0.847472420894605,0.833202752282293,MHAS,education,low
93,I0,0.0253900961859609,0.0190291603998998,0.0222096282929304,MHAS,education,low
93,D1,0.0257153603485137,0.0211143966264959,0.0234148784875048,MHAS,education,low
93,R1,0.0401631429556146,0.0314318790713048,0.0357975110134597,MHAS,education,low
93,D2,0.0612589796153062,0.0571434338107179,0.059201206713012,MHAS,education,low
93,DEAD,0.847472420894605,0.871281130091581,0.859376775493093,MHAS,education,low
94,I0,0.0190291603998998,0.0140140412555802,0.01652160082774,MHAS,education,low
94,D1,0.0211143966264959,0.017302702470669,0.0192085495485824,MHAS,education,low
94,R1,0.0314318790713048,0.0241679276613311,0.0277999033663179,MHAS,education,low
94,D2,0.0571434338107179,0.0535820486076585,0.0553627412091882,MHAS,education,low
94,DEAD,0.871281130091581,0.890933280004761,0.881107205048171,MHAS,education,low
95,I0,0.0140140412555802,0.010130258113746,0.0120721496846631,MHAS,education,low
95,D1,0.017302702470669,0.0141459914046055,0.0157243469376372,MHAS,education,low
95,R1,0.0241679276613311,0.0183466469982616,0.0212572873297963,MHAS,education,low
95,D2,0.0535820486076585,0.0502845743662335,0.051933311486946,MHAS,education,low
95,DEAD,0.890933280004761,0.907092529117153,0.899012904560957,MHAS,education,low
96,I0,0.010130258113746,0.0073228077168857,0.00872653291531586,MHAS,education,low
96,D1,0.0141459914046055,0.011439029680101,0.0127925105423532,MHAS,education,low
96,R1,0.0183466469982616,0.0147063701486551,0.0165265085734583,MHAS,education,low
96,D2,0.0502845743662335,0.0455160024396614,0.0479002884029474,MHAS,education,low
96,DEAD,0.907092529117153,0.921015790014697,0.914054159565925,MHAS,education,low
97,I0,0.0073228077168857,0.00529340045005542,0.00630810408347056,MHAS,education,low
97,D1,0.011439029680101,0.00916746033475373,0.0103032450074274,MHAS,education,low
97,R1,0.0147063701486551,0.012172327334089,0.013439348741372,MHAS,education,low
97,D2,0.0455160024396614,0.0404655867967399,0.0429907946182007,MHAS,education,low
97,DEAD,0.921015790014697,0.932901225084362,0.926958507549529,MHAS,education,low
98,I0,0.00529340045005542,0.00382641322945504,0.00455990683975523,MHAS,education,low
98,D1,0.00916746033475373,0.00729229304045402,0.00822987668760388,MHAS,education,low
98,R1,0.012172327334089,0.01025053832644,0.0112114328302645,MHAS,education,low
98,D2,0.0404655867967399,0.0356270655354817,0.0380463261661108,MHAS,education,low
98,DEAD,0.932901225084362,0.943003689868169,0.937952457476265,MHAS,education,low
99,I0,0.00382641322945504,0.00276597970259274,0.00329619646602389,MHAS,education,low
99,D1,0.00729229304045402,0.00576415402075624,0.00652822353060513,MHAS,education,low
99,R1,0.01025053832644,0.00870738775759327,0.00947896304201661,MHAS,education,low
99,D2,0.0356270655354817,0.0311869697379201,0.0334070176367009,MHAS,education,low
99,DEAD,0.943003689868169,0.951575508781137,0.947289599324653,MHAS,education,low
60,I0,1,0.966826774111087,0.983413387055544,MHAS,wealth,high
60,D1,0,0.0279678927955731,0.0139839463977865,MHAS,wealth,high
60,R1,0,0,0,MHAS,wealth,high
60,D2,0,0,0,MHAS,wealth,high
60,DEAD,0,0.00520533309333964,0.00260266654666982,MHAS,wealth,high
61,I0,0.966826774111087,0.93371691790956,0.950271846010324,MHAS,wealth,high
61,D1,0.0279678927955731,0.0464166172902701,0.0371922550429216,MHAS,wealth,high
61,R1,0,0.00849994345088057,0.00424997172544029,MHAS,wealth,high
61,D2,0,0,0,MHAS,wealth,high
61,DEAD,0.00520533309333964,0.0113665213492895,0.00828592722131454,MHAS,wealth,high
62,I0,0.93371691790956,0.900626586718387,0.917171752313973,MHAS,wealth,high
62,D1,0.0464166172902701,0.0589880216518337,0.0527023194710519,MHAS,wealth,high
62,R1,0.00849994345088057,0.0212153941029759,0.0148576687769282,MHAS,wealth,high
62,D2,0,0.000616764918571655,0.000308382459285828,MHAS,wealth,high
62,DEAD,0.0113665213492895,0.018553232608232,0.0149598769787607,MHAS,wealth,high
63,I0,0.900626586718387,0.867500094284419,0.884063340501403,MHAS,wealth,high
63,D1,0.0589880216518337,0.0678434030236405,0.0634157123377371,MHAS,wealth,high
63,R1,0.0212153941029759,0.0357320128559271,0.0284737034794515,MHAS,wealth,high
63,D2,0.000616764918571655,0.00207765987334423,0.00134721239595794,MHAS,wealth,high
63,DEAD,0.018553232608232,0.0268468299626694,0.0227000312854507,MHAS,wealth,high
64,I0,0.867500094284419,0.83427540053538,0.850887747409899,MHAS,wealth,high
64,D1,0.0678434030236405,0.0742923304885115,0.071067866756076,MHAS,wealth,high
64,R1,0.0357320128559271,0.0506693125552738,0.0432006627056005,MHAS,wealth,high
64,D2,0.00207765987334423,0.00443198167007192,0.00325482077170807,MHAS,wealth,high
64,DEAD,0.0268468299626694,0.0363309747507631,0.0315889023567162,MHAS,wealth,high
65,I0,0.83427540053538,0.800889731318944,0.817582565927162,MHAS,wealth,high
65,D1,0.0742923304885115,0.0791453681031796,0.0767188492958456,MHAS,wealth,high
65,R1,0.0506693125552738,0.0652325068712198,0.0579509097132468,MHAS,wealth,high
65,D2,0.00443198167007192,0.00764976019816258,0.00604087093411725,MHAS,wealth,high
65,DEAD,0.0363309747507631,0.0470826335084938,0.0417068041296284,MHAS,wealth,high
66,I0,0.800889731318944,0.767285076868499,0.784087404093722,MHAS,wealth,high
66,D1,0.0791453681031796,0.082916001860285,0.0810306849817323,MHAS,wealth,high
66,R1,0.0652325068712198,0.0789690626085901,0.072100784739905,MHAS,wealth,high
66,D2,0.00764976019816258,0.0116669691320269,0.00965836466509475,MHAS,wealth,high
66,DEAD,0.0470826335084938,0.0591628895305985,0.0531227615195461,MHAS,wealth,high
67,I0,0.767285076868499,0.733413246337322,0.750349161602911,MHAS,wealth,high
67,D1,0.082916001860285,0.0859386721390507,0.0844273369996678,MHAS,wealth,high
67,R1,0.0789690626085901,0.0916349077419872,0.0853019851752887,MHAS,wealth,high
67,D2,0.0116669691320269,0.01640570917516,0.0140363391535934,MHAS,wealth,high
67,DEAD,0.0591628895305985,0.07260746460648,0.0658851770685393,MHAS,wealth,high
68,I0,0.733413246337322,0.699240081832222,0.716326664084772,MHAS,wealth,high
68,D1,0.0859386721390507,0.0884391994487337,0.0871889357938922,MHAS,wealth,high
68,R1,0.0916349077419872,0.103120206087631,0.0973775569148093,MHAS,wealth,high
68,D2,0.01640570917516,0.0217832508113751,0.0190944799932675,MHAS,wealth,high
68,DEAD,0.07260746460648,0.0874172618200375,0.0800123632132588,MHAS,wealth,high
69,I0,0.699240081832222,0.66474837742289,0.681994229627556,MHAS,wealth,high
69,D1,0.0884391994487337,0.0905775763481105,0.0895083878984221,MHAS,wealth,high
69,R1,0.103120206087631,0.113407820494883,0.108264013291257,MHAS,wealth,high
69,D2,0.0217832508113751,0.0277166511102911,0.0247499509608331,MHAS,wealth,high
69,DEAD,0.0874172618200375,0.103549574623825,0.0954834182219311,MHAS,wealth,high
70,I0,0.66474837742289,0.629939032440567,0.647343704931729,MHAS,wealth,high
70,D1,0.0905775763481105,0.0924742568155429,0.0915259165818267,MHAS,wealth,high
70,R1,0.113407820494883,0.122549770340048,0.117978795417466,MHAS,wealth,high
70,D2,0.0277166511102911,0.0341260850483112,0.0309213680793011,MHAS,wealth,high
70,DEAD,0.103549574623825,0.120910855355531,0.112230214989678,MHAS,wealth,high
71,I0,0.629939032440567,0.594833224189272,0.61238612831492,MHAS,wealth,high
71,D1,0.0924742568155429,0.0942213080755883,0.0933477824455656,MHAS,wealth,high
71,R1,0.122549770340048,0.13064490378728,0.126597337063664,MHAS,wealth,high
71,D2,0.0341260850483112,0.0409370392416514,0.0375315621449813,MHAS,wealth,high
71,DEAD,0.120910855355531,0.139363524706209,0.13013719003087,MHAS,wealth,high
72,I0,0.594833224189272,0.559481454590854,0.577157339390063,MHAS,wealth,high
72,D1,0.0942213080755883,0.0958719864666708,0.0950466472711295,MHAS,wealth,high
72,R1,0.13064490378728,0.137793368055756,0.134219135921518,MHAS,wealth,high
72,D2,0.0409370392416514,0.0480776289931468,0.0445073341173991,MHAS,wealth,high
72,DEAD,0.139363524706209,0.158775561893573,0.149069543299891,MHAS,wealth,high
73,I0,0.559481454590854,0.523962294118214,0.541721874354534,MHAS,wealth,high
73,D1,0.0958719864666708,0.0974431878423014,0.0966575871544861,MHAS,wealth,high
73,R1,0.137793368055756,0.144075539933111,0.140934453994434,MHAS,wealth,high
73,D2,0.0480776289931468,0.055474379762176,0.0517760043776614,MHAS,wealth,high
73,DEAD,0.158775561893573,0.179044598344198,0.168910080118885,MHAS,wealth,high
74,I0,0.523962294118214,0.488380403992446,0.50617134905533,MHAS,wealth,high
74,D1,0.0974431878423014,0.0989207049495922,0.0981819463959468,MHAS,wealth,high
74,R1,0.144075539933111,0.149541955550868,0.14680874774199,MHAS,wealth,high
74,D2,0.055474379762176,0.063047404978266,0.059260892370221,MHAS,wealth,high
74,DEAD,0.179044598344198,0.200109530528828,0.189577064436513,MHAS,wealth,high
75,I0,0.488380403992446,0.45286638403962,0.470623394016033,MHAS,wealth,high
75,D1,0.0989207049495922,0.100262837346583,0.0995917711480874,MHAS,wealth,high
75,R1,0.149541955550868,0.154205717553192,0.15187383655203,MHAS,wealth,high
75,D2,0.063047404978266,0.0707047752633245,0.0668760901207953,MHAS,wealth,high
75,DEAD,0.200109530528828,0.221960285797281,0.211034908163054,MHAS,wealth,high
76,I0,0.45286638403962,0.417577052899779,0.435221718469699,MHAS,wealth,high
76,D1,0.100262837346583,0.101403171599943,0.100833004473263,MHAS,wealth,high
76,R1,0.154205717553192,0.158037142115886,0.156121429834539,MHAS,wealth,high
76,D2,0.0707047752633245,0.0783359513645053,0.0745203633139149,MHAS,wealth,high
76,DEAD,0.221960285797281,0.244646682019888,0.233303483908584,MHAS,wealth,high
77,I0,0.417577052899779,0.382694699667504,0.400135876283642,MHAS,wealth,high
77,D1,0.101403171599943,0.102252800618641,0.101827986109292,MHAS,wealth,high
77,R1,0.158037142115886,0.160960747196051,0.159498944655969,MHAS,wealth,high
77,D2,0.0783359513645053,0.0858040882100708,0.082070019787288,MHAS,wealth,high
77,DEAD,0.244646682019888,0.268287664307733,0.25646717316381,MHAS,wealth,high
78,I0,0.382694699667504,0.348423956014518,0.365559327841011,MHAS,wealth,high
78,D1,0.102252800618641,0.1027018532377,0.10247732692817,MHAS,wealth,high
78,R1,0.160960747196051,0.162854787732961,0.161907767464506,MHAS,wealth,high
78,D2,0.0858040882100708,0.0929369754399795,0.0893705318250252,MHAS,wealth,high
78,DEAD,0.268287664307733,0.293082427574842,0.280685045941287,MHAS,wealth,high
79,I0,0.348423956014518,0.314985258822411,0.331704607418464,MHAS,wealth,high
79,D1,0.1027018532377,0.102619862959041,0.102660858098371,MHAS,wealth,high
79,R1,0.162854787732961,0.163553460862733,0.163204124297847,MHAS,wealth,high
79,D2,0.0929369754399795,0.0995163493031576,0.0962266623715685,MHAS,wealth,high
79,DEAD,0.293082427574842,0.319325068052657,0.30620374781375,MHAS,wealth,high
80,I0,0.314985258822411,0.282604412984375,0.298794835903393,MHAS,wealth,high
80,D1,0.102619862959041,0.101854221829623,0.102237042394332,MHAS,wealth,high
80,R1,0.163553460862733,0.162851665437789,0.163202563150261,MHAS,wealth,high
80,D2,0.0995163493031576,0.105265298562389,0.102390823932773,MHAS,wealth,high
80,DEAD,0.319325068052657,0.347424401185823,0.33337473461924,MHAS,wealth,high
81,I0,0.282604412984375,0.251499604487321,0.267052008735848,MHAS,wealth,high
81,D1,0.101854221829623,0.100231116849368,0.101042669339496,MHAS,wealth,high
81,R1,0.162851665437789,0.160523003469493,0.161687334453641,MHAS,wealth,high
81,D2,0.105265298562389,0.109854521325479,0.107559909943934,MHAS,wealth,high
81,DEAD,0.347424401185823,0.377891753868339,0.362658077527081,MHAS,wealth,high
82,I0,0.251499604487321,0.221872601839535,0.236686103163428,MHAS,wealth,high
82,D1,0.100231116849368,0.0975811573744456,0.098906137111907,MHAS,wealth,high
82,R1,0.160523003469493,0.156376711338329,0.158449857403911,MHAS,wealth,high
82,D2,0.109854521325479,0.11298105650998,0.111417788917729,MHAS,wealth,high
82,DEAD,0.377891753868339,0.41118847293771,0.394540113403024,MHAS,wealth,high
83,I0,0.221872601839535,0.193903427425442,0.207888014632489,MHAS,wealth,high
83,D1,0.0975811573744456,0.0937708506818096,0.0956760040281276,MHAS,wealth,high
83,R1,0.156376711338329,0.150294171519515,0.153335441428922,MHAS,wealth,high
83,D2,0.11298105650998,0.114403757255613,0.113692406882797,MHAS,wealth,high
83,DEAD,0.41118847293771,0.44762779311762,0.429408133027665,MHAS,wealth,high
84,I0,0.193903427425442,0.167747869460966,0.180825648443204,MHAS,wealth,high
84,D1,0.0937708506818096,0.0887372184143044,0.091254034548057,MHAS,wealth,high
84,R1,0.150294171519515,0.142258406691944,0.14627628910573,MHAS,wealth,high
84,D2,0.114403757255613,0.113971194535653,0.114187475895633,MHAS,wealth,high
84,DEAD,0.44762779311762,0.487285310897132,0.467456552007376,MHAS,wealth,high
85,I0,0.167747869460966,0.143536928705146,0.155642399083056,MHAS,wealth,high
85,D1,0.0887372184143044,0.0825225355259683,0.0856298769701364,MHAS,wealth,high
85,R1,0.142258406691944,0.132381257145654,0.137319831918799,MHAS,wealth,high
85,D2,0.113971194535653,0.111658788819452,0.112814991677553,MHAS,wealth,high
85,DEAD,0.487285310897132,0.529900489803781,0.508592900350457,MHAS,wealth,high
86,I0,0.143536928705146,0.121376562822567,0.132456745763856,MHAS,wealth,high
86,D1,0.0825225355259683,0.0752983876302304,0.0789104615780993,MHAS,wealth,high
86,R1,0.132381257145654,0.120920709509357,0.126650983327506,MHAS,wealth,high
86,D2,0.111658788819452,0.107604437794995,0.109631613307224,MHAS,wealth,high
86,DEAD,0.529900489803781,0.57479990224285,0.552350196023315,MHAS,wealth,high
87,I0,0.121376562822567,0.1013462603211,0.111361411571834,MHAS,wealth,high
87,D1,0.0752983876302304,0.0673662296979485,0.0713323086640894,MHAS,wealth,high
87,R1,0.120920709509357,0.108278306214384,0.114599507861871,MHAS,wealth,high
87,D2,0.107604437794995,0.102126431801035,0.104865434798015,MHAS,wealth,high
87,DEAD,0.57479990224285,0.620882771965532,0.597841337104191,MHAS,wealth,high
88,I0,0.1013462603211,0.083495507973876,0.0924208841474882,MHAS,wealth,high
88,D1,0.0673662296979485,0.0591254798843249,0.0632458547911367,MHAS,wealth,high
88,R1,0.108278306214384,0.0949680245953569,0.101623165404871,MHAS,wealth,high
88,D2,0.102126431801035,0.0957076296327354,0.098917030716885,MHAS,wealth,high
88,DEAD,0.620882771965532,0.666703357913707,0.64379306493962,MHAS,wealth,high
89,I0,0.083495507973876,0.0678381178900627,0.0756668129319693,MHAS,wealth,high
89,D1,0.0591254798843249,0.0510113262123696,0.0550684030483472,MHAS,wealth,high
89,R1,0.0949680245953569,0.0815555927610925,0.0882618086782247,MHAS,wealth,high
89,D2,0.0957076296327354,0.088939328712523,0.0923234791726292,MHAS,wealth,high
89,DEAD,0.666703357913707,0.710655634423952,0.68867949616883,MHAS,wealth,high
90,I0,0.0678381178900627,0.0543455087028872,0.061091813296475,MHAS,wealth,high
90,D1,0.0510113262123696,0.0434187011248501,0.0472150136686098,MHAS,wealth,high
90,R1,0.0815555927610925,0.0685796814912836,0.0750676371261881,MHAS,wealth,high
90,D2,0.088939328712523,0.0824348872476847,0.0856871079801038,MHAS,wealth,high
90,DEAD,0.710655634423952,0.751221221433295,0.730938427928623,MHAS,wealth,high
91,I0,0.0543455087028872,0.0429365161955647,0.048641012449226,MHAS,wealth,high
91,D1,0.0434187011248501,0.0366254393190965,0.0400220702219733,MHAS,wealth,high
91,R1,0.0685796814912836,0.056477115291839,0.0625283983915613,MHAS,wealth,high
91,D2,0.0824348872476847,0.0766893424067731,0.0795621148272289,MHAS,wealth,high
91,DEAD,0.751221221433295,0.787271586786727,0.769246404110011,MHAS,wealth,high
92,I0,0.0429365161955647,0.0334636191836539,0.0382000676896093,MHAS,wealth,high
92,D1,0.0366254393190965,0.0307314296021025,0.0336784344605995,MHAS,wealth,high
92,R1,0.056477115291839,0.0455519516435026,0.0510145334676708,MHAS,wealth,high
92,D2,0.0766893424067731,0.0718562953134308,0.0742728188601019,MHAS,wealth,high
92,DEAD,0.787271586786727,0.81839670425731,0.802834145522018,MHAS,wealth,high
93,I0,0.0334636191836539,0.0257303575719763,0.0295969883778151,MHAS,wealth,high
93,D1,0.0307314296021025,0.0257057660085294,0.0282185978053159,MHAS,wealth,high
93,R1,0.0455519516435026,0.0360009416697376,0.0407764466566201,MHAS,wealth,high
93,D2,0.0718562953134308,0.0678022032292812,0.069829249271356,MHAS,wealth,high
93,DEAD,0.81839670425731,0.844760731520476,0.831578717888893,MHAS,wealth,high
94,I0,0.0257303575719763,0.0195153976259567,0.0226228775989665,MHAS,wealth,high
94,D1,0.0257057660085294,0.021452607267823,0.0235791866381762,MHAS,wealth,high
94,R1,0.0360009416697376,0.0279448125843081,0.0319728771270229,MHAS,wealth,high
94,D2,0.0678022032292812,0.0642366562850847,0.0660194297571829,MHAS,wealth,high
94,DEAD,0.844760731520476,0.866850526236828,0.855805628878652,MHAS,wealth,high
95,I0,0.0195153976259567,0.0145928202155006,0.0170541089207286,MHAS,wealth,high
95,D1,0.021452607267823,0.0178573976662579,0.0196550024670405,MHAS,wealth,high
95,R1,0.0279448125843081,0.0214310802606306,0.0246879464224694,MHAS,wealth,high
95,D2,0.0642366562850847,0.0608354870983238,0.0625360716917042,MHAS,wealth,high
95,DEAD,0.866850526236828,0.885283214759287,0.876066870498057,MHAS,wealth,high
96,I0,0.0145928202155006,0.0109119171396582,0.0127523686775794,MHAS,wealth,high
96,D1,0.0178573976662579,0.0147079587500227,0.0162826782081403,MHAS,wealth,high
96,R1,0.0214310802606306,0.017463386678785,0.0194472334697078,MHAS,wealth,high
96,D2,0.0608354870983238,0.0555354380346133,0.0581854625664686,MHAS,wealth,high
96,DEAD,0.885283214759287,0.901381299396921,0.893332257078104,MHAS,wealth,high
97,I0,0.0109119171396582,0.00815948760447897,0.0095357023720686,MHAS,wealth,high
97,D1,0.0147079587500227,0.0120089197074028,0.0133584392287127,MHAS,wealth,high
97,R1,0.017463386678785,0.0147079268452102,0.0160856567619976,MHAS,wealth,high
97,D2,0.0555354380346133,0.0498296427456111,0.0526825403901122,MHAS,wealth,high
97,DEAD,0.901381299396921,0.915294023097297,0.908337661247109,MHAS,wealth,high
98,I0,0.00815948760447897,0.00610133280115167,0.00713041020281532,MHAS,wealth,high
98,D1,0.0120089197074028,0.00973401765913737,0.0108714686832701,MHAS,wealth,high
98,R1,0.0147079268452102,0.0125901539184106,0.0136490403818104,MHAS,wealth,high
98,D2,0.0498296427456111,0.044313100259677,0.0470713715026441,MHAS,wealth,high
98,DEAD,0.915294023097297,0.927261395361623,0.92127770922946,MHAS,wealth,high
99,I0,0.00610133280115167,0.00456232839056889,0.00533183059586028,MHAS,wealth,high
99,D1,0.00973401765913737,0.00784143695726161,0.0087877273081995,MHAS,wealth,high
99,R1,0.0125901539184106,0.0108562486107768,0.0117232012645937,MHAS,wealth,high
99,D2,0.044313100259677,0.0392051379457394,0.0417591191027082,MHAS,wealth,high
99,DEAD,0.927261395361623,0.937534848095653,0.932398121728638,MHAS,wealth,high
60,I0,1,0.968159260076216,0.984079630038108,MHAS,wealth,middle
60,D1,0,0.0257898900690268,0.0128949450345134,MHAS,wealth,middle
60,R1,0,0,0,MHAS,wealth,middle
60,D2,0,0,0,MHAS,wealth,middle
60,DEAD,0,0.00605084985475716,0.00302542492737858,MHAS,wealth,middle
61,I0,0.968159260076216,0.936206700714093,0.952182980395155,MHAS,wealth,middle
61,D1,0.0257898900690268,0.0446546000156057,0.0352222450423163,MHAS,wealth,middle
61,R1,0,0.00598747980425646,0.00299373990212823,MHAS,wealth,middle
61,D2,0,0,0,MHAS,wealth,middle
61,DEAD,0.00605084985475716,0.0131512194660445,0.00960103466040082,MHAS,wealth,middle
62,I0,0.936206700714093,0.904094881407191,0.920150791060642,MHAS,wealth,middle
62,D1,0.0446546000156057,0.058756653328182,0.0517056266718939,MHAS,wealth,middle
62,R1,0.00598747980425646,0.0153851685367574,0.0106863241705069,MHAS,wealth,middle
62,D2,0,0.00037507380704743,0.000187536903523715,MHAS,wealth,middle
62,DEAD,0.0131512194660445,0.0213882229208228,0.0172697211934336,MHAS,wealth,middle
63,I0,0.904094881407191,0.871767175166469,0.88793102828683,MHAS,wealth,middle
63,D1,0.058756653328182,0.0695197957873013,0.0641382245577417,MHAS,wealth,middle
63,R1,0.0153851685367574,0.0265453057264566,0.020965237131607,MHAS,wealth,middle
63,D2,0.00037507380704743,0.0013140117115826,0.000844542759315014,MHAS,wealth,middle
63,DEAD,0.0213882229208228,0.030853711608191,0.0261209672645069,MHAS,wealth,middle
64,I0,0.871767175166469,0.839163583471875,0.855465379319172,MHAS,wealth,middle
64,D1,0.0695197957873013,0.077895375171053,0.0737075854791772,MHAS,wealth,middle
64,R1,0.0265453057264566,0.0384040458495872,0.0324746757880219,MHAS,wealth,middle
64,D2,0.0013140117115826,0.00290047107495052,0.00210724139326656,MHAS,wealth,middle
64,DEAD,0.030853711608191,0.0416365244325347,0.0362451180203629,MHAS,wealth,middle
65,I0,0.839163583471875,0.806226795794308,0.822695189633091,MHAS,wealth,middle
65,D1,0.077895375171053,0.0845295741861508,0.0812124746786019,MHAS,wealth,middle
65,R1,0.0384040458495872,0.0502718427195553,0.0443379442845713,MHAS,wealth,middle
65,D2,0.00290047107495052,0.00515775240879284,0.00402911174187168,MHAS,wealth,middle
65,DEAD,0.0416365244325347,0.053814034891193,0.0477252796618638,MHAS,wealth,middle
66,I0,0.806226795794308,0.772908195024899,0.789567495409604,MHAS,wealth,middle
66,D1,0.0845295741861508,0.089870034059025,0.0871998041225879,MHAS,wealth,middle
66,R1,0.0502718427195553,0.0617053345459401,0.0559885886327477,MHAS,wealth,middle
66,D2,0.00515775240879284,0.00807349550281155,0.00661562395580219,MHAS,wealth,middle
66,DEAD,0.053814034891193,0.067442940867324,0.0606284878792585,MHAS,wealth,middle
67,I0,0.772908195024899,0.739173416014525,0.756040805519712,MHAS,wealth,middle
67,D1,0.089870034059025,0.0942349472030686,0.0920524906310468,MHAS,wealth,middle
67,R1,0.0617053345459401,0.0724285434677275,0.0670669390068338,MHAS,wealth,middle
67,D2,0.00807349550281155,0.0116135391809438,0.00984351734187768,MHAS,wealth,middle
67,DEAD,0.067442940867324,0.0825495541337356,0.0749962475005298,MHAS,wealth,middle
68,I0,0.739173416014525,0.705006968632202,0.722090192323363,MHAS,wealth,middle
68,D1,0.0942349472030686,0.0978585309730623,0.0960467390880654,MHAS,wealth,middle
68,R1,0.0724285434677275,0.0822841368221319,0.0773563401449297,MHAS,wealth,middle
68,D2,0.0116135391809438,0.0157302113976263,0.0136718752892851,MHAS,wealth,middle
68,DEAD,0.0825495541337356,0.0991201521749781,0.0908348531543569,MHAS,wealth,middle
69,I0,0.705006968632202,0.670415364182898,0.68771116640755,MHAS,wealth,middle
69,D1,0.0978585309730623,0.100921309471098,0.0993899202220803,MHAS,wealth,middle
69,R1,0.0822841368221319,0.0912030669897543,0.0867436019059431,MHAS,wealth,middle
69,D2,0.0157302113976263,0.0203680303357482,0.0180491208666873,MHAS,wealth,middle
69,DEAD,0.0991201521749781,0.117092229020501,0.10810619059774,MHAS,wealth,middle
70,I0,0.670415364182898,0.635428165233811,0.652921764708355,MHAS,wealth,middle
70,D1,0.100921309471098,0.103570320992191,0.102245815231645,MHAS,wealth,middle
70,R1,0.0912030669897543,0.0991853987915752,0.0951942328906647,MHAS,wealth,middle
70,D2,0.0203680303357482,0.025468437182416,0.0229182337590821,MHAS,wealth,middle
70,DEAD,0.117092229020501,0.136347677800007,0.126719953410254,MHAS,wealth,middle
71,I0,0.635428165233811,0.600098004960481,0.617763085097146,MHAS,wealth,middle
71,D1,0.103570320992191,0.105926712932381,0.104748516962286,MHAS,wealth,middle
71,R1,0.0991853987915752,0.106280694551374,0.102733046671475,MHAS,wealth,middle
71,D2,0.025468437182416,0.0309731478797896,0.0282207925311028,MHAS,wealth,middle
71,DEAD,0.136347677800007,0.156721439675974,0.146534558737991,MHAS,wealth,middle
72,I0,0.600098004960481,0.564502091159809,0.582300048060145,MHAS,wealth,middle
72,D1,0.105926712932381,0.108070764619686,0.106998738776034,MHAS,wealth,middle
72,R1,0.106280694551374,0.112548834993772,0.109414764772573,MHAS,wealth,middle
72,D2,0.0309731478797896,0.0368221449751559,0.0338976464274728,MHAS,wealth,middle
72,DEAD,0.156721439675974,0.178056164251577,0.167388801963775,MHAS,wealth,middle
73,I0,0.564502091159809,0.528738433426108,0.546620262292958,MHAS,wealth,middle
73,D1,0.108070764619686,0.110041888046078,0.109056326332882,MHAS,wealth,middle
73,R1,0.112548834993772,0.118041197333434,0.115295016163603,MHAS,wealth,middle
73,D2,0.0368221449751559,0.0429504502288352,0.0398862976019956,MHAS,wealth,middle
73,DEAD,0.178056164251577,0.200228030965545,0.189142097608561,MHAS,wealth,middle
74,I0,0.528738433426108,0.492923394678463,0.510830914052285,MHAS,wealth,middle
74,D1,0.110041888046078,0.111842656102079,0.110942272074079,MHAS,wealth,middle
74,R1,0.118041197333434,0.122791042658482,0.120416119995958,MHAS,wealth,middle
74,D2,0.0429504502288352,0.0492844364586283,0.0461174433437317,MHAS,wealth,middle
74,DEAD,0.200228030965545,0.223158470102348,0.211693250533946,MHAS,wealth,middle
75,I0,0.492923394678463,0.457191489067105,0.475057441872784,MHAS,wealth,middle
75,D1,0.111842656102079,0.113441565398013,0.112642110750046,MHAS,wealth,middle
75,R1,0.122791042658482,0.126806071640789,0.124798557149636,MHAS,wealth,middle
75,D2,0.0492844364586283,0.0557373727530065,0.0525109046058174,MHAS,wealth,middle
75,DEAD,0.223158470102348,0.246823501141086,0.234990985621717,MHAS,wealth,middle
76,I0,0.457191489067105,0.421696052027102,0.439443770547103,MHAS,wealth,middle
76,D1,0.113441565398013,0.11477512261179,0.114108344004902,MHAS,wealth,middle
76,R1,0.126806071640789,0.13006292044768,0.128434496044235,MHAS,wealth,middle
76,D2,0.0557373727530065,0.0622041832049338,0.0589707779789701,MHAS,wealth,middle
76,DEAD,0.246823501141086,0.271261721708494,0.25904261142479,MHAS,wealth,middle
77,I0,0.421696052027102,0.386609322502965,0.404152687265034,MHAS,wealth,middle
77,D1,0.11477512261179,0.115749412511261,0.115262267561525,MHAS,wealth,middle
77,R1,0.13006292044768,0.132503665544736,0.131283292996208,MHAS,wealth,middle
77,D2,0.0622041832049338,0.0685553204083284,0.0653797518066311,MHAS,wealth,middle
77,DEAD,0.271261721708494,0.296582279032709,0.283922000370602,MHAS,wealth,middle
78,I0,0.386609322502965,0.352120568456892,0.369364945479928,MHAS,wealth,middle
78,D1,0.115749412511261,0.116240992920762,0.115995202716012,MHAS,wealth,middle
78,R1,0.132503665544736,0.134034529475193,0.133269097509965,MHAS,wealth,middle
78,D2,0.0685553204083284,0.0746296054719687,0.0715924629401486,MHAS,wealth,middle
78,DEAD,0.296582279032709,0.322974303675184,0.309778291353947,MHAS,wealth,middle
79,I0,0.352120568456892,0.318431178749584,0.335275873603238,MHAS,wealth,middle
79,D1,0.116240992920762,0.116096697439816,0.116168845180289,MHAS,wealth,middle
79,R1,0.134034529475193,0.134526943665401,0.134280736570297,MHAS,wealth,middle
79,D2,0.0746296054719687,0.0802258731766872,0.077427739324328,MHAS,wealth,middle
79,DEAD,0.322974303675184,0.350719306968512,0.336846805321848,MHAS,wealth,middle
80,I0,0.318431178749584,0.285746144622805,0.302088661686194,MHAS,wealth,middle
80,D1,0.116096697439816,0.115131734856068,0.115614216147942,MHAS,wealth,middle
80,R1,0.134526943665401,0.133820937623387,0.134173940644394,MHAS,wealth,middle
80,D2,0.0802258731766872,0.0850933042063333,0.0826595886915102,MHAS,wealth,middle
80,DEAD,0.350719306968512,0.380207878691407,0.365463592829959,MHAS,wealth,middle
81,I0,0.285746144622805,0.254264968486719,0.270005556554762,MHAS,wealth,middle
81,D1,0.115131734856068,0.113133943515399,0.114132839185733,MHAS,wealth,middle
81,R1,0.133820937623387,0.131740239215046,0.132780588419216,MHAS,wealth,middle
81,D2,0.0850933042063333,0.0889381025138683,0.0870157033601008,MHAS,wealth,middle
81,DEAD,0.380207878691407,0.411922746268969,0.396065312480188,MHAS,wealth,middle
82,I0,0.254264968486719,0.224181663053895,0.239223315770307,MHAS,wealth,middle
82,D1,0.113133943515399,0.109904053159598,0.111518998337498,MHAS,wealth,middle
82,R1,0.131740239215046,0.12814076661697,0.129940502916008,MHAS,wealth,middle
82,D2,0.0889381025138683,0.0914921993240917,0.09021515091898,MHAS,wealth,middle
82,DEAD,0.411922746268969,0.446281317845445,0.429102032057207,MHAS,wealth,middle
83,I0,0.224181663053895,0.195681103117392,0.209931383085643,MHAS,wealth,middle
83,D1,0.109904053159598,0.105294521834285,0.107599287496942,MHAS,wealth,middle
83,R1,0.12814076661697,0.122939760763338,0.125540263690154,MHAS,wealth,middle
83,D2,0.0914921993240917,0.0925470659585071,0.0920196326412994,MHAS,wealth,middle
83,DEAD,0.446281317845445,0.483537548326478,0.464909433085961,MHAS,wealth,middle
84,I0,0.195681103117392,0.168935549304057,0.182308326210724,MHAS,wealth,middle
84,D1,0.105294521834285,0.0992493799480812,0.102271950891183,MHAS,wealth,middle
84,R1,0.122939760763338,0.116138970209535,0.119539365486436,MHAS,wealth,middle
84,D2,0.0925470659585071,0.0919799229451949,0.092263494451851,MHAS,wealth,middle
84,DEAD,0.483537548326478,0.523696177593132,0.503616862959805,MHAS,wealth,middle
85,I0,0.168935549304057,0.14410233144673,0.156518940375394,MHAS,wealth,middle
85,D1,0.0992493799480812,0.0918432579958522,0.0955463189719667,MHAS,wealth,middle
85,R1,0.116138970209535,0.107846143140587,0.111992556675061,MHAS,wealth,middle
85,D2,0.0919799229451949,0.0897856614356006,0.0908827921903977,MHAS,wealth,middle
85,DEAD,0.523696177593132,0.56642260598123,0.545059391787181,MHAS,wealth,middle
86,I0,0.14410233144673,0.12132088754528,0.132711609496005,MHAS,wealth,middle
86,D1,0.0918432579958522,0.0833060706960121,0.0875746643459321,MHAS,wealth,middle
86,R1,0.107846143140587,0.0982881267804652,0.103067134960526,MHAS,wealth,middle
86,D2,0.0897856614356006,0.0861050713757377,0.0879453664056691,MHAS,wealth,middle
86,DEAD,0.56642260598123,0.610979843602505,0.588701224791867,MHAS,wealth,middle
87,I0,0.12132088754528,0.100707631063287,0.111014259304284,MHAS,wealth,middle
87,D1,0.0833060706960121,0.0740181463356474,0.0786621085158297,MHAS,wealth,middle
87,R1,0.0982881267804652,0.0878070313576519,0.0930475790690585,MHAS,wealth,middle
87,D2,0.0861050713757377,0.0812355014399615,0.0836702864078496,MHAS,wealth,middle
87,DEAD,0.610979843602505,0.656231689803452,0.633605766702979,MHAS,wealth,middle
88,I0,0.100707631063287,0.0823478710589802,0.0915277510611338,MHAS,wealth,middle
88,D1,0.0740181463356474,0.0644663396833831,0.0692422430095153,MHAS,wealth,middle
88,R1,0.0878070313576519,0.0768324757298927,0.0823197535437723,MHAS,wealth,middle
88,D2,0.0812355014399615,0.0756110782615745,0.078423289850768,MHAS,wealth,middle
88,DEAD,0.656231689803452,0.700742235266169,0.678486962534811,MHAS,wealth,middle
89,I0,0.0823478710589802,0.0662852377733261,0.0743165544161531,MHAS,wealth,middle
89,D1,0.0644663396833831,0.0551659536402896,0.0598161466618364,MHAS,wealth,middle
89,R1,0.0768324757298927,0.0658295231522962,0.0713309994410945,MHAS,wealth,middle
89,D2,0.0756110782615745,0.0697488756133823,0.0726799769374784,MHAS,wealth,middle
89,DEAD,0.700742235266169,0.742970409820706,0.721856322543438,MHAS,wealth,middle
90,I0,0.0662852377733261,0.0525105388075307,0.0593978882904284,MHAS,wealth,middle
90,D1,0.0551659536402896,0.0465702530354484,0.0508681033378691,MHAS,wealth,middle
90,R1,0.0658295231522962,0.0552322928278089,0.0605309079900526,MHAS,wealth,middle
90,D2,0.0697488756133823,0.0641723017210962,0.0669605886672393,MHAS,wealth,middle
90,DEAD,0.742970409820706,0.781514613608116,0.762242511714411,MHAS,wealth,middle
91,I0,0.0525105388075307,0.0409481254542865,0.0467293321309086,MHAS,wealth,middle
91,D1,0.0465702530354484,0.0389833205352097,0.0427767867853291,MHAS,wealth,middle
91,R1,0.0552322928278089,0.0453808431463882,0.0503065679870986,MHAS,wealth,middle
91,D2,0.0641723017210962,0.0592964842073377,0.061734392964217,MHAS,wealth,middle
91,DEAD,0.781514613608116,0.815391226656778,0.798452920132447,MHAS,wealth,middle
92,I0,0.0409481254542865,0.0314408044409938,0.0361944649476401,MHAS,wealth,middle
92,D1,0.0389833205352097,0.0324946854289344,0.0357390029820721,MHAS,wealth,middle
92,R1,0.0453808431463882,0.0364947363866894,0.0409377897665388,MHAS,wealth,middle
92,D2,0.0592964842073377,0.0552542624299735,0.0572753733186556,MHAS,wealth,middle
92,DEAD,0.815391226656778,0.844315511313409,0.829853368985093,MHAS,wealth,middle
93,I0,0.0314408044409938,0.02377203694745,0.0276064206942219,MHAS,wealth,middle
93,D1,0.0324946854289344,0.0270425280361496,0.029768606732542,MHAS,wealth,middle
93,R1,0.0364947363866894,0.0287034710857498,0.0325991037362196,MHAS,wealth,middle
93,D2,0.0552542624299735,0.0519414167380902,0.0535978395840319,MHAS,wealth,middle
93,DEAD,0.844315511313409,0.86854054719256,0.856428029252985,MHAS,wealth,middle
94,I0,0.02377203694745,0.017695661834706,0.020733849391078,MHAS,wealth,middle
94,D1,0.0270425280361496,0.0224942200643864,0.024768374050268,MHAS,wealth,middle
94,R1,0.0287034710857498,0.0220843653943979,0.0253939182400738,MHAS,wealth,middle
94,D2,0.0519414167380902,0.049117997807232,0.0505297072726611,MHAS,wealth,middle
94,DEAD,0.86854054719256,0.888607754899278,0.878574151045919,MHAS,wealth,middle
95,I0,0.017695661834706,0.0129606567753343,0.0153281593050201,MHAS,wealth,middle
95,D1,0.0224942200643864,0.0187004429225958,0.0205973314934911,MHAS,wealth,middle
95,R1,0.0220843653943979,0.0166758667779195,0.0193801160861587,MHAS,wealth,middle
95,D2,0.049117997807232,0.0465013831401519,0.0478096904736919,MHAS,wealth,middle
95,DEAD,0.888607754899278,0.905161650383999,0.896884702641638,MHAS,wealth,middle
96,I0,0.0129606567753343,0.00949264433379751,0.0112266505545659,MHAS,wealth,middle
96,D1,0.0187004429225958,0.0153949545812872,0.0170476987519415,MHAS,wealth,middle
96,R1,0.0166758667779195,0.0132455984785902,0.0149607326282548,MHAS,wealth,middle
96,D2,0.0465013831401519,0.0424705599925572,0.0444859715663545,MHAS,wealth,middle
96,DEAD,0.905161650383999,0.919396242613768,0.912278946498883,MHAS,wealth,middle
97,I0,0.00949264433379751,0.00695260263503535,0.00822262348441643,MHAS,wealth,middle
97,D1,0.0153949545812872,0.0125718370557332,0.0139833958185102,MHAS,wealth,middle
97,R1,0.0132455984785902,0.0108738076074546,0.0120597030430224,MHAS,wealth,middle
97,D2,0.0424705599925572,0.0380605128407702,0.0402655364166637,MHAS,wealth,middle
97,DEAD,0.919396242613768,0.931541239861007,0.925468741237387,MHAS,wealth,middle
98,I0,0.00695260263503535,0.00509222527474204,0.00602241395488869,MHAS,wealth,middle
98,D1,0.0125718370557332,0.0101972225388683,0.0113845297973008,MHAS,wealth,middle
98,R1,0.0108738076074546,0.0091048547217105,0.00998933116458256,MHAS,wealth,middle
98,D2,0.0380605128407702,0.0337426112185707,0.0359015620296704,MHAS,wealth,middle
98,DEAD,0.931541239861007,0.941863086246108,0.936702163053558,MHAS,wealth,middle
99,I0,0.00509222527474204,0.00372964767439061,0.00441093647456633,MHAS,wealth,middle
99,D1,0.0101972225388683,0.00822376460543534,0.00921049357215184,MHAS,wealth,middle
99,R1,0.0091048547217105,0.00770856909426428,0.00840671190798739,MHAS,wealth,middle
99,D2,0.0337426112185707,0.0297180425786034,0.031730326898587,MHAS,wealth,middle
99,DEAD,0.941863086246108,0.950619976047306,0.946241531146707,MHAS,wealth,middle
60,I0,1,0.962431464923642,0.981215732461821,MHAS,wealth,low
60,D1,0,0.0312824181937302,0.0156412090968651,MHAS,wealth,low
60,R1,0,0,0,MHAS,wealth,low
60,D2,0,0,0,MHAS,wealth,low
60,DEAD,0,0.0062861168826273,0.00314305844131365,MHAS,wealth,low
61,I0,0.962431464923642,0.925060835949255,0.943746150436449,MHAS,wealth,low
61,D1,0.0312824181937302,0.0514358463607429,0.0413591322772366,MHAS,wealth,low
61,R1,0,0.00975200351784271,0.00487600175892135,MHAS,wealth,low
61,D2,0,0,0,MHAS,wealth,low
61,DEAD,0.0062861168826273,0.0137513141721596,0.0100187155273934,MHAS,wealth,low
62,I0,0.925060835949255,0.887842818091008,0.906451827020131,MHAS,wealth,low
62,D1,0.0514358463607429,0.0648007628024261,0.0581183045815845,MHAS,wealth,low
62,R1,0.00975200351784271,0.0242533919599097,0.0170026977388762,MHAS,wealth,low
62,D2,0,0.000632969267476651,0.000316484633738325,MHAS,wealth,low
62,DEAD,0.0137513141721596,0.0224700578791797,0.0181106860256696,MHAS,wealth,low
63,I0,0.887842818091008,0.850721241110724,0.869282029600866,MHAS,wealth,low
63,D1,0.0648007628024261,0.0739160566209248,0.0693584097116755,MHAS,wealth,low
63,R1,0.0242533919599097,0.0407113556427719,0.0324823738013408,MHAS,wealth,low
63,D2,0.000632969267476651,0.00212008692293934,0.001376528095208,MHAS,wealth,low
63,DEAD,0.0224700578791797,0.03253125970264,0.0275006587909098,MHAS,wealth,low
64,I0,0.850721241110724,0.813635812736784,0.832178526923754,MHAS,wealth,low
64,D1,0.0739160566209248,0.0802987104491335,0.0771073835350291,MHAS,wealth,low
64,R1,0.0407113556427719,0.0575421303520962,0.0491267429974341,MHAS,wealth,low
64,D2,0.00212008692293934,0.00449781638716141,0.00330895165505038,MHAS,wealth,low
64,DEAD,0.03253125970264,0.0440255300748249,0.0382783948887324,MHAS,wealth,low
65,I0,0.813635812736784,0.776528900100059,0.795082356418422,MHAS,wealth,low
65,D1,0.0802987104491335,0.0848750025570914,0.0825868565031125,MHAS,wealth,low
65,R1,0.0575421303520962,0.0738404761657585,0.0656913032589274,MHAS,wealth,low
65,D2,0.00449781638716141,0.00772223692409022,0.00611002665562581,MHAS,wealth,low
65,DEAD,0.0440255300748249,0.057033384253001,0.0505294571639129,MHAS,wealth,low
66,I0,0.776528900100059,0.739352018235079,0.757940459167569,MHAS,wealth,low
66,D1,0.0848750025570914,0.0882240565803986,0.086549529568745,MHAS,wealth,low
66,R1,0.0738404761657585,0.0890944264721416,0.08146745131895,MHAS,wealth,low
66,D2,0.00772223692409022,0.0117159127727633,0.00971907484842674,MHAS,wealth,low
66,DEAD,0.057033384253001,0.0716135859396176,0.0643234850963093,MHAS,wealth,low
67,I0,0.739352018235079,0.70207162682983,0.720711822532454,MHAS,wealth,low
67,D1,0.0882240565803986,0.0907183569720705,0.0894712067762346,MHAS,wealth,low
67,R1,0.0890944264721416,0.103030044608471,0.096062235540306,MHAS,wealth,low
67,D2,0.0117159127727633,0.0163884458442948,0.014052179308529,MHAS,wealth,low
67,DEAD,0.0716135859396176,0.0877915257453343,0.079702555842476,MHAS,wealth,low
68,I0,0.70207162682983,0.664673761520897,0.683372694175363,MHAS,wealth,low
68,D1,0.0907183569720705,0.0926064937855983,0.0916624253788344,MHAS,wealth,low
68,R1,0.103030044608471,0.115526065692921,0.109278055150696,MHAS,wealth,low
68,D2,0.0163884458442948,0.0216456060841616,0.0190170259642282,MHAS,wealth,low
68,DEAD,0.0877915257453343,0.105548072916422,0.0966697993308782,MHAS,wealth,low
69,I0,0.664673761520897,0.627166980693619,0.645920371107258,MHAS,wealth,low
69,D1,0.0926064937855983,0.0940627273366743,0.0933346105611363,MHAS,wealth,low
69,R1,0.115526065692921,0.126566442379063,0.121046254035992,MHAS,wealth,low
69,D2,0.0216456060841616,0.0273940979245141,0.0245198520043379,MHAS,wealth,low
69,DEAD,0.105548072916422,0.124809751666129,0.115178912291275,MHAS,wealth,low
70,I0,0.627166980693619,0.589583124271498,0.608375052482559,MHAS,wealth,low
70,D1,0.0940627273366743,0.0952169187634549,0.0946398230500646,MHAS,wealth,low
70,R1,0.126566442379063,0.136213433378118,0.131389937878591,MHAS,wealth,low
70,D2,0.0273940979245141,0.0335451627623507,0.0304696303434324,MHAS,wealth,low
70,DEAD,0.124809751666129,0.145441360824578,0.135125556245353,MHAS,wealth,low
71,I0,0.589583124271498,0.551978334250649,0.570780729261074,MHAS,wealth,low
71,D1,0.0952169187634549,0.096166873236785,0.09569189600012,MHAS,wealth,low
71,R1,0.136213433378118,0.144581976417631,0.140397704897875,MHAS,wealth,low
71,D2,0.0335451627623507,0.0400169372355372,0.0367810499989439,MHAS,wealth,low
71,DEAD,0.145441360824578,0.167255878859398,0.156348619841988,MHAS,wealth,low
72,I0,0.551978334250649,0.514439327869201,0.533208831059925,MHAS,wealth,low
72,D1,0.096166873236785,0.0969664978134843,0.0965666855251346,MHAS,wealth,low
72,R1,0.144581976417631,0.151788023628506,0.148185000023068,MHAS,wealth,low
72,D2,0.0400169372355372,0.0467311442746301,0.0433740407550837,MHAS,wealth,low
72,DEAD,0.167255878859398,0.190075006414178,0.178665442636788,MHAS,wealth,low
73,I0,0.514439327869201,0.47708007485564,0.495759701362421,MHAS,wealth,low
73,D1,0.0969664978134843,0.0976292894210118,0.097297893617248,MHAS,wealth,low
73,R1,0.151788023628506,0.157924581001843,0.154856302315174,MHAS,wealth,low
73,D2,0.0467311442746301,0.0536083011878609,0.0501697227312455,MHAS,wealth,low
73,DEAD,0.190075006414178,0.213757753533645,0.201916379973911,MHAS,wealth,low
74,I0,0.47708007485564,0.440038346598146,0.458559210726893,MHAS,wealth,low
74,D1,0.0976292894210118,0.0981353209822188,0.0978823052016153,MHAS,wealth,low
74,R1,0.157924581001843,0.163050609973879,0.160487595487861,MHAS,wealth,low
74,D2,0.0536083011878609,0.0605624632415988,0.0570853822147298,MHAS,wealth,low
74,DEAD,0.213757753533645,0.238213259204157,0.225985506368901,MHAS,wealth,low
75,I0,0.440038346598146,0.403474207288215,0.42175627694318,MHAS,wealth,low
75,D1,0.0981353209822188,0.0984365167305439,0.0982859188563813,MHAS,wealth,low
75,R1,0.163050609973879,0.167183248300965,0.165116929137422,MHAS,wealth,low
75,D2,0.0605624632415988,0.067495285001934,0.0640288741217664,MHAS,wealth,low
75,DEAD,0.238213259204157,0.263410742678342,0.25081200094125,MHAS,wealth,low
76,I0,0.403474207288215,0.367568875106562,0.385521541197388,MHAS,wealth,low
76,D1,0.0984365167305439,0.0984610803408252,0.0984487985356846,MHAS,wealth,low
76,R1,0.167183248300965,0.170292950953774,0.16873809962737,MHAS,wealth,low
76,D2,0.067495285001934,0.0742893813928785,0.0708923331974063,MHAS,wealth,low
76,DEAD,0.263410742678342,0.28938771220596,0.276399227442151,MHAS,wealth,low
77,I0,0.367568875106562,0.332522411685702,0.350045643396132,MHAS,wealth,low
77,D1,0.0984610803408252,0.0981173396909733,0.0982892100158992,MHAS,wealth,low
77,R1,0.170292950953774,0.17230150158724,0.171297226270507,MHAS,wealth,low
77,D2,0.0742893813928785,0.0808008936480069,0.0775451375204427,MHAS,wealth,low
77,DEAD,0.28938771220596,0.316257853388078,0.302822782797019,MHAS,wealth,low
78,I0,0.332522411685702,0.29854894383946,0.315535677762581,MHAS,wealth,low
78,D1,0.0981173396909733,0.097296869969759,0.0977071048303661,MHAS,wealth,low
78,R1,0.17230150158724,0.17308295021619,0.172692225901715,MHAS,wealth,low
78,D2,0.0808008936480069,0.0868511248585432,0.0838260092532751,MHAS,wealth,low
78,DEAD,0.316257853388078,0.344220111116048,0.330238982252063,MHAS,wealth,low
79,I0,0.29854894383946,0.265868596671882,0.282208770255671,MHAS,wealth,low
79,D1,0.097296869969759,0.0958764577089052,0.0965866638393321,MHAS,wealth,low
79,R1,0.17308295021619,0.172467454646582,0.172775202431386,MHAS,wealth,low
79,D2,0.0868511248585432,0.0922171122778826,0.0895341185682129,MHAS,wealth,low
79,DEAD,0.344220111116048,0.373570378694748,0.358895244905398,MHAS,wealth,low
80,I0,0.265868596671882,0.23469599977137,0.250282298221626,MHAS,wealth,low
80,D1,0.0958764577089052,0.0937182991809701,0.0947973784449376,MHAS,wealth,low
80,R1,0.172467454646582,0.170247794774708,0.171357624710645,MHAS,wealth,low
80,D2,0.0922171122778826,0.0966210906132895,0.0944191014455861,MHAS,wealth,low
80,DEAD,0.373570378694748,0.404716815659663,0.389143597177205,MHAS,wealth,low
81,I0,0.23469599977137,0.205227635389283,0.219961817580326,MHAS,wealth,low
81,D1,0.0937182991809701,0.0906742937428645,0.0921962964619173,MHAS,wealth,low
81,R1,0.170247794774708,0.166201410641854,0.168224602708281,MHAS,wealth,low
81,D2,0.0966210906132895,0.0997405614658538,0.0981808260395717,MHAS,wealth,low
81,DEAD,0.404716815659663,0.438156098760145,0.421436457209904,MHAS,wealth,low
82,I0,0.205227635389283,0.177635453205622,0.191431544297453,MHAS,wealth,low
82,D1,0.0906742937428645,0.0866186974722667,0.0886464956075656,MHAS,wealth,low
82,R1,0.166201410641854,0.160158890362816,0.163180150502335,MHAS,wealth,low
82,D2,0.0997405614658538,0.101293552838681,0.100517057152267,MHAS,wealth,low
82,DEAD,0.438156098760145,0.474293406120613,0.456224752440379,MHAS,wealth,low
83,I0,0.177635453205622,0.152062099143087,0.164848776174355,MHAS,wealth,low
83,D1,0.0866186974722667,0.0814813622163048,0.0840500298442858,MHAS,wealth,low
83,R1,0.160158890362816,0.152047163912875,0.156103027137846,MHAS,wealth,low
83,D2,0.101293552838681,0.101078417707281,0.101185985272981,MHAS,wealth,low
83,DEAD,0.474293406120613,0.513330957020452,0.493812181570532,MHAS,wealth,low
84,I0,0.152062099143087,0.128618408579641,0.140340253861364,MHAS,wealth,low
84,D1,0.0814813622163048,0.0752798413802621,0.0783806017982835,MHAS,wealth,low
84,R1,0.152047163912875,0.14192250769453,0.146984835803703,MHAS,wealth,low
84,D2,0.101078417707281,0.0990042748222926,0.100041346264787,MHAS,wealth,low
84,DEAD,0.513330957020452,0.555174967523274,0.534252962271863,MHAS,wealth,low
85,I0,0.128618408579641,0.107382715491804,0.118000562035723,MHAS,wealth,low
85,D1,0.0752798413802621,0.068146494510056,0.0717131679451591,MHAS,wealth,low
85,R1,0.14192250769453,0.129997570861431,0.135960039277981,MHAS,wealth,low
85,D2,0.0990042748222926,0.0951269022851475,0.0970655885537201,MHAS,wealth,low
85,DEAD,0.555174967523274,0.599346316851562,0.577260642187417,MHAS,wealth,low
86,I0,0.107382715491804,0.088400362379701,0.0978915389357524,MHAS,wealth,low
86,D1,0.068146494510056,0.0603384107313699,0.064242452620713,MHAS,wealth,low
86,R1,0.129997570861431,0.116652153074242,0.123324861967837,MHAS,wealth,low
86,D2,0.0951269022851475,0.0896760917083203,0.0924014969967339,MHAS,wealth,low
86,DEAD,0.599346316851562,0.644932982106366,0.622139649478964,MHAS,wealth,low
87,I0,0.088400362379701,0.0716822219575412,0.0800412921686211,MHAS,wealth,low
87,D1,0.0603384107313699,0.0522186781786036,0.0562785444549867,MHAS,wealth,low
87,R1,0.116652153074242,0.102415912878814,0.109534032976528,MHAS,wealth,low
87,D2,0.0896760917083203,0.0830566391484424,0.0863663654283813,MHAS,wealth,low
87,DEAD,0.644932982106366,0.690626547836599,0.667779764971483,MHAS,wealth,low
88,I0,0.0716822219575412,0.0572018079830028,0.064442014970272,MHAS,wealth,low
88,D1,0.0522186781786036,0.0442053862025955,0.0482120321905995,MHAS,wealth,low
88,R1,0.102415912878814,0.087915565666501,0.0951657392726572,MHAS,wealth,low
88,D2,0.0830566391484424,0.0758095391294607,0.0794330891389516,MHAS,wealth,low
88,DEAD,0.690626547836599,0.73486770101844,0.712747124427519,MHAS,wealth,low
89,I0,0.0572018079830028,0.0448915614736128,0.0510466847283078,MHAS,wealth,low
89,D1,0.0442053862025955,0.0366987867199133,0.0404520864612544,MHAS,wealth,low
89,R1,0.087915565666501,0.0737908063242459,0.0808531859953735,MHAS,wealth,low
89,D2,0.0758095391294607,0.0685346387775811,0.0721720889535209,MHAS,wealth,low
89,DEAD,0.73486770101844,0.776084206704647,0.755475953861543,MHAS,wealth,low
90,I0,0.0448915614736128,0.0346398867886021,0.0397657241311075,MHAS,wealth,low
90,D1,0.0366987867199133,0.0300098797338264,0.0333543332268698,MHAS,wealth,low
90,R1,0.0737908063242459,0.0605984400245412,0.0671946231743936,MHAS,wealth,low
90,D2,0.0685346387775811,0.0617950756513245,0.0651648572144528,MHAS,wealth,low
90,DEAD,0.776084206704647,0.812956717801706,0.794520462253176,MHAS,wealth,low
91,I0,0.0346398867886021,0.026287707486022,0.0304637971373121,MHAS,wealth,low
91,D1,0.0300098797338264,0.0243056628034232,0.0271577712686248,MHAS,wealth,low
91,R1,0.0605984400245412,0.0487309072668822,0.0546646736457117,MHAS,wealth,low
91,D2,0.0617950756513245,0.0559935692658636,0.058894322458594,MHAS,wealth,low
91,DEAD,0.812956717801706,0.844682153177809,0.828819435489757,MHAS,wealth,low
92,I0,0.026287707486022,0.0196255255645476,0.0229566165252848,MHAS,wealth,low
92,D1,0.0243056628034232,0.0195834440232756,0.0219445534133494,MHAS,wealth,low
92,R1,0.0487309072668822,0.0383884277594092,0.0435596675131457,MHAS,wealth,low
92,D2,0.0559935692658636,0.0512054537791543,0.0535995115225089,MHAS,wealth,low
92,DEAD,0.844682153177809,0.871197148873613,0.857939651025711,MHAS,wealth,low
93,I0,0.0196255255645476,0.0144155628643139,0.0170205442144308,MHAS,wealth,low
93,D1,0.0195834440232756,0.0157372636440083,0.0176603538336419,MHAS,wealth,low
93,R1,0.0383884277594092,0.029631126322202,0.0340097770408056,MHAS,wealth,low
93,D2,0.0512054537791543,0.0472634903408063,0.0492344720599803,MHAS,wealth,low
93,DEAD,0.871197148873613,0.892952556828669,0.882074852851141,MHAS,wealth,low
94,I0,0.0144155628643139,0.0104159484912857,0.0124157556777998,MHAS,wealth,low
94,D1,0.0157372636440083,0.0126250013180353,0.0141811324810218,MHAS,wealth,low
94,R1,0.029631126322202,0.0224394236367726,0.0260352749794873,MHAS,wealth,low
94,D2,0.0472634903408063,0.0438871676987022,0.0455753290197542,MHAS,wealth,low
94,DEAD,0.892952556828669,0.910632458855204,0.901792507841937,MHAS,wealth,low
95,I0,0.0104159484912857,0.00739853158238109,0.00890724003683338,MHAS,wealth,low
95,D1,0.0126250013180353,0.0101076046724484,0.0113663029952419,MHAS,wealth,low
95,R1,0.0224394236367726,0.0167432531983918,0.0195913384175822,MHAS,wealth,low
95,D2,0.0438871676987022,0.0407849965293757,0.042336082114039,MHAS,wealth,low
95,DEAD,0.910632458855204,0.924965614017403,0.917799036436303,MHAS,wealth,low
96,I0,0.00739853158238109,0.00525523620064811,0.0063268838915146,MHAS,wealth,low
96,D1,0.0101076046724484,0.00799453954828541,0.00905107211036691,MHAS,wealth,low
96,R1,0.0167432531983918,0.0131901408672743,0.0149666970328331,MHAS,wealth,low
96,D2,0.0407849965293757,0.0363601091966829,0.0385725528630293,MHAS,wealth,low
96,DEAD,0.924965614017403,0.937199974187109,0.931082794102256,MHAS,wealth,low
97,I0,0.00525523620064811,0.00373283633611443,0.00449403626838127,MHAS,wealth,low
97,D1,0.00799453954828541,0.00626129540828315,0.00712791747828428,MHAS,wealth,low
97,R1,0.0131901408672743,0.0107273228081434,0.0119587318377088,MHAS,wealth,low
97,D2,0.0363601091966829,0.0317637629562863,0.0340619360764846,MHAS,wealth,low
97,DEAD,0.937199974187109,0.947514782491172,0.942357378339141,MHAS,wealth,low
98,I0,0.00373283633611443,0.00265146352708139,0.00319214993159791,MHAS,wealth,low
98,D1,0.00626129540828315,0.00486406131239943,0.00556267836034129,MHAS,wealth,low
98,R1,0.0107273228081434,0.00887484702705432,0.00980108491759886,MHAS,wealth,low
98,D2,0.0317637629562863,0.027450021953167,0.0296068924547266,MHAS,wealth,low
98,DEAD,0.947514782491172,0.956159606180298,0.951837194335735,MHAS,wealth,low
99,I0,0.00265146352708139,0.00188335576554122,0.0022674096463113,MHAS,wealth,low
99,D1,0.00486406131239943,0.00375284246218364,0.00430845188729154,MHAS,wealth,low
99,R1,0.00887484702705432,0.00740530269903943,0.00814007486304687,MHAS,wealth,low
99,D2,0.027450021953167,0.0235736854697316,0.0255118537114493,MHAS,wealth,low
99,DEAD,0.956159606180298,0.963384813603504,0.959772209891901,MHAS,wealth,low
